concept_a,concept_b,layer,relative_depth,cosine,abs_cosine,null_p97_5,split_half_floor,beyond_null,position_a,position_b,same_position
R_control,R_control_harmless,0,0.0,0.1810762882232666,0.1810762882232666,0.03177424147725105,0.5791198015213013,True,t_post_inst,t_post_inst,True
R_control,R_control_harmless,1,0.037,0.23280060291290283,0.23280060291290283,0.03177424147725105,0.5852768421173096,True,t_post_inst,t_post_inst,True
R_control,R_control_harmless,2,0.0741,0.017593219876289368,0.017593219876289368,0.03177424147725105,0.6414619088172913,False,t_post_inst,t_post_inst,True
R_control,R_control_harmless,3,0.1111,-0.08807510882616043,0.08807510882616043,0.03177424147725105,0.6143907904624939,True,t_post_inst,t_post_inst,True
R_control,R_control_harmless,4,0.1481,-0.1055225133895874,0.1055225133895874,0.03177424147725105,0.5132142305374146,True,t_post_inst,t_post_inst,True
R_control,R_control_harmless,5,0.1852,-0.09450958669185638,0.09450958669185638,0.03177424147725105,0.5638057589530945,True,t_post_inst,t_post_inst,True
R_control,R_control_harmless,6,0.2222,-0.103904128074646,0.103904128074646,0.03177424147725105,0.5970450043678284,True,t_post_inst,t_post_inst,True
R_control,R_control_harmless,7,0.2593,-0.1242673248052597,0.1242673248052597,0.03177424147725105,0.6083372831344604,True,t_post_inst,t_post_inst,True
R_control,R_control_harmless,8,0.2963,-0.16541355848312378,0.16541355848312378,0.03177424147725105,0.6536146998405457,True,t_post_inst,t_post_inst,True
R_control,R_control_harmless,9,0.3333,-0.09285914152860641,0.09285914152860641,0.03177424147725105,0.7025991678237915,True,t_post_inst,t_post_inst,True
R_control,R_control_harmless,10,0.3704,-0.0413370244204998,0.0413370244204998,0.03177424147725105,0.7000824213027954,True,t_post_inst,t_post_inst,True
R_control,R_control_harmless,11,0.4074,0.02108519896864891,0.02108519896864891,0.03177424147725105,0.6878952383995056,False,t_post_inst,t_post_inst,True
R_control,R_control_harmless,12,0.4444,0.008761253207921982,0.008761253207921982,0.03177424147725105,0.6765754818916321,False,t_post_inst,t_post_inst,True
R_control,R_control_harmless,13,0.4815,0.15301278233528137,0.15301278233528137,0.03177424147725105,0.6879198551177979,True,t_post_inst,t_post_inst,True
R_control,R_control_harmless,14,0.5185,0.29331719875335693,0.29331719875335693,0.03177424147725105,0.7532275319099426,True,t_post_inst,t_post_inst,True
R_control,R_control_harmless,15,0.5556,0.46073582768440247,0.46073582768440247,0.03177424147725105,0.8175762891769409,True,t_post_inst,t_post_inst,True
R_control,R_control_harmless,16,0.5926,0.5297240018844604,0.5297240018844604,0.03177424147725105,0.8447245359420776,True,t_post_inst,t_post_inst,True
R_control,R_control_harmless,17,0.6296,0.6014490127563477,0.6014490127563477,0.03177424147725105,0.8733235597610474,True,t_post_inst,t_post_inst,True
R_control,R_control_harmless,18,0.6667,0.6886215806007385,0.6886215806007385,0.03177424147725105,0.9371529817581176,True,t_post_inst,t_post_inst,True
R_control,R_control_harmless,19,0.7037,0.6981353163719177,0.6981353163719177,0.03177424147725105,0.9397007822990416,True,t_post_inst,t_post_inst,True
R_control,R_control_harmless,20,0.7407,0.7190631628036499,0.7190631628036499,0.03177424147725105,0.9466384649276732,True,t_post_inst,t_post_inst,True
R_control,R_control_harmless,21,0.7778,0.6947147846221924,0.6947147846221924,0.03177424147725105,0.9438082575798036,True,t_post_inst,t_post_inst,True
R_control,R_control_harmless,22,0.8148,0.6716128587722778,0.6716128587722778,0.03177424147725105,0.93771630525589,True,t_post_inst,t_post_inst,True
R_control,R_control_harmless,23,0.8519,0.7237837314605713,0.7237837314605713,0.03177424147725105,0.943701446056366,True,t_post_inst,t_post_inst,True
R_control,R_control_harmless,24,0.8889,0.7173646092414856,0.7173646092414856,0.03177424147725105,0.9420490264892578,True,t_post_inst,t_post_inst,True
R_control,R_control_harmless,25,0.9259,0.7083861827850342,0.7083861827850342,0.03177424147725105,0.9415515661239624,True,t_post_inst,t_post_inst,True
R_control,R_control_harmless,26,0.963,0.6760566234588623,0.6760566234588623,0.03177424147725105,0.9354459643363952,True,t_post_inst,t_post_inst,True
R_control,R_control_harmless,27,1.0,0.6801702976226807,0.6801702976226807,0.03177424147725105,0.9298394322395324,True,t_post_inst,t_post_inst,True
R_control,R_control_preguard,0,0.0,0.8366333246231079,0.8366333246231079,0.03177424147725105,0.8220481872558594,True,t_post_inst,t_post_inst,True
R_control,R_control_preguard,1,0.037,0.843862771987915,0.843862771987915,0.03177424147725105,0.7897539734840393,True,t_post_inst,t_post_inst,True
R_control,R_control_preguard,2,0.0741,0.8505240678787231,0.8505240678787231,0.03177424147725105,0.7727996706962585,True,t_post_inst,t_post_inst,True
R_control,R_control_preguard,3,0.1111,0.8553011417388916,0.8553011417388916,0.03177424147725105,0.7718900442123413,True,t_post_inst,t_post_inst,True
R_control,R_control_preguard,4,0.1481,0.844915509223938,0.844915509223938,0.03177424147725105,0.744530975818634,True,t_post_inst,t_post_inst,True
R_control,R_control_preguard,5,0.1852,0.8101538419723511,0.8101538419723511,0.03177424147725105,0.7889321446418762,True,t_post_inst,t_post_inst,True
R_control,R_control_preguard,6,0.2222,0.8334029912948608,0.8334029912948608,0.03177424147725105,0.7830798625946045,True,t_post_inst,t_post_inst,True
R_control,R_control_preguard,7,0.2593,0.848645806312561,0.848645806312561,0.03177424147725105,0.8006145358085632,True,t_post_inst,t_post_inst,True
R_control,R_control_preguard,8,0.2963,0.8192101716995239,0.8192101716995239,0.03177424147725105,0.7835728526115417,True,t_post_inst,t_post_inst,True
R_control,R_control_preguard,9,0.3333,0.776024580001831,0.776024580001831,0.03177424147725105,0.733785092830658,True,t_post_inst,t_post_inst,True
R_control,R_control_preguard,10,0.3704,0.759096622467041,0.759096622467041,0.03177424147725105,0.7148844599723816,True,t_post_inst,t_post_inst,True
R_control,R_control_preguard,11,0.4074,0.7502098679542542,0.7502098679542542,0.03177424147725105,0.7332113981246948,True,t_post_inst,t_post_inst,True
R_control,R_control_preguard,12,0.4444,0.7777103185653687,0.7777103185653687,0.03177424147725105,0.7586361169815063,True,t_post_inst,t_post_inst,True
R_control,R_control_preguard,13,0.4815,0.7949451208114624,0.7949451208114624,0.03177424147725105,0.8520153760910034,True,t_post_inst,t_post_inst,True
R_control,R_control_preguard,14,0.5185,0.8565942049026489,0.8565942049026489,0.03177424147725105,0.9103854298591614,True,t_post_inst,t_post_inst,True
R_control,R_control_preguard,15,0.5556,0.8971765041351318,0.8971765041351318,0.03177424147725105,0.9330968856811525,True,t_post_inst,t_post_inst,True
R_control,R_control_preguard,16,0.5926,0.9242077469825745,0.9242077469825745,0.03177424147725105,0.9486418962478638,True,t_post_inst,t_post_inst,True
R_control,R_control_preguard,17,0.6296,0.9449836015701294,0.9449836015701294,0.03177424147725105,0.9633119702339172,True,t_post_inst,t_post_inst,True
R_control,R_control_preguard,18,0.6667,0.9600160121917725,0.9600160121917725,0.03177424147725105,0.9748777151107788,True,t_post_inst,t_post_inst,True
R_control,R_control_preguard,19,0.7037,0.9612118601799011,0.9612118601799011,0.03177424147725105,0.9769220352172852,True,t_post_inst,t_post_inst,True
R_control,R_control_preguard,20,0.7407,0.9692707657814026,0.9692707657814026,0.03177424147725105,0.9826434850692748,True,t_post_inst,t_post_inst,True
R_control,R_control_preguard,21,0.7778,0.9682466983795166,0.9682466983795166,0.03177424147725105,0.9817975163459778,True,t_post_inst,t_post_inst,True
R_control,R_control_preguard,22,0.8148,0.9637807607650757,0.9637807607650757,0.03177424147725105,0.979856014251709,True,t_post_inst,t_post_inst,True
R_control,R_control_preguard,23,0.8519,0.9681232571601868,0.9681232571601868,0.03177424147725105,0.9820910692214966,True,t_post_inst,t_post_inst,True
R_control,R_control_preguard,24,0.8889,0.9684923887252808,0.9684923887252808,0.03177424147725105,0.9812159538269044,True,t_post_inst,t_post_inst,True
R_control,R_control_preguard,25,0.9259,0.9681145548820496,0.9681145548820496,0.03177424147725105,0.9796737432479858,True,t_post_inst,t_post_inst,True
R_control,R_control_preguard,26,0.963,0.965423047542572,0.965423047542572,0.03177424147725105,0.9765125513076782,True,t_post_inst,t_post_inst,True
R_control,R_control_preguard,27,1.0,0.9588566422462463,0.9588566422462463,0.03177424147725105,0.9729852676391602,True,t_post_inst,t_post_inst,True
R_control,R_control_unbalanced,0,0.0,0.8718999624252319,0.8718999624252319,0.03177424147725105,0.8220481872558594,True,t_post_inst,t_post_inst,True
R_control,R_control_unbalanced,1,0.037,0.8747305274009705,0.8747305274009705,0.03177424147725105,0.7897539734840393,True,t_post_inst,t_post_inst,True
R_control,R_control_unbalanced,2,0.0741,0.8783156871795654,0.8783156871795654,0.03177424147725105,0.7727996706962585,True,t_post_inst,t_post_inst,True
R_control,R_control_unbalanced,3,0.1111,0.8524338006973267,0.8524338006973267,0.03177424147725105,0.7718900442123413,True,t_post_inst,t_post_inst,True
R_control,R_control_unbalanced,4,0.1481,0.8464614152908325,0.8464614152908325,0.03177424147725105,0.744530975818634,True,t_post_inst,t_post_inst,True
R_control,R_control_unbalanced,5,0.1852,0.855150043964386,0.855150043964386,0.03177424147725105,0.7889321446418762,True,t_post_inst,t_post_inst,True
R_control,R_control_unbalanced,6,0.2222,0.8467630743980408,0.8467630743980408,0.03177424147725105,0.7830798625946045,True,t_post_inst,t_post_inst,True
R_control,R_control_unbalanced,7,0.2593,0.8826733231544495,0.8826733231544495,0.03177424147725105,0.8006145358085632,True,t_post_inst,t_post_inst,True
R_control,R_control_unbalanced,8,0.2963,0.8948298692703247,0.8948298692703247,0.03177424147725105,0.7835728526115417,True,t_post_inst,t_post_inst,True
R_control,R_control_unbalanced,9,0.3333,0.8822858929634094,0.8822858929634094,0.03177424147725105,0.733785092830658,True,t_post_inst,t_post_inst,True
R_control,R_control_unbalanced,10,0.3704,0.8832664489746094,0.8832664489746094,0.03177424147725105,0.7148844599723816,True,t_post_inst,t_post_inst,True
R_control,R_control_unbalanced,11,0.4074,0.883238673210144,0.883238673210144,0.03177424147725105,0.7332113981246948,True,t_post_inst,t_post_inst,True
R_control,R_control_unbalanced,12,0.4444,0.8904256820678711,0.8904256820678711,0.03177424147725105,0.7586361169815063,True,t_post_inst,t_post_inst,True
R_control,R_control_unbalanced,13,0.4815,0.9496690630912781,0.9496690630912781,0.03177424147725105,0.8520153760910034,True,t_post_inst,t_post_inst,True
R_control,R_control_unbalanced,14,0.5185,0.9769004583358765,0.9769004583358765,0.03177424147725105,0.9103854298591614,True,t_post_inst,t_post_inst,True
R_control,R_control_unbalanced,15,0.5556,0.9810038208961487,0.9810038208961487,0.03177424147725105,0.9330968856811525,True,t_post_inst,t_post_inst,True
R_control,R_control_unbalanced,16,0.5926,0.9867458939552307,0.9867458939552307,0.03177424147725105,0.9486418962478638,True,t_post_inst,t_post_inst,True
R_control,R_control_unbalanced,17,0.6296,0.9912773370742798,0.9912773370742798,0.03177424147725105,0.9633119702339172,True,t_post_inst,t_post_inst,True
R_control,R_control_unbalanced,18,0.6667,0.9948039054870605,0.9948039054870605,0.03177424147725105,0.9748777151107788,True,t_post_inst,t_post_inst,True
R_control,R_control_unbalanced,19,0.7037,0.9961773753166199,0.9961773753166199,0.03177424147725105,0.9769220352172852,True,t_post_inst,t_post_inst,True
R_control,R_control_unbalanced,20,0.7407,0.9973955154418945,0.9973955154418945,0.03177424147725105,0.9826434850692748,True,t_post_inst,t_post_inst,True
R_control,R_control_unbalanced,21,0.7778,0.997592568397522,0.997592568397522,0.03177424147725105,0.9817975163459778,True,t_post_inst,t_post_inst,True
R_control,R_control_unbalanced,22,0.8148,0.9978081583976746,0.9978081583976746,0.03177424147725105,0.979856014251709,True,t_post_inst,t_post_inst,True
R_control,R_control_unbalanced,23,0.8519,0.9981579780578613,0.9981579780578613,0.03177424147725105,0.9820910692214966,True,t_post_inst,t_post_inst,True
R_control,R_control_unbalanced,24,0.8889,0.9983500242233276,0.9983500242233276,0.03177424147725105,0.9812159538269044,True,t_post_inst,t_post_inst,True
R_control,R_control_unbalanced,25,0.9259,0.9980945587158203,0.9980945587158203,0.03177424147725105,0.9796737432479858,True,t_post_inst,t_post_inst,True
R_control,R_control_unbalanced,26,0.963,0.9980695247650146,0.9980695247650146,0.03177424147725105,0.9765125513076782,True,t_post_inst,t_post_inst,True
R_control,R_control_unbalanced,27,1.0,0.9979488253593445,0.9979488253593445,0.03177424147725105,0.9729852676391602,True,t_post_inst,t_post_inst,True
R_control,R_harm,0,0.0,-0.12276117503643036,0.12276117503643036,0.03177424147725105,0.8220481872558594,True,t_post_inst,t_inst,False
R_control,R_harm,1,0.037,-0.21181729435920715,0.21181729435920715,0.03177424147725105,0.7897539734840393,True,t_post_inst,t_inst,False
R_control,R_harm,2,0.0741,-0.09016898274421692,0.09016898274421692,0.03177424147725105,0.7727996706962585,True,t_post_inst,t_inst,False
R_control,R_harm,3,0.1111,0.02197963371872902,0.02197963371872902,0.03177424147725105,0.7718900442123413,False,t_post_inst,t_inst,False
R_control,R_harm,4,0.1481,-0.06695352494716644,0.06695352494716644,0.03177424147725105,0.744530975818634,True,t_post_inst,t_inst,False
R_control,R_harm,5,0.1852,-0.04675273224711418,0.04675273224711418,0.03177424147725105,0.7889321446418762,True,t_post_inst,t_inst,False
R_control,R_harm,6,0.2222,-0.06078745052218437,0.06078745052218437,0.03177424147725105,0.7830798625946045,True,t_post_inst,t_inst,False
R_control,R_harm,7,0.2593,-0.04207432642579079,0.04207432642579079,0.03177424147725105,0.8006145358085632,True,t_post_inst,t_inst,False
R_control,R_harm,8,0.2963,-0.03340674564242363,0.03340674564242363,0.03177424147725105,0.7835728526115417,True,t_post_inst,t_inst,False
R_control,R_harm,9,0.3333,-0.012765887193381786,0.012765887193381786,0.03177424147725105,0.733785092830658,False,t_post_inst,t_inst,False
R_control,R_harm,10,0.3704,-0.011119084432721138,0.011119084432721138,0.03177424147725105,0.7148844599723816,False,t_post_inst,t_inst,False
R_control,R_harm,11,0.4074,-0.041247107088565826,0.041247107088565826,0.03177424147725105,0.7332113981246948,True,t_post_inst,t_inst,False
R_control,R_harm,12,0.4444,0.01005180086940527,0.01005180086940527,0.03177424147725105,0.7586361169815063,False,t_post_inst,t_inst,False
R_control,R_harm,13,0.4815,0.10279855132102966,0.10279855132102966,0.03177424147725105,0.8520153760910034,True,t_post_inst,t_inst,False
R_control,R_harm,14,0.5185,0.1514589488506317,0.1514589488506317,0.03177424147725105,0.9103854298591614,True,t_post_inst,t_inst,False
R_control,R_harm,15,0.5556,0.19364935159683228,0.19364935159683228,0.03177424147725105,0.9330968856811525,True,t_post_inst,t_inst,False
R_control,R_harm,16,0.5926,0.21667447686195374,0.21667447686195374,0.03177424147725105,0.9486418962478638,True,t_post_inst,t_inst,False
R_control,R_harm,17,0.6296,0.20365561544895172,0.20365561544895172,0.03177424147725105,0.9633119702339172,True,t_post_inst,t_inst,False
R_control,R_harm,18,0.6667,0.18161781132221222,0.18161781132221222,0.03177424147725105,0.9748777151107788,True,t_post_inst,t_inst,False
R_control,R_harm,19,0.7037,0.15634536743164062,0.15634536743164062,0.03177424147725105,0.9769220352172852,True,t_post_inst,t_inst,False
R_control,R_harm,20,0.7407,0.11545585095882416,0.11545585095882416,0.03177424147725105,0.9826434850692748,True,t_post_inst,t_inst,False
R_control,R_harm,21,0.7778,0.09901580214500427,0.09901580214500427,0.03177424147725105,0.9817975163459778,True,t_post_inst,t_inst,False
R_control,R_harm,22,0.8148,0.1534283459186554,0.1534283459186554,0.03177424147725105,0.979856014251709,True,t_post_inst,t_inst,False
R_control,R_harm,23,0.8519,0.14474070072174072,0.14474070072174072,0.03177424147725105,0.9820910692214966,True,t_post_inst,t_inst,False
R_control,R_harm,24,0.8889,0.15855413675308228,0.15855413675308228,0.03177424147725105,0.9812159538269044,True,t_post_inst,t_inst,False
R_control,R_harm,25,0.9259,0.13430450856685638,0.13430450856685638,0.03177424147725105,0.9796737432479858,True,t_post_inst,t_inst,False
R_control,R_harm,26,0.963,0.131047785282135,0.131047785282135,0.03177424147725105,0.9765125513076782,True,t_post_inst,t_inst,False
R_control,R_harm,27,1.0,0.18803352117538452,0.18803352117538452,0.03177424147725105,0.9729852676391602,True,t_post_inst,t_inst,False
R_control,R_harm_at_post,0,0.0,-0.11319777369499207,0.11319777369499207,0.03177424147725105,0.8220481872558594,True,t_post_inst,t_post_inst,True
R_control,R_harm_at_post,1,0.037,-0.1264762580394745,0.1264762580394745,0.03177424147725105,0.7897539734840393,True,t_post_inst,t_post_inst,True
R_control,R_harm_at_post,2,0.0741,-0.0172046460211277,0.0172046460211277,0.03177424147725105,0.7727996706962585,False,t_post_inst,t_post_inst,True
R_control,R_harm_at_post,3,0.1111,0.018952105194330215,0.018952105194330215,0.03177424147725105,0.7718900442123413,False,t_post_inst,t_post_inst,True
R_control,R_harm_at_post,4,0.1481,0.07301336526870728,0.07301336526870728,0.03177424147725105,0.744530975818634,True,t_post_inst,t_post_inst,True
R_control,R_harm_at_post,5,0.1852,0.10546795278787613,0.10546795278787613,0.03177424147725105,0.7889321446418762,True,t_post_inst,t_post_inst,True
R_control,R_harm_at_post,6,0.2222,0.10606851428747177,0.10606851428747177,0.03177424147725105,0.7830798625946045,True,t_post_inst,t_post_inst,True
R_control,R_harm_at_post,7,0.2593,0.15110573172569275,0.15110573172569275,0.03177424147725105,0.8006145358085632,True,t_post_inst,t_post_inst,True
R_control,R_harm_at_post,8,0.2963,0.14797042310237885,0.14797042310237885,0.03177424147725105,0.7835728526115417,True,t_post_inst,t_post_inst,True
R_control,R_harm_at_post,9,0.3333,0.033735815435647964,0.033735815435647964,0.03177424147725105,0.733785092830658,True,t_post_inst,t_post_inst,True
R_control,R_harm_at_post,10,0.3704,-0.034197770059108734,0.034197770059108734,0.03177424147725105,0.7148844599723816,True,t_post_inst,t_post_inst,True
R_control,R_harm_at_post,11,0.4074,0.03831743821501732,0.03831743821501732,0.03177424147725105,0.7332113981246948,True,t_post_inst,t_post_inst,True
R_control,R_harm_at_post,12,0.4444,0.05647062882781029,0.05647062882781029,0.03177424147725105,0.7586361169815063,True,t_post_inst,t_post_inst,True
R_control,R_harm_at_post,13,0.4815,0.23950260877609253,0.23950260877609253,0.03177424147725105,0.8520153760910034,True,t_post_inst,t_post_inst,True
R_control,R_harm_at_post,14,0.5185,0.38475948572158813,0.38475948572158813,0.03177424147725105,0.9103854298591614,True,t_post_inst,t_post_inst,True
R_control,R_harm_at_post,15,0.5556,0.493759423494339,0.493759423494339,0.03177424147725105,0.9330968856811525,True,t_post_inst,t_post_inst,True
R_control,R_harm_at_post,16,0.5926,0.5890800952911377,0.5890800952911377,0.03177424147725105,0.9486418962478638,True,t_post_inst,t_post_inst,True
R_control,R_harm_at_post,17,0.6296,0.6670268774032593,0.6670268774032593,0.03177424147725105,0.9633119702339172,True,t_post_inst,t_post_inst,True
R_control,R_harm_at_post,18,0.6667,0.7632840871810913,0.7632840871810913,0.03177424147725105,0.9748777151107788,True,t_post_inst,t_post_inst,True
R_control,R_harm_at_post,19,0.7037,0.7838112115859985,0.7838112115859985,0.03177424147725105,0.9769220352172852,True,t_post_inst,t_post_inst,True
R_control,R_harm_at_post,20,0.7407,0.8063490390777588,0.8063490390777588,0.03177424147725105,0.9826434850692748,True,t_post_inst,t_post_inst,True
R_control,R_harm_at_post,21,0.7778,0.7919074892997742,0.7919074892997742,0.03177424147725105,0.9817975163459778,True,t_post_inst,t_post_inst,True
R_control,R_harm_at_post,22,0.8148,0.7907334566116333,0.7907334566116333,0.03177424147725105,0.979856014251709,True,t_post_inst,t_post_inst,True
R_control,R_harm_at_post,23,0.8519,0.8233283758163452,0.8233283758163452,0.03177424147725105,0.9820910692214966,True,t_post_inst,t_post_inst,True
R_control,R_harm_at_post,24,0.8889,0.8271254897117615,0.8271254897117615,0.03177424147725105,0.9812159538269044,True,t_post_inst,t_post_inst,True
R_control,R_harm_at_post,25,0.9259,0.8175891637802124,0.8175891637802124,0.03177424147725105,0.9796737432479858,True,t_post_inst,t_post_inst,True
R_control,R_harm_at_post,26,0.963,0.80512535572052,0.80512535572052,0.03177424147725105,0.9765125513076782,True,t_post_inst,t_post_inst,True
R_control,R_harm_at_post,27,1.0,0.7768986225128174,0.7768986225128174,0.03177424147725105,0.9729852676391602,True,t_post_inst,t_post_inst,True
R_control,R_harm_user,0,0.0,-0.0911715179681778,0.0911715179681778,0.03177424147725105,0.8220481872558594,True,t_post_inst,t_inst,False
R_control,R_harm_user,1,0.037,-0.19072064757347107,0.19072064757347107,0.03177424147725105,0.7897539734840393,True,t_post_inst,t_inst,False
R_control,R_harm_user,2,0.0741,-0.08162727952003479,0.08162727952003479,0.03177424147725105,0.7727996706962585,True,t_post_inst,t_inst,False
R_control,R_harm_user,3,0.1111,0.02885304018855095,0.02885304018855095,0.03177424147725105,0.7718900442123413,False,t_post_inst,t_inst,False
R_control,R_harm_user,4,0.1481,-0.06823112070560455,0.06823112070560455,0.03177424147725105,0.744530975818634,True,t_post_inst,t_inst,False
R_control,R_harm_user,5,0.1852,-0.03740057349205017,0.03740057349205017,0.03177424147725105,0.7889321446418762,True,t_post_inst,t_inst,False
R_control,R_harm_user,6,0.2222,-0.055854447185993195,0.055854447185993195,0.03177424147725105,0.7830798625946045,True,t_post_inst,t_inst,False
R_control,R_harm_user,7,0.2593,-0.04390108585357666,0.04390108585357666,0.03177424147725105,0.8006145358085632,True,t_post_inst,t_inst,False
R_control,R_harm_user,8,0.2963,-0.03233674168586731,0.03233674168586731,0.03177424147725105,0.7835728526115417,True,t_post_inst,t_inst,False
R_control,R_harm_user,9,0.3333,-0.004094298928976059,0.004094298928976059,0.03177424147725105,0.733785092830658,False,t_post_inst,t_inst,False
R_control,R_harm_user,10,0.3704,-0.004169358406215906,0.004169358406215906,0.03177424147725105,0.7148844599723816,False,t_post_inst,t_inst,False
R_control,R_harm_user,11,0.4074,-0.03956193849444389,0.03956193849444389,0.03177424147725105,0.7332113981246948,True,t_post_inst,t_inst,False
R_control,R_harm_user,12,0.4444,0.0013865688815712929,0.0013865688815712929,0.03177424147725105,0.7586361169815063,False,t_post_inst,t_inst,False
R_control,R_harm_user,13,0.4815,0.10194806754589081,0.10194806754589081,0.03177424147725105,0.8520153760910034,True,t_post_inst,t_inst,False
R_control,R_harm_user,14,0.5185,0.14859238266944885,0.14859238266944885,0.03177424147725105,0.9103854298591614,True,t_post_inst,t_inst,False
R_control,R_harm_user,15,0.5556,0.18910816311836243,0.18910816311836243,0.03177424147725105,0.9330968856811525,True,t_post_inst,t_inst,False
R_control,R_harm_user,16,0.5926,0.21271035075187683,0.21271035075187683,0.03177424147725105,0.9486418962478638,True,t_post_inst,t_inst,False
R_control,R_harm_user,17,0.6296,0.18886695802211761,0.18886695802211761,0.03177424147725105,0.9633119702339172,True,t_post_inst,t_inst,False
R_control,R_harm_user,18,0.6667,0.18332967162132263,0.18332967162132263,0.03177424147725105,0.9726020693778992,True,t_post_inst,t_inst,False
R_control,R_harm_user,19,0.7037,0.14511540532112122,0.14511540532112122,0.03177424147725105,0.9743415713310242,True,t_post_inst,t_inst,False
R_control,R_harm_user,20,0.7407,0.10922332108020782,0.10922332108020782,0.03177424147725105,0.9742247462272644,True,t_post_inst,t_inst,False
R_control,R_harm_user,21,0.7778,0.08698918670415878,0.08698918670415878,0.03177424147725105,0.9745512008666992,True,t_post_inst,t_inst,False
R_control,R_harm_user,22,0.8148,0.13795311748981476,0.13795311748981476,0.03177424147725105,0.9723869562149048,True,t_post_inst,t_inst,False
R_control,R_harm_user,23,0.8519,0.14211168885231018,0.14211168885231018,0.03177424147725105,0.9680910110473632,True,t_post_inst,t_inst,False
R_control,R_harm_user,24,0.8889,0.16663360595703125,0.16663360595703125,0.03177424147725105,0.9682265520095824,True,t_post_inst,t_inst,False
R_control,R_harm_user,25,0.9259,0.12029968947172165,0.12029968947172165,0.03177424147725105,0.9686745405197144,True,t_post_inst,t_inst,False
R_control,R_harm_user,26,0.963,0.09582269191741943,0.09582269191741943,0.03177424147725105,0.9732636213302612,True,t_post_inst,t_inst,False
R_control,R_harm_user,27,1.0,0.09527264535427094,0.09527264535427094,0.03177424147725105,0.9729852676391602,True,t_post_inst,t_inst,False
R_control,R_role_assistant_vs_user@t_inst,0,0.0,-0.053624942898750305,0.053624942898750305,0.03177424147725105,0.8220481872558594,True,t_post_inst,t_inst,False
R_control,R_role_assistant_vs_user@t_inst,1,0.037,-0.23837149143218994,0.23837149143218994,0.03177424147725105,0.7897539734840393,True,t_post_inst,t_inst,False
R_control,R_role_assistant_vs_user@t_inst,2,0.0741,-0.14017541706562042,0.14017541706562042,0.03177424147725105,0.7727996706962585,True,t_post_inst,t_inst,False
R_control,R_role_assistant_vs_user@t_inst,3,0.1111,0.10445507615804672,0.10445507615804672,0.03177424147725105,0.7718900442123413,True,t_post_inst,t_inst,False
R_control,R_role_assistant_vs_user@t_inst,4,0.1481,-0.061867982149124146,0.061867982149124146,0.03177424147725105,0.744530975818634,True,t_post_inst,t_inst,False
R_control,R_role_assistant_vs_user@t_inst,5,0.1852,0.03174952045083046,0.03174952045083046,0.03177424147725105,0.7889321446418762,False,t_post_inst,t_inst,False
R_control,R_role_assistant_vs_user@t_inst,6,0.2222,-0.032464649528265,0.032464649528265,0.03177424147725105,0.7830798625946045,True,t_post_inst,t_inst,False
R_control,R_role_assistant_vs_user@t_inst,7,0.2593,-0.06457816809415817,0.06457816809415817,0.03177424147725105,0.8006145358085632,True,t_post_inst,t_inst,False
R_control,R_role_assistant_vs_user@t_inst,8,0.2963,-0.076195627450943,0.076195627450943,0.03177424147725105,0.7835728526115417,True,t_post_inst,t_inst,False
R_control,R_role_assistant_vs_user@t_inst,9,0.3333,0.012860732153058052,0.012860732153058052,0.03177424147725105,0.733785092830658,False,t_post_inst,t_inst,False
R_control,R_role_assistant_vs_user@t_inst,10,0.3704,-0.022732509300112724,0.022732509300112724,0.03177424147725105,0.7148844599723816,False,t_post_inst,t_inst,False
R_control,R_role_assistant_vs_user@t_inst,11,0.4074,-0.09004388749599457,0.09004388749599457,0.03177424147725105,0.7332113981246948,True,t_post_inst,t_inst,False
R_control,R_role_assistant_vs_user@t_inst,12,0.4444,-0.16113539040088654,0.16113539040088654,0.03177424147725105,0.7586361169815063,True,t_post_inst,t_inst,False
R_control,R_role_assistant_vs_user@t_inst,13,0.4815,-0.05415481701493263,0.05415481701493263,0.03177424147725105,0.8520153760910034,True,t_post_inst,t_inst,False
R_control,R_role_assistant_vs_user@t_inst,14,0.5185,-0.01194646768271923,0.01194646768271923,0.03177424147725105,0.9103854298591614,False,t_post_inst,t_inst,False
R_control,R_role_assistant_vs_user@t_inst,15,0.5556,0.032197024673223495,0.032197024673223495,0.03177424147725105,0.9330968856811525,True,t_post_inst,t_inst,False
R_control,R_role_assistant_vs_user@t_inst,16,0.5926,0.06195931136608124,0.06195931136608124,0.03177424147725105,0.9486418962478638,True,t_post_inst,t_inst,False
R_control,R_role_assistant_vs_user@t_inst,17,0.6296,0.0348430797457695,0.0348430797457695,0.03177424147725105,0.9633119702339172,True,t_post_inst,t_inst,False
R_control,R_role_assistant_vs_user@t_inst,18,0.6667,0.1593429446220398,0.1593429446220398,0.03177424147725105,0.9748777151107788,True,t_post_inst,t_inst,False
R_control,R_role_assistant_vs_user@t_inst,19,0.7037,0.16353151202201843,0.16353151202201843,0.03177424147725105,0.9769220352172852,True,t_post_inst,t_inst,False
R_control,R_role_assistant_vs_user@t_inst,20,0.7407,0.24121764302253723,0.24121764302253723,0.03177424147725105,0.9826434850692748,True,t_post_inst,t_inst,False
R_control,R_role_assistant_vs_user@t_inst,21,0.7778,0.226694256067276,0.226694256067276,0.03177424147725105,0.9817975163459778,True,t_post_inst,t_inst,False
R_control,R_role_assistant_vs_user@t_inst,22,0.8148,0.19864867627620697,0.19864867627620697,0.03177424147725105,0.979856014251709,True,t_post_inst,t_inst,False
R_control,R_role_assistant_vs_user@t_inst,23,0.8519,0.18391044437885284,0.18391044437885284,0.03177424147725105,0.9820910692214966,True,t_post_inst,t_inst,False
R_control,R_role_assistant_vs_user@t_inst,24,0.8889,0.17714983224868774,0.17714983224868774,0.03177424147725105,0.9812159538269044,True,t_post_inst,t_inst,False
R_control,R_role_assistant_vs_user@t_inst,25,0.9259,0.1134725958108902,0.1134725958108902,0.03177424147725105,0.9796737432479858,True,t_post_inst,t_inst,False
R_control,R_role_assistant_vs_user@t_inst,26,0.963,0.11411772668361664,0.11411772668361664,0.03177424147725105,0.9765125513076782,True,t_post_inst,t_inst,False
R_control,R_role_assistant_vs_user@t_inst,27,1.0,-0.01468694768846035,0.01468694768846035,0.03177424147725105,0.9729852676391602,False,t_post_inst,t_inst,False
R_control,R_role_assistant_vs_user@t_post_inst,0,0.0,-0.08010083436965942,0.08010083436965942,0.03177424147725105,0.8220481872558594,True,t_post_inst,t_post_inst,True
R_control,R_role_assistant_vs_user@t_post_inst,1,0.037,-0.10278138518333435,0.10278138518333435,0.03177424147725105,0.7897539734840393,True,t_post_inst,t_post_inst,True
R_control,R_role_assistant_vs_user@t_post_inst,2,0.0741,0.00881211832165718,0.00881211832165718,0.03177424147725105,0.7727996706962585,False,t_post_inst,t_post_inst,True
R_control,R_role_assistant_vs_user@t_post_inst,3,0.1111,0.26582401990890503,0.26582401990890503,0.03177424147725105,0.7718900442123413,True,t_post_inst,t_post_inst,True
R_control,R_role_assistant_vs_user@t_post_inst,4,0.1481,0.15968522429466248,0.15968522429466248,0.03177424147725105,0.744530975818634,True,t_post_inst,t_post_inst,True
R_control,R_role_assistant_vs_user@t_post_inst,5,0.1852,0.09269039332866669,0.09269039332866669,0.03177424147725105,0.7889321446418762,True,t_post_inst,t_post_inst,True
R_control,R_role_assistant_vs_user@t_post_inst,6,0.2222,0.17155694961547852,0.17155694961547852,0.03177424147725105,0.7830798625946045,True,t_post_inst,t_post_inst,True
R_control,R_role_assistant_vs_user@t_post_inst,7,0.2593,0.17787384986877441,0.17787384986877441,0.03177424147725105,0.8006145358085632,True,t_post_inst,t_post_inst,True
R_control,R_role_assistant_vs_user@t_post_inst,8,0.2963,0.13146814703941345,0.13146814703941345,0.03177424147725105,0.7835728526115417,True,t_post_inst,t_post_inst,True
R_control,R_role_assistant_vs_user@t_post_inst,9,0.3333,0.1877092719078064,0.1877092719078064,0.03177424147725105,0.733785092830658,True,t_post_inst,t_post_inst,True
R_control,R_role_assistant_vs_user@t_post_inst,10,0.3704,0.15800288319587708,0.15800288319587708,0.03177424147725105,0.7148844599723816,True,t_post_inst,t_post_inst,True
R_control,R_role_assistant_vs_user@t_post_inst,11,0.4074,0.14205826818943024,0.14205826818943024,0.03177424147725105,0.7332113981246948,True,t_post_inst,t_post_inst,True
R_control,R_role_assistant_vs_user@t_post_inst,12,0.4444,0.057931818068027496,0.057931818068027496,0.03177424147725105,0.7586361169815063,True,t_post_inst,t_post_inst,True
R_control,R_role_assistant_vs_user@t_post_inst,13,0.4815,-0.005688785575330257,0.005688785575330257,0.03177424147725105,0.8520153760910034,False,t_post_inst,t_post_inst,True
R_control,R_role_assistant_vs_user@t_post_inst,14,0.5185,0.01654202677309513,0.01654202677309513,0.03177424147725105,0.9103854298591614,False,t_post_inst,t_post_inst,True
R_control,R_role_assistant_vs_user@t_post_inst,15,0.5556,-0.01105990819633007,0.01105990819633007,0.03177424147725105,0.9330968856811525,False,t_post_inst,t_post_inst,True
R_control,R_role_assistant_vs_user@t_post_inst,16,0.5926,0.02914217673242092,0.02914217673242092,0.03177424147725105,0.9486418962478638,False,t_post_inst,t_post_inst,True
R_control,R_role_assistant_vs_user@t_post_inst,17,0.6296,0.05752633512020111,0.05752633512020111,0.03177424147725105,0.9633119702339172,True,t_post_inst,t_post_inst,True
R_control,R_role_assistant_vs_user@t_post_inst,18,0.6667,0.14760345220565796,0.14760345220565796,0.03177424147725105,0.9748777151107788,True,t_post_inst,t_post_inst,True
R_control,R_role_assistant_vs_user@t_post_inst,19,0.7037,0.08473280072212219,0.08473280072212219,0.03177424147725105,0.9769220352172852,True,t_post_inst,t_post_inst,True
R_control,R_role_assistant_vs_user@t_post_inst,20,0.7407,0.17352986335754395,0.17352986335754395,0.03177424147725105,0.9826434850692748,True,t_post_inst,t_post_inst,True
R_control,R_role_assistant_vs_user@t_post_inst,21,0.7778,0.1968817114830017,0.1968817114830017,0.03177424147725105,0.9817975163459778,True,t_post_inst,t_post_inst,True
R_control,R_role_assistant_vs_user@t_post_inst,22,0.8148,0.14502593874931335,0.14502593874931335,0.03177424147725105,0.979856014251709,True,t_post_inst,t_post_inst,True
R_control,R_role_assistant_vs_user@t_post_inst,23,0.8519,0.18011467158794403,0.18011467158794403,0.03177424147725105,0.9820910692214966,True,t_post_inst,t_post_inst,True
R_control,R_role_assistant_vs_user@t_post_inst,24,0.8889,0.22460311651229858,0.22460311651229858,0.03177424147725105,0.9812159538269044,True,t_post_inst,t_post_inst,True
R_control,R_role_assistant_vs_user@t_post_inst,25,0.9259,0.20558112859725952,0.20558112859725952,0.03177424147725105,0.9796737432479858,True,t_post_inst,t_post_inst,True
R_control,R_role_assistant_vs_user@t_post_inst,26,0.963,0.15480226278305054,0.15480226278305054,0.03177424147725105,0.9765125513076782,True,t_post_inst,t_post_inst,True
R_control,R_role_assistant_vs_user@t_post_inst,27,1.0,0.09008163958787918,0.09008163958787918,0.03177424147725105,0.9729852676391602,True,t_post_inst,t_post_inst,True
R_control,R_role_system_vs_user@t_inst,0,0.0,0.13136275112628937,0.13136275112628937,0.03177424147725105,0.8220481872558594,True,t_post_inst,t_inst,False
R_control,R_role_system_vs_user@t_inst,1,0.037,0.25554728507995605,0.25554728507995605,0.03177424147725105,0.7897539734840393,True,t_post_inst,t_inst,False
R_control,R_role_system_vs_user@t_inst,2,0.0741,0.0790620744228363,0.0790620744228363,0.03177424147725105,0.7727996706962585,True,t_post_inst,t_inst,False
R_control,R_role_system_vs_user@t_inst,3,0.1111,-0.06257019937038422,0.06257019937038422,0.03177424147725105,0.7718900442123413,True,t_post_inst,t_inst,False
R_control,R_role_system_vs_user@t_inst,4,0.1481,-0.03545983135700226,0.03545983135700226,0.03177424147725105,0.744530975818634,True,t_post_inst,t_inst,False
R_control,R_role_system_vs_user@t_inst,5,0.1852,0.021319912746548653,0.021319912746548653,0.03177424147725105,0.7889321446418762,False,t_post_inst,t_inst,False
R_control,R_role_system_vs_user@t_inst,6,0.2222,-0.00980387069284916,0.00980387069284916,0.03177424147725105,0.7830798625946045,False,t_post_inst,t_inst,False
R_control,R_role_system_vs_user@t_inst,7,0.2593,-0.05236060172319412,0.05236060172319412,0.03177424147725105,0.8006145358085632,True,t_post_inst,t_inst,False
R_control,R_role_system_vs_user@t_inst,8,0.2963,-0.0313589833676815,0.0313589833676815,0.03177424147725105,0.7835728526115417,False,t_post_inst,t_inst,False
R_control,R_role_system_vs_user@t_inst,9,0.3333,-0.006876606494188309,0.006876606494188309,0.03177424147725105,0.733785092830658,False,t_post_inst,t_inst,False
R_control,R_role_system_vs_user@t_inst,10,0.3704,-0.031121432781219482,0.031121432781219482,0.03177424147725105,0.7148844599723816,False,t_post_inst,t_inst,False
R_control,R_role_system_vs_user@t_inst,11,0.4074,-0.01798957958817482,0.01798957958817482,0.03177424147725105,0.7332113981246948,False,t_post_inst,t_inst,False
R_control,R_role_system_vs_user@t_inst,12,0.4444,-0.02723589539527893,0.02723589539527893,0.03177424147725105,0.7586361169815063,False,t_post_inst,t_inst,False
R_control,R_role_system_vs_user@t_inst,13,0.4815,0.026913084089756012,0.026913084089756012,0.03177424147725105,0.8520153760910034,False,t_post_inst,t_inst,False
R_control,R_role_system_vs_user@t_inst,14,0.5185,0.04105333238840103,0.04105333238840103,0.03177424147725105,0.9103854298591614,True,t_post_inst,t_inst,False
R_control,R_role_system_vs_user@t_inst,15,0.5556,0.005631405394524336,0.005631405394524336,0.03177424147725105,0.9330968856811525,False,t_post_inst,t_inst,False
R_control,R_role_system_vs_user@t_inst,16,0.5926,0.006253380328416824,0.006253380328416824,0.03177424147725105,0.9486418962478638,False,t_post_inst,t_inst,False
R_control,R_role_system_vs_user@t_inst,17,0.6296,-0.03957846760749817,0.03957846760749817,0.03177424147725105,0.9633119702339172,True,t_post_inst,t_inst,False
R_control,R_role_system_vs_user@t_inst,18,0.6667,0.04319408908486366,0.04319408908486366,0.03177424147725105,0.9748777151107788,True,t_post_inst,t_inst,False
R_control,R_role_system_vs_user@t_inst,19,0.7037,0.0398077592253685,0.0398077592253685,0.03177424147725105,0.9769220352172852,True,t_post_inst,t_inst,False
R_control,R_role_system_vs_user@t_inst,20,0.7407,0.02751045674085617,0.02751045674085617,0.03177424147725105,0.9826434850692748,False,t_post_inst,t_inst,False
R_control,R_role_system_vs_user@t_inst,21,0.7778,0.020722249522805214,0.020722249522805214,0.03177424147725105,0.9817975163459778,False,t_post_inst,t_inst,False
R_control,R_role_system_vs_user@t_inst,22,0.8148,0.00902013760060072,0.00902013760060072,0.03177424147725105,0.979856014251709,False,t_post_inst,t_inst,False
R_control,R_role_system_vs_user@t_inst,23,0.8519,0.033892471343278885,0.033892471343278885,0.03177424147725105,0.9820910692214966,True,t_post_inst,t_inst,False
R_control,R_role_system_vs_user@t_inst,24,0.8889,0.031940750777721405,0.031940750777721405,0.03177424147725105,0.9812159538269044,True,t_post_inst,t_inst,False
R_control,R_role_system_vs_user@t_inst,25,0.9259,-0.0002437252551317215,0.0002437252551317215,0.03177424147725105,0.9796737432479858,False,t_post_inst,t_inst,False
R_control,R_role_system_vs_user@t_inst,26,0.963,-0.02137407660484314,0.02137407660484314,0.03177424147725105,0.9765125513076782,False,t_post_inst,t_inst,False
R_control,R_role_system_vs_user@t_inst,27,1.0,-0.04130423441529274,0.04130423441529274,0.03177424147725105,0.9729852676391602,True,t_post_inst,t_inst,False
R_control,R_role_system_vs_user@t_post_inst,0,0.0,0.1087939664721489,0.1087939664721489,0.03177424147725105,0.8220481872558594,True,t_post_inst,t_post_inst,True
R_control,R_role_system_vs_user@t_post_inst,1,0.037,0.0061234161257743835,0.0061234161257743835,0.03177424147725105,0.7897539734840393,False,t_post_inst,t_post_inst,True
R_control,R_role_system_vs_user@t_post_inst,2,0.0741,0.14405392110347748,0.14405392110347748,0.03177424147725105,0.7727996706962585,True,t_post_inst,t_post_inst,True
R_control,R_role_system_vs_user@t_post_inst,3,0.1111,0.24075046181678772,0.24075046181678772,0.03177424147725105,0.7718900442123413,True,t_post_inst,t_post_inst,True
R_control,R_role_system_vs_user@t_post_inst,4,0.1481,0.15365491807460785,0.15365491807460785,0.03177424147725105,0.744530975818634,True,t_post_inst,t_post_inst,True
R_control,R_role_system_vs_user@t_post_inst,5,0.1852,-0.0066946265287697315,0.0066946265287697315,0.03177424147725105,0.7889321446418762,False,t_post_inst,t_post_inst,True
R_control,R_role_system_vs_user@t_post_inst,6,0.2222,-0.03026822954416275,0.03026822954416275,0.03177424147725105,0.7830798625946045,False,t_post_inst,t_post_inst,True
R_control,R_role_system_vs_user@t_post_inst,7,0.2593,-0.1507047712802887,0.1507047712802887,0.03177424147725105,0.8006145358085632,True,t_post_inst,t_post_inst,True
R_control,R_role_system_vs_user@t_post_inst,8,0.2963,-0.189335897564888,0.189335897564888,0.03177424147725105,0.7835728526115417,True,t_post_inst,t_post_inst,True
R_control,R_role_system_vs_user@t_post_inst,9,0.3333,-0.055409278720617294,0.055409278720617294,0.03177424147725105,0.733785092830658,True,t_post_inst,t_post_inst,True
R_control,R_role_system_vs_user@t_post_inst,10,0.3704,-0.07637201994657516,0.07637201994657516,0.03177424147725105,0.7148844599723816,True,t_post_inst,t_post_inst,True
R_control,R_role_system_vs_user@t_post_inst,11,0.4074,-0.06931927800178528,0.06931927800178528,0.03177424147725105,0.7332113981246948,True,t_post_inst,t_post_inst,True
R_control,R_role_system_vs_user@t_post_inst,12,0.4444,-0.08274227380752563,0.08274227380752563,0.03177424147725105,0.7586361169815063,True,t_post_inst,t_post_inst,True
R_control,R_role_system_vs_user@t_post_inst,13,0.4815,-0.09787477552890778,0.09787477552890778,0.03177424147725105,0.8520153760910034,True,t_post_inst,t_post_inst,True
R_control,R_role_system_vs_user@t_post_inst,14,0.5185,-0.054597631096839905,0.054597631096839905,0.03177424147725105,0.9103854298591614,True,t_post_inst,t_post_inst,True
R_control,R_role_system_vs_user@t_post_inst,15,0.5556,-0.06093492731451988,0.06093492731451988,0.03177424147725105,0.9330968856811525,True,t_post_inst,t_post_inst,True
R_control,R_role_system_vs_user@t_post_inst,16,0.5926,-0.04182320460677147,0.04182320460677147,0.03177424147725105,0.9486418962478638,True,t_post_inst,t_post_inst,True
R_control,R_role_system_vs_user@t_post_inst,17,0.6296,-0.07015341520309448,0.07015341520309448,0.03177424147725105,0.9633119702339172,True,t_post_inst,t_post_inst,True
R_control,R_role_system_vs_user@t_post_inst,18,0.6667,-0.05081969127058983,0.05081969127058983,0.03177424147725105,0.9748777151107788,True,t_post_inst,t_post_inst,True
R_control,R_role_system_vs_user@t_post_inst,19,0.7037,-0.0954020619392395,0.0954020619392395,0.03177424147725105,0.9769220352172852,True,t_post_inst,t_post_inst,True
R_control,R_role_system_vs_user@t_post_inst,20,0.7407,-0.10999856889247894,0.10999856889247894,0.03177424147725105,0.9826434850692748,True,t_post_inst,t_post_inst,True
R_control,R_role_system_vs_user@t_post_inst,21,0.7778,-0.1393267810344696,0.1393267810344696,0.03177424147725105,0.9817975163459778,True,t_post_inst,t_post_inst,True
R_control,R_role_system_vs_user@t_post_inst,22,0.8148,-0.1953437179327011,0.1953437179327011,0.03177424147725105,0.979856014251709,True,t_post_inst,t_post_inst,True
R_control,R_role_system_vs_user@t_post_inst,23,0.8519,-0.2011658102273941,0.2011658102273941,0.03177424147725105,0.9820910692214966,True,t_post_inst,t_post_inst,True
R_control,R_role_system_vs_user@t_post_inst,24,0.8889,-0.20841555297374725,0.20841555297374725,0.03177424147725105,0.9812159538269044,True,t_post_inst,t_post_inst,True
R_control,R_role_system_vs_user@t_post_inst,25,0.9259,-0.1622420847415924,0.1622420847415924,0.03177424147725105,0.9796737432479858,True,t_post_inst,t_post_inst,True
R_control,R_role_system_vs_user@t_post_inst,26,0.963,-0.20248886942863464,0.20248886942863464,0.03177424147725105,0.9765125513076782,True,t_post_inst,t_post_inst,True
R_control,R_role_system_vs_user@t_post_inst,27,1.0,-0.265048086643219,0.265048086643219,0.03177424147725105,0.9729852676391602,True,t_post_inst,t_post_inst,True
R_control,R_role_tool_vs_user@t_inst,0,0.0,0.12897537648677826,0.12897537648677826,0.03177424147725105,0.8220481872558594,True,t_post_inst,t_inst,False
R_control,R_role_tool_vs_user@t_inst,1,0.037,-0.05321042984724045,0.05321042984724045,0.03177424147725105,0.7897539734840393,True,t_post_inst,t_inst,False
R_control,R_role_tool_vs_user@t_inst,2,0.0741,-0.00265584047883749,0.00265584047883749,0.03177424147725105,0.7727996706962585,False,t_post_inst,t_inst,False
R_control,R_role_tool_vs_user@t_inst,3,0.1111,0.06441707164049149,0.06441707164049149,0.03177424147725105,0.7718900442123413,True,t_post_inst,t_inst,False
R_control,R_role_tool_vs_user@t_inst,4,0.1481,-0.00945667177438736,0.00945667177438736,0.03177424147725105,0.744530975818634,False,t_post_inst,t_inst,False
R_control,R_role_tool_vs_user@t_inst,5,0.1852,-0.003127177944406867,0.003127177944406867,0.03177424147725105,0.7889321446418762,False,t_post_inst,t_inst,False
R_control,R_role_tool_vs_user@t_inst,6,0.2222,-0.007053432986140251,0.007053432986140251,0.03177424147725105,0.7830798625946045,False,t_post_inst,t_inst,False
R_control,R_role_tool_vs_user@t_inst,7,0.2593,-0.00749635323882103,0.00749635323882103,0.03177424147725105,0.8006145358085632,False,t_post_inst,t_inst,False
R_control,R_role_tool_vs_user@t_inst,8,0.2963,-0.0006895959377288818,0.0006895959377288818,0.03177424147725105,0.7835728526115417,False,t_post_inst,t_inst,False
R_control,R_role_tool_vs_user@t_inst,9,0.3333,0.0024531083181500435,0.0024531083181500435,0.03177424147725105,0.733785092830658,False,t_post_inst,t_inst,False
R_control,R_role_tool_vs_user@t_inst,10,0.3704,0.009806795045733452,0.009806795045733452,0.03177424147725105,0.7148844599723816,False,t_post_inst,t_inst,False
R_control,R_role_tool_vs_user@t_inst,11,0.4074,-0.012736907228827477,0.012736907228827477,0.03177424147725105,0.7332113981246948,False,t_post_inst,t_inst,False
R_control,R_role_tool_vs_user@t_inst,12,0.4444,-0.04964049905538559,0.04964049905538559,0.03177424147725105,0.7586361169815063,True,t_post_inst,t_inst,False
R_control,R_role_tool_vs_user@t_inst,13,0.4815,-0.0039355456829071045,0.0039355456829071045,0.03177424147725105,0.8520153760910034,False,t_post_inst,t_inst,False
R_control,R_role_tool_vs_user@t_inst,14,0.5185,0.006612343713641167,0.006612343713641167,0.03177424147725105,0.9103854298591614,False,t_post_inst,t_inst,False
R_control,R_role_tool_vs_user@t_inst,15,0.5556,0.02893364429473877,0.02893364429473877,0.03177424147725105,0.9330968856811525,False,t_post_inst,t_inst,False
R_control,R_role_tool_vs_user@t_inst,16,0.5926,0.04326234012842178,0.04326234012842178,0.03177424147725105,0.9486418962478638,True,t_post_inst,t_inst,False
R_control,R_role_tool_vs_user@t_inst,17,0.6296,0.03241446614265442,0.03241446614265442,0.03177424147725105,0.9633119702339172,True,t_post_inst,t_inst,False
R_control,R_role_tool_vs_user@t_inst,18,0.6667,0.08184288442134857,0.08184288442134857,0.03177424147725105,0.9748777151107788,True,t_post_inst,t_inst,False
R_control,R_role_tool_vs_user@t_inst,19,0.7037,0.05242028459906578,0.05242028459906578,0.03177424147725105,0.9769220352172852,True,t_post_inst,t_inst,False
R_control,R_role_tool_vs_user@t_inst,20,0.7407,0.08030186593532562,0.08030186593532562,0.03177424147725105,0.9826434850692748,True,t_post_inst,t_inst,False
R_control,R_role_tool_vs_user@t_inst,21,0.7778,0.04292348027229309,0.04292348027229309,0.03177424147725105,0.9817975163459778,True,t_post_inst,t_inst,False
R_control,R_role_tool_vs_user@t_inst,22,0.8148,0.09455491602420807,0.09455491602420807,0.03177424147725105,0.979856014251709,True,t_post_inst,t_inst,False
R_control,R_role_tool_vs_user@t_inst,23,0.8519,0.0634760782122612,0.0634760782122612,0.03177424147725105,0.9820910692214966,True,t_post_inst,t_inst,False
R_control,R_role_tool_vs_user@t_inst,24,0.8889,0.10108818113803864,0.10108818113803864,0.03177424147725105,0.9812159538269044,True,t_post_inst,t_inst,False
R_control,R_role_tool_vs_user@t_inst,25,0.9259,0.043509211391210556,0.043509211391210556,0.03177424147725105,0.9796737432479858,True,t_post_inst,t_inst,False
R_control,R_role_tool_vs_user@t_inst,26,0.963,-0.007317038252949715,0.007317038252949715,0.03177424147725105,0.9765125513076782,False,t_post_inst,t_inst,False
R_control,R_role_tool_vs_user@t_inst,27,1.0,-0.0537000373005867,0.0537000373005867,0.03177424147725105,0.9729852676391602,True,t_post_inst,t_inst,False
R_control,R_role_tool_vs_user@t_post_inst,0,0.0,0.04462455213069916,0.04462455213069916,0.03177424147725105,0.8220481872558594,True,t_post_inst,t_post_inst,True
R_control,R_role_tool_vs_user@t_post_inst,1,0.037,-0.031938839703798294,0.031938839703798294,0.03177424147725105,0.7897539734840393,True,t_post_inst,t_post_inst,True
R_control,R_role_tool_vs_user@t_post_inst,2,0.0741,-0.0364019013941288,0.0364019013941288,0.03177424147725105,0.7727996706962585,True,t_post_inst,t_post_inst,True
R_control,R_role_tool_vs_user@t_post_inst,3,0.1111,0.11192044615745544,0.11192044615745544,0.03177424147725105,0.7718900442123413,True,t_post_inst,t_post_inst,True
R_control,R_role_tool_vs_user@t_post_inst,4,0.1481,-0.008080553263425827,0.008080553263425827,0.03177424147725105,0.744530975818634,False,t_post_inst,t_post_inst,True
R_control,R_role_tool_vs_user@t_post_inst,5,0.1852,0.1596146672964096,0.1596146672964096,0.03177424147725105,0.7889321446418762,True,t_post_inst,t_post_inst,True
R_control,R_role_tool_vs_user@t_post_inst,6,0.2222,0.08213374763727188,0.08213374763727188,0.03177424147725105,0.7830798625946045,True,t_post_inst,t_post_inst,True
R_control,R_role_tool_vs_user@t_post_inst,7,0.2593,-0.06177122890949249,0.06177122890949249,0.03177424147725105,0.8006145358085632,True,t_post_inst,t_post_inst,True
R_control,R_role_tool_vs_user@t_post_inst,8,0.2963,-0.16396796703338623,0.16396796703338623,0.03177424147725105,0.7835728526115417,True,t_post_inst,t_post_inst,True
R_control,R_role_tool_vs_user@t_post_inst,9,0.3333,-0.13934969902038574,0.13934969902038574,0.03177424147725105,0.733785092830658,True,t_post_inst,t_post_inst,True
R_control,R_role_tool_vs_user@t_post_inst,10,0.3704,-0.17732717096805573,0.17732717096805573,0.03177424147725105,0.7148844599723816,True,t_post_inst,t_post_inst,True
R_control,R_role_tool_vs_user@t_post_inst,11,0.4074,-0.17719927430152893,0.17719927430152893,0.03177424147725105,0.7332113981246948,True,t_post_inst,t_post_inst,True
R_control,R_role_tool_vs_user@t_post_inst,12,0.4444,-0.218908429145813,0.218908429145813,0.03177424147725105,0.7586361169815063,True,t_post_inst,t_post_inst,True
R_control,R_role_tool_vs_user@t_post_inst,13,0.4815,-0.1718100905418396,0.1718100905418396,0.03177424147725105,0.8520153760910034,True,t_post_inst,t_post_inst,True
R_control,R_role_tool_vs_user@t_post_inst,14,0.5185,-0.09290869534015656,0.09290869534015656,0.03177424147725105,0.9103854298591614,True,t_post_inst,t_post_inst,True
R_control,R_role_tool_vs_user@t_post_inst,15,0.5556,-0.12888625264167786,0.12888625264167786,0.03177424147725105,0.9330968856811525,True,t_post_inst,t_post_inst,True
R_control,R_role_tool_vs_user@t_post_inst,16,0.5926,-0.14718428254127502,0.14718428254127502,0.03177424147725105,0.9486418962478638,True,t_post_inst,t_post_inst,True
R_control,R_role_tool_vs_user@t_post_inst,17,0.6296,-0.16185961663722992,0.16185961663722992,0.03177424147725105,0.9633119702339172,True,t_post_inst,t_post_inst,True
R_control,R_role_tool_vs_user@t_post_inst,18,0.6667,0.08441489934921265,0.08441489934921265,0.03177424147725105,0.9748777151107788,True,t_post_inst,t_post_inst,True
R_control,R_role_tool_vs_user@t_post_inst,19,0.7037,0.03408540040254593,0.03408540040254593,0.03177424147725105,0.9769220352172852,True,t_post_inst,t_post_inst,True
R_control,R_role_tool_vs_user@t_post_inst,20,0.7407,0.14605334401130676,0.14605334401130676,0.03177424147725105,0.9826434850692748,True,t_post_inst,t_post_inst,True
R_control,R_role_tool_vs_user@t_post_inst,21,0.7778,0.16614367067813873,0.16614367067813873,0.03177424147725105,0.9817975163459778,True,t_post_inst,t_post_inst,True
R_control,R_role_tool_vs_user@t_post_inst,22,0.8148,0.13256460428237915,0.13256460428237915,0.03177424147725105,0.979856014251709,True,t_post_inst,t_post_inst,True
R_control,R_role_tool_vs_user@t_post_inst,23,0.8519,0.1752062439918518,0.1752062439918518,0.03177424147725105,0.9820910692214966,True,t_post_inst,t_post_inst,True
R_control,R_role_tool_vs_user@t_post_inst,24,0.8889,0.1901039183139801,0.1901039183139801,0.03177424147725105,0.9812159538269044,True,t_post_inst,t_post_inst,True
R_control,R_role_tool_vs_user@t_post_inst,25,0.9259,0.1883045881986618,0.1883045881986618,0.03177424147725105,0.9796737432479858,True,t_post_inst,t_post_inst,True
R_control,R_role_tool_vs_user@t_post_inst,26,0.963,0.16621528565883636,0.16621528565883636,0.03177424147725105,0.9765125513076782,True,t_post_inst,t_post_inst,True
R_control,R_role_tool_vs_user@t_post_inst,27,1.0,0.12524652481079102,0.12524652481079102,0.03177424147725105,0.9729852676391602,True,t_post_inst,t_post_inst,True
R_control_harmless,R_control_preguard,0,0.0,0.2789144217967987,0.2789144217967987,0.03177424147725105,0.5791198015213013,True,t_post_inst,t_post_inst,True
R_control_harmless,R_control_preguard,1,0.037,0.35686808824539185,0.35686808824539185,0.03177424147725105,0.5852768421173096,True,t_post_inst,t_post_inst,True
R_control_harmless,R_control_preguard,2,0.0741,0.11517517268657684,0.11517517268657684,0.03177424147725105,0.6414619088172913,True,t_post_inst,t_post_inst,True
R_control_harmless,R_control_preguard,3,0.1111,0.0047925906255841255,0.0047925906255841255,0.03177424147725105,0.6143907904624939,False,t_post_inst,t_post_inst,True
R_control_harmless,R_control_preguard,4,0.1481,-0.001825006678700447,0.001825006678700447,0.03177424147725105,0.5132142305374146,False,t_post_inst,t_post_inst,True
R_control_harmless,R_control_preguard,5,0.1852,-0.04285994917154312,0.04285994917154312,0.03177424147725105,0.5638057589530945,True,t_post_inst,t_post_inst,True
R_control_harmless,R_control_preguard,6,0.2222,-0.04134376719594002,0.04134376719594002,0.03177424147725105,0.5970450043678284,True,t_post_inst,t_post_inst,True
R_control_harmless,R_control_preguard,7,0.2593,-0.08762224018573761,0.08762224018573761,0.03177424147725105,0.6083372831344604,True,t_post_inst,t_post_inst,True
R_control_harmless,R_control_preguard,8,0.2963,-0.1710941642522812,0.1710941642522812,0.03177424147725105,0.6536146998405457,True,t_post_inst,t_post_inst,True
R_control_harmless,R_control_preguard,9,0.3333,-0.1262640506029129,0.1262640506029129,0.03177424147725105,0.7025991678237915,True,t_post_inst,t_post_inst,True
R_control_harmless,R_control_preguard,10,0.3704,-0.12897494435310364,0.12897494435310364,0.03177424147725105,0.7000824213027954,True,t_post_inst,t_post_inst,True
R_control_harmless,R_control_preguard,11,0.4074,-0.04098902642726898,0.04098902642726898,0.03177424147725105,0.6878952383995056,True,t_post_inst,t_post_inst,True
R_control_harmless,R_control_preguard,12,0.4444,-0.07653137296438217,0.07653137296438217,0.03177424147725105,0.6765754818916321,True,t_post_inst,t_post_inst,True
R_control_harmless,R_control_preguard,13,0.4815,0.10143040120601654,0.10143040120601654,0.03177424147725105,0.6879198551177979,True,t_post_inst,t_post_inst,True
R_control_harmless,R_control_preguard,14,0.5185,0.30983686447143555,0.30983686447143555,0.03177424147725105,0.7532275319099426,True,t_post_inst,t_post_inst,True
R_control_harmless,R_control_preguard,15,0.5556,0.45980310440063477,0.45980310440063477,0.03177424147725105,0.8175762891769409,True,t_post_inst,t_post_inst,True
R_control_harmless,R_control_preguard,16,0.5926,0.5323551893234253,0.5323551893234253,0.03177424147725105,0.8447245359420776,True,t_post_inst,t_post_inst,True
R_control_harmless,R_control_preguard,17,0.6296,0.5953518152236938,0.5953518152236938,0.03177424147725105,0.8733235597610474,True,t_post_inst,t_post_inst,True
R_control_harmless,R_control_preguard,18,0.6667,0.6944832801818848,0.6944832801818848,0.03177424147725105,0.9371529817581176,True,t_post_inst,t_post_inst,True
R_control_harmless,R_control_preguard,19,0.7037,0.6927710771560669,0.6927710771560669,0.03177424147725105,0.9397007822990416,True,t_post_inst,t_post_inst,True
R_control_harmless,R_control_preguard,20,0.7407,0.715019941329956,0.715019941329956,0.03177424147725105,0.9466384649276732,True,t_post_inst,t_post_inst,True
R_control_harmless,R_control_preguard,21,0.7778,0.690604031085968,0.690604031085968,0.03177424147725105,0.9438082575798036,True,t_post_inst,t_post_inst,True
R_control_harmless,R_control_preguard,22,0.8148,0.6679470539093018,0.6679470539093018,0.03177424147725105,0.93771630525589,True,t_post_inst,t_post_inst,True
R_control_harmless,R_control_preguard,23,0.8519,0.7173786163330078,0.7173786163330078,0.03177424147725105,0.943701446056366,True,t_post_inst,t_post_inst,True
R_control_harmless,R_control_preguard,24,0.8889,0.7091141939163208,0.7091141939163208,0.03177424147725105,0.9420490264892578,True,t_post_inst,t_post_inst,True
R_control_harmless,R_control_preguard,25,0.9259,0.700863242149353,0.700863242149353,0.03177424147725105,0.9415515661239624,True,t_post_inst,t_post_inst,True
R_control_harmless,R_control_preguard,26,0.963,0.6666856408119202,0.6666856408119202,0.03177424147725105,0.9354459643363952,True,t_post_inst,t_post_inst,True
R_control_harmless,R_control_preguard,27,1.0,0.664325475692749,0.664325475692749,0.03177424147725105,0.9298394322395324,True,t_post_inst,t_post_inst,True
R_control_harmless,R_control_unbalanced,0,0.0,0.16582056879997253,0.16582056879997253,0.03177424147725105,0.5791198015213013,True,t_post_inst,t_post_inst,True
R_control_harmless,R_control_unbalanced,1,0.037,0.1586167812347412,0.1586167812347412,0.03177424147725105,0.5852768421173096,True,t_post_inst,t_post_inst,True
R_control_harmless,R_control_unbalanced,2,0.0741,-0.029174838215112686,0.029174838215112686,0.03177424147725105,0.6414619088172913,False,t_post_inst,t_post_inst,True
R_control_harmless,R_control_unbalanced,3,0.1111,-0.11895505338907242,0.11895505338907242,0.03177424147725105,0.6143907904624939,True,t_post_inst,t_post_inst,True
R_control_harmless,R_control_unbalanced,4,0.1481,-0.14169497787952423,0.14169497787952423,0.03177424147725105,0.5132142305374146,True,t_post_inst,t_post_inst,True
R_control_harmless,R_control_unbalanced,5,0.1852,-0.08804824948310852,0.08804824948310852,0.03177424147725105,0.5638057589530945,True,t_post_inst,t_post_inst,True
R_control_harmless,R_control_unbalanced,6,0.2222,-0.11987228691577911,0.11987228691577911,0.03177424147725105,0.5970450043678284,True,t_post_inst,t_post_inst,True
R_control_harmless,R_control_unbalanced,7,0.2593,-0.13583554327487946,0.13583554327487946,0.03177424147725105,0.6083372831344604,True,t_post_inst,t_post_inst,True
R_control_harmless,R_control_unbalanced,8,0.2963,-0.1611323058605194,0.1611323058605194,0.03177424147725105,0.6536146998405457,True,t_post_inst,t_post_inst,True
R_control_harmless,R_control_unbalanced,9,0.3333,-0.1254570484161377,0.1254570484161377,0.03177424147725105,0.7025991678237915,True,t_post_inst,t_post_inst,True
R_control_harmless,R_control_unbalanced,10,0.3704,-0.044578395783901215,0.044578395783901215,0.03177424147725105,0.7000824213027954,True,t_post_inst,t_post_inst,True
R_control_harmless,R_control_unbalanced,11,0.4074,0.026909807696938515,0.026909807696938515,0.03177424147725105,0.6878952383995056,False,t_post_inst,t_post_inst,True
R_control_harmless,R_control_unbalanced,12,0.4444,0.036386970430612564,0.036386970430612564,0.03177424147725105,0.6765754818916321,True,t_post_inst,t_post_inst,True
R_control_harmless,R_control_unbalanced,13,0.4815,0.15011076629161835,0.15011076629161835,0.03177424147725105,0.6879198551177979,True,t_post_inst,t_post_inst,True
R_control_harmless,R_control_unbalanced,14,0.5185,0.2833681106567383,0.2833681106567383,0.03177424147725105,0.7532275319099426,True,t_post_inst,t_post_inst,True
R_control_harmless,R_control_unbalanced,15,0.5556,0.4562602639198303,0.4562602639198303,0.03177424147725105,0.8175762891769409,True,t_post_inst,t_post_inst,True
R_control_harmless,R_control_unbalanced,16,0.5926,0.5191739201545715,0.5191739201545715,0.03177424147725105,0.8447245359420776,True,t_post_inst,t_post_inst,True
R_control_harmless,R_control_unbalanced,17,0.6296,0.5941327214241028,0.5941327214241028,0.03177424147725105,0.8733235597610474,True,t_post_inst,t_post_inst,True
R_control_harmless,R_control_unbalanced,18,0.6667,0.6843842267990112,0.6843842267990112,0.03177424147725105,0.9371529817581176,True,t_post_inst,t_post_inst,True
R_control_harmless,R_control_unbalanced,19,0.7037,0.6910589933395386,0.6910589933395386,0.03177424147725105,0.9397007822990416,True,t_post_inst,t_post_inst,True
R_control_harmless,R_control_unbalanced,20,0.7407,0.7162528038024902,0.7162528038024902,0.03177424147725105,0.9466384649276732,True,t_post_inst,t_post_inst,True
R_control_harmless,R_control_unbalanced,21,0.7778,0.6905249357223511,0.6905249357223511,0.03177424147725105,0.9438082575798036,True,t_post_inst,t_post_inst,True
R_control_harmless,R_control_unbalanced,22,0.8148,0.66791832447052,0.66791832447052,0.03177424147725105,0.93771630525589,True,t_post_inst,t_post_inst,True
R_control_harmless,R_control_unbalanced,23,0.8519,0.7195390462875366,0.7195390462875366,0.03177424147725105,0.943701446056366,True,t_post_inst,t_post_inst,True
R_control_harmless,R_control_unbalanced,24,0.8889,0.7127166390419006,0.7127166390419006,0.03177424147725105,0.9420490264892578,True,t_post_inst,t_post_inst,True
R_control_harmless,R_control_unbalanced,25,0.9259,0.7005360126495361,0.7005360126495361,0.03177424147725105,0.9415515661239624,True,t_post_inst,t_post_inst,True
R_control_harmless,R_control_unbalanced,26,0.963,0.6694393157958984,0.6694393157958984,0.03177424147725105,0.9354459643363952,True,t_post_inst,t_post_inst,True
R_control_harmless,R_control_unbalanced,27,1.0,0.6747266054153442,0.6747266054153442,0.03177424147725105,0.9298394322395324,True,t_post_inst,t_post_inst,True
R_control_harmless,R_harm,0,0.0,-0.1019558310508728,0.1019558310508728,0.03177424147725105,0.5791198015213013,True,t_post_inst,t_inst,False
R_control_harmless,R_harm,1,0.037,-0.23441287875175476,0.23441287875175476,0.03177424147725105,0.5852768421173096,True,t_post_inst,t_inst,False
R_control_harmless,R_harm,2,0.0741,-0.1265217810869217,0.1265217810869217,0.03177424147725105,0.6414619088172913,True,t_post_inst,t_inst,False
R_control_harmless,R_harm,3,0.1111,-0.04677918553352356,0.04677918553352356,0.03177424147725105,0.6143907904624939,True,t_post_inst,t_inst,False
R_control_harmless,R_harm,4,0.1481,-0.06797806918621063,0.06797806918621063,0.03177424147725105,0.5132142305374146,True,t_post_inst,t_inst,False
R_control_harmless,R_harm,5,0.1852,-0.07389411330223083,0.07389411330223083,0.03177424147725105,0.5638057589530945,True,t_post_inst,t_inst,False
R_control_harmless,R_harm,6,0.2222,-0.07917603850364685,0.07917603850364685,0.03177424147725105,0.5970450043678284,True,t_post_inst,t_inst,False
R_control_harmless,R_harm,7,0.2593,-0.05471913516521454,0.05471913516521454,0.03177424147725105,0.6083372831344604,True,t_post_inst,t_inst,False
R_control_harmless,R_harm,8,0.2963,-0.008322324603796005,0.008322324603796005,0.03177424147725105,0.6536146998405457,False,t_post_inst,t_inst,False
R_control_harmless,R_harm,9,0.3333,-0.03533174470067024,0.03533174470067024,0.03177424147725105,0.7025991678237915,True,t_post_inst,t_inst,False
R_control_harmless,R_harm,10,0.3704,-0.001968321856111288,0.001968321856111288,0.03177424147725105,0.7000824213027954,False,t_post_inst,t_inst,False
R_control_harmless,R_harm,11,0.4074,0.01796600967645645,0.01796600967645645,0.03177424147725105,0.6878952383995056,False,t_post_inst,t_inst,False
R_control_harmless,R_harm,12,0.4444,0.0683206096291542,0.0683206096291542,0.03177424147725105,0.6765754818916321,True,t_post_inst,t_inst,False
R_control_harmless,R_harm,13,0.4815,0.08206285536289215,0.08206285536289215,0.03177424147725105,0.6879198551177979,True,t_post_inst,t_inst,False
R_control_harmless,R_harm,14,0.5185,0.10172715783119202,0.10172715783119202,0.03177424147725105,0.7532275319099426,True,t_post_inst,t_inst,False
R_control_harmless,R_harm,15,0.5556,0.10893905162811279,0.10893905162811279,0.03177424147725105,0.8175762891769409,True,t_post_inst,t_inst,False
R_control_harmless,R_harm,16,0.5926,0.13735726475715637,0.13735726475715637,0.03177424147725105,0.8447245359420776,True,t_post_inst,t_inst,False
R_control_harmless,R_harm,17,0.6296,0.1393337845802307,0.1393337845802307,0.03177424147725105,0.8733235597610474,True,t_post_inst,t_inst,False
R_control_harmless,R_harm,18,0.6667,0.13641732931137085,0.13641732931137085,0.03177424147725105,0.9371529817581176,True,t_post_inst,t_inst,False
R_control_harmless,R_harm,19,0.7037,0.11776067316532135,0.11776067316532135,0.03177424147725105,0.9397007822990416,True,t_post_inst,t_inst,False
R_control_harmless,R_harm,20,0.7407,0.07123914361000061,0.07123914361000061,0.03177424147725105,0.9466384649276732,True,t_post_inst,t_inst,False
R_control_harmless,R_harm,21,0.7778,0.059203989803791046,0.059203989803791046,0.03177424147725105,0.9438082575798036,True,t_post_inst,t_inst,False
R_control_harmless,R_harm,22,0.8148,0.08700148016214371,0.08700148016214371,0.03177424147725105,0.93771630525589,True,t_post_inst,t_inst,False
R_control_harmless,R_harm,23,0.8519,0.10231109708547592,0.10231109708547592,0.03177424147725105,0.943701446056366,True,t_post_inst,t_inst,False
R_control_harmless,R_harm,24,0.8889,0.11678560823202133,0.11678560823202133,0.03177424147725105,0.9420490264892578,True,t_post_inst,t_inst,False
R_control_harmless,R_harm,25,0.9259,0.11446813493967056,0.11446813493967056,0.03177424147725105,0.9415515661239624,True,t_post_inst,t_inst,False
R_control_harmless,R_harm,26,0.963,0.11199139803647995,0.11199139803647995,0.03177424147725105,0.9354459643363952,True,t_post_inst,t_inst,False
R_control_harmless,R_harm,27,1.0,0.13327300548553467,0.13327300548553467,0.03177424147725105,0.9298394322395324,True,t_post_inst,t_inst,False
R_control_harmless,R_harm_at_post,0,0.0,-0.47576022148132324,0.47576022148132324,0.03177424147725105,0.5791198015213013,True,t_post_inst,t_post_inst,True
R_control_harmless,R_harm_at_post,1,0.037,-0.44047704339027405,0.44047704339027405,0.03177424147725105,0.5852768421173096,True,t_post_inst,t_post_inst,True
R_control_harmless,R_harm_at_post,2,0.0741,-0.4175397753715515,0.4175397753715515,0.03177424147725105,0.6414619088172913,True,t_post_inst,t_post_inst,True
R_control_harmless,R_harm_at_post,3,0.1111,-0.4109094738960266,0.4109094738960266,0.03177424147725105,0.6143907904624939,True,t_post_inst,t_post_inst,True
R_control_harmless,R_harm_at_post,4,0.1481,-0.3317703604698181,0.3317703604698181,0.03177424147725105,0.5132142305374146,True,t_post_inst,t_post_inst,True
R_control_harmless,R_harm_at_post,5,0.1852,-0.43058067560195923,0.43058067560195923,0.03177424147725105,0.5638057589530945,True,t_post_inst,t_post_inst,True
R_control_harmless,R_harm_at_post,6,0.2222,-0.3747331202030182,0.3747331202030182,0.03177424147725105,0.5970450043678284,True,t_post_inst,t_post_inst,True
R_control_harmless,R_harm_at_post,7,0.2593,-0.40184247493743896,0.40184247493743896,0.03177424147725105,0.6083372831344604,True,t_post_inst,t_post_inst,True
R_control_harmless,R_harm_at_post,8,0.2963,-0.38827773928642273,0.38827773928642273,0.03177424147725105,0.6536146998405457,True,t_post_inst,t_post_inst,True
R_control_harmless,R_harm_at_post,9,0.3333,-0.4409438967704773,0.4409438967704773,0.03177424147725105,0.7025991678237915,True,t_post_inst,t_post_inst,True
R_control_harmless,R_harm_at_post,10,0.3704,-0.42346078157424927,0.42346078157424927,0.03177424147725105,0.7000824213027954,True,t_post_inst,t_post_inst,True
R_control_harmless,R_harm_at_post,11,0.4074,-0.3483628034591675,0.3483628034591675,0.03177424147725105,0.6878952383995056,True,t_post_inst,t_post_inst,True
R_control_harmless,R_harm_at_post,12,0.4444,-0.31607264280319214,0.31607264280319214,0.03177424147725105,0.6765754818916321,True,t_post_inst,t_post_inst,True
R_control_harmless,R_harm_at_post,13,0.4815,-0.12154604494571686,0.12154604494571686,0.03177424147725105,0.6879198551177979,True,t_post_inst,t_post_inst,True
R_control_harmless,R_harm_at_post,14,0.5185,0.11801579594612122,0.11801579594612122,0.03177424147725105,0.7532275319099426,True,t_post_inst,t_post_inst,True
R_control_harmless,R_harm_at_post,15,0.5556,0.24599039554595947,0.24599039554595947,0.03177424147725105,0.8175762891769409,True,t_post_inst,t_post_inst,True
R_control_harmless,R_harm_at_post,16,0.5926,0.32939663529396057,0.32939663529396057,0.03177424147725105,0.8447245359420776,True,t_post_inst,t_post_inst,True
R_control_harmless,R_harm_at_post,17,0.6296,0.43302977085113525,0.43302977085113525,0.03177424147725105,0.8733235597610474,True,t_post_inst,t_post_inst,True
R_control_harmless,R_harm_at_post,18,0.6667,0.6200182437896729,0.6200182437896729,0.03177424147725105,0.9371529817581176,True,t_post_inst,t_post_inst,True
R_control_harmless,R_harm_at_post,19,0.7037,0.6601829528808594,0.6601829528808594,0.03177424147725105,0.9397007822990416,True,t_post_inst,t_post_inst,True
R_control_harmless,R_harm_at_post,20,0.7407,0.7178736925125122,0.7178736925125122,0.03177424147725105,0.9466384649276732,True,t_post_inst,t_post_inst,True
R_control_harmless,R_harm_at_post,21,0.7778,0.6944665908813477,0.6944665908813477,0.03177424147725105,0.9438082575798036,True,t_post_inst,t_post_inst,True
R_control_harmless,R_harm_at_post,22,0.8148,0.6587753891944885,0.6587753891944885,0.03177424147725105,0.93771630525589,True,t_post_inst,t_post_inst,True
R_control_harmless,R_harm_at_post,23,0.8519,0.7094506025314331,0.7094506025314331,0.03177424147725105,0.943701446056366,True,t_post_inst,t_post_inst,True
R_control_harmless,R_harm_at_post,24,0.8889,0.7104869484901428,0.7104869484901428,0.03177424147725105,0.9420490264892578,True,t_post_inst,t_post_inst,True
R_control_harmless,R_harm_at_post,25,0.9259,0.7061012983322144,0.7061012983322144,0.03177424147725105,0.9415515661239624,True,t_post_inst,t_post_inst,True
R_control_harmless,R_harm_at_post,26,0.963,0.6787710189819336,0.6787710189819336,0.03177424147725105,0.9354459643363952,True,t_post_inst,t_post_inst,True
R_control_harmless,R_harm_at_post,27,1.0,0.6500983238220215,0.6500983238220215,0.03177424147725105,0.9298394322395324,True,t_post_inst,t_post_inst,True
R_control_harmless,R_harm_user,0,0.0,-0.08866088092327118,0.08866088092327118,0.03177424147725105,0.5791198015213013,True,t_post_inst,t_inst,False
R_control_harmless,R_harm_user,1,0.037,-0.22242042422294617,0.22242042422294617,0.03177424147725105,0.5852768421173096,True,t_post_inst,t_inst,False
R_control_harmless,R_harm_user,2,0.0741,-0.12491866946220398,0.12491866946220398,0.03177424147725105,0.6414619088172913,True,t_post_inst,t_inst,False
R_control_harmless,R_harm_user,3,0.1111,-0.040595799684524536,0.040595799684524536,0.03177424147725105,0.6143907904624939,True,t_post_inst,t_inst,False
R_control_harmless,R_harm_user,4,0.1481,-0.06389954686164856,0.06389954686164856,0.03177424147725105,0.5132142305374146,True,t_post_inst,t_inst,False
R_control_harmless,R_harm_user,5,0.1852,-0.07231342047452927,0.07231342047452927,0.03177424147725105,0.5638057589530945,True,t_post_inst,t_inst,False
R_control_harmless,R_harm_user,6,0.2222,-0.07792924344539642,0.07792924344539642,0.03177424147725105,0.5970450043678284,True,t_post_inst,t_inst,False
R_control_harmless,R_harm_user,7,0.2593,-0.04736318066716194,0.04736318066716194,0.03177424147725105,0.6083372831344604,True,t_post_inst,t_inst,False
R_control_harmless,R_harm_user,8,0.2963,-0.0007459367625415325,0.0007459367625415325,0.03177424147725105,0.6536146998405457,False,t_post_inst,t_inst,False
R_control_harmless,R_harm_user,9,0.3333,-0.0297200009226799,0.0297200009226799,0.03177424147725105,0.7025991678237915,False,t_post_inst,t_inst,False
R_control_harmless,R_harm_user,10,0.3704,0.00015126727521419525,0.00015126727521419525,0.03177424147725105,0.7000824213027954,False,t_post_inst,t_inst,False
R_control_harmless,R_harm_user,11,0.4074,0.013433804735541344,0.013433804735541344,0.03177424147725105,0.6878952383995056,False,t_post_inst,t_inst,False
R_control_harmless,R_harm_user,12,0.4444,0.06885464489459991,0.06885464489459991,0.03177424147725105,0.6765754818916321,True,t_post_inst,t_inst,False
R_control_harmless,R_harm_user,13,0.4815,0.08914454281330109,0.08914454281330109,0.03177424147725105,0.6879198551177979,True,t_post_inst,t_inst,False
R_control_harmless,R_harm_user,14,0.5185,0.10552683472633362,0.10552683472633362,0.03177424147725105,0.7532275319099426,True,t_post_inst,t_inst,False
R_control_harmless,R_harm_user,15,0.5556,0.10716044157743454,0.10716044157743454,0.03177424147725105,0.8175762891769409,True,t_post_inst,t_inst,False
R_control_harmless,R_harm_user,16,0.5926,0.13487794995307922,0.13487794995307922,0.03177424147725105,0.8447245359420776,True,t_post_inst,t_inst,False
R_control_harmless,R_harm_user,17,0.6296,0.12815195322036743,0.12815195322036743,0.03177424147725105,0.8733235597610474,True,t_post_inst,t_inst,False
R_control_harmless,R_harm_user,18,0.6667,0.1350438892841339,0.1350438892841339,0.03177424147725105,0.9371529817581176,True,t_post_inst,t_inst,False
R_control_harmless,R_harm_user,19,0.7037,0.11559232324361801,0.11559232324361801,0.03177424147725105,0.9397007822990416,True,t_post_inst,t_inst,False
R_control_harmless,R_harm_user,20,0.7407,0.07417495548725128,0.07417495548725128,0.03177424147725105,0.9466384649276732,True,t_post_inst,t_inst,False
R_control_harmless,R_harm_user,21,0.7778,0.05657486617565155,0.05657486617565155,0.03177424147725105,0.9438082575798036,True,t_post_inst,t_inst,False
R_control_harmless,R_harm_user,22,0.8148,0.08106200397014618,0.08106200397014618,0.03177424147725105,0.93771630525589,True,t_post_inst,t_inst,False
R_control_harmless,R_harm_user,23,0.8519,0.10037161409854889,0.10037161409854889,0.03177424147725105,0.943701446056366,True,t_post_inst,t_inst,False
R_control_harmless,R_harm_user,24,0.8889,0.11923826485872269,0.11923826485872269,0.03177424147725105,0.9420490264892578,True,t_post_inst,t_inst,False
R_control_harmless,R_harm_user,25,0.9259,0.10671558976173401,0.10671558976173401,0.03177424147725105,0.9415515661239624,True,t_post_inst,t_inst,False
R_control_harmless,R_harm_user,26,0.963,0.0922824889421463,0.0922824889421463,0.03177424147725105,0.9354459643363952,True,t_post_inst,t_inst,False
R_control_harmless,R_harm_user,27,1.0,0.06432817876338959,0.06432817876338959,0.03177424147725105,0.9298394322395324,True,t_post_inst,t_inst,False
R_control_harmless,R_role_assistant_vs_user@t_inst,0,0.0,0.0207277350127697,0.0207277350127697,0.03177424147725105,0.5791198015213013,False,t_post_inst,t_inst,False
R_control_harmless,R_role_assistant_vs_user@t_inst,1,0.037,-0.22836394608020782,0.22836394608020782,0.03177424147725105,0.5852768421173096,True,t_post_inst,t_inst,False
R_control_harmless,R_role_assistant_vs_user@t_inst,2,0.0741,-0.08646787703037262,0.08646787703037262,0.03177424147725105,0.6414619088172913,True,t_post_inst,t_inst,False
R_control_harmless,R_role_assistant_vs_user@t_inst,3,0.1111,0.08940888941287994,0.08940888941287994,0.03177424147725105,0.6143907904624939,True,t_post_inst,t_inst,False
R_control_harmless,R_role_assistant_vs_user@t_inst,4,0.1481,0.050119832158088684,0.050119832158088684,0.03177424147725105,0.5132142305374146,True,t_post_inst,t_inst,False
R_control_harmless,R_role_assistant_vs_user@t_inst,5,0.1852,0.04571188986301422,0.04571188986301422,0.03177424147725105,0.5638057589530945,True,t_post_inst,t_inst,False
R_control_harmless,R_role_assistant_vs_user@t_inst,6,0.2222,0.00795525312423706,0.00795525312423706,0.03177424147725105,0.5970450043678284,False,t_post_inst,t_inst,False
R_control_harmless,R_role_assistant_vs_user@t_inst,7,0.2593,0.03451123088598251,0.03451123088598251,0.03177424147725105,0.6083372831344604,True,t_post_inst,t_inst,False
R_control_harmless,R_role_assistant_vs_user@t_inst,8,0.2963,0.0289169829338789,0.0289169829338789,0.03177424147725105,0.6536146998405457,False,t_post_inst,t_inst,False
R_control_harmless,R_role_assistant_vs_user@t_inst,9,0.3333,-0.010902460664510727,0.010902460664510727,0.03177424147725105,0.7025991678237915,False,t_post_inst,t_inst,False
R_control_harmless,R_role_assistant_vs_user@t_inst,10,0.3704,-0.009340956807136536,0.009340956807136536,0.03177424147725105,0.7000824213027954,False,t_post_inst,t_inst,False
R_control_harmless,R_role_assistant_vs_user@t_inst,11,0.4074,-0.058508068323135376,0.058508068323135376,0.03177424147725105,0.6878952383995056,True,t_post_inst,t_inst,False
R_control_harmless,R_role_assistant_vs_user@t_inst,12,0.4444,0.016630200669169426,0.016630200669169426,0.03177424147725105,0.6765754818916321,False,t_post_inst,t_inst,False
R_control_harmless,R_role_assistant_vs_user@t_inst,13,0.4815,0.0700787752866745,0.0700787752866745,0.03177424147725105,0.6879198551177979,True,t_post_inst,t_inst,False
R_control_harmless,R_role_assistant_vs_user@t_inst,14,0.5185,0.04850112274289131,0.04850112274289131,0.03177424147725105,0.7532275319099426,True,t_post_inst,t_inst,False
R_control_harmless,R_role_assistant_vs_user@t_inst,15,0.5556,0.027234723791480064,0.027234723791480064,0.03177424147725105,0.8175762891769409,False,t_post_inst,t_inst,False
R_control_harmless,R_role_assistant_vs_user@t_inst,16,0.5926,0.05295339226722717,0.05295339226722717,0.03177424147725105,0.8447245359420776,True,t_post_inst,t_inst,False
R_control_harmless,R_role_assistant_vs_user@t_inst,17,0.6296,0.026701495051383972,0.026701495051383972,0.03177424147725105,0.8733235597610474,False,t_post_inst,t_inst,False
R_control_harmless,R_role_assistant_vs_user@t_inst,18,0.6667,0.10290203988552094,0.10290203988552094,0.03177424147725105,0.9371529817581176,True,t_post_inst,t_inst,False
R_control_harmless,R_role_assistant_vs_user@t_inst,19,0.7037,0.1666233092546463,0.1666233092546463,0.03177424147725105,0.9397007822990416,True,t_post_inst,t_inst,False
R_control_harmless,R_role_assistant_vs_user@t_inst,20,0.7407,0.2416609227657318,0.2416609227657318,0.03177424147725105,0.9466384649276732,True,t_post_inst,t_inst,False
R_control_harmless,R_role_assistant_vs_user@t_inst,21,0.7778,0.22387784719467163,0.22387784719467163,0.03177424147725105,0.9438082575798036,True,t_post_inst,t_inst,False
R_control_harmless,R_role_assistant_vs_user@t_inst,22,0.8148,0.18633227050304413,0.18633227050304413,0.03177424147725105,0.93771630525589,True,t_post_inst,t_inst,False
R_control_harmless,R_role_assistant_vs_user@t_inst,23,0.8519,0.19788500666618347,0.19788500666618347,0.03177424147725105,0.943701446056366,True,t_post_inst,t_inst,False
R_control_harmless,R_role_assistant_vs_user@t_inst,24,0.8889,0.20191216468811035,0.20191216468811035,0.03177424147725105,0.9420490264892578,True,t_post_inst,t_inst,False
R_control_harmless,R_role_assistant_vs_user@t_inst,25,0.9259,0.16860342025756836,0.16860342025756836,0.03177424147725105,0.9415515661239624,True,t_post_inst,t_inst,False
R_control_harmless,R_role_assistant_vs_user@t_inst,26,0.963,0.13926318287849426,0.13926318287849426,0.03177424147725105,0.9354459643363952,True,t_post_inst,t_inst,False
R_control_harmless,R_role_assistant_vs_user@t_inst,27,1.0,0.06457242369651794,0.06457242369651794,0.03177424147725105,0.9298394322395324,True,t_post_inst,t_inst,False
R_control_harmless,R_role_assistant_vs_user@t_post_inst,0,0.0,-0.030063722282648087,0.030063722282648087,0.03177424147725105,0.5791198015213013,False,t_post_inst,t_post_inst,True
R_control_harmless,R_role_assistant_vs_user@t_post_inst,1,0.037,-0.16002267599105835,0.16002267599105835,0.03177424147725105,0.5852768421173096,True,t_post_inst,t_post_inst,True
R_control_harmless,R_role_assistant_vs_user@t_post_inst,2,0.0741,-0.03859004005789757,0.03859004005789757,0.03177424147725105,0.6414619088172913,True,t_post_inst,t_post_inst,True
R_control_harmless,R_role_assistant_vs_user@t_post_inst,3,0.1111,-0.003794194897636771,0.003794194897636771,0.03177424147725105,0.6143907904624939,False,t_post_inst,t_post_inst,True
R_control_harmless,R_role_assistant_vs_user@t_post_inst,4,0.1481,-0.12759721279144287,0.12759721279144287,0.03177424147725105,0.5132142305374146,True,t_post_inst,t_post_inst,True
R_control_harmless,R_role_assistant_vs_user@t_post_inst,5,0.1852,0.052577387541532516,0.052577387541532516,0.03177424147725105,0.5638057589530945,True,t_post_inst,t_post_inst,True
R_control_harmless,R_role_assistant_vs_user@t_post_inst,6,0.2222,0.04030899703502655,0.04030899703502655,0.03177424147725105,0.5970450043678284,True,t_post_inst,t_post_inst,True
R_control_harmless,R_role_assistant_vs_user@t_post_inst,7,0.2593,-0.0002869926393032074,0.0002869926393032074,0.03177424147725105,0.6083372831344604,False,t_post_inst,t_post_inst,True
R_control_harmless,R_role_assistant_vs_user@t_post_inst,8,0.2963,0.05231083184480667,0.05231083184480667,0.03177424147725105,0.6536146998405457,True,t_post_inst,t_post_inst,True
R_control_harmless,R_role_assistant_vs_user@t_post_inst,9,0.3333,0.2131011188030243,0.2131011188030243,0.03177424147725105,0.7025991678237915,True,t_post_inst,t_post_inst,True
R_control_harmless,R_role_assistant_vs_user@t_post_inst,10,0.3704,0.21836648881435394,0.21836648881435394,0.03177424147725105,0.7000824213027954,True,t_post_inst,t_post_inst,True
R_control_harmless,R_role_assistant_vs_user@t_post_inst,11,0.4074,0.2043221890926361,0.2043221890926361,0.03177424147725105,0.6878952383995056,True,t_post_inst,t_post_inst,True
R_control_harmless,R_role_assistant_vs_user@t_post_inst,12,0.4444,0.17778785526752472,0.17778785526752472,0.03177424147725105,0.6765754818916321,True,t_post_inst,t_post_inst,True
R_control_harmless,R_role_assistant_vs_user@t_post_inst,13,0.4815,0.1601838916540146,0.1601838916540146,0.03177424147725105,0.6879198551177979,True,t_post_inst,t_post_inst,True
R_control_harmless,R_role_assistant_vs_user@t_post_inst,14,0.5185,0.12010425329208374,0.12010425329208374,0.03177424147725105,0.7532275319099426,True,t_post_inst,t_post_inst,True
R_control_harmless,R_role_assistant_vs_user@t_post_inst,15,0.5556,0.05844263732433319,0.05844263732433319,0.03177424147725105,0.8175762891769409,True,t_post_inst,t_post_inst,True
R_control_harmless,R_role_assistant_vs_user@t_post_inst,16,0.5926,0.10713812708854675,0.10713812708854675,0.03177424147725105,0.8447245359420776,True,t_post_inst,t_post_inst,True
R_control_harmless,R_role_assistant_vs_user@t_post_inst,17,0.6296,0.11563810706138611,0.11563810706138611,0.03177424147725105,0.8733235597610474,True,t_post_inst,t_post_inst,True
R_control_harmless,R_role_assistant_vs_user@t_post_inst,18,0.6667,0.12081921100616455,0.12081921100616455,0.03177424147725105,0.9371529817581176,True,t_post_inst,t_post_inst,True
R_control_harmless,R_role_assistant_vs_user@t_post_inst,19,0.7037,0.11747511476278305,0.11747511476278305,0.03177424147725105,0.9397007822990416,True,t_post_inst,t_post_inst,True
R_control_harmless,R_role_assistant_vs_user@t_post_inst,20,0.7407,0.1992167979478836,0.1992167979478836,0.03177424147725105,0.9466384649276732,True,t_post_inst,t_post_inst,True
R_control_harmless,R_role_assistant_vs_user@t_post_inst,21,0.7778,0.24350303411483765,0.24350303411483765,0.03177424147725105,0.9438082575798036,True,t_post_inst,t_post_inst,True
R_control_harmless,R_role_assistant_vs_user@t_post_inst,22,0.8148,0.1884370893239975,0.1884370893239975,0.03177424147725105,0.93771630525589,True,t_post_inst,t_post_inst,True
R_control_harmless,R_role_assistant_vs_user@t_post_inst,23,0.8519,0.21734890341758728,0.21734890341758728,0.03177424147725105,0.943701446056366,True,t_post_inst,t_post_inst,True
R_control_harmless,R_role_assistant_vs_user@t_post_inst,24,0.8889,0.25556278228759766,0.25556278228759766,0.03177424147725105,0.9420490264892578,True,t_post_inst,t_post_inst,True
R_control_harmless,R_role_assistant_vs_user@t_post_inst,25,0.9259,0.24804066121578217,0.24804066121578217,0.03177424147725105,0.9415515661239624,True,t_post_inst,t_post_inst,True
R_control_harmless,R_role_assistant_vs_user@t_post_inst,26,0.963,0.19695496559143066,0.19695496559143066,0.03177424147725105,0.9354459643363952,True,t_post_inst,t_post_inst,True
R_control_harmless,R_role_assistant_vs_user@t_post_inst,27,1.0,0.15413391590118408,0.15413391590118408,0.03177424147725105,0.9298394322395324,True,t_post_inst,t_post_inst,True
R_control_harmless,R_role_system_vs_user@t_inst,0,0.0,-0.027261635288596153,0.027261635288596153,0.03177424147725105,0.5791198015213013,False,t_post_inst,t_inst,False
R_control_harmless,R_role_system_vs_user@t_inst,1,0.037,0.20688845217227936,0.20688845217227936,0.03177424147725105,0.5852768421173096,True,t_post_inst,t_inst,False
R_control_harmless,R_role_system_vs_user@t_inst,2,0.0741,0.08011262863874435,0.08011262863874435,0.03177424147725105,0.6414619088172913,True,t_post_inst,t_inst,False
R_control_harmless,R_role_system_vs_user@t_inst,3,0.1111,-0.034277237951755524,0.034277237951755524,0.03177424147725105,0.6143907904624939,True,t_post_inst,t_inst,False
R_control_harmless,R_role_system_vs_user@t_inst,4,0.1481,-0.05513375997543335,0.05513375997543335,0.03177424147725105,0.5132142305374146,True,t_post_inst,t_inst,False
R_control_harmless,R_role_system_vs_user@t_inst,5,0.1852,-0.11749356240034103,0.11749356240034103,0.03177424147725105,0.5638057589530945,True,t_post_inst,t_inst,False
R_control_harmless,R_role_system_vs_user@t_inst,6,0.2222,-0.0951770544052124,0.0951770544052124,0.03177424147725105,0.5970450043678284,True,t_post_inst,t_inst,False
R_control_harmless,R_role_system_vs_user@t_inst,7,0.2593,-0.06012774631381035,0.06012774631381035,0.03177424147725105,0.6083372831344604,True,t_post_inst,t_inst,False
R_control_harmless,R_role_system_vs_user@t_inst,8,0.2963,-0.10015194118022919,0.10015194118022919,0.03177424147725105,0.6536146998405457,True,t_post_inst,t_inst,False
R_control_harmless,R_role_system_vs_user@t_inst,9,0.3333,-0.13966871798038483,0.13966871798038483,0.03177424147725105,0.7025991678237915,True,t_post_inst,t_inst,False
R_control_harmless,R_role_system_vs_user@t_inst,10,0.3704,-0.1449042558670044,0.1449042558670044,0.03177424147725105,0.7000824213027954,True,t_post_inst,t_inst,False
R_control_harmless,R_role_system_vs_user@t_inst,11,0.4074,-0.1518443375825882,0.1518443375825882,0.03177424147725105,0.6878952383995056,True,t_post_inst,t_inst,False
R_control_harmless,R_role_system_vs_user@t_inst,12,0.4444,-0.11468572914600372,0.11468572914600372,0.03177424147725105,0.6765754818916321,True,t_post_inst,t_inst,False
R_control_harmless,R_role_system_vs_user@t_inst,13,0.4815,-0.07306764274835587,0.07306764274835587,0.03177424147725105,0.6879198551177979,True,t_post_inst,t_inst,False
R_control_harmless,R_role_system_vs_user@t_inst,14,0.5185,-0.04595078155398369,0.04595078155398369,0.03177424147725105,0.7532275319099426,True,t_post_inst,t_inst,False
R_control_harmless,R_role_system_vs_user@t_inst,15,0.5556,-0.07128502428531647,0.07128502428531647,0.03177424147725105,0.8175762891769409,True,t_post_inst,t_inst,False
R_control_harmless,R_role_system_vs_user@t_inst,16,0.5926,-0.0545688197016716,0.0545688197016716,0.03177424147725105,0.8447245359420776,True,t_post_inst,t_inst,False
R_control_harmless,R_role_system_vs_user@t_inst,17,0.6296,-0.06686048954725266,0.06686048954725266,0.03177424147725105,0.8733235597610474,True,t_post_inst,t_inst,False
R_control_harmless,R_role_system_vs_user@t_inst,18,0.6667,0.010191316716372967,0.010191316716372967,0.03177424147725105,0.9371529817581176,False,t_post_inst,t_inst,False
R_control_harmless,R_role_system_vs_user@t_inst,19,0.7037,0.012082578614354134,0.012082578614354134,0.03177424147725105,0.9397007822990416,False,t_post_inst,t_inst,False
R_control_harmless,R_role_system_vs_user@t_inst,20,0.7407,0.02549687772989273,0.02549687772989273,0.03177424147725105,0.9466384649276732,False,t_post_inst,t_inst,False
R_control_harmless,R_role_system_vs_user@t_inst,21,0.7778,-0.0008705751970410347,0.0008705751970410347,0.03177424147725105,0.9438082575798036,False,t_post_inst,t_inst,False
R_control_harmless,R_role_system_vs_user@t_inst,22,0.8148,-0.0005300291813910007,0.0005300291813910007,0.03177424147725105,0.93771630525589,False,t_post_inst,t_inst,False
R_control_harmless,R_role_system_vs_user@t_inst,23,0.8519,0.004355390556156635,0.004355390556156635,0.03177424147725105,0.943701446056366,False,t_post_inst,t_inst,False
R_control_harmless,R_role_system_vs_user@t_inst,24,0.8889,-0.011607070453464985,0.011607070453464985,0.03177424147725105,0.9420490264892578,False,t_post_inst,t_inst,False
R_control_harmless,R_role_system_vs_user@t_inst,25,0.9259,-0.029258115217089653,0.029258115217089653,0.03177424147725105,0.9415515661239624,False,t_post_inst,t_inst,False
R_control_harmless,R_role_system_vs_user@t_inst,26,0.963,-0.014375918544828892,0.014375918544828892,0.03177424147725105,0.9354459643363952,False,t_post_inst,t_inst,False
R_control_harmless,R_role_system_vs_user@t_inst,27,1.0,-0.014980044215917587,0.014980044215917587,0.03177424147725105,0.9298394322395324,False,t_post_inst,t_inst,False
R_control_harmless,R_role_system_vs_user@t_post_inst,0,0.0,-0.004029120784252882,0.004029120784252882,0.03177424147725105,0.5791198015213013,False,t_post_inst,t_post_inst,True
R_control_harmless,R_role_system_vs_user@t_post_inst,1,0.037,-0.03802897408604622,0.03802897408604622,0.03177424147725105,0.5852768421173096,True,t_post_inst,t_post_inst,True
R_control_harmless,R_role_system_vs_user@t_post_inst,2,0.0741,0.023593328893184662,0.023593328893184662,0.03177424147725105,0.6414619088172913,False,t_post_inst,t_post_inst,True
R_control_harmless,R_role_system_vs_user@t_post_inst,3,0.1111,0.01855451986193657,0.01855451986193657,0.03177424147725105,0.6143907904624939,False,t_post_inst,t_post_inst,True
R_control_harmless,R_role_system_vs_user@t_post_inst,4,0.1481,0.009133806452155113,0.009133806452155113,0.03177424147725105,0.5132142305374146,False,t_post_inst,t_post_inst,True
R_control_harmless,R_role_system_vs_user@t_post_inst,5,0.1852,0.044840723276138306,0.044840723276138306,0.03177424147725105,0.5638057589530945,True,t_post_inst,t_post_inst,True
R_control_harmless,R_role_system_vs_user@t_post_inst,6,0.2222,0.10805709660053253,0.10805709660053253,0.03177424147725105,0.5970450043678284,True,t_post_inst,t_post_inst,True
R_control_harmless,R_role_system_vs_user@t_post_inst,7,0.2593,0.11366990208625793,0.11366990208625793,0.03177424147725105,0.6083372831344604,True,t_post_inst,t_post_inst,True
R_control_harmless,R_role_system_vs_user@t_post_inst,8,0.2963,0.14930438995361328,0.14930438995361328,0.03177424147725105,0.6536146998405457,True,t_post_inst,t_post_inst,True
R_control_harmless,R_role_system_vs_user@t_post_inst,9,0.3333,0.25932446122169495,0.25932446122169495,0.03177424147725105,0.7025991678237915,True,t_post_inst,t_post_inst,True
R_control_harmless,R_role_system_vs_user@t_post_inst,10,0.3704,0.20784884691238403,0.20784884691238403,0.03177424147725105,0.7000824213027954,True,t_post_inst,t_post_inst,True
R_control_harmless,R_role_system_vs_user@t_post_inst,11,0.4074,0.15825656056404114,0.15825656056404114,0.03177424147725105,0.6878952383995056,True,t_post_inst,t_post_inst,True
R_control_harmless,R_role_system_vs_user@t_post_inst,12,0.4444,0.08754707127809525,0.08754707127809525,0.03177424147725105,0.6765754818916321,True,t_post_inst,t_post_inst,True
R_control_harmless,R_role_system_vs_user@t_post_inst,13,0.4815,0.10451404005289078,0.10451404005289078,0.03177424147725105,0.6879198551177979,True,t_post_inst,t_post_inst,True
R_control_harmless,R_role_system_vs_user@t_post_inst,14,0.5185,0.09163738787174225,0.09163738787174225,0.03177424147725105,0.7532275319099426,True,t_post_inst,t_post_inst,True
R_control_harmless,R_role_system_vs_user@t_post_inst,15,0.5556,0.024627959355711937,0.024627959355711937,0.03177424147725105,0.8175762891769409,False,t_post_inst,t_post_inst,True
R_control_harmless,R_role_system_vs_user@t_post_inst,16,0.5926,0.08507887274026871,0.08507887274026871,0.03177424147725105,0.8447245359420776,True,t_post_inst,t_post_inst,True
R_control_harmless,R_role_system_vs_user@t_post_inst,17,0.6296,0.041320595890283585,0.041320595890283585,0.03177424147725105,0.8733235597610474,True,t_post_inst,t_post_inst,True
R_control_harmless,R_role_system_vs_user@t_post_inst,18,0.6667,0.029589679092168808,0.029589679092168808,0.03177424147725105,0.9371529817581176,False,t_post_inst,t_post_inst,True
R_control_harmless,R_role_system_vs_user@t_post_inst,19,0.7037,0.06837030500173569,0.06837030500173569,0.03177424147725105,0.9397007822990416,True,t_post_inst,t_post_inst,True
R_control_harmless,R_role_system_vs_user@t_post_inst,20,0.7407,0.043945834040641785,0.043945834040641785,0.03177424147725105,0.9466384649276732,True,t_post_inst,t_post_inst,True
R_control_harmless,R_role_system_vs_user@t_post_inst,21,0.7778,0.06887421011924744,0.06887421011924744,0.03177424147725105,0.9438082575798036,True,t_post_inst,t_post_inst,True
R_control_harmless,R_role_system_vs_user@t_post_inst,22,0.8148,0.04242139309644699,0.04242139309644699,0.03177424147725105,0.93771630525589,True,t_post_inst,t_post_inst,True
R_control_harmless,R_role_system_vs_user@t_post_inst,23,0.8519,0.027267558500170708,0.027267558500170708,0.03177424147725105,0.943701446056366,False,t_post_inst,t_post_inst,True
R_control_harmless,R_role_system_vs_user@t_post_inst,24,0.8889,0.029903879389166832,0.029903879389166832,0.03177424147725105,0.9420490264892578,False,t_post_inst,t_post_inst,True
R_control_harmless,R_role_system_vs_user@t_post_inst,25,0.9259,0.10069896280765533,0.10069896280765533,0.03177424147725105,0.9415515661239624,True,t_post_inst,t_post_inst,True
R_control_harmless,R_role_system_vs_user@t_post_inst,26,0.963,0.07403352856636047,0.07403352856636047,0.03177424147725105,0.9354459643363952,True,t_post_inst,t_post_inst,True
R_control_harmless,R_role_system_vs_user@t_post_inst,27,1.0,0.01967376098036766,0.01967376098036766,0.03177424147725105,0.9298394322395324,False,t_post_inst,t_post_inst,True
R_control_harmless,R_role_tool_vs_user@t_inst,0,0.0,0.06399088352918625,0.06399088352918625,0.03177424147725105,0.5791198015213013,True,t_post_inst,t_inst,False
R_control_harmless,R_role_tool_vs_user@t_inst,1,0.037,-0.08868657797574997,0.08868657797574997,0.03177424147725105,0.5852768421173096,True,t_post_inst,t_inst,False
R_control_harmless,R_role_tool_vs_user@t_inst,2,0.0741,-0.04524751380085945,0.04524751380085945,0.03177424147725105,0.6414619088172913,True,t_post_inst,t_inst,False
R_control_harmless,R_role_tool_vs_user@t_inst,3,0.1111,0.043047819286584854,0.043047819286584854,0.03177424147725105,0.6143907904624939,True,t_post_inst,t_inst,False
R_control_harmless,R_role_tool_vs_user@t_inst,4,0.1481,0.03338683396577835,0.03338683396577835,0.03177424147725105,0.5132142305374146,True,t_post_inst,t_inst,False
R_control_harmless,R_role_tool_vs_user@t_inst,5,0.1852,0.051643840968608856,0.051643840968608856,0.03177424147725105,0.5638057589530945,True,t_post_inst,t_inst,False
R_control_harmless,R_role_tool_vs_user@t_inst,6,0.2222,0.03288010135293007,0.03288010135293007,0.03177424147725105,0.5970450043678284,True,t_post_inst,t_inst,False
R_control_harmless,R_role_tool_vs_user@t_inst,7,0.2593,0.05371309071779251,0.05371309071779251,0.03177424147725105,0.6083372831344604,True,t_post_inst,t_inst,False
R_control_harmless,R_role_tool_vs_user@t_inst,8,0.2963,0.05142628401517868,0.05142628401517868,0.03177424147725105,0.6536146998405457,True,t_post_inst,t_inst,False
R_control_harmless,R_role_tool_vs_user@t_inst,9,0.3333,0.03683320805430412,0.03683320805430412,0.03177424147725105,0.7025991678237915,True,t_post_inst,t_inst,False
R_control_harmless,R_role_tool_vs_user@t_inst,10,0.3704,0.017244450747966766,0.017244450747966766,0.03177424147725105,0.7000824213027954,False,t_post_inst,t_inst,False
R_control_harmless,R_role_tool_vs_user@t_inst,11,0.4074,-0.011281421408057213,0.011281421408057213,0.03177424147725105,0.6878952383995056,False,t_post_inst,t_inst,False
R_control_harmless,R_role_tool_vs_user@t_inst,12,0.4444,0.019941743463277817,0.019941743463277817,0.03177424147725105,0.6765754818916321,False,t_post_inst,t_inst,False
R_control_harmless,R_role_tool_vs_user@t_inst,13,0.4815,0.054476670920848846,0.054476670920848846,0.03177424147725105,0.6879198551177979,True,t_post_inst,t_inst,False
R_control_harmless,R_role_tool_vs_user@t_inst,14,0.5185,0.025503795593976974,0.025503795593976974,0.03177424147725105,0.7532275319099426,False,t_post_inst,t_inst,False
R_control_harmless,R_role_tool_vs_user@t_inst,15,0.5556,0.037664853036403656,0.037664853036403656,0.03177424147725105,0.8175762891769409,True,t_post_inst,t_inst,False
R_control_harmless,R_role_tool_vs_user@t_inst,16,0.5926,0.04102212190628052,0.04102212190628052,0.03177424147725105,0.8447245359420776,True,t_post_inst,t_inst,False
R_control_harmless,R_role_tool_vs_user@t_inst,17,0.6296,0.01715211570262909,0.01715211570262909,0.03177424147725105,0.8733235597610474,False,t_post_inst,t_inst,False
R_control_harmless,R_role_tool_vs_user@t_inst,18,0.6667,0.038574740290641785,0.038574740290641785,0.03177424147725105,0.9371529817581176,True,t_post_inst,t_inst,False
R_control_harmless,R_role_tool_vs_user@t_inst,19,0.7037,0.04701753705739975,0.04701753705739975,0.03177424147725105,0.9397007822990416,True,t_post_inst,t_inst,False
R_control_harmless,R_role_tool_vs_user@t_inst,20,0.7407,0.0510951466858387,0.0510951466858387,0.03177424147725105,0.9466384649276732,True,t_post_inst,t_inst,False
R_control_harmless,R_role_tool_vs_user@t_inst,21,0.7778,0.02410469576716423,0.02410469576716423,0.03177424147725105,0.9438082575798036,False,t_post_inst,t_inst,False
R_control_harmless,R_role_tool_vs_user@t_inst,22,0.8148,0.04368375986814499,0.04368375986814499,0.03177424147725105,0.93771630525589,True,t_post_inst,t_inst,False
R_control_harmless,R_role_tool_vs_user@t_inst,23,0.8519,0.03724798560142517,0.03724798560142517,0.03177424147725105,0.943701446056366,True,t_post_inst,t_inst,False
R_control_harmless,R_role_tool_vs_user@t_inst,24,0.8889,0.04478997737169266,0.04478997737169266,0.03177424147725105,0.9420490264892578,True,t_post_inst,t_inst,False
R_control_harmless,R_role_tool_vs_user@t_inst,25,0.9259,0.008219368755817413,0.008219368755817413,0.03177424147725105,0.9415515661239624,False,t_post_inst,t_inst,False
R_control_harmless,R_role_tool_vs_user@t_inst,26,0.963,-0.011068997904658318,0.011068997904658318,0.03177424147725105,0.9354459643363952,False,t_post_inst,t_inst,False
R_control_harmless,R_role_tool_vs_user@t_inst,27,1.0,-0.10108277201652527,0.10108277201652527,0.03177424147725105,0.9298394322395324,True,t_post_inst,t_inst,False
R_control_harmless,R_role_tool_vs_user@t_post_inst,0,0.0,0.059244342148303986,0.059244342148303986,0.03177424147725105,0.5791198015213013,True,t_post_inst,t_post_inst,True
R_control_harmless,R_role_tool_vs_user@t_post_inst,1,0.037,-0.08059050142765045,0.08059050142765045,0.03177424147725105,0.5852768421173096,True,t_post_inst,t_post_inst,True
R_control_harmless,R_role_tool_vs_user@t_post_inst,2,0.0741,-0.006790547631680965,0.006790547631680965,0.03177424147725105,0.6414619088172913,False,t_post_inst,t_post_inst,True
R_control_harmless,R_role_tool_vs_user@t_post_inst,3,0.1111,0.00958096981048584,0.00958096981048584,0.03177424147725105,0.6143907904624939,False,t_post_inst,t_post_inst,True
R_control_harmless,R_role_tool_vs_user@t_post_inst,4,0.1481,-0.02978556603193283,0.02978556603193283,0.03177424147725105,0.5132142305374146,False,t_post_inst,t_post_inst,True
R_control_harmless,R_role_tool_vs_user@t_post_inst,5,0.1852,0.16805246472358704,0.16805246472358704,0.03177424147725105,0.5638057589530945,True,t_post_inst,t_post_inst,True
R_control_harmless,R_role_tool_vs_user@t_post_inst,6,0.2222,0.20352128148078918,0.20352128148078918,0.03177424147725105,0.5970450043678284,True,t_post_inst,t_post_inst,True
R_control_harmless,R_role_tool_vs_user@t_post_inst,7,0.2593,0.21420136094093323,0.21420136094093323,0.03177424147725105,0.6083372831344604,True,t_post_inst,t_post_inst,True
R_control_harmless,R_role_tool_vs_user@t_post_inst,8,0.2963,0.2798078954219818,0.2798078954219818,0.03177424147725105,0.6536146998405457,True,t_post_inst,t_post_inst,True
R_control_harmless,R_role_tool_vs_user@t_post_inst,9,0.3333,0.27399128675460815,0.27399128675460815,0.03177424147725105,0.7025991678237915,True,t_post_inst,t_post_inst,True
R_control_harmless,R_role_tool_vs_user@t_post_inst,10,0.3704,0.2714880406856537,0.2714880406856537,0.03177424147725105,0.7000824213027954,True,t_post_inst,t_post_inst,True
R_control_harmless,R_role_tool_vs_user@t_post_inst,11,0.4074,0.23915256559848785,0.23915256559848785,0.03177424147725105,0.6878952383995056,True,t_post_inst,t_post_inst,True
R_control_harmless,R_role_tool_vs_user@t_post_inst,12,0.4444,0.18946672976016998,0.18946672976016998,0.03177424147725105,0.6765754818916321,True,t_post_inst,t_post_inst,True
R_control_harmless,R_role_tool_vs_user@t_post_inst,13,0.4815,0.14174309372901917,0.14174309372901917,0.03177424147725105,0.6879198551177979,True,t_post_inst,t_post_inst,True
R_control_harmless,R_role_tool_vs_user@t_post_inst,14,0.5185,0.07505865395069122,0.07505865395069122,0.03177424147725105,0.7532275319099426,True,t_post_inst,t_post_inst,True
R_control_harmless,R_role_tool_vs_user@t_post_inst,15,0.5556,0.011872516945004463,0.011872516945004463,0.03177424147725105,0.8175762891769409,False,t_post_inst,t_post_inst,True
R_control_harmless,R_role_tool_vs_user@t_post_inst,16,0.5926,0.0154559426009655,0.0154559426009655,0.03177424147725105,0.8447245359420776,False,t_post_inst,t_post_inst,True
R_control_harmless,R_role_tool_vs_user@t_post_inst,17,0.6296,-0.0013822950422763824,0.0013822950422763824,0.03177424147725105,0.8733235597610474,False,t_post_inst,t_post_inst,True
R_control_harmless,R_role_tool_vs_user@t_post_inst,18,0.6667,0.11644849926233292,0.11644849926233292,0.03177424147725105,0.9371529817581176,True,t_post_inst,t_post_inst,True
R_control_harmless,R_role_tool_vs_user@t_post_inst,19,0.7037,0.10990138351917267,0.10990138351917267,0.03177424147725105,0.9397007822990416,True,t_post_inst,t_post_inst,True
R_control_harmless,R_role_tool_vs_user@t_post_inst,20,0.7407,0.19315041601657867,0.19315041601657867,0.03177424147725105,0.9466384649276732,True,t_post_inst,t_post_inst,True
R_control_harmless,R_role_tool_vs_user@t_post_inst,21,0.7778,0.24888159334659576,0.24888159334659576,0.03177424147725105,0.9438082575798036,True,t_post_inst,t_post_inst,True
R_control_harmless,R_role_tool_vs_user@t_post_inst,22,0.8148,0.23349840939044952,0.23349840939044952,0.03177424147725105,0.93771630525589,True,t_post_inst,t_post_inst,True
R_control_harmless,R_role_tool_vs_user@t_post_inst,23,0.8519,0.2853284180164337,0.2853284180164337,0.03177424147725105,0.943701446056366,True,t_post_inst,t_post_inst,True
R_control_harmless,R_role_tool_vs_user@t_post_inst,24,0.8889,0.28180307149887085,0.28180307149887085,0.03177424147725105,0.9420490264892578,True,t_post_inst,t_post_inst,True
R_control_harmless,R_role_tool_vs_user@t_post_inst,25,0.9259,0.27935630083084106,0.27935630083084106,0.03177424147725105,0.9415515661239624,True,t_post_inst,t_post_inst,True
R_control_harmless,R_role_tool_vs_user@t_post_inst,26,0.963,0.2526198923587799,0.2526198923587799,0.03177424147725105,0.9354459643363952,True,t_post_inst,t_post_inst,True
R_control_harmless,R_role_tool_vs_user@t_post_inst,27,1.0,0.24783413112163544,0.24783413112163544,0.03177424147725105,0.9298394322395324,True,t_post_inst,t_post_inst,True
R_control_preguard,R_control_unbalanced,0,0.0,0.7451832294464111,0.7451832294464111,0.03177424147725105,0.8220481872558594,True,t_post_inst,t_post_inst,True
R_control_preguard,R_control_unbalanced,1,0.037,0.7619826197624207,0.7619826197624207,0.03177424147725105,0.7897539734840393,True,t_post_inst,t_post_inst,True
R_control_preguard,R_control_unbalanced,2,0.0741,0.7567826509475708,0.7567826509475708,0.03177424147725105,0.7727996706962585,True,t_post_inst,t_post_inst,True
R_control_preguard,R_control_unbalanced,3,0.1111,0.7035795450210571,0.7035795450210571,0.03177424147725105,0.7718900442123413,True,t_post_inst,t_post_inst,True
R_control_preguard,R_control_unbalanced,4,0.1481,0.6764593124389648,0.6764593124389648,0.03177424147725105,0.744530975818634,True,t_post_inst,t_post_inst,True
R_control_preguard,R_control_unbalanced,5,0.1852,0.631912112236023,0.631912112236023,0.03177424147725105,0.7889321446418762,True,t_post_inst,t_post_inst,True
R_control_preguard,R_control_unbalanced,6,0.2222,0.6541446447372437,0.6541446447372437,0.03177424147725105,0.7830798625946045,True,t_post_inst,t_post_inst,True
R_control_preguard,R_control_unbalanced,7,0.2593,0.7204720973968506,0.7204720973968506,0.03177424147725105,0.8006145358085632,True,t_post_inst,t_post_inst,True
R_control_preguard,R_control_unbalanced,8,0.2963,0.7094454169273376,0.7094454169273376,0.03177424147725105,0.7835728526115417,True,t_post_inst,t_post_inst,True
R_control_preguard,R_control_unbalanced,9,0.3333,0.6528773307800293,0.6528773307800293,0.03177424147725105,0.733785092830658,True,t_post_inst,t_post_inst,True
R_control_preguard,R_control_unbalanced,10,0.3704,0.60849928855896,0.60849928855896,0.03177424147725105,0.7148844599723816,True,t_post_inst,t_post_inst,True
R_control_preguard,R_control_unbalanced,11,0.4074,0.6022462844848633,0.6022462844848633,0.03177424147725105,0.7332113981246948,True,t_post_inst,t_post_inst,True
R_control_preguard,R_control_unbalanced,12,0.4444,0.6441066861152649,0.6441066861152649,0.03177424147725105,0.7586361169815063,True,t_post_inst,t_post_inst,True
R_control_preguard,R_control_unbalanced,13,0.4815,0.7454667687416077,0.7454667687416077,0.03177424147725105,0.8520153760910034,True,t_post_inst,t_post_inst,True
R_control_preguard,R_control_unbalanced,14,0.5185,0.8329631090164185,0.8329631090164185,0.03177424147725105,0.9103854298591614,True,t_post_inst,t_post_inst,True
R_control_preguard,R_control_unbalanced,15,0.5556,0.8820178508758545,0.8820178508758545,0.03177424147725105,0.9330968856811525,True,t_post_inst,t_post_inst,True
R_control_preguard,R_control_unbalanced,16,0.5926,0.9108913540840149,0.9108913540840149,0.03177424147725105,0.9486418962478638,True,t_post_inst,t_post_inst,True
R_control_preguard,R_control_unbalanced,17,0.6296,0.9373826384544373,0.9373826384544373,0.03177424147725105,0.9633119702339172,True,t_post_inst,t_post_inst,True
R_control_preguard,R_control_unbalanced,18,0.6667,0.9559794664382935,0.9559794664382935,0.03177424147725105,0.9748777151107788,True,t_post_inst,t_post_inst,True
R_control_preguard,R_control_unbalanced,19,0.7037,0.9579834342002869,0.9579834342002869,0.03177424147725105,0.9769220352172852,True,t_post_inst,t_post_inst,True
R_control_preguard,R_control_unbalanced,20,0.7407,0.967410683631897,0.967410683631897,0.03177424147725105,0.9826434850692748,True,t_post_inst,t_post_inst,True
R_control_preguard,R_control_unbalanced,21,0.7778,0.9672015905380249,0.9672015905380249,0.03177424147725105,0.9817975163459778,True,t_post_inst,t_post_inst,True
R_control_preguard,R_control_unbalanced,22,0.8148,0.9629738330841064,0.9629738330841064,0.03177424147725105,0.979856014251709,True,t_post_inst,t_post_inst,True
R_control_preguard,R_control_unbalanced,23,0.8519,0.9673827886581421,0.9673827886581421,0.03177424147725105,0.9820910692214966,True,t_post_inst,t_post_inst,True
R_control_preguard,R_control_unbalanced,24,0.8889,0.9681042432785034,0.9681042432785034,0.03177424147725105,0.9812159538269044,True,t_post_inst,t_post_inst,True
R_control_preguard,R_control_unbalanced,25,0.9259,0.967529833316803,0.967529833316803,0.03177424147725105,0.9796737432479858,True,t_post_inst,t_post_inst,True
R_control_preguard,R_control_unbalanced,26,0.963,0.9650329947471619,0.9650329947471619,0.03177424147725105,0.9765125513076782,True,t_post_inst,t_post_inst,True
R_control_preguard,R_control_unbalanced,27,1.0,0.9573522806167603,0.9573522806167603,0.03177424147725105,0.9729852676391602,True,t_post_inst,t_post_inst,True
R_control_preguard,R_harm,0,0.0,-0.13021808862686157,0.13021808862686157,0.03177424147725105,0.9398805499076844,True,t_post_inst,t_inst,False
R_control_preguard,R_harm,1,0.037,-0.2335069179534912,0.2335069179534912,0.03177424147725105,0.9490345120429992,True,t_post_inst,t_inst,False
R_control_preguard,R_harm,2,0.0741,-0.11572188138961792,0.11572188138961792,0.03177424147725105,0.9411603808403016,True,t_post_inst,t_inst,False
R_control_preguard,R_harm,3,0.1111,0.019228430464863777,0.019228430464863777,0.03177424147725105,0.940788745880127,False,t_post_inst,t_inst,False
R_control_preguard,R_harm,4,0.1481,-0.06922050565481186,0.06922050565481186,0.03177424147725105,0.9395505785942078,True,t_post_inst,t_inst,False
R_control_preguard,R_harm,5,0.1852,-0.01574302464723587,0.01574302464723587,0.03177424147725105,0.938560962677002,False,t_post_inst,t_inst,False
R_control_preguard,R_harm,6,0.2222,-0.044035427272319794,0.044035427272319794,0.03177424147725105,0.944531261920929,True,t_post_inst,t_inst,False
R_control_preguard,R_harm,7,0.2593,-0.023062188178300858,0.023062188178300858,0.03177424147725105,0.9523860812187196,False,t_post_inst,t_inst,False
R_control_preguard,R_harm,8,0.2963,-0.04215417057275772,0.04215417057275772,0.03177424147725105,0.9491775631904602,True,t_post_inst,t_inst,False
R_control_preguard,R_harm,9,0.3333,-0.02743574231863022,0.02743574231863022,0.03177424147725105,0.9359961748123168,False,t_post_inst,t_inst,False
R_control_preguard,R_harm,10,0.3704,-0.04105420038104057,0.04105420038104057,0.03177424147725105,0.9327532052993774,True,t_post_inst,t_inst,False
R_control_preguard,R_harm,11,0.4074,-0.0790189802646637,0.0790189802646637,0.03177424147725105,0.936552882194519,True,t_post_inst,t_inst,False
R_control_preguard,R_harm,12,0.4444,-0.02225535362958908,0.02225535362958908,0.03177424147725105,0.9396017789840698,False,t_post_inst,t_inst,False
R_control_preguard,R_harm,13,0.4815,0.07109726965427399,0.07109726965427399,0.03177424147725105,0.9596103429794312,True,t_post_inst,t_inst,False
R_control_preguard,R_harm,14,0.5185,0.1146206259727478,0.1146206259727478,0.03177424147725105,0.970018744468689,True,t_post_inst,t_inst,False
R_control_preguard,R_harm,15,0.5556,0.15804368257522583,0.15804368257522583,0.03177424147725105,0.9772595167160034,True,t_post_inst,t_inst,False
R_control_preguard,R_harm,16,0.5926,0.19719043374061584,0.19719043374061584,0.03177424147725105,0.9817277789115906,True,t_post_inst,t_inst,False
R_control_preguard,R_harm,17,0.6296,0.19205142557621002,0.19205142557621002,0.03177424147725105,0.9869874119758606,True,t_post_inst,t_inst,False
R_control_preguard,R_harm,18,0.6667,0.17138484120368958,0.17138484120368958,0.03177424147725105,0.9902278184890748,True,t_post_inst,t_inst,False
R_control_preguard,R_harm,19,0.7037,0.1470552235841751,0.1470552235841751,0.03177424147725105,0.9906858205795288,True,t_post_inst,t_inst,False
R_control_preguard,R_harm,20,0.7407,0.11194206774234772,0.11194206774234772,0.03177424147725105,0.9924008250236512,True,t_post_inst,t_inst,False
R_control_preguard,R_harm,21,0.7778,0.10114163160324097,0.10114163160324097,0.03177424147725105,0.991822063922882,True,t_post_inst,t_inst,False
R_control_preguard,R_harm,22,0.8148,0.15821242332458496,0.15821242332458496,0.03177424147725105,0.9904620051383972,True,t_post_inst,t_inst,False
R_control_preguard,R_harm,23,0.8519,0.1477157473564148,0.1477157473564148,0.03177424147725105,0.9885958433151244,True,t_post_inst,t_inst,False
R_control_preguard,R_harm,24,0.8889,0.161110520362854,0.161110520362854,0.03177424147725105,0.987680435180664,True,t_post_inst,t_inst,False
R_control_preguard,R_harm,25,0.9259,0.13302302360534668,0.13302302360534668,0.03177424147725105,0.9873052835464478,True,t_post_inst,t_inst,False
R_control_preguard,R_harm,26,0.963,0.12827984988689423,0.12827984988689423,0.03177424147725105,0.9860822558403016,True,t_post_inst,t_inst,False
R_control_preguard,R_harm,27,1.0,0.18701881170272827,0.18701881170272827,0.03177424147725105,0.9879905581474304,True,t_post_inst,t_inst,False
R_control_preguard,R_harm_at_post,0,0.0,-0.08050704002380371,0.08050704002380371,0.03177424147725105,0.9398805499076844,True,t_post_inst,t_post_inst,True
R_control_preguard,R_harm_at_post,1,0.037,-0.1348259449005127,0.1348259449005127,0.03177424147725105,0.9490345120429992,True,t_post_inst,t_post_inst,True
R_control_preguard,R_harm_at_post,2,0.0741,0.02835191786289215,0.02835191786289215,0.03177424147725105,0.9411603808403016,False,t_post_inst,t_post_inst,True
R_control_preguard,R_harm_at_post,3,0.1111,0.07380522042512894,0.07380522042512894,0.03177424147725105,0.940788745880127,True,t_post_inst,t_post_inst,True
R_control_preguard,R_harm_at_post,4,0.1481,0.1410832405090332,0.1410832405090332,0.03177424147725105,0.9395505785942078,True,t_post_inst,t_post_inst,True
R_control_preguard,R_harm_at_post,5,0.1852,0.14799092710018158,0.14799092710018158,0.03177424147725105,0.938560962677002,True,t_post_inst,t_post_inst,True
R_control_preguard,R_harm_at_post,6,0.2222,0.16750989854335785,0.16750989854335785,0.03177424147725105,0.944531261920929,True,t_post_inst,t_post_inst,True
R_control_preguard,R_harm_at_post,7,0.2593,0.20094841718673706,0.20094841718673706,0.03177424147725105,0.9523860812187196,True,t_post_inst,t_post_inst,True
R_control_preguard,R_harm_at_post,8,0.2963,0.25574883818626404,0.25574883818626404,0.03177424147725105,0.9491775631904602,True,t_post_inst,t_post_inst,True
R_control_preguard,R_harm_at_post,9,0.3333,0.2180517315864563,0.2180517315864563,0.03177424147725105,0.9359961748123168,True,t_post_inst,t_post_inst,True
R_control_preguard,R_harm_at_post,10,0.3704,0.21648845076560974,0.21648845076560974,0.03177424147725105,0.9327532052993774,True,t_post_inst,t_post_inst,True
R_control_preguard,R_harm_at_post,11,0.4074,0.29659849405288696,0.29659849405288696,0.03177424147725105,0.936552882194519,True,t_post_inst,t_post_inst,True
R_control_preguard,R_harm_at_post,12,0.4444,0.2666841447353363,0.2666841447353363,0.03177424147725105,0.9396017789840698,True,t_post_inst,t_post_inst,True
R_control_preguard,R_harm_at_post,13,0.4815,0.5296774506568909,0.5296774506568909,0.03177424147725105,0.9596103429794312,True,t_post_inst,t_post_inst,True
R_control_preguard,R_harm_at_post,14,0.5185,0.5979077816009521,0.5979077816009521,0.03177424147725105,0.970018744468689,True,t_post_inst,t_post_inst,True
R_control_preguard,R_harm_at_post,15,0.5556,0.6484453082084656,0.6484453082084656,0.03177424147725105,0.9772595167160034,True,t_post_inst,t_post_inst,True
R_control_preguard,R_harm_at_post,16,0.5926,0.6927542686462402,0.6927542686462402,0.03177424147725105,0.9817277789115906,True,t_post_inst,t_post_inst,True
R_control_preguard,R_harm_at_post,17,0.6296,0.7454279661178589,0.7454279661178589,0.03177424147725105,0.9869874119758606,True,t_post_inst,t_post_inst,True
R_control_preguard,R_harm_at_post,18,0.6667,0.8016759157180786,0.8016759157180786,0.03177424147725105,0.9902278184890748,True,t_post_inst,t_post_inst,True
R_control_preguard,R_harm_at_post,19,0.7037,0.8030992746353149,0.8030992746353149,0.03177424147725105,0.9906858205795288,True,t_post_inst,t_post_inst,True
R_control_preguard,R_harm_at_post,20,0.7407,0.8195140957832336,0.8195140957832336,0.03177424147725105,0.9924442172050476,True,t_post_inst,t_post_inst,True
R_control_preguard,R_harm_at_post,21,0.7778,0.8052462935447693,0.8052462935447693,0.03177424147725105,0.9921847581863404,True,t_post_inst,t_post_inst,True
R_control_preguard,R_harm_at_post,22,0.8148,0.8105529546737671,0.8105529546737671,0.03177424147725105,0.99161958694458,True,t_post_inst,t_post_inst,True
R_control_preguard,R_harm_at_post,23,0.8519,0.8437623977661133,0.8437623977661133,0.03177424147725105,0.9926584959030152,True,t_post_inst,t_post_inst,True
R_control_preguard,R_harm_at_post,24,0.8889,0.8467534780502319,0.8467534780502319,0.03177424147725105,0.9924755096435548,True,t_post_inst,t_post_inst,True
R_control_preguard,R_harm_at_post,25,0.9259,0.8433342576026917,0.8433342576026917,0.03177424147725105,0.9919241070747375,True,t_post_inst,t_post_inst,True
R_control_preguard,R_harm_at_post,26,0.963,0.8358972072601318,0.8358972072601318,0.03177424147725105,0.9910482168197632,True,t_post_inst,t_post_inst,True
R_control_preguard,R_harm_at_post,27,1.0,0.818183422088623,0.818183422088623,0.03177424147725105,0.989721655845642,True,t_post_inst,t_post_inst,True
R_control_preguard,R_harm_user,0,0.0,-0.09532367438077927,0.09532367438077927,0.03177424147725105,0.9398805499076844,True,t_post_inst,t_inst,False
R_control_preguard,R_harm_user,1,0.037,-0.21060863137245178,0.21060863137245178,0.03177424147725105,0.9490345120429992,True,t_post_inst,t_inst,False
R_control_preguard,R_harm_user,2,0.0741,-0.10615353286266327,0.10615353286266327,0.03177424147725105,0.9411603808403016,True,t_post_inst,t_inst,False
R_control_preguard,R_harm_user,3,0.1111,0.02627015858888626,0.02627015858888626,0.03177424147725105,0.940788745880127,False,t_post_inst,t_inst,False
R_control_preguard,R_harm_user,4,0.1481,-0.06813610345125198,0.06813610345125198,0.03177424147725105,0.9395505785942078,True,t_post_inst,t_inst,False
R_control_preguard,R_harm_user,5,0.1852,-0.008880715817213058,0.008880715817213058,0.03177424147725105,0.938560962677002,False,t_post_inst,t_inst,False
R_control_preguard,R_harm_user,6,0.2222,-0.036823902279138565,0.036823902279138565,0.03177424147725105,0.944531261920929,True,t_post_inst,t_inst,False
R_control_preguard,R_harm_user,7,0.2593,-0.022844575345516205,0.022844575345516205,0.03177424147725105,0.9523860812187196,False,t_post_inst,t_inst,False
R_control_preguard,R_harm_user,8,0.2963,-0.041055720299482346,0.041055720299482346,0.03177424147725105,0.9491775631904602,True,t_post_inst,t_inst,False
R_control_preguard,R_harm_user,9,0.3333,-0.023265279829502106,0.023265279829502106,0.03177424147725105,0.9359961748123168,False,t_post_inst,t_inst,False
R_control_preguard,R_harm_user,10,0.3704,-0.03800911456346512,0.03800911456346512,0.03177424147725105,0.9327532052993774,True,t_post_inst,t_inst,False
R_control_preguard,R_harm_user,11,0.4074,-0.08261898159980774,0.08261898159980774,0.03177424147725105,0.936552882194519,True,t_post_inst,t_inst,False
R_control_preguard,R_harm_user,12,0.4444,-0.032858073711395264,0.032858073711395264,0.03177424147725105,0.9396017789840698,True,t_post_inst,t_inst,False
R_control_preguard,R_harm_user,13,0.4815,0.05683482065796852,0.05683482065796852,0.03177424147725105,0.9596103429794312,True,t_post_inst,t_inst,False
R_control_preguard,R_harm_user,14,0.5185,0.10616766661405563,0.10616766661405563,0.03177424147725105,0.9633116722106934,True,t_post_inst,t_inst,False
R_control_preguard,R_harm_user,15,0.5556,0.14268380403518677,0.14268380403518677,0.03177424147725105,0.96561461687088,True,t_post_inst,t_inst,False
R_control_preguard,R_harm_user,16,0.5926,0.18768922984600067,0.18768922984600067,0.03177424147725105,0.9658317565917968,True,t_post_inst,t_inst,False
R_control_preguard,R_harm_user,17,0.6296,0.17024491727352142,0.17024491727352142,0.03177424147725105,0.9684625864028932,True,t_post_inst,t_inst,False
R_control_preguard,R_harm_user,18,0.6667,0.1656031310558319,0.1656031310558319,0.03177424147725105,0.9726020693778992,True,t_post_inst,t_inst,False
R_control_preguard,R_harm_user,19,0.7037,0.13383492827415466,0.13383492827415466,0.03177424147725105,0.9743415713310242,True,t_post_inst,t_inst,False
R_control_preguard,R_harm_user,20,0.7407,0.10458981990814209,0.10458981990814209,0.03177424147725105,0.9742247462272644,True,t_post_inst,t_inst,False
R_control_preguard,R_harm_user,21,0.7778,0.0911703035235405,0.0911703035235405,0.03177424147725105,0.9745512008666992,True,t_post_inst,t_inst,False
R_control_preguard,R_harm_user,22,0.8148,0.1432485580444336,0.1432485580444336,0.03177424147725105,0.9723869562149048,True,t_post_inst,t_inst,False
R_control_preguard,R_harm_user,23,0.8519,0.14640861749649048,0.14640861749649048,0.03177424147725105,0.9680910110473632,True,t_post_inst,t_inst,False
R_control_preguard,R_harm_user,24,0.8889,0.1697351634502411,0.1697351634502411,0.03177424147725105,0.9682265520095824,True,t_post_inst,t_inst,False
R_control_preguard,R_harm_user,25,0.9259,0.12031812220811844,0.12031812220811844,0.03177424147725105,0.9686745405197144,True,t_post_inst,t_inst,False
R_control_preguard,R_harm_user,26,0.963,0.09601698815822601,0.09601698815822601,0.03177424147725105,0.9732636213302612,True,t_post_inst,t_inst,False
R_control_preguard,R_harm_user,27,1.0,0.10683844983577728,0.10683844983577728,0.03177424147725105,0.97903311252594,True,t_post_inst,t_inst,False
R_control_preguard,R_role_assistant_vs_user@t_inst,0,0.0,-0.03127120062708855,0.03127120062708855,0.03177424147725105,0.9398805499076844,False,t_post_inst,t_inst,False
R_control_preguard,R_role_assistant_vs_user@t_inst,1,0.037,-0.26369237899780273,0.26369237899780273,0.03177424147725105,0.9490345120429992,True,t_post_inst,t_inst,False
R_control_preguard,R_role_assistant_vs_user@t_inst,2,0.0741,-0.14855438470840454,0.14855438470840454,0.03177424147725105,0.9411603808403016,True,t_post_inst,t_inst,False
R_control_preguard,R_role_assistant_vs_user@t_inst,3,0.1111,0.12262339890003204,0.12262339890003204,0.03177424147725105,0.940788745880127,True,t_post_inst,t_inst,False
R_control_preguard,R_role_assistant_vs_user@t_inst,4,0.1481,-0.03032166324555874,0.03032166324555874,0.03177424147725105,0.9395505785942078,False,t_post_inst,t_inst,False
R_control_preguard,R_role_assistant_vs_user@t_inst,5,0.1852,0.05254189297556877,0.05254189297556877,0.03177424147725105,0.938560962677002,True,t_post_inst,t_inst,False
R_control_preguard,R_role_assistant_vs_user@t_inst,6,0.2222,-0.0003027617931365967,0.0003027617931365967,0.03177424147725105,0.944531261920929,False,t_post_inst,t_inst,False
R_control_preguard,R_role_assistant_vs_user@t_inst,7,0.2593,-0.04064872860908508,0.04064872860908508,0.03177424147725105,0.9523860812187196,True,t_post_inst,t_inst,False
R_control_preguard,R_role_assistant_vs_user@t_inst,8,0.2963,-0.07764206826686859,0.07764206826686859,0.03177424147725105,0.9491775631904602,True,t_post_inst,t_inst,False
R_control_preguard,R_role_assistant_vs_user@t_inst,9,0.3333,-0.028874296694993973,0.028874296694993973,0.03177424147725105,0.9359961748123168,False,t_post_inst,t_inst,False
R_control_preguard,R_role_assistant_vs_user@t_inst,10,0.3704,-0.07427587360143661,0.07427587360143661,0.03177424147725105,0.9327532052993774,True,t_post_inst,t_inst,False
R_control_preguard,R_role_assistant_vs_user@t_inst,11,0.4074,-0.1737007200717926,0.1737007200717926,0.03177424147725105,0.936552882194519,True,t_post_inst,t_inst,False
R_control_preguard,R_role_assistant_vs_user@t_inst,12,0.4444,-0.19069638848304749,0.19069638848304749,0.03177424147725105,0.9396017789840698,True,t_post_inst,t_inst,False
R_control_preguard,R_role_assistant_vs_user@t_inst,13,0.4815,-0.17013698816299438,0.17013698816299438,0.03177424147725105,0.9596103429794312,True,t_post_inst,t_inst,False
R_control_preguard,R_role_assistant_vs_user@t_inst,14,0.5185,-0.05433079972863197,0.05433079972863197,0.03177424147725105,0.970018744468689,True,t_post_inst,t_inst,False
R_control_preguard,R_role_assistant_vs_user@t_inst,15,0.5556,-0.038082681596279144,0.038082681596279144,0.03177424147725105,0.9772595167160034,True,t_post_inst,t_inst,False
R_control_preguard,R_role_assistant_vs_user@t_inst,16,0.5926,0.03185940161347389,0.03185940161347389,0.03177424147725105,0.9817277789115906,True,t_post_inst,t_inst,False
R_control_preguard,R_role_assistant_vs_user@t_inst,17,0.6296,0.002971954643726349,0.002971954643726349,0.03177424147725105,0.9869874119758606,False,t_post_inst,t_inst,False
R_control_preguard,R_role_assistant_vs_user@t_inst,18,0.6667,0.12188299745321274,0.12188299745321274,0.03177424147725105,0.9902278184890748,True,t_post_inst,t_inst,False
R_control_preguard,R_role_assistant_vs_user@t_inst,19,0.7037,0.15254390239715576,0.15254390239715576,0.03177424147725105,0.9906858205795288,True,t_post_inst,t_inst,False
R_control_preguard,R_role_assistant_vs_user@t_inst,20,0.7407,0.22895602881908417,0.22895602881908417,0.03177424147725105,0.9924442172050476,True,t_post_inst,t_inst,False
R_control_preguard,R_role_assistant_vs_user@t_inst,21,0.7778,0.23492145538330078,0.23492145538330078,0.03177424147725105,0.9921847581863404,True,t_post_inst,t_inst,False
R_control_preguard,R_role_assistant_vs_user@t_inst,22,0.8148,0.20659328997135162,0.20659328997135162,0.03177424147725105,0.99161958694458,True,t_post_inst,t_inst,False
R_control_preguard,R_role_assistant_vs_user@t_inst,23,0.8519,0.19630369544029236,0.19630369544029236,0.03177424147725105,0.9926584959030152,True,t_post_inst,t_inst,False
R_control_preguard,R_role_assistant_vs_user@t_inst,24,0.8889,0.18888701498508453,0.18888701498508453,0.03177424147725105,0.9924755096435548,True,t_post_inst,t_inst,False
R_control_preguard,R_role_assistant_vs_user@t_inst,25,0.9259,0.12805932760238647,0.12805932760238647,0.03177424147725105,0.9919241070747375,True,t_post_inst,t_inst,False
R_control_preguard,R_role_assistant_vs_user@t_inst,26,0.963,0.13316789269447327,0.13316789269447327,0.03177424147725105,0.9910482168197632,True,t_post_inst,t_inst,False
R_control_preguard,R_role_assistant_vs_user@t_inst,27,1.0,0.013302159495651722,0.013302159495651722,0.03177424147725105,0.989721655845642,False,t_post_inst,t_inst,False
R_control_preguard,R_role_assistant_vs_user@t_post_inst,0,0.0,-0.030789878219366074,0.030789878219366074,0.03177424147725105,0.9398805499076844,False,t_post_inst,t_post_inst,True
R_control_preguard,R_role_assistant_vs_user@t_post_inst,1,0.037,-0.13913790881633759,0.13913790881633759,0.03177424147725105,0.9490345120429992,True,t_post_inst,t_post_inst,True
R_control_preguard,R_role_assistant_vs_user@t_post_inst,2,0.0741,-0.013423368334770203,0.013423368334770203,0.03177424147725105,0.9411603808403016,False,t_post_inst,t_post_inst,True
R_control_preguard,R_role_assistant_vs_user@t_post_inst,3,0.1111,0.251556396484375,0.251556396484375,0.03177424147725105,0.940788745880127,True,t_post_inst,t_post_inst,True
R_control_preguard,R_role_assistant_vs_user@t_post_inst,4,0.1481,0.12828850746154785,0.12828850746154785,0.03177424147725105,0.9395505785942078,True,t_post_inst,t_post_inst,True
R_control_preguard,R_role_assistant_vs_user@t_post_inst,5,0.1852,0.08771350979804993,0.08771350979804993,0.03177424147725105,0.938560962677002,True,t_post_inst,t_post_inst,True
R_control_preguard,R_role_assistant_vs_user@t_post_inst,6,0.2222,0.13387759029865265,0.13387759029865265,0.03177424147725105,0.944531261920929,True,t_post_inst,t_post_inst,True
R_control_preguard,R_role_assistant_vs_user@t_post_inst,7,0.2593,0.12063106894493103,0.12063106894493103,0.03177424147725105,0.9523860812187196,True,t_post_inst,t_post_inst,True
R_control_preguard,R_role_assistant_vs_user@t_post_inst,8,0.2963,0.06890033930540085,0.06890033930540085,0.03177424147725105,0.9491775631904602,True,t_post_inst,t_post_inst,True
R_control_preguard,R_role_assistant_vs_user@t_post_inst,9,0.3333,0.11888917535543442,0.11888917535543442,0.03177424147725105,0.9359961748123168,True,t_post_inst,t_post_inst,True
R_control_preguard,R_role_assistant_vs_user@t_post_inst,10,0.3704,0.032355573028326035,0.032355573028326035,0.03177424147725105,0.9327532052993774,True,t_post_inst,t_post_inst,True
R_control_preguard,R_role_assistant_vs_user@t_post_inst,11,0.4074,-0.009469173848628998,0.009469173848628998,0.03177424147725105,0.936552882194519,False,t_post_inst,t_post_inst,True
R_control_preguard,R_role_assistant_vs_user@t_post_inst,12,0.4444,-0.059864673763513565,0.059864673763513565,0.03177424147725105,0.9396017789840698,True,t_post_inst,t_post_inst,True
R_control_preguard,R_role_assistant_vs_user@t_post_inst,13,0.4815,-0.14974401891231537,0.14974401891231537,0.03177424147725105,0.9596103429794312,True,t_post_inst,t_post_inst,True
R_control_preguard,R_role_assistant_vs_user@t_post_inst,14,0.5185,-0.06855763494968414,0.06855763494968414,0.03177424147725105,0.970018744468689,True,t_post_inst,t_post_inst,True
R_control_preguard,R_role_assistant_vs_user@t_post_inst,15,0.5556,-0.09719918668270111,0.09719918668270111,0.03177424147725105,0.9772595167160034,True,t_post_inst,t_post_inst,True
R_control_preguard,R_role_assistant_vs_user@t_post_inst,16,0.5926,-0.013444153591990471,0.013444153591990471,0.03177424147725105,0.9817277789115906,False,t_post_inst,t_post_inst,True
R_control_preguard,R_role_assistant_vs_user@t_post_inst,17,0.6296,0.011832425370812416,0.011832425370812416,0.03177424147725105,0.9869874119758606,False,t_post_inst,t_post_inst,True
R_control_preguard,R_role_assistant_vs_user@t_post_inst,18,0.6667,0.10122406482696533,0.10122406482696533,0.03177424147725105,0.9902278184890748,True,t_post_inst,t_post_inst,True
R_control_preguard,R_role_assistant_vs_user@t_post_inst,19,0.7037,0.06401022523641586,0.06401022523641586,0.03177424147725105,0.9906858205795288,True,t_post_inst,t_post_inst,True
R_control_preguard,R_role_assistant_vs_user@t_post_inst,20,0.7407,0.15926076471805573,0.15926076471805573,0.03177424147725105,0.9924442172050476,True,t_post_inst,t_post_inst,True
R_control_preguard,R_role_assistant_vs_user@t_post_inst,21,0.7778,0.19779935479164124,0.19779935479164124,0.03177424147725105,0.9921847581863404,True,t_post_inst,t_post_inst,True
R_control_preguard,R_role_assistant_vs_user@t_post_inst,22,0.8148,0.1551070511341095,0.1551070511341095,0.03177424147725105,0.99161958694458,True,t_post_inst,t_post_inst,True
R_control_preguard,R_role_assistant_vs_user@t_post_inst,23,0.8519,0.2001807987689972,0.2001807987689972,0.03177424147725105,0.9926584959030152,True,t_post_inst,t_post_inst,True
R_control_preguard,R_role_assistant_vs_user@t_post_inst,24,0.8889,0.2453916221857071,0.2453916221857071,0.03177424147725105,0.9924755096435548,True,t_post_inst,t_post_inst,True
R_control_preguard,R_role_assistant_vs_user@t_post_inst,25,0.9259,0.2260969579219818,0.2260969579219818,0.03177424147725105,0.9919241070747375,True,t_post_inst,t_post_inst,True
R_control_preguard,R_role_assistant_vs_user@t_post_inst,26,0.963,0.18276426196098328,0.18276426196098328,0.03177424147725105,0.9910482168197632,True,t_post_inst,t_post_inst,True
R_control_preguard,R_role_assistant_vs_user@t_post_inst,27,1.0,0.11625560373067856,0.11625560373067856,0.03177424147725105,0.989721655845642,True,t_post_inst,t_post_inst,True
R_control_preguard,R_role_system_vs_user@t_inst,0,0.0,0.1411367803812027,0.1411367803812027,0.03177424147725105,0.9398805499076844,True,t_post_inst,t_inst,False
R_control_preguard,R_role_system_vs_user@t_inst,1,0.037,0.2913896441459656,0.2913896441459656,0.03177424147725105,0.9490345120429992,True,t_post_inst,t_inst,False
R_control_preguard,R_role_system_vs_user@t_inst,2,0.0741,0.11169714480638504,0.11169714480638504,0.03177424147725105,0.9411603808403016,True,t_post_inst,t_inst,False
R_control_preguard,R_role_system_vs_user@t_inst,3,0.1111,-0.07929025590419769,0.07929025590419769,0.03177424147725105,0.940788745880127,True,t_post_inst,t_inst,False
R_control_preguard,R_role_system_vs_user@t_inst,4,0.1481,-0.035896457731723785,0.035896457731723785,0.03177424147725105,0.9395505785942078,True,t_post_inst,t_inst,False
R_control_preguard,R_role_system_vs_user@t_inst,5,0.1852,-0.03483381122350693,0.03483381122350693,0.03177424147725105,0.938560962677002,True,t_post_inst,t_inst,False
R_control_preguard,R_role_system_vs_user@t_inst,6,0.2222,-0.0263279490172863,0.0263279490172863,0.03177424147725105,0.944531261920929,False,t_post_inst,t_inst,False
R_control_preguard,R_role_system_vs_user@t_inst,7,0.2593,-0.04380955919623375,0.04380955919623375,0.03177424147725105,0.9523860812187196,True,t_post_inst,t_inst,False
R_control_preguard,R_role_system_vs_user@t_inst,8,0.2963,-0.0033711493015289307,0.0033711493015289307,0.03177424147725105,0.9491775631904602,False,t_post_inst,t_inst,False
R_control_preguard,R_role_system_vs_user@t_inst,9,0.3333,-0.004367779940366745,0.004367779940366745,0.03177424147725105,0.9359961748123168,False,t_post_inst,t_inst,False
R_control_preguard,R_role_system_vs_user@t_inst,10,0.3704,0.011184911243617535,0.011184911243617535,0.03177424147725105,0.9327532052993774,False,t_post_inst,t_inst,False
R_control_preguard,R_role_system_vs_user@t_inst,11,0.4074,0.017261866480112076,0.017261866480112076,0.03177424147725105,0.936552882194519,False,t_post_inst,t_inst,False
R_control_preguard,R_role_system_vs_user@t_inst,12,0.4444,-0.011415008455514908,0.011415008455514908,0.03177424147725105,0.9396017789840698,False,t_post_inst,t_inst,False
R_control_preguard,R_role_system_vs_user@t_inst,13,0.4815,-0.0009275758638978004,0.0009275758638978004,0.03177424147725105,0.9596103429794312,False,t_post_inst,t_inst,False
R_control_preguard,R_role_system_vs_user@t_inst,14,0.5185,0.04203953593969345,0.04203953593969345,0.03177424147725105,0.970018744468689,True,t_post_inst,t_inst,False
R_control_preguard,R_role_system_vs_user@t_inst,15,0.5556,-0.01238095574080944,0.01238095574080944,0.03177424147725105,0.9772595167160034,False,t_post_inst,t_inst,False
R_control_preguard,R_role_system_vs_user@t_inst,16,0.5926,0.009244724176824093,0.009244724176824093,0.03177424147725105,0.9817277789115906,False,t_post_inst,t_inst,False
R_control_preguard,R_role_system_vs_user@t_inst,17,0.6296,-0.04435243457555771,0.04435243457555771,0.03177424147725105,0.9869874119758606,True,t_post_inst,t_inst,False
R_control_preguard,R_role_system_vs_user@t_inst,18,0.6667,0.04008466750383377,0.04008466750383377,0.03177424147725105,0.9902278184890748,True,t_post_inst,t_inst,False
R_control_preguard,R_role_system_vs_user@t_inst,19,0.7037,0.050169289112091064,0.050169289112091064,0.03177424147725105,0.9906858205795288,True,t_post_inst,t_inst,False
R_control_preguard,R_role_system_vs_user@t_inst,20,0.7407,0.04441671818494797,0.04441671818494797,0.03177424147725105,0.9924442172050476,True,t_post_inst,t_inst,False
R_control_preguard,R_role_system_vs_user@t_inst,21,0.7778,0.031191423535346985,0.031191423535346985,0.03177424147725105,0.9921847581863404,False,t_post_inst,t_inst,False
R_control_preguard,R_role_system_vs_user@t_inst,22,0.8148,0.015862513333559036,0.015862513333559036,0.03177424147725105,0.99161958694458,False,t_post_inst,t_inst,False
R_control_preguard,R_role_system_vs_user@t_inst,23,0.8519,0.04618406668305397,0.04618406668305397,0.03177424147725105,0.9926584959030152,True,t_post_inst,t_inst,False
R_control_preguard,R_role_system_vs_user@t_inst,24,0.8889,0.040033187717199326,0.040033187717199326,0.03177424147725105,0.9924755096435548,True,t_post_inst,t_inst,False
R_control_preguard,R_role_system_vs_user@t_inst,25,0.9259,0.003652244806289673,0.003652244806289673,0.03177424147725105,0.9919241070747375,False,t_post_inst,t_inst,False
R_control_preguard,R_role_system_vs_user@t_inst,26,0.963,-0.02120380662381649,0.02120380662381649,0.03177424147725105,0.9910482168197632,False,t_post_inst,t_inst,False
R_control_preguard,R_role_system_vs_user@t_inst,27,1.0,-0.04477144405245781,0.04477144405245781,0.03177424147725105,0.989721655845642,True,t_post_inst,t_inst,False
R_control_preguard,R_role_system_vs_user@t_post_inst,0,0.0,0.0777740553021431,0.0777740553021431,0.03177424147725105,0.9398805499076844,True,t_post_inst,t_post_inst,True
R_control_preguard,R_role_system_vs_user@t_post_inst,1,0.037,-0.06729530543088913,0.06729530543088913,0.03177424147725105,0.9490345120429992,True,t_post_inst,t_post_inst,True
R_control_preguard,R_role_system_vs_user@t_post_inst,2,0.0741,0.0929374098777771,0.0929374098777771,0.03177424147725105,0.9411603808403016,True,t_post_inst,t_post_inst,True
R_control_preguard,R_role_system_vs_user@t_post_inst,3,0.1111,0.2644026577472687,0.2644026577472687,0.03177424147725105,0.940788745880127,True,t_post_inst,t_post_inst,True
R_control_preguard,R_role_system_vs_user@t_post_inst,4,0.1481,0.18207457661628723,0.18207457661628723,0.03177424147725105,0.9395505785942078,True,t_post_inst,t_post_inst,True
R_control_preguard,R_role_system_vs_user@t_post_inst,5,0.1852,0.057199008762836456,0.057199008762836456,0.03177424147725105,0.938560962677002,True,t_post_inst,t_post_inst,True
R_control_preguard,R_role_system_vs_user@t_post_inst,6,0.2222,0.025106482207775116,0.025106482207775116,0.03177424147725105,0.944531261920929,False,t_post_inst,t_post_inst,True
R_control_preguard,R_role_system_vs_user@t_post_inst,7,0.2593,-0.1348663866519928,0.1348663866519928,0.03177424147725105,0.9523860812187196,True,t_post_inst,t_post_inst,True
R_control_preguard,R_role_system_vs_user@t_post_inst,8,0.2963,-0.1829354465007782,0.1829354465007782,0.03177424147725105,0.9491775631904602,True,t_post_inst,t_post_inst,True
R_control_preguard,R_role_system_vs_user@t_post_inst,9,0.3333,-0.10456173866987228,0.10456173866987228,0.03177424147725105,0.9359961748123168,True,t_post_inst,t_post_inst,True
R_control_preguard,R_role_system_vs_user@t_post_inst,10,0.3704,-0.12202374637126923,0.12202374637126923,0.03177424147725105,0.9327532052993774,True,t_post_inst,t_post_inst,True
R_control_preguard,R_role_system_vs_user@t_post_inst,11,0.4074,-0.10118481516838074,0.10118481516838074,0.03177424147725105,0.936552882194519,True,t_post_inst,t_post_inst,True
R_control_preguard,R_role_system_vs_user@t_post_inst,12,0.4444,-0.1246766597032547,0.1246766597032547,0.03177424147725105,0.9396017789840698,True,t_post_inst,t_post_inst,True
R_control_preguard,R_role_system_vs_user@t_post_inst,13,0.4815,-0.23196019232273102,0.23196019232273102,0.03177424147725105,0.9596103429794312,True,t_post_inst,t_post_inst,True
R_control_preguard,R_role_system_vs_user@t_post_inst,14,0.5185,-0.16124136745929718,0.16124136745929718,0.03177424147725105,0.970018744468689,True,t_post_inst,t_post_inst,True
R_control_preguard,R_role_system_vs_user@t_post_inst,15,0.5556,-0.1706763207912445,0.1706763207912445,0.03177424147725105,0.9772595167160034,True,t_post_inst,t_post_inst,True
R_control_preguard,R_role_system_vs_user@t_post_inst,16,0.5926,-0.0998249351978302,0.0998249351978302,0.03177424147725105,0.9817277789115906,True,t_post_inst,t_post_inst,True
R_control_preguard,R_role_system_vs_user@t_post_inst,17,0.6296,-0.1355169415473938,0.1355169415473938,0.03177424147725105,0.9869874119758606,True,t_post_inst,t_post_inst,True
R_control_preguard,R_role_system_vs_user@t_post_inst,18,0.6667,-0.10477209091186523,0.10477209091186523,0.03177424147725105,0.9902278184890748,True,t_post_inst,t_post_inst,True
R_control_preguard,R_role_system_vs_user@t_post_inst,19,0.7037,-0.12503939867019653,0.12503939867019653,0.03177424147725105,0.9906858205795288,True,t_post_inst,t_post_inst,True
R_control_preguard,R_role_system_vs_user@t_post_inst,20,0.7407,-0.13948771357536316,0.13948771357536316,0.03177424147725105,0.9924442172050476,True,t_post_inst,t_post_inst,True
R_control_preguard,R_role_system_vs_user@t_post_inst,21,0.7778,-0.1615399718284607,0.1615399718284607,0.03177424147725105,0.9921847581863404,True,t_post_inst,t_post_inst,True
R_control_preguard,R_role_system_vs_user@t_post_inst,22,0.8148,-0.20101241767406464,0.20101241767406464,0.03177424147725105,0.99161958694458,True,t_post_inst,t_post_inst,True
R_control_preguard,R_role_system_vs_user@t_post_inst,23,0.8519,-0.19966450333595276,0.19966450333595276,0.03177424147725105,0.9926584959030152,True,t_post_inst,t_post_inst,True
R_control_preguard,R_role_system_vs_user@t_post_inst,24,0.8889,-0.2087252140045166,0.2087252140045166,0.03177424147725105,0.9924755096435548,True,t_post_inst,t_post_inst,True
R_control_preguard,R_role_system_vs_user@t_post_inst,25,0.9259,-0.16346870362758636,0.16346870362758636,0.03177424147725105,0.9919241070747375,True,t_post_inst,t_post_inst,True
R_control_preguard,R_role_system_vs_user@t_post_inst,26,0.963,-0.20185478031635284,0.20185478031635284,0.03177424147725105,0.9910482168197632,True,t_post_inst,t_post_inst,True
R_control_preguard,R_role_system_vs_user@t_post_inst,27,1.0,-0.2623775601387024,0.2623775601387024,0.03177424147725105,0.989721655845642,True,t_post_inst,t_post_inst,True
R_control_preguard,R_role_tool_vs_user@t_inst,0,0.0,0.14793401956558228,0.14793401956558228,0.03177424147725105,0.9398805499076844,True,t_post_inst,t_inst,False
R_control_preguard,R_role_tool_vs_user@t_inst,1,0.037,-0.06183439493179321,0.06183439493179321,0.03177424147725105,0.9490345120429992,True,t_post_inst,t_inst,False
R_control_preguard,R_role_tool_vs_user@t_inst,2,0.0741,-0.0039414651691913605,0.0039414651691913605,0.03177424147725105,0.9411603808403016,False,t_post_inst,t_inst,False
R_control_preguard,R_role_tool_vs_user@t_inst,3,0.1111,0.07206481695175171,0.07206481695175171,0.03177424147725105,0.940788745880127,True,t_post_inst,t_inst,False
R_control_preguard,R_role_tool_vs_user@t_inst,4,0.1481,0.0035512978211045265,0.0035512978211045265,0.03177424147725105,0.9395505785942078,False,t_post_inst,t_inst,False
R_control_preguard,R_role_tool_vs_user@t_inst,5,0.1852,0.011517414823174477,0.011517414823174477,0.03177424147725105,0.938560962677002,False,t_post_inst,t_inst,False
R_control_preguard,R_role_tool_vs_user@t_inst,6,0.2222,0.013147363439202309,0.013147363439202309,0.03177424147725105,0.944531261920929,False,t_post_inst,t_inst,False
R_control_preguard,R_role_tool_vs_user@t_inst,7,0.2593,-0.007135951891541481,0.007135951891541481,0.03177424147725105,0.9523860812187196,False,t_post_inst,t_inst,False
R_control_preguard,R_role_tool_vs_user@t_inst,8,0.2963,-0.020890479907393456,0.020890479907393456,0.03177424147725105,0.9491775631904602,False,t_post_inst,t_inst,False
R_control_preguard,R_role_tool_vs_user@t_inst,9,0.3333,-0.030627697706222534,0.030627697706222534,0.03177424147725105,0.9359961748123168,False,t_post_inst,t_inst,False
R_control_preguard,R_role_tool_vs_user@t_inst,10,0.3704,-0.020748509094119072,0.020748509094119072,0.03177424147725105,0.9327532052993774,False,t_post_inst,t_inst,False
R_control_preguard,R_role_tool_vs_user@t_inst,11,0.4074,-0.044454172253608704,0.044454172253608704,0.03177424147725105,0.936552882194519,True,t_post_inst,t_inst,False
R_control_preguard,R_role_tool_vs_user@t_inst,12,0.4444,-0.05082794278860092,0.05082794278860092,0.03177424147725105,0.9396017789840698,True,t_post_inst,t_inst,False
R_control_preguard,R_role_tool_vs_user@t_inst,13,0.4815,-0.04921110346913338,0.04921110346913338,0.03177424147725105,0.9596103429794312,True,t_post_inst,t_inst,False
R_control_preguard,R_role_tool_vs_user@t_inst,14,0.5185,-0.012667816132307053,0.012667816132307053,0.03177424147725105,0.970018744468689,False,t_post_inst,t_inst,False
R_control_preguard,R_role_tool_vs_user@t_inst,15,0.5556,-0.01028938964009285,0.01028938964009285,0.03177424147725105,0.9772595167160034,False,t_post_inst,t_inst,False
R_control_preguard,R_role_tool_vs_user@t_inst,16,0.5926,0.021548081189393997,0.021548081189393997,0.03177424147725105,0.9817277789115906,False,t_post_inst,t_inst,False
R_control_preguard,R_role_tool_vs_user@t_inst,17,0.6296,0.006789736449718475,0.006789736449718475,0.03177424147725105,0.9869874119758606,False,t_post_inst,t_inst,False
R_control_preguard,R_role_tool_vs_user@t_inst,18,0.6667,0.05135529860854149,0.05135529860854149,0.03177424147725105,0.9902278184890748,True,t_post_inst,t_inst,False
R_control_preguard,R_role_tool_vs_user@t_inst,19,0.7037,0.03308601677417755,0.03308601677417755,0.03177424147725105,0.9906858205795288,True,t_post_inst,t_inst,False
R_control_preguard,R_role_tool_vs_user@t_inst,20,0.7407,0.061393532902002335,0.061393532902002335,0.03177424147725105,0.9924442172050476,True,t_post_inst,t_inst,False
R_control_preguard,R_role_tool_vs_user@t_inst,21,0.7778,0.040412433445453644,0.040412433445453644,0.03177424147725105,0.9921847581863404,True,t_post_inst,t_inst,False
R_control_preguard,R_role_tool_vs_user@t_inst,22,0.8148,0.08320298790931702,0.08320298790931702,0.03177424147725105,0.99161958694458,True,t_post_inst,t_inst,False
R_control_preguard,R_role_tool_vs_user@t_inst,23,0.8519,0.054564401507377625,0.054564401507377625,0.03177424147725105,0.9926584959030152,True,t_post_inst,t_inst,False
R_control_preguard,R_role_tool_vs_user@t_inst,24,0.8889,0.09291688352823257,0.09291688352823257,0.03177424147725105,0.9924755096435548,True,t_post_inst,t_inst,False
R_control_preguard,R_role_tool_vs_user@t_inst,25,0.9259,0.031657151877880096,0.031657151877880096,0.03177424147725105,0.9919241070747375,False,t_post_inst,t_inst,False
R_control_preguard,R_role_tool_vs_user@t_inst,26,0.963,-0.01212989166378975,0.01212989166378975,0.03177424147725105,0.9910482168197632,False,t_post_inst,t_inst,False
R_control_preguard,R_role_tool_vs_user@t_inst,27,1.0,-0.02830580435693264,0.02830580435693264,0.03177424147725105,0.989721655845642,False,t_post_inst,t_inst,False
R_control_preguard,R_role_tool_vs_user@t_post_inst,0,0.0,0.06539523601531982,0.06539523601531982,0.03177424147725105,0.9398805499076844,True,t_post_inst,t_post_inst,True
R_control_preguard,R_role_tool_vs_user@t_post_inst,1,0.037,-0.028662094846367836,0.028662094846367836,0.03177424147725105,0.9490345120429992,False,t_post_inst,t_post_inst,True
R_control_preguard,R_role_tool_vs_user@t_post_inst,2,0.0741,-0.026720216497778893,0.026720216497778893,0.03177424147725105,0.9411603808403016,False,t_post_inst,t_post_inst,True
R_control_preguard,R_role_tool_vs_user@t_post_inst,3,0.1111,0.12102332711219788,0.12102332711219788,0.03177424147725105,0.940788745880127,True,t_post_inst,t_post_inst,True
R_control_preguard,R_role_tool_vs_user@t_post_inst,4,0.1481,-0.04297700896859169,0.04297700896859169,0.03177424147725105,0.9395505785942078,True,t_post_inst,t_post_inst,True
R_control_preguard,R_role_tool_vs_user@t_post_inst,5,0.1852,-0.006489202845841646,0.006489202845841646,0.03177424147725105,0.938560962677002,False,t_post_inst,t_post_inst,True
R_control_preguard,R_role_tool_vs_user@t_post_inst,6,0.2222,-0.03137660771608353,0.03137660771608353,0.03177424147725105,0.944531261920929,False,t_post_inst,t_post_inst,True
R_control_preguard,R_role_tool_vs_user@t_post_inst,7,0.2593,-0.16973906755447388,0.16973906755447388,0.03177424147725105,0.9523860812187196,True,t_post_inst,t_post_inst,True
R_control_preguard,R_role_tool_vs_user@t_post_inst,8,0.2963,-0.26826030015945435,0.26826030015945435,0.03177424147725105,0.9491775631904602,True,t_post_inst,t_post_inst,True
R_control_preguard,R_role_tool_vs_user@t_post_inst,9,0.3333,-0.3064630329608917,0.3064630329608917,0.03177424147725105,0.9359961748123168,True,t_post_inst,t_post_inst,True
R_control_preguard,R_role_tool_vs_user@t_post_inst,10,0.3704,-0.37133482098579407,0.37133482098579407,0.03177424147725105,0.9327532052993774,True,t_post_inst,t_post_inst,True
R_control_preguard,R_role_tool_vs_user@t_post_inst,11,0.4074,-0.3622928261756897,0.3622928261756897,0.03177424147725105,0.936552882194519,True,t_post_inst,t_post_inst,True
R_control_preguard,R_role_tool_vs_user@t_post_inst,12,0.4444,-0.3748495280742645,0.3748495280742645,0.03177424147725105,0.9396017789840698,True,t_post_inst,t_post_inst,True
R_control_preguard,R_role_tool_vs_user@t_post_inst,13,0.4815,-0.3636414110660553,0.3636414110660553,0.03177424147725105,0.9596103429794312,True,t_post_inst,t_post_inst,True
R_control_preguard,R_role_tool_vs_user@t_post_inst,14,0.5185,-0.27691978216171265,0.27691978216171265,0.03177424147725105,0.970018744468689,True,t_post_inst,t_post_inst,True
R_control_preguard,R_role_tool_vs_user@t_post_inst,15,0.5556,-0.28923889994621277,0.28923889994621277,0.03177424147725105,0.9772595167160034,True,t_post_inst,t_post_inst,True
R_control_preguard,R_role_tool_vs_user@t_post_inst,16,0.5926,-0.2630632519721985,0.2630632519721985,0.03177424147725105,0.9817277789115906,True,t_post_inst,t_post_inst,True
R_control_preguard,R_role_tool_vs_user@t_post_inst,17,0.6296,-0.2696712017059326,0.2696712017059326,0.03177424147725105,0.9869874119758606,True,t_post_inst,t_post_inst,True
R_control_preguard,R_role_tool_vs_user@t_post_inst,18,0.6667,-0.010715282522141933,0.010715282522141933,0.03177424147725105,0.9902278184890748,False,t_post_inst,t_post_inst,True
R_control_preguard,R_role_tool_vs_user@t_post_inst,19,0.7037,-0.022494295611977577,0.022494295611977577,0.03177424147725105,0.9906858205795288,False,t_post_inst,t_post_inst,True
R_control_preguard,R_role_tool_vs_user@t_post_inst,20,0.7407,0.09652029722929001,0.09652029722929001,0.03177424147725105,0.9924442172050476,True,t_post_inst,t_post_inst,True
R_control_preguard,R_role_tool_vs_user@t_post_inst,21,0.7778,0.13125142455101013,0.13125142455101013,0.03177424147725105,0.9921847581863404,True,t_post_inst,t_post_inst,True
R_control_preguard,R_role_tool_vs_user@t_post_inst,22,0.8148,0.10781796276569366,0.10781796276569366,0.03177424147725105,0.99161958694458,True,t_post_inst,t_post_inst,True
R_control_preguard,R_role_tool_vs_user@t_post_inst,23,0.8519,0.1619972288608551,0.1619972288608551,0.03177424147725105,0.9926584959030152,True,t_post_inst,t_post_inst,True
R_control_preguard,R_role_tool_vs_user@t_post_inst,24,0.8889,0.183899387717247,0.183899387717247,0.03177424147725105,0.9924755096435548,True,t_post_inst,t_post_inst,True
R_control_preguard,R_role_tool_vs_user@t_post_inst,25,0.9259,0.17418700456619263,0.17418700456619263,0.03177424147725105,0.9919241070747375,True,t_post_inst,t_post_inst,True
R_control_preguard,R_role_tool_vs_user@t_post_inst,26,0.963,0.15492083132266998,0.15492083132266998,0.03177424147725105,0.9910482168197632,True,t_post_inst,t_post_inst,True
R_control_preguard,R_role_tool_vs_user@t_post_inst,27,1.0,0.08462642133235931,0.08462642133235931,0.03177424147725105,0.989721655845642,True,t_post_inst,t_post_inst,True
R_control_unbalanced,R_harm,0,0.0,-0.08098863065242767,0.08098863065242767,0.03177424147725105,0.8220481872558594,True,t_post_inst,t_inst,False
R_control_unbalanced,R_harm,1,0.037,-0.18171872198581696,0.18171872198581696,0.03177424147725105,0.7897539734840393,True,t_post_inst,t_inst,False
R_control_unbalanced,R_harm,2,0.0741,-0.08372480422258377,0.08372480422258377,0.03177424147725105,0.7727996706962585,True,t_post_inst,t_inst,False
R_control_unbalanced,R_harm,3,0.1111,0.025024287402629852,0.025024287402629852,0.03177424147725105,0.7718900442123413,False,t_post_inst,t_inst,False
R_control_unbalanced,R_harm,4,0.1481,-0.07075236737728119,0.07075236737728119,0.03177424147725105,0.744530975818634,True,t_post_inst,t_inst,False
R_control_unbalanced,R_harm,5,0.1852,-0.061350926756858826,0.061350926756858826,0.03177424147725105,0.7889321446418762,True,t_post_inst,t_inst,False
R_control_unbalanced,R_harm,6,0.2222,-0.04103025794029236,0.04103025794029236,0.03177424147725105,0.7830798625946045,True,t_post_inst,t_inst,False
R_control_unbalanced,R_harm,7,0.2593,-0.03202125430107117,0.03202125430107117,0.03177424147725105,0.8006145358085632,True,t_post_inst,t_inst,False
R_control_unbalanced,R_harm,8,0.2963,-0.02981790527701378,0.02981790527701378,0.03177424147725105,0.7835728526115417,False,t_post_inst,t_inst,False
R_control_unbalanced,R_harm,9,0.3333,-0.00879422016441822,0.00879422016441822,0.03177424147725105,0.733785092830658,False,t_post_inst,t_inst,False
R_control_unbalanced,R_harm,10,0.3704,0.01030594389885664,0.01030594389885664,0.03177424147725105,0.7148844599723816,False,t_post_inst,t_inst,False
R_control_unbalanced,R_harm,11,0.4074,-0.005551748909056187,0.005551748909056187,0.03177424147725105,0.7332113981246948,False,t_post_inst,t_inst,False
R_control_unbalanced,R_harm,12,0.4444,0.04354013875126839,0.04354013875126839,0.03177424147725105,0.7586361169815063,True,t_post_inst,t_inst,False
R_control_unbalanced,R_harm,13,0.4815,0.11996539682149887,0.11996539682149887,0.03177424147725105,0.8520153760910034,True,t_post_inst,t_inst,False
R_control_unbalanced,R_harm,14,0.5185,0.15713979303836823,0.15713979303836823,0.03177424147725105,0.9103854298591614,True,t_post_inst,t_inst,False
R_control_unbalanced,R_harm,15,0.5556,0.19224871695041656,0.19224871695041656,0.03177424147725105,0.9330968856811525,True,t_post_inst,t_inst,False
R_control_unbalanced,R_harm,16,0.5926,0.22274580597877502,0.22274580597877502,0.03177424147725105,0.9486418962478638,True,t_post_inst,t_inst,False
R_control_unbalanced,R_harm,17,0.6296,0.21101590991020203,0.21101590991020203,0.03177424147725105,0.9633119702339172,True,t_post_inst,t_inst,False
R_control_unbalanced,R_harm,18,0.6667,0.18904069066047668,0.18904069066047668,0.03177424147725105,0.9748777151107788,True,t_post_inst,t_inst,False
R_control_unbalanced,R_harm,19,0.7037,0.16249054670333862,0.16249054670333862,0.03177424147725105,0.9769220352172852,True,t_post_inst,t_inst,False
R_control_unbalanced,R_harm,20,0.7407,0.11961950361728668,0.11961950361728668,0.03177424147725105,0.9826434850692748,True,t_post_inst,t_inst,False
R_control_unbalanced,R_harm,21,0.7778,0.10079681873321533,0.10079681873321533,0.03177424147725105,0.9817975163459778,True,t_post_inst,t_inst,False
R_control_unbalanced,R_harm,22,0.8148,0.1564474105834961,0.1564474105834961,0.03177424147725105,0.979856014251709,True,t_post_inst,t_inst,False
R_control_unbalanced,R_harm,23,0.8519,0.1489451676607132,0.1489451676607132,0.03177424147725105,0.9820910692214966,True,t_post_inst,t_inst,False
R_control_unbalanced,R_harm,24,0.8889,0.16234341263771057,0.16234341263771057,0.03177424147725105,0.9812159538269044,True,t_post_inst,t_inst,False
R_control_unbalanced,R_harm,25,0.9259,0.13804087042808533,0.13804087042808533,0.03177424147725105,0.9796737432479858,True,t_post_inst,t_inst,False
R_control_unbalanced,R_harm,26,0.963,0.1352234035730362,0.1352234035730362,0.03177424147725105,0.9765125513076782,True,t_post_inst,t_inst,False
R_control_unbalanced,R_harm,27,1.0,0.1912062019109726,0.1912062019109726,0.03177424147725105,0.9729852676391602,True,t_post_inst,t_inst,False
R_control_unbalanced,R_harm_at_post,0,0.0,-0.07338455319404602,0.07338455319404602,0.03177424147725105,0.8220481872558594,True,t_post_inst,t_post_inst,True
R_control_unbalanced,R_harm_at_post,1,0.037,0.0269375778734684,0.0269375778734684,0.03177424147725105,0.7897539734840393,False,t_post_inst,t_post_inst,True
R_control_unbalanced,R_harm_at_post,2,0.0741,0.06757935881614685,0.06757935881614685,0.03177424147725105,0.7727996706962585,True,t_post_inst,t_post_inst,True
R_control_unbalanced,R_harm_at_post,3,0.1111,0.08613017201423645,0.08613017201423645,0.03177424147725105,0.7718900442123413,True,t_post_inst,t_post_inst,True
R_control_unbalanced,R_harm_at_post,4,0.1481,0.1180117279291153,0.1180117279291153,0.03177424147725105,0.744530975818634,True,t_post_inst,t_post_inst,True
R_control_unbalanced,R_harm_at_post,5,0.1852,0.16413623094558716,0.16413623094558716,0.03177424147725105,0.7889321446418762,True,t_post_inst,t_post_inst,True
R_control_unbalanced,R_harm_at_post,6,0.2222,0.16497179865837097,0.16497179865837097,0.03177424147725105,0.7830798625946045,True,t_post_inst,t_post_inst,True
R_control_unbalanced,R_harm_at_post,7,0.2593,0.22885732352733612,0.22885732352733612,0.03177424147725105,0.8006145358085632,True,t_post_inst,t_post_inst,True
R_control_unbalanced,R_harm_at_post,8,0.2963,0.20075953006744385,0.20075953006744385,0.03177424147725105,0.7835728526115417,True,t_post_inst,t_post_inst,True
R_control_unbalanced,R_harm_at_post,9,0.3333,0.09557235240936279,0.09557235240936279,0.03177424147725105,0.733785092830658,True,t_post_inst,t_post_inst,True
R_control_unbalanced,R_harm_at_post,10,0.3704,-0.024426644667983055,0.024426644667983055,0.03177424147725105,0.7148844599723816,False,t_post_inst,t_post_inst,True
R_control_unbalanced,R_harm_at_post,11,0.4074,0.024254614487290382,0.024254614487290382,0.03177424147725105,0.7332113981246948,False,t_post_inst,t_post_inst,True
R_control_unbalanced,R_harm_at_post,12,0.4444,0.03808692842721939,0.03808692842721939,0.03177424147725105,0.7586361169815063,True,t_post_inst,t_post_inst,True
R_control_unbalanced,R_harm_at_post,13,0.4815,0.24561917781829834,0.24561917781829834,0.03177424147725105,0.8520153760910034,True,t_post_inst,t_post_inst,True
R_control_unbalanced,R_harm_at_post,14,0.5185,0.396943062543869,0.396943062543869,0.03177424147725105,0.9103854298591614,True,t_post_inst,t_post_inst,True
R_control_unbalanced,R_harm_at_post,15,0.5556,0.5052049160003662,0.5052049160003662,0.03177424147725105,0.9330968856811525,True,t_post_inst,t_post_inst,True
R_control_unbalanced,R_harm_at_post,16,0.5926,0.597750723361969,0.597750723361969,0.03177424147725105,0.9486418962478638,True,t_post_inst,t_post_inst,True
R_control_unbalanced,R_harm_at_post,17,0.6296,0.6715182065963745,0.6715182065963745,0.03177424147725105,0.9633119702339172,True,t_post_inst,t_post_inst,True
R_control_unbalanced,R_harm_at_post,18,0.6667,0.7715423703193665,0.7715423703193665,0.03177424147725105,0.9748777151107788,True,t_post_inst,t_post_inst,True
R_control_unbalanced,R_harm_at_post,19,0.7037,0.7888372540473938,0.7888372540473938,0.03177424147725105,0.9769220352172852,True,t_post_inst,t_post_inst,True
R_control_unbalanced,R_harm_at_post,20,0.7407,0.8118680715560913,0.8118680715560913,0.03177424147725105,0.9826434850692748,True,t_post_inst,t_post_inst,True
R_control_unbalanced,R_harm_at_post,21,0.7778,0.7950445413589478,0.7950445413589478,0.03177424147725105,0.9817975163459778,True,t_post_inst,t_post_inst,True
R_control_unbalanced,R_harm_at_post,22,0.8148,0.7942777872085571,0.7942777872085571,0.03177424147725105,0.979856014251709,True,t_post_inst,t_post_inst,True
R_control_unbalanced,R_harm_at_post,23,0.8519,0.8264570832252502,0.8264570832252502,0.03177424147725105,0.9820910692214966,True,t_post_inst,t_post_inst,True
R_control_unbalanced,R_harm_at_post,24,0.8889,0.8298326730728149,0.8298326730728149,0.03177424147725105,0.9812159538269044,True,t_post_inst,t_post_inst,True
R_control_unbalanced,R_harm_at_post,25,0.9259,0.8195290565490723,0.8195290565490723,0.03177424147725105,0.9796737432479858,True,t_post_inst,t_post_inst,True
R_control_unbalanced,R_harm_at_post,26,0.963,0.8070365786552429,0.8070365786552429,0.03177424147725105,0.9765125513076782,True,t_post_inst,t_post_inst,True
R_control_unbalanced,R_harm_at_post,27,1.0,0.7761472463607788,0.7761472463607788,0.03177424147725105,0.9729852676391602,True,t_post_inst,t_post_inst,True
R_control_unbalanced,R_harm_user,0,0.0,-0.06169368326663971,0.06169368326663971,0.03177424147725105,0.8220481872558594,True,t_post_inst,t_inst,False
R_control_unbalanced,R_harm_user,1,0.037,-0.1654585301876068,0.1654585301876068,0.03177424147725105,0.7897539734840393,True,t_post_inst,t_inst,False
R_control_unbalanced,R_harm_user,2,0.0741,-0.0774112194776535,0.0774112194776535,0.03177424147725105,0.7727996706962585,True,t_post_inst,t_inst,False
R_control_unbalanced,R_harm_user,3,0.1111,0.03064088523387909,0.03064088523387909,0.03177424147725105,0.7718900442123413,False,t_post_inst,t_inst,False
R_control_unbalanced,R_harm_user,4,0.1481,-0.07538126409053802,0.07538126409053802,0.03177424147725105,0.744530975818634,True,t_post_inst,t_inst,False
R_control_unbalanced,R_harm_user,5,0.1852,-0.0504508838057518,0.0504508838057518,0.03177424147725105,0.7889321446418762,True,t_post_inst,t_inst,False
R_control_unbalanced,R_harm_user,6,0.2222,-0.036400724202394485,0.036400724202394485,0.03177424147725105,0.7830798625946045,True,t_post_inst,t_inst,False
R_control_unbalanced,R_harm_user,7,0.2593,-0.03606089577078819,0.03606089577078819,0.03177424147725105,0.8006145358085632,True,t_post_inst,t_inst,False
R_control_unbalanced,R_harm_user,8,0.2963,-0.030907070264220238,0.030907070264220238,0.03177424147725105,0.7835728526115417,False,t_post_inst,t_inst,False
R_control_unbalanced,R_harm_user,9,0.3333,-0.0051544178277254105,0.0051544178277254105,0.03177424147725105,0.733785092830658,False,t_post_inst,t_inst,False
R_control_unbalanced,R_harm_user,10,0.3704,0.01062056701630354,0.01062056701630354,0.03177424147725105,0.7148844599723816,False,t_post_inst,t_inst,False
R_control_unbalanced,R_harm_user,11,0.4074,-0.011158734560012817,0.011158734560012817,0.03177424147725105,0.7332113981246948,False,t_post_inst,t_inst,False
R_control_unbalanced,R_harm_user,12,0.4444,0.03084532544016838,0.03084532544016838,0.03177424147725105,0.7586361169815063,False,t_post_inst,t_inst,False
R_control_unbalanced,R_harm_user,13,0.4815,0.11651819944381714,0.11651819944381714,0.03177424147725105,0.8520153760910034,True,t_post_inst,t_inst,False
R_control_unbalanced,R_harm_user,14,0.5185,0.15404421091079712,0.15404421091079712,0.03177424147725105,0.9103854298591614,True,t_post_inst,t_inst,False
R_control_unbalanced,R_harm_user,15,0.5556,0.18623167276382446,0.18623167276382446,0.03177424147725105,0.9330968856811525,True,t_post_inst,t_inst,False
R_control_unbalanced,R_harm_user,16,0.5926,0.21714800596237183,0.21714800596237183,0.03177424147725105,0.9486418962478638,True,t_post_inst,t_inst,False
R_control_unbalanced,R_harm_user,17,0.6296,0.1944878101348877,0.1944878101348877,0.03177424147725105,0.9633119702339172,True,t_post_inst,t_inst,False
R_control_unbalanced,R_harm_user,18,0.6667,0.188907653093338,0.188907653093338,0.03177424147725105,0.9726020693778992,True,t_post_inst,t_inst,False
R_control_unbalanced,R_harm_user,19,0.7037,0.15082404017448425,0.15082404017448425,0.03177424147725105,0.9743415713310242,True,t_post_inst,t_inst,False
R_control_unbalanced,R_harm_user,20,0.7407,0.11353331804275513,0.11353331804275513,0.03177424147725105,0.9742247462272644,True,t_post_inst,t_inst,False
R_control_unbalanced,R_harm_user,21,0.7778,0.08938205242156982,0.08938205242156982,0.03177424147725105,0.9745512008666992,True,t_post_inst,t_inst,False
R_control_unbalanced,R_harm_user,22,0.8148,0.14120957255363464,0.14120957255363464,0.03177424147725105,0.9723869562149048,True,t_post_inst,t_inst,False
R_control_unbalanced,R_harm_user,23,0.8519,0.1463385671377182,0.1463385671377182,0.03177424147725105,0.9680910110473632,True,t_post_inst,t_inst,False
R_control_unbalanced,R_harm_user,24,0.8889,0.17065249383449554,0.17065249383449554,0.03177424147725105,0.9682265520095824,True,t_post_inst,t_inst,False
R_control_unbalanced,R_harm_user,25,0.9259,0.12329723685979843,0.12329723685979843,0.03177424147725105,0.9686745405197144,True,t_post_inst,t_inst,False
R_control_unbalanced,R_harm_user,26,0.963,0.09922359883785248,0.09922359883785248,0.03177424147725105,0.9732636213302612,True,t_post_inst,t_inst,False
R_control_unbalanced,R_harm_user,27,1.0,0.09703287482261658,0.09703287482261658,0.03177424147725105,0.9729852676391602,True,t_post_inst,t_inst,False
R_control_unbalanced,R_role_assistant_vs_user@t_inst,0,0.0,-0.1277896761894226,0.1277896761894226,0.03177424147725105,0.8220481872558594,True,t_post_inst,t_inst,False
R_control_unbalanced,R_role_assistant_vs_user@t_inst,1,0.037,-0.27045148611068726,0.27045148611068726,0.03177424147725105,0.7897539734840393,True,t_post_inst,t_inst,False
R_control_unbalanced,R_role_assistant_vs_user@t_inst,2,0.0741,-0.17177587747573853,0.17177587747573853,0.03177424147725105,0.7727996706962585,True,t_post_inst,t_inst,False
R_control_unbalanced,R_role_assistant_vs_user@t_inst,3,0.1111,0.07227432727813721,0.07227432727813721,0.03177424147725105,0.7718900442123413,True,t_post_inst,t_inst,False
R_control_unbalanced,R_role_assistant_vs_user@t_inst,4,0.1481,-0.07088755071163177,0.07088755071163177,0.03177424147725105,0.744530975818634,True,t_post_inst,t_inst,False
R_control_unbalanced,R_role_assistant_vs_user@t_inst,5,0.1852,0.02460203692317009,0.02460203692317009,0.03177424147725105,0.7889321446418762,False,t_post_inst,t_inst,False
R_control_unbalanced,R_role_assistant_vs_user@t_inst,6,0.2222,-0.03746219351887703,0.03746219351887703,0.03177424147725105,0.7830798625946045,True,t_post_inst,t_inst,False
R_control_unbalanced,R_role_assistant_vs_user@t_inst,7,0.2593,-0.06202726066112518,0.06202726066112518,0.03177424147725105,0.8006145358085632,True,t_post_inst,t_inst,False
R_control_unbalanced,R_role_assistant_vs_user@t_inst,8,0.2963,-0.06348679214715958,0.06348679214715958,0.03177424147725105,0.7835728526115417,True,t_post_inst,t_inst,False
R_control_unbalanced,R_role_assistant_vs_user@t_inst,9,0.3333,-0.020546890795230865,0.020546890795230865,0.03177424147725105,0.733785092830658,False,t_post_inst,t_inst,False
R_control_unbalanced,R_role_assistant_vs_user@t_inst,10,0.3704,-0.011628670617938042,0.011628670617938042,0.03177424147725105,0.7148844599723816,False,t_post_inst,t_inst,False
R_control_unbalanced,R_role_assistant_vs_user@t_inst,11,0.4074,-0.08253447711467743,0.08253447711467743,0.03177424147725105,0.7332113981246948,True,t_post_inst,t_inst,False
R_control_unbalanced,R_role_assistant_vs_user@t_inst,12,0.4444,-0.13630542159080505,0.13630542159080505,0.03177424147725105,0.7586361169815063,True,t_post_inst,t_inst,False
R_control_unbalanced,R_role_assistant_vs_user@t_inst,13,0.4815,-0.05707867816090584,0.05707867816090584,0.03177424147725105,0.8520153760910034,True,t_post_inst,t_inst,False
R_control_unbalanced,R_role_assistant_vs_user@t_inst,14,0.5185,-0.004622606560587883,0.004622606560587883,0.03177424147725105,0.9103854298591614,False,t_post_inst,t_inst,False
R_control_unbalanced,R_role_assistant_vs_user@t_inst,15,0.5556,0.024714862927794456,0.024714862927794456,0.03177424147725105,0.9330968856811525,False,t_post_inst,t_inst,False
R_control_unbalanced,R_role_assistant_vs_user@t_inst,16,0.5926,0.05573826655745506,0.05573826655745506,0.03177424147725105,0.9486418962478638,True,t_post_inst,t_inst,False
R_control_unbalanced,R_role_assistant_vs_user@t_inst,17,0.6296,0.029752010479569435,0.029752010479569435,0.03177424147725105,0.9633119702339172,False,t_post_inst,t_inst,False
R_control_unbalanced,R_role_assistant_vs_user@t_inst,18,0.6667,0.1500113308429718,0.1500113308429718,0.03177424147725105,0.9748777151107788,True,t_post_inst,t_inst,False
R_control_unbalanced,R_role_assistant_vs_user@t_inst,19,0.7037,0.1593613624572754,0.1593613624572754,0.03177424147725105,0.9769220352172852,True,t_post_inst,t_inst,False
R_control_unbalanced,R_role_assistant_vs_user@t_inst,20,0.7407,0.2397698163986206,0.2397698163986206,0.03177424147725105,0.9826434850692748,True,t_post_inst,t_inst,False
R_control_unbalanced,R_role_assistant_vs_user@t_inst,21,0.7778,0.22866562008857727,0.22866562008857727,0.03177424147725105,0.9817975163459778,True,t_post_inst,t_inst,False
R_control_unbalanced,R_role_assistant_vs_user@t_inst,22,0.8148,0.1954989731311798,0.1954989731311798,0.03177424147725105,0.979856014251709,True,t_post_inst,t_inst,False
R_control_unbalanced,R_role_assistant_vs_user@t_inst,23,0.8519,0.17774391174316406,0.17774391174316406,0.03177424147725105,0.9820910692214966,True,t_post_inst,t_inst,False
R_control_unbalanced,R_role_assistant_vs_user@t_inst,24,0.8889,0.17115283012390137,0.17115283012390137,0.03177424147725105,0.9812159538269044,True,t_post_inst,t_inst,False
R_control_unbalanced,R_role_assistant_vs_user@t_inst,25,0.9259,0.10282277315855026,0.10282277315855026,0.03177424147725105,0.9796737432479858,True,t_post_inst,t_inst,False
R_control_unbalanced,R_role_assistant_vs_user@t_inst,26,0.963,0.10221688449382782,0.10221688449382782,0.03177424147725105,0.9765125513076782,True,t_post_inst,t_inst,False
R_control_unbalanced,R_role_assistant_vs_user@t_inst,27,1.0,-0.028820306062698364,0.028820306062698364,0.03177424147725105,0.9729852676391602,False,t_post_inst,t_inst,False
R_control_unbalanced,R_role_assistant_vs_user@t_post_inst,0,0.0,-0.13005736470222473,0.13005736470222473,0.03177424147725105,0.8220481872558594,True,t_post_inst,t_post_inst,True
R_control_unbalanced,R_role_assistant_vs_user@t_post_inst,1,0.037,-0.07119444012641907,0.07119444012641907,0.03177424147725105,0.7897539734840393,True,t_post_inst,t_post_inst,True
R_control_unbalanced,R_role_assistant_vs_user@t_post_inst,2,0.0741,0.03069801814854145,0.03069801814854145,0.03177424147725105,0.7727996706962585,False,t_post_inst,t_post_inst,True
R_control_unbalanced,R_role_assistant_vs_user@t_post_inst,3,0.1111,0.3374519348144531,0.3374519348144531,0.03177424147725105,0.7718900442123413,True,t_post_inst,t_post_inst,True
R_control_unbalanced,R_role_assistant_vs_user@t_post_inst,4,0.1481,0.33645328879356384,0.33645328879356384,0.03177424147725105,0.744530975818634,True,t_post_inst,t_post_inst,True
R_control_unbalanced,R_role_assistant_vs_user@t_post_inst,5,0.1852,0.15235309302806854,0.15235309302806854,0.03177424147725105,0.7889321446418762,True,t_post_inst,t_post_inst,True
R_control_unbalanced,R_role_assistant_vs_user@t_post_inst,6,0.2222,0.2254675328731537,0.2254675328731537,0.03177424147725105,0.7830798625946045,True,t_post_inst,t_post_inst,True
R_control_unbalanced,R_role_assistant_vs_user@t_post_inst,7,0.2593,0.21865150332450867,0.21865150332450867,0.03177424147725105,0.8006145358085632,True,t_post_inst,t_post_inst,True
R_control_unbalanced,R_role_assistant_vs_user@t_post_inst,8,0.2963,0.18886017799377441,0.18886017799377441,0.03177424147725105,0.7835728526115417,True,t_post_inst,t_post_inst,True
R_control_unbalanced,R_role_assistant_vs_user@t_post_inst,9,0.3333,0.16450783610343933,0.16450783610343933,0.03177424147725105,0.733785092830658,True,t_post_inst,t_post_inst,True
R_control_unbalanced,R_role_assistant_vs_user@t_post_inst,10,0.3704,0.17282885313034058,0.17282885313034058,0.03177424147725105,0.7148844599723816,True,t_post_inst,t_post_inst,True
R_control_unbalanced,R_role_assistant_vs_user@t_post_inst,11,0.4074,0.16700777411460876,0.16700777411460876,0.03177424147725105,0.7332113981246948,True,t_post_inst,t_post_inst,True
R_control_unbalanced,R_role_assistant_vs_user@t_post_inst,12,0.4444,0.10587479174137115,0.10587479174137115,0.03177424147725105,0.7586361169815063,True,t_post_inst,t_post_inst,True
R_control_unbalanced,R_role_assistant_vs_user@t_post_inst,13,0.4815,0.009897409938275814,0.009897409938275814,0.03177424147725105,0.8520153760910034,False,t_post_inst,t_post_inst,True
R_control_unbalanced,R_role_assistant_vs_user@t_post_inst,14,0.5185,0.0363338328897953,0.0363338328897953,0.03177424147725105,0.9103854298591614,True,t_post_inst,t_post_inst,True
R_control_unbalanced,R_role_assistant_vs_user@t_post_inst,15,0.5556,0.005436373874545097,0.005436373874545097,0.03177424147725105,0.9330968856811525,False,t_post_inst,t_post_inst,True
R_control_unbalanced,R_role_assistant_vs_user@t_post_inst,16,0.5926,0.04393880069255829,0.04393880069255829,0.03177424147725105,0.9486418962478638,True,t_post_inst,t_post_inst,True
R_control_unbalanced,R_role_assistant_vs_user@t_post_inst,17,0.6296,0.0642845407128334,0.0642845407128334,0.03177424147725105,0.9633119702339172,True,t_post_inst,t_post_inst,True
R_control_unbalanced,R_role_assistant_vs_user@t_post_inst,18,0.6667,0.14246588945388794,0.14246588945388794,0.03177424147725105,0.9748777151107788,True,t_post_inst,t_post_inst,True
R_control_unbalanced,R_role_assistant_vs_user@t_post_inst,19,0.7037,0.07595677673816681,0.07595677673816681,0.03177424147725105,0.9769220352172852,True,t_post_inst,t_post_inst,True
R_control_unbalanced,R_role_assistant_vs_user@t_post_inst,20,0.7407,0.1630350649356842,0.1630350649356842,0.03177424147725105,0.9826434850692748,True,t_post_inst,t_post_inst,True
R_control_unbalanced,R_role_assistant_vs_user@t_post_inst,21,0.7778,0.18191871047019958,0.18191871047019958,0.03177424147725105,0.9817975163459778,True,t_post_inst,t_post_inst,True
R_control_unbalanced,R_role_assistant_vs_user@t_post_inst,22,0.8148,0.1274508386850357,0.1274508386850357,0.03177424147725105,0.979856014251709,True,t_post_inst,t_post_inst,True
R_control_unbalanced,R_role_assistant_vs_user@t_post_inst,23,0.8519,0.1615583300590515,0.1615583300590515,0.03177424147725105,0.9820910692214966,True,t_post_inst,t_post_inst,True
R_control_unbalanced,R_role_assistant_vs_user@t_post_inst,24,0.8889,0.20732754468917847,0.20732754468917847,0.03177424147725105,0.9812159538269044,True,t_post_inst,t_post_inst,True
R_control_unbalanced,R_role_assistant_vs_user@t_post_inst,25,0.9259,0.18369515240192413,0.18369515240192413,0.03177424147725105,0.9796737432479858,True,t_post_inst,t_post_inst,True
R_control_unbalanced,R_role_assistant_vs_user@t_post_inst,26,0.963,0.13098308444023132,0.13098308444023132,0.03177424147725105,0.9765125513076782,True,t_post_inst,t_post_inst,True
R_control_unbalanced,R_role_assistant_vs_user@t_post_inst,27,1.0,0.0647033303976059,0.0647033303976059,0.03177424147725105,0.9729852676391602,True,t_post_inst,t_post_inst,True
R_control_unbalanced,R_role_system_vs_user@t_inst,0,0.0,0.11573529243469238,0.11573529243469238,0.03177424147725105,0.8220481872558594,True,t_post_inst,t_inst,False
R_control_unbalanced,R_role_system_vs_user@t_inst,1,0.037,0.24034430086612701,0.24034430086612701,0.03177424147725105,0.7897539734840393,True,t_post_inst,t_inst,False
R_control_unbalanced,R_role_system_vs_user@t_inst,2,0.0741,0.03838995844125748,0.03838995844125748,0.03177424147725105,0.7727996706962585,True,t_post_inst,t_inst,False
R_control_unbalanced,R_role_system_vs_user@t_inst,3,0.1111,-0.07049013674259186,0.07049013674259186,0.03177424147725105,0.7718900442123413,True,t_post_inst,t_inst,False
R_control_unbalanced,R_role_system_vs_user@t_inst,4,0.1481,-0.05906718969345093,0.05906718969345093,0.03177424147725105,0.744530975818634,True,t_post_inst,t_inst,False
R_control_unbalanced,R_role_system_vs_user@t_inst,5,0.1852,0.012037036009132862,0.012037036009132862,0.03177424147725105,0.7889321446418762,False,t_post_inst,t_inst,False
R_control_unbalanced,R_role_system_vs_user@t_inst,6,0.2222,-0.023319657891988754,0.023319657891988754,0.03177424147725105,0.7830798625946045,False,t_post_inst,t_inst,False
R_control_unbalanced,R_role_system_vs_user@t_inst,7,0.2593,-0.07771468162536621,0.07771468162536621,0.03177424147725105,0.8006145358085632,True,t_post_inst,t_inst,False
R_control_unbalanced,R_role_system_vs_user@t_inst,8,0.2963,-0.04748571291565895,0.04748571291565895,0.03177424147725105,0.7835728526115417,True,t_post_inst,t_inst,False
R_control_unbalanced,R_role_system_vs_user@t_inst,9,0.3333,-0.037249740213155746,0.037249740213155746,0.03177424147725105,0.733785092830658,True,t_post_inst,t_inst,False
R_control_unbalanced,R_role_system_vs_user@t_inst,10,0.3704,-0.06670823693275452,0.06670823693275452,0.03177424147725105,0.7148844599723816,True,t_post_inst,t_inst,False
R_control_unbalanced,R_role_system_vs_user@t_inst,11,0.4074,-0.07204267382621765,0.07204267382621765,0.03177424147725105,0.7332113981246948,True,t_post_inst,t_inst,False
R_control_unbalanced,R_role_system_vs_user@t_inst,12,0.4444,-0.08413058519363403,0.08413058519363403,0.03177424147725105,0.7586361169815063,True,t_post_inst,t_inst,False
R_control_unbalanced,R_role_system_vs_user@t_inst,13,0.4815,-0.01750367507338524,0.01750367507338524,0.03177424147725105,0.8520153760910034,False,t_post_inst,t_inst,False
R_control_unbalanced,R_role_system_vs_user@t_inst,14,0.5185,0.00698221568018198,0.00698221568018198,0.03177424147725105,0.9103854298591614,False,t_post_inst,t_inst,False
R_control_unbalanced,R_role_system_vs_user@t_inst,15,0.5556,-0.03447059541940689,0.03447059541940689,0.03177424147725105,0.9330968856811525,True,t_post_inst,t_inst,False
R_control_unbalanced,R_role_system_vs_user@t_inst,16,0.5926,-0.026360340416431427,0.026360340416431427,0.03177424147725105,0.9486418962478638,False,t_post_inst,t_inst,False
R_control_unbalanced,R_role_system_vs_user@t_inst,17,0.6296,-0.06669647991657257,0.06669647991657257,0.03177424147725105,0.9633119702339172,True,t_post_inst,t_inst,False
R_control_unbalanced,R_role_system_vs_user@t_inst,18,0.6667,0.024598928168416023,0.024598928168416023,0.03177424147725105,0.9748777151107788,False,t_post_inst,t_inst,False
R_control_unbalanced,R_role_system_vs_user@t_inst,19,0.7037,0.031916406005620956,0.031916406005620956,0.03177424147725105,0.9769220352172852,True,t_post_inst,t_inst,False
R_control_unbalanced,R_role_system_vs_user@t_inst,20,0.7407,0.022531505674123764,0.022531505674123764,0.03177424147725105,0.9826434850692748,False,t_post_inst,t_inst,False
R_control_unbalanced,R_role_system_vs_user@t_inst,21,0.7778,0.016905054450035095,0.016905054450035095,0.03177424147725105,0.9817975163459778,False,t_post_inst,t_inst,False
R_control_unbalanced,R_role_system_vs_user@t_inst,22,0.8148,0.008438171818852425,0.008438171818852425,0.03177424147725105,0.979856014251709,False,t_post_inst,t_inst,False
R_control_unbalanced,R_role_system_vs_user@t_inst,23,0.8519,0.0345396026968956,0.0345396026968956,0.03177424147725105,0.9820910692214966,True,t_post_inst,t_inst,False
R_control_unbalanced,R_role_system_vs_user@t_inst,24,0.8889,0.03362465649843216,0.03362465649843216,0.03177424147725105,0.9812159538269044,True,t_post_inst,t_inst,False
R_control_unbalanced,R_role_system_vs_user@t_inst,25,0.9259,0.001267334446310997,0.001267334446310997,0.03177424147725105,0.9796737432479858,False,t_post_inst,t_inst,False
R_control_unbalanced,R_role_system_vs_user@t_inst,26,0.963,-0.019571427255868912,0.019571427255868912,0.03177424147725105,0.9765125513076782,False,t_post_inst,t_inst,False
R_control_unbalanced,R_role_system_vs_user@t_inst,27,1.0,-0.04167579114437103,0.04167579114437103,0.03177424147725105,0.9729852676391602,True,t_post_inst,t_inst,False
R_control_unbalanced,R_role_system_vs_user@t_post_inst,0,0.0,-0.23098303377628326,0.23098303377628326,0.03177424147725105,0.8220481872558594,True,t_post_inst,t_post_inst,True
R_control_unbalanced,R_role_system_vs_user@t_post_inst,1,0.037,-0.32070499658584595,0.32070499658584595,0.03177424147725105,0.7897539734840393,True,t_post_inst,t_post_inst,True
R_control_unbalanced,R_role_system_vs_user@t_post_inst,2,0.0741,-0.21269720792770386,0.21269720792770386,0.03177424147725105,0.7727996706962585,True,t_post_inst,t_post_inst,True
R_control_unbalanced,R_role_system_vs_user@t_post_inst,3,0.1111,-0.19210073351860046,0.19210073351860046,0.03177424147725105,0.7718900442123413,True,t_post_inst,t_post_inst,True
R_control_unbalanced,R_role_system_vs_user@t_post_inst,4,0.1481,-0.26229482889175415,0.26229482889175415,0.03177424147725105,0.744530975818634,True,t_post_inst,t_post_inst,True
R_control_unbalanced,R_role_system_vs_user@t_post_inst,5,0.1852,-0.42620253562927246,0.42620253562927246,0.03177424147725105,0.7889321446418762,True,t_post_inst,t_post_inst,True
R_control_unbalanced,R_role_system_vs_user@t_post_inst,6,0.2222,-0.4592594802379608,0.4592594802379608,0.03177424147725105,0.7830798625946045,True,t_post_inst,t_post_inst,True
R_control_unbalanced,R_role_system_vs_user@t_post_inst,7,0.2593,-0.5056314468383789,0.5056314468383789,0.03177424147725105,0.8006145358085632,True,t_post_inst,t_post_inst,True
R_control_unbalanced,R_role_system_vs_user@t_post_inst,8,0.2963,-0.5005974769592285,0.5005974769592285,0.03177424147725105,0.7835728526115417,True,t_post_inst,t_post_inst,True
R_control_unbalanced,R_role_system_vs_user@t_post_inst,9,0.3333,-0.3917085826396942,0.3917085826396942,0.03177424147725105,0.733785092830658,True,t_post_inst,t_post_inst,True
R_control_unbalanced,R_role_system_vs_user@t_post_inst,10,0.3704,-0.3949549198150635,0.3949549198150635,0.03177424147725105,0.7148844599723816,True,t_post_inst,t_post_inst,True
R_control_unbalanced,R_role_system_vs_user@t_post_inst,11,0.4074,-0.404718279838562,0.404718279838562,0.03177424147725105,0.7332113981246948,True,t_post_inst,t_post_inst,True
R_control_unbalanced,R_role_system_vs_user@t_post_inst,12,0.4444,-0.39824503660202026,0.39824503660202026,0.03177424147725105,0.7586361169815063,True,t_post_inst,t_post_inst,True
R_control_unbalanced,R_role_system_vs_user@t_post_inst,13,0.4815,-0.30793237686157227,0.30793237686157227,0.03177424147725105,0.8520153760910034,True,t_post_inst,t_post_inst,True
R_control_unbalanced,R_role_system_vs_user@t_post_inst,14,0.5185,-0.1990940272808075,0.1990940272808075,0.03177424147725105,0.9103854298591614,True,t_post_inst,t_post_inst,True
R_control_unbalanced,R_role_system_vs_user@t_post_inst,15,0.5556,-0.19918838143348694,0.19918838143348694,0.03177424147725105,0.9330968856811525,True,t_post_inst,t_post_inst,True
R_control_unbalanced,R_role_system_vs_user@t_post_inst,16,0.5926,-0.1592770665884018,0.1592770665884018,0.03177424147725105,0.9486418962478638,True,t_post_inst,t_post_inst,True
R_control_unbalanced,R_role_system_vs_user@t_post_inst,17,0.6296,-0.16513630747795105,0.16513630747795105,0.03177424147725105,0.9633119702339172,True,t_post_inst,t_post_inst,True
R_control_unbalanced,R_role_system_vs_user@t_post_inst,18,0.6667,-0.12552021443843842,0.12552021443843842,0.03177424147725105,0.9748777151107788,True,t_post_inst,t_post_inst,True
R_control_unbalanced,R_role_system_vs_user@t_post_inst,19,0.7037,-0.15764451026916504,0.15764451026916504,0.03177424147725105,0.9769220352172852,True,t_post_inst,t_post_inst,True
R_control_unbalanced,R_role_system_vs_user@t_post_inst,20,0.7407,-0.16158713400363922,0.16158713400363922,0.03177424147725105,0.9826434850692748,True,t_post_inst,t_post_inst,True
R_control_unbalanced,R_role_system_vs_user@t_post_inst,21,0.7778,-0.18990865349769592,0.18990865349769592,0.03177424147725105,0.9817975163459778,True,t_post_inst,t_post_inst,True
R_control_unbalanced,R_role_system_vs_user@t_post_inst,22,0.8148,-0.2435595691204071,0.2435595691204071,0.03177424147725105,0.979856014251709,True,t_post_inst,t_post_inst,True
R_control_unbalanced,R_role_system_vs_user@t_post_inst,23,0.8519,-0.24550236761569977,0.24550236761569977,0.03177424147725105,0.9820910692214966,True,t_post_inst,t_post_inst,True
R_control_unbalanced,R_role_system_vs_user@t_post_inst,24,0.8889,-0.2501724660396576,0.2501724660396576,0.03177424147725105,0.9812159538269044,True,t_post_inst,t_post_inst,True
R_control_unbalanced,R_role_system_vs_user@t_post_inst,25,0.9259,-0.20885497331619263,0.20885497331619263,0.03177424147725105,0.9796737432479858,True,t_post_inst,t_post_inst,True
R_control_unbalanced,R_role_system_vs_user@t_post_inst,26,0.963,-0.24810059368610382,0.24810059368610382,0.03177424147725105,0.9765125513076782,True,t_post_inst,t_post_inst,True
R_control_unbalanced,R_role_system_vs_user@t_post_inst,27,1.0,-0.31074899435043335,0.31074899435043335,0.03177424147725105,0.9729852676391602,True,t_post_inst,t_post_inst,True
R_control_unbalanced,R_role_tool_vs_user@t_inst,0,0.0,0.09172940254211426,0.09172940254211426,0.03177424147725105,0.8220481872558594,True,t_post_inst,t_inst,False
R_control_unbalanced,R_role_tool_vs_user@t_inst,1,0.037,-0.0496542826294899,0.0496542826294899,0.03177424147725105,0.7897539734840393,True,t_post_inst,t_inst,False
R_control_unbalanced,R_role_tool_vs_user@t_inst,2,0.0741,0.0101602952927351,0.0101602952927351,0.03177424147725105,0.7727996706962585,False,t_post_inst,t_inst,False
R_control_unbalanced,R_role_tool_vs_user@t_inst,3,0.1111,0.0792708694934845,0.0792708694934845,0.03177424147725105,0.7718900442123413,True,t_post_inst,t_inst,False
R_control_unbalanced,R_role_tool_vs_user@t_inst,4,0.1481,-0.007717037573456764,0.007717037573456764,0.03177424147725105,0.744530975818634,False,t_post_inst,t_inst,False
R_control_unbalanced,R_role_tool_vs_user@t_inst,5,0.1852,0.017950475215911865,0.017950475215911865,0.03177424147725105,0.7889321446418762,False,t_post_inst,t_inst,False
R_control_unbalanced,R_role_tool_vs_user@t_inst,6,0.2222,0.013129264116287231,0.013129264116287231,0.03177424147725105,0.7830798625946045,False,t_post_inst,t_inst,False
R_control_unbalanced,R_role_tool_vs_user@t_inst,7,0.2593,0.0021175947040319443,0.0021175947040319443,0.03177424147725105,0.8006145358085632,False,t_post_inst,t_inst,False
R_control_unbalanced,R_role_tool_vs_user@t_inst,8,0.2963,0.010594159364700317,0.010594159364700317,0.03177424147725105,0.7835728526115417,False,t_post_inst,t_inst,False
R_control_unbalanced,R_role_tool_vs_user@t_inst,9,0.3333,0.005607457831501961,0.005607457831501961,0.03177424147725105,0.733785092830658,False,t_post_inst,t_inst,False
R_control_unbalanced,R_role_tool_vs_user@t_inst,10,0.3704,0.009022836573421955,0.009022836573421955,0.03177424147725105,0.7148844599723816,False,t_post_inst,t_inst,False
R_control_unbalanced,R_role_tool_vs_user@t_inst,11,0.4074,-0.015417957678437233,0.015417957678437233,0.03177424147725105,0.7332113981246948,False,t_post_inst,t_inst,False
R_control_unbalanced,R_role_tool_vs_user@t_inst,12,0.4444,-0.04224972054362297,0.04224972054362297,0.03177424147725105,0.7586361169815063,True,t_post_inst,t_inst,False
R_control_unbalanced,R_role_tool_vs_user@t_inst,13,0.4815,0.0035662390291690826,0.0035662390291690826,0.03177424147725105,0.8520153760910034,False,t_post_inst,t_inst,False
R_control_unbalanced,R_role_tool_vs_user@t_inst,14,0.5185,0.020479565486311913,0.020479565486311913,0.03177424147725105,0.9103854298591614,False,t_post_inst,t_inst,False
R_control_unbalanced,R_role_tool_vs_user@t_inst,15,0.5556,0.04532763734459877,0.04532763734459877,0.03177424147725105,0.9330968856811525,True,t_post_inst,t_inst,False
R_control_unbalanced,R_role_tool_vs_user@t_inst,16,0.5926,0.05654269456863403,0.05654269456863403,0.03177424147725105,0.9486418962478638,True,t_post_inst,t_inst,False
R_control_unbalanced,R_role_tool_vs_user@t_inst,17,0.6296,0.03968115523457527,0.03968115523457527,0.03177424147725105,0.9633119702339172,True,t_post_inst,t_inst,False
R_control_unbalanced,R_role_tool_vs_user@t_inst,18,0.6667,0.0868951678276062,0.0868951678276062,0.03177424147725105,0.9748777151107788,True,t_post_inst,t_inst,False
R_control_unbalanced,R_role_tool_vs_user@t_inst,19,0.7037,0.0586816631257534,0.0586816631257534,0.03177424147725105,0.9769220352172852,True,t_post_inst,t_inst,False
R_control_unbalanced,R_role_tool_vs_user@t_inst,20,0.7407,0.08650538325309753,0.08650538325309753,0.03177424147725105,0.9826434850692748,True,t_post_inst,t_inst,False
R_control_unbalanced,R_role_tool_vs_user@t_inst,21,0.7778,0.04984329640865326,0.04984329640865326,0.03177424147725105,0.9817975163459778,True,t_post_inst,t_inst,False
R_control_unbalanced,R_role_tool_vs_user@t_inst,22,0.8148,0.10043218731880188,0.10043218731880188,0.03177424147725105,0.979856014251709,True,t_post_inst,t_inst,False
R_control_unbalanced,R_role_tool_vs_user@t_inst,23,0.8519,0.06753525882959366,0.06753525882959366,0.03177424147725105,0.9820910692214966,True,t_post_inst,t_inst,False
R_control_unbalanced,R_role_tool_vs_user@t_inst,24,0.8889,0.10576513409614563,0.10576513409614563,0.03177424147725105,0.9812159538269044,True,t_post_inst,t_inst,False
R_control_unbalanced,R_role_tool_vs_user@t_inst,25,0.9259,0.0468093678355217,0.0468093678355217,0.03177424147725105,0.9796737432479858,True,t_post_inst,t_inst,False
R_control_unbalanced,R_role_tool_vs_user@t_inst,26,0.963,-0.0034394478425383568,0.0034394478425383568,0.03177424147725105,0.9765125513076782,False,t_post_inst,t_inst,False
R_control_unbalanced,R_role_tool_vs_user@t_inst,27,1.0,-0.0532984659075737,0.0532984659075737,0.03177424147725105,0.9729852676391602,True,t_post_inst,t_inst,False
R_control_unbalanced,R_role_tool_vs_user@t_post_inst,0,0.0,0.36239320039749146,0.36239320039749146,0.03177424147725105,0.8220481872558594,True,t_post_inst,t_post_inst,True
R_control_unbalanced,R_role_tool_vs_user@t_post_inst,1,0.037,0.22369325160980225,0.22369325160980225,0.03177424147725105,0.7897539734840393,True,t_post_inst,t_post_inst,True
R_control_unbalanced,R_role_tool_vs_user@t_post_inst,2,0.0741,0.17129921913146973,0.17129921913146973,0.03177424147725105,0.7727996706962585,True,t_post_inst,t_post_inst,True
R_control_unbalanced,R_role_tool_vs_user@t_post_inst,3,0.1111,0.3040594458580017,0.3040594458580017,0.03177424147725105,0.7718900442123413,True,t_post_inst,t_post_inst,True
R_control_unbalanced,R_role_tool_vs_user@t_post_inst,4,0.1481,0.21752744913101196,0.21752744913101196,0.03177424147725105,0.744530975818634,True,t_post_inst,t_post_inst,True
R_control_unbalanced,R_role_tool_vs_user@t_post_inst,5,0.1852,0.32449835538864136,0.32449835538864136,0.03177424147725105,0.7889321446418762,True,t_post_inst,t_post_inst,True
R_control_unbalanced,R_role_tool_vs_user@t_post_inst,6,0.2222,0.255501389503479,0.255501389503479,0.03177424147725105,0.7830798625946045,True,t_post_inst,t_post_inst,True
R_control_unbalanced,R_role_tool_vs_user@t_post_inst,7,0.2593,0.09119759500026703,0.09119759500026703,0.03177424147725105,0.8006145358085632,True,t_post_inst,t_post_inst,True
R_control_unbalanced,R_role_tool_vs_user@t_post_inst,8,0.2963,0.007256937213242054,0.007256937213242054,0.03177424147725105,0.7835728526115417,False,t_post_inst,t_post_inst,True
R_control_unbalanced,R_role_tool_vs_user@t_post_inst,9,0.3333,0.028468143194913864,0.028468143194913864,0.03177424147725105,0.733785092830658,False,t_post_inst,t_post_inst,True
R_control_unbalanced,R_role_tool_vs_user@t_post_inst,10,0.3704,0.004354978445917368,0.004354978445917368,0.03177424147725105,0.7148844599723816,False,t_post_inst,t_post_inst,True
R_control_unbalanced,R_role_tool_vs_user@t_post_inst,11,0.4074,-0.0030868612229824066,0.0030868612229824066,0.03177424147725105,0.7332113981246948,False,t_post_inst,t_post_inst,True
R_control_unbalanced,R_role_tool_vs_user@t_post_inst,12,0.4444,-0.053190670907497406,0.053190670907497406,0.03177424147725105,0.7586361169815063,True,t_post_inst,t_post_inst,True
R_control_unbalanced,R_role_tool_vs_user@t_post_inst,13,0.4815,-0.07148430496454239,0.07148430496454239,0.03177424147725105,0.8520153760910034,True,t_post_inst,t_post_inst,True
R_control_unbalanced,R_role_tool_vs_user@t_post_inst,14,0.5185,-0.032255493104457855,0.032255493104457855,0.03177424147725105,0.9103854298591614,True,t_post_inst,t_post_inst,True
R_control_unbalanced,R_role_tool_vs_user@t_post_inst,15,0.5556,-0.08992648869752884,0.08992648869752884,0.03177424147725105,0.9330968856811525,True,t_post_inst,t_post_inst,True
R_control_unbalanced,R_role_tool_vs_user@t_post_inst,16,0.5926,-0.10551449656486511,0.10551449656486511,0.03177424147725105,0.9486418962478638,True,t_post_inst,t_post_inst,True
R_control_unbalanced,R_role_tool_vs_user@t_post_inst,17,0.6296,-0.1323673129081726,0.1323673129081726,0.03177424147725105,0.9633119702339172,True,t_post_inst,t_post_inst,True
R_control_unbalanced,R_role_tool_vs_user@t_post_inst,18,0.6667,0.09991902858018875,0.09991902858018875,0.03177424147725105,0.9748777151107788,True,t_post_inst,t_post_inst,True
R_control_unbalanced,R_role_tool_vs_user@t_post_inst,19,0.7037,0.04759573936462402,0.04759573936462402,0.03177424147725105,0.9769220352172852,True,t_post_inst,t_post_inst,True
R_control_unbalanced,R_role_tool_vs_user@t_post_inst,20,0.7407,0.15472157299518585,0.15472157299518585,0.03177424147725105,0.9826434850692748,True,t_post_inst,t_post_inst,True
R_control_unbalanced,R_role_tool_vs_user@t_post_inst,21,0.7778,0.17188327014446259,0.17188327014446259,0.03177424147725105,0.9817975163459778,True,t_post_inst,t_post_inst,True
R_control_unbalanced,R_role_tool_vs_user@t_post_inst,22,0.8148,0.13271233439445496,0.13271233439445496,0.03177424147725105,0.979856014251709,True,t_post_inst,t_post_inst,True
R_control_unbalanced,R_role_tool_vs_user@t_post_inst,23,0.8519,0.17262211441993713,0.17262211441993713,0.03177424147725105,0.9820910692214966,True,t_post_inst,t_post_inst,True
R_control_unbalanced,R_role_tool_vs_user@t_post_inst,24,0.8889,0.1868923455476761,0.1868923455476761,0.03177424147725105,0.9812159538269044,True,t_post_inst,t_post_inst,True
R_control_unbalanced,R_role_tool_vs_user@t_post_inst,25,0.9259,0.18210738897323608,0.18210738897323608,0.03177424147725105,0.9796737432479858,True,t_post_inst,t_post_inst,True
R_control_unbalanced,R_role_tool_vs_user@t_post_inst,26,0.963,0.16112734377384186,0.16112734377384186,0.03177424147725105,0.9765125513076782,True,t_post_inst,t_post_inst,True
R_control_unbalanced,R_role_tool_vs_user@t_post_inst,27,1.0,0.12468084692955017,0.12468084692955017,0.03177424147725105,0.9729852676391602,True,t_post_inst,t_post_inst,True
R_harm,R_harm_at_post,0,0.0,0.09514288604259491,0.09514288604259491,0.03177424147725105,0.9790010452270508,True,t_inst,t_post_inst,False
R_harm,R_harm_at_post,1,0.037,0.030075963586568832,0.030075963586568832,0.03177424147725105,0.9820493459701538,False,t_inst,t_post_inst,False
R_harm,R_harm_at_post,2,0.0741,0.054696399718523026,0.054696399718523026,0.03177424147725105,0.9828359484672546,True,t_inst,t_post_inst,False
R_harm,R_harm_at_post,3,0.1111,0.10245963931083679,0.10245963931083679,0.03177424147725105,0.98307865858078,True,t_inst,t_post_inst,False
R_harm,R_harm_at_post,4,0.1481,0.08976909518241882,0.08976909518241882,0.03177424147725105,0.9802590608596802,True,t_inst,t_post_inst,False
R_harm,R_harm_at_post,5,0.1852,0.08633232116699219,0.08633232116699219,0.03177424147725105,0.983889937400818,True,t_inst,t_post_inst,False
R_harm,R_harm_at_post,6,0.2222,0.12068457901477814,0.12068457901477814,0.03177424147725105,0.9843658208847046,True,t_inst,t_post_inst,False
R_harm,R_harm_at_post,7,0.2593,0.12366113811731339,0.12366113811731339,0.03177424147725105,0.9864913821220398,True,t_inst,t_post_inst,False
R_harm,R_harm_at_post,8,0.2963,0.13092951476573944,0.13092951476573944,0.03177424147725105,0.987721621990204,True,t_inst,t_post_inst,False
R_harm,R_harm_at_post,9,0.3333,0.15455478429794312,0.15455478429794312,0.03177424147725105,0.9888997077941896,True,t_inst,t_post_inst,False
R_harm,R_harm_at_post,10,0.3704,0.13933345675468445,0.13933345675468445,0.03177424147725105,0.9890986680984496,True,t_inst,t_post_inst,False
R_harm,R_harm_at_post,11,0.4074,0.09772518277168274,0.09772518277168274,0.03177424147725105,0.989482045173645,True,t_inst,t_post_inst,False
R_harm,R_harm_at_post,12,0.4444,0.11968681961297989,0.11968681961297989,0.03177424147725105,0.989603877067566,True,t_inst,t_post_inst,False
R_harm,R_harm_at_post,13,0.4815,0.14293396472930908,0.14293396472930908,0.03177424147725105,0.9896970987319946,True,t_inst,t_post_inst,False
R_harm,R_harm_at_post,14,0.5185,0.17401432991027832,0.17401432991027832,0.03177424147725105,0.9905834197998048,True,t_inst,t_post_inst,False
R_harm,R_harm_at_post,15,0.5556,0.19563733041286469,0.19563733041286469,0.03177424147725105,0.9910890460014344,True,t_inst,t_post_inst,False
R_harm,R_harm_at_post,16,0.5926,0.2510029375553131,0.2510029375553131,0.03177424147725105,0.991257667541504,True,t_inst,t_post_inst,False
R_harm,R_harm_at_post,17,0.6296,0.26032915711402893,0.26032915711402893,0.03177424147725105,0.9917958974838256,True,t_inst,t_post_inst,False
R_harm,R_harm_at_post,18,0.6667,0.27275604009628296,0.27275604009628296,0.03177424147725105,0.9925851821899414,True,t_inst,t_post_inst,False
R_harm,R_harm_at_post,19,0.7037,0.24876168370246887,0.24876168370246887,0.03177424147725105,0.992839515209198,True,t_inst,t_post_inst,False
R_harm,R_harm_at_post,20,0.7407,0.20198297500610352,0.20198297500610352,0.03177424147725105,0.9924008250236512,True,t_inst,t_post_inst,False
R_harm,R_harm_at_post,21,0.7778,0.19706228375434875,0.19706228375434875,0.03177424147725105,0.991822063922882,True,t_inst,t_post_inst,False
R_harm,R_harm_at_post,22,0.8148,0.23836570978164673,0.23836570978164673,0.03177424147725105,0.9904620051383972,True,t_inst,t_post_inst,False
R_harm,R_harm_at_post,23,0.8519,0.21980193257331848,0.21980193257331848,0.03177424147725105,0.9885958433151244,True,t_inst,t_post_inst,False
R_harm,R_harm_at_post,24,0.8889,0.2357988953590393,0.2357988953590393,0.03177424147725105,0.987680435180664,True,t_inst,t_post_inst,False
R_harm,R_harm_at_post,25,0.9259,0.21043813228607178,0.21043813228607178,0.03177424147725105,0.9873052835464478,True,t_inst,t_post_inst,False
R_harm,R_harm_at_post,26,0.963,0.20460104942321777,0.20460104942321777,0.03177424147725105,0.9860822558403016,True,t_inst,t_post_inst,False
R_harm,R_harm_at_post,27,1.0,0.2237808108329773,0.2237808108329773,0.03177424147725105,0.9879905581474304,True,t_inst,t_post_inst,False
R_harm,R_harm_user,0,0.0,0.9879106283187866,0.9879106283187866,0.03177424147725105,0.9774958491325378,True,t_inst,t_inst,True
R_harm,R_harm_user,1,0.037,0.991643488407135,0.991643488407135,0.03177424147725105,0.975390613079071,True,t_inst,t_inst,True
R_harm,R_harm_user,2,0.0741,0.9915732145309448,0.9915732145309448,0.03177424147725105,0.96849125623703,True,t_inst,t_inst,True
R_harm,R_harm_user,3,0.1111,0.9904236793518066,0.9904236793518066,0.03177424147725105,0.9592113494873048,True,t_inst,t_inst,True
R_harm,R_harm_user,4,0.1481,0.98836749792099,0.98836749792099,0.03177424147725105,0.9614189863204956,True,t_inst,t_inst,True
R_harm,R_harm_user,5,0.1852,0.9870450496673584,0.9870450496673584,0.03177424147725105,0.9651997685432434,True,t_inst,t_inst,True
R_harm,R_harm_user,6,0.2222,0.9882839322090149,0.9882839322090149,0.03177424147725105,0.964959979057312,True,t_inst,t_inst,True
R_harm,R_harm_user,7,0.2593,0.9866659641265869,0.9866659641265869,0.03177424147725105,0.9597644805908204,True,t_inst,t_inst,True
R_harm,R_harm_user,8,0.2963,0.9850755929946899,0.9850755929946899,0.03177424147725105,0.957377791404724,True,t_inst,t_inst,True
R_harm,R_harm_user,9,0.3333,0.986238956451416,0.986238956451416,0.03177424147725105,0.95751953125,True,t_inst,t_inst,True
R_harm,R_harm_user,10,0.3704,0.9860371351242065,0.9860371351242065,0.03177424147725105,0.9584423899650574,True,t_inst,t_inst,True
R_harm,R_harm_user,11,0.4074,0.9861116409301758,0.9861116409301758,0.03177424147725105,0.9595924615859984,True,t_inst,t_inst,True
R_harm,R_harm_user,12,0.4444,0.9843393564224243,0.9843393564224243,0.03177424147725105,0.96018648147583,True,t_inst,t_inst,True
R_harm,R_harm_user,13,0.4815,0.9840365648269653,0.9840365648269653,0.03177424147725105,0.959924340248108,True,t_inst,t_inst,True
R_harm,R_harm_user,14,0.5185,0.9844370484352112,0.9844370484352112,0.03177424147725105,0.9633116722106934,True,t_inst,t_inst,True
R_harm,R_harm_user,15,0.5556,0.9820459485054016,0.9820459485054016,0.03177424147725105,0.96561461687088,True,t_inst,t_inst,True
R_harm,R_harm_user,16,0.5926,0.9801874160766602,0.9801874160766602,0.03177424147725105,0.9658317565917968,True,t_inst,t_inst,True
R_harm,R_harm_user,17,0.6296,0.9783549308776855,0.9783549308776855,0.03177424147725105,0.9684625864028932,True,t_inst,t_inst,True
R_harm,R_harm_user,18,0.6667,0.9750767946243286,0.9750767946243286,0.03177424147725105,0.9726020693778992,True,t_inst,t_inst,True
R_harm,R_harm_user,19,0.7037,0.9728516936302185,0.9728516936302185,0.03177424147725105,0.9743415713310242,True,t_inst,t_inst,True
R_harm,R_harm_user,20,0.7407,0.9661608934402466,0.9661608934402466,0.03177424147725105,0.9742247462272644,True,t_inst,t_inst,True
R_harm,R_harm_user,21,0.7778,0.9590116739273071,0.9590116739273071,0.03177424147725105,0.9745512008666992,True,t_inst,t_inst,True
R_harm,R_harm_user,22,0.8148,0.9531269073486328,0.9531269073486328,0.03177424147725105,0.9723869562149048,True,t_inst,t_inst,True
R_harm,R_harm_user,23,0.8519,0.9486307501792908,0.9486307501792908,0.03177424147725105,0.9680910110473632,True,t_inst,t_inst,True
R_harm,R_harm_user,24,0.8889,0.9392923712730408,0.9392923712730408,0.03177424147725105,0.9682265520095824,True,t_inst,t_inst,True
R_harm,R_harm_user,25,0.9259,0.9328727722167969,0.9328727722167969,0.03177424147725105,0.9686745405197144,True,t_inst,t_inst,True
R_harm,R_harm_user,26,0.963,0.9083426594734192,0.9083426594734192,0.03177424147725105,0.9732636213302612,True,t_inst,t_inst,True
R_harm,R_harm_user,27,1.0,0.8948864936828613,0.8948864936828613,0.03177424147725105,0.97903311252594,True,t_inst,t_inst,True
R_harm,R_role_assistant_vs_user@t_inst,0,0.0,0.05177733302116394,0.05177733302116394,0.03177424147725105,0.9935179948806764,True,t_inst,t_inst,True
R_harm,R_role_assistant_vs_user@t_inst,1,0.037,0.3427441418170929,0.3427441418170929,0.03177424147725105,0.9930142164230348,True,t_inst,t_inst,True
R_harm,R_role_assistant_vs_user@t_inst,2,0.0741,0.22918716073036194,0.22918716073036194,0.03177424147725105,0.990850269794464,True,t_inst,t_inst,True
R_harm,R_role_assistant_vs_user@t_inst,3,0.1111,0.1058918759226799,0.1058918759226799,0.03177424147725105,0.9886719584465028,True,t_inst,t_inst,True
R_harm,R_role_assistant_vs_user@t_inst,4,0.1481,0.1582409292459488,0.1582409292459488,0.03177424147725105,0.9890854954719543,True,t_inst,t_inst,True
R_harm,R_role_assistant_vs_user@t_inst,5,0.1852,0.011399413459002972,0.011399413459002972,0.03177424147725105,0.990136742591858,False,t_inst,t_inst,True
R_harm,R_role_assistant_vs_user@t_inst,6,0.2222,0.009068295359611511,0.009068295359611511,0.03177424147725105,0.9901646375656128,False,t_inst,t_inst,True
R_harm,R_role_assistant_vs_user@t_inst,7,0.2593,0.004812320228666067,0.004812320228666067,0.03177424147725105,0.989310085773468,False,t_inst,t_inst,True
R_harm,R_role_assistant_vs_user@t_inst,8,0.2963,-0.09347138553857803,0.09347138553857803,0.03177424147725105,0.9889304041862488,True,t_inst,t_inst,True
R_harm,R_role_assistant_vs_user@t_inst,9,0.3333,-0.02655455656349659,0.02655455656349659,0.03177424147725105,0.988999843597412,False,t_inst,t_inst,True
R_harm,R_role_assistant_vs_user@t_inst,10,0.3704,0.026724841445684433,0.026724841445684433,0.03177424147725105,0.9890986680984496,False,t_inst,t_inst,True
R_harm,R_role_assistant_vs_user@t_inst,11,0.4074,0.0274118110537529,0.0274118110537529,0.03177424147725105,0.989482045173645,False,t_inst,t_inst,True
R_harm,R_role_assistant_vs_user@t_inst,12,0.4444,-0.03760982304811478,0.03760982304811478,0.03177424147725105,0.9896663427352904,True,t_inst,t_inst,True
R_harm,R_role_assistant_vs_user@t_inst,13,0.4815,-0.055028557777404785,0.055028557777404785,0.03177424147725105,0.9896970987319946,True,t_inst,t_inst,True
R_harm,R_role_assistant_vs_user@t_inst,14,0.5185,-0.037605658173561096,0.037605658173561096,0.03177424147725105,0.9905834197998048,True,t_inst,t_inst,True
R_harm,R_role_assistant_vs_user@t_inst,15,0.5556,-0.04539915919303894,0.04539915919303894,0.03177424147725105,0.9910890460014344,True,t_inst,t_inst,True
R_harm,R_role_assistant_vs_user@t_inst,16,0.5926,-0.12171738594770432,0.12171738594770432,0.03177424147725105,0.991257667541504,True,t_inst,t_inst,True
R_harm,R_role_assistant_vs_user@t_inst,17,0.6296,-0.12753616273403168,0.12753616273403168,0.03177424147725105,0.9917958974838256,True,t_inst,t_inst,True
R_harm,R_role_assistant_vs_user@t_inst,18,0.6667,-0.13807059824466705,0.13807059824466705,0.03177424147725105,0.9925851821899414,True,t_inst,t_inst,True
R_harm,R_role_assistant_vs_user@t_inst,19,0.7037,-0.1361183375120163,0.1361183375120163,0.03177424147725105,0.992839515209198,True,t_inst,t_inst,True
R_harm,R_role_assistant_vs_user@t_inst,20,0.7407,-0.15035724639892578,0.15035724639892578,0.03177424147725105,0.9924008250236512,True,t_inst,t_inst,True
R_harm,R_role_assistant_vs_user@t_inst,21,0.7778,-0.0798741951584816,0.0798741951584816,0.03177424147725105,0.991822063922882,True,t_inst,t_inst,True
R_harm,R_role_assistant_vs_user@t_inst,22,0.8148,-0.028769440948963165,0.028769440948963165,0.03177424147725105,0.9904620051383972,False,t_inst,t_inst,True
R_harm,R_role_assistant_vs_user@t_inst,23,0.8519,-0.04237525910139084,0.04237525910139084,0.03177424147725105,0.9885958433151244,True,t_inst,t_inst,True
R_harm,R_role_assistant_vs_user@t_inst,24,0.8889,-0.010450695641338825,0.010450695641338825,0.03177424147725105,0.987680435180664,False,t_inst,t_inst,True
R_harm,R_role_assistant_vs_user@t_inst,25,0.9259,0.002675747498869896,0.002675747498869896,0.03177424147725105,0.9873052835464478,False,t_inst,t_inst,True
R_harm,R_role_assistant_vs_user@t_inst,26,0.963,0.03454715758562088,0.03454715758562088,0.03177424147725105,0.9860822558403016,True,t_inst,t_inst,True
R_harm,R_role_assistant_vs_user@t_inst,27,1.0,0.05328379571437836,0.05328379571437836,0.03177424147725105,0.9879905581474304,True,t_inst,t_inst,True
R_harm,R_role_assistant_vs_user@t_post_inst,0,0.0,-0.004583701491355896,0.004583701491355896,0.03177424147725105,0.9935179948806764,False,t_inst,t_post_inst,False
R_harm,R_role_assistant_vs_user@t_post_inst,1,0.037,0.17544585466384888,0.17544585466384888,0.03177424147725105,0.9930142164230348,True,t_inst,t_post_inst,False
R_harm,R_role_assistant_vs_user@t_post_inst,2,0.0741,0.1217293068766594,0.1217293068766594,0.03177424147725105,0.990850269794464,True,t_inst,t_post_inst,False
R_harm,R_role_assistant_vs_user@t_post_inst,3,0.1111,0.05742513760924339,0.05742513760924339,0.03177424147725105,0.9886719584465028,True,t_inst,t_post_inst,False
R_harm,R_role_assistant_vs_user@t_post_inst,4,0.1481,-0.00955715961754322,0.00955715961754322,0.03177424147725105,0.9890854954719543,False,t_inst,t_post_inst,False
R_harm,R_role_assistant_vs_user@t_post_inst,5,0.1852,0.02297002263367176,0.02297002263367176,0.03177424147725105,0.990136742591858,False,t_inst,t_post_inst,False
R_harm,R_role_assistant_vs_user@t_post_inst,6,0.2222,-0.0007627727463841438,0.0007627727463841438,0.03177424147725105,0.9901646375656128,False,t_inst,t_post_inst,False
R_harm,R_role_assistant_vs_user@t_post_inst,7,0.2593,-0.005427822005003691,0.005427822005003691,0.03177424147725105,0.989310085773468,False,t_inst,t_post_inst,False
R_harm,R_role_assistant_vs_user@t_post_inst,8,0.2963,0.016060469672083855,0.016060469672083855,0.03177424147725105,0.9889304041862488,False,t_inst,t_post_inst,False
R_harm,R_role_assistant_vs_user@t_post_inst,9,0.3333,0.02763807773590088,0.02763807773590088,0.03177424147725105,0.988999843597412,False,t_inst,t_post_inst,False
R_harm,R_role_assistant_vs_user@t_post_inst,10,0.3704,0.06255568563938141,0.06255568563938141,0.03177424147725105,0.9890986680984496,True,t_inst,t_post_inst,False
R_harm,R_role_assistant_vs_user@t_post_inst,11,0.4074,0.07408082485198975,0.07408082485198975,0.03177424147725105,0.989482045173645,True,t_inst,t_post_inst,False
R_harm,R_role_assistant_vs_user@t_post_inst,12,0.4444,0.05181001499295235,0.05181001499295235,0.03177424147725105,0.9896663427352904,True,t_inst,t_post_inst,False
R_harm,R_role_assistant_vs_user@t_post_inst,13,0.4815,0.06253248453140259,0.06253248453140259,0.03177424147725105,0.9896970987319946,True,t_inst,t_post_inst,False
R_harm,R_role_assistant_vs_user@t_post_inst,14,0.5185,0.08269389718770981,0.08269389718770981,0.03177424147725105,0.9905834197998048,True,t_inst,t_post_inst,False
R_harm,R_role_assistant_vs_user@t_post_inst,15,0.5556,0.09428589046001434,0.09428589046001434,0.03177424147725105,0.9910890460014344,True,t_inst,t_post_inst,False
R_harm,R_role_assistant_vs_user@t_post_inst,16,0.5926,0.05607558414340019,0.05607558414340019,0.03177424147725105,0.991257667541504,True,t_inst,t_post_inst,False
R_harm,R_role_assistant_vs_user@t_post_inst,17,0.6296,0.043938107788562775,0.043938107788562775,0.03177424147725105,0.9917958974838256,True,t_inst,t_post_inst,False
R_harm,R_role_assistant_vs_user@t_post_inst,18,0.6667,-0.028560936450958252,0.028560936450958252,0.03177424147725105,0.9925851821899414,False,t_inst,t_post_inst,False
R_harm,R_role_assistant_vs_user@t_post_inst,19,0.7037,-0.03491596132516861,0.03491596132516861,0.03177424147725105,0.992839515209198,True,t_inst,t_post_inst,False
R_harm,R_role_assistant_vs_user@t_post_inst,20,0.7407,-0.038222864270210266,0.038222864270210266,0.03177424147725105,0.9924008250236512,True,t_inst,t_post_inst,False
R_harm,R_role_assistant_vs_user@t_post_inst,21,0.7778,-0.03901998698711395,0.03901998698711395,0.03177424147725105,0.991822063922882,True,t_inst,t_post_inst,False
R_harm,R_role_assistant_vs_user@t_post_inst,22,0.8148,-0.05840924009680748,0.05840924009680748,0.03177424147725105,0.9904620051383972,True,t_inst,t_post_inst,False
R_harm,R_role_assistant_vs_user@t_post_inst,23,0.8519,-0.06893473863601685,0.06893473863601685,0.03177424147725105,0.9885958433151244,True,t_inst,t_post_inst,False
R_harm,R_role_assistant_vs_user@t_post_inst,24,0.8889,-0.03439921885728836,0.03439921885728836,0.03177424147725105,0.987680435180664,True,t_inst,t_post_inst,False
R_harm,R_role_assistant_vs_user@t_post_inst,25,0.9259,-0.031766004860401154,0.031766004860401154,0.03177424147725105,0.9873052835464478,False,t_inst,t_post_inst,False
R_harm,R_role_assistant_vs_user@t_post_inst,26,0.963,-0.019836999475955963,0.019836999475955963,0.03177424147725105,0.9860822558403016,False,t_inst,t_post_inst,False
R_harm,R_role_assistant_vs_user@t_post_inst,27,1.0,-0.044435299932956696,0.044435299932956696,0.03177424147725105,0.9879905581474304,True,t_inst,t_post_inst,False
R_harm,R_role_system_vs_user@t_inst,0,0.0,-0.12216314673423767,0.12216314673423767,0.03177424147725105,0.9935179948806764,True,t_inst,t_inst,True
R_harm,R_role_system_vs_user@t_inst,1,0.037,-0.37035834789276123,0.37035834789276123,0.03177424147725105,0.9930142164230348,True,t_inst,t_inst,True
R_harm,R_role_system_vs_user@t_inst,2,0.0741,-0.15428441762924194,0.15428441762924194,0.03177424147725105,0.990850269794464,True,t_inst,t_inst,True
R_harm,R_role_system_vs_user@t_inst,3,0.1111,-0.03936696797609329,0.03936696797609329,0.03177424147725105,0.9886719584465028,True,t_inst,t_inst,True
R_harm,R_role_system_vs_user@t_inst,4,0.1481,-0.049321629106998444,0.049321629106998444,0.03177424147725105,0.9890854954719543,True,t_inst,t_inst,True
R_harm,R_role_system_vs_user@t_inst,5,0.1852,-0.006318305619060993,0.006318305619060993,0.03177424147725105,0.990136742591858,False,t_inst,t_inst,True
R_harm,R_role_system_vs_user@t_inst,6,0.2222,-0.022649474442005157,0.022649474442005157,0.03177424147725105,0.9901646375656128,False,t_inst,t_inst,True
R_harm,R_role_system_vs_user@t_inst,7,0.2593,-0.09078255295753479,0.09078255295753479,0.03177424147725105,0.989310085773468,True,t_inst,t_inst,True
R_harm,R_role_system_vs_user@t_inst,8,0.2963,-0.1699695885181427,0.1699695885181427,0.03177424147725105,0.9889304041862488,True,t_inst,t_inst,True
R_harm,R_role_system_vs_user@t_inst,9,0.3333,-0.13477344810962677,0.13477344810962677,0.03177424147725105,0.988999843597412,True,t_inst,t_inst,True
R_harm,R_role_system_vs_user@t_inst,10,0.3704,-0.1366184949874878,0.1366184949874878,0.03177424147725105,0.9890986680984496,True,t_inst,t_inst,True
R_harm,R_role_system_vs_user@t_inst,11,0.4074,-0.16057050228118896,0.16057050228118896,0.03177424147725105,0.989482045173645,True,t_inst,t_inst,True
R_harm,R_role_system_vs_user@t_inst,12,0.4444,-0.1595594435930252,0.1595594435930252,0.03177424147725105,0.9896663427352904,True,t_inst,t_inst,True
R_harm,R_role_system_vs_user@t_inst,13,0.4815,-0.17145033180713654,0.17145033180713654,0.03177424147725105,0.9896970987319946,True,t_inst,t_inst,True
R_harm,R_role_system_vs_user@t_inst,14,0.5185,-0.1626811921596527,0.1626811921596527,0.03177424147725105,0.9905834197998048,True,t_inst,t_inst,True
R_harm,R_role_system_vs_user@t_inst,15,0.5556,-0.14887398481369019,0.14887398481369019,0.03177424147725105,0.9910890460014344,True,t_inst,t_inst,True
R_harm,R_role_system_vs_user@t_inst,16,0.5926,-0.17900454998016357,0.17900454998016357,0.03177424147725105,0.991257667541504,True,t_inst,t_inst,True
R_harm,R_role_system_vs_user@t_inst,17,0.6296,-0.1901938021183014,0.1901938021183014,0.03177424147725105,0.9917958974838256,True,t_inst,t_inst,True
R_harm,R_role_system_vs_user@t_inst,18,0.6667,-0.13596931099891663,0.13596931099891663,0.03177424147725105,0.9925851821899414,True,t_inst,t_inst,True
R_harm,R_role_system_vs_user@t_inst,19,0.7037,-0.0907687097787857,0.0907687097787857,0.03177424147725105,0.992839515209198,True,t_inst,t_inst,True
R_harm,R_role_system_vs_user@t_inst,20,0.7407,-0.0869038850069046,0.0869038850069046,0.03177424147725105,0.9924008250236512,True,t_inst,t_inst,True
R_harm,R_role_system_vs_user@t_inst,21,0.7778,-0.027843669056892395,0.027843669056892395,0.03177424147725105,0.991822063922882,False,t_inst,t_inst,True
R_harm,R_role_system_vs_user@t_inst,22,0.8148,-0.0043160319328308105,0.0043160319328308105,0.03177424147725105,0.9904620051383972,False,t_inst,t_inst,True
R_harm,R_role_system_vs_user@t_inst,23,0.8519,0.000630122609436512,0.000630122609436512,0.03177424147725105,0.9885958433151244,False,t_inst,t_inst,True
R_harm,R_role_system_vs_user@t_inst,24,0.8889,0.027914343401789665,0.027914343401789665,0.03177424147725105,0.987680435180664,False,t_inst,t_inst,True
R_harm,R_role_system_vs_user@t_inst,25,0.9259,0.06029212102293968,0.06029212102293968,0.03177424147725105,0.9873052835464478,True,t_inst,t_inst,True
R_harm,R_role_system_vs_user@t_inst,26,0.963,0.15025347471237183,0.15025347471237183,0.03177424147725105,0.9860822558403016,True,t_inst,t_inst,True
R_harm,R_role_system_vs_user@t_inst,27,1.0,0.11400966346263885,0.11400966346263885,0.03177424147725105,0.9879905581474304,True,t_inst,t_inst,True
R_harm,R_role_system_vs_user@t_post_inst,0,0.0,-0.055319271981716156,0.055319271981716156,0.03177424147725105,0.9935179948806764,True,t_inst,t_post_inst,False
R_harm,R_role_system_vs_user@t_post_inst,1,0.037,0.06761707365512848,0.06761707365512848,0.03177424147725105,0.9930142164230348,True,t_inst,t_post_inst,False
R_harm,R_role_system_vs_user@t_post_inst,2,0.0741,0.0656314492225647,0.0656314492225647,0.03177424147725105,0.990850269794464,True,t_inst,t_post_inst,False
R_harm,R_role_system_vs_user@t_post_inst,3,0.1111,0.02074751816689968,0.02074751816689968,0.03177424147725105,0.9886719584465028,False,t_inst,t_post_inst,False
R_harm,R_role_system_vs_user@t_post_inst,4,0.1481,0.04068402200937271,0.04068402200937271,0.03177424147725105,0.9890854954719543,True,t_inst,t_post_inst,False
R_harm,R_role_system_vs_user@t_post_inst,5,0.1852,0.049994491040706635,0.049994491040706635,0.03177424147725105,0.990136742591858,True,t_inst,t_post_inst,False
R_harm,R_role_system_vs_user@t_post_inst,6,0.2222,0.004877000115811825,0.004877000115811825,0.03177424147725105,0.9901646375656128,False,t_inst,t_post_inst,False
R_harm,R_role_system_vs_user@t_post_inst,7,0.2593,0.02011829987168312,0.02011829987168312,0.03177424147725105,0.989310085773468,False,t_inst,t_post_inst,False
R_harm,R_role_system_vs_user@t_post_inst,8,0.2963,0.0379607118666172,0.0379607118666172,0.03177424147725105,0.9889304041862488,True,t_inst,t_post_inst,False
R_harm,R_role_system_vs_user@t_post_inst,9,0.3333,0.03845050185918808,0.03845050185918808,0.03177424147725105,0.988999843597412,True,t_inst,t_post_inst,False
R_harm,R_role_system_vs_user@t_post_inst,10,0.3704,0.03983492776751518,0.03983492776751518,0.03177424147725105,0.9890986680984496,True,t_inst,t_post_inst,False
R_harm,R_role_system_vs_user@t_post_inst,11,0.4074,0.02892051637172699,0.02892051637172699,0.03177424147725105,0.989482045173645,False,t_inst,t_post_inst,False
R_harm,R_role_system_vs_user@t_post_inst,12,0.4444,-0.0027517140842974186,0.0027517140842974186,0.03177424147725105,0.9896663427352904,False,t_inst,t_post_inst,False
R_harm,R_role_system_vs_user@t_post_inst,13,0.4815,-0.014075757004320621,0.014075757004320621,0.03177424147725105,0.9896970987319946,False,t_inst,t_post_inst,False
R_harm,R_role_system_vs_user@t_post_inst,14,0.5185,0.031487029045820236,0.031487029045820236,0.03177424147725105,0.9905834197998048,False,t_inst,t_post_inst,False
R_harm,R_role_system_vs_user@t_post_inst,15,0.5556,0.04984552413225174,0.04984552413225174,0.03177424147725105,0.9910890460014344,True,t_inst,t_post_inst,False
R_harm,R_role_system_vs_user@t_post_inst,16,0.5926,-0.030845269560813904,0.030845269560813904,0.03177424147725105,0.991257667541504,False,t_inst,t_post_inst,False
R_harm,R_role_system_vs_user@t_post_inst,17,0.6296,-0.06707549840211868,0.06707549840211868,0.03177424147725105,0.9917958974838256,True,t_inst,t_post_inst,False
R_harm,R_role_system_vs_user@t_post_inst,18,0.6667,-0.10341329872608185,0.10341329872608185,0.03177424147725105,0.9925851821899414,True,t_inst,t_post_inst,False
R_harm,R_role_system_vs_user@t_post_inst,19,0.7037,-0.10307134687900543,0.10307134687900543,0.03177424147725105,0.992839515209198,True,t_inst,t_post_inst,False
R_harm,R_role_system_vs_user@t_post_inst,20,0.7407,-0.09825711697340012,0.09825711697340012,0.03177424147725105,0.9924008250236512,True,t_inst,t_post_inst,False
R_harm,R_role_system_vs_user@t_post_inst,21,0.7778,-0.056953221559524536,0.056953221559524536,0.03177424147725105,0.991822063922882,True,t_inst,t_post_inst,False
R_harm,R_role_system_vs_user@t_post_inst,22,0.8148,-0.09948943555355072,0.09948943555355072,0.03177424147725105,0.9904620051383972,True,t_inst,t_post_inst,False
R_harm,R_role_system_vs_user@t_post_inst,23,0.8519,-0.11270731687545776,0.11270731687545776,0.03177424147725105,0.9885958433151244,True,t_inst,t_post_inst,False
R_harm,R_role_system_vs_user@t_post_inst,24,0.8889,-0.09450598061084747,0.09450598061084747,0.03177424147725105,0.987680435180664,True,t_inst,t_post_inst,False
R_harm,R_role_system_vs_user@t_post_inst,25,0.9259,-0.07726379483938217,0.07726379483938217,0.03177424147725105,0.9873052835464478,True,t_inst,t_post_inst,False
R_harm,R_role_system_vs_user@t_post_inst,26,0.963,-0.08395100384950638,0.08395100384950638,0.03177424147725105,0.9860822558403016,True,t_inst,t_post_inst,False
R_harm,R_role_system_vs_user@t_post_inst,27,1.0,-0.12046810984611511,0.12046810984611511,0.03177424147725105,0.9879905581474304,True,t_inst,t_post_inst,False
R_harm,R_role_tool_vs_user@t_inst,0,0.0,0.15615993738174438,0.15615993738174438,0.03177424147725105,0.9935179948806764,True,t_inst,t_inst,True
R_harm,R_role_tool_vs_user@t_inst,1,0.037,0.30264437198638916,0.30264437198638916,0.03177424147725105,0.9930142164230348,True,t_inst,t_inst,True
R_harm,R_role_tool_vs_user@t_inst,2,0.0741,0.2391299456357956,0.2391299456357956,0.03177424147725105,0.990850269794464,True,t_inst,t_inst,True
R_harm,R_role_tool_vs_user@t_inst,3,0.1111,0.1346866935491562,0.1346866935491562,0.03177424147725105,0.9886719584465028,True,t_inst,t_inst,True
R_harm,R_role_tool_vs_user@t_inst,4,0.1481,0.14867569506168365,0.14867569506168365,0.03177424147725105,0.9890854954719543,True,t_inst,t_inst,True
R_harm,R_role_tool_vs_user@t_inst,5,0.1852,0.11162032932043076,0.11162032932043076,0.03177424147725105,0.990136742591858,True,t_inst,t_inst,True
R_harm,R_role_tool_vs_user@t_inst,6,0.2222,0.06439356505870819,0.06439356505870819,0.03177424147725105,0.9901646375656128,True,t_inst,t_inst,True
R_harm,R_role_tool_vs_user@t_inst,7,0.2593,0.004269296303391457,0.004269296303391457,0.03177424147725105,0.989310085773468,False,t_inst,t_inst,True
R_harm,R_role_tool_vs_user@t_inst,8,0.2963,-0.05250488966703415,0.05250488966703415,0.03177424147725105,0.9889304041862488,True,t_inst,t_inst,True
R_harm,R_role_tool_vs_user@t_inst,9,0.3333,-0.022996537387371063,0.022996537387371063,0.03177424147725105,0.988999843597412,False,t_inst,t_inst,True
R_harm,R_role_tool_vs_user@t_inst,10,0.3704,-0.037498291581869125,0.037498291581869125,0.03177424147725105,0.9890986680984496,True,t_inst,t_inst,True
R_harm,R_role_tool_vs_user@t_inst,11,0.4074,-0.03518766909837723,0.03518766909837723,0.03177424147725105,0.989482045173645,True,t_inst,t_inst,True
R_harm,R_role_tool_vs_user@t_inst,12,0.4444,-0.050165675580501556,0.050165675580501556,0.03177424147725105,0.9896663427352904,True,t_inst,t_inst,True
R_harm,R_role_tool_vs_user@t_inst,13,0.4815,-0.05651520937681198,0.05651520937681198,0.03177424147725105,0.9896970987319946,True,t_inst,t_inst,True
R_harm,R_role_tool_vs_user@t_inst,14,0.5185,-0.04476857930421829,0.04476857930421829,0.03177424147725105,0.9905834197998048,True,t_inst,t_inst,True
R_harm,R_role_tool_vs_user@t_inst,15,0.5556,-0.03981653228402138,0.03981653228402138,0.03177424147725105,0.9910890460014344,True,t_inst,t_inst,True
R_harm,R_role_tool_vs_user@t_inst,16,0.5926,-0.05505699664354324,0.05505699664354324,0.03177424147725105,0.991257667541504,True,t_inst,t_inst,True
R_harm,R_role_tool_vs_user@t_inst,17,0.6296,-0.025437820702791214,0.025437820702791214,0.03177424147725105,0.9917958974838256,False,t_inst,t_inst,True
R_harm,R_role_tool_vs_user@t_inst,18,0.6667,-0.030658120289444923,0.030658120289444923,0.03177424147725105,0.9925851821899414,False,t_inst,t_inst,True
R_harm,R_role_tool_vs_user@t_inst,19,0.7037,-0.035607073456048965,0.035607073456048965,0.03177424147725105,0.992839515209198,True,t_inst,t_inst,True
R_harm,R_role_tool_vs_user@t_inst,20,0.7407,-0.022135498002171516,0.022135498002171516,0.03177424147725105,0.9924008250236512,False,t_inst,t_inst,True
R_harm,R_role_tool_vs_user@t_inst,21,0.7778,0.00564013235270977,0.00564013235270977,0.03177424147725105,0.991822063922882,False,t_inst,t_inst,True
R_harm,R_role_tool_vs_user@t_inst,22,0.8148,0.05560384690761566,0.05560384690761566,0.03177424147725105,0.9904620051383972,True,t_inst,t_inst,True
R_harm,R_role_tool_vs_user@t_inst,23,0.8519,0.008456547744572163,0.008456547744572163,0.03177424147725105,0.9885958433151244,False,t_inst,t_inst,True
R_harm,R_role_tool_vs_user@t_inst,24,0.8889,0.03944201022386551,0.03944201022386551,0.03177424147725105,0.987680435180664,True,t_inst,t_inst,True
R_harm,R_role_tool_vs_user@t_inst,25,0.9259,0.05507560074329376,0.05507560074329376,0.03177424147725105,0.9873052835464478,True,t_inst,t_inst,True
R_harm,R_role_tool_vs_user@t_inst,26,0.963,0.17026549577713013,0.17026549577713013,0.03177424147725105,0.9860822558403016,True,t_inst,t_inst,True
R_harm,R_role_tool_vs_user@t_inst,27,1.0,0.18294325470924377,0.18294325470924377,0.03177424147725105,0.9879905581474304,True,t_inst,t_inst,True
R_harm,R_role_tool_vs_user@t_post_inst,0,0.0,0.01794382743537426,0.01794382743537426,0.03177424147725105,0.9935179948806764,False,t_inst,t_post_inst,False
R_harm,R_role_tool_vs_user@t_post_inst,1,0.037,0.0746169462800026,0.0746169462800026,0.03177424147725105,0.9930142164230348,True,t_inst,t_post_inst,False
R_harm,R_role_tool_vs_user@t_post_inst,2,0.0741,0.06574494391679764,0.06574494391679764,0.03177424147725105,0.990850269794464,True,t_inst,t_post_inst,False
R_harm,R_role_tool_vs_user@t_post_inst,3,0.1111,0.02059226669371128,0.02059226669371128,0.03177424147725105,0.9886719584465028,False,t_inst,t_post_inst,False
R_harm,R_role_tool_vs_user@t_post_inst,4,0.1481,0.02030041255056858,0.02030041255056858,0.03177424147725105,0.9890854954719543,False,t_inst,t_post_inst,False
R_harm,R_role_tool_vs_user@t_post_inst,5,0.1852,-0.013636862859129906,0.013636862859129906,0.03177424147725105,0.990136742591858,False,t_inst,t_post_inst,False
R_harm,R_role_tool_vs_user@t_post_inst,6,0.2222,0.008266251534223557,0.008266251534223557,0.03177424147725105,0.9901646375656128,False,t_inst,t_post_inst,False
R_harm,R_role_tool_vs_user@t_post_inst,7,0.2593,0.015902578830718994,0.015902578830718994,0.03177424147725105,0.989310085773468,False,t_inst,t_post_inst,False
R_harm,R_role_tool_vs_user@t_post_inst,8,0.2963,0.01767483353614807,0.01767483353614807,0.03177424147725105,0.9889304041862488,False,t_inst,t_post_inst,False
R_harm,R_role_tool_vs_user@t_post_inst,9,0.3333,0.04674985632300377,0.04674985632300377,0.03177424147725105,0.988999843597412,True,t_inst,t_post_inst,False
R_harm,R_role_tool_vs_user@t_post_inst,10,0.3704,0.08089825510978699,0.08089825510978699,0.03177424147725105,0.9890986680984496,True,t_inst,t_post_inst,False
R_harm,R_role_tool_vs_user@t_post_inst,11,0.4074,0.12052036076784134,0.12052036076784134,0.03177424147725105,0.989482045173645,True,t_inst,t_post_inst,False
R_harm,R_role_tool_vs_user@t_post_inst,12,0.4444,0.08828068524599075,0.08828068524599075,0.03177424147725105,0.9896663427352904,True,t_inst,t_post_inst,False
R_harm,R_role_tool_vs_user@t_post_inst,13,0.4815,0.05437499284744263,0.05437499284744263,0.03177424147725105,0.9896970987319946,True,t_inst,t_post_inst,False
R_harm,R_role_tool_vs_user@t_post_inst,14,0.5185,0.06906387209892273,0.06906387209892273,0.03177424147725105,0.9905834197998048,True,t_inst,t_post_inst,False
R_harm,R_role_tool_vs_user@t_post_inst,15,0.5556,0.06723161786794662,0.06723161786794662,0.03177424147725105,0.9910890460014344,True,t_inst,t_post_inst,False
R_harm,R_role_tool_vs_user@t_post_inst,16,0.5926,-5.3199008107185364e-05,5.3199008107185364e-05,0.03177424147725105,0.991257667541504,False,t_inst,t_post_inst,False
R_harm,R_role_tool_vs_user@t_post_inst,17,0.6296,-0.022938597947359085,0.022938597947359085,0.03177424147725105,0.9917958974838256,False,t_inst,t_post_inst,False
R_harm,R_role_tool_vs_user@t_post_inst,18,0.6667,-0.05488620325922966,0.05488620325922966,0.03177424147725105,0.9925851821899414,True,t_inst,t_post_inst,False
R_harm,R_role_tool_vs_user@t_post_inst,19,0.7037,-0.07438661903142929,0.07438661903142929,0.03177424147725105,0.992839515209198,True,t_inst,t_post_inst,False
R_harm,R_role_tool_vs_user@t_post_inst,20,0.7407,-0.08171887695789337,0.08171887695789337,0.03177424147725105,0.9924008250236512,True,t_inst,t_post_inst,False
R_harm,R_role_tool_vs_user@t_post_inst,21,0.7778,-0.08722706884145737,0.08722706884145737,0.03177424147725105,0.991822063922882,True,t_inst,t_post_inst,False
R_harm,R_role_tool_vs_user@t_post_inst,22,0.8148,-0.07603031396865845,0.07603031396865845,0.03177424147725105,0.9904620051383972,True,t_inst,t_post_inst,False
R_harm,R_role_tool_vs_user@t_post_inst,23,0.8519,-0.06511108577251434,0.06511108577251434,0.03177424147725105,0.9885958433151244,True,t_inst,t_post_inst,False
R_harm,R_role_tool_vs_user@t_post_inst,24,0.8889,-0.03925833851099014,0.03925833851099014,0.03177424147725105,0.987680435180664,True,t_inst,t_post_inst,False
R_harm,R_role_tool_vs_user@t_post_inst,25,0.9259,-0.03718039020895958,0.03718039020895958,0.03177424147725105,0.9873052835464478,True,t_inst,t_post_inst,False
R_harm,R_role_tool_vs_user@t_post_inst,26,0.963,-0.03009502962231636,0.03009502962231636,0.03177424147725105,0.9860822558403016,False,t_inst,t_post_inst,False
R_harm,R_role_tool_vs_user@t_post_inst,27,1.0,0.005057122558355331,0.005057122558355331,0.03177424147725105,0.9879905581474304,False,t_inst,t_post_inst,False
R_harm_at_post,R_harm_user,0,0.0,0.07878819853067398,0.07878819853067398,0.03177424147725105,0.9774958491325378,True,t_post_inst,t_inst,False
R_harm_at_post,R_harm_user,1,0.037,0.022452648729085922,0.022452648729085922,0.03177424147725105,0.975390613079071,False,t_post_inst,t_inst,False
R_harm_at_post,R_harm_user,2,0.0741,0.044562820345163345,0.044562820345163345,0.03177424147725105,0.96849125623703,True,t_post_inst,t_inst,False
R_harm_at_post,R_harm_user,3,0.1111,0.0963984876871109,0.0963984876871109,0.03177424147725105,0.9592113494873048,True,t_post_inst,t_inst,False
R_harm_at_post,R_harm_user,4,0.1481,0.08613189309835434,0.08613189309835434,0.03177424147725105,0.9614189863204956,True,t_post_inst,t_inst,False
R_harm_at_post,R_harm_user,5,0.1852,0.09095171838998795,0.09095171838998795,0.03177424147725105,0.9651997685432434,True,t_post_inst,t_inst,False
R_harm_at_post,R_harm_user,6,0.2222,0.12259800732135773,0.12259800732135773,0.03177424147725105,0.964959979057312,True,t_post_inst,t_inst,False
R_harm_at_post,R_harm_user,7,0.2593,0.11645476520061493,0.11645476520061493,0.03177424147725105,0.9597644805908204,True,t_post_inst,t_inst,False
R_harm_at_post,R_harm_user,8,0.2963,0.11547619104385376,0.11547619104385376,0.03177424147725105,0.957377791404724,True,t_post_inst,t_inst,False
R_harm_at_post,R_harm_user,9,0.3333,0.14244860410690308,0.14244860410690308,0.03177424147725105,0.95751953125,True,t_post_inst,t_inst,False
R_harm_at_post,R_harm_user,10,0.3704,0.12342081218957901,0.12342081218957901,0.03177424147725105,0.9584423899650574,True,t_post_inst,t_inst,False
R_harm_at_post,R_harm_user,11,0.4074,0.08201724290847778,0.08201724290847778,0.03177424147725105,0.9595924615859984,True,t_post_inst,t_inst,False
R_harm_at_post,R_harm_user,12,0.4444,0.11171352118253708,0.11171352118253708,0.03177424147725105,0.96018648147583,True,t_post_inst,t_inst,False
R_harm_at_post,R_harm_user,13,0.4815,0.12322141230106354,0.12322141230106354,0.03177424147725105,0.959924340248108,True,t_post_inst,t_inst,False
R_harm_at_post,R_harm_user,14,0.5185,0.15848901867866516,0.15848901867866516,0.03177424147725105,0.9633116722106934,True,t_post_inst,t_inst,False
R_harm_at_post,R_harm_user,15,0.5556,0.17702724039554596,0.17702724039554596,0.03177424147725105,0.96561461687088,True,t_post_inst,t_inst,False
R_harm_at_post,R_harm_user,16,0.5926,0.2371305525302887,0.2371305525302887,0.03177424147725105,0.9658317565917968,True,t_post_inst,t_inst,False
R_harm_at_post,R_harm_user,17,0.6296,0.23792745172977448,0.23792745172977448,0.03177424147725105,0.9684625864028932,True,t_post_inst,t_inst,False
R_harm_at_post,R_harm_user,18,0.6667,0.2576617896556854,0.2576617896556854,0.03177424147725105,0.9726020693778992,True,t_post_inst,t_inst,False
R_harm_at_post,R_harm_user,19,0.7037,0.2285844385623932,0.2285844385623932,0.03177424147725105,0.9743415713310242,True,t_post_inst,t_inst,False
R_harm_at_post,R_harm_user,20,0.7407,0.18526586890220642,0.18526586890220642,0.03177424147725105,0.9742247462272644,True,t_post_inst,t_inst,False
R_harm_at_post,R_harm_user,21,0.7778,0.17733687162399292,0.17733687162399292,0.03177424147725105,0.9745512008666992,True,t_post_inst,t_inst,False
R_harm_at_post,R_harm_user,22,0.8148,0.21506257355213165,0.21506257355213165,0.03177424147725105,0.9723869562149048,True,t_post_inst,t_inst,False
R_harm_at_post,R_harm_user,23,0.8519,0.2028290033340454,0.2028290033340454,0.03177424147725105,0.9680910110473632,True,t_post_inst,t_inst,False
R_harm_at_post,R_harm_user,24,0.8889,0.22154955565929413,0.22154955565929413,0.03177424147725105,0.9682265520095824,True,t_post_inst,t_inst,False
R_harm_at_post,R_harm_user,25,0.9259,0.18166561424732208,0.18166561424732208,0.03177424147725105,0.9686745405197144,True,t_post_inst,t_inst,False
R_harm_at_post,R_harm_user,26,0.963,0.1608542650938034,0.1608542650938034,0.03177424147725105,0.9732636213302612,True,t_post_inst,t_inst,False
R_harm_at_post,R_harm_user,27,1.0,0.15432533621788025,0.15432533621788025,0.03177424147725105,0.97903311252594,True,t_post_inst,t_inst,False
R_harm_at_post,R_role_assistant_vs_user@t_inst,0,0.0,-0.11451374739408493,0.11451374739408493,0.03177424147725105,0.9790010452270508,True,t_post_inst,t_inst,False
R_harm_at_post,R_role_assistant_vs_user@t_inst,1,0.037,-0.1290125995874405,0.1290125995874405,0.03177424147725105,0.9820493459701538,True,t_post_inst,t_inst,False
R_harm_at_post,R_role_assistant_vs_user@t_inst,2,0.0741,-0.0587589293718338,0.0587589293718338,0.03177424147725105,0.9828359484672546,True,t_post_inst,t_inst,False
R_harm_at_post,R_role_assistant_vs_user@t_inst,3,0.1111,-0.018816255033016205,0.018816255033016205,0.03177424147725105,0.98307865858078,False,t_post_inst,t_inst,False
R_harm_at_post,R_role_assistant_vs_user@t_inst,4,0.1481,-0.023556655272841454,0.023556655272841454,0.03177424147725105,0.9802590608596802,False,t_post_inst,t_inst,False
R_harm_at_post,R_role_assistant_vs_user@t_inst,5,0.1852,0.015040404163300991,0.015040404163300991,0.03177424147725105,0.983889937400818,False,t_post_inst,t_inst,False
R_harm_at_post,R_role_assistant_vs_user@t_inst,6,0.2222,-0.009828847832977772,0.009828847832977772,0.03177424147725105,0.9843658208847046,False,t_post_inst,t_inst,False
R_harm_at_post,R_role_assistant_vs_user@t_inst,7,0.2593,-0.030753955245018005,0.030753955245018005,0.03177424147725105,0.9864913821220398,False,t_post_inst,t_inst,False
R_harm_at_post,R_role_assistant_vs_user@t_inst,8,0.2963,-0.0678144246339798,0.0678144246339798,0.03177424147725105,0.987721621990204,True,t_post_inst,t_inst,False
R_harm_at_post,R_role_assistant_vs_user@t_inst,9,0.3333,-0.0033836960792541504,0.0033836960792541504,0.03177424147725105,0.9888997077941896,False,t_post_inst,t_inst,False
R_harm_at_post,R_role_assistant_vs_user@t_inst,10,0.3704,-0.06651566177606583,0.06651566177606583,0.03177424147725105,0.9893075227737428,True,t_post_inst,t_inst,False
R_harm_at_post,R_role_assistant_vs_user@t_inst,11,0.4074,-0.1243664026260376,0.1243664026260376,0.03177424147725105,0.9897074699401855,True,t_post_inst,t_inst,False
R_harm_at_post,R_role_assistant_vs_user@t_inst,12,0.4444,-0.04682038724422455,0.04682038724422455,0.03177424147725105,0.989603877067566,True,t_post_inst,t_inst,False
R_harm_at_post,R_role_assistant_vs_user@t_inst,13,0.4815,-0.14228872954845428,0.14228872954845428,0.03177424147725105,0.9922982454299928,True,t_post_inst,t_inst,False
R_harm_at_post,R_role_assistant_vs_user@t_inst,14,0.5185,-0.08076337724924088,0.08076337724924088,0.03177424147725105,0.993869960308075,True,t_post_inst,t_inst,False
R_harm_at_post,R_role_assistant_vs_user@t_inst,15,0.5556,-0.07048971205949783,0.07048971205949783,0.03177424147725105,0.9945014715194702,True,t_post_inst,t_inst,False
R_harm_at_post,R_role_assistant_vs_user@t_inst,16,0.5926,-0.04365701973438263,0.04365701973438263,0.03177424147725105,0.9950597882270812,True,t_post_inst,t_inst,False
R_harm_at_post,R_role_assistant_vs_user@t_inst,17,0.6296,-0.0514027364552021,0.0514027364552021,0.03177424147725105,0.995755970478058,True,t_post_inst,t_inst,False
R_harm_at_post,R_role_assistant_vs_user@t_inst,18,0.6667,0.028209596872329712,0.028209596872329712,0.03177424147725105,0.9969175457954408,False,t_post_inst,t_inst,False
R_harm_at_post,R_role_assistant_vs_user@t_inst,19,0.7037,0.08983436226844788,0.08983436226844788,0.03177424147725105,0.9970723986625672,True,t_post_inst,t_inst,False
R_harm_at_post,R_role_assistant_vs_user@t_inst,20,0.7407,0.15336547791957855,0.15336547791957855,0.03177424147725105,0.9973994493484496,True,t_post_inst,t_inst,False
R_harm_at_post,R_role_assistant_vs_user@t_inst,21,0.7778,0.15899726748466492,0.15899726748466492,0.03177424147725105,0.9970656633377076,True,t_post_inst,t_inst,False
R_harm_at_post,R_role_assistant_vs_user@t_inst,22,0.8148,0.15631118416786194,0.15631118416786194,0.03177424147725105,0.9967103004455566,True,t_post_inst,t_inst,False
R_harm_at_post,R_role_assistant_vs_user@t_inst,23,0.8519,0.16939988732337952,0.16939988732337952,0.03177424147725105,0.9969230890274048,True,t_post_inst,t_inst,False
R_harm_at_post,R_role_assistant_vs_user@t_inst,24,0.8889,0.1862163096666336,0.1862163096666336,0.03177424147725105,0.9967247843742372,True,t_post_inst,t_inst,False
R_harm_at_post,R_role_assistant_vs_user@t_inst,25,0.9259,0.15247169137001038,0.15247169137001038,0.03177424147725105,0.996668815612793,True,t_post_inst,t_inst,False
R_harm_at_post,R_role_assistant_vs_user@t_inst,26,0.963,0.15803608298301697,0.15803608298301697,0.03177424147725105,0.9962754249572754,True,t_post_inst,t_inst,False
R_harm_at_post,R_role_assistant_vs_user@t_inst,27,1.0,0.07063064724206924,0.07063064724206924,0.03177424147725105,0.995977222919464,True,t_post_inst,t_inst,False
R_harm_at_post,R_role_assistant_vs_user@t_post_inst,0,0.0,-0.12046115100383759,0.12046115100383759,0.03177424147725105,0.9790010452270508,True,t_post_inst,t_post_inst,True
R_harm_at_post,R_role_assistant_vs_user@t_post_inst,1,0.037,-0.09281620383262634,0.09281620383262634,0.03177424147725105,0.9820493459701538,True,t_post_inst,t_post_inst,True
R_harm_at_post,R_role_assistant_vs_user@t_post_inst,2,0.0741,-0.0704028308391571,0.0704028308391571,0.03177424147725105,0.9828359484672546,True,t_post_inst,t_post_inst,True
R_harm_at_post,R_role_assistant_vs_user@t_post_inst,3,0.1111,-0.039646949619054794,0.039646949619054794,0.03177424147725105,0.98307865858078,True,t_post_inst,t_post_inst,True
R_harm_at_post,R_role_assistant_vs_user@t_post_inst,4,0.1481,0.09188392758369446,0.09188392758369446,0.03177424147725105,0.9802590608596802,True,t_post_inst,t_post_inst,True
R_harm_at_post,R_role_assistant_vs_user@t_post_inst,5,0.1852,-0.06621617078781128,0.06621617078781128,0.03177424147725105,0.983889937400818,True,t_post_inst,t_post_inst,True
R_harm_at_post,R_role_assistant_vs_user@t_post_inst,6,0.2222,-0.03012259304523468,0.03012259304523468,0.03177424147725105,0.9843658208847046,False,t_post_inst,t_post_inst,True
R_harm_at_post,R_role_assistant_vs_user@t_post_inst,7,0.2593,-0.07000672817230225,0.07000672817230225,0.03177424147725105,0.9864913821220398,True,t_post_inst,t_post_inst,True
R_harm_at_post,R_role_assistant_vs_user@t_post_inst,8,0.2963,-0.09789971262216568,0.09789971262216568,0.03177424147725105,0.987721621990204,True,t_post_inst,t_post_inst,True
R_harm_at_post,R_role_assistant_vs_user@t_post_inst,9,0.3333,-0.20984525978565216,0.20984525978565216,0.03177424147725105,0.9888997077941896,True,t_post_inst,t_post_inst,True
R_harm_at_post,R_role_assistant_vs_user@t_post_inst,10,0.3704,-0.24497488141059875,0.24497488141059875,0.03177424147725105,0.9893075227737428,True,t_post_inst,t_post_inst,True
R_harm_at_post,R_role_assistant_vs_user@t_post_inst,11,0.4074,-0.276303768157959,0.276303768157959,0.03177424147725105,0.9897074699401855,True,t_post_inst,t_post_inst,True
R_harm_at_post,R_role_assistant_vs_user@t_post_inst,12,0.4444,-0.22735679149627686,0.22735679149627686,0.03177424147725105,0.989603877067566,True,t_post_inst,t_post_inst,True
R_harm_at_post,R_role_assistant_vs_user@t_post_inst,13,0.4815,-0.24793565273284912,0.24793565273284912,0.03177424147725105,0.9922982454299928,True,t_post_inst,t_post_inst,True
R_harm_at_post,R_role_assistant_vs_user@t_post_inst,14,0.5185,-0.19011956453323364,0.19011956453323364,0.03177424147725105,0.993869960308075,True,t_post_inst,t_post_inst,True
R_harm_at_post,R_role_assistant_vs_user@t_post_inst,15,0.5556,-0.20552147924900055,0.20552147924900055,0.03177424147725105,0.9945014715194702,True,t_post_inst,t_post_inst,True
R_harm_at_post,R_role_assistant_vs_user@t_post_inst,16,0.5926,-0.10530253499746323,0.10530253499746323,0.03177424147725105,0.9950597882270812,True,t_post_inst,t_post_inst,True
R_harm_at_post,R_role_assistant_vs_user@t_post_inst,17,0.6296,-0.08713904023170471,0.08713904023170471,0.03177424147725105,0.995755970478058,True,t_post_inst,t_post_inst,True
R_harm_at_post,R_role_assistant_vs_user@t_post_inst,18,0.6667,-0.04014688730239868,0.04014688730239868,0.03177424147725105,0.9969175457954408,True,t_post_inst,t_post_inst,True
R_harm_at_post,R_role_assistant_vs_user@t_post_inst,19,0.7037,-0.053928785026073456,0.053928785026073456,0.03177424147725105,0.9970723986625672,True,t_post_inst,t_post_inst,True
R_harm_at_post,R_role_assistant_vs_user@t_post_inst,20,0.7407,0.05807707458734512,0.05807707458734512,0.03177424147725105,0.9973994493484496,True,t_post_inst,t_post_inst,True
R_harm_at_post,R_role_assistant_vs_user@t_post_inst,21,0.7778,0.0941118597984314,0.0941118597984314,0.03177424147725105,0.9970656633377076,True,t_post_inst,t_post_inst,True
R_harm_at_post,R_role_assistant_vs_user@t_post_inst,22,0.8148,0.04366505146026611,0.04366505146026611,0.03177424147725105,0.9967103004455566,True,t_post_inst,t_post_inst,True
R_harm_at_post,R_role_assistant_vs_user@t_post_inst,23,0.8519,0.10607019066810608,0.10607019066810608,0.03177424147725105,0.9969230890274048,True,t_post_inst,t_post_inst,True
R_harm_at_post,R_role_assistant_vs_user@t_post_inst,24,0.8889,0.1554843932390213,0.1554843932390213,0.03177424147725105,0.9967247843742372,True,t_post_inst,t_post_inst,True
R_harm_at_post,R_role_assistant_vs_user@t_post_inst,25,0.9259,0.14810383319854736,0.14810383319854736,0.03177424147725105,0.996668815612793,True,t_post_inst,t_post_inst,True
R_harm_at_post,R_role_assistant_vs_user@t_post_inst,26,0.963,0.11296869069337845,0.11296869069337845,0.03177424147725105,0.9962754249572754,True,t_post_inst,t_post_inst,True
R_harm_at_post,R_role_assistant_vs_user@t_post_inst,27,1.0,0.027846533805131912,0.027846533805131912,0.03177424147725105,0.995977222919464,False,t_post_inst,t_post_inst,True
R_harm_at_post,R_role_system_vs_user@t_inst,0,0.0,0.13259705901145935,0.13259705901145935,0.03177424147725105,0.9790010452270508,True,t_post_inst,t_inst,False
R_harm_at_post,R_role_system_vs_user@t_inst,1,0.037,0.20263539254665375,0.20263539254665375,0.03177424147725105,0.9820493459701538,True,t_post_inst,t_inst,False
R_harm_at_post,R_role_system_vs_user@t_inst,2,0.0741,0.07840903103351593,0.07840903103351593,0.03177424147725105,0.9828359484672546,True,t_post_inst,t_inst,False
R_harm_at_post,R_role_system_vs_user@t_inst,3,0.1111,0.06505271047353745,0.06505271047353745,0.03177424147725105,0.98307865858078,True,t_post_inst,t_inst,False
R_harm_at_post,R_role_system_vs_user@t_inst,4,0.1481,0.05520040541887283,0.05520040541887283,0.03177424147725105,0.9802590608596802,True,t_post_inst,t_inst,False
R_harm_at_post,R_role_system_vs_user@t_inst,5,0.1852,0.059579797089099884,0.059579797089099884,0.03177424147725105,0.983889937400818,True,t_post_inst,t_inst,False
R_harm_at_post,R_role_system_vs_user@t_inst,6,0.2222,0.05057808384299278,0.05057808384299278,0.03177424147725105,0.9843658208847046,True,t_post_inst,t_inst,False
R_harm_at_post,R_role_system_vs_user@t_inst,7,0.2593,0.003938913345336914,0.003938913345336914,0.03177424147725105,0.9864913821220398,False,t_post_inst,t_inst,False
R_harm_at_post,R_role_system_vs_user@t_inst,8,0.2963,0.006486811675131321,0.006486811675131321,0.03177424147725105,0.987721621990204,False,t_post_inst,t_inst,False
R_harm_at_post,R_role_system_vs_user@t_inst,9,0.3333,0.07632334530353546,0.07632334530353546,0.03177424147725105,0.9888997077941896,True,t_post_inst,t_inst,False
R_harm_at_post,R_role_system_vs_user@t_inst,10,0.3704,0.06852501630783081,0.06852501630783081,0.03177424147725105,0.9893075227737428,True,t_post_inst,t_inst,False
R_harm_at_post,R_role_system_vs_user@t_inst,11,0.4074,0.06511469185352325,0.06511469185352325,0.03177424147725105,0.9897074699401855,True,t_post_inst,t_inst,False
R_harm_at_post,R_role_system_vs_user@t_inst,12,0.4444,0.12273597717285156,0.12273597717285156,0.03177424147725105,0.989603877067566,True,t_post_inst,t_inst,False
R_harm_at_post,R_role_system_vs_user@t_inst,13,0.4815,0.019741570577025414,0.019741570577025414,0.03177424147725105,0.9922982454299928,False,t_post_inst,t_inst,False
R_harm_at_post,R_role_system_vs_user@t_inst,14,0.5185,0.0492371991276741,0.0492371991276741,0.03177424147725105,0.993869960308075,True,t_post_inst,t_inst,False
R_harm_at_post,R_role_system_vs_user@t_inst,15,0.5556,0.020246993750333786,0.020246993750333786,0.03177424147725105,0.9945014715194702,False,t_post_inst,t_inst,False
R_harm_at_post,R_role_system_vs_user@t_inst,16,0.5926,0.019824471324682236,0.019824471324682236,0.03177424147725105,0.9950597882270812,False,t_post_inst,t_inst,False
R_harm_at_post,R_role_system_vs_user@t_inst,17,0.6296,0.004439137876033783,0.004439137876033783,0.03177424147725105,0.995755970478058,False,t_post_inst,t_inst,False
R_harm_at_post,R_role_system_vs_user@t_inst,18,0.6667,0.048516493290662766,0.048516493290662766,0.03177424147725105,0.9969175457954408,True,t_post_inst,t_inst,False
R_harm_at_post,R_role_system_vs_user@t_inst,19,0.7037,0.08128281682729721,0.08128281682729721,0.03177424147725105,0.9970723986625672,True,t_post_inst,t_inst,False
R_harm_at_post,R_role_system_vs_user@t_inst,20,0.7407,0.07032255828380585,0.07032255828380585,0.03177424147725105,0.9973994493484496,True,t_post_inst,t_inst,False
R_harm_at_post,R_role_system_vs_user@t_inst,21,0.7778,0.04926878213882446,0.04926878213882446,0.03177424147725105,0.9970656633377076,True,t_post_inst,t_inst,False
R_harm_at_post,R_role_system_vs_user@t_inst,22,0.8148,0.0333235040307045,0.0333235040307045,0.03177424147725105,0.9967103004455566,True,t_post_inst,t_inst,False
R_harm_at_post,R_role_system_vs_user@t_inst,23,0.8519,0.042654849588871,0.042654849588871,0.03177424147725105,0.9969230890274048,True,t_post_inst,t_inst,False
R_harm_at_post,R_role_system_vs_user@t_inst,24,0.8889,0.03343097120523453,0.03343097120523453,0.03177424147725105,0.9967247843742372,True,t_post_inst,t_inst,False
R_harm_at_post,R_role_system_vs_user@t_inst,25,0.9259,0.009075598791241646,0.009075598791241646,0.03177424147725105,0.996668815612793,False,t_post_inst,t_inst,False
R_harm_at_post,R_role_system_vs_user@t_inst,26,0.963,-0.007147100754082203,0.007147100754082203,0.03177424147725105,0.9962754249572754,False,t_post_inst,t_inst,False
R_harm_at_post,R_role_system_vs_user@t_inst,27,1.0,-0.029720764607191086,0.029720764607191086,0.03177424147725105,0.995977222919464,False,t_post_inst,t_inst,False
R_harm_at_post,R_role_system_vs_user@t_post_inst,0,0.0,-0.1784912347793579,0.1784912347793579,0.03177424147725105,0.9790010452270508,True,t_post_inst,t_post_inst,True
R_harm_at_post,R_role_system_vs_user@t_post_inst,1,0.037,-0.3314282298088074,0.3314282298088074,0.03177424147725105,0.9820493459701538,True,t_post_inst,t_post_inst,True
R_harm_at_post,R_role_system_vs_user@t_post_inst,2,0.0741,-0.2140572965145111,0.2140572965145111,0.03177424147725105,0.9828359484672546,True,t_post_inst,t_post_inst,True
R_harm_at_post,R_role_system_vs_user@t_post_inst,3,0.1111,-0.0553460419178009,0.0553460419178009,0.03177424147725105,0.98307865858078,True,t_post_inst,t_post_inst,True
R_harm_at_post,R_role_system_vs_user@t_post_inst,4,0.1481,0.029842346906661987,0.029842346906661987,0.03177424147725105,0.9802590608596802,False,t_post_inst,t_post_inst,True
R_harm_at_post,R_role_system_vs_user@t_post_inst,5,0.1852,-0.07876517623662949,0.07876517623662949,0.03177424147725105,0.983889937400818,True,t_post_inst,t_post_inst,True
R_harm_at_post,R_role_system_vs_user@t_post_inst,6,0.2222,-0.07755700498819351,0.07755700498819351,0.03177424147725105,0.9843658208847046,True,t_post_inst,t_post_inst,True
R_harm_at_post,R_role_system_vs_user@t_post_inst,7,0.2593,-0.199311763048172,0.199311763048172,0.03177424147725105,0.9864913821220398,True,t_post_inst,t_post_inst,True
R_harm_at_post,R_role_system_vs_user@t_post_inst,8,0.2963,-0.17552649974822998,0.17552649974822998,0.03177424147725105,0.987721621990204,True,t_post_inst,t_post_inst,True
R_harm_at_post,R_role_system_vs_user@t_post_inst,9,0.3333,-0.25918900966644287,0.25918900966644287,0.03177424147725105,0.9888997077941896,True,t_post_inst,t_post_inst,True
R_harm_at_post,R_role_system_vs_user@t_post_inst,10,0.3704,-0.22463035583496094,0.22463035583496094,0.03177424147725105,0.9893075227737428,True,t_post_inst,t_post_inst,True
R_harm_at_post,R_role_system_vs_user@t_post_inst,11,0.4074,-0.20988686382770538,0.20988686382770538,0.03177424147725105,0.9897074699401855,True,t_post_inst,t_post_inst,True
R_harm_at_post,R_role_system_vs_user@t_post_inst,12,0.4444,-0.15073266625404358,0.15073266625404358,0.03177424147725105,0.989603877067566,True,t_post_inst,t_post_inst,True
R_harm_at_post,R_role_system_vs_user@t_post_inst,13,0.4815,-0.28662851452827454,0.28662851452827454,0.03177424147725105,0.9922982454299928,True,t_post_inst,t_post_inst,True
R_harm_at_post,R_role_system_vs_user@t_post_inst,14,0.5185,-0.2942131459712982,0.2942131459712982,0.03177424147725105,0.993869960308075,True,t_post_inst,t_post_inst,True
R_harm_at_post,R_role_system_vs_user@t_post_inst,15,0.5556,-0.2803815007209778,0.2803815007209778,0.03177424147725105,0.9945014715194702,True,t_post_inst,t_post_inst,True
R_harm_at_post,R_role_system_vs_user@t_post_inst,16,0.5926,-0.2301800549030304,0.2301800549030304,0.03177424147725105,0.9950597882270812,True,t_post_inst,t_post_inst,True
R_harm_at_post,R_role_system_vs_user@t_post_inst,17,0.6296,-0.232760488986969,0.232760488986969,0.03177424147725105,0.995755970478058,True,t_post_inst,t_post_inst,True
R_harm_at_post,R_role_system_vs_user@t_post_inst,18,0.6667,-0.21929782629013062,0.21929782629013062,0.03177424147725105,0.9969175457954408,True,t_post_inst,t_post_inst,True
R_harm_at_post,R_role_system_vs_user@t_post_inst,19,0.7037,-0.18849478662014008,0.18849478662014008,0.03177424147725105,0.9970723986625672,True,t_post_inst,t_post_inst,True
R_harm_at_post,R_role_system_vs_user@t_post_inst,20,0.7407,-0.19910570979118347,0.19910570979118347,0.03177424147725105,0.9973994493484496,True,t_post_inst,t_post_inst,True
R_harm_at_post,R_role_system_vs_user@t_post_inst,21,0.7778,-0.16623654961585999,0.16623654961585999,0.03177424147725105,0.9970656633377076,True,t_post_inst,t_post_inst,True
R_harm_at_post,R_role_system_vs_user@t_post_inst,22,0.8148,-0.19917652010917664,0.19917652010917664,0.03177424147725105,0.9967103004455566,True,t_post_inst,t_post_inst,True
R_harm_at_post,R_role_system_vs_user@t_post_inst,23,0.8519,-0.1945502758026123,0.1945502758026123,0.03177424147725105,0.9969230890274048,True,t_post_inst,t_post_inst,True
R_harm_at_post,R_role_system_vs_user@t_post_inst,24,0.8889,-0.18878553807735443,0.18878553807735443,0.03177424147725105,0.9967247843742372,True,t_post_inst,t_post_inst,True
R_harm_at_post,R_role_system_vs_user@t_post_inst,25,0.9259,-0.13304737210273743,0.13304737210273743,0.03177424147725105,0.996668815612793,True,t_post_inst,t_post_inst,True
R_harm_at_post,R_role_system_vs_user@t_post_inst,26,0.963,-0.15709134936332703,0.15709134936332703,0.03177424147725105,0.9962754249572754,True,t_post_inst,t_post_inst,True
R_harm_at_post,R_role_system_vs_user@t_post_inst,27,1.0,-0.2017827332019806,0.2017827332019806,0.03177424147725105,0.995977222919464,True,t_post_inst,t_post_inst,True
R_harm_at_post,R_role_tool_vs_user@t_inst,0,0.0,-0.08917562663555145,0.08917562663555145,0.03177424147725105,0.9790010452270508,True,t_post_inst,t_inst,False
R_harm_at_post,R_role_tool_vs_user@t_inst,1,0.037,-0.102436363697052,0.102436363697052,0.03177424147725105,0.9820493459701538,True,t_post_inst,t_inst,False
R_harm_at_post,R_role_tool_vs_user@t_inst,2,0.0741,-0.055373307317495346,0.055373307317495346,0.03177424147725105,0.9828359484672546,True,t_post_inst,t_inst,False
R_harm_at_post,R_role_tool_vs_user@t_inst,3,0.1111,-0.018352000042796135,0.018352000042796135,0.03177424147725105,0.98307865858078,False,t_post_inst,t_inst,False
R_harm_at_post,R_role_tool_vs_user@t_inst,4,0.1481,-0.009164380840957165,0.009164380840957165,0.03177424147725105,0.9802590608596802,False,t_post_inst,t_inst,False
R_harm_at_post,R_role_tool_vs_user@t_inst,5,0.1852,0.004433988593518734,0.004433988593518734,0.03177424147725105,0.983889937400818,False,t_post_inst,t_inst,False
R_harm_at_post,R_role_tool_vs_user@t_inst,6,0.2222,0.000759427435696125,0.000759427435696125,0.03177424147725105,0.9843658208847046,False,t_post_inst,t_inst,False
R_harm_at_post,R_role_tool_vs_user@t_inst,7,0.2593,-0.016136692836880684,0.016136692836880684,0.03177424147725105,0.9864913821220398,False,t_post_inst,t_inst,False
R_harm_at_post,R_role_tool_vs_user@t_inst,8,0.2963,-0.04511929303407669,0.04511929303407669,0.03177424147725105,0.987721621990204,True,t_post_inst,t_inst,False
R_harm_at_post,R_role_tool_vs_user@t_inst,9,0.3333,-0.03457034379243851,0.03457034379243851,0.03177424147725105,0.9888997077941896,True,t_post_inst,t_inst,False
R_harm_at_post,R_role_tool_vs_user@t_inst,10,0.3704,-0.031965456902980804,0.031965456902980804,0.03177424147725105,0.9893075227737428,True,t_post_inst,t_inst,False
R_harm_at_post,R_role_tool_vs_user@t_inst,11,0.4074,-0.04292482137680054,0.04292482137680054,0.03177424147725105,0.9897074699401855,True,t_post_inst,t_inst,False
R_harm_at_post,R_role_tool_vs_user@t_inst,12,0.4444,-0.018519466742873192,0.018519466742873192,0.03177424147725105,0.989603877067566,False,t_post_inst,t_inst,False
R_harm_at_post,R_role_tool_vs_user@t_inst,13,0.4815,-0.044070519506931305,0.044070519506931305,0.03177424147725105,0.9922982454299928,True,t_post_inst,t_inst,False
R_harm_at_post,R_role_tool_vs_user@t_inst,14,0.5185,-0.023008625954389572,0.023008625954389572,0.03177424147725105,0.993869960308075,False,t_post_inst,t_inst,False
R_harm_at_post,R_role_tool_vs_user@t_inst,15,0.5556,-0.033580973744392395,0.033580973744392395,0.03177424147725105,0.9945014715194702,True,t_post_inst,t_inst,False
R_harm_at_post,R_role_tool_vs_user@t_inst,16,0.5926,-0.010778983123600483,0.010778983123600483,0.03177424147725105,0.9950597882270812,False,t_post_inst,t_inst,False
R_harm_at_post,R_role_tool_vs_user@t_inst,17,0.6296,-0.015225108712911606,0.015225108712911606,0.03177424147725105,0.995755970478058,False,t_post_inst,t_inst,False
R_harm_at_post,R_role_tool_vs_user@t_inst,18,0.6667,0.01016310229897499,0.01016310229897499,0.03177424147725105,0.9969175457954408,False,t_post_inst,t_inst,False
R_harm_at_post,R_role_tool_vs_user@t_inst,19,0.7037,0.001965519040822983,0.001965519040822983,0.03177424147725105,0.9970723986625672,False,t_post_inst,t_inst,False
R_harm_at_post,R_role_tool_vs_user@t_inst,20,0.7407,0.010428190231323242,0.010428190231323242,0.03177424147725105,0.9973994493484496,False,t_post_inst,t_inst,False
R_harm_at_post,R_role_tool_vs_user@t_inst,21,0.7778,-0.0017339438199996948,0.0017339438199996948,0.03177424147725105,0.9970656633377076,False,t_post_inst,t_inst,False
R_harm_at_post,R_role_tool_vs_user@t_inst,22,0.8148,0.02372339367866516,0.02372339367866516,0.03177424147725105,0.9967103004455566,False,t_post_inst,t_inst,False
R_harm_at_post,R_role_tool_vs_user@t_inst,23,0.8519,0.0022928938269615173,0.0022928938269615173,0.03177424147725105,0.9969230890274048,False,t_post_inst,t_inst,False
R_harm_at_post,R_role_tool_vs_user@t_inst,24,0.8889,0.027593854814767838,0.027593854814767838,0.03177424147725105,0.9967247843742372,False,t_post_inst,t_inst,False
R_harm_at_post,R_role_tool_vs_user@t_inst,25,0.9259,-0.017423421144485474,0.017423421144485474,0.03177424147725105,0.996668815612793,False,t_post_inst,t_inst,False
R_harm_at_post,R_role_tool_vs_user@t_inst,26,0.963,-0.031994935125112534,0.031994935125112534,0.03177424147725105,0.9962754249572754,True,t_post_inst,t_inst,False
R_harm_at_post,R_role_tool_vs_user@t_inst,27,1.0,-0.01425500214099884,0.01425500214099884,0.03177424147725105,0.995977222919464,False,t_post_inst,t_inst,False
R_harm_at_post,R_role_tool_vs_user@t_post_inst,0,0.0,-0.13788899779319763,0.13788899779319763,0.03177424147725105,0.9790010452270508,True,t_post_inst,t_post_inst,True
R_harm_at_post,R_role_tool_vs_user@t_post_inst,1,0.037,-0.08221082389354706,0.08221082389354706,0.03177424147725105,0.9820493459701538,True,t_post_inst,t_post_inst,True
R_harm_at_post,R_role_tool_vs_user@t_post_inst,2,0.0741,-0.11854557693004608,0.11854557693004608,0.03177424147725105,0.9828359484672546,True,t_post_inst,t_post_inst,True
R_harm_at_post,R_role_tool_vs_user@t_post_inst,3,0.1111,0.028412213549017906,0.028412213549017906,0.03177424147725105,0.98307865858078,False,t_post_inst,t_post_inst,True
R_harm_at_post,R_role_tool_vs_user@t_post_inst,4,0.1481,0.08028993755578995,0.08028993755578995,0.03177424147725105,0.9802590608596802,True,t_post_inst,t_post_inst,True
R_harm_at_post,R_role_tool_vs_user@t_post_inst,5,0.1852,-0.0095569072291255,0.0095569072291255,0.03177424147725105,0.983889937400818,False,t_post_inst,t_post_inst,True
R_harm_at_post,R_role_tool_vs_user@t_post_inst,6,0.2222,0.007516996935009956,0.007516996935009956,0.03177424147725105,0.9843658208847046,False,t_post_inst,t_post_inst,True
R_harm_at_post,R_role_tool_vs_user@t_post_inst,7,0.2593,-0.10027986019849777,0.10027986019849777,0.03177424147725105,0.9864913821220398,True,t_post_inst,t_post_inst,True
R_harm_at_post,R_role_tool_vs_user@t_post_inst,8,0.2963,-0.14081735908985138,0.14081735908985138,0.03177424147725105,0.987721621990204,True,t_post_inst,t_post_inst,True
R_harm_at_post,R_role_tool_vs_user@t_post_inst,9,0.3333,-0.23764848709106445,0.23764848709106445,0.03177424147725105,0.9888997077941896,True,t_post_inst,t_post_inst,True
R_harm_at_post,R_role_tool_vs_user@t_post_inst,10,0.3704,-0.2961099147796631,0.2961099147796631,0.03177424147725105,0.9893075227737428,True,t_post_inst,t_post_inst,True
R_harm_at_post,R_role_tool_vs_user@t_post_inst,11,0.4074,-0.3166256546974182,0.3166256546974182,0.03177424147725105,0.9897074699401855,True,t_post_inst,t_post_inst,True
R_harm_at_post,R_role_tool_vs_user@t_post_inst,12,0.4444,-0.2306402325630188,0.2306402325630188,0.03177424147725105,0.989603877067566,True,t_post_inst,t_post_inst,True
R_harm_at_post,R_role_tool_vs_user@t_post_inst,13,0.4815,-0.3062630891799927,0.3062630891799927,0.03177424147725105,0.9922982454299928,True,t_post_inst,t_post_inst,True
R_harm_at_post,R_role_tool_vs_user@t_post_inst,14,0.5185,-0.3259906470775604,0.3259906470775604,0.03177424147725105,0.993869960308075,True,t_post_inst,t_post_inst,True
R_harm_at_post,R_role_tool_vs_user@t_post_inst,15,0.5556,-0.33047765493392944,0.33047765493392944,0.03177424147725105,0.9945014715194702,True,t_post_inst,t_post_inst,True
R_harm_at_post,R_role_tool_vs_user@t_post_inst,16,0.5926,-0.3181334137916565,0.3181334137916565,0.03177424147725105,0.9950597882270812,True,t_post_inst,t_post_inst,True
R_harm_at_post,R_role_tool_vs_user@t_post_inst,17,0.6296,-0.3307456374168396,0.3307456374168396,0.03177424147725105,0.995755970478058,True,t_post_inst,t_post_inst,True
R_harm_at_post,R_role_tool_vs_user@t_post_inst,18,0.6667,-0.10547573119401932,0.10547573119401932,0.03177424147725105,0.9969175457954408,True,t_post_inst,t_post_inst,True
R_harm_at_post,R_role_tool_vs_user@t_post_inst,19,0.7037,-0.11027862131595612,0.11027862131595612,0.03177424147725105,0.9970723986625672,True,t_post_inst,t_post_inst,True
R_harm_at_post,R_role_tool_vs_user@t_post_inst,20,0.7407,-0.008628923445940018,0.008628923445940018,0.03177424147725105,0.9973994493484496,False,t_post_inst,t_post_inst,True
R_harm_at_post,R_role_tool_vs_user@t_post_inst,21,0.7778,0.005794364959001541,0.005794364959001541,0.03177424147725105,0.9970656633377076,False,t_post_inst,t_post_inst,True
R_harm_at_post,R_role_tool_vs_user@t_post_inst,22,0.8148,-0.02400422841310501,0.02400422841310501,0.03177424147725105,0.9967103004455566,False,t_post_inst,t_post_inst,True
R_harm_at_post,R_role_tool_vs_user@t_post_inst,23,0.8519,0.05344553664326668,0.05344553664326668,0.03177424147725105,0.9969230890274048,True,t_post_inst,t_post_inst,True
R_harm_at_post,R_role_tool_vs_user@t_post_inst,24,0.8889,0.0718214362859726,0.0718214362859726,0.03177424147725105,0.9967247843742372,True,t_post_inst,t_post_inst,True
R_harm_at_post,R_role_tool_vs_user@t_post_inst,25,0.9259,0.04801388084888458,0.04801388084888458,0.03177424147725105,0.996668815612793,True,t_post_inst,t_post_inst,True
R_harm_at_post,R_role_tool_vs_user@t_post_inst,26,0.963,0.013635072857141495,0.013635072857141495,0.03177424147725105,0.9962754249572754,False,t_post_inst,t_post_inst,True
R_harm_at_post,R_role_tool_vs_user@t_post_inst,27,1.0,-0.09941273927688599,0.09941273927688599,0.03177424147725105,0.995977222919464,True,t_post_inst,t_post_inst,True
R_harm_user,R_role_assistant_vs_user@t_inst,0,0.0,0.0563456192612648,0.0563456192612648,0.03177424147725105,0.9774958491325378,True,t_inst,t_inst,True
R_harm_user,R_role_assistant_vs_user@t_inst,1,0.037,0.33371153473854065,0.33371153473854065,0.03177424147725105,0.975390613079071,True,t_inst,t_inst,True
R_harm_user,R_role_assistant_vs_user@t_inst,2,0.0741,0.24038612842559814,0.24038612842559814,0.03177424147725105,0.96849125623703,True,t_inst,t_inst,True
R_harm_user,R_role_assistant_vs_user@t_inst,3,0.1111,0.1292402595281601,0.1292402595281601,0.03177424147725105,0.9592113494873048,True,t_inst,t_inst,True
R_harm_user,R_role_assistant_vs_user@t_inst,4,0.1481,0.20730869472026825,0.20730869472026825,0.03177424147725105,0.9614189863204956,True,t_inst,t_inst,True
R_harm_user,R_role_assistant_vs_user@t_inst,5,0.1852,0.05923260375857353,0.05923260375857353,0.03177424147725105,0.9651997685432434,True,t_inst,t_inst,True
R_harm_user,R_role_assistant_vs_user@t_inst,6,0.2222,0.0648031011223793,0.0648031011223793,0.03177424147725105,0.964959979057312,True,t_inst,t_inst,True
R_harm_user,R_role_assistant_vs_user@t_inst,7,0.2593,0.08417800068855286,0.08417800068855286,0.03177424147725105,0.9597644805908204,True,t_inst,t_inst,True
R_harm_user,R_role_assistant_vs_user@t_inst,8,0.2963,-0.001476038247346878,0.001476038247346878,0.03177424147725105,0.957377791404724,False,t_inst,t_inst,True
R_harm_user,R_role_assistant_vs_user@t_inst,9,0.3333,0.05811498314142227,0.05811498314142227,0.03177424147725105,0.95751953125,True,t_inst,t_inst,True
R_harm_user,R_role_assistant_vs_user@t_inst,10,0.3704,0.11952671408653259,0.11952671408653259,0.03177424147725105,0.9584423899650574,True,t_inst,t_inst,True
R_harm_user,R_role_assistant_vs_user@t_inst,11,0.4074,0.12305368483066559,0.12305368483066559,0.03177424147725105,0.9595924615859984,True,t_inst,t_inst,True
R_harm_user,R_role_assistant_vs_user@t_inst,12,0.4444,0.07484691590070724,0.07484691590070724,0.03177424147725105,0.96018648147583,True,t_inst,t_inst,True
R_harm_user,R_role_assistant_vs_user@t_inst,13,0.4815,0.0587131530046463,0.0587131530046463,0.03177424147725105,0.959924340248108,True,t_inst,t_inst,True
R_harm_user,R_role_assistant_vs_user@t_inst,14,0.5185,0.07431346923112869,0.07431346923112869,0.03177424147725105,0.9633116722106934,True,t_inst,t_inst,True
R_harm_user,R_role_assistant_vs_user@t_inst,15,0.5556,0.08104516565799713,0.08104516565799713,0.03177424147725105,0.96561461687088,True,t_inst,t_inst,True
R_harm_user,R_role_assistant_vs_user@t_inst,16,0.5926,0.008027631789445877,0.008027631789445877,0.03177424147725105,0.9658317565917968,False,t_inst,t_inst,True
R_harm_user,R_role_assistant_vs_user@t_inst,17,0.6296,0.0059403665363788605,0.0059403665363788605,0.03177424147725105,0.9684625864028932,False,t_inst,t_inst,True
R_harm_user,R_role_assistant_vs_user@t_inst,18,0.6667,-0.005040068179368973,0.005040068179368973,0.03177424147725105,0.9726020693778992,False,t_inst,t_inst,True
R_harm_user,R_role_assistant_vs_user@t_inst,19,0.7037,-0.016740713268518448,0.016740713268518448,0.03177424147725105,0.9743415713310242,False,t_inst,t_inst,True
R_harm_user,R_role_assistant_vs_user@t_inst,20,0.7407,-0.01902986317873001,0.01902986317873001,0.03177424147725105,0.9742247462272644,False,t_inst,t_inst,True
R_harm_user,R_role_assistant_vs_user@t_inst,21,0.7778,0.05603358894586563,0.05603358894586563,0.03177424147725105,0.9745512008666992,True,t_inst,t_inst,True
R_harm_user,R_role_assistant_vs_user@t_inst,22,0.8148,0.10055558383464813,0.10055558383464813,0.03177424147725105,0.9723869562149048,True,t_inst,t_inst,True
R_harm_user,R_role_assistant_vs_user@t_inst,23,0.8519,0.08371619880199432,0.08371619880199432,0.03177424147725105,0.9680910110473632,True,t_inst,t_inst,True
R_harm_user,R_role_assistant_vs_user@t_inst,24,0.8889,0.11107422411441803,0.11107422411441803,0.03177424147725105,0.9682265520095824,True,t_inst,t_inst,True
R_harm_user,R_role_assistant_vs_user@t_inst,25,0.9259,0.11732670664787292,0.11732670664787292,0.03177424147725105,0.9686745405197144,True,t_inst,t_inst,True
R_harm_user,R_role_assistant_vs_user@t_inst,26,0.963,0.14430058002471924,0.14430058002471924,0.03177424147725105,0.9732636213302612,True,t_inst,t_inst,True
R_harm_user,R_role_assistant_vs_user@t_inst,27,1.0,0.13627535104751587,0.13627535104751587,0.03177424147725105,0.97903311252594,True,t_inst,t_inst,True
R_harm_user,R_role_assistant_vs_user@t_post_inst,0,0.0,-0.0033141029998660088,0.0033141029998660088,0.03177424147725105,0.9774958491325378,False,t_inst,t_post_inst,False
R_harm_user,R_role_assistant_vs_user@t_post_inst,1,0.037,0.16797524690628052,0.16797524690628052,0.03177424147725105,0.975390613079071,True,t_inst,t_post_inst,False
R_harm_user,R_role_assistant_vs_user@t_post_inst,2,0.0741,0.12337073683738708,0.12337073683738708,0.03177424147725105,0.96849125623703,True,t_inst,t_post_inst,False
R_harm_user,R_role_assistant_vs_user@t_post_inst,3,0.1111,0.0581563375890255,0.0581563375890255,0.03177424147725105,0.9592113494873048,True,t_inst,t_post_inst,False
R_harm_user,R_role_assistant_vs_user@t_post_inst,4,0.1481,-0.010474786162376404,0.010474786162376404,0.03177424147725105,0.9614189863204956,False,t_inst,t_post_inst,False
R_harm_user,R_role_assistant_vs_user@t_post_inst,5,0.1852,0.02433120645582676,0.02433120645582676,0.03177424147725105,0.9651997685432434,False,t_inst,t_post_inst,False
R_harm_user,R_role_assistant_vs_user@t_post_inst,6,0.2222,0.007770345080643892,0.007770345080643892,0.03177424147725105,0.964959979057312,False,t_inst,t_post_inst,False
R_harm_user,R_role_assistant_vs_user@t_post_inst,7,0.2593,0.005712634883821011,0.005712634883821011,0.03177424147725105,0.9597644805908204,False,t_inst,t_post_inst,False
R_harm_user,R_role_assistant_vs_user@t_post_inst,8,0.2963,0.026275455951690674,0.026275455951690674,0.03177424147725105,0.957377791404724,False,t_inst,t_post_inst,False
R_harm_user,R_role_assistant_vs_user@t_post_inst,9,0.3333,0.041290514171123505,0.041290514171123505,0.03177424147725105,0.95751953125,True,t_inst,t_post_inst,False
R_harm_user,R_role_assistant_vs_user@t_post_inst,10,0.3704,0.08266496658325195,0.08266496658325195,0.03177424147725105,0.9584423899650574,True,t_inst,t_post_inst,False
R_harm_user,R_role_assistant_vs_user@t_post_inst,11,0.4074,0.0906185656785965,0.0906185656785965,0.03177424147725105,0.9595924615859984,True,t_inst,t_post_inst,False
R_harm_user,R_role_assistant_vs_user@t_post_inst,12,0.4444,0.07994215190410614,0.07994215190410614,0.03177424147725105,0.96018648147583,True,t_inst,t_post_inst,False
R_harm_user,R_role_assistant_vs_user@t_post_inst,13,0.4815,0.09953939914703369,0.09953939914703369,0.03177424147725105,0.959924340248108,True,t_inst,t_post_inst,False
R_harm_user,R_role_assistant_vs_user@t_post_inst,14,0.5185,0.11251756548881531,0.11251756548881531,0.03177424147725105,0.9633116722106934,True,t_inst,t_post_inst,False
R_harm_user,R_role_assistant_vs_user@t_post_inst,15,0.5556,0.13661785423755646,0.13661785423755646,0.03177424147725105,0.96561461687088,True,t_inst,t_post_inst,False
R_harm_user,R_role_assistant_vs_user@t_post_inst,16,0.5926,0.09167434275150299,0.09167434275150299,0.03177424147725105,0.9658317565917968,True,t_inst,t_post_inst,False
R_harm_user,R_role_assistant_vs_user@t_post_inst,17,0.6296,0.07900294661521912,0.07900294661521912,0.03177424147725105,0.9684625864028932,True,t_inst,t_post_inst,False
R_harm_user,R_role_assistant_vs_user@t_post_inst,18,0.6667,0.025546226650476456,0.025546226650476456,0.03177424147725105,0.9726020693778992,False,t_inst,t_post_inst,False
R_harm_user,R_role_assistant_vs_user@t_post_inst,19,0.7037,0.013075439259409904,0.013075439259409904,0.03177424147725105,0.9743415713310242,False,t_inst,t_post_inst,False
R_harm_user,R_role_assistant_vs_user@t_post_inst,20,0.7407,0.008500523865222931,0.008500523865222931,0.03177424147725105,0.9742247462272644,False,t_inst,t_post_inst,False
R_harm_user,R_role_assistant_vs_user@t_post_inst,21,0.7778,-0.00032263947650790215,0.00032263947650790215,0.03177424147725105,0.9745512008666992,False,t_inst,t_post_inst,False
R_harm_user,R_role_assistant_vs_user@t_post_inst,22,0.8148,-0.020675312727689743,0.020675312727689743,0.03177424147725105,0.9723869562149048,False,t_inst,t_post_inst,False
R_harm_user,R_role_assistant_vs_user@t_post_inst,23,0.8519,-0.03145642206072807,0.03145642206072807,0.03177424147725105,0.9680910110473632,False,t_inst,t_post_inst,False
R_harm_user,R_role_assistant_vs_user@t_post_inst,24,0.8889,0.004774993285536766,0.004774993285536766,0.03177424147725105,0.9682265520095824,False,t_inst,t_post_inst,False
R_harm_user,R_role_assistant_vs_user@t_post_inst,25,0.9259,0.003355707973241806,0.003355707973241806,0.03177424147725105,0.9686745405197144,False,t_inst,t_post_inst,False
R_harm_user,R_role_assistant_vs_user@t_post_inst,26,0.963,0.004324978217482567,0.004324978217482567,0.03177424147725105,0.9732636213302612,False,t_inst,t_post_inst,False
R_harm_user,R_role_assistant_vs_user@t_post_inst,27,1.0,-0.022750116884708405,0.022750116884708405,0.03177424147725105,0.97903311252594,False,t_inst,t_post_inst,False
R_harm_user,R_role_system_vs_user@t_inst,0,0.0,-0.09658180177211761,0.09658180177211761,0.03177424147725105,0.9774958491325378,True,t_inst,t_inst,True
R_harm_user,R_role_system_vs_user@t_inst,1,0.037,-0.34706759452819824,0.34706759452819824,0.03177424147725105,0.975390613079071,True,t_inst,t_inst,True
R_harm_user,R_role_system_vs_user@t_inst,2,0.0741,-0.1341773420572281,0.1341773420572281,0.03177424147725105,0.96849125623703,True,t_inst,t_inst,True
R_harm_user,R_role_system_vs_user@t_inst,3,0.1111,-0.013495270162820816,0.013495270162820816,0.03177424147725105,0.9592113494873048,False,t_inst,t_inst,True
R_harm_user,R_role_system_vs_user@t_inst,4,0.1481,-0.02056562900543213,0.02056562900543213,0.03177424147725105,0.9614189863204956,False,t_inst,t_inst,True
R_harm_user,R_role_system_vs_user@t_inst,5,0.1852,0.02623189613223076,0.02623189613223076,0.03177424147725105,0.9651997685432434,False,t_inst,t_inst,True
R_harm_user,R_role_system_vs_user@t_inst,6,0.2222,0.010264864191412926,0.010264864191412926,0.03177424147725105,0.964959979057312,False,t_inst,t_inst,True
R_harm_user,R_role_system_vs_user@t_inst,7,0.2593,-0.03396666795015335,0.03396666795015335,0.03177424147725105,0.9597644805908204,True,t_inst,t_inst,True
R_harm_user,R_role_system_vs_user@t_inst,8,0.2963,-0.11087798327207565,0.11087798327207565,0.03177424147725105,0.957377791404724,True,t_inst,t_inst,True
R_harm_user,R_role_system_vs_user@t_inst,9,0.3333,-0.07822807133197784,0.07822807133197784,0.03177424147725105,0.95751953125,True,t_inst,t_inst,True
R_harm_user,R_role_system_vs_user@t_inst,10,0.3704,-0.08773308992385864,0.08773308992385864,0.03177424147725105,0.9584423899650574,True,t_inst,t_inst,True
R_harm_user,R_role_system_vs_user@t_inst,11,0.4074,-0.11326533555984497,0.11326533555984497,0.03177424147725105,0.9595924615859984,True,t_inst,t_inst,True
R_harm_user,R_role_system_vs_user@t_inst,12,0.4444,-0.11009921133518219,0.11009921133518219,0.03177424147725105,0.96018648147583,True,t_inst,t_inst,True
R_harm_user,R_role_system_vs_user@t_inst,13,0.4815,-0.13115069270133972,0.13115069270133972,0.03177424147725105,0.959924340248108,True,t_inst,t_inst,True
R_harm_user,R_role_system_vs_user@t_inst,14,0.5185,-0.13482244312763214,0.13482244312763214,0.03177424147725105,0.9633116722106934,True,t_inst,t_inst,True
R_harm_user,R_role_system_vs_user@t_inst,15,0.5556,-0.10777314007282257,0.10777314007282257,0.03177424147725105,0.96561461687088,True,t_inst,t_inst,True
R_harm_user,R_role_system_vs_user@t_inst,16,0.5926,-0.14144602417945862,0.14144602417945862,0.03177424147725105,0.9658317565917968,True,t_inst,t_inst,True
R_harm_user,R_role_system_vs_user@t_inst,17,0.6296,-0.1438077688217163,0.1438077688217163,0.03177424147725105,0.9684625864028932,True,t_inst,t_inst,True
R_harm_user,R_role_system_vs_user@t_inst,18,0.6667,-0.07735642790794373,0.07735642790794373,0.03177424147725105,0.9726020693778992,True,t_inst,t_inst,True
R_harm_user,R_role_system_vs_user@t_inst,19,0.7037,-0.040542759001255035,0.040542759001255035,0.03177424147725105,0.9743415713310242,True,t_inst,t_inst,True
R_harm_user,R_role_system_vs_user@t_inst,20,0.7407,-0.006660309620201588,0.006660309620201588,0.03177424147725105,0.9742247462272644,False,t_inst,t_inst,True
R_harm_user,R_role_system_vs_user@t_inst,21,0.7778,0.06916925311088562,0.06916925311088562,0.03177424147725105,0.9745512008666992,True,t_inst,t_inst,True
R_harm_user,R_role_system_vs_user@t_inst,22,0.8148,0.1091688722372055,0.1091688722372055,0.03177424147725105,0.9723869562149048,True,t_inst,t_inst,True
R_harm_user,R_role_system_vs_user@t_inst,23,0.8519,0.0959562212228775,0.0959562212228775,0.03177424147725105,0.9680910110473632,True,t_inst,t_inst,True
R_harm_user,R_role_system_vs_user@t_inst,24,0.8889,0.16765201091766357,0.16765201091766357,0.03177424147725105,0.9682265520095824,True,t_inst,t_inst,True
R_harm_user,R_role_system_vs_user@t_inst,25,0.9259,0.20022600889205933,0.20022600889205933,0.03177424147725105,0.9686745405197144,True,t_inst,t_inst,True
R_harm_user,R_role_system_vs_user@t_inst,26,0.963,0.39022624492645264,0.39022624492645264,0.03177424147725105,0.9732636213302612,True,t_inst,t_inst,True
R_harm_user,R_role_system_vs_user@t_inst,27,1.0,0.3464512526988983,0.3464512526988983,0.03177424147725105,0.97903311252594,True,t_inst,t_inst,True
R_harm_user,R_role_system_vs_user@t_post_inst,0,0.0,-0.03141926974058151,0.03141926974058151,0.03177424147725105,0.9774958491325378,False,t_inst,t_post_inst,False
R_harm_user,R_role_system_vs_user@t_post_inst,1,0.037,0.07204368710517883,0.07204368710517883,0.03177424147725105,0.975390613079071,True,t_inst,t_post_inst,False
R_harm_user,R_role_system_vs_user@t_post_inst,2,0.0741,0.07345828413963318,0.07345828413963318,0.03177424147725105,0.96849125623703,True,t_inst,t_post_inst,False
R_harm_user,R_role_system_vs_user@t_post_inst,3,0.1111,0.025941800326108932,0.025941800326108932,0.03177424147725105,0.9592113494873048,False,t_inst,t_post_inst,False
R_harm_user,R_role_system_vs_user@t_post_inst,4,0.1481,0.052298903465270996,0.052298903465270996,0.03177424147725105,0.9614189863204956,True,t_inst,t_post_inst,False
R_harm_user,R_role_system_vs_user@t_post_inst,5,0.1852,0.05429266393184662,0.05429266393184662,0.03177424147725105,0.9651997685432434,True,t_inst,t_post_inst,False
R_harm_user,R_role_system_vs_user@t_post_inst,6,0.2222,0.01464717835187912,0.01464717835187912,0.03177424147725105,0.964959979057312,False,t_inst,t_post_inst,False
R_harm_user,R_role_system_vs_user@t_post_inst,7,0.2593,0.028636693954467773,0.028636693954467773,0.03177424147725105,0.9597644805908204,False,t_inst,t_post_inst,False
R_harm_user,R_role_system_vs_user@t_post_inst,8,0.2963,0.05060793086886406,0.05060793086886406,0.03177424147725105,0.957377791404724,True,t_inst,t_post_inst,False
R_harm_user,R_role_system_vs_user@t_post_inst,9,0.3333,0.04862514138221741,0.04862514138221741,0.03177424147725105,0.95751953125,True,t_inst,t_post_inst,False
R_harm_user,R_role_system_vs_user@t_post_inst,10,0.3704,0.056453216820955276,0.056453216820955276,0.03177424147725105,0.9584423899650574,True,t_inst,t_post_inst,False
R_harm_user,R_role_system_vs_user@t_post_inst,11,0.4074,0.04792363941669464,0.04792363941669464,0.03177424147725105,0.9595924615859984,True,t_inst,t_post_inst,False
R_harm_user,R_role_system_vs_user@t_post_inst,12,0.4444,0.02460397407412529,0.02460397407412529,0.03177424147725105,0.96018648147583,False,t_inst,t_post_inst,False
R_harm_user,R_role_system_vs_user@t_post_inst,13,0.4815,0.01889706775546074,0.01889706775546074,0.03177424147725105,0.959924340248108,False,t_inst,t_post_inst,False
R_harm_user,R_role_system_vs_user@t_post_inst,14,0.5185,0.0529463067650795,0.0529463067650795,0.03177424147725105,0.9633116722106934,True,t_inst,t_post_inst,False
R_harm_user,R_role_system_vs_user@t_post_inst,15,0.5556,0.08504893630743027,0.08504893630743027,0.03177424147725105,0.96561461687088,True,t_inst,t_post_inst,False
R_harm_user,R_role_system_vs_user@t_post_inst,16,0.5926,0.00410770857706666,0.00410770857706666,0.03177424147725105,0.9658317565917968,False,t_inst,t_post_inst,False
R_harm_user,R_role_system_vs_user@t_post_inst,17,0.6296,-0.027129700407385826,0.027129700407385826,0.03177424147725105,0.9684625864028932,False,t_inst,t_post_inst,False
R_harm_user,R_role_system_vs_user@t_post_inst,18,0.6667,-0.053488634526729584,0.053488634526729584,0.03177424147725105,0.9726020693778992,True,t_inst,t_post_inst,False
R_harm_user,R_role_system_vs_user@t_post_inst,19,0.7037,-0.06132349744439125,0.06132349744439125,0.03177424147725105,0.9743415713310242,True,t_inst,t_post_inst,False
R_harm_user,R_role_system_vs_user@t_post_inst,20,0.7407,-0.06515491753816605,0.06515491753816605,0.03177424147725105,0.9742247462272644,True,t_inst,t_post_inst,False
R_harm_user,R_role_system_vs_user@t_post_inst,21,0.7778,-0.03651795536279678,0.03651795536279678,0.03177424147725105,0.9745512008666992,True,t_inst,t_post_inst,False
R_harm_user,R_role_system_vs_user@t_post_inst,22,0.8148,-0.07597076892852783,0.07597076892852783,0.03177424147725105,0.9723869562149048,True,t_inst,t_post_inst,False
R_harm_user,R_role_system_vs_user@t_post_inst,23,0.8519,-0.08744275569915771,0.08744275569915771,0.03177424147725105,0.9680910110473632,True,t_inst,t_post_inst,False
R_harm_user,R_role_system_vs_user@t_post_inst,24,0.8889,-0.07539311796426773,0.07539311796426773,0.03177424147725105,0.9682265520095824,True,t_inst,t_post_inst,False
R_harm_user,R_role_system_vs_user@t_post_inst,25,0.9259,-0.04592511057853699,0.04592511057853699,0.03177424147725105,0.9686745405197144,True,t_inst,t_post_inst,False
R_harm_user,R_role_system_vs_user@t_post_inst,26,0.963,-0.046712566167116165,0.046712566167116165,0.03177424147725105,0.9732636213302612,True,t_inst,t_post_inst,False
R_harm_user,R_role_system_vs_user@t_post_inst,27,1.0,-0.0837862491607666,0.0837862491607666,0.03177424147725105,0.97903311252594,True,t_inst,t_post_inst,False
R_harm_user,R_role_tool_vs_user@t_inst,0,0.0,0.2905881106853485,0.2905881106853485,0.03177424147725105,0.9774958491325378,True,t_inst,t_inst,True
R_harm_user,R_role_tool_vs_user@t_inst,1,0.037,0.3974371552467346,0.3974371552467346,0.03177424147725105,0.975390613079071,True,t_inst,t_inst,True
R_harm_user,R_role_tool_vs_user@t_inst,2,0.0741,0.33942273259162903,0.33942273259162903,0.03177424147725105,0.96849125623703,True,t_inst,t_inst,True
R_harm_user,R_role_tool_vs_user@t_inst,3,0.1111,0.24414172768592834,0.24414172768592834,0.03177424147725105,0.9592113494873048,True,t_inst,t_inst,True
R_harm_user,R_role_tool_vs_user@t_inst,4,0.1481,0.27036893367767334,0.27036893367767334,0.03177424147725105,0.9614189863204956,True,t_inst,t_inst,True
R_harm_user,R_role_tool_vs_user@t_inst,5,0.1852,0.2405766397714615,0.2405766397714615,0.03177424147725105,0.9651997685432434,True,t_inst,t_inst,True
R_harm_user,R_role_tool_vs_user@t_inst,6,0.2222,0.18434348702430725,0.18434348702430725,0.03177424147725105,0.964959979057312,True,t_inst,t_inst,True
R_harm_user,R_role_tool_vs_user@t_inst,7,0.2593,0.12436037510633469,0.12436037510633469,0.03177424147725105,0.9597644805908204,True,t_inst,t_inst,True
R_harm_user,R_role_tool_vs_user@t_inst,8,0.2963,0.07039444148540497,0.07039444148540497,0.03177424147725105,0.957377791404724,True,t_inst,t_inst,True
R_harm_user,R_role_tool_vs_user@t_inst,9,0.3333,0.09693416208028793,0.09693416208028793,0.03177424147725105,0.95751953125,True,t_inst,t_inst,True
R_harm_user,R_role_tool_vs_user@t_inst,10,0.3704,0.08156658709049225,0.08156658709049225,0.03177424147725105,0.9584423899650574,True,t_inst,t_inst,True
R_harm_user,R_role_tool_vs_user@t_inst,11,0.4074,0.08297879248857498,0.08297879248857498,0.03177424147725105,0.9595924615859984,True,t_inst,t_inst,True
R_harm_user,R_role_tool_vs_user@t_inst,12,0.4444,0.07761719077825546,0.07761719077825546,0.03177424147725105,0.96018648147583,True,t_inst,t_inst,True
R_harm_user,R_role_tool_vs_user@t_inst,13,0.4815,0.0730082243680954,0.0730082243680954,0.03177424147725105,0.959924340248108,True,t_inst,t_inst,True
R_harm_user,R_role_tool_vs_user@t_inst,14,0.5185,0.0814208909869194,0.0814208909869194,0.03177424147725105,0.9633116722106934,True,t_inst,t_inst,True
R_harm_user,R_role_tool_vs_user@t_inst,15,0.5556,0.09277796000242233,0.09277796000242233,0.03177424147725105,0.96561461687088,True,t_inst,t_inst,True
R_harm_user,R_role_tool_vs_user@t_inst,16,0.5926,0.07971793413162231,0.07971793413162231,0.03177424147725105,0.9658317565917968,True,t_inst,t_inst,True
R_harm_user,R_role_tool_vs_user@t_inst,17,0.6296,0.1146484911441803,0.1146484911441803,0.03177424147725105,0.9684625864028932,True,t_inst,t_inst,True
R_harm_user,R_role_tool_vs_user@t_inst,18,0.6667,0.12311346083879471,0.12311346083879471,0.03177424147725105,0.9726020693778992,True,t_inst,t_inst,True
R_harm_user,R_role_tool_vs_user@t_inst,19,0.7037,0.12023875117301941,0.12023875117301941,0.03177424147725105,0.9743415713310242,True,t_inst,t_inst,True
R_harm_user,R_role_tool_vs_user@t_inst,20,0.7407,0.16034650802612305,0.16034650802612305,0.03177424147725105,0.9742247462272644,True,t_inst,t_inst,True
R_harm_user,R_role_tool_vs_user@t_inst,21,0.7778,0.2016044557094574,0.2016044557094574,0.03177424147725105,0.9745512008666992,True,t_inst,t_inst,True
R_harm_user,R_role_tool_vs_user@t_inst,22,0.8148,0.250961571931839,0.250961571931839,0.03177424147725105,0.9723869562149048,True,t_inst,t_inst,True
R_harm_user,R_role_tool_vs_user@t_inst,23,0.8519,0.2019033282995224,0.2019033282995224,0.03177424147725105,0.9680910110473632,True,t_inst,t_inst,True
R_harm_user,R_role_tool_vs_user@t_inst,24,0.8889,0.2597786784172058,0.2597786784172058,0.03177424147725105,0.9682265520095824,True,t_inst,t_inst,True
R_harm_user,R_role_tool_vs_user@t_inst,25,0.9259,0.2694060206413269,0.2694060206413269,0.03177424147725105,0.9686745405197144,True,t_inst,t_inst,True
R_harm_user,R_role_tool_vs_user@t_inst,26,0.963,0.4489021897315979,0.4489021897315979,0.03177424147725105,0.9732636213302612,True,t_inst,t_inst,True
R_harm_user,R_role_tool_vs_user@t_inst,27,1.0,0.4835306406021118,0.4835306406021118,0.03177424147725105,0.97903311252594,True,t_inst,t_inst,True
R_harm_user,R_role_tool_vs_user@t_post_inst,0,0.0,0.016161151230335236,0.016161151230335236,0.03177424147725105,0.9774958491325378,False,t_inst,t_post_inst,False
R_harm_user,R_role_tool_vs_user@t_post_inst,1,0.037,0.07275360077619553,0.07275360077619553,0.03177424147725105,0.975390613079071,True,t_inst,t_post_inst,False
R_harm_user,R_role_tool_vs_user@t_post_inst,2,0.0741,0.07021674513816833,0.07021674513816833,0.03177424147725105,0.96849125623703,True,t_inst,t_post_inst,False
R_harm_user,R_role_tool_vs_user@t_post_inst,3,0.1111,0.026634294539690018,0.026634294539690018,0.03177424147725105,0.9592113494873048,False,t_inst,t_post_inst,False
R_harm_user,R_role_tool_vs_user@t_post_inst,4,0.1481,0.02953105792403221,0.02953105792403221,0.03177424147725105,0.9614189863204956,False,t_inst,t_post_inst,False
R_harm_user,R_role_tool_vs_user@t_post_inst,5,0.1852,0.007164062932133675,0.007164062932133675,0.03177424147725105,0.9651997685432434,False,t_inst,t_post_inst,False
R_harm_user,R_role_tool_vs_user@t_post_inst,6,0.2222,0.027774574235081673,0.027774574235081673,0.03177424147725105,0.964959979057312,False,t_inst,t_post_inst,False
R_harm_user,R_role_tool_vs_user@t_post_inst,7,0.2593,0.024892359972000122,0.024892359972000122,0.03177424147725105,0.9597644805908204,False,t_inst,t_post_inst,False
R_harm_user,R_role_tool_vs_user@t_post_inst,8,0.2963,0.03503041714429855,0.03503041714429855,0.03177424147725105,0.957377791404724,True,t_inst,t_post_inst,False
R_harm_user,R_role_tool_vs_user@t_post_inst,9,0.3333,0.05139169096946716,0.05139169096946716,0.03177424147725105,0.95751953125,True,t_inst,t_post_inst,False
R_harm_user,R_role_tool_vs_user@t_post_inst,10,0.3704,0.08578188717365265,0.08578188717365265,0.03177424147725105,0.9584423899650574,True,t_inst,t_post_inst,False
R_harm_user,R_role_tool_vs_user@t_post_inst,11,0.4074,0.12659114599227905,0.12659114599227905,0.03177424147725105,0.9595924615859984,True,t_inst,t_post_inst,False
R_harm_user,R_role_tool_vs_user@t_post_inst,12,0.4444,0.11464744806289673,0.11464744806289673,0.03177424147725105,0.96018648147583,True,t_inst,t_post_inst,False
R_harm_user,R_role_tool_vs_user@t_post_inst,13,0.4815,0.08815746754407883,0.08815746754407883,0.03177424147725105,0.959924340248108,True,t_inst,t_post_inst,False
R_harm_user,R_role_tool_vs_user@t_post_inst,14,0.5185,0.09764960408210754,0.09764960408210754,0.03177424147725105,0.9633116722106934,True,t_inst,t_post_inst,False
R_harm_user,R_role_tool_vs_user@t_post_inst,15,0.5556,0.10930109024047852,0.10930109024047852,0.03177424147725105,0.96561461687088,True,t_inst,t_post_inst,False
R_harm_user,R_role_tool_vs_user@t_post_inst,16,0.5926,0.037239111959934235,0.037239111959934235,0.03177424147725105,0.9658317565917968,True,t_inst,t_post_inst,False
R_harm_user,R_role_tool_vs_user@t_post_inst,17,0.6296,0.016561973839998245,0.016561973839998245,0.03177424147725105,0.9684625864028932,False,t_inst,t_post_inst,False
R_harm_user,R_role_tool_vs_user@t_post_inst,18,0.6667,-0.0033914530649781227,0.0033914530649781227,0.03177424147725105,0.9726020693778992,False,t_inst,t_post_inst,False
R_harm_user,R_role_tool_vs_user@t_post_inst,19,0.7037,-0.02702351287007332,0.02702351287007332,0.03177424147725105,0.9743415713310242,False,t_inst,t_post_inst,False
R_harm_user,R_role_tool_vs_user@t_post_inst,20,0.7407,-0.03264150395989418,0.03264150395989418,0.03177424147725105,0.9742247462272644,True,t_inst,t_post_inst,False
R_harm_user,R_role_tool_vs_user@t_post_inst,21,0.7778,-0.05115436017513275,0.05115436017513275,0.03177424147725105,0.9745512008666992,True,t_inst,t_post_inst,False
R_harm_user,R_role_tool_vs_user@t_post_inst,22,0.8148,-0.04827997088432312,0.04827997088432312,0.03177424147725105,0.9723869562149048,True,t_inst,t_post_inst,False
R_harm_user,R_role_tool_vs_user@t_post_inst,23,0.8519,-0.03220617026090622,0.03220617026090622,0.03177424147725105,0.9680910110473632,True,t_inst,t_post_inst,False
R_harm_user,R_role_tool_vs_user@t_post_inst,24,0.8889,-0.0008018044754862785,0.0008018044754862785,0.03177424147725105,0.9682265520095824,False,t_inst,t_post_inst,False
R_harm_user,R_role_tool_vs_user@t_post_inst,25,0.9259,-0.010883762501180172,0.010883762501180172,0.03177424147725105,0.9686745405197144,False,t_inst,t_post_inst,False
R_harm_user,R_role_tool_vs_user@t_post_inst,26,0.963,-0.017066307365894318,0.017066307365894318,0.03177424147725105,0.9732636213302612,False,t_inst,t_post_inst,False
R_harm_user,R_role_tool_vs_user@t_post_inst,27,1.0,-0.0331982858479023,0.0331982858479023,0.03177424147725105,0.97903311252594,True,t_inst,t_post_inst,False
R_role_assistant_vs_user@t_inst,R_role_assistant_vs_user@t_post_inst,0,0.0,0.560678243637085,0.560678243637085,0.03177424147725105,,True,t_inst,t_post_inst,False
R_role_assistant_vs_user@t_inst,R_role_assistant_vs_user@t_post_inst,1,0.037,0.38365912437438965,0.38365912437438965,0.03177424147725105,,True,t_inst,t_post_inst,False
R_role_assistant_vs_user@t_inst,R_role_assistant_vs_user@t_post_inst,2,0.0741,0.30008864402770996,0.30008864402770996,0.03177424147725105,,True,t_inst,t_post_inst,False
R_role_assistant_vs_user@t_inst,R_role_assistant_vs_user@t_post_inst,3,0.1111,0.24337826669216156,0.24337826669216156,0.03177424147725105,,True,t_inst,t_post_inst,False
R_role_assistant_vs_user@t_inst,R_role_assistant_vs_user@t_post_inst,4,0.1481,0.12141625583171844,0.12141625583171844,0.03177424147725105,,True,t_inst,t_post_inst,False
R_role_assistant_vs_user@t_inst,R_role_assistant_vs_user@t_post_inst,5,0.1852,0.11082500964403152,0.11082500964403152,0.03177424147725105,,True,t_inst,t_post_inst,False
R_role_assistant_vs_user@t_inst,R_role_assistant_vs_user@t_post_inst,6,0.2222,0.09723520278930664,0.09723520278930664,0.03177424147725105,,True,t_inst,t_post_inst,False
R_role_assistant_vs_user@t_inst,R_role_assistant_vs_user@t_post_inst,7,0.2593,0.15062743425369263,0.15062743425369263,0.03177424147725105,,True,t_inst,t_post_inst,False
R_role_assistant_vs_user@t_inst,R_role_assistant_vs_user@t_post_inst,8,0.2963,0.15732479095458984,0.15732479095458984,0.03177424147725105,,True,t_inst,t_post_inst,False
R_role_assistant_vs_user@t_inst,R_role_assistant_vs_user@t_post_inst,9,0.3333,0.20166367292404175,0.20166367292404175,0.03177424147725105,,True,t_inst,t_post_inst,False
R_role_assistant_vs_user@t_inst,R_role_assistant_vs_user@t_post_inst,10,0.3704,0.27522891759872437,0.27522891759872437,0.03177424147725105,,True,t_inst,t_post_inst,False
R_role_assistant_vs_user@t_inst,R_role_assistant_vs_user@t_post_inst,11,0.4074,0.2498006671667099,0.2498006671667099,0.03177424147725105,,True,t_inst,t_post_inst,False
R_role_assistant_vs_user@t_inst,R_role_assistant_vs_user@t_post_inst,12,0.4444,0.2930951714515686,0.2930951714515686,0.03177424147725105,,True,t_inst,t_post_inst,False
R_role_assistant_vs_user@t_inst,R_role_assistant_vs_user@t_post_inst,13,0.4815,0.38053447008132935,0.38053447008132935,0.03177424147725105,,True,t_inst,t_post_inst,False
R_role_assistant_vs_user@t_inst,R_role_assistant_vs_user@t_post_inst,14,0.5185,0.3053818345069885,0.3053818345069885,0.03177424147725105,,True,t_inst,t_post_inst,False
R_role_assistant_vs_user@t_inst,R_role_assistant_vs_user@t_post_inst,15,0.5556,0.33068764209747314,0.33068764209747314,0.03177424147725105,,True,t_inst,t_post_inst,False
R_role_assistant_vs_user@t_inst,R_role_assistant_vs_user@t_post_inst,16,0.5926,0.27205488085746765,0.27205488085746765,0.03177424147725105,,True,t_inst,t_post_inst,False
R_role_assistant_vs_user@t_inst,R_role_assistant_vs_user@t_post_inst,17,0.6296,0.28528615832328796,0.28528615832328796,0.03177424147725105,,True,t_inst,t_post_inst,False
R_role_assistant_vs_user@t_inst,R_role_assistant_vs_user@t_post_inst,18,0.6667,0.38963329792022705,0.38963329792022705,0.03177424147725105,,True,t_inst,t_post_inst,False
R_role_assistant_vs_user@t_inst,R_role_assistant_vs_user@t_post_inst,19,0.7037,0.3642722964286804,0.3642722964286804,0.03177424147725105,,True,t_inst,t_post_inst,False
R_role_assistant_vs_user@t_inst,R_role_assistant_vs_user@t_post_inst,20,0.7407,0.371223509311676,0.371223509311676,0.03177424147725105,,True,t_inst,t_post_inst,False
R_role_assistant_vs_user@t_inst,R_role_assistant_vs_user@t_post_inst,21,0.7778,0.37954381108283997,0.37954381108283997,0.03177424147725105,,True,t_inst,t_post_inst,False
R_role_assistant_vs_user@t_inst,R_role_assistant_vs_user@t_post_inst,22,0.8148,0.37821948528289795,0.37821948528289795,0.03177424147725105,,True,t_inst,t_post_inst,False
R_role_assistant_vs_user@t_inst,R_role_assistant_vs_user@t_post_inst,23,0.8519,0.3792046308517456,0.3792046308517456,0.03177424147725105,,True,t_inst,t_post_inst,False
R_role_assistant_vs_user@t_inst,R_role_assistant_vs_user@t_post_inst,24,0.8889,0.36108219623565674,0.36108219623565674,0.03177424147725105,,True,t_inst,t_post_inst,False
R_role_assistant_vs_user@t_inst,R_role_assistant_vs_user@t_post_inst,25,0.9259,0.363874226808548,0.363874226808548,0.03177424147725105,,True,t_inst,t_post_inst,False
R_role_assistant_vs_user@t_inst,R_role_assistant_vs_user@t_post_inst,26,0.963,0.3607305884361267,0.3607305884361267,0.03177424147725105,,True,t_inst,t_post_inst,False
R_role_assistant_vs_user@t_inst,R_role_assistant_vs_user@t_post_inst,27,1.0,0.3093014061450958,0.3093014061450958,0.03177424147725105,,True,t_inst,t_post_inst,False
R_role_assistant_vs_user@t_inst,R_role_system_vs_user@t_inst,0,0.0,-0.4195919930934906,0.4195919930934906,0.03177424147725105,,True,t_inst,t_inst,True
R_role_assistant_vs_user@t_inst,R_role_system_vs_user@t_inst,1,0.037,-0.6866766214370728,0.6866766214370728,0.03177424147725105,,True,t_inst,t_inst,True
R_role_assistant_vs_user@t_inst,R_role_system_vs_user@t_inst,2,0.0741,-0.42770540714263916,0.42770540714263916,0.03177424147725105,,True,t_inst,t_inst,True
R_role_assistant_vs_user@t_inst,R_role_system_vs_user@t_inst,3,0.1111,-0.3109685778617859,0.3109685778617859,0.03177424147725105,,True,t_inst,t_inst,True
R_role_assistant_vs_user@t_inst,R_role_system_vs_user@t_inst,4,0.1481,-0.26521962881088257,0.26521962881088257,0.03177424147725105,,True,t_inst,t_inst,True
R_role_assistant_vs_user@t_inst,R_role_system_vs_user@t_inst,5,0.1852,-0.3613806962966919,0.3613806962966919,0.03177424147725105,,True,t_inst,t_inst,True
R_role_assistant_vs_user@t_inst,R_role_system_vs_user@t_inst,6,0.2222,-0.25193625688552856,0.25193625688552856,0.03177424147725105,,True,t_inst,t_inst,True
R_role_assistant_vs_user@t_inst,R_role_system_vs_user@t_inst,7,0.2593,-0.01211065798997879,0.01211065798997879,0.03177424147725105,,False,t_inst,t_inst,True
R_role_assistant_vs_user@t_inst,R_role_system_vs_user@t_inst,8,0.2963,0.09217575192451477,0.09217575192451477,0.03177424147725105,,True,t_inst,t_inst,True
R_role_assistant_vs_user@t_inst,R_role_system_vs_user@t_inst,9,0.3333,0.1250700056552887,0.1250700056552887,0.03177424147725105,,True,t_inst,t_inst,True
R_role_assistant_vs_user@t_inst,R_role_system_vs_user@t_inst,10,0.3704,0.10310293734073639,0.10310293734073639,0.03177424147725105,,True,t_inst,t_inst,True
R_role_assistant_vs_user@t_inst,R_role_system_vs_user@t_inst,11,0.4074,0.09913574159145355,0.09913574159145355,0.03177424147725105,,True,t_inst,t_inst,True
R_role_assistant_vs_user@t_inst,R_role_system_vs_user@t_inst,12,0.4444,0.16069820523262024,0.16069820523262024,0.03177424147725105,,True,t_inst,t_inst,True
R_role_assistant_vs_user@t_inst,R_role_system_vs_user@t_inst,13,0.4815,0.1040673702955246,0.1040673702955246,0.03177424147725105,,True,t_inst,t_inst,True
R_role_assistant_vs_user@t_inst,R_role_system_vs_user@t_inst,14,0.5185,0.0001427680253982544,0.0001427680253982544,0.03177424147725105,,False,t_inst,t_inst,True
R_role_assistant_vs_user@t_inst,R_role_system_vs_user@t_inst,15,0.5556,0.1160629615187645,0.1160629615187645,0.03177424147725105,,True,t_inst,t_inst,True
R_role_assistant_vs_user@t_inst,R_role_system_vs_user@t_inst,16,0.5926,0.09238965064287186,0.09238965064287186,0.03177424147725105,,True,t_inst,t_inst,True
R_role_assistant_vs_user@t_inst,R_role_system_vs_user@t_inst,17,0.6296,0.12323948740959167,0.12323948740959167,0.03177424147725105,,True,t_inst,t_inst,True
R_role_assistant_vs_user@t_inst,R_role_system_vs_user@t_inst,18,0.6667,0.22802209854125977,0.22802209854125977,0.03177424147725105,,True,t_inst,t_inst,True
R_role_assistant_vs_user@t_inst,R_role_system_vs_user@t_inst,19,0.7037,0.12930667400360107,0.12930667400360107,0.03177424147725105,,True,t_inst,t_inst,True
R_role_assistant_vs_user@t_inst,R_role_system_vs_user@t_inst,20,0.7407,0.11386080086231232,0.11386080086231232,0.03177424147725105,,True,t_inst,t_inst,True
R_role_assistant_vs_user@t_inst,R_role_system_vs_user@t_inst,21,0.7778,0.15873762965202332,0.15873762965202332,0.03177424147725105,,True,t_inst,t_inst,True
R_role_assistant_vs_user@t_inst,R_role_system_vs_user@t_inst,22,0.8148,0.06671270728111267,0.06671270728111267,0.03177424147725105,,True,t_inst,t_inst,True
R_role_assistant_vs_user@t_inst,R_role_system_vs_user@t_inst,23,0.8519,0.04988505691289902,0.04988505691289902,0.03177424147725105,,True,t_inst,t_inst,True
R_role_assistant_vs_user@t_inst,R_role_system_vs_user@t_inst,24,0.8889,0.1279553920030594,0.1279553920030594,0.03177424147725105,,True,t_inst,t_inst,True
R_role_assistant_vs_user@t_inst,R_role_system_vs_user@t_inst,25,0.9259,0.11566691100597382,0.11566691100597382,0.03177424147725105,,True,t_inst,t_inst,True
R_role_assistant_vs_user@t_inst,R_role_system_vs_user@t_inst,26,0.963,0.10726141184568405,0.10726141184568405,0.03177424147725105,,True,t_inst,t_inst,True
R_role_assistant_vs_user@t_inst,R_role_system_vs_user@t_inst,27,1.0,0.1685064285993576,0.1685064285993576,0.03177424147725105,,True,t_inst,t_inst,True
R_role_assistant_vs_user@t_inst,R_role_system_vs_user@t_post_inst,0,0.0,0.31859809160232544,0.31859809160232544,0.03177424147725105,,True,t_inst,t_post_inst,False
R_role_assistant_vs_user@t_inst,R_role_system_vs_user@t_post_inst,1,0.037,0.35284361243247986,0.35284361243247986,0.03177424147725105,,True,t_inst,t_post_inst,False
R_role_assistant_vs_user@t_inst,R_role_system_vs_user@t_post_inst,2,0.0741,0.2770514488220215,0.2770514488220215,0.03177424147725105,,True,t_inst,t_post_inst,False
R_role_assistant_vs_user@t_inst,R_role_system_vs_user@t_post_inst,3,0.1111,0.19710564613342285,0.19710564613342285,0.03177424147725105,,True,t_inst,t_post_inst,False
R_role_assistant_vs_user@t_inst,R_role_system_vs_user@t_post_inst,4,0.1481,0.16609816253185272,0.16609816253185272,0.03177424147725105,,True,t_inst,t_post_inst,False
R_role_assistant_vs_user@t_inst,R_role_system_vs_user@t_post_inst,5,0.1852,0.09843659400939941,0.09843659400939941,0.03177424147725105,,True,t_inst,t_post_inst,False
R_role_assistant_vs_user@t_inst,R_role_system_vs_user@t_post_inst,6,0.2222,0.09580355137586594,0.09580355137586594,0.03177424147725105,,True,t_inst,t_post_inst,False
R_role_assistant_vs_user@t_inst,R_role_system_vs_user@t_post_inst,7,0.2593,0.08252757787704468,0.08252757787704468,0.03177424147725105,,True,t_inst,t_post_inst,False
R_role_assistant_vs_user@t_inst,R_role_system_vs_user@t_post_inst,8,0.2963,0.10041481256484985,0.10041481256484985,0.03177424147725105,,True,t_inst,t_post_inst,False
R_role_assistant_vs_user@t_inst,R_role_system_vs_user@t_post_inst,9,0.3333,0.09061446785926819,0.09061446785926819,0.03177424147725105,,True,t_inst,t_post_inst,False
R_role_assistant_vs_user@t_inst,R_role_system_vs_user@t_post_inst,10,0.3704,0.0956609845161438,0.0956609845161438,0.03177424147725105,,True,t_inst,t_post_inst,False
R_role_assistant_vs_user@t_inst,R_role_system_vs_user@t_post_inst,11,0.4074,0.13023129105567932,0.13023129105567932,0.03177424147725105,,True,t_inst,t_post_inst,False
R_role_assistant_vs_user@t_inst,R_role_system_vs_user@t_post_inst,12,0.4444,0.1708841621875763,0.1708841621875763,0.03177424147725105,,True,t_inst,t_post_inst,False
R_role_assistant_vs_user@t_inst,R_role_system_vs_user@t_post_inst,13,0.4815,0.2594815492630005,0.2594815492630005,0.03177424147725105,,True,t_inst,t_post_inst,False
R_role_assistant_vs_user@t_inst,R_role_system_vs_user@t_post_inst,14,0.5185,0.1490633189678192,0.1490633189678192,0.03177424147725105,,True,t_inst,t_post_inst,False
R_role_assistant_vs_user@t_inst,R_role_system_vs_user@t_post_inst,15,0.5556,0.22217148542404175,0.22217148542404175,0.03177424147725105,,True,t_inst,t_post_inst,False
R_role_assistant_vs_user@t_inst,R_role_system_vs_user@t_post_inst,16,0.5926,0.1746554970741272,0.1746554970741272,0.03177424147725105,,True,t_inst,t_post_inst,False
R_role_assistant_vs_user@t_inst,R_role_system_vs_user@t_post_inst,17,0.6296,0.1792260706424713,0.1792260706424713,0.03177424147725105,,True,t_inst,t_post_inst,False
R_role_assistant_vs_user@t_inst,R_role_system_vs_user@t_post_inst,18,0.6667,0.2617165744304657,0.2617165744304657,0.03177424147725105,,True,t_inst,t_post_inst,False
R_role_assistant_vs_user@t_inst,R_role_system_vs_user@t_post_inst,19,0.7037,0.22681576013565063,0.22681576013565063,0.03177424147725105,,True,t_inst,t_post_inst,False
R_role_assistant_vs_user@t_inst,R_role_system_vs_user@t_post_inst,20,0.7407,0.18438835442066193,0.18438835442066193,0.03177424147725105,,True,t_inst,t_post_inst,False
R_role_assistant_vs_user@t_inst,R_role_system_vs_user@t_post_inst,21,0.7778,0.10336955636739731,0.10336955636739731,0.03177424147725105,,True,t_inst,t_post_inst,False
R_role_assistant_vs_user@t_inst,R_role_system_vs_user@t_post_inst,22,0.8148,0.14194287359714508,0.14194287359714508,0.03177424147725105,,True,t_inst,t_post_inst,False
R_role_assistant_vs_user@t_inst,R_role_system_vs_user@t_post_inst,23,0.8519,0.18015767633914948,0.18015767633914948,0.03177424147725105,,True,t_inst,t_post_inst,False
R_role_assistant_vs_user@t_inst,R_role_system_vs_user@t_post_inst,24,0.8889,0.16699033975601196,0.16699033975601196,0.03177424147725105,,True,t_inst,t_post_inst,False
R_role_assistant_vs_user@t_inst,R_role_system_vs_user@t_post_inst,25,0.9259,0.24117231369018555,0.24117231369018555,0.03177424147725105,,True,t_inst,t_post_inst,False
R_role_assistant_vs_user@t_inst,R_role_system_vs_user@t_post_inst,26,0.963,0.2460247129201889,0.2460247129201889,0.03177424147725105,,True,t_inst,t_post_inst,False
R_role_assistant_vs_user@t_inst,R_role_system_vs_user@t_post_inst,27,1.0,0.2727486789226532,0.2727486789226532,0.03177424147725105,,True,t_inst,t_post_inst,False
R_role_assistant_vs_user@t_inst,R_role_tool_vs_user@t_inst,0,0.0,0.091250941157341,0.091250941157341,0.03177424147725105,,True,t_inst,t_inst,True
R_role_assistant_vs_user@t_inst,R_role_tool_vs_user@t_inst,1,0.037,0.3197023272514343,0.3197023272514343,0.03177424147725105,,True,t_inst,t_inst,True
R_role_assistant_vs_user@t_inst,R_role_tool_vs_user@t_inst,2,0.0741,0.2808327078819275,0.2808327078819275,0.03177424147725105,,True,t_inst,t_inst,True
R_role_assistant_vs_user@t_inst,R_role_tool_vs_user@t_inst,3,0.1111,0.25601470470428467,0.25601470470428467,0.03177424147725105,,True,t_inst,t_inst,True
R_role_assistant_vs_user@t_inst,R_role_tool_vs_user@t_inst,4,0.1481,0.33387866616249084,0.33387866616249084,0.03177424147725105,,True,t_inst,t_inst,True
R_role_assistant_vs_user@t_inst,R_role_tool_vs_user@t_inst,5,0.1852,0.29431241750717163,0.29431241750717163,0.03177424147725105,,True,t_inst,t_inst,True
R_role_assistant_vs_user@t_inst,R_role_tool_vs_user@t_inst,6,0.2222,0.3484255075454712,0.3484255075454712,0.03177424147725105,,True,t_inst,t_inst,True
R_role_assistant_vs_user@t_inst,R_role_tool_vs_user@t_inst,7,0.2593,0.34472769498825073,0.34472769498825073,0.03177424147725105,,True,t_inst,t_inst,True
R_role_assistant_vs_user@t_inst,R_role_tool_vs_user@t_inst,8,0.2963,0.38254374265670776,0.38254374265670776,0.03177424147725105,,True,t_inst,t_inst,True
R_role_assistant_vs_user@t_inst,R_role_tool_vs_user@t_inst,9,0.3333,0.38113412261009216,0.38113412261009216,0.03177424147725105,,True,t_inst,t_inst,True
R_role_assistant_vs_user@t_inst,R_role_tool_vs_user@t_inst,10,0.3704,0.39113450050354004,0.39113450050354004,0.03177424147725105,,True,t_inst,t_inst,True
R_role_assistant_vs_user@t_inst,R_role_tool_vs_user@t_inst,11,0.4074,0.41492825746536255,0.41492825746536255,0.03177424147725105,,True,t_inst,t_inst,True
R_role_assistant_vs_user@t_inst,R_role_tool_vs_user@t_inst,12,0.4444,0.4169005751609802,0.4169005751609802,0.03177424147725105,,True,t_inst,t_inst,True
R_role_assistant_vs_user@t_inst,R_role_tool_vs_user@t_inst,13,0.4815,0.46714746952056885,0.46714746952056885,0.03177424147725105,,True,t_inst,t_inst,True
R_role_assistant_vs_user@t_inst,R_role_tool_vs_user@t_inst,14,0.5185,0.4454996585845947,0.4454996585845947,0.03177424147725105,,True,t_inst,t_inst,True
R_role_assistant_vs_user@t_inst,R_role_tool_vs_user@t_inst,15,0.5556,0.44696730375289917,0.44696730375289917,0.03177424147725105,,True,t_inst,t_inst,True
R_role_assistant_vs_user@t_inst,R_role_tool_vs_user@t_inst,16,0.5926,0.41248998045921326,0.41248998045921326,0.03177424147725105,,True,t_inst,t_inst,True
R_role_assistant_vs_user@t_inst,R_role_tool_vs_user@t_inst,17,0.6296,0.39317232370376587,0.39317232370376587,0.03177424147725105,,True,t_inst,t_inst,True
R_role_assistant_vs_user@t_inst,R_role_tool_vs_user@t_inst,18,0.6667,0.4206283390522003,0.4206283390522003,0.03177424147725105,,True,t_inst,t_inst,True
R_role_assistant_vs_user@t_inst,R_role_tool_vs_user@t_inst,19,0.7037,0.39462488889694214,0.39462488889694214,0.03177424147725105,,True,t_inst,t_inst,True
R_role_assistant_vs_user@t_inst,R_role_tool_vs_user@t_inst,20,0.7407,0.3810933232307434,0.3810933232307434,0.03177424147725105,,True,t_inst,t_inst,True
R_role_assistant_vs_user@t_inst,R_role_tool_vs_user@t_inst,21,0.7778,0.3582664132118225,0.3582664132118225,0.03177424147725105,,True,t_inst,t_inst,True
R_role_assistant_vs_user@t_inst,R_role_tool_vs_user@t_inst,22,0.8148,0.3381350040435791,0.3381350040435791,0.03177424147725105,,True,t_inst,t_inst,True
R_role_assistant_vs_user@t_inst,R_role_tool_vs_user@t_inst,23,0.8519,0.29237717390060425,0.29237717390060425,0.03177424147725105,,True,t_inst,t_inst,True
R_role_assistant_vs_user@t_inst,R_role_tool_vs_user@t_inst,24,0.8889,0.30403581261634827,0.30403581261634827,0.03177424147725105,,True,t_inst,t_inst,True
R_role_assistant_vs_user@t_inst,R_role_tool_vs_user@t_inst,25,0.9259,0.27220475673675537,0.27220475673675537,0.03177424147725105,,True,t_inst,t_inst,True
R_role_assistant_vs_user@t_inst,R_role_tool_vs_user@t_inst,26,0.963,0.17040733993053436,0.17040733993053436,0.03177424147725105,,True,t_inst,t_inst,True
R_role_assistant_vs_user@t_inst,R_role_tool_vs_user@t_inst,27,1.0,0.036251574754714966,0.036251574754714966,0.03177424147725105,,True,t_inst,t_inst,True
R_role_assistant_vs_user@t_inst,R_role_tool_vs_user@t_post_inst,0,0.0,0.08528712391853333,0.08528712391853333,0.03177424147725105,,True,t_inst,t_post_inst,False
R_role_assistant_vs_user@t_inst,R_role_tool_vs_user@t_post_inst,1,0.037,0.22098562121391296,0.22098562121391296,0.03177424147725105,,True,t_inst,t_post_inst,False
R_role_assistant_vs_user@t_inst,R_role_tool_vs_user@t_post_inst,2,0.0741,0.23779910802841187,0.23779910802841187,0.03177424147725105,,True,t_inst,t_post_inst,False
R_role_assistant_vs_user@t_inst,R_role_tool_vs_user@t_post_inst,3,0.1111,0.21862195432186127,0.21862195432186127,0.03177424147725105,,True,t_inst,t_post_inst,False
R_role_assistant_vs_user@t_inst,R_role_tool_vs_user@t_post_inst,4,0.1481,0.2011936604976654,0.2011936604976654,0.03177424147725105,,True,t_inst,t_post_inst,False
R_role_assistant_vs_user@t_inst,R_role_tool_vs_user@t_post_inst,5,0.1852,0.15208271145820618,0.15208271145820618,0.03177424147725105,,True,t_inst,t_post_inst,False
R_role_assistant_vs_user@t_inst,R_role_tool_vs_user@t_post_inst,6,0.2222,0.11686932295560837,0.11686932295560837,0.03177424147725105,,True,t_inst,t_post_inst,False
R_role_assistant_vs_user@t_inst,R_role_tool_vs_user@t_post_inst,7,0.2593,0.11938618123531342,0.11938618123531342,0.03177424147725105,,True,t_inst,t_post_inst,False
R_role_assistant_vs_user@t_inst,R_role_tool_vs_user@t_post_inst,8,0.2963,0.1798611283302307,0.1798611283302307,0.03177424147725105,,True,t_inst,t_post_inst,False
R_role_assistant_vs_user@t_inst,R_role_tool_vs_user@t_post_inst,9,0.3333,0.031137382611632347,0.031137382611632347,0.03177424147725105,,False,t_inst,t_post_inst,False
R_role_assistant_vs_user@t_inst,R_role_tool_vs_user@t_post_inst,10,0.3704,0.11652926355600357,0.11652926355600357,0.03177424147725105,,True,t_inst,t_post_inst,False
R_role_assistant_vs_user@t_inst,R_role_tool_vs_user@t_post_inst,11,0.4074,0.16813811659812927,0.16813811659812927,0.03177424147725105,,True,t_inst,t_post_inst,False
R_role_assistant_vs_user@t_inst,R_role_tool_vs_user@t_post_inst,12,0.4444,0.27689632773399353,0.27689632773399353,0.03177424147725105,,True,t_inst,t_post_inst,False
R_role_assistant_vs_user@t_inst,R_role_tool_vs_user@t_post_inst,13,0.4815,0.3118646740913391,0.3118646740913391,0.03177424147725105,,True,t_inst,t_post_inst,False
R_role_assistant_vs_user@t_inst,R_role_tool_vs_user@t_post_inst,14,0.5185,0.23687702417373657,0.23687702417373657,0.03177424147725105,,True,t_inst,t_post_inst,False
R_role_assistant_vs_user@t_inst,R_role_tool_vs_user@t_post_inst,15,0.5556,0.27424386143684387,0.27424386143684387,0.03177424147725105,,True,t_inst,t_post_inst,False
R_role_assistant_vs_user@t_inst,R_role_tool_vs_user@t_post_inst,16,0.5926,0.21358922123908997,0.21358922123908997,0.03177424147725105,,True,t_inst,t_post_inst,False
R_role_assistant_vs_user@t_inst,R_role_tool_vs_user@t_post_inst,17,0.6296,0.20388419926166534,0.20388419926166534,0.03177424147725105,,True,t_inst,t_post_inst,False
R_role_assistant_vs_user@t_inst,R_role_tool_vs_user@t_post_inst,18,0.6667,0.31056076288223267,0.31056076288223267,0.03177424147725105,,True,t_inst,t_post_inst,False
R_role_assistant_vs_user@t_inst,R_role_tool_vs_user@t_post_inst,19,0.7037,0.2869248688220978,0.2869248688220978,0.03177424147725105,,True,t_inst,t_post_inst,False
R_role_assistant_vs_user@t_inst,R_role_tool_vs_user@t_post_inst,20,0.7407,0.33559074997901917,0.33559074997901917,0.03177424147725105,,True,t_inst,t_post_inst,False
R_role_assistant_vs_user@t_inst,R_role_tool_vs_user@t_post_inst,21,0.7778,0.26490622758865356,0.26490622758865356,0.03177424147725105,,True,t_inst,t_post_inst,False
R_role_assistant_vs_user@t_inst,R_role_tool_vs_user@t_post_inst,22,0.8148,0.21924090385437012,0.21924090385437012,0.03177424147725105,,True,t_inst,t_post_inst,False
R_role_assistant_vs_user@t_inst,R_role_tool_vs_user@t_post_inst,23,0.8519,0.21567997336387634,0.21567997336387634,0.03177424147725105,,True,t_inst,t_post_inst,False
R_role_assistant_vs_user@t_inst,R_role_tool_vs_user@t_post_inst,24,0.8889,0.19278964400291443,0.19278964400291443,0.03177424147725105,,True,t_inst,t_post_inst,False
R_role_assistant_vs_user@t_inst,R_role_tool_vs_user@t_post_inst,25,0.9259,0.15553361177444458,0.15553361177444458,0.03177424147725105,,True,t_inst,t_post_inst,False
R_role_assistant_vs_user@t_inst,R_role_tool_vs_user@t_post_inst,26,0.963,0.133852019906044,0.133852019906044,0.03177424147725105,,True,t_inst,t_post_inst,False
R_role_assistant_vs_user@t_inst,R_role_tool_vs_user@t_post_inst,27,1.0,0.05416788533329964,0.05416788533329964,0.03177424147725105,,True,t_inst,t_post_inst,False
R_role_assistant_vs_user@t_post_inst,R_role_system_vs_user@t_inst,0,0.0,-0.14894387125968933,0.14894387125968933,0.03177424147725105,,True,t_post_inst,t_inst,False
R_role_assistant_vs_user@t_post_inst,R_role_system_vs_user@t_inst,1,0.037,-0.31302881240844727,0.31302881240844727,0.03177424147725105,,True,t_post_inst,t_inst,False
R_role_assistant_vs_user@t_post_inst,R_role_system_vs_user@t_inst,2,0.0741,-0.16594676673412323,0.16594676673412323,0.03177424147725105,,True,t_post_inst,t_inst,False
R_role_assistant_vs_user@t_post_inst,R_role_system_vs_user@t_inst,3,0.1111,-0.16339269280433655,0.16339269280433655,0.03177424147725105,,True,t_post_inst,t_inst,False
R_role_assistant_vs_user@t_post_inst,R_role_system_vs_user@t_inst,4,0.1481,-0.1125159040093422,0.1125159040093422,0.03177424147725105,,True,t_post_inst,t_inst,False
R_role_assistant_vs_user@t_post_inst,R_role_system_vs_user@t_inst,5,0.1852,-0.12224811315536499,0.12224811315536499,0.03177424147725105,,True,t_post_inst,t_inst,False
R_role_assistant_vs_user@t_post_inst,R_role_system_vs_user@t_inst,6,0.2222,-0.12597088515758514,0.12597088515758514,0.03177424147725105,,True,t_post_inst,t_inst,False
R_role_assistant_vs_user@t_post_inst,R_role_system_vs_user@t_inst,7,0.2593,-0.1277626007795334,0.1277626007795334,0.03177424147725105,,True,t_post_inst,t_inst,False
R_role_assistant_vs_user@t_post_inst,R_role_system_vs_user@t_inst,8,0.2963,-0.1352589726448059,0.1352589726448059,0.03177424147725105,,True,t_post_inst,t_inst,False
R_role_assistant_vs_user@t_post_inst,R_role_system_vs_user@t_inst,9,0.3333,-0.12149880826473236,0.12149880826473236,0.03177424147725105,,True,t_post_inst,t_inst,False
R_role_assistant_vs_user@t_post_inst,R_role_system_vs_user@t_inst,10,0.3704,-0.12872423231601715,0.12872423231601715,0.03177424147725105,,True,t_post_inst,t_inst,False
R_role_assistant_vs_user@t_post_inst,R_role_system_vs_user@t_inst,11,0.4074,-0.14159536361694336,0.14159536361694336,0.03177424147725105,,True,t_post_inst,t_inst,False
R_role_assistant_vs_user@t_post_inst,R_role_system_vs_user@t_inst,12,0.4444,-0.08872637152671814,0.08872637152671814,0.03177424147725105,,True,t_post_inst,t_inst,False
R_role_assistant_vs_user@t_post_inst,R_role_system_vs_user@t_inst,13,0.4815,-0.09896471351385117,0.09896471351385117,0.03177424147725105,,True,t_post_inst,t_inst,False
R_role_assistant_vs_user@t_post_inst,R_role_system_vs_user@t_inst,14,0.5185,-0.18545687198638916,0.18545687198638916,0.03177424147725105,,True,t_post_inst,t_inst,False
R_role_assistant_vs_user@t_post_inst,R_role_system_vs_user@t_inst,15,0.5556,-0.13337966799736023,0.13337966799736023,0.03177424147725105,,True,t_post_inst,t_inst,False
R_role_assistant_vs_user@t_post_inst,R_role_system_vs_user@t_inst,16,0.5926,-0.17911505699157715,0.17911505699157715,0.03177424147725105,,True,t_post_inst,t_inst,False
R_role_assistant_vs_user@t_post_inst,R_role_system_vs_user@t_inst,17,0.6296,-0.11564847826957703,0.11564847826957703,0.03177424147725105,,True,t_post_inst,t_inst,False
R_role_assistant_vs_user@t_post_inst,R_role_system_vs_user@t_inst,18,0.6667,-0.045901909470558167,0.045901909470558167,0.03177424147725105,,True,t_post_inst,t_inst,False
R_role_assistant_vs_user@t_post_inst,R_role_system_vs_user@t_inst,19,0.7037,-0.08491384983062744,0.08491384983062744,0.03177424147725105,,True,t_post_inst,t_inst,False
R_role_assistant_vs_user@t_post_inst,R_role_system_vs_user@t_inst,20,0.7407,-0.06519761681556702,0.06519761681556702,0.03177424147725105,,True,t_post_inst,t_inst,False
R_role_assistant_vs_user@t_post_inst,R_role_system_vs_user@t_inst,21,0.7778,-0.059209853410720825,0.059209853410720825,0.03177424147725105,,True,t_post_inst,t_inst,False
R_role_assistant_vs_user@t_post_inst,R_role_system_vs_user@t_inst,22,0.8148,-0.044910281896591187,0.044910281896591187,0.03177424147725105,,True,t_post_inst,t_inst,False
R_role_assistant_vs_user@t_post_inst,R_role_system_vs_user@t_inst,23,0.8519,-0.02622174099087715,0.02622174099087715,0.03177424147725105,,False,t_post_inst,t_inst,False
R_role_assistant_vs_user@t_post_inst,R_role_system_vs_user@t_inst,24,0.8889,-0.026840772479772568,0.026840772479772568,0.03177424147725105,,False,t_post_inst,t_inst,False
R_role_assistant_vs_user@t_post_inst,R_role_system_vs_user@t_inst,25,0.9259,-0.04184635728597641,0.04184635728597641,0.03177424147725105,,True,t_post_inst,t_inst,False
R_role_assistant_vs_user@t_post_inst,R_role_system_vs_user@t_inst,26,0.963,-0.01081354171037674,0.01081354171037674,0.03177424147725105,,False,t_post_inst,t_inst,False
R_role_assistant_vs_user@t_post_inst,R_role_system_vs_user@t_inst,27,1.0,0.009852424263954163,0.009852424263954163,0.03177424147725105,,False,t_post_inst,t_inst,False
R_role_assistant_vs_user@t_post_inst,R_role_system_vs_user@t_post_inst,0,0.0,0.3947452902793884,0.3947452902793884,0.03177424147725105,,True,t_post_inst,t_post_inst,True
R_role_assistant_vs_user@t_post_inst,R_role_system_vs_user@t_post_inst,1,0.037,0.2861659526824951,0.2861659526824951,0.03177424147725105,,True,t_post_inst,t_post_inst,True
R_role_assistant_vs_user@t_post_inst,R_role_system_vs_user@t_post_inst,2,0.0741,0.3095437288284302,0.3095437288284302,0.03177424147725105,,True,t_post_inst,t_post_inst,True
R_role_assistant_vs_user@t_post_inst,R_role_system_vs_user@t_post_inst,3,0.1111,0.12117218971252441,0.12117218971252441,0.03177424147725105,,True,t_post_inst,t_post_inst,True
R_role_assistant_vs_user@t_post_inst,R_role_system_vs_user@t_post_inst,4,0.1481,0.07500237226486206,0.07500237226486206,0.03177424147725105,,True,t_post_inst,t_post_inst,True
R_role_assistant_vs_user@t_post_inst,R_role_system_vs_user@t_post_inst,5,0.1852,0.20094168186187744,0.20094168186187744,0.03177424147725105,,True,t_post_inst,t_post_inst,True
R_role_assistant_vs_user@t_post_inst,R_role_system_vs_user@t_post_inst,6,0.2222,0.1762637048959732,0.1762637048959732,0.03177424147725105,,True,t_post_inst,t_post_inst,True
R_role_assistant_vs_user@t_post_inst,R_role_system_vs_user@t_post_inst,7,0.2593,0.154519721865654,0.154519721865654,0.03177424147725105,,True,t_post_inst,t_post_inst,True
R_role_assistant_vs_user@t_post_inst,R_role_system_vs_user@t_post_inst,8,0.2963,0.16026975214481354,0.16026975214481354,0.03177424147725105,,True,t_post_inst,t_post_inst,True
R_role_assistant_vs_user@t_post_inst,R_role_system_vs_user@t_post_inst,9,0.3333,0.2844211459159851,0.2844211459159851,0.03177424147725105,,True,t_post_inst,t_post_inst,True
R_role_assistant_vs_user@t_post_inst,R_role_system_vs_user@t_post_inst,10,0.3704,0.29540932178497314,0.29540932178497314,0.03177424147725105,,True,t_post_inst,t_post_inst,True
R_role_assistant_vs_user@t_post_inst,R_role_system_vs_user@t_post_inst,11,0.4074,0.27673739194869995,0.27673739194869995,0.03177424147725105,,True,t_post_inst,t_post_inst,True
R_role_assistant_vs_user@t_post_inst,R_role_system_vs_user@t_post_inst,12,0.4444,0.3108375668525696,0.3108375668525696,0.03177424147725105,,True,t_post_inst,t_post_inst,True
R_role_assistant_vs_user@t_post_inst,R_role_system_vs_user@t_post_inst,13,0.4815,0.3935428857803345,0.3935428857803345,0.03177424147725105,,True,t_post_inst,t_post_inst,True
R_role_assistant_vs_user@t_post_inst,R_role_system_vs_user@t_post_inst,14,0.5185,0.3299308717250824,0.3299308717250824,0.03177424147725105,,True,t_post_inst,t_post_inst,True
R_role_assistant_vs_user@t_post_inst,R_role_system_vs_user@t_post_inst,15,0.5556,0.34207063913345337,0.34207063913345337,0.03177424147725105,,True,t_post_inst,t_post_inst,True
R_role_assistant_vs_user@t_post_inst,R_role_system_vs_user@t_post_inst,16,0.5926,0.3031739890575409,0.3031739890575409,0.03177424147725105,,True,t_post_inst,t_post_inst,True
R_role_assistant_vs_user@t_post_inst,R_role_system_vs_user@t_post_inst,17,0.6296,0.34135720133781433,0.34135720133781433,0.03177424147725105,,True,t_post_inst,t_post_inst,True
R_role_assistant_vs_user@t_post_inst,R_role_system_vs_user@t_post_inst,18,0.6667,0.4464383125305176,0.4464383125305176,0.03177424147725105,,True,t_post_inst,t_post_inst,True
R_role_assistant_vs_user@t_post_inst,R_role_system_vs_user@t_post_inst,19,0.7037,0.5101001262664795,0.5101001262664795,0.03177424147725105,,True,t_post_inst,t_post_inst,True
R_role_assistant_vs_user@t_post_inst,R_role_system_vs_user@t_post_inst,20,0.7407,0.49510645866394043,0.49510645866394043,0.03177424147725105,,True,t_post_inst,t_post_inst,True
R_role_assistant_vs_user@t_post_inst,R_role_system_vs_user@t_post_inst,21,0.7778,0.5196415781974792,0.5196415781974792,0.03177424147725105,,True,t_post_inst,t_post_inst,True
R_role_assistant_vs_user@t_post_inst,R_role_system_vs_user@t_post_inst,22,0.8148,0.5433351397514343,0.5433351397514343,0.03177424147725105,,True,t_post_inst,t_post_inst,True
R_role_assistant_vs_user@t_post_inst,R_role_system_vs_user@t_post_inst,23,0.8519,0.5608669519424438,0.5608669519424438,0.03177424147725105,,True,t_post_inst,t_post_inst,True
R_role_assistant_vs_user@t_post_inst,R_role_system_vs_user@t_post_inst,24,0.8889,0.5375738739967346,0.5375738739967346,0.03177424147725105,,True,t_post_inst,t_post_inst,True
R_role_assistant_vs_user@t_post_inst,R_role_system_vs_user@t_post_inst,25,0.9259,0.5816560387611389,0.5816560387611389,0.03177424147725105,,True,t_post_inst,t_post_inst,True
R_role_assistant_vs_user@t_post_inst,R_role_system_vs_user@t_post_inst,26,0.963,0.5953730344772339,0.5953730344772339,0.03177424147725105,,True,t_post_inst,t_post_inst,True
R_role_assistant_vs_user@t_post_inst,R_role_system_vs_user@t_post_inst,27,1.0,0.615351676940918,0.615351676940918,0.03177424147725105,,True,t_post_inst,t_post_inst,True
R_role_assistant_vs_user@t_post_inst,R_role_tool_vs_user@t_inst,0,0.0,0.04356488585472107,0.04356488585472107,0.03177424147725105,,True,t_post_inst,t_inst,False
R_role_assistant_vs_user@t_post_inst,R_role_tool_vs_user@t_inst,1,0.037,0.13224594295024872,0.13224594295024872,0.03177424147725105,,True,t_post_inst,t_inst,False
R_role_assistant_vs_user@t_post_inst,R_role_tool_vs_user@t_inst,2,0.0741,0.09831506758928299,0.09831506758928299,0.03177424147725105,,True,t_post_inst,t_inst,False
R_role_assistant_vs_user@t_post_inst,R_role_tool_vs_user@t_inst,3,0.1111,0.06644192337989807,0.06644192337989807,0.03177424147725105,,True,t_post_inst,t_inst,False
R_role_assistant_vs_user@t_post_inst,R_role_tool_vs_user@t_inst,4,0.1481,0.013632453978061676,0.013632453978061676,0.03177424147725105,,False,t_post_inst,t_inst,False
R_role_assistant_vs_user@t_post_inst,R_role_tool_vs_user@t_inst,5,0.1852,0.03563427925109863,0.03563427925109863,0.03177424147725105,,True,t_post_inst,t_inst,False
R_role_assistant_vs_user@t_post_inst,R_role_tool_vs_user@t_inst,6,0.2222,0.07511289417743683,0.07511289417743683,0.03177424147725105,,True,t_post_inst,t_inst,False
R_role_assistant_vs_user@t_post_inst,R_role_tool_vs_user@t_inst,7,0.2593,0.0820576623082161,0.0820576623082161,0.03177424147725105,,True,t_post_inst,t_inst,False
R_role_assistant_vs_user@t_post_inst,R_role_tool_vs_user@t_inst,8,0.2963,0.07386834919452667,0.07386834919452667,0.03177424147725105,,True,t_post_inst,t_inst,False
R_role_assistant_vs_user@t_post_inst,R_role_tool_vs_user@t_inst,9,0.3333,0.07481209188699722,0.07481209188699722,0.03177424147725105,,True,t_post_inst,t_inst,False
R_role_assistant_vs_user@t_post_inst,R_role_tool_vs_user@t_inst,10,0.3704,0.1087859719991684,0.1087859719991684,0.03177424147725105,,True,t_post_inst,t_inst,False
R_role_assistant_vs_user@t_post_inst,R_role_tool_vs_user@t_inst,11,0.4074,0.10629403591156006,0.10629403591156006,0.03177424147725105,,True,t_post_inst,t_inst,False
R_role_assistant_vs_user@t_post_inst,R_role_tool_vs_user@t_inst,12,0.4444,0.12231488525867462,0.12231488525867462,0.03177424147725105,,True,t_post_inst,t_inst,False
R_role_assistant_vs_user@t_post_inst,R_role_tool_vs_user@t_inst,13,0.4815,0.17679914832115173,0.17679914832115173,0.03177424147725105,,True,t_post_inst,t_inst,False
R_role_assistant_vs_user@t_post_inst,R_role_tool_vs_user@t_inst,14,0.5185,0.1429024040699005,0.1429024040699005,0.03177424147725105,,True,t_post_inst,t_inst,False
R_role_assistant_vs_user@t_post_inst,R_role_tool_vs_user@t_inst,15,0.5556,0.18602682650089264,0.18602682650089264,0.03177424147725105,,True,t_post_inst,t_inst,False
R_role_assistant_vs_user@t_post_inst,R_role_tool_vs_user@t_inst,16,0.5926,0.155921071767807,0.155921071767807,0.03177424147725105,,True,t_post_inst,t_inst,False
R_role_assistant_vs_user@t_post_inst,R_role_tool_vs_user@t_inst,17,0.6296,0.14125674962997437,0.14125674962997437,0.03177424147725105,,True,t_post_inst,t_inst,False
R_role_assistant_vs_user@t_post_inst,R_role_tool_vs_user@t_inst,18,0.6667,0.19972500205039978,0.19972500205039978,0.03177424147725105,,True,t_post_inst,t_inst,False
R_role_assistant_vs_user@t_post_inst,R_role_tool_vs_user@t_inst,19,0.7037,0.2171669900417328,0.2171669900417328,0.03177424147725105,,True,t_post_inst,t_inst,False
R_role_assistant_vs_user@t_post_inst,R_role_tool_vs_user@t_inst,20,0.7407,0.20145460963249207,0.20145460963249207,0.03177424147725105,,True,t_post_inst,t_inst,False
R_role_assistant_vs_user@t_post_inst,R_role_tool_vs_user@t_inst,21,0.7778,0.14517682790756226,0.14517682790756226,0.03177424147725105,,True,t_post_inst,t_inst,False
R_role_assistant_vs_user@t_post_inst,R_role_tool_vs_user@t_inst,22,0.8148,0.13760322332382202,0.13760322332382202,0.03177424147725105,,True,t_post_inst,t_inst,False
R_role_assistant_vs_user@t_post_inst,R_role_tool_vs_user@t_inst,23,0.8519,0.110196553170681,0.110196553170681,0.03177424147725105,,True,t_post_inst,t_inst,False
R_role_assistant_vs_user@t_post_inst,R_role_tool_vs_user@t_inst,24,0.8889,0.11350461095571518,0.11350461095571518,0.03177424147725105,,True,t_post_inst,t_inst,False
R_role_assistant_vs_user@t_post_inst,R_role_tool_vs_user@t_inst,25,0.9259,0.07829586416482925,0.07829586416482925,0.03177424147725105,,True,t_post_inst,t_inst,False
R_role_assistant_vs_user@t_post_inst,R_role_tool_vs_user@t_inst,26,0.963,0.040877923369407654,0.040877923369407654,0.03177424147725105,,True,t_post_inst,t_inst,False
R_role_assistant_vs_user@t_post_inst,R_role_tool_vs_user@t_inst,27,1.0,-0.013088300824165344,0.013088300824165344,0.03177424147725105,,False,t_post_inst,t_inst,False
R_role_assistant_vs_user@t_post_inst,R_role_tool_vs_user@t_post_inst,0,0.0,0.18646016716957092,0.18646016716957092,0.03177424147725105,,True,t_post_inst,t_post_inst,True
R_role_assistant_vs_user@t_post_inst,R_role_tool_vs_user@t_post_inst,1,0.037,0.32196569442749023,0.32196569442749023,0.03177424147725105,,True,t_post_inst,t_post_inst,True
R_role_assistant_vs_user@t_post_inst,R_role_tool_vs_user@t_post_inst,2,0.0741,0.383167564868927,0.383167564868927,0.03177424147725105,,True,t_post_inst,t_post_inst,True
R_role_assistant_vs_user@t_post_inst,R_role_tool_vs_user@t_post_inst,3,0.1111,0.35164493322372437,0.35164493322372437,0.03177424147725105,,True,t_post_inst,t_post_inst,True
R_role_assistant_vs_user@t_post_inst,R_role_tool_vs_user@t_post_inst,4,0.1481,0.46611377596855164,0.46611377596855164,0.03177424147725105,,True,t_post_inst,t_post_inst,True
R_role_assistant_vs_user@t_post_inst,R_role_tool_vs_user@t_post_inst,5,0.1852,0.41534093022346497,0.41534093022346497,0.03177424147725105,,True,t_post_inst,t_post_inst,True
R_role_assistant_vs_user@t_post_inst,R_role_tool_vs_user@t_post_inst,6,0.2222,0.38051915168762207,0.38051915168762207,0.03177424147725105,,True,t_post_inst,t_post_inst,True
R_role_assistant_vs_user@t_post_inst,R_role_tool_vs_user@t_post_inst,7,0.2593,0.33673396706581116,0.33673396706581116,0.03177424147725105,,True,t_post_inst,t_post_inst,True
R_role_assistant_vs_user@t_post_inst,R_role_tool_vs_user@t_post_inst,8,0.2963,0.32884249091148376,0.32884249091148376,0.03177424147725105,,True,t_post_inst,t_post_inst,True
R_role_assistant_vs_user@t_post_inst,R_role_tool_vs_user@t_post_inst,9,0.3333,0.23677265644073486,0.23677265644073486,0.03177424147725105,,True,t_post_inst,t_post_inst,True
R_role_assistant_vs_user@t_post_inst,R_role_tool_vs_user@t_post_inst,10,0.3704,0.3163202702999115,0.3163202702999115,0.03177424147725105,,True,t_post_inst,t_post_inst,True
R_role_assistant_vs_user@t_post_inst,R_role_tool_vs_user@t_post_inst,11,0.4074,0.354643315076828,0.354643315076828,0.03177424147725105,,True,t_post_inst,t_post_inst,True
R_role_assistant_vs_user@t_post_inst,R_role_tool_vs_user@t_post_inst,12,0.4444,0.44978079199790955,0.44978079199790955,0.03177424147725105,,True,t_post_inst,t_post_inst,True
R_role_assistant_vs_user@t_post_inst,R_role_tool_vs_user@t_post_inst,13,0.4815,0.48414015769958496,0.48414015769958496,0.03177424147725105,,True,t_post_inst,t_post_inst,True
R_role_assistant_vs_user@t_post_inst,R_role_tool_vs_user@t_post_inst,14,0.5185,0.46002936363220215,0.46002936363220215,0.03177424147725105,,True,t_post_inst,t_post_inst,True
R_role_assistant_vs_user@t_post_inst,R_role_tool_vs_user@t_post_inst,15,0.5556,0.5238529443740845,0.5238529443740845,0.03177424147725105,,True,t_post_inst,t_post_inst,True
R_role_assistant_vs_user@t_post_inst,R_role_tool_vs_user@t_post_inst,16,0.5926,0.46385467052459717,0.46385467052459717,0.03177424147725105,,True,t_post_inst,t_post_inst,True
R_role_assistant_vs_user@t_post_inst,R_role_tool_vs_user@t_post_inst,17,0.6296,0.48918214440345764,0.48918214440345764,0.03177424147725105,,True,t_post_inst,t_post_inst,True
R_role_assistant_vs_user@t_post_inst,R_role_tool_vs_user@t_post_inst,18,0.6667,0.5860508680343628,0.5860508680343628,0.03177424147725105,,True,t_post_inst,t_post_inst,True
R_role_assistant_vs_user@t_post_inst,R_role_tool_vs_user@t_post_inst,19,0.7037,0.6048182249069214,0.6048182249069214,0.03177424147725105,,True,t_post_inst,t_post_inst,True
R_role_assistant_vs_user@t_post_inst,R_role_tool_vs_user@t_post_inst,20,0.7407,0.5824198126792908,0.5824198126792908,0.03177424147725105,,True,t_post_inst,t_post_inst,True
R_role_assistant_vs_user@t_post_inst,R_role_tool_vs_user@t_post_inst,21,0.7778,0.5865181684494019,0.5865181684494019,0.03177424147725105,,True,t_post_inst,t_post_inst,True
R_role_assistant_vs_user@t_post_inst,R_role_tool_vs_user@t_post_inst,22,0.8148,0.6059871912002563,0.6059871912002563,0.03177424147725105,,True,t_post_inst,t_post_inst,True
R_role_assistant_vs_user@t_post_inst,R_role_tool_vs_user@t_post_inst,23,0.8519,0.6327471137046814,0.6327471137046814,0.03177424147725105,,True,t_post_inst,t_post_inst,True
R_role_assistant_vs_user@t_post_inst,R_role_tool_vs_user@t_post_inst,24,0.8889,0.663262128829956,0.663262128829956,0.03177424147725105,,True,t_post_inst,t_post_inst,True
R_role_assistant_vs_user@t_post_inst,R_role_tool_vs_user@t_post_inst,25,0.9259,0.6511560082435608,0.6511560082435608,0.03177424147725105,,True,t_post_inst,t_post_inst,True
R_role_assistant_vs_user@t_post_inst,R_role_tool_vs_user@t_post_inst,26,0.963,0.6119390726089478,0.6119390726089478,0.03177424147725105,,True,t_post_inst,t_post_inst,True
R_role_assistant_vs_user@t_post_inst,R_role_tool_vs_user@t_post_inst,27,1.0,0.5876580476760864,0.5876580476760864,0.03177424147725105,,True,t_post_inst,t_post_inst,True
R_role_system_vs_user@t_inst,R_role_system_vs_user@t_post_inst,0,0.0,-0.05305567383766174,0.05305567383766174,0.03177424147725105,,True,t_inst,t_post_inst,False
R_role_system_vs_user@t_inst,R_role_system_vs_user@t_post_inst,1,0.037,-0.17466990649700165,0.17466990649700165,0.03177424147725105,,True,t_inst,t_post_inst,False
R_role_system_vs_user@t_inst,R_role_system_vs_user@t_post_inst,2,0.0741,-0.02302762120962143,0.02302762120962143,0.03177424147725105,,False,t_inst,t_post_inst,False
R_role_system_vs_user@t_inst,R_role_system_vs_user@t_post_inst,3,0.1111,-0.02363751083612442,0.02363751083612442,0.03177424147725105,,False,t_inst,t_post_inst,False
R_role_system_vs_user@t_inst,R_role_system_vs_user@t_post_inst,4,0.1481,-0.03060438670217991,0.03060438670217991,0.03177424147725105,,False,t_inst,t_post_inst,False
R_role_system_vs_user@t_inst,R_role_system_vs_user@t_post_inst,5,0.1852,-0.05629584193229675,0.05629584193229675,0.03177424147725105,,True,t_inst,t_post_inst,False
R_role_system_vs_user@t_inst,R_role_system_vs_user@t_post_inst,6,0.2222,-0.043354980647563934,0.043354980647563934,0.03177424147725105,,True,t_inst,t_post_inst,False
R_role_system_vs_user@t_inst,R_role_system_vs_user@t_post_inst,7,0.2593,-0.021669665351510048,0.021669665351510048,0.03177424147725105,,False,t_inst,t_post_inst,False
R_role_system_vs_user@t_inst,R_role_system_vs_user@t_post_inst,8,0.2963,-0.029956648126244545,0.029956648126244545,0.03177424147725105,,False,t_inst,t_post_inst,False
R_role_system_vs_user@t_inst,R_role_system_vs_user@t_post_inst,9,0.3333,-0.04236767441034317,0.04236767441034317,0.03177424147725105,,True,t_inst,t_post_inst,False
R_role_system_vs_user@t_inst,R_role_system_vs_user@t_post_inst,10,0.3704,-0.04991621524095535,0.04991621524095535,0.03177424147725105,,True,t_inst,t_post_inst,False
R_role_system_vs_user@t_inst,R_role_system_vs_user@t_post_inst,11,0.4074,-0.028332475572824478,0.028332475572824478,0.03177424147725105,,False,t_inst,t_post_inst,False
R_role_system_vs_user@t_inst,R_role_system_vs_user@t_post_inst,12,0.4444,0.04817811772227287,0.04817811772227287,0.03177424147725105,,True,t_inst,t_post_inst,False
R_role_system_vs_user@t_inst,R_role_system_vs_user@t_post_inst,13,0.4815,0.03641803562641144,0.03641803562641144,0.03177424147725105,,True,t_inst,t_post_inst,False
R_role_system_vs_user@t_inst,R_role_system_vs_user@t_post_inst,14,0.5185,0.009311193600296974,0.009311193600296974,0.03177424147725105,,False,t_inst,t_post_inst,False
R_role_system_vs_user@t_inst,R_role_system_vs_user@t_post_inst,15,0.5556,0.09021896123886108,0.09021896123886108,0.03177424147725105,,True,t_inst,t_post_inst,False
R_role_system_vs_user@t_inst,R_role_system_vs_user@t_post_inst,16,0.5926,0.07079660892486572,0.07079660892486572,0.03177424147725105,,True,t_inst,t_post_inst,False
R_role_system_vs_user@t_inst,R_role_system_vs_user@t_post_inst,17,0.6296,0.12108777463436127,0.12108777463436127,0.03177424147725105,,True,t_inst,t_post_inst,False
R_role_system_vs_user@t_inst,R_role_system_vs_user@t_post_inst,18,0.6667,0.12511670589447021,0.12511670589447021,0.03177424147725105,,True,t_inst,t_post_inst,False
R_role_system_vs_user@t_inst,R_role_system_vs_user@t_post_inst,19,0.7037,0.006495794281363487,0.006495794281363487,0.03177424147725105,,False,t_inst,t_post_inst,False
R_role_system_vs_user@t_inst,R_role_system_vs_user@t_post_inst,20,0.7407,-0.025323370471596718,0.025323370471596718,0.03177424147725105,,False,t_inst,t_post_inst,False
R_role_system_vs_user@t_inst,R_role_system_vs_user@t_post_inst,21,0.7778,-0.03170435130596161,0.03170435130596161,0.03177424147725105,,False,t_inst,t_post_inst,False
R_role_system_vs_user@t_inst,R_role_system_vs_user@t_post_inst,22,0.8148,-0.04210702329874039,0.04210702329874039,0.03177424147725105,,True,t_inst,t_post_inst,False
R_role_system_vs_user@t_inst,R_role_system_vs_user@t_post_inst,23,0.8519,-0.04818788915872574,0.04818788915872574,0.03177424147725105,,True,t_inst,t_post_inst,False
R_role_system_vs_user@t_inst,R_role_system_vs_user@t_post_inst,24,0.8889,-0.056931234896183014,0.056931234896183014,0.03177424147725105,,True,t_inst,t_post_inst,False
R_role_system_vs_user@t_inst,R_role_system_vs_user@t_post_inst,25,0.9259,-0.04926743358373642,0.04926743358373642,0.03177424147725105,,True,t_inst,t_post_inst,False
R_role_system_vs_user@t_inst,R_role_system_vs_user@t_post_inst,26,0.963,-0.019934851676225662,0.019934851676225662,0.03177424147725105,,False,t_inst,t_post_inst,False
R_role_system_vs_user@t_inst,R_role_system_vs_user@t_post_inst,27,1.0,0.011853503063321114,0.011853503063321114,0.03177424147725105,,False,t_inst,t_post_inst,False
R_role_system_vs_user@t_inst,R_role_tool_vs_user@t_inst,0,0.0,-0.03853507339954376,0.03853507339954376,0.03177424147725105,,True,t_inst,t_inst,True
R_role_system_vs_user@t_inst,R_role_tool_vs_user@t_inst,1,0.037,-0.3261938989162445,0.3261938989162445,0.03177424147725105,,True,t_inst,t_inst,True
R_role_system_vs_user@t_inst,R_role_tool_vs_user@t_inst,2,0.0741,-0.2124631255865097,0.2124631255865097,0.03177424147725105,,True,t_inst,t_inst,True
R_role_system_vs_user@t_inst,R_role_tool_vs_user@t_inst,3,0.1111,-0.17393124103546143,0.17393124103546143,0.03177424147725105,,True,t_inst,t_inst,True
R_role_system_vs_user@t_inst,R_role_tool_vs_user@t_inst,4,0.1481,-0.18276962637901306,0.18276962637901306,0.03177424147725105,,True,t_inst,t_inst,True
R_role_system_vs_user@t_inst,R_role_tool_vs_user@t_inst,5,0.1852,-0.18455660343170166,0.18455660343170166,0.03177424147725105,,True,t_inst,t_inst,True
R_role_system_vs_user@t_inst,R_role_tool_vs_user@t_inst,6,0.2222,-0.20093798637390137,0.20093798637390137,0.03177424147725105,,True,t_inst,t_inst,True
R_role_system_vs_user@t_inst,R_role_tool_vs_user@t_inst,7,0.2593,-0.14020560681819916,0.14020560681819916,0.03177424147725105,,True,t_inst,t_inst,True
R_role_system_vs_user@t_inst,R_role_tool_vs_user@t_inst,8,0.2963,-0.15234483778476715,0.15234483778476715,0.03177424147725105,,True,t_inst,t_inst,True
R_role_system_vs_user@t_inst,R_role_tool_vs_user@t_inst,9,0.3333,-0.14498089253902435,0.14498089253902435,0.03177424147725105,,True,t_inst,t_inst,True
R_role_system_vs_user@t_inst,R_role_tool_vs_user@t_inst,10,0.3704,-0.17876261472702026,0.17876261472702026,0.03177424147725105,,True,t_inst,t_inst,True
R_role_system_vs_user@t_inst,R_role_tool_vs_user@t_inst,11,0.4074,-0.18639138340950012,0.18639138340950012,0.03177424147725105,,True,t_inst,t_inst,True
R_role_system_vs_user@t_inst,R_role_tool_vs_user@t_inst,12,0.4444,-0.1809493601322174,0.1809493601322174,0.03177424147725105,,True,t_inst,t_inst,True
R_role_system_vs_user@t_inst,R_role_tool_vs_user@t_inst,13,0.4815,-0.22813984751701355,0.22813984751701355,0.03177424147725105,,True,t_inst,t_inst,True
R_role_system_vs_user@t_inst,R_role_tool_vs_user@t_inst,14,0.5185,-0.29248127341270447,0.29248127341270447,0.03177424147725105,,True,t_inst,t_inst,True
R_role_system_vs_user@t_inst,R_role_tool_vs_user@t_inst,15,0.5556,-0.2622668147087097,0.2622668147087097,0.03177424147725105,,True,t_inst,t_inst,True
R_role_system_vs_user@t_inst,R_role_tool_vs_user@t_inst,16,0.5926,-0.26451003551483154,0.26451003551483154,0.03177424147725105,,True,t_inst,t_inst,True
R_role_system_vs_user@t_inst,R_role_tool_vs_user@t_inst,17,0.6296,-0.21665138006210327,0.21665138006210327,0.03177424147725105,,True,t_inst,t_inst,True
R_role_system_vs_user@t_inst,R_role_tool_vs_user@t_inst,18,0.6667,-0.1609341949224472,0.1609341949224472,0.03177424147725105,,True,t_inst,t_inst,True
R_role_system_vs_user@t_inst,R_role_tool_vs_user@t_inst,19,0.7037,-0.19519075751304626,0.19519075751304626,0.03177424147725105,,True,t_inst,t_inst,True
R_role_system_vs_user@t_inst,R_role_tool_vs_user@t_inst,20,0.7407,-0.10311387479305267,0.10311387479305267,0.03177424147725105,,True,t_inst,t_inst,True
R_role_system_vs_user@t_inst,R_role_tool_vs_user@t_inst,21,0.7778,-0.005607149563729763,0.005607149563729763,0.03177424147725105,,False,t_inst,t_inst,True
R_role_system_vs_user@t_inst,R_role_tool_vs_user@t_inst,22,0.8148,0.057028286159038544,0.057028286159038544,0.03177424147725105,,True,t_inst,t_inst,True
R_role_system_vs_user@t_inst,R_role_tool_vs_user@t_inst,23,0.8519,0.05126757174730301,0.05126757174730301,0.03177424147725105,,True,t_inst,t_inst,True
R_role_system_vs_user@t_inst,R_role_tool_vs_user@t_inst,24,0.8889,0.32230493426322937,0.32230493426322937,0.03177424147725105,,True,t_inst,t_inst,True
R_role_system_vs_user@t_inst,R_role_tool_vs_user@t_inst,25,0.9259,0.33504146337509155,0.33504146337509155,0.03177424147725105,,True,t_inst,t_inst,True
R_role_system_vs_user@t_inst,R_role_tool_vs_user@t_inst,26,0.963,0.6863285899162292,0.6863285899162292,0.03177424147725105,,True,t_inst,t_inst,True
R_role_system_vs_user@t_inst,R_role_tool_vs_user@t_inst,27,1.0,0.5516778826713562,0.5516778826713562,0.03177424147725105,,True,t_inst,t_inst,True
R_role_system_vs_user@t_inst,R_role_tool_vs_user@t_post_inst,0,0.0,-0.08296462893486023,0.08296462893486023,0.03177424147725105,,True,t_inst,t_post_inst,False
R_role_system_vs_user@t_inst,R_role_tool_vs_user@t_post_inst,1,0.037,-0.17373330891132355,0.17373330891132355,0.03177424147725105,,True,t_inst,t_post_inst,False
R_role_system_vs_user@t_inst,R_role_tool_vs_user@t_post_inst,2,0.0741,-0.16888894140720367,0.16888894140720367,0.03177424147725105,,True,t_inst,t_post_inst,False
R_role_system_vs_user@t_inst,R_role_tool_vs_user@t_post_inst,3,0.1111,-0.15049031376838684,0.15049031376838684,0.03177424147725105,,True,t_inst,t_post_inst,False
R_role_system_vs_user@t_inst,R_role_tool_vs_user@t_post_inst,4,0.1481,-0.1490136981010437,0.1490136981010437,0.03177424147725105,,True,t_inst,t_post_inst,False
R_role_system_vs_user@t_inst,R_role_tool_vs_user@t_post_inst,5,0.1852,-0.13063426315784454,0.13063426315784454,0.03177424147725105,,True,t_inst,t_post_inst,False
R_role_system_vs_user@t_inst,R_role_tool_vs_user@t_post_inst,6,0.2222,-0.15333446860313416,0.15333446860313416,0.03177424147725105,,True,t_inst,t_post_inst,False
R_role_system_vs_user@t_inst,R_role_tool_vs_user@t_post_inst,7,0.2593,-0.1821252852678299,0.1821252852678299,0.03177424147725105,,True,t_inst,t_post_inst,False
R_role_system_vs_user@t_inst,R_role_tool_vs_user@t_post_inst,8,0.2963,-0.1248573586344719,0.1248573586344719,0.03177424147725105,,True,t_inst,t_post_inst,False
R_role_system_vs_user@t_inst,R_role_tool_vs_user@t_post_inst,9,0.3333,-0.1898864358663559,0.1898864358663559,0.03177424147725105,,True,t_inst,t_post_inst,False
R_role_system_vs_user@t_inst,R_role_tool_vs_user@t_post_inst,10,0.3704,-0.20641709864139557,0.20641709864139557,0.03177424147725105,,True,t_inst,t_post_inst,False
R_role_system_vs_user@t_inst,R_role_tool_vs_user@t_post_inst,11,0.4074,-0.2235129177570343,0.2235129177570343,0.03177424147725105,,True,t_inst,t_post_inst,False
R_role_system_vs_user@t_inst,R_role_tool_vs_user@t_post_inst,12,0.4444,-0.10461288690567017,0.10461288690567017,0.03177424147725105,,True,t_inst,t_post_inst,False
R_role_system_vs_user@t_inst,R_role_tool_vs_user@t_post_inst,13,0.4815,-0.12903887033462524,0.12903887033462524,0.03177424147725105,,True,t_inst,t_post_inst,False
R_role_system_vs_user@t_inst,R_role_tool_vs_user@t_post_inst,14,0.5185,-0.15691614151000977,0.15691614151000977,0.03177424147725105,,True,t_inst,t_post_inst,False
R_role_system_vs_user@t_inst,R_role_tool_vs_user@t_post_inst,15,0.5556,-0.09687357395887375,0.09687357395887375,0.03177424147725105,,True,t_inst,t_post_inst,False
R_role_system_vs_user@t_inst,R_role_tool_vs_user@t_post_inst,16,0.5926,-0.13347256183624268,0.13347256183624268,0.03177424147725105,,True,t_inst,t_post_inst,False
R_role_system_vs_user@t_inst,R_role_tool_vs_user@t_post_inst,17,0.6296,-0.08486920595169067,0.08486920595169067,0.03177424147725105,,True,t_inst,t_post_inst,False
R_role_system_vs_user@t_inst,R_role_tool_vs_user@t_post_inst,18,0.6667,-0.04286375269293785,0.04286375269293785,0.03177424147725105,,True,t_inst,t_post_inst,False
R_role_system_vs_user@t_inst,R_role_tool_vs_user@t_post_inst,19,0.7037,-0.1455511599779129,0.1455511599779129,0.03177424147725105,,True,t_inst,t_post_inst,False
R_role_system_vs_user@t_inst,R_role_tool_vs_user@t_post_inst,20,0.7407,-0.17617622017860413,0.17617622017860413,0.03177424147725105,,True,t_inst,t_post_inst,False
R_role_system_vs_user@t_inst,R_role_tool_vs_user@t_post_inst,21,0.7778,-0.16803793609142303,0.16803793609142303,0.03177424147725105,,True,t_inst,t_post_inst,False
R_role_system_vs_user@t_inst,R_role_tool_vs_user@t_post_inst,22,0.8148,-0.1485515832901001,0.1485515832901001,0.03177424147725105,,True,t_inst,t_post_inst,False
R_role_system_vs_user@t_inst,R_role_tool_vs_user@t_post_inst,23,0.8519,-0.11585591733455658,0.11585591733455658,0.03177424147725105,,True,t_inst,t_post_inst,False
R_role_system_vs_user@t_inst,R_role_tool_vs_user@t_post_inst,24,0.8889,-0.0948798805475235,0.0948798805475235,0.03177424147725105,,True,t_inst,t_post_inst,False
R_role_system_vs_user@t_inst,R_role_tool_vs_user@t_post_inst,25,0.9259,-0.10412520170211792,0.10412520170211792,0.03177424147725105,,True,t_inst,t_post_inst,False
R_role_system_vs_user@t_inst,R_role_tool_vs_user@t_post_inst,26,0.963,-0.06288620829582214,0.06288620829582214,0.03177424147725105,,True,t_inst,t_post_inst,False
R_role_system_vs_user@t_inst,R_role_tool_vs_user@t_post_inst,27,1.0,-0.044257961213588715,0.044257961213588715,0.03177424147725105,,True,t_inst,t_post_inst,False
R_role_system_vs_user@t_post_inst,R_role_tool_vs_user@t_inst,0,0.0,0.0972069725394249,0.0972069725394249,0.03177424147725105,,True,t_post_inst,t_inst,False
R_role_system_vs_user@t_post_inst,R_role_tool_vs_user@t_inst,1,0.037,0.11594078689813614,0.11594078689813614,0.03177424147725105,,True,t_post_inst,t_inst,False
R_role_system_vs_user@t_post_inst,R_role_tool_vs_user@t_inst,2,0.0741,0.08820568025112152,0.08820568025112152,0.03177424147725105,,True,t_post_inst,t_inst,False
R_role_system_vs_user@t_post_inst,R_role_tool_vs_user@t_inst,3,0.1111,0.02869807928800583,0.02869807928800583,0.03177424147725105,,False,t_post_inst,t_inst,False
R_role_system_vs_user@t_post_inst,R_role_tool_vs_user@t_inst,4,0.1481,0.08361486345529556,0.08361486345529556,0.03177424147725105,,True,t_post_inst,t_inst,False
R_role_system_vs_user@t_post_inst,R_role_tool_vs_user@t_inst,5,0.1852,0.05923996493220329,0.05923996493220329,0.03177424147725105,,True,t_post_inst,t_inst,False
R_role_system_vs_user@t_post_inst,R_role_tool_vs_user@t_inst,6,0.2222,0.06655684858560562,0.06655684858560562,0.03177424147725105,,True,t_post_inst,t_inst,False
R_role_system_vs_user@t_post_inst,R_role_tool_vs_user@t_inst,7,0.2593,0.04430930316448212,0.04430930316448212,0.03177424147725105,,True,t_post_inst,t_inst,False
R_role_system_vs_user@t_post_inst,R_role_tool_vs_user@t_inst,8,0.2963,0.07120093703269958,0.07120093703269958,0.03177424147725105,,True,t_post_inst,t_inst,False
R_role_system_vs_user@t_post_inst,R_role_tool_vs_user@t_inst,9,0.3333,0.04647276550531387,0.04647276550531387,0.03177424147725105,,True,t_post_inst,t_inst,False
R_role_system_vs_user@t_post_inst,R_role_tool_vs_user@t_inst,10,0.3704,0.06268203258514404,0.06268203258514404,0.03177424147725105,,True,t_post_inst,t_inst,False
R_role_system_vs_user@t_post_inst,R_role_tool_vs_user@t_inst,11,0.4074,0.07534663379192352,0.07534663379192352,0.03177424147725105,,True,t_post_inst,t_inst,False
R_role_system_vs_user@t_post_inst,R_role_tool_vs_user@t_inst,12,0.4444,0.07635151594877243,0.07635151594877243,0.03177424147725105,,True,t_post_inst,t_inst,False
R_role_system_vs_user@t_post_inst,R_role_tool_vs_user@t_inst,13,0.4815,0.12321443855762482,0.12321443855762482,0.03177424147725105,,True,t_post_inst,t_inst,False
R_role_system_vs_user@t_post_inst,R_role_tool_vs_user@t_inst,14,0.5185,0.07022129744291306,0.07022129744291306,0.03177424147725105,,True,t_post_inst,t_inst,False
R_role_system_vs_user@t_post_inst,R_role_tool_vs_user@t_inst,15,0.5556,0.0750727504491806,0.0750727504491806,0.03177424147725105,,True,t_post_inst,t_inst,False
R_role_system_vs_user@t_post_inst,R_role_tool_vs_user@t_inst,16,0.5926,0.06609391421079636,0.06609391421079636,0.03177424147725105,,True,t_post_inst,t_inst,False
R_role_system_vs_user@t_post_inst,R_role_tool_vs_user@t_inst,17,0.6296,0.08264260739088058,0.08264260739088058,0.03177424147725105,,True,t_post_inst,t_inst,False
R_role_system_vs_user@t_post_inst,R_role_tool_vs_user@t_inst,18,0.6667,0.10721621662378311,0.10721621662378311,0.03177424147725105,,True,t_post_inst,t_inst,False
R_role_system_vs_user@t_post_inst,R_role_tool_vs_user@t_inst,19,0.7037,0.11922498047351837,0.11922498047351837,0.03177424147725105,,True,t_post_inst,t_inst,False
R_role_system_vs_user@t_post_inst,R_role_tool_vs_user@t_inst,20,0.7407,0.0911787822842598,0.0911787822842598,0.03177424147725105,,True,t_post_inst,t_inst,False
R_role_system_vs_user@t_post_inst,R_role_tool_vs_user@t_inst,21,0.7778,0.02958540990948677,0.02958540990948677,0.03177424147725105,,False,t_post_inst,t_inst,False
R_role_system_vs_user@t_post_inst,R_role_tool_vs_user@t_inst,22,0.8148,-8.518435060977936e-05,8.518435060977936e-05,0.03177424147725105,,False,t_post_inst,t_inst,False
R_role_system_vs_user@t_post_inst,R_role_tool_vs_user@t_inst,23,0.8519,0.016511671245098114,0.016511671245098114,0.03177424147725105,,False,t_post_inst,t_inst,False
R_role_system_vs_user@t_post_inst,R_role_tool_vs_user@t_inst,24,0.8889,-0.013735190965235233,0.013735190965235233,0.03177424147725105,,False,t_post_inst,t_inst,False
R_role_system_vs_user@t_post_inst,R_role_tool_vs_user@t_inst,25,0.9259,-0.002164163626730442,0.002164163626730442,0.03177424147725105,,False,t_post_inst,t_inst,False
R_role_system_vs_user@t_post_inst,R_role_tool_vs_user@t_inst,26,0.963,-0.01384924165904522,0.01384924165904522,0.03177424147725105,,False,t_post_inst,t_inst,False
R_role_system_vs_user@t_post_inst,R_role_tool_vs_user@t_inst,27,1.0,-0.052310794591903687,0.052310794591903687,0.03177424147725105,,True,t_post_inst,t_inst,False
R_role_system_vs_user@t_post_inst,R_role_tool_vs_user@t_post_inst,0,0.0,0.09671013057231903,0.09671013057231903,0.03177424147725105,,True,t_post_inst,t_post_inst,True
R_role_system_vs_user@t_post_inst,R_role_tool_vs_user@t_post_inst,1,0.037,0.2500649094581604,0.2500649094581604,0.03177424147725105,,True,t_post_inst,t_post_inst,True
R_role_system_vs_user@t_post_inst,R_role_tool_vs_user@t_post_inst,2,0.0741,0.27706554532051086,0.27706554532051086,0.03177424147725105,,True,t_post_inst,t_post_inst,True
R_role_system_vs_user@t_post_inst,R_role_tool_vs_user@t_post_inst,3,0.1111,0.22897204756736755,0.22897204756736755,0.03177424147725105,,True,t_post_inst,t_post_inst,True
R_role_system_vs_user@t_post_inst,R_role_tool_vs_user@t_post_inst,4,0.1481,0.2307269275188446,0.2307269275188446,0.03177424147725105,,True,t_post_inst,t_post_inst,True
R_role_system_vs_user@t_post_inst,R_role_tool_vs_user@t_post_inst,5,0.1852,0.18071742355823517,0.18071742355823517,0.03177424147725105,,True,t_post_inst,t_post_inst,True
R_role_system_vs_user@t_post_inst,R_role_tool_vs_user@t_post_inst,6,0.2222,0.19010154902935028,0.19010154902935028,0.03177424147725105,,True,t_post_inst,t_post_inst,True
R_role_system_vs_user@t_post_inst,R_role_tool_vs_user@t_post_inst,7,0.2593,0.26377999782562256,0.26377999782562256,0.03177424147725105,,True,t_post_inst,t_post_inst,True
R_role_system_vs_user@t_post_inst,R_role_tool_vs_user@t_post_inst,8,0.2963,0.304080069065094,0.304080069065094,0.03177424147725105,,True,t_post_inst,t_post_inst,True
R_role_system_vs_user@t_post_inst,R_role_tool_vs_user@t_post_inst,9,0.3333,0.34703758358955383,0.34703758358955383,0.03177424147725105,,True,t_post_inst,t_post_inst,True
R_role_system_vs_user@t_post_inst,R_role_tool_vs_user@t_post_inst,10,0.3704,0.36317139863967896,0.36317139863967896,0.03177424147725105,,True,t_post_inst,t_post_inst,True
R_role_system_vs_user@t_post_inst,R_role_tool_vs_user@t_post_inst,11,0.4074,0.3317607641220093,0.3317607641220093,0.03177424147725105,,True,t_post_inst,t_post_inst,True
R_role_system_vs_user@t_post_inst,R_role_tool_vs_user@t_post_inst,12,0.4444,0.3749716281890869,0.3749716281890869,0.03177424147725105,,True,t_post_inst,t_post_inst,True
R_role_system_vs_user@t_post_inst,R_role_tool_vs_user@t_post_inst,13,0.4815,0.436320424079895,0.436320424079895,0.03177424147725105,,True,t_post_inst,t_post_inst,True
R_role_system_vs_user@t_post_inst,R_role_tool_vs_user@t_post_inst,14,0.5185,0.44625040888786316,0.44625040888786316,0.03177424147725105,,True,t_post_inst,t_post_inst,True
R_role_system_vs_user@t_post_inst,R_role_tool_vs_user@t_post_inst,15,0.5556,0.4721733331680298,0.4721733331680298,0.03177424147725105,,True,t_post_inst,t_post_inst,True
R_role_system_vs_user@t_post_inst,R_role_tool_vs_user@t_post_inst,16,0.5926,0.38290828466415405,0.38290828466415405,0.03177424147725105,,True,t_post_inst,t_post_inst,True
R_role_system_vs_user@t_post_inst,R_role_tool_vs_user@t_post_inst,17,0.6296,0.4181281328201294,0.4181281328201294,0.03177424147725105,,True,t_post_inst,t_post_inst,True
R_role_system_vs_user@t_post_inst,R_role_tool_vs_user@t_post_inst,18,0.6667,0.43314656615257263,0.43314656615257263,0.03177424147725105,,True,t_post_inst,t_post_inst,True
R_role_system_vs_user@t_post_inst,R_role_tool_vs_user@t_post_inst,19,0.7037,0.4178363084793091,0.4178363084793091,0.03177424147725105,,True,t_post_inst,t_post_inst,True
R_role_system_vs_user@t_post_inst,R_role_tool_vs_user@t_post_inst,20,0.7407,0.3989226222038269,0.3989226222038269,0.03177424147725105,,True,t_post_inst,t_post_inst,True
R_role_system_vs_user@t_post_inst,R_role_tool_vs_user@t_post_inst,21,0.7778,0.38825464248657227,0.38825464248657227,0.03177424147725105,,True,t_post_inst,t_post_inst,True
R_role_system_vs_user@t_post_inst,R_role_tool_vs_user@t_post_inst,22,0.8148,0.4280792772769928,0.4280792772769928,0.03177424147725105,,True,t_post_inst,t_post_inst,True
R_role_system_vs_user@t_post_inst,R_role_tool_vs_user@t_post_inst,23,0.8519,0.4555295705795288,0.4555295705795288,0.03177424147725105,,True,t_post_inst,t_post_inst,True
R_role_system_vs_user@t_post_inst,R_role_tool_vs_user@t_post_inst,24,0.8889,0.43491777777671814,0.43491777777671814,0.03177424147725105,,True,t_post_inst,t_post_inst,True
R_role_system_vs_user@t_post_inst,R_role_tool_vs_user@t_post_inst,25,0.9259,0.4459529519081116,0.4459529519081116,0.03177424147725105,,True,t_post_inst,t_post_inst,True
R_role_system_vs_user@t_post_inst,R_role_tool_vs_user@t_post_inst,26,0.963,0.4088636040687561,0.4088636040687561,0.03177424147725105,,True,t_post_inst,t_post_inst,True
R_role_system_vs_user@t_post_inst,R_role_tool_vs_user@t_post_inst,27,1.0,0.34967905282974243,0.34967905282974243,0.03177424147725105,,True,t_post_inst,t_post_inst,True
R_role_tool_vs_user@t_inst,R_role_tool_vs_user@t_post_inst,0,0.0,0.025463370606303215,0.025463370606303215,0.03177424147725105,,False,t_inst,t_post_inst,False
R_role_tool_vs_user@t_inst,R_role_tool_vs_user@t_post_inst,1,0.037,0.11951997876167297,0.11951997876167297,0.03177424147725105,,True,t_inst,t_post_inst,False
R_role_tool_vs_user@t_inst,R_role_tool_vs_user@t_post_inst,2,0.0741,0.15824322402477264,0.15824322402477264,0.03177424147725105,,True,t_inst,t_post_inst,False
R_role_tool_vs_user@t_inst,R_role_tool_vs_user@t_post_inst,3,0.1111,0.1363552063703537,0.1363552063703537,0.03177424147725105,,True,t_inst,t_post_inst,False
R_role_tool_vs_user@t_inst,R_role_tool_vs_user@t_post_inst,4,0.1481,0.1526501476764679,0.1526501476764679,0.03177424147725105,,True,t_inst,t_post_inst,False
R_role_tool_vs_user@t_inst,R_role_tool_vs_user@t_post_inst,5,0.1852,0.19441789388656616,0.19441789388656616,0.03177424147725105,,True,t_inst,t_post_inst,False
R_role_tool_vs_user@t_inst,R_role_tool_vs_user@t_post_inst,6,0.2222,0.19341561198234558,0.19341561198234558,0.03177424147725105,,True,t_inst,t_post_inst,False
R_role_tool_vs_user@t_inst,R_role_tool_vs_user@t_post_inst,7,0.2593,0.12875182926654816,0.12875182926654816,0.03177424147725105,,True,t_inst,t_post_inst,False
R_role_tool_vs_user@t_inst,R_role_tool_vs_user@t_post_inst,8,0.2963,0.1724664568901062,0.1724664568901062,0.03177424147725105,,True,t_inst,t_post_inst,False
R_role_tool_vs_user@t_inst,R_role_tool_vs_user@t_post_inst,9,0.3333,0.10591358691453934,0.10591358691453934,0.03177424147725105,,True,t_inst,t_post_inst,False
R_role_tool_vs_user@t_inst,R_role_tool_vs_user@t_post_inst,10,0.3704,0.09109562635421753,0.09109562635421753,0.03177424147725105,,True,t_inst,t_post_inst,False
R_role_tool_vs_user@t_inst,R_role_tool_vs_user@t_post_inst,11,0.4074,0.11086681485176086,0.11086681485176086,0.03177424147725105,,True,t_inst,t_post_inst,False
R_role_tool_vs_user@t_inst,R_role_tool_vs_user@t_post_inst,12,0.4444,0.13908162713050842,0.13908162713050842,0.03177424147725105,,True,t_inst,t_post_inst,False
R_role_tool_vs_user@t_inst,R_role_tool_vs_user@t_post_inst,13,0.4815,0.2012212872505188,0.2012212872505188,0.03177424147725105,,True,t_inst,t_post_inst,False
R_role_tool_vs_user@t_inst,R_role_tool_vs_user@t_post_inst,14,0.5185,0.18281252682209015,0.18281252682209015,0.03177424147725105,,True,t_inst,t_post_inst,False
R_role_tool_vs_user@t_inst,R_role_tool_vs_user@t_post_inst,15,0.5556,0.2145555019378662,0.2145555019378662,0.03177424147725105,,True,t_inst,t_post_inst,False
R_role_tool_vs_user@t_inst,R_role_tool_vs_user@t_post_inst,16,0.5926,0.21078716218471527,0.21078716218471527,0.03177424147725105,,True,t_inst,t_post_inst,False
R_role_tool_vs_user@t_inst,R_role_tool_vs_user@t_post_inst,17,0.6296,0.19294369220733643,0.19294369220733643,0.03177424147725105,,True,t_inst,t_post_inst,False
R_role_tool_vs_user@t_inst,R_role_tool_vs_user@t_post_inst,18,0.6667,0.24944642186164856,0.24944642186164856,0.03177424147725105,,True,t_inst,t_post_inst,False
R_role_tool_vs_user@t_inst,R_role_tool_vs_user@t_post_inst,19,0.7037,0.29522791504859924,0.29522791504859924,0.03177424147725105,,True,t_inst,t_post_inst,False
R_role_tool_vs_user@t_inst,R_role_tool_vs_user@t_post_inst,20,0.7407,0.30655962228775024,0.30655962228775024,0.03177424147725105,,True,t_inst,t_post_inst,False
R_role_tool_vs_user@t_inst,R_role_tool_vs_user@t_post_inst,21,0.7778,0.21612581610679626,0.21612581610679626,0.03177424147725105,,True,t_inst,t_post_inst,False
R_role_tool_vs_user@t_inst,R_role_tool_vs_user@t_post_inst,22,0.8148,0.2114415168762207,0.2114415168762207,0.03177424147725105,,True,t_inst,t_post_inst,False
R_role_tool_vs_user@t_inst,R_role_tool_vs_user@t_post_inst,23,0.8519,0.18411462008953094,0.18411462008953094,0.03177424147725105,,True,t_inst,t_post_inst,False
R_role_tool_vs_user@t_inst,R_role_tool_vs_user@t_post_inst,24,0.8889,0.17825841903686523,0.17825841903686523,0.03177424147725105,,True,t_inst,t_post_inst,False
R_role_tool_vs_user@t_inst,R_role_tool_vs_user@t_post_inst,25,0.9259,0.15557484328746796,0.15557484328746796,0.03177424147725105,,True,t_inst,t_post_inst,False
R_role_tool_vs_user@t_inst,R_role_tool_vs_user@t_post_inst,26,0.963,0.0961039662361145,0.0961039662361145,0.03177424147725105,,True,t_inst,t_post_inst,False
R_role_tool_vs_user@t_inst,R_role_tool_vs_user@t_post_inst,27,1.0,-0.08278703689575195,0.08278703689575195,0.03177424147725105,,True,t_inst,t_post_inst,False
