model,arm,position,layer,relative_depth,tag_contrast,register_contrast,cos_tag_register,tag_split_half,register_split_half,floor,distinct
qwen2.5-7b,generated,t_inst,0,0.0,tool_vs_user,system_register_vs_tool_register,0.12708063423633575,0.9671295881271362,0.996780514717102,0.9671295881271362,True
qwen2.5-7b,generated,t_inst,0,0.0,tool_vs_user,system_register_vs_user_register,0.10028740763664246,0.9671295881271362,0.975472629070282,0.9671295881271362,True
qwen2.5-7b,generated,t_inst,0,0.0,tool_vs_user,tool_register_vs_user_register,0.08777780830860138,0.9671295881271362,0.9954959154129028,0.9671295881271362,True
qwen2.5-7b,generated,t_inst,0,0.0,system_vs_user,system_register_vs_tool_register,0.054028693586587906,0.28267398476600647,0.996780514717102,0.28267398476600647,True
qwen2.5-7b,generated,t_inst,0,0.0,system_vs_user,system_register_vs_user_register,0.03587699681520462,0.28267398476600647,0.975472629070282,0.28267398476600647,True
qwen2.5-7b,generated,t_inst,0,0.0,system_vs_user,tool_register_vs_user_register,0.03994210436940193,0.28267398476600647,0.9954959154129028,0.28267398476600647,True
qwen2.5-7b,generated,t_inst,0,0.0,assistant_vs_user,system_register_vs_tool_register,0.011589353904128075,-0.9176934361457825,0.996780514717102,-0.9176934361457825,False
qwen2.5-7b,generated,t_inst,0,0.0,assistant_vs_user,system_register_vs_user_register,0.07517966628074646,-0.9176934361457825,0.975472629070282,-0.9176934361457825,False
qwen2.5-7b,generated,t_inst,0,0.0,assistant_vs_user,tool_register_vs_user_register,0.01761644519865513,-0.9176934361457825,0.9954959154129028,-0.9176934361457825,False
qwen2.5-7b,generated,t_inst,1,0.037,tool_vs_user,system_register_vs_tool_register,0.04804060608148575,0.9510968923568726,0.9965068697929382,0.9510968923568726,True
qwen2.5-7b,generated,t_inst,1,0.037,tool_vs_user,system_register_vs_user_register,0.011600320227444172,0.9510968923568726,0.9782260656356812,0.9510968923568726,True
qwen2.5-7b,generated,t_inst,1,0.037,tool_vs_user,tool_register_vs_user_register,0.05709369480609894,0.9510968923568726,0.9949991106987,0.9510968923568726,True
qwen2.5-7b,generated,t_inst,1,0.037,system_vs_user,system_register_vs_tool_register,0.22024564445018768,0.8251876831054688,0.9965068697929382,0.8251876831054688,True
qwen2.5-7b,generated,t_inst,1,0.037,system_vs_user,system_register_vs_user_register,0.3536641299724579,0.8251876831054688,0.9782260656356812,0.8251876831054688,True
qwen2.5-7b,generated,t_inst,1,0.037,system_vs_user,tool_register_vs_user_register,0.06661336869001389,0.8251876831054688,0.9949991106987,0.8251876831054688,True
qwen2.5-7b,generated,t_inst,1,0.037,assistant_vs_user,system_register_vs_tool_register,0.033881776034832,-0.787929356098175,0.9965068697929382,-0.787929356098175,False
qwen2.5-7b,generated,t_inst,1,0.037,assistant_vs_user,system_register_vs_user_register,0.0657605454325676,-0.787929356098175,0.9782260656356812,-0.787929356098175,False
qwen2.5-7b,generated,t_inst,1,0.037,assistant_vs_user,tool_register_vs_user_register,0.004801742732524872,-0.787929356098175,0.9949991106987,-0.787929356098175,False
qwen2.5-7b,generated,t_inst,2,0.0741,tool_vs_user,system_register_vs_tool_register,0.07916794717311859,0.9439563751220703,0.9966715574264526,0.9439563751220703,True
qwen2.5-7b,generated,t_inst,2,0.0741,tool_vs_user,system_register_vs_user_register,0.00341127160936594,0.9439563751220703,0.9767233729362488,0.9439563751220703,True
qwen2.5-7b,generated,t_inst,2,0.0741,tool_vs_user,tool_register_vs_user_register,0.08478640019893646,0.9439563751220703,0.9958106279373169,0.9439563751220703,True
qwen2.5-7b,generated,t_inst,2,0.0741,system_vs_user,system_register_vs_tool_register,0.049141235649585724,0.7223508358001709,0.9966715574264526,0.7223508358001709,True
qwen2.5-7b,generated,t_inst,2,0.0741,system_vs_user,system_register_vs_user_register,0.11040985584259033,0.7223508358001709,0.9767233729362488,0.7223508358001709,True
qwen2.5-7b,generated,t_inst,2,0.0741,system_vs_user,tool_register_vs_user_register,0.004902418702840805,0.7223508358001709,0.9958106279373169,0.7223508358001709,True
qwen2.5-7b,generated,t_inst,2,0.0741,assistant_vs_user,system_register_vs_tool_register,0.04850943386554718,-0.6830541491508484,0.9966715574264526,-0.6830541491508484,False
qwen2.5-7b,generated,t_inst,2,0.0741,assistant_vs_user,system_register_vs_user_register,0.10876012593507767,-0.6830541491508484,0.9767233729362488,-0.6830541491508484,False
qwen2.5-7b,generated,t_inst,2,0.0741,assistant_vs_user,tool_register_vs_user_register,0.004937132820487022,-0.6830541491508484,0.9958106279373169,-0.6830541491508484,False
qwen2.5-7b,generated,t_inst,3,0.1111,tool_vs_user,system_register_vs_tool_register,0.10008770227432251,0.9410799145698547,0.9956450462341309,0.9410799145698547,True
qwen2.5-7b,generated,t_inst,3,0.1111,tool_vs_user,system_register_vs_user_register,0.010207540355622768,0.9410799145698547,0.9755541086196899,0.9410799145698547,True
qwen2.5-7b,generated,t_inst,3,0.1111,tool_vs_user,tool_register_vs_user_register,0.09932568669319153,0.9410799145698547,0.9949566721916199,0.9410799145698547,True
qwen2.5-7b,generated,t_inst,3,0.1111,system_vs_user,system_register_vs_tool_register,0.09092210233211517,0.7452501654624939,0.9956450462341309,0.7452501654624939,True
qwen2.5-7b,generated,t_inst,3,0.1111,system_vs_user,system_register_vs_user_register,0.03870506212115288,0.7452501654624939,0.9755541086196899,0.7452501654624939,True
qwen2.5-7b,generated,t_inst,3,0.1111,system_vs_user,tool_register_vs_user_register,0.07573201507329941,0.7452501654624939,0.9949566721916199,0.7452501654624939,True
qwen2.5-7b,generated,t_inst,3,0.1111,assistant_vs_user,system_register_vs_tool_register,0.12002391368150711,-0.6729173064231873,0.9956450462341309,-0.6729173064231873,False
qwen2.5-7b,generated,t_inst,3,0.1111,assistant_vs_user,system_register_vs_user_register,0.1615702211856842,-0.6729173064231873,0.9755541086196899,-0.6729173064231873,False
qwen2.5-7b,generated,t_inst,3,0.1111,assistant_vs_user,tool_register_vs_user_register,0.04555290564894676,-0.6729173064231873,0.9949566721916199,-0.6729173064231873,False
qwen2.5-7b,generated,t_inst,4,0.1481,tool_vs_user,system_register_vs_tool_register,0.07918544113636017,0.9402867555618286,0.9950615167617798,0.9402867555618286,True
qwen2.5-7b,generated,t_inst,4,0.1481,tool_vs_user,system_register_vs_user_register,0.02334270253777504,0.9402867555618286,0.9781606793403625,0.9402867555618286,True
qwen2.5-7b,generated,t_inst,4,0.1481,tool_vs_user,tool_register_vs_user_register,0.07027564942836761,0.9402867555618286,0.9939983487129211,0.9402867555618286,True
qwen2.5-7b,generated,t_inst,4,0.1481,system_vs_user,system_register_vs_tool_register,0.014773804694414139,0.7407888770103455,0.9950615167617798,0.7407888770103455,True
qwen2.5-7b,generated,t_inst,4,0.1481,system_vs_user,system_register_vs_user_register,0.01343320682644844,0.7407888770103455,0.9781606793403625,0.7407888770103455,True
qwen2.5-7b,generated,t_inst,4,0.1481,system_vs_user,tool_register_vs_user_register,0.02363445982336998,0.7407888770103455,0.9939983487129211,0.7407888770103455,True
qwen2.5-7b,generated,t_inst,4,0.1481,assistant_vs_user,system_register_vs_tool_register,0.205651193857193,-0.36253100633621216,0.9950615167617798,-0.36253100633621216,False
qwen2.5-7b,generated,t_inst,4,0.1481,assistant_vs_user,system_register_vs_user_register,0.17241983115673065,-0.36253100633621216,0.9781606793403625,-0.36253100633621216,False
qwen2.5-7b,generated,t_inst,4,0.1481,assistant_vs_user,tool_register_vs_user_register,0.11637584120035172,-0.36253100633621216,0.9939983487129211,-0.36253100633621216,False
qwen2.5-7b,generated,t_inst,5,0.1852,tool_vs_user,system_register_vs_tool_register,0.12902772426605225,0.9494239687919617,0.9948643445968628,0.9494239687919617,True
qwen2.5-7b,generated,t_inst,5,0.1852,tool_vs_user,system_register_vs_user_register,0.04179897904396057,0.9494239687919617,0.9762135744094849,0.9494239687919617,True
qwen2.5-7b,generated,t_inst,5,0.1852,tool_vs_user,tool_register_vs_user_register,0.10915853828191757,0.9494239687919617,0.9940535426139832,0.9494239687919617,True
qwen2.5-7b,generated,t_inst,5,0.1852,system_vs_user,system_register_vs_tool_register,0.14819777011871338,0.8169759511947632,0.9948643445968628,0.8169759511947632,True
qwen2.5-7b,generated,t_inst,5,0.1852,system_vs_user,system_register_vs_user_register,0.08273059129714966,0.8169759511947632,0.9762135744094849,0.8169759511947632,True
qwen2.5-7b,generated,t_inst,5,0.1852,system_vs_user,tool_register_vs_user_register,0.10668227821588516,0.8169759511947632,0.9940535426139832,0.8169759511947632,True
qwen2.5-7b,generated,t_inst,5,0.1852,assistant_vs_user,system_register_vs_tool_register,0.1558734029531479,-0.11225666105747223,0.9948643445968628,-0.11225666105747223,False
qwen2.5-7b,generated,t_inst,5,0.1852,assistant_vs_user,system_register_vs_user_register,0.06898999214172363,-0.11225666105747223,0.9762135744094849,-0.11225666105747223,False
qwen2.5-7b,generated,t_inst,5,0.1852,assistant_vs_user,tool_register_vs_user_register,0.12191275507211685,-0.11225666105747223,0.9940535426139832,-0.11225666105747223,False
qwen2.5-7b,generated,t_inst,6,0.2222,tool_vs_user,system_register_vs_tool_register,0.1805901825428009,0.9265896081924438,0.9957728385925293,0.9265896081924438,True
qwen2.5-7b,generated,t_inst,6,0.2222,tool_vs_user,system_register_vs_user_register,0.042381271719932556,0.9265896081924438,0.9785239100456238,0.9265896081924438,True
qwen2.5-7b,generated,t_inst,6,0.2222,tool_vs_user,tool_register_vs_user_register,0.17027997970581055,0.9265896081924438,0.9946798086166382,0.9265896081924438,True
qwen2.5-7b,generated,t_inst,6,0.2222,system_vs_user,system_register_vs_tool_register,0.21532699465751648,0.7865727543830872,0.9957728385925293,0.7865727543830872,True
qwen2.5-7b,generated,t_inst,6,0.2222,system_vs_user,system_register_vs_user_register,0.07620318233966827,0.7865727543830872,0.9785239100456238,0.7865727543830872,True
qwen2.5-7b,generated,t_inst,6,0.2222,system_vs_user,tool_register_vs_user_register,0.1896141618490219,0.7865727543830872,0.9946798086166382,0.7865727543830872,True
qwen2.5-7b,generated,t_inst,6,0.2222,assistant_vs_user,system_register_vs_tool_register,0.0919485092163086,0.012496523559093475,0.9957728385925293,0.012496523559093475,False
qwen2.5-7b,generated,t_inst,6,0.2222,assistant_vs_user,system_register_vs_user_register,0.062404170632362366,0.012496523559093475,0.9785239100456238,0.012496523559093475,False
qwen2.5-7b,generated,t_inst,6,0.2222,assistant_vs_user,tool_register_vs_user_register,0.06535640358924866,0.012496523559093475,0.9946798086166382,0.012496523559093475,False
qwen2.5-7b,generated,t_inst,7,0.2593,tool_vs_user,system_register_vs_tool_register,0.22069692611694336,0.906801700592041,0.9945815205574036,0.906801700592041,True
qwen2.5-7b,generated,t_inst,7,0.2593,tool_vs_user,system_register_vs_user_register,0.06156298890709877,0.906801700592041,0.9803158640861511,0.906801700592041,True
qwen2.5-7b,generated,t_inst,7,0.2593,tool_vs_user,tool_register_vs_user_register,0.19242379069328308,0.906801700592041,0.9938742518424988,0.906801700592041,True
qwen2.5-7b,generated,t_inst,7,0.2593,system_vs_user,system_register_vs_tool_register,0.29896828532218933,0.7578058242797852,0.9945815205574036,0.7578058242797852,True
qwen2.5-7b,generated,t_inst,7,0.2593,system_vs_user,system_register_vs_user_register,0.08763648569583893,0.7578058242797852,0.9803158640861511,0.7578058242797852,True
qwen2.5-7b,generated,t_inst,7,0.2593,system_vs_user,tool_register_vs_user_register,0.258034884929657,0.7578058242797852,0.9938742518424988,0.7578058242797852,True
qwen2.5-7b,generated,t_inst,7,0.2593,assistant_vs_user,system_register_vs_tool_register,0.1598341166973114,0.1475066840648651,0.9945815205574036,0.1475066840648651,False
qwen2.5-7b,generated,t_inst,7,0.2593,assistant_vs_user,system_register_vs_user_register,0.06714381277561188,0.1475066840648651,0.9803158640861511,0.1475066840648651,True
qwen2.5-7b,generated,t_inst,7,0.2593,assistant_vs_user,tool_register_vs_user_register,0.12534919381141663,0.1475066840648651,0.9938742518424988,0.1475066840648651,True
qwen2.5-7b,generated,t_inst,8,0.2963,tool_vs_user,system_register_vs_tool_register,0.19828654825687408,0.9109023213386536,0.9938241243362427,0.9109023213386536,True
qwen2.5-7b,generated,t_inst,8,0.2963,tool_vs_user,system_register_vs_user_register,0.06052039936184883,0.9109023213386536,0.9766443967819214,0.9109023213386536,True
qwen2.5-7b,generated,t_inst,8,0.2963,tool_vs_user,tool_register_vs_user_register,0.17519642412662506,0.9109023213386536,0.9933280944824219,0.9109023213386536,True
qwen2.5-7b,generated,t_inst,8,0.2963,system_vs_user,system_register_vs_tool_register,0.18451187014579773,0.7723312377929688,0.9938241243362427,0.7723312377929688,True
qwen2.5-7b,generated,t_inst,8,0.2963,system_vs_user,system_register_vs_user_register,0.039391592144966125,0.7723312377929688,0.9766443967819214,0.7723312377929688,True
qwen2.5-7b,generated,t_inst,8,0.2963,system_vs_user,tool_register_vs_user_register,0.17300443351268768,0.7723312377929688,0.9933280944824219,0.7723312377929688,True
qwen2.5-7b,generated,t_inst,8,0.2963,assistant_vs_user,system_register_vs_tool_register,0.2195194661617279,0.17872388660907745,0.9938241243362427,0.17872388660907745,False
qwen2.5-7b,generated,t_inst,8,0.2963,assistant_vs_user,system_register_vs_user_register,0.09299484640359879,0.17872388660907745,0.9766443967819214,0.17872388660907745,True
qwen2.5-7b,generated,t_inst,8,0.2963,assistant_vs_user,tool_register_vs_user_register,0.1786307990550995,0.17872388660907745,0.9933280944824219,0.17872388660907745,True
qwen2.5-7b,generated,t_inst,9,0.3333,tool_vs_user,system_register_vs_tool_register,0.23426437377929688,0.912613034248352,0.9935808181762695,0.912613034248352,True
qwen2.5-7b,generated,t_inst,9,0.3333,tool_vs_user,system_register_vs_user_register,0.0668841078877449,0.912613034248352,0.9761630892753601,0.912613034248352,True
qwen2.5-7b,generated,t_inst,9,0.3333,tool_vs_user,tool_register_vs_user_register,0.20627525448799133,0.912613034248352,0.9930499792098999,0.912613034248352,True
qwen2.5-7b,generated,t_inst,9,0.3333,system_vs_user,system_register_vs_tool_register,0.26402929425239563,0.7837838530540466,0.9935808181762695,0.7837838530540466,True
qwen2.5-7b,generated,t_inst,9,0.3333,system_vs_user,system_register_vs_user_register,0.06958115100860596,0.7837838530540466,0.9761630892753601,0.7837838530540466,True
qwen2.5-7b,generated,t_inst,9,0.3333,system_vs_user,tool_register_vs_user_register,0.23593252897262573,0.7837838530540466,0.9930499792098999,0.7837838530540466,True
qwen2.5-7b,generated,t_inst,9,0.3333,assistant_vs_user,system_register_vs_tool_register,0.24510009586811066,0.1511862426996231,0.9935808181762695,0.1511862426996231,False
qwen2.5-7b,generated,t_inst,9,0.3333,assistant_vs_user,system_register_vs_user_register,0.13075105845928192,0.1511862426996231,0.9761630892753601,0.1511862426996231,True
qwen2.5-7b,generated,t_inst,9,0.3333,assistant_vs_user,tool_register_vs_user_register,0.1796894669532776,0.1511862426996231,0.9930499792098999,0.1511862426996231,False
qwen2.5-7b,generated,t_inst,10,0.3704,tool_vs_user,system_register_vs_tool_register,0.19062337279319763,0.9077438116073608,0.9932273030281067,0.9077438116073608,True
qwen2.5-7b,generated,t_inst,10,0.3704,tool_vs_user,system_register_vs_user_register,0.008373353630304337,0.9077438116073608,0.9765971899032593,0.9077438116073608,True
qwen2.5-7b,generated,t_inst,10,0.3704,tool_vs_user,tool_register_vs_user_register,0.1947649121284485,0.9077438116073608,0.9927275776863098,0.9077438116073608,True
qwen2.5-7b,generated,t_inst,10,0.3704,system_vs_user,system_register_vs_tool_register,0.22688382863998413,0.8059412240982056,0.9932273030281067,0.8059412240982056,True
qwen2.5-7b,generated,t_inst,10,0.3704,system_vs_user,system_register_vs_user_register,0.023491043597459793,0.8059412240982056,0.9765971899032593,0.8059412240982056,True
qwen2.5-7b,generated,t_inst,10,0.3704,system_vs_user,tool_register_vs_user_register,0.2235010713338852,0.8059412240982056,0.9927275776863098,0.8059412240982056,True
qwen2.5-7b,generated,t_inst,10,0.3704,assistant_vs_user,system_register_vs_tool_register,0.19337919354438782,0.46936535835266113,0.9932273030281067,0.46936535835266113,True
qwen2.5-7b,generated,t_inst,10,0.3704,assistant_vs_user,system_register_vs_user_register,0.16324841976165771,0.46936535835266113,0.9765971899032593,0.46936535835266113,True
qwen2.5-7b,generated,t_inst,10,0.3704,assistant_vs_user,tool_register_vs_user_register,0.10247331857681274,0.46936535835266113,0.9927275776863098,0.46936535835266113,True
qwen2.5-7b,generated,t_inst,11,0.4074,tool_vs_user,system_register_vs_tool_register,0.18225935101509094,0.8983563184738159,0.9929363131523132,0.8983563184738159,True
qwen2.5-7b,generated,t_inst,11,0.4074,tool_vs_user,system_register_vs_user_register,0.025613531470298767,0.8983563184738159,0.9753912687301636,0.8983563184738159,True
qwen2.5-7b,generated,t_inst,11,0.4074,tool_vs_user,tool_register_vs_user_register,0.17862755060195923,0.8983563184738159,0.9920908212661743,0.8983563184738159,True
qwen2.5-7b,generated,t_inst,11,0.4074,system_vs_user,system_register_vs_tool_register,0.24163517355918884,0.8022856712341309,0.9929363131523132,0.8022856712341309,True
qwen2.5-7b,generated,t_inst,11,0.4074,system_vs_user,system_register_vs_user_register,0.025242118164896965,0.8022856712341309,0.9753912687301636,0.8022856712341309,True
qwen2.5-7b,generated,t_inst,11,0.4074,system_vs_user,tool_register_vs_user_register,0.24235741794109344,0.8022856712341309,0.9920908212661743,0.8022856712341309,True
qwen2.5-7b,generated,t_inst,11,0.4074,assistant_vs_user,system_register_vs_tool_register,0.2587486505508423,0.47376060485839844,0.9929363131523132,0.47376060485839844,True
qwen2.5-7b,generated,t_inst,11,0.4074,assistant_vs_user,system_register_vs_user_register,0.18527299165725708,0.47376060485839844,0.9753912687301636,0.47376060485839844,True
qwen2.5-7b,generated,t_inst,11,0.4074,assistant_vs_user,tool_register_vs_user_register,0.1589868664741516,0.47376060485839844,0.9920908212661743,0.47376060485839844,True
qwen2.5-7b,generated,t_inst,12,0.4444,tool_vs_user,system_register_vs_tool_register,0.10678727179765701,0.8996883630752563,0.9934382438659668,0.8996883630752563,True
qwen2.5-7b,generated,t_inst,12,0.4444,tool_vs_user,system_register_vs_user_register,0.03086049109697342,0.8996883630752563,0.9755104780197144,0.8996883630752563,True
qwen2.5-7b,generated,t_inst,12,0.4444,tool_vs_user,tool_register_vs_user_register,0.13581582903862,0.8996883630752563,0.9922751188278198,0.8996883630752563,True
qwen2.5-7b,generated,t_inst,12,0.4444,system_vs_user,system_register_vs_tool_register,0.30257073044776917,0.8108081817626953,0.9934382438659668,0.8108081817626953,True
qwen2.5-7b,generated,t_inst,12,0.4444,system_vs_user,system_register_vs_user_register,0.0894957184791565,0.8108081817626953,0.9755104780197144,0.8108081817626953,True
qwen2.5-7b,generated,t_inst,12,0.4444,system_vs_user,tool_register_vs_user_register,0.27443549036979675,0.8108081817626953,0.9922751188278198,0.8108081817626953,True
qwen2.5-7b,generated,t_inst,12,0.4444,assistant_vs_user,system_register_vs_tool_register,0.3107394576072693,0.5969419479370117,0.9934382438659668,0.5969419479370117,True
qwen2.5-7b,generated,t_inst,12,0.4444,assistant_vs_user,system_register_vs_user_register,0.23251859843730927,0.5969419479370117,0.9755104780197144,0.5969419479370117,True
qwen2.5-7b,generated,t_inst,12,0.4444,assistant_vs_user,tool_register_vs_user_register,0.19412434101104736,0.5969419479370117,0.9922751188278198,0.5969419479370117,True
qwen2.5-7b,generated,t_inst,13,0.4815,tool_vs_user,system_register_vs_tool_register,0.08051620423793793,0.8909767866134644,0.9929844737052917,0.8909767866134644,True
qwen2.5-7b,generated,t_inst,13,0.4815,tool_vs_user,system_register_vs_user_register,0.03557882085442543,0.8909767866134644,0.9746338129043579,0.8909767866134644,True
qwen2.5-7b,generated,t_inst,13,0.4815,tool_vs_user,tool_register_vs_user_register,0.11249689012765884,0.8909767866134644,0.991604208946228,0.8909767866134644,True
qwen2.5-7b,generated,t_inst,13,0.4815,system_vs_user,system_register_vs_tool_register,0.2501297891139984,0.7996702790260315,0.9929844737052917,0.7996702790260315,True
qwen2.5-7b,generated,t_inst,13,0.4815,system_vs_user,system_register_vs_user_register,0.05684132128953934,0.7996702790260315,0.9746338129043579,0.7996702790260315,True
qwen2.5-7b,generated,t_inst,13,0.4815,system_vs_user,tool_register_vs_user_register,0.24152988195419312,0.7996702790260315,0.991604208946228,0.7996702790260315,True
qwen2.5-7b,generated,t_inst,13,0.4815,assistant_vs_user,system_register_vs_tool_register,0.35655882954597473,0.6671386957168579,0.9929844737052917,0.6671386957168579,True
qwen2.5-7b,generated,t_inst,13,0.4815,assistant_vs_user,system_register_vs_user_register,0.28574439883232117,0.6671386957168579,0.9746338129043579,0.6671386957168579,True
qwen2.5-7b,generated,t_inst,13,0.4815,assistant_vs_user,tool_register_vs_user_register,0.212260901927948,0.6671386957168579,0.991604208946228,0.6671386957168579,True
qwen2.5-7b,generated,t_inst,14,0.5185,tool_vs_user,system_register_vs_tool_register,0.10494394600391388,0.90057772397995,0.9926935434341431,0.90057772397995,True
qwen2.5-7b,generated,t_inst,14,0.5185,tool_vs_user,system_register_vs_user_register,0.006895828526467085,0.90057772397995,0.9731113314628601,0.90057772397995,True
qwen2.5-7b,generated,t_inst,14,0.5185,tool_vs_user,tool_register_vs_user_register,0.11726143956184387,0.90057772397995,0.991596519947052,0.90057772397995,True
qwen2.5-7b,generated,t_inst,14,0.5185,system_vs_user,system_register_vs_tool_register,0.2138681709766388,0.8069794774055481,0.9926935434341431,0.8069794774055481,True
qwen2.5-7b,generated,t_inst,14,0.5185,system_vs_user,system_register_vs_user_register,0.021535400301218033,0.8069794774055481,0.9731113314628601,0.8069794774055481,True
qwen2.5-7b,generated,t_inst,14,0.5185,system_vs_user,tool_register_vs_user_register,0.2168809026479721,0.8069794774055481,0.991596519947052,0.8069794774055481,True
qwen2.5-7b,generated,t_inst,14,0.5185,assistant_vs_user,system_register_vs_tool_register,0.21819421648979187,0.6444958448410034,0.9926935434341431,0.6444958448410034,True
qwen2.5-7b,generated,t_inst,14,0.5185,assistant_vs_user,system_register_vs_user_register,0.1679563820362091,0.6444958448410034,0.9731113314628601,0.6444958448410034,True
qwen2.5-7b,generated,t_inst,14,0.5185,assistant_vs_user,tool_register_vs_user_register,0.1306566596031189,0.6444958448410034,0.991596519947052,0.6444958448410034,True
qwen2.5-7b,generated,t_inst,15,0.5556,tool_vs_user,system_register_vs_tool_register,0.06958650797605515,0.8995620608329773,0.9931627511978149,0.8995620608329773,True
qwen2.5-7b,generated,t_inst,15,0.5556,tool_vs_user,system_register_vs_user_register,0.006327137816697359,0.8995620608329773,0.9735296964645386,0.8995620608329773,True
qwen2.5-7b,generated,t_inst,15,0.5556,tool_vs_user,tool_register_vs_user_register,0.08149726688861847,0.8995620608329773,0.9915026426315308,0.8995620608329773,True
qwen2.5-7b,generated,t_inst,15,0.5556,system_vs_user,system_register_vs_tool_register,0.24682456254959106,0.8132144808769226,0.9931627511978149,0.8132144808769226,True
qwen2.5-7b,generated,t_inst,15,0.5556,system_vs_user,system_register_vs_user_register,0.07101955264806747,0.8132144808769226,0.9735296964645386,0.8132144808769226,True
qwen2.5-7b,generated,t_inst,15,0.5556,system_vs_user,tool_register_vs_user_register,0.23031918704509735,0.8132144808769226,0.9915026426315308,0.8132144808769226,True
qwen2.5-7b,generated,t_inst,15,0.5556,assistant_vs_user,system_register_vs_tool_register,0.26716285943984985,0.7318646311759949,0.9931627511978149,0.7318646311759949,True
qwen2.5-7b,generated,t_inst,15,0.5556,assistant_vs_user,system_register_vs_user_register,0.21699510514736176,0.7318646311759949,0.9735296964645386,0.7318646311759949,True
qwen2.5-7b,generated,t_inst,15,0.5556,assistant_vs_user,tool_register_vs_user_register,0.16121113300323486,0.7318646311759949,0.9915026426315308,0.7318646311759949,True
qwen2.5-7b,generated,t_inst,16,0.5926,tool_vs_user,system_register_vs_tool_register,0.07501363009214401,0.9074726104736328,0.9923197031021118,0.9074726104736328,True
qwen2.5-7b,generated,t_inst,16,0.5926,tool_vs_user,system_register_vs_user_register,0.00805623922497034,0.9074726104736328,0.9699870347976685,0.9074726104736328,True
qwen2.5-7b,generated,t_inst,16,0.5926,tool_vs_user,tool_register_vs_user_register,0.0759468525648117,0.9074726104736328,0.9911841154098511,0.9074726104736328,True
qwen2.5-7b,generated,t_inst,16,0.5926,system_vs_user,system_register_vs_tool_register,0.2206026166677475,0.8240224123001099,0.9923197031021118,0.8240224123001099,True
qwen2.5-7b,generated,t_inst,16,0.5926,system_vs_user,system_register_vs_user_register,0.01596367359161377,0.8240224123001099,0.9699870347976685,0.8240224123001099,True
qwen2.5-7b,generated,t_inst,16,0.5926,system_vs_user,tool_register_vs_user_register,0.22797082364559174,0.8240224123001099,0.9911841154098511,0.8240224123001099,True
qwen2.5-7b,generated,t_inst,16,0.5926,assistant_vs_user,system_register_vs_tool_register,0.17511357367038727,0.7609055042266846,0.9923197031021118,0.7609055042266846,True
qwen2.5-7b,generated,t_inst,16,0.5926,assistant_vs_user,system_register_vs_user_register,0.10628639161586761,0.7609055042266846,0.9699870347976685,0.7609055042266846,True
qwen2.5-7b,generated,t_inst,16,0.5926,assistant_vs_user,tool_register_vs_user_register,0.12495081126689911,0.7609055042266846,0.9911841154098511,0.7609055042266846,True
qwen2.5-7b,generated,t_inst,17,0.6296,tool_vs_user,system_register_vs_tool_register,0.01831952854990959,0.9208642840385437,0.9922974705696106,0.9208642840385437,True
qwen2.5-7b,generated,t_inst,17,0.6296,tool_vs_user,system_register_vs_user_register,0.028085988014936447,0.9208642840385437,0.9692819714546204,0.9208642840385437,True
qwen2.5-7b,generated,t_inst,17,0.6296,tool_vs_user,tool_register_vs_user_register,0.035806044936180115,0.9208642840385437,0.9914730191230774,0.9208642840385437,True
qwen2.5-7b,generated,t_inst,17,0.6296,system_vs_user,system_register_vs_tool_register,0.21394237875938416,0.8277153968811035,0.9922974705696106,0.8277153968811035,True
qwen2.5-7b,generated,t_inst,17,0.6296,system_vs_user,system_register_vs_user_register,0.03390789031982422,0.8277153968811035,0.9692819714546204,0.8277153968811035,True
qwen2.5-7b,generated,t_inst,17,0.6296,system_vs_user,tool_register_vs_user_register,0.20983600616455078,0.8277153968811035,0.9914730191230774,0.8277153968811035,True
qwen2.5-7b,generated,t_inst,17,0.6296,assistant_vs_user,system_register_vs_tool_register,0.1684432178735733,0.7562345266342163,0.9922974705696106,0.7562345266342163,True
qwen2.5-7b,generated,t_inst,17,0.6296,assistant_vs_user,system_register_vs_user_register,0.09051864594221115,0.7562345266342163,0.9692819714546204,0.7562345266342163,True
qwen2.5-7b,generated,t_inst,17,0.6296,assistant_vs_user,tool_register_vs_user_register,0.12847284972667694,0.7562345266342163,0.9914730191230774,0.7562345266342163,True
qwen2.5-7b,generated,t_inst,18,0.6667,tool_vs_user,system_register_vs_tool_register,0.026271095499396324,0.9331783056259155,0.992756187915802,0.9331783056259155,True
qwen2.5-7b,generated,t_inst,18,0.6667,tool_vs_user,system_register_vs_user_register,0.004419269040226936,0.9331783056259155,0.9709151387214661,0.9331783056259155,True
qwen2.5-7b,generated,t_inst,18,0.6667,tool_vs_user,tool_register_vs_user_register,0.02556818723678589,0.9331783056259155,0.9916912913322449,0.9331783056259155,True
qwen2.5-7b,generated,t_inst,18,0.6667,system_vs_user,system_register_vs_tool_register,0.22823187708854675,0.8426276445388794,0.992756187915802,0.8426276445388794,True
qwen2.5-7b,generated,t_inst,18,0.6667,system_vs_user,system_register_vs_user_register,0.08228269964456558,0.8426276445388794,0.9709151387214661,0.8426276445388794,True
qwen2.5-7b,generated,t_inst,18,0.6667,system_vs_user,tool_register_vs_user_register,0.19659629464149475,0.8426276445388794,0.9916912913322449,0.8426276445388794,True
qwen2.5-7b,generated,t_inst,18,0.6667,assistant_vs_user,system_register_vs_tool_register,0.227180615067482,0.8077552914619446,0.992756187915802,0.8077552914619446,True
qwen2.5-7b,generated,t_inst,18,0.6667,assistant_vs_user,system_register_vs_user_register,0.17515873908996582,0.8077552914619446,0.9709151387214661,0.8077552914619446,True
qwen2.5-7b,generated,t_inst,18,0.6667,assistant_vs_user,tool_register_vs_user_register,0.14144863188266754,0.8077552914619446,0.9916912913322449,0.8077552914619446,True
qwen2.5-7b,generated,t_inst,19,0.7037,tool_vs_user,system_register_vs_tool_register,0.053088098764419556,0.9513700604438782,0.9909220933914185,0.9513700604438782,True
qwen2.5-7b,generated,t_inst,19,0.7037,tool_vs_user,system_register_vs_user_register,0.033033501356840134,0.9513700604438782,0.9699183702468872,0.9513700604438782,True
qwen2.5-7b,generated,t_inst,19,0.7037,tool_vs_user,tool_register_vs_user_register,0.07364445924758911,0.9513700604438782,0.9907107353210449,0.9513700604438782,True
qwen2.5-7b,generated,t_inst,19,0.7037,system_vs_user,system_register_vs_tool_register,0.1709388792514801,0.8551524877548218,0.9909220933914185,0.8551524877548218,True
qwen2.5-7b,generated,t_inst,19,0.7037,system_vs_user,system_register_vs_user_register,0.028241993859410286,0.8551524877548218,0.9699183702468872,0.8551524877548218,True
qwen2.5-7b,generated,t_inst,19,0.7037,system_vs_user,tool_register_vs_user_register,0.15601801872253418,0.8551524877548218,0.9907107353210449,0.8551524877548218,True
qwen2.5-7b,generated,t_inst,19,0.7037,assistant_vs_user,system_register_vs_tool_register,0.09695641696453094,0.805736243724823,0.9909220933914185,0.805736243724823,True
qwen2.5-7b,generated,t_inst,19,0.7037,assistant_vs_user,system_register_vs_user_register,0.0936167761683464,0.805736243724823,0.9699183702468872,0.805736243724823,True
qwen2.5-7b,generated,t_inst,19,0.7037,assistant_vs_user,tool_register_vs_user_register,0.04173507168889046,0.805736243724823,0.9907107353210449,0.805736243724823,True
qwen2.5-7b,generated,t_inst,20,0.7407,tool_vs_user,system_register_vs_tool_register,0.08096868544816971,0.9612611532211304,0.9892369508743286,0.9612611532211304,True
qwen2.5-7b,generated,t_inst,20,0.7407,tool_vs_user,system_register_vs_user_register,0.06534402072429657,0.9612611532211304,0.9660136103630066,0.9612611532211304,True
qwen2.5-7b,generated,t_inst,20,0.7407,tool_vs_user,tool_register_vs_user_register,0.12037789821624756,0.9612611532211304,0.9893202781677246,0.9612611532211304,True
qwen2.5-7b,generated,t_inst,20,0.7407,system_vs_user,system_register_vs_tool_register,0.10205172747373581,0.8670023679733276,0.9892369508743286,0.8670023679733276,True
qwen2.5-7b,generated,t_inst,20,0.7407,system_vs_user,system_register_vs_user_register,0.025690583512187004,0.8670023679733276,0.9660136103630066,0.8670023679733276,True
qwen2.5-7b,generated,t_inst,20,0.7407,system_vs_user,tool_register_vs_user_register,0.11693015694618225,0.8670023679733276,0.9893202781677246,0.8670023679733276,True
qwen2.5-7b,generated,t_inst,20,0.7407,assistant_vs_user,system_register_vs_tool_register,0.08075584471225739,0.7999621033668518,0.9892369508743286,0.7999621033668518,True
qwen2.5-7b,generated,t_inst,20,0.7407,assistant_vs_user,system_register_vs_user_register,0.055091410875320435,0.7999621033668518,0.9660136103630066,0.7999621033668518,True
qwen2.5-7b,generated,t_inst,20,0.7407,assistant_vs_user,tool_register_vs_user_register,0.04622352123260498,0.7999621033668518,0.9893202781677246,0.7999621033668518,True
qwen2.5-7b,generated,t_inst,21,0.7778,tool_vs_user,system_register_vs_tool_register,0.09740115702152252,0.9732099771499634,0.9863224029541016,0.9732099771499634,True
qwen2.5-7b,generated,t_inst,21,0.7778,tool_vs_user,system_register_vs_user_register,0.046189144253730774,0.9732099771499634,0.9609497785568237,0.9609497785568237,True
qwen2.5-7b,generated,t_inst,21,0.7778,tool_vs_user,tool_register_vs_user_register,0.12185950577259064,0.9732099771499634,0.9872983694076538,0.9732099771499634,True
qwen2.5-7b,generated,t_inst,21,0.7778,system_vs_user,system_register_vs_tool_register,0.07616077363491058,0.884731113910675,0.9863224029541016,0.884731113910675,True
qwen2.5-7b,generated,t_inst,21,0.7778,system_vs_user,system_register_vs_user_register,0.006567468401044607,0.884731113910675,0.9609497785568237,0.884731113910675,True
qwen2.5-7b,generated,t_inst,21,0.7778,system_vs_user,tool_register_vs_user_register,0.07683008909225464,0.884731113910675,0.9872983694076538,0.884731113910675,True
qwen2.5-7b,generated,t_inst,21,0.7778,assistant_vs_user,system_register_vs_tool_register,0.014310233294963837,0.8138033747673035,0.9863224029541016,0.8138033747673035,True
qwen2.5-7b,generated,t_inst,21,0.7778,assistant_vs_user,system_register_vs_user_register,0.032274551689624786,0.8138033747673035,0.9609497785568237,0.8138033747673035,True
qwen2.5-7b,generated,t_inst,21,0.7778,assistant_vs_user,tool_register_vs_user_register,0.03382285684347153,0.8138033747673035,0.9872983694076538,0.8138033747673035,True
qwen2.5-7b,generated,t_inst,22,0.8148,tool_vs_user,system_register_vs_tool_register,0.181282177567482,0.9743918180465698,0.9852674603462219,0.9743918180465698,True
qwen2.5-7b,generated,t_inst,22,0.8148,tool_vs_user,system_register_vs_user_register,0.014133118093013763,0.9743918180465698,0.9546360969543457,0.9546360969543457,True
qwen2.5-7b,generated,t_inst,22,0.8148,tool_vs_user,tool_register_vs_user_register,0.18215258419513702,0.9743918180465698,0.9866666793823242,0.9743918180465698,True
qwen2.5-7b,generated,t_inst,22,0.8148,system_vs_user,system_register_vs_tool_register,0.1390429586172104,0.9041622281074524,0.9852674603462219,0.9041622281074524,True
qwen2.5-7b,generated,t_inst,22,0.8148,system_vs_user,system_register_vs_user_register,0.01954749971628189,0.9041622281074524,0.9546360969543457,0.9041622281074524,True
qwen2.5-7b,generated,t_inst,22,0.8148,system_vs_user,tool_register_vs_user_register,0.12166532874107361,0.9041622281074524,0.9866666793823242,0.9041622281074524,True
qwen2.5-7b,generated,t_inst,22,0.8148,assistant_vs_user,system_register_vs_tool_register,0.053249720484018326,0.7906316518783569,0.9852674603462219,0.7906316518783569,True
qwen2.5-7b,generated,t_inst,22,0.8148,assistant_vs_user,system_register_vs_user_register,0.0223651472479105,0.7906316518783569,0.9546360969543457,0.7906316518783569,True
qwen2.5-7b,generated,t_inst,22,0.8148,assistant_vs_user,tool_register_vs_user_register,0.06432154774665833,0.7906316518783569,0.9866666793823242,0.7906316518783569,True
qwen2.5-7b,generated,t_inst,23,0.8519,tool_vs_user,system_register_vs_tool_register,0.15101337432861328,0.9817248582839966,0.9795363545417786,0.9795363545417786,True
qwen2.5-7b,generated,t_inst,23,0.8519,tool_vs_user,system_register_vs_user_register,0.05916693061590195,0.9817248582839966,0.9472004175186157,0.9472004175186157,True
qwen2.5-7b,generated,t_inst,23,0.8519,tool_vs_user,tool_register_vs_user_register,0.17316162586212158,0.9817248582839966,0.9834674000740051,0.9817248582839966,True
qwen2.5-7b,generated,t_inst,23,0.8519,system_vs_user,system_register_vs_tool_register,0.15237388014793396,0.9202635884284973,0.9795363545417786,0.9202635884284973,True
qwen2.5-7b,generated,t_inst,23,0.8519,system_vs_user,system_register_vs_user_register,0.02083057165145874,0.9202635884284973,0.9472004175186157,0.9202635884284973,True
qwen2.5-7b,generated,t_inst,23,0.8519,system_vs_user,tool_register_vs_user_register,0.1272050440311432,0.9202635884284973,0.9834674000740051,0.9202635884284973,True
qwen2.5-7b,generated,t_inst,23,0.8519,assistant_vs_user,system_register_vs_tool_register,0.034294743090867996,0.7773790955543518,0.9795363545417786,0.7773790955543518,True
qwen2.5-7b,generated,t_inst,23,0.8519,assistant_vs_user,system_register_vs_user_register,0.04496285691857338,0.7773790955543518,0.9472004175186157,0.7773790955543518,True
qwen2.5-7b,generated,t_inst,23,0.8519,assistant_vs_user,tool_register_vs_user_register,0.05792636424303055,0.7773790955543518,0.9834674000740051,0.7773790955543518,True
qwen2.5-7b,generated,t_inst,24,0.8889,tool_vs_user,system_register_vs_tool_register,0.1749134361743927,0.9849902391433716,0.974246621131897,0.974246621131897,True
qwen2.5-7b,generated,t_inst,24,0.8889,tool_vs_user,system_register_vs_user_register,0.06603184342384338,0.9849902391433716,0.9416263699531555,0.9416263699531555,True
qwen2.5-7b,generated,t_inst,24,0.8889,tool_vs_user,tool_register_vs_user_register,0.19750665128231049,0.9849902391433716,0.9800390005111694,0.9800390005111694,True
qwen2.5-7b,generated,t_inst,24,0.8889,system_vs_user,system_register_vs_tool_register,0.11874401569366455,0.9407538175582886,0.974246621131897,0.9407538175582886,True
qwen2.5-7b,generated,t_inst,24,0.8889,system_vs_user,system_register_vs_user_register,0.01636246219277382,0.9407538175582886,0.9416263699531555,0.9407538175582886,True
qwen2.5-7b,generated,t_inst,24,0.8889,system_vs_user,tool_register_vs_user_register,0.09753060340881348,0.9407538175582886,0.9800390005111694,0.9407538175582886,True
qwen2.5-7b,generated,t_inst,24,0.8889,assistant_vs_user,system_register_vs_tool_register,0.04393208399415016,0.767676591873169,0.974246621131897,0.767676591873169,True
qwen2.5-7b,generated,t_inst,24,0.8889,assistant_vs_user,system_register_vs_user_register,0.058073073625564575,0.767676591873169,0.9416263699531555,0.767676591873169,True
qwen2.5-7b,generated,t_inst,24,0.8889,assistant_vs_user,tool_register_vs_user_register,0.07438947260379791,0.767676591873169,0.9800390005111694,0.767676591873169,True
qwen2.5-7b,generated,t_inst,25,0.9259,tool_vs_user,system_register_vs_tool_register,0.137184739112854,0.9831531643867493,0.9695094227790833,0.9695094227790833,True
qwen2.5-7b,generated,t_inst,25,0.9259,tool_vs_user,system_register_vs_user_register,0.08485525846481323,0.9831531643867493,0.9434798359870911,0.9434798359870911,True
qwen2.5-7b,generated,t_inst,25,0.9259,tool_vs_user,tool_register_vs_user_register,0.1728692352771759,0.9831531643867493,0.9786139726638794,0.9786139726638794,True
qwen2.5-7b,generated,t_inst,25,0.9259,system_vs_user,system_register_vs_tool_register,0.09381082653999329,0.9447203874588013,0.9695094227790833,0.9447203874588013,True
qwen2.5-7b,generated,t_inst,25,0.9259,system_vs_user,system_register_vs_user_register,0.007214704062789679,0.9447203874588013,0.9434798359870911,0.9434798359870911,True
qwen2.5-7b,generated,t_inst,25,0.9259,system_vs_user,tool_register_vs_user_register,0.08585179597139359,0.9447203874588013,0.9786139726638794,0.9447203874588013,True
qwen2.5-7b,generated,t_inst,25,0.9259,assistant_vs_user,system_register_vs_tool_register,0.04391178861260414,0.788849949836731,0.9695094227790833,0.788849949836731,True
qwen2.5-7b,generated,t_inst,25,0.9259,assistant_vs_user,system_register_vs_user_register,0.0823851078748703,0.788849949836731,0.9434798359870911,0.788849949836731,True
qwen2.5-7b,generated,t_inst,25,0.9259,assistant_vs_user,tool_register_vs_user_register,0.09050500392913818,0.788849949836731,0.9786139726638794,0.788849949836731,True
qwen2.5-7b,generated,t_inst,26,0.963,tool_vs_user,system_register_vs_tool_register,0.07902814447879791,0.9889713525772095,0.9608863592147827,0.9608863592147827,True
qwen2.5-7b,generated,t_inst,26,0.963,tool_vs_user,system_register_vs_user_register,0.062471628189086914,0.9889713525772095,0.9311572909355164,0.9311572909355164,True
qwen2.5-7b,generated,t_inst,26,0.963,tool_vs_user,tool_register_vs_user_register,0.10554468631744385,0.9889713525772095,0.9737713932991028,0.9737713932991028,True
qwen2.5-7b,generated,t_inst,26,0.963,system_vs_user,system_register_vs_tool_register,0.03489813208580017,0.9763904809951782,0.9608863592147827,0.9608863592147827,True
qwen2.5-7b,generated,t_inst,26,0.963,system_vs_user,system_register_vs_user_register,0.02562638372182846,0.9763904809951782,0.9311572909355164,0.9311572909355164,True
qwen2.5-7b,generated,t_inst,26,0.963,system_vs_user,tool_register_vs_user_register,0.012961236760020256,0.9763904809951782,0.9737713932991028,0.9737713932991028,True
qwen2.5-7b,generated,t_inst,26,0.963,assistant_vs_user,system_register_vs_tool_register,0.021891415119171143,0.8107694387435913,0.9608863592147827,0.8107694387435913,True
qwen2.5-7b,generated,t_inst,26,0.963,assistant_vs_user,system_register_vs_user_register,0.11525329947471619,0.8107694387435913,0.9311572909355164,0.8107694387435913,True
qwen2.5-7b,generated,t_inst,26,0.963,assistant_vs_user,tool_register_vs_user_register,0.09116857498884201,0.8107694387435913,0.9737713932991028,0.8107694387435913,True
qwen2.5-7b,generated,t_inst,27,1.0,tool_vs_user,system_register_vs_tool_register,0.10199324041604996,0.9918551445007324,0.9515287280082703,0.9515287280082703,True
qwen2.5-7b,generated,t_inst,27,1.0,tool_vs_user,system_register_vs_user_register,0.0938088670372963,0.9918551445007324,0.9166293144226074,0.9166293144226074,True
qwen2.5-7b,generated,t_inst,27,1.0,tool_vs_user,tool_register_vs_user_register,0.14280451834201813,0.9918551445007324,0.9703069925308228,0.9703069925308228,True
qwen2.5-7b,generated,t_inst,27,1.0,system_vs_user,system_register_vs_tool_register,0.06821303069591522,0.9798235893249512,0.9515287280082703,0.9515287280082703,True
qwen2.5-7b,generated,t_inst,27,1.0,system_vs_user,system_register_vs_user_register,0.09121260792016983,0.9798235893249512,0.9166293144226074,0.9166293144226074,True
qwen2.5-7b,generated,t_inst,27,1.0,system_vs_user,tool_register_vs_user_register,0.1141740158200264,0.9798235893249512,0.9703069925308228,0.9703069925308228,True
qwen2.5-7b,generated,t_inst,27,1.0,assistant_vs_user,system_register_vs_tool_register,0.12266040593385696,0.8111572265625,0.9515287280082703,0.8111572265625,True
qwen2.5-7b,generated,t_inst,27,1.0,assistant_vs_user,system_register_vs_user_register,0.19287456572055817,0.8111572265625,0.9166293144226074,0.8111572265625,True
qwen2.5-7b,generated,t_inst,27,1.0,assistant_vs_user,tool_register_vs_user_register,0.22422516345977783,0.8111572265625,0.9703069925308228,0.8111572265625,True
qwen2.5-7b,generated,t_post_inst,0,0.0,tool_vs_user,system_register_vs_tool_register,0.18219035863876343,0.9783938527107239,0.9923678636550903,0.9783938527107239,True
qwen2.5-7b,generated,t_post_inst,0,0.0,tool_vs_user,system_register_vs_user_register,0.07534052431583405,0.9783938527107239,0.9582923054695129,0.9582923054695129,True
qwen2.5-7b,generated,t_post_inst,0,0.0,tool_vs_user,tool_register_vs_user_register,0.2101469337940216,0.9783938527107239,0.9921174049377441,0.9783938527107239,True
qwen2.5-7b,generated,t_post_inst,0,0.0,system_vs_user,system_register_vs_tool_register,0.22383157908916473,0.9493619203567505,0.9923678636550903,0.9493619203567505,True
qwen2.5-7b,generated,t_post_inst,0,0.0,system_vs_user,system_register_vs_user_register,0.3159570097923279,0.9493619203567505,0.9582923054695129,0.9493619203567505,True
qwen2.5-7b,generated,t_post_inst,0,0.0,system_vs_user,tool_register_vs_user_register,0.08334503322839737,0.9493619203567505,0.9921174049377441,0.9493619203567505,True
qwen2.5-7b,generated,t_post_inst,0,0.0,assistant_vs_user,system_register_vs_tool_register,0.09932193160057068,-0.2881016135215759,0.9923678636550903,-0.2881016135215759,False
qwen2.5-7b,generated,t_post_inst,0,0.0,assistant_vs_user,system_register_vs_user_register,0.16420724987983704,-0.2881016135215759,0.9582923054695129,-0.2881016135215759,False
qwen2.5-7b,generated,t_post_inst,0,0.0,assistant_vs_user,tool_register_vs_user_register,0.02670925483107567,-0.2881016135215759,0.9921174049377441,-0.2881016135215759,False
qwen2.5-7b,generated,t_post_inst,1,0.037,tool_vs_user,system_register_vs_tool_register,0.21116650104522705,0.9738799333572388,0.989854633808136,0.9738799333572388,True
qwen2.5-7b,generated,t_post_inst,1,0.037,tool_vs_user,system_register_vs_user_register,0.02497810497879982,0.9738799333572388,0.963592529296875,0.963592529296875,True
qwen2.5-7b,generated,t_post_inst,1,0.037,tool_vs_user,tool_register_vs_user_register,0.20343315601348877,0.9738799333572388,0.99065762758255,0.9738799333572388,True
qwen2.5-7b,generated,t_post_inst,1,0.037,system_vs_user,system_register_vs_tool_register,0.07718460261821747,0.9561201930046082,0.989854633808136,0.9561201930046082,True
qwen2.5-7b,generated,t_post_inst,1,0.037,system_vs_user,system_register_vs_user_register,0.27909278869628906,0.9561201930046082,0.963592529296875,0.9561201930046082,True
qwen2.5-7b,generated,t_post_inst,1,0.037,system_vs_user,tool_register_vs_user_register,0.07098464667797089,0.9561201930046082,0.99065762758255,0.9561201930046082,True
qwen2.5-7b,generated,t_post_inst,1,0.037,assistant_vs_user,system_register_vs_tool_register,0.07087137550115585,0.8303278684616089,0.989854633808136,0.8303278684616089,True
qwen2.5-7b,generated,t_post_inst,1,0.037,assistant_vs_user,system_register_vs_user_register,0.024241235107183456,0.8303278684616089,0.963592529296875,0.8303278684616089,True
qwen2.5-7b,generated,t_post_inst,1,0.037,assistant_vs_user,tool_register_vs_user_register,0.051824361085891724,0.8303278684616089,0.99065762758255,0.8303278684616089,True
qwen2.5-7b,generated,t_post_inst,2,0.0741,tool_vs_user,system_register_vs_tool_register,0.23307918012142181,0.959071159362793,0.9889901876449585,0.959071159362793,True
qwen2.5-7b,generated,t_post_inst,2,0.0741,tool_vs_user,system_register_vs_user_register,0.05303559452295303,0.959071159362793,0.9856120944023132,0.959071159362793,True
qwen2.5-7b,generated,t_post_inst,2,0.0741,tool_vs_user,tool_register_vs_user_register,0.2189812958240509,0.959071159362793,0.9927757382392883,0.959071159362793,True
qwen2.5-7b,generated,t_post_inst,2,0.0741,system_vs_user,system_register_vs_tool_register,0.11743699014186859,0.9578877687454224,0.9889901876449585,0.9578877687454224,True
qwen2.5-7b,generated,t_post_inst,2,0.0741,system_vs_user,system_register_vs_user_register,0.26525557041168213,0.9578877687454224,0.9856120944023132,0.9578877687454224,True
qwen2.5-7b,generated,t_post_inst,2,0.0741,system_vs_user,tool_register_vs_user_register,0.0996137410402298,0.9578877687454224,0.9927757382392883,0.9578877687454224,True
qwen2.5-7b,generated,t_post_inst,2,0.0741,assistant_vs_user,system_register_vs_tool_register,0.06053207814693451,0.8170925974845886,0.9889901876449585,0.8170925974845886,True
qwen2.5-7b,generated,t_post_inst,2,0.0741,assistant_vs_user,system_register_vs_user_register,0.0002814400941133499,0.8170925974845886,0.9856120944023132,0.8170925974845886,True
qwen2.5-7b,generated,t_post_inst,2,0.0741,assistant_vs_user,tool_register_vs_user_register,0.04716914892196655,0.8170925974845886,0.9927757382392883,0.8170925974845886,True
qwen2.5-7b,generated,t_post_inst,3,0.1111,tool_vs_user,system_register_vs_tool_register,0.2812807559967041,0.9515469670295715,0.9873105883598328,0.9515469670295715,True
qwen2.5-7b,generated,t_post_inst,3,0.1111,tool_vs_user,system_register_vs_user_register,0.11257579922676086,0.9515469670295715,0.9824143648147583,0.9515469670295715,True
qwen2.5-7b,generated,t_post_inst,3,0.1111,tool_vs_user,tool_register_vs_user_register,0.3064504861831665,0.9515469670295715,0.9904409646987915,0.9515469670295715,True
qwen2.5-7b,generated,t_post_inst,3,0.1111,system_vs_user,system_register_vs_tool_register,0.23726390302181244,0.9745404124259949,0.9873105883598328,0.9745404124259949,True
qwen2.5-7b,generated,t_post_inst,3,0.1111,system_vs_user,system_register_vs_user_register,0.3655482530593872,0.9745404124259949,0.9824143648147583,0.9745404124259949,True
qwen2.5-7b,generated,t_post_inst,3,0.1111,system_vs_user,tool_register_vs_user_register,0.07472153007984161,0.9745404124259949,0.9904409646987915,0.9745404124259949,True
qwen2.5-7b,generated,t_post_inst,3,0.1111,assistant_vs_user,system_register_vs_tool_register,0.23559585213661194,0.866848349571228,0.9873105883598328,0.866848349571228,True
qwen2.5-7b,generated,t_post_inst,3,0.1111,assistant_vs_user,system_register_vs_user_register,0.11261698603630066,0.866848349571228,0.9824143648147583,0.866848349571228,True
qwen2.5-7b,generated,t_post_inst,3,0.1111,assistant_vs_user,tool_register_vs_user_register,0.10696156322956085,0.866848349571228,0.9904409646987915,0.866848349571228,True
qwen2.5-7b,generated,t_post_inst,4,0.1481,tool_vs_user,system_register_vs_tool_register,0.353861540555954,0.9465844035148621,0.9765051007270813,0.9465844035148621,True
qwen2.5-7b,generated,t_post_inst,4,0.1481,tool_vs_user,system_register_vs_user_register,0.019320592284202576,0.9465844035148621,0.9698890447616577,0.9465844035148621,True
qwen2.5-7b,generated,t_post_inst,4,0.1481,tool_vs_user,tool_register_vs_user_register,0.30610957741737366,0.9465844035148621,0.983336329460144,0.9465844035148621,True
qwen2.5-7b,generated,t_post_inst,4,0.1481,system_vs_user,system_register_vs_tool_register,0.1447724997997284,0.9777448773384094,0.9765051007270813,0.9765051007270813,True
qwen2.5-7b,generated,t_post_inst,4,0.1481,system_vs_user,system_register_vs_user_register,0.3540717363357544,0.9777448773384094,0.9698890447616577,0.9698890447616577,True
qwen2.5-7b,generated,t_post_inst,4,0.1481,system_vs_user,tool_register_vs_user_register,0.13237133622169495,0.9777448773384094,0.983336329460144,0.9777448773384094,True
qwen2.5-7b,generated,t_post_inst,4,0.1481,assistant_vs_user,system_register_vs_tool_register,0.05152008682489395,0.9655124545097351,0.9765051007270813,0.9655124545097351,True
qwen2.5-7b,generated,t_post_inst,4,0.1481,assistant_vs_user,system_register_vs_user_register,0.0027866410091519356,0.9655124545097351,0.9698890447616577,0.9655124545097351,True
qwen2.5-7b,generated,t_post_inst,4,0.1481,assistant_vs_user,tool_register_vs_user_register,0.04454893618822098,0.9655124545097351,0.983336329460144,0.9655124545097351,True
qwen2.5-7b,generated,t_post_inst,5,0.1852,tool_vs_user,system_register_vs_tool_register,0.37347355484962463,0.9510728716850281,0.9723868370056152,0.9510728716850281,True
qwen2.5-7b,generated,t_post_inst,5,0.1852,tool_vs_user,system_register_vs_user_register,0.049116987735033035,0.9510728716850281,0.9641846418380737,0.9510728716850281,True
qwen2.5-7b,generated,t_post_inst,5,0.1852,tool_vs_user,tool_register_vs_user_register,0.33278754353523254,0.9510728716850281,0.9825650453567505,0.9510728716850281,True
qwen2.5-7b,generated,t_post_inst,5,0.1852,system_vs_user,system_register_vs_tool_register,0.15419597923755646,0.98235023021698,0.9723868370056152,0.9723868370056152,True
qwen2.5-7b,generated,t_post_inst,5,0.1852,system_vs_user,system_register_vs_user_register,0.2333149015903473,0.98235023021698,0.9641846418380737,0.9641846418380737,True
qwen2.5-7b,generated,t_post_inst,5,0.1852,system_vs_user,tool_register_vs_user_register,0.039527639746665955,0.98235023021698,0.9825650453567505,0.98235023021698,True
qwen2.5-7b,generated,t_post_inst,5,0.1852,assistant_vs_user,system_register_vs_tool_register,0.008259590715169907,0.9603499174118042,0.9723868370056152,0.9603499174118042,True
qwen2.5-7b,generated,t_post_inst,5,0.1852,assistant_vs_user,system_register_vs_user_register,0.04229719191789627,0.9603499174118042,0.9641846418380737,0.9603499174118042,True
qwen2.5-7b,generated,t_post_inst,5,0.1852,assistant_vs_user,tool_register_vs_user_register,0.03611152246594429,0.9603499174118042,0.9825650453567505,0.9603499174118042,True
qwen2.5-7b,generated,t_post_inst,6,0.2222,tool_vs_user,system_register_vs_tool_register,0.43316566944122314,0.9543957710266113,0.9712592363357544,0.9543957710266113,True
qwen2.5-7b,generated,t_post_inst,6,0.2222,tool_vs_user,system_register_vs_user_register,0.03036004677414894,0.9543957710266113,0.9601993560791016,0.9543957710266113,True
qwen2.5-7b,generated,t_post_inst,6,0.2222,tool_vs_user,tool_register_vs_user_register,0.3900931477546692,0.9543957710266113,0.9800223112106323,0.9543957710266113,True
qwen2.5-7b,generated,t_post_inst,6,0.2222,system_vs_user,system_register_vs_tool_register,0.15886245667934418,0.9833942651748657,0.9712592363357544,0.9712592363357544,True
qwen2.5-7b,generated,t_post_inst,6,0.2222,system_vs_user,system_register_vs_user_register,0.240070179104805,0.9833942651748657,0.9601993560791016,0.9601993560791016,True
qwen2.5-7b,generated,t_post_inst,6,0.2222,system_vs_user,tool_register_vs_user_register,0.03706483915448189,0.9833942651748657,0.9800223112106323,0.9800223112106323,True
qwen2.5-7b,generated,t_post_inst,6,0.2222,assistant_vs_user,system_register_vs_tool_register,0.03800474852323532,0.9613605737686157,0.9712592363357544,0.9613605737686157,True
qwen2.5-7b,generated,t_post_inst,6,0.2222,assistant_vs_user,system_register_vs_user_register,0.019126106053590775,0.9613605737686157,0.9601993560791016,0.9601993560791016,True
qwen2.5-7b,generated,t_post_inst,6,0.2222,assistant_vs_user,tool_register_vs_user_register,0.04603033512830734,0.9613605737686157,0.9800223112106323,0.9613605737686157,True
qwen2.5-7b,generated,t_post_inst,7,0.2593,tool_vs_user,system_register_vs_tool_register,0.4068380296230316,0.9506758451461792,0.9734269976615906,0.9506758451461792,True
qwen2.5-7b,generated,t_post_inst,7,0.2593,tool_vs_user,system_register_vs_user_register,0.02667110040783882,0.9506758451461792,0.9638136029243469,0.9506758451461792,True
qwen2.5-7b,generated,t_post_inst,7,0.2593,tool_vs_user,tool_register_vs_user_register,0.3798683285713196,0.9506758451461792,0.9800930023193359,0.9506758451461792,True
qwen2.5-7b,generated,t_post_inst,7,0.2593,system_vs_user,system_register_vs_tool_register,0.16766130924224854,0.9804359674453735,0.9734269976615906,0.9734269976615906,True
qwen2.5-7b,generated,t_post_inst,7,0.2593,system_vs_user,system_register_vs_user_register,0.2279389500617981,0.9804359674453735,0.9638136029243469,0.9638136029243469,True
qwen2.5-7b,generated,t_post_inst,7,0.2593,system_vs_user,tool_register_vs_user_register,0.02536371722817421,0.9804359674453735,0.9800930023193359,0.9800930023193359,True
qwen2.5-7b,generated,t_post_inst,7,0.2593,assistant_vs_user,system_register_vs_tool_register,0.042585588991642,0.9467215538024902,0.9734269976615906,0.9467215538024902,True
qwen2.5-7b,generated,t_post_inst,7,0.2593,assistant_vs_user,system_register_vs_user_register,0.021158402785658836,0.9467215538024902,0.9638136029243469,0.9467215538024902,True
qwen2.5-7b,generated,t_post_inst,7,0.2593,assistant_vs_user,tool_register_vs_user_register,0.021527964621782303,0.9467215538024902,0.9800930023193359,0.9467215538024902,True
qwen2.5-7b,generated,t_post_inst,8,0.2963,tool_vs_user,system_register_vs_tool_register,0.418102502822876,0.9566115140914917,0.9692889451980591,0.9566115140914917,True
qwen2.5-7b,generated,t_post_inst,8,0.2963,tool_vs_user,system_register_vs_user_register,0.04086068272590637,0.9566115140914917,0.9573884010314941,0.9566115140914917,True
qwen2.5-7b,generated,t_post_inst,8,0.2963,tool_vs_user,tool_register_vs_user_register,0.3457820415496826,0.9566115140914917,0.9773977994918823,0.9566115140914917,True
qwen2.5-7b,generated,t_post_inst,8,0.2963,system_vs_user,system_register_vs_tool_register,0.08284187316894531,0.9757970571517944,0.9692889451980591,0.9692889451980591,True
qwen2.5-7b,generated,t_post_inst,8,0.2963,system_vs_user,system_register_vs_user_register,0.14365705847740173,0.9757970571517944,0.9573884010314941,0.9573884010314941,True
qwen2.5-7b,generated,t_post_inst,8,0.2963,system_vs_user,tool_register_vs_user_register,0.0368962399661541,0.9757970571517944,0.9773977994918823,0.9757970571517944,True
qwen2.5-7b,generated,t_post_inst,8,0.2963,assistant_vs_user,system_register_vs_tool_register,0.039398498833179474,0.9396913647651672,0.9692889451980591,0.9396913647651672,True
qwen2.5-7b,generated,t_post_inst,8,0.2963,assistant_vs_user,system_register_vs_user_register,0.03472154587507248,0.9396913647651672,0.9573884010314941,0.9396913647651672,True
qwen2.5-7b,generated,t_post_inst,8,0.2963,assistant_vs_user,tool_register_vs_user_register,0.008579036220908165,0.9396913647651672,0.9773977994918823,0.9396913647651672,True
qwen2.5-7b,generated,t_post_inst,9,0.3333,tool_vs_user,system_register_vs_tool_register,0.3940597176551819,0.9685407876968384,0.9675431251525879,0.9675431251525879,True
qwen2.5-7b,generated,t_post_inst,9,0.3333,tool_vs_user,system_register_vs_user_register,0.011869646608829498,0.9685407876968384,0.9521023035049438,0.9521023035049438,True
qwen2.5-7b,generated,t_post_inst,9,0.3333,tool_vs_user,tool_register_vs_user_register,0.341633677482605,0.9685407876968384,0.9772549867630005,0.9685407876968384,True
qwen2.5-7b,generated,t_post_inst,9,0.3333,system_vs_user,system_register_vs_tool_register,0.09519354999065399,0.9706494212150574,0.9675431251525879,0.9675431251525879,True
qwen2.5-7b,generated,t_post_inst,9,0.3333,system_vs_user,system_register_vs_user_register,0.1369245946407318,0.9706494212150574,0.9521023035049438,0.9521023035049438,True
qwen2.5-7b,generated,t_post_inst,9,0.3333,system_vs_user,tool_register_vs_user_register,0.015326173044741154,0.9706494212150574,0.9772549867630005,0.9706494212150574,True
qwen2.5-7b,generated,t_post_inst,9,0.3333,assistant_vs_user,system_register_vs_tool_register,0.015601183287799358,0.9112840890884399,0.9675431251525879,0.9112840890884399,True
qwen2.5-7b,generated,t_post_inst,9,0.3333,assistant_vs_user,system_register_vs_user_register,0.04426298290491104,0.9112840890884399,0.9521023035049438,0.9112840890884399,True
qwen2.5-7b,generated,t_post_inst,9,0.3333,assistant_vs_user,tool_register_vs_user_register,0.018441198393702507,0.9112840890884399,0.9772549867630005,0.9112840890884399,True
qwen2.5-7b,generated,t_post_inst,10,0.3704,tool_vs_user,system_register_vs_tool_register,0.4111076593399048,0.9633800387382507,0.970615565776825,0.9633800387382507,True
qwen2.5-7b,generated,t_post_inst,10,0.3704,tool_vs_user,system_register_vs_user_register,0.04406221583485603,0.9633800387382507,0.9504860043525696,0.9504860043525696,True
qwen2.5-7b,generated,t_post_inst,10,0.3704,tool_vs_user,tool_register_vs_user_register,0.3493176996707916,0.9633800387382507,0.9772027730941772,0.9633800387382507,True
qwen2.5-7b,generated,t_post_inst,10,0.3704,system_vs_user,system_register_vs_tool_register,0.0893421396613121,0.9660247564315796,0.970615565776825,0.9660247564315796,True
qwen2.5-7b,generated,t_post_inst,10,0.3704,system_vs_user,system_register_vs_user_register,0.21251073479652405,0.9660247564315796,0.9504860043525696,0.9504860043525696,True
qwen2.5-7b,generated,t_post_inst,10,0.3704,system_vs_user,tool_register_vs_user_register,0.07144751399755478,0.9660247564315796,0.9772027730941772,0.9660247564315796,True
qwen2.5-7b,generated,t_post_inst,10,0.3704,assistant_vs_user,system_register_vs_tool_register,0.043047986924648285,0.9085732698440552,0.970615565776825,0.9085732698440552,True
qwen2.5-7b,generated,t_post_inst,10,0.3704,assistant_vs_user,system_register_vs_user_register,0.04929304122924805,0.9085732698440552,0.9504860043525696,0.9085732698440552,True
qwen2.5-7b,generated,t_post_inst,10,0.3704,assistant_vs_user,tool_register_vs_user_register,0.07572229206562042,0.9085732698440552,0.9772027730941772,0.9085732698440552,True
qwen2.5-7b,generated,t_post_inst,11,0.4074,tool_vs_user,system_register_vs_tool_register,0.39537128806114197,0.9609555006027222,0.9670535326004028,0.9609555006027222,True
qwen2.5-7b,generated,t_post_inst,11,0.4074,tool_vs_user,system_register_vs_user_register,0.04386911541223526,0.9609555006027222,0.9467207193374634,0.9467207193374634,True
qwen2.5-7b,generated,t_post_inst,11,0.4074,tool_vs_user,tool_register_vs_user_register,0.3325841426849365,0.9609555006027222,0.9744709134101868,0.9609555006027222,True
qwen2.5-7b,generated,t_post_inst,11,0.4074,system_vs_user,system_register_vs_tool_register,0.089396171271801,0.968203067779541,0.9670535326004028,0.9670535326004028,True
qwen2.5-7b,generated,t_post_inst,11,0.4074,system_vs_user,system_register_vs_user_register,0.24358947575092316,0.968203067779541,0.9467207193374634,0.9467207193374634,True
qwen2.5-7b,generated,t_post_inst,11,0.4074,system_vs_user,tool_register_vs_user_register,0.09813950955867767,0.968203067779541,0.9744709134101868,0.968203067779541,True
qwen2.5-7b,generated,t_post_inst,11,0.4074,assistant_vs_user,system_register_vs_tool_register,0.05643512308597565,0.9128466844558716,0.9670535326004028,0.9128466844558716,True
qwen2.5-7b,generated,t_post_inst,11,0.4074,assistant_vs_user,system_register_vs_user_register,0.05308527499437332,0.9128466844558716,0.9467207193374634,0.9128466844558716,True
qwen2.5-7b,generated,t_post_inst,11,0.4074,assistant_vs_user,tool_register_vs_user_register,0.09149720519781113,0.9128466844558716,0.9744709134101868,0.9128466844558716,True
qwen2.5-7b,generated,t_post_inst,12,0.4444,tool_vs_user,system_register_vs_tool_register,0.4267665147781372,0.9636856913566589,0.9709780812263489,0.9636856913566589,True
qwen2.5-7b,generated,t_post_inst,12,0.4444,tool_vs_user,system_register_vs_user_register,0.04741097241640091,0.9636856913566589,0.947780430316925,0.947780430316925,True
qwen2.5-7b,generated,t_post_inst,12,0.4444,tool_vs_user,tool_register_vs_user_register,0.3789343535900116,0.9636856913566589,0.975450336933136,0.9636856913566589,True
qwen2.5-7b,generated,t_post_inst,12,0.4444,system_vs_user,system_register_vs_tool_register,0.07209733128547668,0.9674710035324097,0.9709780812263489,0.9674710035324097,True
qwen2.5-7b,generated,t_post_inst,12,0.4444,system_vs_user,system_register_vs_user_register,0.2518070340156555,0.9674710035324097,0.947780430316925,0.947780430316925,True
qwen2.5-7b,generated,t_post_inst,12,0.4444,system_vs_user,tool_register_vs_user_register,0.11750823259353638,0.9674710035324097,0.975450336933136,0.9674710035324097,True
qwen2.5-7b,generated,t_post_inst,12,0.4444,assistant_vs_user,system_register_vs_tool_register,0.06496413797140121,0.9050807952880859,0.9709780812263489,0.9050807952880859,True
qwen2.5-7b,generated,t_post_inst,12,0.4444,assistant_vs_user,system_register_vs_user_register,0.008573479950428009,0.9050807952880859,0.947780430316925,0.9050807952880859,True
qwen2.5-7b,generated,t_post_inst,12,0.4444,assistant_vs_user,tool_register_vs_user_register,0.06944015622138977,0.9050807952880859,0.975450336933136,0.9050807952880859,True
qwen2.5-7b,generated,t_post_inst,13,0.4815,tool_vs_user,system_register_vs_tool_register,0.2968132495880127,0.9729105830192566,0.9726002812385559,0.9726002812385559,True
qwen2.5-7b,generated,t_post_inst,13,0.4815,tool_vs_user,system_register_vs_user_register,0.022304324433207512,0.9729105830192566,0.9389686584472656,0.9389686584472656,True
qwen2.5-7b,generated,t_post_inst,13,0.4815,tool_vs_user,tool_register_vs_user_register,0.3281792104244232,0.9729105830192566,0.9716339111328125,0.9716339111328125,True
qwen2.5-7b,generated,t_post_inst,13,0.4815,system_vs_user,system_register_vs_tool_register,0.058904051780700684,0.9664324522018433,0.9726002812385559,0.9664324522018433,True
qwen2.5-7b,generated,t_post_inst,13,0.4815,system_vs_user,system_register_vs_user_register,0.2048632949590683,0.9664324522018433,0.9389686584472656,0.9389686584472656,True
qwen2.5-7b,generated,t_post_inst,13,0.4815,system_vs_user,tool_register_vs_user_register,0.08358608186244965,0.9664324522018433,0.9716339111328125,0.9664324522018433,True
qwen2.5-7b,generated,t_post_inst,13,0.4815,assistant_vs_user,system_register_vs_tool_register,0.2001907080411911,0.9046989679336548,0.9726002812385559,0.9046989679336548,True
qwen2.5-7b,generated,t_post_inst,13,0.4815,assistant_vs_user,system_register_vs_user_register,0.10628972202539444,0.9046989679336548,0.9389686584472656,0.9046989679336548,True
qwen2.5-7b,generated,t_post_inst,13,0.4815,assistant_vs_user,tool_register_vs_user_register,0.13513018190860748,0.9046989679336548,0.9716339111328125,0.9046989679336548,True
qwen2.5-7b,generated,t_post_inst,14,0.5185,tool_vs_user,system_register_vs_tool_register,0.3073628544807434,0.9669088125228882,0.9678381681442261,0.9669088125228882,True
qwen2.5-7b,generated,t_post_inst,14,0.5185,tool_vs_user,system_register_vs_user_register,0.08380375802516937,0.9669088125228882,0.9338805079460144,0.9338805079460144,True
qwen2.5-7b,generated,t_post_inst,14,0.5185,tool_vs_user,tool_register_vs_user_register,0.3710593581199646,0.9669088125228882,0.9688434600830078,0.9669088125228882,True
qwen2.5-7b,generated,t_post_inst,14,0.5185,system_vs_user,system_register_vs_tool_register,0.0600038580596447,0.956080436706543,0.9678381681442261,0.956080436706543,True
qwen2.5-7b,generated,t_post_inst,14,0.5185,system_vs_user,system_register_vs_user_register,0.20627498626708984,0.956080436706543,0.9338805079460144,0.9338805079460144,True
qwen2.5-7b,generated,t_post_inst,14,0.5185,system_vs_user,tool_register_vs_user_register,0.08551518619060516,0.956080436706543,0.9688434600830078,0.956080436706543,True
qwen2.5-7b,generated,t_post_inst,14,0.5185,assistant_vs_user,system_register_vs_tool_register,0.19183947145938873,0.8533784747123718,0.9678381681442261,0.8533784747123718,True
qwen2.5-7b,generated,t_post_inst,14,0.5185,assistant_vs_user,system_register_vs_user_register,0.13165178894996643,0.8533784747123718,0.9338805079460144,0.8533784747123718,True
qwen2.5-7b,generated,t_post_inst,14,0.5185,assistant_vs_user,tool_register_vs_user_register,0.10108230262994766,0.8533784747123718,0.9688434600830078,0.8533784747123718,True
qwen2.5-7b,generated,t_post_inst,15,0.5556,tool_vs_user,system_register_vs_tool_register,0.3492712080478668,0.9660471081733704,0.967157244682312,0.9660471081733704,True
qwen2.5-7b,generated,t_post_inst,15,0.5556,tool_vs_user,system_register_vs_user_register,0.03995886445045471,0.9660471081733704,0.9274764060974121,0.9274764060974121,True
qwen2.5-7b,generated,t_post_inst,15,0.5556,tool_vs_user,tool_register_vs_user_register,0.3836049437522888,0.9660471081733704,0.9680216908454895,0.9660471081733704,True
qwen2.5-7b,generated,t_post_inst,15,0.5556,system_vs_user,system_register_vs_tool_register,0.013998331502079964,0.9654310345649719,0.967157244682312,0.9654310345649719,True
qwen2.5-7b,generated,t_post_inst,15,0.5556,system_vs_user,system_register_vs_user_register,0.21354228258132935,0.9654310345649719,0.9274764060974121,0.9274764060974121,True
qwen2.5-7b,generated,t_post_inst,15,0.5556,system_vs_user,tool_register_vs_user_register,0.13392561674118042,0.9654310345649719,0.9680216908454895,0.9654310345649719,True
qwen2.5-7b,generated,t_post_inst,15,0.5556,assistant_vs_user,system_register_vs_tool_register,0.1924346387386322,0.8438072204589844,0.967157244682312,0.8438072204589844,True
qwen2.5-7b,generated,t_post_inst,15,0.5556,assistant_vs_user,system_register_vs_user_register,0.12542185187339783,0.8438072204589844,0.9274764060974121,0.8438072204589844,True
qwen2.5-7b,generated,t_post_inst,15,0.5556,assistant_vs_user,tool_register_vs_user_register,0.1090361475944519,0.8438072204589844,0.9680216908454895,0.8438072204589844,True
qwen2.5-7b,generated,t_post_inst,16,0.5926,tool_vs_user,system_register_vs_tool_register,0.3339370787143707,0.9581297636032104,0.9630279541015625,0.9581297636032104,True
qwen2.5-7b,generated,t_post_inst,16,0.5926,tool_vs_user,system_register_vs_user_register,0.0006042104214429855,0.9581297636032104,0.9194146990776062,0.9194146990776062,True
qwen2.5-7b,generated,t_post_inst,16,0.5926,tool_vs_user,tool_register_vs_user_register,0.33599886298179626,0.9581297636032104,0.9656767845153809,0.9581297636032104,True
qwen2.5-7b,generated,t_post_inst,16,0.5926,system_vs_user,system_register_vs_tool_register,0.04525072127580643,0.9602262377738953,0.9630279541015625,0.9602262377738953,True
qwen2.5-7b,generated,t_post_inst,16,0.5926,system_vs_user,system_register_vs_user_register,0.1758030354976654,0.9602262377738953,0.9194146990776062,0.9194146990776062,True
qwen2.5-7b,generated,t_post_inst,16,0.5926,system_vs_user,tool_register_vs_user_register,0.07629846036434174,0.9602262377738953,0.9656767845153809,0.9602262377738953,True
qwen2.5-7b,generated,t_post_inst,16,0.5926,assistant_vs_user,system_register_vs_tool_register,0.16677072644233704,0.8116179704666138,0.9630279541015625,0.8116179704666138,True
qwen2.5-7b,generated,t_post_inst,16,0.5926,assistant_vs_user,system_register_vs_user_register,0.11541314423084259,0.8116179704666138,0.9194146990776062,0.8116179704666138,True
qwen2.5-7b,generated,t_post_inst,16,0.5926,assistant_vs_user,tool_register_vs_user_register,0.08764931559562683,0.8116179704666138,0.9656767845153809,0.8116179704666138,True
qwen2.5-7b,generated,t_post_inst,17,0.6296,tool_vs_user,system_register_vs_tool_register,0.37476545572280884,0.9548683166503906,0.9633482098579407,0.9548683166503906,True
qwen2.5-7b,generated,t_post_inst,17,0.6296,tool_vs_user,system_register_vs_user_register,0.09830310940742493,0.9548683166503906,0.9181652069091797,0.9181652069091797,True
qwen2.5-7b,generated,t_post_inst,17,0.6296,tool_vs_user,tool_register_vs_user_register,0.31125399470329285,0.9548683166503906,0.9664899706840515,0.9548683166503906,True
qwen2.5-7b,generated,t_post_inst,17,0.6296,system_vs_user,system_register_vs_tool_register,0.018816977739334106,0.9561872482299805,0.9633482098579407,0.9561872482299805,True
qwen2.5-7b,generated,t_post_inst,17,0.6296,system_vs_user,system_register_vs_user_register,0.10959155857563019,0.9561872482299805,0.9181652069091797,0.9181652069091797,True
qwen2.5-7b,generated,t_post_inst,17,0.6296,system_vs_user,tool_register_vs_user_register,0.05609821155667305,0.9561872482299805,0.9664899706840515,0.9561872482299805,True
qwen2.5-7b,generated,t_post_inst,17,0.6296,assistant_vs_user,system_register_vs_tool_register,0.17381948232650757,0.7939837574958801,0.9633482098579407,0.7939837574958801,True
qwen2.5-7b,generated,t_post_inst,17,0.6296,assistant_vs_user,system_register_vs_user_register,0.1647273600101471,0.7939837574958801,0.9181652069091797,0.7939837574958801,True
qwen2.5-7b,generated,t_post_inst,17,0.6296,assistant_vs_user,tool_register_vs_user_register,0.06271360069513321,0.7939837574958801,0.9664899706840515,0.7939837574958801,True
qwen2.5-7b,generated,t_post_inst,18,0.6667,tool_vs_user,system_register_vs_tool_register,0.40591615438461304,0.9423242807388306,0.959778904914856,0.9423242807388306,True
qwen2.5-7b,generated,t_post_inst,18,0.6667,tool_vs_user,system_register_vs_user_register,0.08235939592123032,0.9423242807388306,0.9173526763916016,0.9173526763916016,True
qwen2.5-7b,generated,t_post_inst,18,0.6667,tool_vs_user,tool_register_vs_user_register,0.33542078733444214,0.9423242807388306,0.9668256044387817,0.9423242807388306,True
qwen2.5-7b,generated,t_post_inst,18,0.6667,system_vs_user,system_register_vs_tool_register,0.08377319574356079,0.9475339651107788,0.959778904914856,0.9475339651107788,True
qwen2.5-7b,generated,t_post_inst,18,0.6667,system_vs_user,system_register_vs_user_register,0.16988036036491394,0.9475339651107788,0.9173526763916016,0.9173526763916016,True
qwen2.5-7b,generated,t_post_inst,18,0.6667,system_vs_user,tool_register_vs_user_register,0.040317222476005554,0.9475339651107788,0.9668256044387817,0.9475339651107788,True
qwen2.5-7b,generated,t_post_inst,18,0.6667,assistant_vs_user,system_register_vs_tool_register,0.1242642030119896,0.7403349280357361,0.959778904914856,0.7403349280357361,True
qwen2.5-7b,generated,t_post_inst,18,0.6667,assistant_vs_user,system_register_vs_user_register,0.06807279586791992,0.7403349280357361,0.9173526763916016,0.7403349280357361,True
qwen2.5-7b,generated,t_post_inst,18,0.6667,assistant_vs_user,tool_register_vs_user_register,0.0719740018248558,0.7403349280357361,0.9668256044387817,0.7403349280357361,True
qwen2.5-7b,generated,t_post_inst,19,0.7037,tool_vs_user,system_register_vs_tool_register,0.38498371839523315,0.8936511874198914,0.9502398371696472,0.8936511874198914,True
qwen2.5-7b,generated,t_post_inst,19,0.7037,tool_vs_user,system_register_vs_user_register,0.06377144902944565,0.8936511874198914,0.9122053384780884,0.8936511874198914,True
qwen2.5-7b,generated,t_post_inst,19,0.7037,tool_vs_user,tool_register_vs_user_register,0.3006381690502167,0.8936511874198914,0.9663206934928894,0.8936511874198914,True
qwen2.5-7b,generated,t_post_inst,19,0.7037,system_vs_user,system_register_vs_tool_register,0.12320379912853241,0.913593590259552,0.9502398371696472,0.913593590259552,True
qwen2.5-7b,generated,t_post_inst,19,0.7037,system_vs_user,system_register_vs_user_register,0.19314736127853394,0.913593590259552,0.9122053384780884,0.9122053384780884,True
qwen2.5-7b,generated,t_post_inst,19,0.7037,system_vs_user,tool_register_vs_user_register,0.02677144482731819,0.913593590259552,0.9663206934928894,0.913593590259552,True
qwen2.5-7b,generated,t_post_inst,19,0.7037,assistant_vs_user,system_register_vs_tool_register,0.0627933219075203,0.6131187677383423,0.9502398371696472,0.6131187677383423,True
qwen2.5-7b,generated,t_post_inst,19,0.7037,assistant_vs_user,system_register_vs_user_register,0.007487849332392216,0.6131187677383423,0.9122053384780884,0.6131187677383423,True
qwen2.5-7b,generated,t_post_inst,19,0.7037,assistant_vs_user,tool_register_vs_user_register,0.05111044645309448,0.6131187677383423,0.9663206934928894,0.6131187677383423,True
qwen2.5-7b,generated,t_post_inst,20,0.7407,tool_vs_user,system_register_vs_tool_register,0.3341965973377228,0.8621960878372192,0.9389300346374512,0.8621960878372192,True
qwen2.5-7b,generated,t_post_inst,20,0.7407,tool_vs_user,system_register_vs_user_register,0.04792366176843643,0.8621960878372192,0.9066187143325806,0.8621960878372192,True
qwen2.5-7b,generated,t_post_inst,20,0.7407,tool_vs_user,tool_register_vs_user_register,0.3130439519882202,0.8621960878372192,0.9634687304496765,0.8621960878372192,True
qwen2.5-7b,generated,t_post_inst,20,0.7407,system_vs_user,system_register_vs_tool_register,0.16731330752372742,0.8884072303771973,0.9389300346374512,0.8884072303771973,True
qwen2.5-7b,generated,t_post_inst,20,0.7407,system_vs_user,system_register_vs_user_register,0.2519760727882385,0.8884072303771973,0.9066187143325806,0.8884072303771973,True
qwen2.5-7b,generated,t_post_inst,20,0.7407,system_vs_user,tool_register_vs_user_register,0.04237847030162811,0.8884072303771973,0.9634687304496765,0.8884072303771973,True
qwen2.5-7b,generated,t_post_inst,20,0.7407,assistant_vs_user,system_register_vs_tool_register,0.029061567038297653,0.5295406579971313,0.9389300346374512,0.5295406579971313,True
qwen2.5-7b,generated,t_post_inst,20,0.7407,assistant_vs_user,system_register_vs_user_register,0.07138504832983017,0.5295406579971313,0.9066187143325806,0.5295406579971313,True
qwen2.5-7b,generated,t_post_inst,20,0.7407,assistant_vs_user,tool_register_vs_user_register,0.027286347001791,0.5295406579971313,0.9634687304496765,0.5295406579971313,True
qwen2.5-7b,generated,t_post_inst,21,0.7778,tool_vs_user,system_register_vs_tool_register,0.28205594420433044,0.800965428352356,0.9271377325057983,0.800965428352356,True
qwen2.5-7b,generated,t_post_inst,21,0.7778,tool_vs_user,system_register_vs_user_register,0.0780978798866272,0.800965428352356,0.9203817248344421,0.800965428352356,True
qwen2.5-7b,generated,t_post_inst,21,0.7778,tool_vs_user,tool_register_vs_user_register,0.26743122935295105,0.800965428352356,0.9634724855422974,0.800965428352356,True
qwen2.5-7b,generated,t_post_inst,21,0.7778,system_vs_user,system_register_vs_tool_register,0.1636061668395996,0.8416670560836792,0.9271377325057983,0.8416670560836792,True
qwen2.5-7b,generated,t_post_inst,21,0.7778,system_vs_user,system_register_vs_user_register,0.23047992587089539,0.8416670560836792,0.9203817248344421,0.8416670560836792,True
qwen2.5-7b,generated,t_post_inst,21,0.7778,system_vs_user,tool_register_vs_user_register,0.05390920862555504,0.8416670560836792,0.9634724855422974,0.8416670560836792,True
qwen2.5-7b,generated,t_post_inst,21,0.7778,assistant_vs_user,system_register_vs_tool_register,0.07343880832195282,0.43566733598709106,0.9271377325057983,0.43566733598709106,True
qwen2.5-7b,generated,t_post_inst,21,0.7778,assistant_vs_user,system_register_vs_user_register,0.13266205787658691,0.43566733598709106,0.9203817248344421,0.43566733598709106,True
qwen2.5-7b,generated,t_post_inst,21,0.7778,assistant_vs_user,tool_register_vs_user_register,0.04633508622646332,0.43566733598709106,0.9634724855422974,0.43566733598709106,True
qwen2.5-7b,generated,t_post_inst,22,0.8148,tool_vs_user,system_register_vs_tool_register,0.25578242540359497,0.7137492895126343,0.9107144474983215,0.7137492895126343,True
qwen2.5-7b,generated,t_post_inst,22,0.8148,tool_vs_user,system_register_vs_user_register,0.09727538377046585,0.7137492895126343,0.9092559814453125,0.7137492895126343,True
qwen2.5-7b,generated,t_post_inst,22,0.8148,tool_vs_user,tool_register_vs_user_register,0.25654682517051697,0.7137492895126343,0.956508457660675,0.7137492895126343,True
qwen2.5-7b,generated,t_post_inst,22,0.8148,system_vs_user,system_register_vs_tool_register,0.15708884596824646,0.8050460815429688,0.9107144474983215,0.8050460815429688,True
qwen2.5-7b,generated,t_post_inst,22,0.8148,system_vs_user,system_register_vs_user_register,0.2028539776802063,0.8050460815429688,0.9092559814453125,0.8050460815429688,True
qwen2.5-7b,generated,t_post_inst,22,0.8148,system_vs_user,tool_register_vs_user_register,0.04206029325723648,0.8050460815429688,0.956508457660675,0.8050460815429688,True
qwen2.5-7b,generated,t_post_inst,22,0.8148,assistant_vs_user,system_register_vs_tool_register,0.10167170315980911,0.333116352558136,0.9107144474983215,0.333116352558136,True
qwen2.5-7b,generated,t_post_inst,22,0.8148,assistant_vs_user,system_register_vs_user_register,0.13561546802520752,0.333116352558136,0.9092559814453125,0.333116352558136,True
qwen2.5-7b,generated,t_post_inst,22,0.8148,assistant_vs_user,tool_register_vs_user_register,0.03050912357866764,0.333116352558136,0.956508457660675,0.333116352558136,True
qwen2.5-7b,generated,t_post_inst,23,0.8519,tool_vs_user,system_register_vs_tool_register,0.22687867283821106,0.6851162314414978,0.9033046960830688,0.6851162314414978,True
qwen2.5-7b,generated,t_post_inst,23,0.8519,tool_vs_user,system_register_vs_user_register,0.1872587651014328,0.6851162314414978,0.9145668148994446,0.6851162314414978,True
qwen2.5-7b,generated,t_post_inst,23,0.8519,tool_vs_user,tool_register_vs_user_register,0.29232579469680786,0.6851162314414978,0.9597517848014832,0.6851162314414978,True
qwen2.5-7b,generated,t_post_inst,23,0.8519,system_vs_user,system_register_vs_tool_register,0.19258058071136475,0.7870131134986877,0.9033046960830688,0.7870131134986877,True
qwen2.5-7b,generated,t_post_inst,23,0.8519,system_vs_user,system_register_vs_user_register,0.1316828727722168,0.7870131134986877,0.9145668148994446,0.7870131134986877,True
qwen2.5-7b,generated,t_post_inst,23,0.8519,system_vs_user,tool_register_vs_user_register,0.027545807883143425,0.7870131134986877,0.9597517848014832,0.7870131134986877,True
qwen2.5-7b,generated,t_post_inst,23,0.8519,assistant_vs_user,system_register_vs_tool_register,0.14681780338287354,0.2613179087638855,0.9033046960830688,0.2613179087638855,True
qwen2.5-7b,generated,t_post_inst,23,0.8519,assistant_vs_user,system_register_vs_user_register,0.1415935456752777,0.2613179087638855,0.9145668148994446,0.2613179087638855,True
qwen2.5-7b,generated,t_post_inst,23,0.8519,assistant_vs_user,tool_register_vs_user_register,0.010272130370140076,0.2613179087638855,0.9597517848014832,0.2613179087638855,True
qwen2.5-7b,generated,t_post_inst,24,0.8889,tool_vs_user,system_register_vs_tool_register,0.2313169538974762,0.6245276927947998,0.8943458795547485,0.6245276927947998,True
qwen2.5-7b,generated,t_post_inst,24,0.8889,tool_vs_user,system_register_vs_user_register,0.19562631845474243,0.6245276927947998,0.9045242071151733,0.6245276927947998,True
qwen2.5-7b,generated,t_post_inst,24,0.8889,tool_vs_user,tool_register_vs_user_register,0.29771068692207336,0.6245276927947998,0.9558960199356079,0.6245276927947998,True
qwen2.5-7b,generated,t_post_inst,24,0.8889,system_vs_user,system_register_vs_tool_register,0.16497337818145752,0.7496968507766724,0.8943458795547485,0.7496968507766724,True
qwen2.5-7b,generated,t_post_inst,24,0.8889,system_vs_user,system_register_vs_user_register,0.14539501070976257,0.7496968507766724,0.9045242071151733,0.7496968507766724,True
qwen2.5-7b,generated,t_post_inst,24,0.8889,system_vs_user,tool_register_vs_user_register,0.0003459155559539795,0.7496968507766724,0.9558960199356079,0.7496968507766724,True
qwen2.5-7b,generated,t_post_inst,24,0.8889,assistant_vs_user,system_register_vs_tool_register,0.11869046837091446,0.18679097294807434,0.8943458795547485,0.18679097294807434,True
qwen2.5-7b,generated,t_post_inst,24,0.8889,assistant_vs_user,system_register_vs_user_register,0.14871211349964142,0.18679097294807434,0.9045242071151733,0.18679097294807434,True
qwen2.5-7b,generated,t_post_inst,24,0.8889,assistant_vs_user,tool_register_vs_user_register,0.032567478716373444,0.18679097294807434,0.9558960199356079,0.18679097294807434,True
qwen2.5-7b,generated,t_post_inst,25,0.9259,tool_vs_user,system_register_vs_tool_register,0.23801206052303314,0.6153073310852051,0.8887354731559753,0.6153073310852051,True
qwen2.5-7b,generated,t_post_inst,25,0.9259,tool_vs_user,system_register_vs_user_register,0.18719440698623657,0.6153073310852051,0.8915442228317261,0.6153073310852051,True
qwen2.5-7b,generated,t_post_inst,25,0.9259,tool_vs_user,tool_register_vs_user_register,0.2952030897140503,0.6153073310852051,0.9532267451286316,0.6153073310852051,True
qwen2.5-7b,generated,t_post_inst,25,0.9259,system_vs_user,system_register_vs_tool_register,0.17760172486305237,0.7640388607978821,0.8887354731559753,0.7640388607978821,True
qwen2.5-7b,generated,t_post_inst,25,0.9259,system_vs_user,system_register_vs_user_register,0.1700529158115387,0.7640388607978821,0.8915442228317261,0.7640388607978821,True
qwen2.5-7b,generated,t_post_inst,25,0.9259,system_vs_user,tool_register_vs_user_register,0.003732516895979643,0.7640388607978821,0.9532267451286316,0.7640388607978821,True
qwen2.5-7b,generated,t_post_inst,25,0.9259,assistant_vs_user,system_register_vs_tool_register,0.14260996878147125,0.2118806540966034,0.8887354731559753,0.2118806540966034,True
qwen2.5-7b,generated,t_post_inst,25,0.9259,assistant_vs_user,system_register_vs_user_register,0.1445653885602951,0.2118806540966034,0.8915442228317261,0.2118806540966034,True
qwen2.5-7b,generated,t_post_inst,25,0.9259,assistant_vs_user,tool_register_vs_user_register,0.008795198053121567,0.2118806540966034,0.9532267451286316,0.2118806540966034,True
qwen2.5-7b,generated,t_post_inst,26,0.963,tool_vs_user,system_register_vs_tool_register,0.23793555796146393,0.606939435005188,0.8874402046203613,0.606939435005188,True
qwen2.5-7b,generated,t_post_inst,26,0.963,tool_vs_user,system_register_vs_user_register,0.2033321112394333,0.606939435005188,0.8896802663803101,0.606939435005188,True
qwen2.5-7b,generated,t_post_inst,26,0.963,tool_vs_user,tool_register_vs_user_register,0.2991390824317932,0.606939435005188,0.9548301696777344,0.606939435005188,True
qwen2.5-7b,generated,t_post_inst,26,0.963,system_vs_user,system_register_vs_tool_register,0.1768290400505066,0.7592660188674927,0.8874402046203613,0.7592660188674927,True
qwen2.5-7b,generated,t_post_inst,26,0.963,system_vs_user,system_register_vs_user_register,0.16131752729415894,0.7592660188674927,0.8896802663803101,0.7592660188674927,True
qwen2.5-7b,generated,t_post_inst,26,0.963,system_vs_user,tool_register_vs_user_register,0.0027601472102105618,0.7592660188674927,0.9548301696777344,0.7592660188674927,True
qwen2.5-7b,generated,t_post_inst,26,0.963,assistant_vs_user,system_register_vs_tool_register,0.14896169304847717,0.263153612613678,0.8874402046203613,0.263153612613678,True
qwen2.5-7b,generated,t_post_inst,26,0.963,assistant_vs_user,system_register_vs_user_register,0.10296109318733215,0.263153612613678,0.8896802663803101,0.263153612613678,True
qwen2.5-7b,generated,t_post_inst,26,0.963,assistant_vs_user,tool_register_vs_user_register,0.025468610227108,0.263153612613678,0.9548301696777344,0.263153612613678,True
qwen2.5-7b,generated,t_post_inst,27,1.0,tool_vs_user,system_register_vs_tool_register,0.3100109100341797,0.5967732667922974,0.8917248845100403,0.5967732667922974,True
qwen2.5-7b,generated,t_post_inst,27,1.0,tool_vs_user,system_register_vs_user_register,0.1955455243587494,0.5967732667922974,0.8904348611831665,0.5967732667922974,True
qwen2.5-7b,generated,t_post_inst,27,1.0,tool_vs_user,tool_register_vs_user_register,0.32969650626182556,0.5967732667922974,0.9590705633163452,0.5967732667922974,True
qwen2.5-7b,generated,t_post_inst,27,1.0,system_vs_user,system_register_vs_tool_register,0.258510559797287,0.7473729848861694,0.8917248845100403,0.7473729848861694,True
qwen2.5-7b,generated,t_post_inst,27,1.0,system_vs_user,system_register_vs_user_register,0.1029943972826004,0.7473729848861694,0.8904348611831665,0.7473729848861694,True
qwen2.5-7b,generated,t_post_inst,27,1.0,system_vs_user,tool_register_vs_user_register,0.09700462967157364,0.7473729848861694,0.9590705633163452,0.7473729848861694,True
qwen2.5-7b,generated,t_post_inst,27,1.0,assistant_vs_user,system_register_vs_tool_register,0.2615013122558594,0.4066382050514221,0.8917248845100403,0.4066382050514221,True
qwen2.5-7b,generated,t_post_inst,27,1.0,assistant_vs_user,system_register_vs_user_register,0.006844107061624527,0.4066382050514221,0.8904348611831665,0.4066382050514221,True
qwen2.5-7b,generated,t_post_inst,27,1.0,assistant_vs_user,tool_register_vs_user_register,0.1632230430841446,0.4066382050514221,0.9590705633163452,0.4066382050514221,True
qwen2.5-7b,template,t_inst,0,0.0,tool_vs_user,system_register_vs_tool_register,0.03199981153011322,0.9416507482528687,0.9957937002182007,0.9416507482528687,True
qwen2.5-7b,template,t_inst,0,0.0,tool_vs_user,system_register_vs_user_register,0.18574504554271698,0.9416507482528687,0.9868160486221313,0.9416507482528687,True
qwen2.5-7b,template,t_inst,0,0.0,tool_vs_user,tool_register_vs_user_register,0.11099603772163391,0.9416507482528687,0.9954074025154114,0.9416507482528687,True
qwen2.5-7b,template,t_inst,0,0.0,system_vs_user,system_register_vs_tool_register,0.04177460819482803,0.1992756426334381,0.9957937002182007,0.1992756426334381,True
qwen2.5-7b,template,t_inst,0,0.0,system_vs_user,system_register_vs_user_register,0.12131032347679138,0.1992756426334381,0.9868160486221313,0.1992756426334381,True
qwen2.5-7b,template,t_inst,0,0.0,system_vs_user,tool_register_vs_user_register,0.014976144768297672,0.1992756426334381,0.9954074025154114,0.1992756426334381,True
qwen2.5-7b,template,t_inst,0,0.0,assistant_vs_user,system_register_vs_tool_register,0.06679219752550125,-0.6873935461044312,0.9957937002182007,-0.6873935461044312,False
qwen2.5-7b,template,t_inst,0,0.0,assistant_vs_user,system_register_vs_user_register,0.03944811224937439,-0.6873935461044312,0.9868160486221313,-0.6873935461044312,False
qwen2.5-7b,template,t_inst,0,0.0,assistant_vs_user,tool_register_vs_user_register,0.04395867884159088,-0.6873935461044312,0.9954074025154114,-0.6873935461044312,False
qwen2.5-7b,template,t_inst,1,0.037,tool_vs_user,system_register_vs_tool_register,0.0069041987881064415,0.8725407719612122,0.9963549375534058,0.8725407719612122,True
qwen2.5-7b,template,t_inst,1,0.037,tool_vs_user,system_register_vs_user_register,0.1425248086452484,0.8725407719612122,0.9811258316040039,0.8725407719612122,True
qwen2.5-7b,template,t_inst,1,0.037,tool_vs_user,tool_register_vs_user_register,0.03214322775602341,0.8725407719612122,0.9958251714706421,0.8725407719612122,True
qwen2.5-7b,template,t_inst,1,0.037,system_vs_user,system_register_vs_tool_register,0.0885477364063263,0.5334204435348511,0.9963549375534058,0.5334204435348511,True
qwen2.5-7b,template,t_inst,1,0.037,system_vs_user,system_register_vs_user_register,0.014133855700492859,0.5334204435348511,0.9811258316040039,0.5334204435348511,True
qwen2.5-7b,template,t_inst,1,0.037,system_vs_user,tool_register_vs_user_register,0.0911160558462143,0.5334204435348511,0.9958251714706421,0.5334204435348511,True
qwen2.5-7b,template,t_inst,1,0.037,assistant_vs_user,system_register_vs_tool_register,0.0022383923642337322,-0.7051364183425903,0.9963549375534058,-0.7051364183425903,False
qwen2.5-7b,template,t_inst,1,0.037,assistant_vs_user,system_register_vs_user_register,0.023784341290593147,-0.7051364183425903,0.9811258316040039,-0.7051364183425903,False
qwen2.5-7b,template,t_inst,1,0.037,assistant_vs_user,tool_register_vs_user_register,0.008705017156898975,-0.7051364183425903,0.9958251714706421,-0.7051364183425903,False
qwen2.5-7b,template,t_inst,2,0.0741,tool_vs_user,system_register_vs_tool_register,0.010531201958656311,0.8669230341911316,0.9956909418106079,0.8669230341911316,True
qwen2.5-7b,template,t_inst,2,0.0741,tool_vs_user,system_register_vs_user_register,0.10009041428565979,0.8669230341911316,0.9794260859489441,0.8669230341911316,True
qwen2.5-7b,template,t_inst,2,0.0741,tool_vs_user,tool_register_vs_user_register,0.03795112669467926,0.8669230341911316,0.9951754808425903,0.8669230341911316,True
qwen2.5-7b,template,t_inst,2,0.0741,system_vs_user,system_register_vs_tool_register,0.0069945696741342545,0.4858604967594147,0.9956909418106079,0.4858604967594147,True
qwen2.5-7b,template,t_inst,2,0.0741,system_vs_user,system_register_vs_user_register,0.04195588827133179,0.4858604967594147,0.9794260859489441,0.4858604967594147,True
qwen2.5-7b,template,t_inst,2,0.0741,system_vs_user,tool_register_vs_user_register,0.01847430318593979,0.4858604967594147,0.9951754808425903,0.4858604967594147,True
qwen2.5-7b,template,t_inst,2,0.0741,assistant_vs_user,system_register_vs_tool_register,0.04651271551847458,-0.6898545622825623,0.9956909418106079,-0.6898545622825623,False
qwen2.5-7b,template,t_inst,2,0.0741,assistant_vs_user,system_register_vs_user_register,0.05936223268508911,-0.6898545622825623,0.9794260859489441,-0.6898545622825623,False
qwen2.5-7b,template,t_inst,2,0.0741,assistant_vs_user,tool_register_vs_user_register,0.029962262138724327,-0.6898545622825623,0.9951754808425903,-0.6898545622825623,False
qwen2.5-7b,template,t_inst,3,0.1111,tool_vs_user,system_register_vs_tool_register,0.023410435765981674,0.8702007532119751,0.9952086210250854,0.8702007532119751,True
qwen2.5-7b,template,t_inst,3,0.1111,tool_vs_user,system_register_vs_user_register,0.07911171019077301,0.8702007532119751,0.9819406270980835,0.8702007532119751,True
qwen2.5-7b,template,t_inst,3,0.1111,tool_vs_user,tool_register_vs_user_register,0.003109353594481945,0.8702007532119751,0.9947651028633118,0.8702007532119751,True
qwen2.5-7b,template,t_inst,3,0.1111,system_vs_user,system_register_vs_tool_register,0.053594157099723816,0.5701929926872253,0.9952086210250854,0.5701929926872253,True
qwen2.5-7b,template,t_inst,3,0.1111,system_vs_user,system_register_vs_user_register,0.03142601624131203,0.5701929926872253,0.9819406270980835,0.5701929926872253,True
qwen2.5-7b,template,t_inst,3,0.1111,system_vs_user,tool_register_vs_user_register,0.042171478271484375,0.5701929926872253,0.9947651028633118,0.5701929926872253,True
qwen2.5-7b,template,t_inst,3,0.1111,assistant_vs_user,system_register_vs_tool_register,0.07268756628036499,-0.7016304135322571,0.9952086210250854,-0.7016304135322571,False
qwen2.5-7b,template,t_inst,3,0.1111,assistant_vs_user,system_register_vs_user_register,0.08893335610628128,-0.7016304135322571,0.9819406270980835,-0.7016304135322571,False
qwen2.5-7b,template,t_inst,3,0.1111,assistant_vs_user,tool_register_vs_user_register,0.04194571450352669,-0.7016304135322571,0.9947651028633118,-0.7016304135322571,False
qwen2.5-7b,template,t_inst,4,0.1481,tool_vs_user,system_register_vs_tool_register,0.0009545180946588516,0.8896133303642273,0.9953125715255737,0.8896133303642273,True
qwen2.5-7b,template,t_inst,4,0.1481,tool_vs_user,system_register_vs_user_register,0.08187241852283478,0.8896133303642273,0.9827829599380493,0.8896133303642273,True
qwen2.5-7b,template,t_inst,4,0.1481,tool_vs_user,tool_register_vs_user_register,0.031171999871730804,0.8896133303642273,0.9946388006210327,0.8896133303642273,True
qwen2.5-7b,template,t_inst,4,0.1481,system_vs_user,system_register_vs_tool_register,0.003559732111170888,0.6002565622329712,0.9953125715255737,0.6002565622329712,True
qwen2.5-7b,template,t_inst,4,0.1481,system_vs_user,system_register_vs_user_register,0.019639458507299423,0.6002565622329712,0.9827829599380493,0.6002565622329712,True
qwen2.5-7b,template,t_inst,4,0.1481,system_vs_user,tool_register_vs_user_register,0.004159683361649513,0.6002565622329712,0.9946388006210327,0.6002565622329712,True
qwen2.5-7b,template,t_inst,4,0.1481,assistant_vs_user,system_register_vs_tool_register,0.09543990343809128,-0.5531680583953857,0.9953125715255737,-0.5531680583953857,False
qwen2.5-7b,template,t_inst,4,0.1481,assistant_vs_user,system_register_vs_user_register,0.08137603849172592,-0.5531680583953857,0.9827829599380493,-0.5531680583953857,False
qwen2.5-7b,template,t_inst,4,0.1481,assistant_vs_user,tool_register_vs_user_register,0.06314068287611008,-0.5531680583953857,0.9946388006210327,-0.5531680583953857,False
qwen2.5-7b,template,t_inst,5,0.1852,tool_vs_user,system_register_vs_tool_register,0.035080958157777786,0.9055461883544922,0.9951934814453125,0.9055461883544922,True
qwen2.5-7b,template,t_inst,5,0.1852,tool_vs_user,system_register_vs_user_register,0.10016505420207977,0.9055461883544922,0.9816908836364746,0.9055461883544922,True
qwen2.5-7b,template,t_inst,5,0.1852,tool_vs_user,tool_register_vs_user_register,0.0044549982994794846,0.9055461883544922,0.9945761561393738,0.9055461883544922,True
qwen2.5-7b,template,t_inst,5,0.1852,system_vs_user,system_register_vs_tool_register,0.043741870671510696,0.7026234865188599,0.9951934814453125,0.7026234865188599,True
qwen2.5-7b,template,t_inst,5,0.1852,system_vs_user,system_register_vs_user_register,0.010624498128890991,0.7026234865188599,0.9816908836364746,0.7026234865188599,True
qwen2.5-7b,template,t_inst,5,0.1852,system_vs_user,tool_register_vs_user_register,0.0393000990152359,0.7026234865188599,0.9945761561393738,0.7026234865188599,True
qwen2.5-7b,template,t_inst,5,0.1852,assistant_vs_user,system_register_vs_tool_register,0.08437728881835938,-0.3721773624420166,0.9951934814453125,-0.3721773624420166,False
qwen2.5-7b,template,t_inst,5,0.1852,assistant_vs_user,system_register_vs_user_register,0.06046253442764282,-0.3721773624420166,0.9816908836364746,-0.3721773624420166,False
qwen2.5-7b,template,t_inst,5,0.1852,assistant_vs_user,tool_register_vs_user_register,0.06012028455734253,-0.3721773624420166,0.9945761561393738,-0.3721773624420166,False
qwen2.5-7b,template,t_inst,6,0.2222,tool_vs_user,system_register_vs_tool_register,0.03229743614792824,0.8845881223678589,0.9949508905410767,0.8845881223678589,True
qwen2.5-7b,template,t_inst,6,0.2222,tool_vs_user,system_register_vs_user_register,0.0999167263507843,0.8845881223678589,0.9812079668045044,0.8845881223678589,True
qwen2.5-7b,template,t_inst,6,0.2222,tool_vs_user,tool_register_vs_user_register,0.00785551592707634,0.8845881223678589,0.994407057762146,0.8845881223678589,True
qwen2.5-7b,template,t_inst,6,0.2222,system_vs_user,system_register_vs_tool_register,0.03867245092988014,0.6877536773681641,0.9949508905410767,0.6877536773681641,True
qwen2.5-7b,template,t_inst,6,0.2222,system_vs_user,system_register_vs_user_register,0.04401729255914688,0.6877536773681641,0.9812079668045044,0.6877536773681641,True
qwen2.5-7b,template,t_inst,6,0.2222,system_vs_user,tool_register_vs_user_register,0.05570763349533081,0.6877536773681641,0.994407057762146,0.6877536773681641,True
qwen2.5-7b,template,t_inst,6,0.2222,assistant_vs_user,system_register_vs_tool_register,0.03395945578813553,-0.07716631889343262,0.9949508905410767,-0.07716631889343262,False
qwen2.5-7b,template,t_inst,6,0.2222,assistant_vs_user,system_register_vs_user_register,0.03480491787195206,-0.07716631889343262,0.9812079668045044,-0.07716631889343262,False
qwen2.5-7b,template,t_inst,6,0.2222,assistant_vs_user,tool_register_vs_user_register,0.01969197951257229,-0.07716631889343262,0.994407057762146,-0.07716631889343262,False
qwen2.5-7b,template,t_inst,7,0.2593,tool_vs_user,system_register_vs_tool_register,0.07368823885917664,0.8750754594802856,0.9946738481521606,0.8750754594802856,True
qwen2.5-7b,template,t_inst,7,0.2593,tool_vs_user,system_register_vs_user_register,0.07245698571205139,0.8750754594802856,0.9812634587287903,0.8750754594802856,True
qwen2.5-7b,template,t_inst,7,0.2593,tool_vs_user,tool_register_vs_user_register,0.03805345296859741,0.8750754594802856,0.9944967031478882,0.8750754594802856,True
qwen2.5-7b,template,t_inst,7,0.2593,system_vs_user,system_register_vs_tool_register,0.0170420091599226,0.6279124021530151,0.9946738481521606,0.6279124021530151,True
qwen2.5-7b,template,t_inst,7,0.2593,system_vs_user,system_register_vs_user_register,0.033899493515491486,0.6279124021530151,0.9812634587287903,0.6279124021530151,True
qwen2.5-7b,template,t_inst,7,0.2593,system_vs_user,tool_register_vs_user_register,0.03166091442108154,0.6279124021530151,0.9944967031478882,0.6279124021530151,True
qwen2.5-7b,template,t_inst,7,0.2593,assistant_vs_user,system_register_vs_tool_register,0.06864557415246964,-0.004928617272526026,0.9946738481521606,-0.004928617272526026,False
qwen2.5-7b,template,t_inst,7,0.2593,assistant_vs_user,system_register_vs_user_register,0.010883376002311707,-0.004928617272526026,0.9812634587287903,-0.004928617272526026,False
qwen2.5-7b,template,t_inst,7,0.2593,assistant_vs_user,tool_register_vs_user_register,0.06099849194288254,-0.004928617272526026,0.9944967031478882,-0.004928617272526026,False
qwen2.5-7b,template,t_inst,8,0.2963,tool_vs_user,system_register_vs_tool_register,0.019823379814624786,0.8835926055908203,0.9938873052597046,0.8835926055908203,True
qwen2.5-7b,template,t_inst,8,0.2963,tool_vs_user,system_register_vs_user_register,0.048691317439079285,0.8835926055908203,0.9793561697006226,0.8835926055908203,True
qwen2.5-7b,template,t_inst,8,0.2963,tool_vs_user,tool_register_vs_user_register,0.004509104415774345,0.8835926055908203,0.994045615196228,0.8835926055908203,True
qwen2.5-7b,template,t_inst,8,0.2963,system_vs_user,system_register_vs_tool_register,0.04781937971711159,0.6492143273353577,0.9938873052597046,0.6492143273353577,True
qwen2.5-7b,template,t_inst,8,0.2963,system_vs_user,system_register_vs_user_register,0.08254300057888031,0.6492143273353577,0.9793561697006226,0.6492143273353577,True
qwen2.5-7b,template,t_inst,8,0.2963,system_vs_user,tool_register_vs_user_register,0.005990845151245594,0.6492143273353577,0.994045615196228,0.6492143273353577,True
qwen2.5-7b,template,t_inst,8,0.2963,assistant_vs_user,system_register_vs_tool_register,0.13040491938591003,0.04966894909739494,0.9938873052597046,0.04966894909739494,False
qwen2.5-7b,template,t_inst,8,0.2963,assistant_vs_user,system_register_vs_user_register,0.06101623922586441,0.04966894909739494,0.9793561697006226,0.04966894909739494,False
qwen2.5-7b,template,t_inst,8,0.2963,assistant_vs_user,tool_register_vs_user_register,0.0956106036901474,0.04966894909739494,0.994045615196228,0.04966894909739494,False
qwen2.5-7b,template,t_inst,9,0.3333,tool_vs_user,system_register_vs_tool_register,0.07348620891571045,0.8829929232597351,0.9942619204521179,0.8829929232597351,True
qwen2.5-7b,template,t_inst,9,0.3333,tool_vs_user,system_register_vs_user_register,0.007364882156252861,0.8829929232597351,0.978613018989563,0.8829929232597351,True
qwen2.5-7b,template,t_inst,9,0.3333,tool_vs_user,tool_register_vs_user_register,0.06618443876504898,0.8829929232597351,0.9942390322685242,0.8829929232597351,True
qwen2.5-7b,template,t_inst,9,0.3333,system_vs_user,system_register_vs_tool_register,0.023983832448720932,0.6535423398017883,0.9942619204521179,0.6535423398017883,True
qwen2.5-7b,template,t_inst,9,0.3333,system_vs_user,system_register_vs_user_register,0.09834320098161697,0.6535423398017883,0.978613018989563,0.6535423398017883,True
qwen2.5-7b,template,t_inst,9,0.3333,system_vs_user,tool_register_vs_user_register,0.02332495152950287,0.6535423398017883,0.9942390322685242,0.6535423398017883,True
qwen2.5-7b,template,t_inst,9,0.3333,assistant_vs_user,system_register_vs_tool_register,0.11835983395576477,-0.013721989467740059,0.9942619204521179,-0.013721989467740059,False
qwen2.5-7b,template,t_inst,9,0.3333,assistant_vs_user,system_register_vs_user_register,0.04768062010407448,-0.013721989467740059,0.978613018989563,-0.013721989467740059,False
qwen2.5-7b,template,t_inst,9,0.3333,assistant_vs_user,tool_register_vs_user_register,0.08982647955417633,-0.013721989467740059,0.9942390322685242,-0.013721989467740059,False
qwen2.5-7b,template,t_inst,10,0.3704,tool_vs_user,system_register_vs_tool_register,0.02919885143637657,0.8790723085403442,0.9938235282897949,0.8790723085403442,True
qwen2.5-7b,template,t_inst,10,0.3704,tool_vs_user,system_register_vs_user_register,0.03565100580453873,0.8790723085403442,0.97808438539505,0.8790723085403442,True
qwen2.5-7b,template,t_inst,10,0.3704,tool_vs_user,tool_register_vs_user_register,0.044464170932769775,0.8790723085403442,0.9942045211791992,0.8790723085403442,True
qwen2.5-7b,template,t_inst,10,0.3704,system_vs_user,system_register_vs_tool_register,0.06688705831766129,0.7091885805130005,0.9938235282897949,0.7091885805130005,True
qwen2.5-7b,template,t_inst,10,0.3704,system_vs_user,system_register_vs_user_register,0.10416413843631744,0.7091885805130005,0.97808438539505,0.7091885805130005,True
qwen2.5-7b,template,t_inst,10,0.3704,system_vs_user,tool_register_vs_user_register,0.012523890472948551,0.7091885805130005,0.9942045211791992,0.7091885805130005,True
qwen2.5-7b,template,t_inst,10,0.3704,assistant_vs_user,system_register_vs_tool_register,0.1720970869064331,0.28987783193588257,0.9938235282897949,0.28987783193588257,True
qwen2.5-7b,template,t_inst,10,0.3704,assistant_vs_user,system_register_vs_user_register,0.06691279262304306,0.28987783193588257,0.97808438539505,0.28987783193588257,True
qwen2.5-7b,template,t_inst,10,0.3704,assistant_vs_user,tool_register_vs_user_register,0.12889331579208374,0.28987783193588257,0.9942045211791992,0.28987783193588257,True
qwen2.5-7b,template,t_inst,11,0.4074,tool_vs_user,system_register_vs_tool_register,0.026683343574404716,0.8672288060188293,0.9941099882125854,0.8672288060188293,True
qwen2.5-7b,template,t_inst,11,0.4074,tool_vs_user,system_register_vs_user_register,0.05201612040400505,0.8672288060188293,0.9774379730224609,0.8672288060188293,True
qwen2.5-7b,template,t_inst,11,0.4074,tool_vs_user,tool_register_vs_user_register,0.0490436777472496,0.8672288060188293,0.9945589900016785,0.8672288060188293,True
qwen2.5-7b,template,t_inst,11,0.4074,system_vs_user,system_register_vs_tool_register,0.08796115964651108,0.7199426889419556,0.9941099882125854,0.7199426889419556,True
qwen2.5-7b,template,t_inst,11,0.4074,system_vs_user,system_register_vs_user_register,0.08881700038909912,0.7199426889419556,0.9774379730224609,0.7199426889419556,True
qwen2.5-7b,template,t_inst,11,0.4074,system_vs_user,tool_register_vs_user_register,0.04044020175933838,0.7199426889419556,0.9945589900016785,0.7199426889419556,True
qwen2.5-7b,template,t_inst,11,0.4074,assistant_vs_user,system_register_vs_tool_register,0.19008101522922516,0.30251365900039673,0.9941099882125854,0.30251365900039673,True
qwen2.5-7b,template,t_inst,11,0.4074,assistant_vs_user,system_register_vs_user_register,0.059995271265506744,0.30251365900039673,0.9774379730224609,0.30251365900039673,True
qwen2.5-7b,template,t_inst,11,0.4074,assistant_vs_user,tool_register_vs_user_register,0.1488400399684906,0.30251365900039673,0.9945589900016785,0.30251365900039673,True
qwen2.5-7b,template,t_inst,12,0.4444,tool_vs_user,system_register_vs_tool_register,0.0047637587413191795,0.874224841594696,0.9945602416992188,0.874224841594696,True
qwen2.5-7b,template,t_inst,12,0.4444,tool_vs_user,system_register_vs_user_register,0.039255693554878235,0.874224841594696,0.9760435819625854,0.874224841594696,True
qwen2.5-7b,template,t_inst,12,0.4444,tool_vs_user,tool_register_vs_user_register,0.012686772271990776,0.874224841594696,0.9949042201042175,0.874224841594696,True
qwen2.5-7b,template,t_inst,12,0.4444,system_vs_user,system_register_vs_tool_register,0.07152455300092697,0.7380096316337585,0.9945602416992188,0.7380096316337585,True
qwen2.5-7b,template,t_inst,12,0.4444,system_vs_user,system_register_vs_user_register,0.12534086406230927,0.7380096316337585,0.9760435819625854,0.7380096316337585,True
qwen2.5-7b,template,t_inst,12,0.4444,system_vs_user,tool_register_vs_user_register,0.012654502876102924,0.7380096316337585,0.9949042201042175,0.7380096316337585,True
qwen2.5-7b,template,t_inst,12,0.4444,assistant_vs_user,system_register_vs_tool_register,0.15920418500900269,0.5117049813270569,0.9945602416992188,0.5117049813270569,True
qwen2.5-7b,template,t_inst,12,0.4444,assistant_vs_user,system_register_vs_user_register,0.06206159666180611,0.5117049813270569,0.9760435819625854,0.5117049813270569,True
qwen2.5-7b,template,t_inst,12,0.4444,assistant_vs_user,tool_register_vs_user_register,0.12312699109315872,0.5117049813270569,0.9949042201042175,0.5117049813270569,True
qwen2.5-7b,template,t_inst,13,0.4815,tool_vs_user,system_register_vs_tool_register,0.08275558799505234,0.872961163520813,0.9944758415222168,0.872961163520813,True
qwen2.5-7b,template,t_inst,13,0.4815,tool_vs_user,system_register_vs_user_register,0.09640556573867798,0.872961163520813,0.977177619934082,0.872961163520813,True
qwen2.5-7b,template,t_inst,13,0.4815,tool_vs_user,tool_register_vs_user_register,0.035193655639886856,0.872961163520813,0.9944747686386108,0.872961163520813,True
qwen2.5-7b,template,t_inst,13,0.4815,system_vs_user,system_register_vs_tool_register,0.051772549748420715,0.755029559135437,0.9944758415222168,0.755029559135437,True
qwen2.5-7b,template,t_inst,13,0.4815,system_vs_user,system_register_vs_user_register,0.1377643197774887,0.755029559135437,0.977177619934082,0.755029559135437,True
qwen2.5-7b,template,t_inst,13,0.4815,system_vs_user,tool_register_vs_user_register,0.015018819831311703,0.755029559135437,0.9944747686386108,0.755029559135437,True
qwen2.5-7b,template,t_inst,13,0.4815,assistant_vs_user,system_register_vs_tool_register,0.2484811544418335,0.6693118810653687,0.9944758415222168,0.6693118810653687,True
qwen2.5-7b,template,t_inst,13,0.4815,assistant_vs_user,system_register_vs_user_register,0.13054178655147552,0.6693118810653687,0.977177619934082,0.6693118810653687,True
qwen2.5-7b,template,t_inst,13,0.4815,assistant_vs_user,tool_register_vs_user_register,0.1816667765378952,0.6693118810653687,0.9944747686386108,0.6693118810653687,True
qwen2.5-7b,template,t_inst,14,0.5185,tool_vs_user,system_register_vs_tool_register,0.019676437601447105,0.875846266746521,0.9943574666976929,0.875846266746521,True
qwen2.5-7b,template,t_inst,14,0.5185,tool_vs_user,system_register_vs_user_register,0.02631988190114498,0.875846266746521,0.9753097295761108,0.875846266746521,True
qwen2.5-7b,template,t_inst,14,0.5185,tool_vs_user,tool_register_vs_user_register,0.006915345788002014,0.875846266746521,0.9944217801094055,0.875846266746521,True
qwen2.5-7b,template,t_inst,14,0.5185,system_vs_user,system_register_vs_tool_register,0.03924469277262688,0.7594493627548218,0.9943574666976929,0.7594493627548218,True
qwen2.5-7b,template,t_inst,14,0.5185,system_vs_user,system_register_vs_user_register,0.15562346577644348,0.7594493627548218,0.9753097295761108,0.7594493627548218,True
qwen2.5-7b,template,t_inst,14,0.5185,system_vs_user,tool_register_vs_user_register,0.03327205032110214,0.7594493627548218,0.9944217801094055,0.7594493627548218,True
qwen2.5-7b,template,t_inst,14,0.5185,assistant_vs_user,system_register_vs_tool_register,0.12792891263961792,0.6131893396377563,0.9943574666976929,0.6131893396377563,True
qwen2.5-7b,template,t_inst,14,0.5185,assistant_vs_user,system_register_vs_user_register,0.046494223177433014,0.6131893396377563,0.9753097295761108,0.6131893396377563,True
qwen2.5-7b,template,t_inst,14,0.5185,assistant_vs_user,tool_register_vs_user_register,0.10183744877576828,0.6131893396377563,0.9944217801094055,0.6131893396377563,True
qwen2.5-7b,template,t_inst,15,0.5556,tool_vs_user,system_register_vs_tool_register,0.046439558267593384,0.8826457262039185,0.9942265748977661,0.8826457262039185,True
qwen2.5-7b,template,t_inst,15,0.5556,tool_vs_user,system_register_vs_user_register,0.046666208654642105,0.8826457262039185,0.9740368723869324,0.8826457262039185,True
qwen2.5-7b,template,t_inst,15,0.5556,tool_vs_user,tool_register_vs_user_register,0.023730918765068054,0.8826457262039185,0.994353175163269,0.8826457262039185,True
qwen2.5-7b,template,t_inst,15,0.5556,system_vs_user,system_register_vs_tool_register,0.02599364146590233,0.7930835485458374,0.9942265748977661,0.7930835485458374,True
qwen2.5-7b,template,t_inst,15,0.5556,system_vs_user,system_register_vs_user_register,0.16184908151626587,0.7930835485458374,0.9740368723869324,0.7930835485458374,True
qwen2.5-7b,template,t_inst,15,0.5556,system_vs_user,tool_register_vs_user_register,0.048885926604270935,0.7930835485458374,0.994353175163269,0.7930835485458374,True
qwen2.5-7b,template,t_inst,15,0.5556,assistant_vs_user,system_register_vs_tool_register,0.16620001196861267,0.7567645907402039,0.9942265748977661,0.7567645907402039,True
qwen2.5-7b,template,t_inst,15,0.5556,assistant_vs_user,system_register_vs_user_register,0.06305799633264542,0.7567645907402039,0.9740368723869324,0.7567645907402039,True
qwen2.5-7b,template,t_inst,15,0.5556,assistant_vs_user,tool_register_vs_user_register,0.13254372775554657,0.7567645907402039,0.994353175163269,0.7567645907402039,True
qwen2.5-7b,template,t_inst,16,0.5926,tool_vs_user,system_register_vs_tool_register,0.04638516530394554,0.8923755884170532,0.9940651655197144,0.8923755884170532,True
qwen2.5-7b,template,t_inst,16,0.5926,tool_vs_user,system_register_vs_user_register,0.04519440978765488,0.8923755884170532,0.9745739698410034,0.8923755884170532,True
qwen2.5-7b,template,t_inst,16,0.5926,tool_vs_user,tool_register_vs_user_register,0.023758474737405777,0.8923755884170532,0.994371771812439,0.8923755884170532,True
qwen2.5-7b,template,t_inst,16,0.5926,system_vs_user,system_register_vs_tool_register,0.009867988526821136,0.8134387731552124,0.9940651655197144,0.8134387731552124,True
qwen2.5-7b,template,t_inst,16,0.5926,system_vs_user,system_register_vs_user_register,0.16555576026439667,0.8134387731552124,0.9745739698410034,0.8134387731552124,True
qwen2.5-7b,template,t_inst,16,0.5926,system_vs_user,tool_register_vs_user_register,0.06628093123435974,0.8134387731552124,0.994371771812439,0.8134387731552124,True
qwen2.5-7b,template,t_inst,16,0.5926,assistant_vs_user,system_register_vs_tool_register,0.10238868743181229,0.770246684551239,0.9940651655197144,0.770246684551239,True
qwen2.5-7b,template,t_inst,16,0.5926,assistant_vs_user,system_register_vs_user_register,0.0013843388296663761,0.770246684551239,0.9745739698410034,0.770246684551239,True
qwen2.5-7b,template,t_inst,16,0.5926,assistant_vs_user,tool_register_vs_user_register,0.09871216863393784,0.770246684551239,0.994371771812439,0.770246684551239,True
qwen2.5-7b,template,t_inst,17,0.6296,tool_vs_user,system_register_vs_tool_register,0.05206501483917236,0.9066543579101562,0.99406898021698,0.9066543579101562,True
qwen2.5-7b,template,t_inst,17,0.6296,tool_vs_user,system_register_vs_user_register,0.022865908220410347,0.9066543579101562,0.9732413291931152,0.9066543579101562,True
qwen2.5-7b,template,t_inst,17,0.6296,tool_vs_user,tool_register_vs_user_register,0.04027910530567169,0.9066543579101562,0.99421626329422,0.9066543579101562,True
qwen2.5-7b,template,t_inst,17,0.6296,system_vs_user,system_register_vs_tool_register,0.037329960614442825,0.8196648359298706,0.99406898021698,0.8196648359298706,True
qwen2.5-7b,template,t_inst,17,0.6296,system_vs_user,system_register_vs_user_register,0.12685339152812958,0.8196648359298706,0.9732413291931152,0.8196648359298706,True
qwen2.5-7b,template,t_inst,17,0.6296,system_vs_user,tool_register_vs_user_register,0.020418908447027206,0.8196648359298706,0.99421626329422,0.8196648359298706,True
qwen2.5-7b,template,t_inst,17,0.6296,assistant_vs_user,system_register_vs_tool_register,0.09085079282522202,0.7837148308753967,0.99406898021698,0.7837148308753967,True
qwen2.5-7b,template,t_inst,17,0.6296,assistant_vs_user,system_register_vs_user_register,0.014524041675031185,0.7837148308753967,0.9732413291931152,0.7837148308753967,True
qwen2.5-7b,template,t_inst,17,0.6296,assistant_vs_user,tool_register_vs_user_register,0.08161039650440216,0.7837148308753967,0.99421626329422,0.7837148308753967,True
qwen2.5-7b,template,t_inst,18,0.6667,tool_vs_user,system_register_vs_tool_register,0.10558223724365234,0.9213787913322449,0.9940825700759888,0.9213787913322449,True
qwen2.5-7b,template,t_inst,18,0.6667,tool_vs_user,system_register_vs_user_register,0.0024697966873645782,0.9213787913322449,0.9711533784866333,0.9213787913322449,True
qwen2.5-7b,template,t_inst,18,0.6667,tool_vs_user,tool_register_vs_user_register,0.10062059760093689,0.9213787913322449,0.9941862225532532,0.9213787913322449,True
qwen2.5-7b,template,t_inst,18,0.6667,system_vs_user,system_register_vs_tool_register,0.0345408171415329,0.8504384160041809,0.9940825700759888,0.8504384160041809,True
qwen2.5-7b,template,t_inst,18,0.6667,system_vs_user,system_register_vs_user_register,0.11474226415157318,0.8504384160041809,0.9711533784866333,0.8504384160041809,True
qwen2.5-7b,template,t_inst,18,0.6667,system_vs_user,tool_register_vs_user_register,0.017107561230659485,0.8504384160041809,0.9941862225532532,0.8504384160041809,True
qwen2.5-7b,template,t_inst,18,0.6667,assistant_vs_user,system_register_vs_tool_register,0.09991618245840073,0.8687247037887573,0.9940825700759888,0.8687247037887573,True
qwen2.5-7b,template,t_inst,18,0.6667,assistant_vs_user,system_register_vs_user_register,0.009324740618467331,0.8687247037887573,0.9711533784866333,0.8687247037887573,True
qwen2.5-7b,template,t_inst,18,0.6667,assistant_vs_user,tool_register_vs_user_register,0.10034139454364777,0.8687247037887573,0.9941862225532532,0.8687247037887573,True
qwen2.5-7b,template,t_inst,19,0.7037,tool_vs_user,system_register_vs_tool_register,0.17273950576782227,0.9416922330856323,0.9938985705375671,0.9416922330856323,True
qwen2.5-7b,template,t_inst,19,0.7037,tool_vs_user,system_register_vs_user_register,0.033739157021045685,0.9416922330856323,0.9718369245529175,0.9416922330856323,True
qwen2.5-7b,template,t_inst,19,0.7037,tool_vs_user,tool_register_vs_user_register,0.18212994933128357,0.9416922330856323,0.9940248727798462,0.9416922330856323,True
qwen2.5-7b,template,t_inst,19,0.7037,system_vs_user,system_register_vs_tool_register,0.10249367356300354,0.8700553774833679,0.9938985705375671,0.8700553774833679,True
qwen2.5-7b,template,t_inst,19,0.7037,system_vs_user,system_register_vs_user_register,0.13235412538051605,0.8700553774833679,0.9718369245529175,0.8700553774833679,True
qwen2.5-7b,template,t_inst,19,0.7037,system_vs_user,tool_register_vs_user_register,0.03848110884428024,0.8700553774833679,0.9940248727798462,0.8700553774833679,True
qwen2.5-7b,template,t_inst,19,0.7037,assistant_vs_user,system_register_vs_tool_register,0.06341146677732468,0.8673135638237,0.9938985705375671,0.8673135638237,True
qwen2.5-7b,template,t_inst,19,0.7037,assistant_vs_user,system_register_vs_user_register,0.0037053879350423813,0.8673135638237,0.9718369245529175,0.8673135638237,True
qwen2.5-7b,template,t_inst,19,0.7037,assistant_vs_user,tool_register_vs_user_register,0.06289472430944443,0.8673135638237,0.9940248727798462,0.8673135638237,True
qwen2.5-7b,template,t_inst,20,0.7407,tool_vs_user,system_register_vs_tool_register,0.17263542115688324,0.9534528851509094,0.993067741394043,0.9534528851509094,True
qwen2.5-7b,template,t_inst,20,0.7407,tool_vs_user,system_register_vs_user_register,0.11514892429113388,0.9534528851509094,0.9726495742797852,0.9534528851509094,True
qwen2.5-7b,template,t_inst,20,0.7407,tool_vs_user,tool_register_vs_user_register,0.2212352305650711,0.9534528851509094,0.9934853315353394,0.9534528851509094,True
qwen2.5-7b,template,t_inst,20,0.7407,system_vs_user,system_register_vs_tool_register,0.08815508335828781,0.8833186030387878,0.993067741394043,0.8833186030387878,True
qwen2.5-7b,template,t_inst,20,0.7407,system_vs_user,system_register_vs_user_register,0.10171279311180115,0.8833186030387878,0.9726495742797852,0.8833186030387878,True
qwen2.5-7b,template,t_inst,20,0.7407,system_vs_user,tool_register_vs_user_register,0.034077975898981094,0.8833186030387878,0.9934853315353394,0.8833186030387878,True
qwen2.5-7b,template,t_inst,20,0.7407,assistant_vs_user,system_register_vs_tool_register,0.02969491481781006,0.8707567453384399,0.993067741394043,0.8707567453384399,True
qwen2.5-7b,template,t_inst,20,0.7407,assistant_vs_user,system_register_vs_user_register,0.04103217273950577,0.8707567453384399,0.9726495742797852,0.8707567453384399,True
qwen2.5-7b,template,t_inst,20,0.7407,assistant_vs_user,tool_register_vs_user_register,0.04848715662956238,0.8707567453384399,0.9934853315353394,0.8707567453384399,True
qwen2.5-7b,template,t_inst,21,0.7778,tool_vs_user,system_register_vs_tool_register,0.0830797553062439,0.9711389541625977,0.9922879338264465,0.9711389541625977,True
qwen2.5-7b,template,t_inst,21,0.7778,tool_vs_user,system_register_vs_user_register,0.1335272192955017,0.9711389541625977,0.9713132977485657,0.9711389541625977,True
qwen2.5-7b,template,t_inst,21,0.7778,tool_vs_user,tool_register_vs_user_register,0.14740391075611115,0.9711389541625977,0.9928935766220093,0.9711389541625977,True
qwen2.5-7b,template,t_inst,21,0.7778,system_vs_user,system_register_vs_tool_register,0.07344008982181549,0.9022778272628784,0.9922879338264465,0.9022778272628784,True
qwen2.5-7b,template,t_inst,21,0.7778,system_vs_user,system_register_vs_user_register,0.12546253204345703,0.9022778272628784,0.9713132977485657,0.9022778272628784,True
qwen2.5-7b,template,t_inst,21,0.7778,system_vs_user,tool_register_vs_user_register,0.005397656932473183,0.9022778272628784,0.9928935766220093,0.9022778272628784,True
qwen2.5-7b,template,t_inst,21,0.7778,assistant_vs_user,system_register_vs_tool_register,0.006245767697691917,0.8818844556808472,0.9922879338264465,0.8818844556808472,True
qwen2.5-7b,template,t_inst,21,0.7778,assistant_vs_user,system_register_vs_user_register,0.043226249516010284,0.8818844556808472,0.9713132977485657,0.8818844556808472,True
qwen2.5-7b,template,t_inst,21,0.7778,assistant_vs_user,tool_register_vs_user_register,0.028105538338422775,0.8818844556808472,0.9928935766220093,0.8818844556808472,True
qwen2.5-7b,template,t_inst,22,0.8148,tool_vs_user,system_register_vs_tool_register,0.13186520338058472,0.9717180132865906,0.991555392742157,0.9717180132865906,True
qwen2.5-7b,template,t_inst,22,0.8148,tool_vs_user,system_register_vs_user_register,0.16324961185455322,0.9717180132865906,0.9692789912223816,0.9692789912223816,True
qwen2.5-7b,template,t_inst,22,0.8148,tool_vs_user,tool_register_vs_user_register,0.21051880717277527,0.9717180132865906,0.9923517107963562,0.9717180132865906,True
qwen2.5-7b,template,t_inst,22,0.8148,system_vs_user,system_register_vs_tool_register,0.04725320637226105,0.9143955111503601,0.991555392742157,0.9143955111503601,True
qwen2.5-7b,template,t_inst,22,0.8148,system_vs_user,system_register_vs_user_register,0.08342582732439041,0.9143955111503601,0.9692789912223816,0.9143955111503601,True
qwen2.5-7b,template,t_inst,22,0.8148,system_vs_user,tool_register_vs_user_register,0.0012957286089658737,0.9143955111503601,0.9923517107963562,0.9143955111503601,True
qwen2.5-7b,template,t_inst,22,0.8148,assistant_vs_user,system_register_vs_tool_register,0.024379326030611992,0.8636599779129028,0.991555392742157,0.8636599779129028,True
qwen2.5-7b,template,t_inst,22,0.8148,assistant_vs_user,system_register_vs_user_register,0.01366418320685625,0.8636599779129028,0.9692789912223816,0.8636599779129028,True
qwen2.5-7b,template,t_inst,22,0.8148,assistant_vs_user,tool_register_vs_user_register,0.030292073264718056,0.8636599779129028,0.9923517107963562,0.8636599779129028,True
qwen2.5-7b,template,t_inst,23,0.8519,tool_vs_user,system_register_vs_tool_register,0.08317527174949646,0.9785903692245483,0.9904033541679382,0.9785903692245483,True
qwen2.5-7b,template,t_inst,23,0.8519,tool_vs_user,system_register_vs_user_register,0.16941340267658234,0.9785903692245483,0.9653609991073608,0.9653609991073608,True
qwen2.5-7b,template,t_inst,23,0.8519,tool_vs_user,tool_register_vs_user_register,0.16753388941287994,0.9785903692245483,0.991483211517334,0.9785903692245483,True
qwen2.5-7b,template,t_inst,23,0.8519,system_vs_user,system_register_vs_tool_register,0.010088134557008743,0.9242568016052246,0.9904033541679382,0.9242568016052246,True
qwen2.5-7b,template,t_inst,23,0.8519,system_vs_user,system_register_vs_user_register,0.05360539257526398,0.9242568016052246,0.9653609991073608,0.9242568016052246,True
qwen2.5-7b,template,t_inst,23,0.8519,system_vs_user,tool_register_vs_user_register,0.037723034620285034,0.9242568016052246,0.991483211517334,0.9242568016052246,True
qwen2.5-7b,template,t_inst,23,0.8519,assistant_vs_user,system_register_vs_tool_register,0.02478063851594925,0.8591281771659851,0.9904033541679382,0.8591281771659851,True
qwen2.5-7b,template,t_inst,23,0.8519,assistant_vs_user,system_register_vs_user_register,0.010531280189752579,0.8591281771659851,0.9653609991073608,0.8591281771659851,True
qwen2.5-7b,template,t_inst,23,0.8519,assistant_vs_user,tool_register_vs_user_register,0.02888600528240204,0.8591281771659851,0.991483211517334,0.8591281771659851,True
qwen2.5-7b,template,t_inst,24,0.8889,tool_vs_user,system_register_vs_tool_register,0.05872992426156998,0.9829988479614258,0.9887973666191101,0.9829988479614258,True
qwen2.5-7b,template,t_inst,24,0.8889,tool_vs_user,system_register_vs_user_register,0.1881476640701294,0.9829988479614258,0.96160489320755,0.96160489320755,True
qwen2.5-7b,template,t_inst,24,0.8889,tool_vs_user,tool_register_vs_user_register,0.15693077445030212,0.9829988479614258,0.9900924563407898,0.9829988479614258,True
qwen2.5-7b,template,t_inst,24,0.8889,system_vs_user,system_register_vs_tool_register,0.018586404621601105,0.950533390045166,0.9887973666191101,0.950533390045166,True
qwen2.5-7b,template,t_inst,24,0.8889,system_vs_user,system_register_vs_user_register,0.10053113102912903,0.950533390045166,0.96160489320755,0.950533390045166,True
qwen2.5-7b,template,t_inst,24,0.8889,system_vs_user,tool_register_vs_user_register,0.07174983620643616,0.950533390045166,0.9900924563407898,0.950533390045166,True
qwen2.5-7b,template,t_inst,24,0.8889,assistant_vs_user,system_register_vs_tool_register,0.0033054519444704056,0.8537800908088684,0.9887973666191101,0.8537800908088684,True
qwen2.5-7b,template,t_inst,24,0.8889,assistant_vs_user,system_register_vs_user_register,0.018742147833108902,0.8537800908088684,0.96160489320755,0.8537800908088684,True
qwen2.5-7b,template,t_inst,24,0.8889,assistant_vs_user,tool_register_vs_user_register,0.006972490809857845,0.8537800908088684,0.9900924563407898,0.8537800908088684,True
qwen2.5-7b,template,t_inst,25,0.9259,tool_vs_user,system_register_vs_tool_register,0.09317241609096527,0.9823678731918335,0.9874722361564636,0.9823678731918335,True
qwen2.5-7b,template,t_inst,25,0.9259,tool_vs_user,system_register_vs_user_register,0.18971958756446838,0.9823678731918335,0.9625862836837769,0.9625862836837769,True
qwen2.5-7b,template,t_inst,25,0.9259,tool_vs_user,tool_register_vs_user_register,0.1968405395746231,0.9823678731918335,0.9892536401748657,0.9823678731918335,True
qwen2.5-7b,template,t_inst,25,0.9259,system_vs_user,system_register_vs_tool_register,0.042853645980358124,0.9564571380615234,0.9874722361564636,0.9564571380615234,True
qwen2.5-7b,template,t_inst,25,0.9259,system_vs_user,system_register_vs_user_register,0.10637827962636948,0.9564571380615234,0.9625862836837769,0.9564571380615234,True
qwen2.5-7b,template,t_inst,25,0.9259,system_vs_user,tool_register_vs_user_register,0.10151557624340057,0.9564571380615234,0.9892536401748657,0.9564571380615234,True
qwen2.5-7b,template,t_inst,25,0.9259,assistant_vs_user,system_register_vs_tool_register,0.0015170713886618614,0.8764817118644714,0.9874722361564636,0.8764817118644714,True
qwen2.5-7b,template,t_inst,25,0.9259,assistant_vs_user,system_register_vs_user_register,0.021684182807803154,0.8764817118644714,0.9625862836837769,0.8764817118644714,True
qwen2.5-7b,template,t_inst,25,0.9259,assistant_vs_user,tool_register_vs_user_register,0.011023510247468948,0.8764817118644714,0.9892536401748657,0.8764817118644714,True
qwen2.5-7b,template,t_inst,26,0.963,tool_vs_user,system_register_vs_tool_register,0.10546566545963287,0.9907678365707397,0.9846299290657043,0.9846299290657043,True
qwen2.5-7b,template,t_inst,26,0.963,tool_vs_user,system_register_vs_user_register,0.10913269221782684,0.9907678365707397,0.9553624391555786,0.9553624391555786,True
qwen2.5-7b,template,t_inst,26,0.963,tool_vs_user,tool_register_vs_user_register,0.1625880002975464,0.9907678365707397,0.9867304563522339,0.9867304563522339,True
qwen2.5-7b,template,t_inst,26,0.963,system_vs_user,system_register_vs_tool_register,0.047167640179395676,0.9843791127204895,0.9846299290657043,0.9843791127204895,True
qwen2.5-7b,template,t_inst,26,0.963,system_vs_user,system_register_vs_user_register,0.058100320398807526,0.9843791127204895,0.9553624391555786,0.9553624391555786,True
qwen2.5-7b,template,t_inst,26,0.963,system_vs_user,tool_register_vs_user_register,0.0781184732913971,0.9843791127204895,0.9867304563522339,0.9843791127204895,True
qwen2.5-7b,template,t_inst,26,0.963,assistant_vs_user,system_register_vs_tool_register,0.0030665285885334015,0.891107439994812,0.9846299290657043,0.891107439994812,True
qwen2.5-7b,template,t_inst,26,0.963,assistant_vs_user,system_register_vs_user_register,0.02359701134264469,0.891107439994812,0.9553624391555786,0.891107439994812,True
qwen2.5-7b,template,t_inst,26,0.963,assistant_vs_user,tool_register_vs_user_register,0.0166044682264328,0.891107439994812,0.9867304563522339,0.891107439994812,True
qwen2.5-7b,template,t_inst,27,1.0,tool_vs_user,system_register_vs_tool_register,0.17270345985889435,0.9929507970809937,0.9861233830451965,0.9861233830451965,True
qwen2.5-7b,template,t_inst,27,1.0,tool_vs_user,system_register_vs_user_register,0.0600302517414093,0.9929507970809937,0.9465408325195312,0.9465408325195312,True
qwen2.5-7b,template,t_inst,27,1.0,tool_vs_user,tool_register_vs_user_register,0.19835197925567627,0.9929507970809937,0.9871463775634766,0.9871463775634766,True
qwen2.5-7b,template,t_inst,27,1.0,system_vs_user,system_register_vs_tool_register,0.05509157478809357,0.987030029296875,0.9861233830451965,0.9861233830451965,True
qwen2.5-7b,template,t_inst,27,1.0,system_vs_user,system_register_vs_user_register,0.00017096474766731262,0.987030029296875,0.9465408325195312,0.9465408325195312,True
qwen2.5-7b,template,t_inst,27,1.0,system_vs_user,tool_register_vs_user_register,0.05315139889717102,0.987030029296875,0.9871463775634766,0.987030029296875,True
qwen2.5-7b,template,t_inst,27,1.0,assistant_vs_user,system_register_vs_tool_register,0.18408448994159698,0.8998249173164368,0.9861233830451965,0.8998249173164368,True
qwen2.5-7b,template,t_inst,27,1.0,assistant_vs_user,system_register_vs_user_register,0.0740714818239212,0.8998249173164368,0.9465408325195312,0.8998249173164368,True
qwen2.5-7b,template,t_inst,27,1.0,assistant_vs_user,tool_register_vs_user_register,0.21680229902267456,0.8998249173164368,0.9871463775634766,0.8998249173164368,True
qwen2.5-7b,template,t_post_inst,0,0.0,tool_vs_user,system_register_vs_tool_register,0.15591776371002197,0.9959805607795715,0.982138991355896,0.982138991355896,True
qwen2.5-7b,template,t_post_inst,0,0.0,tool_vs_user,system_register_vs_user_register,0.020274050533771515,0.9959805607795715,0.9709740877151489,0.9709740877151489,True
qwen2.5-7b,template,t_post_inst,0,0.0,tool_vs_user,tool_register_vs_user_register,0.13163340091705322,0.9959805607795715,0.9838255643844604,0.9838255643844604,True
qwen2.5-7b,template,t_post_inst,0,0.0,system_vs_user,system_register_vs_tool_register,0.15843528509140015,0.9894569516181946,0.982138991355896,0.982138991355896,True
qwen2.5-7b,template,t_post_inst,0,0.0,system_vs_user,system_register_vs_user_register,0.21539846062660217,0.9894569516181946,0.9709740877151489,0.9709740877151489,True
qwen2.5-7b,template,t_post_inst,0,0.0,system_vs_user,tool_register_vs_user_register,0.010828177444636822,0.9894569516181946,0.9838255643844604,0.9838255643844604,True
qwen2.5-7b,template,t_post_inst,0,0.0,assistant_vs_user,system_register_vs_tool_register,0.0781034380197525,0.43735557794570923,0.982138991355896,0.43735557794570923,True
qwen2.5-7b,template,t_post_inst,0,0.0,assistant_vs_user,system_register_vs_user_register,0.015783945098519325,0.43735557794570923,0.9709740877151489,0.43735557794570923,True
qwen2.5-7b,template,t_post_inst,0,0.0,assistant_vs_user,tool_register_vs_user_register,0.061761289834976196,0.43735557794570923,0.9838255643844604,0.43735557794570923,True
qwen2.5-7b,template,t_post_inst,1,0.037,tool_vs_user,system_register_vs_tool_register,0.24882668256759644,0.9947625398635864,0.9836203455924988,0.9836203455924988,True
qwen2.5-7b,template,t_post_inst,1,0.037,tool_vs_user,system_register_vs_user_register,0.09035935997962952,0.9947625398635864,0.9738349914550781,0.9738349914550781,True
qwen2.5-7b,template,t_post_inst,1,0.037,tool_vs_user,tool_register_vs_user_register,0.1668418049812317,0.9947625398635864,0.9847027659416199,0.9847027659416199,True
qwen2.5-7b,template,t_post_inst,1,0.037,system_vs_user,system_register_vs_tool_register,0.14701126515865326,0.9907286763191223,0.9836203455924988,0.9836203455924988,True
qwen2.5-7b,template,t_post_inst,1,0.037,system_vs_user,system_register_vs_user_register,0.18451939523220062,0.9907286763191223,0.9738349914550781,0.9738349914550781,True
qwen2.5-7b,template,t_post_inst,1,0.037,system_vs_user,tool_register_vs_user_register,0.002261281944811344,0.9907286763191223,0.9847027659416199,0.9847027659416199,True
qwen2.5-7b,template,t_post_inst,1,0.037,assistant_vs_user,system_register_vs_tool_register,0.08446501940488815,0.9551800489425659,0.9836203455924988,0.9551800489425659,True
qwen2.5-7b,template,t_post_inst,1,0.037,assistant_vs_user,system_register_vs_user_register,0.13234463334083557,0.9551800489425659,0.9738349914550781,0.9551800489425659,True
qwen2.5-7b,template,t_post_inst,1,0.037,assistant_vs_user,tool_register_vs_user_register,0.02154501900076866,0.9551800489425659,0.9847027659416199,0.9551800489425659,True
qwen2.5-7b,template,t_post_inst,2,0.0741,tool_vs_user,system_register_vs_tool_register,0.30481088161468506,0.9917449951171875,0.9870674014091492,0.9870674014091492,True
qwen2.5-7b,template,t_post_inst,2,0.0741,tool_vs_user,system_register_vs_user_register,0.04665094241499901,0.9917449951171875,0.9880984425544739,0.9880984425544739,True
qwen2.5-7b,template,t_post_inst,2,0.0741,tool_vs_user,tool_register_vs_user_register,0.20114721357822418,0.9917449951171875,0.9911789894104004,0.9911789894104004,True
qwen2.5-7b,template,t_post_inst,2,0.0741,system_vs_user,system_register_vs_tool_register,0.05983569473028183,0.9901353716850281,0.9870674014091492,0.9870674014091492,True
qwen2.5-7b,template,t_post_inst,2,0.0741,system_vs_user,system_register_vs_user_register,0.17247885465621948,0.9901353716850281,0.9880984425544739,0.9880984425544739,True
qwen2.5-7b,template,t_post_inst,2,0.0741,system_vs_user,tool_register_vs_user_register,0.1040540337562561,0.9901353716850281,0.9911789894104004,0.9901353716850281,True
qwen2.5-7b,template,t_post_inst,2,0.0741,assistant_vs_user,system_register_vs_tool_register,0.03648669272661209,0.9537985920906067,0.9870674014091492,0.9537985920906067,True
qwen2.5-7b,template,t_post_inst,2,0.0741,assistant_vs_user,system_register_vs_user_register,0.16081267595291138,0.9537985920906067,0.9880984425544739,0.9537985920906067,True
qwen2.5-7b,template,t_post_inst,2,0.0741,assistant_vs_user,tool_register_vs_user_register,0.1123497262597084,0.9537985920906067,0.9911789894104004,0.9537985920906067,True
qwen2.5-7b,template,t_post_inst,3,0.1111,tool_vs_user,system_register_vs_tool_register,0.32605743408203125,0.990432620048523,0.986158013343811,0.986158013343811,True
qwen2.5-7b,template,t_post_inst,3,0.1111,tool_vs_user,system_register_vs_user_register,0.038085322827100754,0.990432620048523,0.9855680465698242,0.9855680465698242,True
qwen2.5-7b,template,t_post_inst,3,0.1111,tool_vs_user,tool_register_vs_user_register,0.27905380725860596,0.990432620048523,0.991517186164856,0.990432620048523,True
qwen2.5-7b,template,t_post_inst,3,0.1111,system_vs_user,system_register_vs_tool_register,0.06414023786783218,0.9933384656906128,0.986158013343811,0.986158013343811,True
qwen2.5-7b,template,t_post_inst,3,0.1111,system_vs_user,system_register_vs_user_register,0.24014079570770264,0.9933384656906128,0.9855680465698242,0.9855680465698242,True
qwen2.5-7b,template,t_post_inst,3,0.1111,system_vs_user,tool_register_vs_user_register,0.14252512156963348,0.9933384656906128,0.991517186164856,0.991517186164856,True
qwen2.5-7b,template,t_post_inst,3,0.1111,assistant_vs_user,system_register_vs_tool_register,0.056998904794454575,0.9699233770370483,0.986158013343811,0.9699233770370483,True
qwen2.5-7b,template,t_post_inst,3,0.1111,assistant_vs_user,system_register_vs_user_register,0.15678106248378754,0.9699233770370483,0.9855680465698242,0.9699233770370483,True
qwen2.5-7b,template,t_post_inst,3,0.1111,assistant_vs_user,tool_register_vs_user_register,0.08151550590991974,0.9699233770370483,0.991517186164856,0.9699233770370483,True
qwen2.5-7b,template,t_post_inst,4,0.1481,tool_vs_user,system_register_vs_tool_register,0.34229570627212524,0.9879372715950012,0.9832432866096497,0.9832432866096497,True
qwen2.5-7b,template,t_post_inst,4,0.1481,tool_vs_user,system_register_vs_user_register,0.03367442637681961,0.9879372715950012,0.9762865900993347,0.9762865900993347,True
qwen2.5-7b,template,t_post_inst,4,0.1481,tool_vs_user,tool_register_vs_user_register,0.3119371831417084,0.9879372715950012,0.9881366491317749,0.9879372715950012,True
qwen2.5-7b,template,t_post_inst,4,0.1481,system_vs_user,system_register_vs_tool_register,0.000961916521191597,0.9933024644851685,0.9832432866096497,0.9832432866096497,True
qwen2.5-7b,template,t_post_inst,4,0.1481,system_vs_user,system_register_vs_user_register,0.21558745205402374,0.9933024644851685,0.9762865900993347,0.9762865900993347,True
qwen2.5-7b,template,t_post_inst,4,0.1481,system_vs_user,tool_register_vs_user_register,0.1582675278186798,0.9933024644851685,0.9881366491317749,0.9881366491317749,True
qwen2.5-7b,template,t_post_inst,4,0.1481,assistant_vs_user,system_register_vs_tool_register,0.0033414624631404877,0.9911972880363464,0.9832432866096497,0.9832432866096497,True
qwen2.5-7b,template,t_post_inst,4,0.1481,assistant_vs_user,system_register_vs_user_register,0.11041547358036041,0.9911972880363464,0.9762865900993347,0.9762865900993347,True
qwen2.5-7b,template,t_post_inst,4,0.1481,assistant_vs_user,tool_register_vs_user_register,0.08427421748638153,0.9911972880363464,0.9881366491317749,0.9881366491317749,True
qwen2.5-7b,template,t_post_inst,5,0.1852,tool_vs_user,system_register_vs_tool_register,0.34916117787361145,0.9860415458679199,0.9830487370491028,0.9830487370491028,True
qwen2.5-7b,template,t_post_inst,5,0.1852,tool_vs_user,system_register_vs_user_register,0.12207374721765518,0.9860415458679199,0.9769004583358765,0.9769004583358765,True
qwen2.5-7b,template,t_post_inst,5,0.1852,tool_vs_user,tool_register_vs_user_register,0.35690563917160034,0.9860415458679199,0.9891665577888489,0.9860415458679199,True
qwen2.5-7b,template,t_post_inst,5,0.1852,system_vs_user,system_register_vs_tool_register,0.07099130749702454,0.9941457509994507,0.9830487370491028,0.9830487370491028,True
qwen2.5-7b,template,t_post_inst,5,0.1852,system_vs_user,system_register_vs_user_register,0.13052602112293243,0.9941457509994507,0.9769004583358765,0.9769004583358765,True
qwen2.5-7b,template,t_post_inst,5,0.1852,system_vs_user,tool_register_vs_user_register,0.03684777021408081,0.9941457509994507,0.9891665577888489,0.9891665577888489,True
qwen2.5-7b,template,t_post_inst,5,0.1852,assistant_vs_user,system_register_vs_tool_register,0.04044380038976669,0.9880572557449341,0.9830487370491028,0.9830487370491028,True
qwen2.5-7b,template,t_post_inst,5,0.1852,assistant_vs_user,system_register_vs_user_register,0.010980810970067978,0.9880572557449341,0.9769004583358765,0.9769004583358765,True
qwen2.5-7b,template,t_post_inst,5,0.1852,assistant_vs_user,tool_register_vs_user_register,0.02364773489534855,0.9880572557449341,0.9891665577888489,0.9880572557449341,True
qwen2.5-7b,template,t_post_inst,6,0.2222,tool_vs_user,system_register_vs_tool_register,0.3757675290107727,0.9869257211685181,0.9829682111740112,0.9829682111740112,True
qwen2.5-7b,template,t_post_inst,6,0.2222,tool_vs_user,system_register_vs_user_register,0.1031600832939148,0.9869257211685181,0.9736504554748535,0.9736504554748535,True
qwen2.5-7b,template,t_post_inst,6,0.2222,tool_vs_user,tool_register_vs_user_register,0.384651243686676,0.9869257211685181,0.9879481196403503,0.9869257211685181,True
qwen2.5-7b,template,t_post_inst,6,0.2222,system_vs_user,system_register_vs_tool_register,0.06204843148589134,0.9942526817321777,0.9829682111740112,0.9829682111740112,True
qwen2.5-7b,template,t_post_inst,6,0.2222,system_vs_user,system_register_vs_user_register,0.15910425782203674,0.9942526817321777,0.9736504554748535,0.9736504554748535,True
qwen2.5-7b,template,t_post_inst,6,0.2222,system_vs_user,tool_register_vs_user_register,0.05945397913455963,0.9942526817321777,0.9879481196403503,0.9879481196403503,True
qwen2.5-7b,template,t_post_inst,6,0.2222,assistant_vs_user,system_register_vs_tool_register,0.06912300735712051,0.9885982275009155,0.9829682111740112,0.9829682111740112,True
qwen2.5-7b,template,t_post_inst,6,0.2222,assistant_vs_user,system_register_vs_user_register,0.04134571924805641,0.9885982275009155,0.9736504554748535,0.9736504554748535,True
qwen2.5-7b,template,t_post_inst,6,0.2222,assistant_vs_user,tool_register_vs_user_register,0.028643911704421043,0.9885982275009155,0.9879481196403503,0.9879481196403503,True
qwen2.5-7b,template,t_post_inst,7,0.2593,tool_vs_user,system_register_vs_tool_register,0.3374330997467041,0.9851744771003723,0.9851599931716919,0.9851599931716919,True
qwen2.5-7b,template,t_post_inst,7,0.2593,tool_vs_user,system_register_vs_user_register,0.1251784861087799,0.9851744771003723,0.978559136390686,0.978559136390686,True
qwen2.5-7b,template,t_post_inst,7,0.2593,tool_vs_user,tool_register_vs_user_register,0.3660581707954407,0.9851744771003723,0.989251971244812,0.9851744771003723,True
qwen2.5-7b,template,t_post_inst,7,0.2593,system_vs_user,system_register_vs_tool_register,0.038156792521476746,0.9928692579269409,0.9851599931716919,0.9851599931716919,True
qwen2.5-7b,template,t_post_inst,7,0.2593,system_vs_user,system_register_vs_user_register,0.1287018358707428,0.9928692579269409,0.978559136390686,0.978559136390686,True
qwen2.5-7b,template,t_post_inst,7,0.2593,system_vs_user,tool_register_vs_user_register,0.06146947294473648,0.9928692579269409,0.989251971244812,0.989251971244812,True
qwen2.5-7b,template,t_post_inst,7,0.2593,assistant_vs_user,system_register_vs_tool_register,0.0444164052605629,0.9832456707954407,0.9851599931716919,0.9832456707954407,True
qwen2.5-7b,template,t_post_inst,7,0.2593,assistant_vs_user,system_register_vs_user_register,0.009907822124660015,0.9832456707954407,0.978559136390686,0.978559136390686,True
qwen2.5-7b,template,t_post_inst,7,0.2593,assistant_vs_user,tool_register_vs_user_register,0.02918592281639576,0.9832456707954407,0.989251971244812,0.9832456707954407,True
qwen2.5-7b,template,t_post_inst,8,0.2963,tool_vs_user,system_register_vs_tool_register,0.29521647095680237,0.9851480722427368,0.9852334260940552,0.9851480722427368,True
qwen2.5-7b,template,t_post_inst,8,0.2963,tool_vs_user,system_register_vs_user_register,0.11894771456718445,0.9851480722427368,0.9744869470596313,0.9744869470596313,True
qwen2.5-7b,template,t_post_inst,8,0.2963,tool_vs_user,tool_register_vs_user_register,0.3341444730758667,0.9851480722427368,0.988730788230896,0.9851480722427368,True
qwen2.5-7b,template,t_post_inst,8,0.2963,system_vs_user,system_register_vs_tool_register,0.018706632778048515,0.9904122352600098,0.9852334260940552,0.9852334260940552,True
qwen2.5-7b,template,t_post_inst,8,0.2963,system_vs_user,system_register_vs_user_register,0.11621265113353729,0.9904122352600098,0.9744869470596313,0.9744869470596313,True
qwen2.5-7b,template,t_post_inst,8,0.2963,system_vs_user,tool_register_vs_user_register,0.06562896072864532,0.9904122352600098,0.988730788230896,0.988730788230896,True
qwen2.5-7b,template,t_post_inst,8,0.2963,assistant_vs_user,system_register_vs_tool_register,0.06551134586334229,0.9787153005599976,0.9852334260940552,0.9787153005599976,True
qwen2.5-7b,template,t_post_inst,8,0.2963,assistant_vs_user,system_register_vs_user_register,0.007185472175478935,0.9787153005599976,0.9744869470596313,0.9744869470596313,True
qwen2.5-7b,template,t_post_inst,8,0.2963,assistant_vs_user,tool_register_vs_user_register,0.05059494078159332,0.9787153005599976,0.988730788230896,0.9787153005599976,True
qwen2.5-7b,template,t_post_inst,9,0.3333,tool_vs_user,system_register_vs_tool_register,0.23414300382137299,0.9886821508407593,0.9864522814750671,0.9864522814750671,True
qwen2.5-7b,template,t_post_inst,9,0.3333,tool_vs_user,system_register_vs_user_register,0.06858550012111664,0.9886821508407593,0.9731173515319824,0.9731173515319824,True
qwen2.5-7b,template,t_post_inst,9,0.3333,tool_vs_user,tool_register_vs_user_register,0.270425409078598,0.9886821508407593,0.9876667857170105,0.9876667857170105,True
qwen2.5-7b,template,t_post_inst,9,0.3333,system_vs_user,system_register_vs_tool_register,0.023732949048280716,0.9880074262619019,0.9864522814750671,0.9864522814750671,True
qwen2.5-7b,template,t_post_inst,9,0.3333,system_vs_user,system_register_vs_user_register,0.10021322965621948,0.9880074262619019,0.9731173515319824,0.9731173515319824,True
qwen2.5-7b,template,t_post_inst,9,0.3333,system_vs_user,tool_register_vs_user_register,0.09516319632530212,0.9880074262619019,0.9876667857170105,0.9876667857170105,True
qwen2.5-7b,template,t_post_inst,9,0.3333,assistant_vs_user,system_register_vs_tool_register,0.03684716671705246,0.9667146801948547,0.9864522814750671,0.9667146801948547,True
qwen2.5-7b,template,t_post_inst,9,0.3333,assistant_vs_user,system_register_vs_user_register,0.018310654908418655,0.9667146801948547,0.9731173515319824,0.9667146801948547,True
qwen2.5-7b,template,t_post_inst,9,0.3333,assistant_vs_user,tool_register_vs_user_register,0.021413402631878853,0.9667146801948547,0.9876667857170105,0.9667146801948547,True
qwen2.5-7b,template,t_post_inst,10,0.3704,tool_vs_user,system_register_vs_tool_register,0.21804377436637878,0.9875801801681519,0.985848605632782,0.985848605632782,True
qwen2.5-7b,template,t_post_inst,10,0.3704,tool_vs_user,system_register_vs_user_register,0.05255486071109772,0.9875801801681519,0.9706335067749023,0.9706335067749023,True
qwen2.5-7b,template,t_post_inst,10,0.3704,tool_vs_user,tool_register_vs_user_register,0.2415100336074829,0.9875801801681519,0.9875963926315308,0.9875801801681519,True
qwen2.5-7b,template,t_post_inst,10,0.3704,system_vs_user,system_register_vs_tool_register,0.025536753237247467,0.9868572950363159,0.985848605632782,0.985848605632782,True
qwen2.5-7b,template,t_post_inst,10,0.3704,system_vs_user,system_register_vs_user_register,0.1348656713962555,0.9868572950363159,0.9706335067749023,0.9706335067749023,True
qwen2.5-7b,template,t_post_inst,10,0.3704,system_vs_user,tool_register_vs_user_register,0.11881401389837265,0.9868572950363159,0.9875963926315308,0.9868572950363159,True
qwen2.5-7b,template,t_post_inst,10,0.3704,assistant_vs_user,system_register_vs_tool_register,0.0516461506485939,0.9652572870254517,0.985848605632782,0.9652572870254517,True
qwen2.5-7b,template,t_post_inst,10,0.3704,assistant_vs_user,system_register_vs_user_register,0.03790503740310669,0.9652572870254517,0.9706335067749023,0.9652572870254517,True
qwen2.5-7b,template,t_post_inst,10,0.3704,assistant_vs_user,tool_register_vs_user_register,0.021788310259580612,0.9652572870254517,0.9875963926315308,0.9652572870254517,True
qwen2.5-7b,template,t_post_inst,11,0.4074,tool_vs_user,system_register_vs_tool_register,0.2194902002811432,0.9863842129707336,0.9860414266586304,0.9860414266586304,True
qwen2.5-7b,template,t_post_inst,11,0.4074,tool_vs_user,system_register_vs_user_register,0.06273382157087326,0.9863842129707336,0.9693679809570312,0.9693679809570312,True
qwen2.5-7b,template,t_post_inst,11,0.4074,tool_vs_user,tool_register_vs_user_register,0.25602689385414124,0.9863842129707336,0.9870928525924683,0.9863842129707336,True
qwen2.5-7b,template,t_post_inst,11,0.4074,system_vs_user,system_register_vs_tool_register,0.006952951196581125,0.9870867729187012,0.9860414266586304,0.9860414266586304,True
qwen2.5-7b,template,t_post_inst,11,0.4074,system_vs_user,system_register_vs_user_register,0.13656839728355408,0.9870867729187012,0.9693679809570312,0.9693679809570312,True
qwen2.5-7b,template,t_post_inst,11,0.4074,system_vs_user,tool_register_vs_user_register,0.08904489129781723,0.9870867729187012,0.9870928525924683,0.9870867729187012,True
qwen2.5-7b,template,t_post_inst,11,0.4074,assistant_vs_user,system_register_vs_tool_register,0.05637498199939728,0.965004563331604,0.9860414266586304,0.965004563331604,True
qwen2.5-7b,template,t_post_inst,11,0.4074,assistant_vs_user,system_register_vs_user_register,0.0012714429758489132,0.965004563331604,0.9693679809570312,0.965004563331604,True
qwen2.5-7b,template,t_post_inst,11,0.4074,assistant_vs_user,tool_register_vs_user_register,0.05356936529278755,0.965004563331604,0.9870928525924683,0.965004563331604,True
qwen2.5-7b,template,t_post_inst,12,0.4444,tool_vs_user,system_register_vs_tool_register,0.232146218419075,0.9864546656608582,0.9876857995986938,0.9864546656608582,True
qwen2.5-7b,template,t_post_inst,12,0.4444,tool_vs_user,system_register_vs_user_register,0.09472547471523285,0.9864546656608582,0.9661977887153625,0.9661977887153625,True
qwen2.5-7b,template,t_post_inst,12,0.4444,tool_vs_user,tool_register_vs_user_register,0.2886187434196472,0.9864546656608582,0.9886177778244019,0.9864546656608582,True
qwen2.5-7b,template,t_post_inst,12,0.4444,system_vs_user,system_register_vs_tool_register,0.024849019944667816,0.9859892129898071,0.9876857995986938,0.9859892129898071,True
qwen2.5-7b,template,t_post_inst,12,0.4444,system_vs_user,system_register_vs_user_register,0.1461433470249176,0.9859892129898071,0.9661977887153625,0.9661977887153625,True
qwen2.5-7b,template,t_post_inst,12,0.4444,system_vs_user,tool_register_vs_user_register,0.06926184147596359,0.9859892129898071,0.9886177778244019,0.9859892129898071,True
qwen2.5-7b,template,t_post_inst,12,0.4444,assistant_vs_user,system_register_vs_tool_register,0.051774755120277405,0.961229681968689,0.9876857995986938,0.961229681968689,True
qwen2.5-7b,template,t_post_inst,12,0.4444,assistant_vs_user,system_register_vs_user_register,0.012664826586842537,0.961229681968689,0.9661977887153625,0.961229681968689,True
qwen2.5-7b,template,t_post_inst,12,0.4444,assistant_vs_user,tool_register_vs_user_register,0.05894697457551956,0.961229681968689,0.9886177778244019,0.961229681968689,True
qwen2.5-7b,template,t_post_inst,13,0.4815,tool_vs_user,system_register_vs_tool_register,0.27230095863342285,0.9877099990844727,0.9891344308853149,0.9877099990844727,True
qwen2.5-7b,template,t_post_inst,13,0.4815,tool_vs_user,system_register_vs_user_register,0.07474203407764435,0.9877099990844727,0.9648071527481079,0.9648071527481079,True
qwen2.5-7b,template,t_post_inst,13,0.4815,tool_vs_user,tool_register_vs_user_register,0.3380173444747925,0.9877099990844727,0.9889658093452454,0.9877099990844727,True
qwen2.5-7b,template,t_post_inst,13,0.4815,system_vs_user,system_register_vs_tool_register,0.06710889935493469,0.9840666055679321,0.9891344308853149,0.9840666055679321,True
qwen2.5-7b,template,t_post_inst,13,0.4815,system_vs_user,system_register_vs_user_register,0.062375448644161224,0.9840666055679321,0.9648071527481079,0.9648071527481079,True
qwen2.5-7b,template,t_post_inst,13,0.4815,system_vs_user,tool_register_vs_user_register,0.1109747588634491,0.9840666055679321,0.9889658093452454,0.9840666055679321,True
qwen2.5-7b,template,t_post_inst,13,0.4815,assistant_vs_user,system_register_vs_tool_register,0.08573464304208755,0.9546807408332825,0.9891344308853149,0.9546807408332825,True
qwen2.5-7b,template,t_post_inst,13,0.4815,assistant_vs_user,system_register_vs_user_register,0.034372564405202866,0.9546807408332825,0.9648071527481079,0.9546807408332825,True
qwen2.5-7b,template,t_post_inst,13,0.4815,assistant_vs_user,tool_register_vs_user_register,0.11324945092201233,0.9546807408332825,0.9889658093452454,0.9546807408332825,True
qwen2.5-7b,template,t_post_inst,14,0.5185,tool_vs_user,system_register_vs_tool_register,0.2597033381462097,0.9860448837280273,0.9882486462593079,0.9860448837280273,True
qwen2.5-7b,template,t_post_inst,14,0.5185,tool_vs_user,system_register_vs_user_register,0.11080735176801682,0.9860448837280273,0.9613531827926636,0.9613531827926636,True
qwen2.5-7b,template,t_post_inst,14,0.5185,tool_vs_user,tool_register_vs_user_register,0.35592931509017944,0.9860448837280273,0.9875461459159851,0.9860448837280273,True
qwen2.5-7b,template,t_post_inst,14,0.5185,system_vs_user,system_register_vs_tool_register,0.09121286123991013,0.9808805584907532,0.9882486462593079,0.9808805584907532,True
qwen2.5-7b,template,t_post_inst,14,0.5185,system_vs_user,system_register_vs_user_register,0.04745122045278549,0.9808805584907532,0.9613531827926636,0.9613531827926636,True
qwen2.5-7b,template,t_post_inst,14,0.5185,system_vs_user,tool_register_vs_user_register,0.1305702179670334,0.9808805584907532,0.9875461459159851,0.9808805584907532,True
qwen2.5-7b,template,t_post_inst,14,0.5185,assistant_vs_user,system_register_vs_tool_register,0.030562864616513252,0.9350369572639465,0.9882486462593079,0.9350369572639465,True
qwen2.5-7b,template,t_post_inst,14,0.5185,assistant_vs_user,system_register_vs_user_register,0.04322000965476036,0.9350369572639465,0.9613531827926636,0.9350369572639465,True
qwen2.5-7b,template,t_post_inst,14,0.5185,assistant_vs_user,tool_register_vs_user_register,0.06155417487025261,0.9350369572639465,0.9875461459159851,0.9350369572639465,True
qwen2.5-7b,template,t_post_inst,15,0.5556,tool_vs_user,system_register_vs_tool_register,0.2760421335697174,0.9857339859008789,0.9876793622970581,0.9857339859008789,True
qwen2.5-7b,template,t_post_inst,15,0.5556,tool_vs_user,system_register_vs_user_register,0.07970398664474487,0.9857339859008789,0.9573232531547546,0.9573232531547546,True
qwen2.5-7b,template,t_post_inst,15,0.5556,tool_vs_user,tool_register_vs_user_register,0.3490335941314697,0.9857339859008789,0.9872315526008606,0.9857339859008789,True
qwen2.5-7b,template,t_post_inst,15,0.5556,system_vs_user,system_register_vs_tool_register,0.10302509367465973,0.9843913316726685,0.9876793622970581,0.9843913316726685,True
qwen2.5-7b,template,t_post_inst,15,0.5556,system_vs_user,system_register_vs_user_register,0.08287815749645233,0.9843913316726685,0.9573232531547546,0.9573232531547546,True
qwen2.5-7b,template,t_post_inst,15,0.5556,system_vs_user,tool_register_vs_user_register,0.16343964636325836,0.9843913316726685,0.9872315526008606,0.9843913316726685,True
qwen2.5-7b,template,t_post_inst,15,0.5556,assistant_vs_user,system_register_vs_tool_register,0.04201032966375351,0.9278378486633301,0.9876793622970581,0.9278378486633301,True
qwen2.5-7b,template,t_post_inst,15,0.5556,assistant_vs_user,system_register_vs_user_register,0.029896067455410957,0.9278378486633301,0.9573232531547546,0.9278378486633301,True
qwen2.5-7b,template,t_post_inst,15,0.5556,assistant_vs_user,tool_register_vs_user_register,0.06421110033988953,0.9278378486633301,0.9872315526008606,0.9278378486633301,True
qwen2.5-7b,template,t_post_inst,16,0.5926,tool_vs_user,system_register_vs_tool_register,0.2961421608924866,0.9827035665512085,0.9873723983764648,0.9827035665512085,True
qwen2.5-7b,template,t_post_inst,16,0.5926,tool_vs_user,system_register_vs_user_register,0.06253158301115036,0.9827035665512085,0.950539231300354,0.950539231300354,True
qwen2.5-7b,template,t_post_inst,16,0.5926,tool_vs_user,tool_register_vs_user_register,0.35523632168769836,0.9827035665512085,0.9869369268417358,0.9827035665512085,True
qwen2.5-7b,template,t_post_inst,16,0.5926,system_vs_user,system_register_vs_tool_register,0.11973404884338379,0.9816226959228516,0.9873723983764648,0.9816226959228516,True
qwen2.5-7b,template,t_post_inst,16,0.5926,system_vs_user,system_register_vs_user_register,0.06098508834838867,0.9816226959228516,0.950539231300354,0.950539231300354,True
qwen2.5-7b,template,t_post_inst,16,0.5926,system_vs_user,tool_register_vs_user_register,0.16474588215351105,0.9816226959228516,0.9869369268417358,0.9816226959228516,True
qwen2.5-7b,template,t_post_inst,16,0.5926,assistant_vs_user,system_register_vs_tool_register,0.07661814987659454,0.9138873219490051,0.9873723983764648,0.9138873219490051,True
qwen2.5-7b,template,t_post_inst,16,0.5926,assistant_vs_user,system_register_vs_user_register,0.004229642450809479,0.9138873219490051,0.950539231300354,0.9138873219490051,True
qwen2.5-7b,template,t_post_inst,16,0.5926,assistant_vs_user,tool_register_vs_user_register,0.08483897149562836,0.9138873219490051,0.9869369268417358,0.9138873219490051,True
qwen2.5-7b,template,t_post_inst,17,0.6296,tool_vs_user,system_register_vs_tool_register,0.35105180740356445,0.981440544128418,0.9865996241569519,0.981440544128418,True
qwen2.5-7b,template,t_post_inst,17,0.6296,tool_vs_user,system_register_vs_user_register,0.02997257374227047,0.981440544128418,0.9493600130081177,0.9493600130081177,True
qwen2.5-7b,template,t_post_inst,17,0.6296,tool_vs_user,tool_register_vs_user_register,0.3614535331726074,0.981440544128418,0.9859871864318848,0.981440544128418,True
qwen2.5-7b,template,t_post_inst,17,0.6296,system_vs_user,system_register_vs_tool_register,0.12686143815517426,0.9799361228942871,0.9865996241569519,0.9799361228942871,True
qwen2.5-7b,template,t_post_inst,17,0.6296,system_vs_user,system_register_vs_user_register,0.01426905021071434,0.9799361228942871,0.9493600130081177,0.9493600130081177,True
qwen2.5-7b,template,t_post_inst,17,0.6296,system_vs_user,tool_register_vs_user_register,0.14598599076271057,0.9799361228942871,0.9859871864318848,0.9799361228942871,True
qwen2.5-7b,template,t_post_inst,17,0.6296,assistant_vs_user,system_register_vs_tool_register,0.09866154938936234,0.9030799865722656,0.9865996241569519,0.9030799865722656,True
qwen2.5-7b,template,t_post_inst,17,0.6296,assistant_vs_user,system_register_vs_user_register,0.05115584284067154,0.9030799865722656,0.9493600130081177,0.9030799865722656,True
qwen2.5-7b,template,t_post_inst,17,0.6296,assistant_vs_user,tool_register_vs_user_register,0.07542569935321808,0.9030799865722656,0.9859871864318848,0.9030799865722656,True
qwen2.5-7b,template,t_post_inst,18,0.6667,tool_vs_user,system_register_vs_tool_register,0.4052668809890747,0.9739023447036743,0.9841346740722656,0.9739023447036743,True
qwen2.5-7b,template,t_post_inst,18,0.6667,tool_vs_user,system_register_vs_user_register,0.006505057215690613,0.9739023447036743,0.9328699111938477,0.9328699111938477,True
qwen2.5-7b,template,t_post_inst,18,0.6667,tool_vs_user,tool_register_vs_user_register,0.42350369691848755,0.9739023447036743,0.9839334487915039,0.9739023447036743,True
qwen2.5-7b,template,t_post_inst,18,0.6667,system_vs_user,system_register_vs_tool_register,0.09385401010513306,0.9750640988349915,0.9841346740722656,0.9750640988349915,True
qwen2.5-7b,template,t_post_inst,18,0.6667,system_vs_user,system_register_vs_user_register,0.015949692577123642,0.9750640988349915,0.9328699111938477,0.9328699111938477,True
qwen2.5-7b,template,t_post_inst,18,0.6667,system_vs_user,tool_register_vs_user_register,0.10806339234113693,0.9750640988349915,0.9839334487915039,0.9750640988349915,True
qwen2.5-7b,template,t_post_inst,18,0.6667,assistant_vs_user,system_register_vs_tool_register,0.06848673522472382,0.873558521270752,0.9841346740722656,0.873558521270752,True
qwen2.5-7b,template,t_post_inst,18,0.6667,assistant_vs_user,system_register_vs_user_register,0.03899764269590378,0.873558521270752,0.9328699111938477,0.873558521270752,True
qwen2.5-7b,template,t_post_inst,18,0.6667,assistant_vs_user,tool_register_vs_user_register,0.04988832026720047,0.873558521270752,0.9839334487915039,0.873558521270752,True
qwen2.5-7b,template,t_post_inst,19,0.7037,tool_vs_user,system_register_vs_tool_register,0.4004102647304535,0.9549806714057922,0.9789058566093445,0.9549806714057922,True
qwen2.5-7b,template,t_post_inst,19,0.7037,tool_vs_user,system_register_vs_user_register,0.03226946294307709,0.9549806714057922,0.9153305888175964,0.9153305888175964,True
qwen2.5-7b,template,t_post_inst,19,0.7037,tool_vs_user,tool_register_vs_user_register,0.3981502056121826,0.9549806714057922,0.9785049557685852,0.9549806714057922,True
qwen2.5-7b,template,t_post_inst,19,0.7037,system_vs_user,system_register_vs_tool_register,0.09890230000019073,0.9595807790756226,0.9789058566093445,0.9595807790756226,True
qwen2.5-7b,template,t_post_inst,19,0.7037,system_vs_user,system_register_vs_user_register,0.008893880061805248,0.9595807790756226,0.9153305888175964,0.9153305888175964,True
qwen2.5-7b,template,t_post_inst,19,0.7037,system_vs_user,tool_register_vs_user_register,0.10795262455940247,0.9595807790756226,0.9785049557685852,0.9595807790756226,True
qwen2.5-7b,template,t_post_inst,19,0.7037,assistant_vs_user,system_register_vs_tool_register,0.02218654751777649,0.8221791386604309,0.9789058566093445,0.8221791386604309,True
qwen2.5-7b,template,t_post_inst,19,0.7037,assistant_vs_user,system_register_vs_user_register,0.027075951918959618,0.8221791386604309,0.9153305888175964,0.8221791386604309,True
qwen2.5-7b,template,t_post_inst,19,0.7037,assistant_vs_user,tool_register_vs_user_register,0.0076534803956747055,0.8221791386604309,0.9785049557685852,0.8221791386604309,True
qwen2.5-7b,template,t_post_inst,20,0.7407,tool_vs_user,system_register_vs_tool_register,0.3378363847732544,0.9382328987121582,0.9756199717521667,0.9382328987121582,True
qwen2.5-7b,template,t_post_inst,20,0.7407,tool_vs_user,system_register_vs_user_register,0.04860111325979233,0.9382328987121582,0.911323070526123,0.911323070526123,True
qwen2.5-7b,template,t_post_inst,20,0.7407,tool_vs_user,tool_register_vs_user_register,0.38318905234336853,0.9382328987121582,0.9735927581787109,0.9382328987121582,True
qwen2.5-7b,template,t_post_inst,20,0.7407,system_vs_user,system_register_vs_tool_register,0.042613573372364044,0.9462283849716187,0.9756199717521667,0.9462283849716187,True
qwen2.5-7b,template,t_post_inst,20,0.7407,system_vs_user,system_register_vs_user_register,0.07016701251268387,0.9462283849716187,0.911323070526123,0.911323070526123,True
qwen2.5-7b,template,t_post_inst,20,0.7407,system_vs_user,tool_register_vs_user_register,0.08684694766998291,0.9462283849716187,0.9735927581787109,0.9462283849716187,True
qwen2.5-7b,template,t_post_inst,20,0.7407,assistant_vs_user,system_register_vs_tool_register,0.0818709135055542,0.7833701372146606,0.9756199717521667,0.7833701372146606,True
qwen2.5-7b,template,t_post_inst,20,0.7407,assistant_vs_user,system_register_vs_user_register,0.04502832889556885,0.7833701372146606,0.911323070526123,0.7833701372146606,True
qwen2.5-7b,template,t_post_inst,20,0.7407,assistant_vs_user,tool_register_vs_user_register,0.05869737267494202,0.7833701372146606,0.9735927581787109,0.7833701372146606,True
qwen2.5-7b,template,t_post_inst,21,0.7778,tool_vs_user,system_register_vs_tool_register,0.28563690185546875,0.9095709919929504,0.9730634689331055,0.9095709919929504,True
qwen2.5-7b,template,t_post_inst,21,0.7778,tool_vs_user,system_register_vs_user_register,0.07644358277320862,0.9095709919929504,0.9276941418647766,0.9095709919929504,True
qwen2.5-7b,template,t_post_inst,21,0.7778,tool_vs_user,tool_register_vs_user_register,0.31532418727874756,0.9095709919929504,0.975641131401062,0.9095709919929504,True
qwen2.5-7b,template,t_post_inst,21,0.7778,system_vs_user,system_register_vs_tool_register,0.03541475534439087,0.921995997428894,0.9730634689331055,0.921995997428894,True
qwen2.5-7b,template,t_post_inst,21,0.7778,system_vs_user,system_register_vs_user_register,0.053218141198158264,0.921995997428894,0.9276941418647766,0.921995997428894,True
qwen2.5-7b,template,t_post_inst,21,0.7778,system_vs_user,tool_register_vs_user_register,0.06659950315952301,0.921995997428894,0.975641131401062,0.921995997428894,True
qwen2.5-7b,template,t_post_inst,21,0.7778,assistant_vs_user,system_register_vs_tool_register,0.16078539192676544,0.745010495185852,0.9730634689331055,0.745010495185852,True
qwen2.5-7b,template,t_post_inst,21,0.7778,assistant_vs_user,system_register_vs_user_register,0.11747870594263077,0.745010495185852,0.9276941418647766,0.745010495185852,True
qwen2.5-7b,template,t_post_inst,21,0.7778,assistant_vs_user,tool_register_vs_user_register,0.07656824588775635,0.745010495185852,0.975641131401062,0.745010495185852,True
qwen2.5-7b,template,t_post_inst,22,0.8148,tool_vs_user,system_register_vs_tool_register,0.21702702343463898,0.8582631945610046,0.9689165353775024,0.8582631945610046,True
qwen2.5-7b,template,t_post_inst,22,0.8148,tool_vs_user,system_register_vs_user_register,0.08144397288560867,0.8582631945610046,0.9316840171813965,0.8582631945610046,True
qwen2.5-7b,template,t_post_inst,22,0.8148,tool_vs_user,tool_register_vs_user_register,0.25067138671875,0.8582631945610046,0.9729886054992676,0.8582631945610046,True
qwen2.5-7b,template,t_post_inst,22,0.8148,system_vs_user,system_register_vs_tool_register,0.01717318221926689,0.8989847898483276,0.9689165353775024,0.8989847898483276,True
qwen2.5-7b,template,t_post_inst,22,0.8148,system_vs_user,system_register_vs_user_register,0.004242883063852787,0.8989847898483276,0.9316840171813965,0.8989847898483276,True
qwen2.5-7b,template,t_post_inst,22,0.8148,system_vs_user,tool_register_vs_user_register,0.018360480666160583,0.8989847898483276,0.9729886054992676,0.8989847898483276,True
qwen2.5-7b,template,t_post_inst,22,0.8148,assistant_vs_user,system_register_vs_tool_register,0.21669265627861023,0.6857268810272217,0.9689165353775024,0.6857268810272217,True
qwen2.5-7b,template,t_post_inst,22,0.8148,assistant_vs_user,system_register_vs_user_register,0.182404562830925,0.6857268810272217,0.9316840171813965,0.6857268810272217,True
qwen2.5-7b,template,t_post_inst,22,0.8148,assistant_vs_user,tool_register_vs_user_register,0.07361730933189392,0.6857268810272217,0.9729886054992676,0.6857268810272217,True
qwen2.5-7b,template,t_post_inst,23,0.8519,tool_vs_user,system_register_vs_tool_register,0.2074056714773178,0.8314549326896667,0.9678542017936707,0.8314549326896667,True
qwen2.5-7b,template,t_post_inst,23,0.8519,tool_vs_user,system_register_vs_user_register,0.14217373728752136,0.8314549326896667,0.9438078999519348,0.8314549326896667,True
qwen2.5-7b,template,t_post_inst,23,0.8519,tool_vs_user,tool_register_vs_user_register,0.2719841003417969,0.8314549326896667,0.9756821393966675,0.8314549326896667,True
qwen2.5-7b,template,t_post_inst,23,0.8519,system_vs_user,system_register_vs_tool_register,0.030628614127635956,0.8785513043403625,0.9678542017936707,0.8785513043403625,True
qwen2.5-7b,template,t_post_inst,23,0.8519,system_vs_user,system_register_vs_user_register,0.07809325307607651,0.8785513043403625,0.9438078999519348,0.8785513043403625,True
qwen2.5-7b,template,t_post_inst,23,0.8519,system_vs_user,tool_register_vs_user_register,0.029022851958870888,0.8785513043403625,0.9756821393966675,0.8785513043403625,True
qwen2.5-7b,template,t_post_inst,23,0.8519,assistant_vs_user,system_register_vs_tool_register,0.2558211088180542,0.6368895769119263,0.9678542017936707,0.6368895769119263,True
qwen2.5-7b,template,t_post_inst,23,0.8519,assistant_vs_user,system_register_vs_user_register,0.2522127628326416,0.6368895769119263,0.9438078999519348,0.6368895769119263,True
qwen2.5-7b,template,t_post_inst,23,0.8519,assistant_vs_user,tool_register_vs_user_register,0.03692316636443138,0.6368895769119263,0.9756821393966675,0.6368895769119263,True
qwen2.5-7b,template,t_post_inst,24,0.8889,tool_vs_user,system_register_vs_tool_register,0.15700951218605042,0.7930893898010254,0.9660088419914246,0.7930893898010254,True
qwen2.5-7b,template,t_post_inst,24,0.8889,tool_vs_user,system_register_vs_user_register,0.1547134667634964,0.7930893898010254,0.9357614517211914,0.7930893898010254,True
qwen2.5-7b,template,t_post_inst,24,0.8889,tool_vs_user,tool_register_vs_user_register,0.2410178780555725,0.7930893898010254,0.9733066558837891,0.7930893898010254,True
qwen2.5-7b,template,t_post_inst,24,0.8889,system_vs_user,system_register_vs_tool_register,0.016942569985985756,0.8594602346420288,0.9660088419914246,0.8594602346420288,True
qwen2.5-7b,template,t_post_inst,24,0.8889,system_vs_user,system_register_vs_user_register,0.04666563868522644,0.8594602346420288,0.9357614517211914,0.8594602346420288,True
qwen2.5-7b,template,t_post_inst,24,0.8889,system_vs_user,tool_register_vs_user_register,0.017877083271741867,0.8594602346420288,0.9733066558837891,0.8594602346420288,True
qwen2.5-7b,template,t_post_inst,24,0.8889,assistant_vs_user,system_register_vs_tool_register,0.2468414604663849,0.5959038734436035,0.9660088419914246,0.5959038734436035,True
qwen2.5-7b,template,t_post_inst,24,0.8889,assistant_vs_user,system_register_vs_user_register,0.2587965130805969,0.5959038734436035,0.9357614517211914,0.5959038734436035,True
qwen2.5-7b,template,t_post_inst,24,0.8889,assistant_vs_user,tool_register_vs_user_register,0.031199218705296516,0.5959038734436035,0.9733066558837891,0.5959038734436035,True
qwen2.5-7b,template,t_post_inst,25,0.9259,tool_vs_user,system_register_vs_tool_register,0.18829531967639923,0.7776252627372742,0.9641437530517578,0.7776252627372742,True
qwen2.5-7b,template,t_post_inst,25,0.9259,tool_vs_user,system_register_vs_user_register,0.12668436765670776,0.7776252627372742,0.923827052116394,0.7776252627372742,True
qwen2.5-7b,template,t_post_inst,25,0.9259,tool_vs_user,tool_register_vs_user_register,0.2476464956998825,0.7776252627372742,0.9719357490539551,0.7776252627372742,True
qwen2.5-7b,template,t_post_inst,25,0.9259,system_vs_user,system_register_vs_tool_register,0.036431025713682175,0.8624303936958313,0.9641437530517578,0.8624303936958313,True
qwen2.5-7b,template,t_post_inst,25,0.9259,system_vs_user,system_register_vs_user_register,0.044534288346767426,0.8624303936958313,0.923827052116394,0.8624303936958313,True
qwen2.5-7b,template,t_post_inst,25,0.9259,system_vs_user,tool_register_vs_user_register,0.0021714912727475166,0.8624303936958313,0.9719357490539551,0.8624303936958313,True
qwen2.5-7b,template,t_post_inst,25,0.9259,assistant_vs_user,system_register_vs_tool_register,0.23646141588687897,0.6002069711685181,0.9641437530517578,0.6002069711685181,True
qwen2.5-7b,template,t_post_inst,25,0.9259,assistant_vs_user,system_register_vs_user_register,0.16965995728969574,0.6002069711685181,0.923827052116394,0.6002069711685181,True
qwen2.5-7b,template,t_post_inst,25,0.9259,assistant_vs_user,tool_register_vs_user_register,0.09319552779197693,0.6002069711685181,0.9719357490539551,0.6002069711685181,True
qwen2.5-7b,template,t_post_inst,26,0.963,tool_vs_user,system_register_vs_tool_register,0.145330011844635,0.7596465349197388,0.9650548696517944,0.7596465349197388,True
qwen2.5-7b,template,t_post_inst,26,0.963,tool_vs_user,system_register_vs_user_register,0.13763976097106934,0.7596465349197388,0.9238483309745789,0.7596465349197388,True
qwen2.5-7b,template,t_post_inst,26,0.963,tool_vs_user,tool_register_vs_user_register,0.21165348589420319,0.7596465349197388,0.9738146662712097,0.7596465349197388,True
qwen2.5-7b,template,t_post_inst,26,0.963,system_vs_user,system_register_vs_tool_register,0.010362875647842884,0.8614036440849304,0.9650548696517944,0.8614036440849304,True
qwen2.5-7b,template,t_post_inst,26,0.963,system_vs_user,system_register_vs_user_register,0.05889510735869408,0.8614036440849304,0.9238483309745789,0.8614036440849304,True
qwen2.5-7b,template,t_post_inst,26,0.963,system_vs_user,tool_register_vs_user_register,0.028787733986973763,0.8614036440849304,0.9738146662712097,0.8614036440849304,True
qwen2.5-7b,template,t_post_inst,26,0.963,assistant_vs_user,system_register_vs_tool_register,0.22763803601264954,0.6290876269340515,0.9650548696517944,0.6290876269340515,True
qwen2.5-7b,template,t_post_inst,26,0.963,assistant_vs_user,system_register_vs_user_register,0.09320974349975586,0.6290876269340515,0.9238483309745789,0.6290876269340515,True
qwen2.5-7b,template,t_post_inst,26,0.963,assistant_vs_user,tool_register_vs_user_register,0.13431429862976074,0.6290876269340515,0.9738146662712097,0.6290876269340515,True
qwen2.5-7b,template,t_post_inst,27,1.0,tool_vs_user,system_register_vs_tool_register,0.16021479666233063,0.7686029672622681,0.9672068357467651,0.7686029672622681,True
qwen2.5-7b,template,t_post_inst,27,1.0,tool_vs_user,system_register_vs_user_register,0.17839449644088745,0.7686029672622681,0.9250529408454895,0.7686029672622681,True
qwen2.5-7b,template,t_post_inst,27,1.0,tool_vs_user,tool_register_vs_user_register,0.2451101392507553,0.7686029672622681,0.9760025143623352,0.7686029672622681,True
qwen2.5-7b,template,t_post_inst,27,1.0,system_vs_user,system_register_vs_tool_register,0.08518361300230026,0.8650399446487427,0.9672068357467651,0.8650399446487427,True
qwen2.5-7b,template,t_post_inst,27,1.0,system_vs_user,system_register_vs_user_register,0.0941556841135025,0.8650399446487427,0.9250529408454895,0.8650399446487427,True
qwen2.5-7b,template,t_post_inst,27,1.0,system_vs_user,tool_register_vs_user_register,0.12989301979541779,0.8650399446487427,0.9760025143623352,0.8650399446487427,True
qwen2.5-7b,template,t_post_inst,27,1.0,assistant_vs_user,system_register_vs_tool_register,0.2638227045536041,0.7449415922164917,0.9672068357467651,0.7449415922164917,True
qwen2.5-7b,template,t_post_inst,27,1.0,assistant_vs_user,system_register_vs_user_register,0.05535922944545746,0.7449415922164917,0.9250529408454895,0.7449415922164917,True
qwen2.5-7b,template,t_post_inst,27,1.0,assistant_vs_user,tool_register_vs_user_register,0.25648975372314453,0.7449415922164917,0.9760025143623352,0.7449415922164917,True
