concept_a,concept_b,layer,relative_depth,cosine,abs_cosine,null_p97_5,split_half_floor,beyond_null,position_a,position_b,same_position
R_control,R_control_harmless,0,0.0,0.20779705047607422,0.20779705047607422,0.03177424147725105,0.6132475733757019,True,t_post_inst,t_post_inst,True
R_control,R_control_harmless,1,0.037,0.25911223888397217,0.25911223888397217,0.03177424147725105,0.6288757920265198,True,t_post_inst,t_post_inst,True
R_control,R_control_harmless,2,0.0741,0.025316229090094566,0.025316229090094566,0.03177424147725105,0.6875845789909363,False,t_post_inst,t_post_inst,True
R_control,R_control_harmless,3,0.1111,-0.07758619636297226,0.07758619636297226,0.03177424147725105,0.6638495326042175,True,t_post_inst,t_post_inst,True
R_control,R_control_harmless,4,0.1481,-0.09558282792568207,0.09558282792568207,0.03177424147725105,0.5887443423271179,True,t_post_inst,t_post_inst,True
R_control,R_control_harmless,5,0.1852,-0.0905134454369545,0.0905134454369545,0.03177424147725105,0.6324215531349182,True,t_post_inst,t_post_inst,True
R_control,R_control_harmless,6,0.2222,-0.09690332412719727,0.09690332412719727,0.03177424147725105,0.6572062969207764,True,t_post_inst,t_post_inst,True
R_control,R_control_harmless,7,0.2593,-0.12613943219184875,0.12613943219184875,0.03177424147725105,0.6600807905197144,True,t_post_inst,t_post_inst,True
R_control,R_control_harmless,8,0.2963,-0.181174173951149,0.181174173951149,0.03177424147725105,0.6992489695549011,True,t_post_inst,t_post_inst,True
R_control,R_control_harmless,9,0.3333,-0.1033376157283783,0.1033376157283783,0.03177424147725105,0.7257104516029358,True,t_post_inst,t_post_inst,True
R_control,R_control_harmless,10,0.3704,-0.046125441789627075,0.046125441789627075,0.03177424147725105,0.6949610114097595,True,t_post_inst,t_post_inst,True
R_control,R_control_harmless,11,0.4074,0.010056911036372185,0.010056911036372185,0.03177424147725105,0.7108584642410278,False,t_post_inst,t_post_inst,True
R_control,R_control_harmless,12,0.4444,-0.0005043921992182732,0.0005043921992182732,0.03177424147725105,0.70351243019104,False,t_post_inst,t_post_inst,True
R_control,R_control_harmless,13,0.4815,0.14051802456378937,0.14051802456378937,0.03177424147725105,0.7214701175689697,True,t_post_inst,t_post_inst,True
R_control,R_control_harmless,14,0.5185,0.28705886006355286,0.28705886006355286,0.03177424147725105,0.7845114469528198,True,t_post_inst,t_post_inst,True
R_control,R_control_harmless,15,0.5556,0.45890676975250244,0.45890676975250244,0.03177424147725105,0.8391793370246887,True,t_post_inst,t_post_inst,True
R_control,R_control_harmless,16,0.5926,0.525597870349884,0.525597870349884,0.03177424147725105,0.8633953928947449,True,t_post_inst,t_post_inst,True
R_control,R_control_harmless,17,0.6296,0.5994181632995605,0.5994181632995605,0.03177424147725105,0.8876634836196899,True,t_post_inst,t_post_inst,True
R_control,R_control_harmless,18,0.6667,0.6872268319129944,0.6872268319129944,0.03177424147725105,0.9457133412361144,True,t_post_inst,t_post_inst,True
R_control,R_control_harmless,19,0.7037,0.6958338022232056,0.6958338022232056,0.03177424147725105,0.946364402770996,True,t_post_inst,t_post_inst,True
R_control,R_control_harmless,20,0.7407,0.7165082693099976,0.7165082693099976,0.03177424147725105,0.9530420303344728,True,t_post_inst,t_post_inst,True
R_control,R_control_harmless,21,0.7778,0.6906367540359497,0.6906367540359497,0.03177424147725105,0.9497079849243164,True,t_post_inst,t_post_inst,True
R_control,R_control_harmless,22,0.8148,0.6687606573104858,0.6687606573104858,0.03177424147725105,0.943821907043457,True,t_post_inst,t_post_inst,True
R_control,R_control_harmless,23,0.8519,0.7215361595153809,0.7215361595153809,0.03177424147725105,0.94783353805542,True,t_post_inst,t_post_inst,True
R_control,R_control_harmless,24,0.8889,0.7158810496330261,0.7158810496330261,0.03177424147725105,0.9459056854248048,True,t_post_inst,t_post_inst,True
R_control,R_control_harmless,25,0.9259,0.7073459625244141,0.7073459625244141,0.03177424147725105,0.9439549446105956,True,t_post_inst,t_post_inst,True
R_control,R_control_harmless,26,0.963,0.6749862432479858,0.6749862432479858,0.03177424147725105,0.9384188652038574,True,t_post_inst,t_post_inst,True
R_control,R_control_harmless,27,1.0,0.6776344180107117,0.6776344180107117,0.03177424147725105,0.933980107307434,True,t_post_inst,t_post_inst,True
R_control,R_control_preguard,0,0.0,0.8624951243400574,0.8624951243400574,0.03177424147725105,0.8176876306533813,True,t_post_inst,t_post_inst,True
R_control,R_control_preguard,1,0.037,0.8688231110572815,0.8688231110572815,0.03177424147725105,0.7986767292022705,True,t_post_inst,t_post_inst,True
R_control,R_control_preguard,2,0.0741,0.8678320050239563,0.8678320050239563,0.03177424147725105,0.7883531451225281,True,t_post_inst,t_post_inst,True
R_control,R_control_preguard,3,0.1111,0.8702405691146851,0.8702405691146851,0.03177424147725105,0.785489022731781,True,t_post_inst,t_post_inst,True
R_control,R_control_preguard,4,0.1481,0.8541350960731506,0.8541350960731506,0.03177424147725105,0.753086507320404,True,t_post_inst,t_post_inst,True
R_control,R_control_preguard,5,0.1852,0.8314971327781677,0.8314971327781677,0.03177424147725105,0.7868976593017578,True,t_post_inst,t_post_inst,True
R_control,R_control_preguard,6,0.2222,0.849718451499939,0.849718451499939,0.03177424147725105,0.7863998413085938,True,t_post_inst,t_post_inst,True
R_control,R_control_preguard,7,0.2593,0.8659720420837402,0.8659720420837402,0.03177424147725105,0.8047207593917847,True,t_post_inst,t_post_inst,True
R_control,R_control_preguard,8,0.2963,0.8396226167678833,0.8396226167678833,0.03177424147725105,0.7871332764625549,True,t_post_inst,t_post_inst,True
R_control,R_control_preguard,9,0.3333,0.8052945137023926,0.8052945137023926,0.03177424147725105,0.7257104516029358,True,t_post_inst,t_post_inst,True
R_control,R_control_preguard,10,0.3704,0.7833952903747559,0.7833952903747559,0.03177424147725105,0.6949610114097595,True,t_post_inst,t_post_inst,True
R_control,R_control_preguard,11,0.4074,0.7775417566299438,0.7775417566299438,0.03177424147725105,0.7108584642410278,True,t_post_inst,t_post_inst,True
R_control,R_control_preguard,12,0.4444,0.7987778186798096,0.7987778186798096,0.03177424147725105,0.7406391501426697,True,t_post_inst,t_post_inst,True
R_control,R_control_preguard,13,0.4815,0.8149449825286865,0.8149449825286865,0.03177424147725105,0.8459548950195312,True,t_post_inst,t_post_inst,True
R_control,R_control_preguard,14,0.5185,0.8699029684066772,0.8699029684066772,0.03177424147725105,0.9107562303543092,True,t_post_inst,t_post_inst,True
R_control,R_control_preguard,15,0.5556,0.9067287445068359,0.9067287445068359,0.03177424147725105,0.9355207681655884,True,t_post_inst,t_post_inst,True
R_control,R_control_preguard,16,0.5926,0.9300774335861206,0.9300774335861206,0.03177424147725105,0.9529460668563844,True,t_post_inst,t_post_inst,True
R_control,R_control_preguard,17,0.6296,0.9487277269363403,0.9487277269363403,0.03177424147725105,0.9673070907592772,True,t_post_inst,t_post_inst,True
R_control,R_control_preguard,18,0.6667,0.9622184038162231,0.9622184038162231,0.03177424147725105,0.9780305027961732,True,t_post_inst,t_post_inst,True
R_control,R_control_preguard,19,0.7037,0.9630022048950195,0.9630022048950195,0.03177424147725105,0.979722023010254,True,t_post_inst,t_post_inst,True
R_control,R_control_preguard,20,0.7407,0.970748245716095,0.970748245716095,0.03177424147725105,0.9849660992622375,True,t_post_inst,t_post_inst,True
R_control,R_control_preguard,21,0.7778,0.969551146030426,0.969551146030426,0.03177424147725105,0.9840288162231444,True,t_post_inst,t_post_inst,True
R_control,R_control_preguard,22,0.8148,0.9656691551208496,0.9656691551208496,0.03177424147725105,0.9824112057685852,True,t_post_inst,t_post_inst,True
R_control,R_control_preguard,23,0.8519,0.9698597192764282,0.9698597192764282,0.03177424147725105,0.9843991994857788,True,t_post_inst,t_post_inst,True
R_control,R_control_preguard,24,0.8889,0.9700661897659302,0.9700661897659302,0.03177424147725105,0.983230471611023,True,t_post_inst,t_post_inst,True
R_control,R_control_preguard,25,0.9259,0.9698490500450134,0.9698490500450134,0.03177424147725105,0.9822422862052916,True,t_post_inst,t_post_inst,True
R_control,R_control_preguard,26,0.963,0.9675347208976746,0.9675347208976746,0.03177424147725105,0.979396641254425,True,t_post_inst,t_post_inst,True
R_control,R_control_preguard,27,1.0,0.9617687463760376,0.9617687463760376,0.03177424147725105,0.9756532907485962,True,t_post_inst,t_post_inst,True
R_control,R_control_unbalanced,0,0.0,0.9341817498207092,0.9341817498207092,0.03177424147725105,0.8176876306533813,True,t_post_inst,t_post_inst,True
R_control,R_control_unbalanced,1,0.037,0.9343259334564209,0.9343259334564209,0.03177424147725105,0.7986767292022705,True,t_post_inst,t_post_inst,True
R_control,R_control_unbalanced,2,0.0741,0.9346923828125,0.9346923828125,0.03177424147725105,0.7883531451225281,True,t_post_inst,t_post_inst,True
R_control,R_control_unbalanced,3,0.1111,0.9137489795684814,0.9137489795684814,0.03177424147725105,0.785489022731781,True,t_post_inst,t_post_inst,True
R_control,R_control_unbalanced,4,0.1481,0.9047137498855591,0.9047137498855591,0.03177424147725105,0.753086507320404,True,t_post_inst,t_post_inst,True
R_control,R_control_unbalanced,5,0.1852,0.9041606783866882,0.9041606783866882,0.03177424147725105,0.7868976593017578,True,t_post_inst,t_post_inst,True
R_control,R_control_unbalanced,6,0.2222,0.8984056711196899,0.8984056711196899,0.03177424147725105,0.7863998413085938,True,t_post_inst,t_post_inst,True
R_control,R_control_unbalanced,7,0.2593,0.9237735271453857,0.9237735271453857,0.03177424147725105,0.8047207593917847,True,t_post_inst,t_post_inst,True
R_control,R_control_unbalanced,8,0.2963,0.933886706829071,0.933886706829071,0.03177424147725105,0.7871332764625549,True,t_post_inst,t_post_inst,True
R_control,R_control_unbalanced,9,0.3333,0.9278294444084167,0.9278294444084167,0.03177424147725105,0.7257104516029358,True,t_post_inst,t_post_inst,True
R_control,R_control_unbalanced,10,0.3704,0.9272726774215698,0.9272726774215698,0.03177424147725105,0.6949610114097595,True,t_post_inst,t_post_inst,True
R_control,R_control_unbalanced,11,0.4074,0.9263384938240051,0.9263384938240051,0.03177424147725105,0.7108584642410278,True,t_post_inst,t_post_inst,True
R_control,R_control_unbalanced,12,0.4444,0.9304112792015076,0.9304112792015076,0.03177424147725105,0.7406391501426697,True,t_post_inst,t_post_inst,True
R_control,R_control_unbalanced,13,0.4815,0.9693806171417236,0.9693806171417236,0.03177424147725105,0.8459548950195312,True,t_post_inst,t_post_inst,True
R_control,R_control_unbalanced,14,0.5185,0.9859961271286011,0.9859961271286011,0.03177424147725105,0.9107562303543092,True,t_post_inst,t_post_inst,True
R_control,R_control_unbalanced,15,0.5556,0.9884029030799866,0.9884029030799866,0.03177424147725105,0.9355207681655884,True,t_post_inst,t_post_inst,True
R_control,R_control_unbalanced,16,0.5926,0.9919776916503906,0.9919776916503906,0.03177424147725105,0.9529460668563844,True,t_post_inst,t_post_inst,True
R_control,R_control_unbalanced,17,0.6296,0.994722843170166,0.994722843170166,0.03177424147725105,0.9673070907592772,True,t_post_inst,t_post_inst,True
R_control,R_control_unbalanced,18,0.6667,0.9967494010925293,0.9967494010925293,0.03177424147725105,0.9780305027961732,True,t_post_inst,t_post_inst,True
R_control,R_control_unbalanced,19,0.7037,0.9976701140403748,0.9976701140403748,0.03177424147725105,0.979722023010254,True,t_post_inst,t_post_inst,True
R_control,R_control_unbalanced,20,0.7407,0.9984108805656433,0.9984108805656433,0.03177424147725105,0.9849660992622375,True,t_post_inst,t_post_inst,True
R_control,R_control_unbalanced,21,0.7778,0.9985832571983337,0.9985832571983337,0.03177424147725105,0.9840288162231444,True,t_post_inst,t_post_inst,True
R_control,R_control_unbalanced,22,0.8148,0.9986926913261414,0.9986926913261414,0.03177424147725105,0.9824112057685852,True,t_post_inst,t_post_inst,True
R_control,R_control_unbalanced,23,0.8519,0.9989197254180908,0.9989197254180908,0.03177424147725105,0.9843991994857788,True,t_post_inst,t_post_inst,True
R_control,R_control_unbalanced,24,0.8889,0.9990399479866028,0.9990399479866028,0.03177424147725105,0.983230471611023,True,t_post_inst,t_post_inst,True
R_control,R_control_unbalanced,25,0.9259,0.9988874197006226,0.9988874197006226,0.03177424147725105,0.9822422862052916,True,t_post_inst,t_post_inst,True
R_control,R_control_unbalanced,26,0.963,0.9988797903060913,0.9988797903060913,0.03177424147725105,0.979396641254425,True,t_post_inst,t_post_inst,True
R_control,R_control_unbalanced,27,1.0,0.998873233795166,0.998873233795166,0.03177424147725105,0.9756532907485962,True,t_post_inst,t_post_inst,True
R_control,R_harm,0,0.0,-0.12499399483203888,0.12499399483203888,0.03177424147725105,0.8176876306533813,True,t_post_inst,t_inst,False
R_control,R_harm,1,0.037,-0.22777706384658813,0.22777706384658813,0.03177424147725105,0.7986767292022705,True,t_post_inst,t_inst,False
R_control,R_harm,2,0.0741,-0.1011674702167511,0.1011674702167511,0.03177424147725105,0.7883531451225281,True,t_post_inst,t_inst,False
R_control,R_harm,3,0.1111,0.016085054725408554,0.016085054725408554,0.03177424147725105,0.785489022731781,False,t_post_inst,t_inst,False
R_control,R_harm,4,0.1481,-0.06494364142417908,0.06494364142417908,0.03177424147725105,0.753086507320404,True,t_post_inst,t_inst,False
R_control,R_harm,5,0.1852,-0.049589306116104126,0.049589306116104126,0.03177424147725105,0.7868976593017578,True,t_post_inst,t_inst,False
R_control,R_harm,6,0.2222,-0.0649103969335556,0.0649103969335556,0.03177424147725105,0.7863998413085938,True,t_post_inst,t_inst,False
R_control,R_harm,7,0.2593,-0.042586855590343475,0.042586855590343475,0.03177424147725105,0.8047207593917847,True,t_post_inst,t_inst,False
R_control,R_harm,8,0.2963,-0.03298794850707054,0.03298794850707054,0.03177424147725105,0.7871332764625549,True,t_post_inst,t_inst,False
R_control,R_harm,9,0.3333,-0.015303065069019794,0.015303065069019794,0.03177424147725105,0.7257104516029358,False,t_post_inst,t_inst,False
R_control,R_harm,10,0.3704,-0.010712608695030212,0.010712608695030212,0.03177424147725105,0.6949610114097595,False,t_post_inst,t_inst,False
R_control,R_harm,11,0.4074,-0.04487522691488266,0.04487522691488266,0.03177424147725105,0.7108584642410278,True,t_post_inst,t_inst,False
R_control,R_harm,12,0.4444,0.012297379784286022,0.012297379784286022,0.03177424147725105,0.7406391501426697,False,t_post_inst,t_inst,False
R_control,R_harm,13,0.4815,0.10278934240341187,0.10278934240341187,0.03177424147725105,0.8459548950195312,True,t_post_inst,t_inst,False
R_control,R_harm,14,0.5185,0.153510183095932,0.153510183095932,0.03177424147725105,0.9107562303543092,True,t_post_inst,t_inst,False
R_control,R_harm,15,0.5556,0.1927497237920761,0.1927497237920761,0.03177424147725105,0.9355207681655884,True,t_post_inst,t_inst,False
R_control,R_harm,16,0.5926,0.2179708331823349,0.2179708331823349,0.03177424147725105,0.9529460668563844,True,t_post_inst,t_inst,False
R_control,R_harm,17,0.6296,0.2069169580936432,0.2069169580936432,0.03177424147725105,0.9673070907592772,True,t_post_inst,t_inst,False
R_control,R_harm,18,0.6667,0.18450304865837097,0.18450304865837097,0.03177424147725105,0.9780305027961732,True,t_post_inst,t_inst,False
R_control,R_harm,19,0.7037,0.15915855765342712,0.15915855765342712,0.03177424147725105,0.979722023010254,True,t_post_inst,t_inst,False
R_control,R_harm,20,0.7407,0.11812478303909302,0.11812478303909302,0.03177424147725105,0.9849660992622375,True,t_post_inst,t_inst,False
R_control,R_harm,21,0.7778,0.10085948556661606,0.10085948556661606,0.03177424147725105,0.9840288162231444,True,t_post_inst,t_inst,False
R_control,R_harm,22,0.8148,0.15581634640693665,0.15581634640693665,0.03177424147725105,0.9824112057685852,True,t_post_inst,t_inst,False
R_control,R_harm,23,0.8519,0.14756765961647034,0.14756765961647034,0.03177424147725105,0.9843991994857788,True,t_post_inst,t_inst,False
R_control,R_harm,24,0.8889,0.16051504015922546,0.16051504015922546,0.03177424147725105,0.983230471611023,True,t_post_inst,t_inst,False
R_control,R_harm,25,0.9259,0.13693371415138245,0.13693371415138245,0.03177424147725105,0.9822422862052916,True,t_post_inst,t_inst,False
R_control,R_harm,26,0.963,0.13296499848365784,0.13296499848365784,0.03177424147725105,0.979396641254425,True,t_post_inst,t_inst,False
R_control,R_harm,27,1.0,0.1894373595714569,0.1894373595714569,0.03177424147725105,0.9756532907485962,True,t_post_inst,t_inst,False
R_control,R_harm_at_post,0,0.0,-0.13351687788963318,0.13351687788963318,0.03177424147725105,0.8176876306533813,True,t_post_inst,t_post_inst,True
R_control,R_harm_at_post,1,0.037,-0.1367361694574356,0.1367361694574356,0.03177424147725105,0.7986767292022705,True,t_post_inst,t_post_inst,True
R_control,R_harm_at_post,2,0.0741,-0.022785739973187447,0.022785739973187447,0.03177424147725105,0.7883531451225281,False,t_post_inst,t_post_inst,True
R_control,R_harm_at_post,3,0.1111,0.01580207422375679,0.01580207422375679,0.03177424147725105,0.785489022731781,False,t_post_inst,t_post_inst,True
R_control,R_harm_at_post,4,0.1481,0.052303459495306015,0.052303459495306015,0.03177424147725105,0.753086507320404,True,t_post_inst,t_post_inst,True
R_control,R_harm_at_post,5,0.1852,0.09627985954284668,0.09627985954284668,0.03177424147725105,0.7868976593017578,True,t_post_inst,t_post_inst,True
R_control,R_harm_at_post,6,0.2222,0.09516662359237671,0.09516662359237671,0.03177424147725105,0.7863998413085938,True,t_post_inst,t_post_inst,True
R_control,R_harm_at_post,7,0.2593,0.1492704302072525,0.1492704302072525,0.03177424147725105,0.8047207593917847,True,t_post_inst,t_post_inst,True
R_control,R_harm_at_post,8,0.2963,0.16088587045669556,0.16088587045669556,0.03177424147725105,0.7871332764625549,True,t_post_inst,t_post_inst,True
R_control,R_harm_at_post,9,0.3333,0.06190713495016098,0.06190713495016098,0.03177424147725105,0.7257104516029358,True,t_post_inst,t_post_inst,True
R_control,R_harm_at_post,10,0.3704,-0.008688325062394142,0.008688325062394142,0.03177424147725105,0.6949610114097595,False,t_post_inst,t_post_inst,True
R_control,R_harm_at_post,11,0.4074,0.06222878769040108,0.06222878769040108,0.03177424147725105,0.7108584642410278,True,t_post_inst,t_post_inst,True
R_control,R_harm_at_post,12,0.4444,0.0798051580786705,0.0798051580786705,0.03177424147725105,0.7406391501426697,True,t_post_inst,t_post_inst,True
R_control,R_harm_at_post,13,0.4815,0.2642452120780945,0.2642452120780945,0.03177424147725105,0.8459548950195312,True,t_post_inst,t_post_inst,True
R_control,R_harm_at_post,14,0.5185,0.408943235874176,0.408943235874176,0.03177424147725105,0.9107562303543092,True,t_post_inst,t_post_inst,True
R_control,R_harm_at_post,15,0.5556,0.5112401843070984,0.5112401843070984,0.03177424147725105,0.9355207681655884,True,t_post_inst,t_post_inst,True
R_control,R_harm_at_post,16,0.5926,0.6007265448570251,0.6007265448570251,0.03177424147725105,0.9529460668563844,True,t_post_inst,t_post_inst,True
R_control,R_harm_at_post,17,0.6296,0.6759045124053955,0.6759045124053955,0.03177424147725105,0.9673070907592772,True,t_post_inst,t_post_inst,True
R_control,R_harm_at_post,18,0.6667,0.7693475484848022,0.7693475484848022,0.03177424147725105,0.9780305027961732,True,t_post_inst,t_post_inst,True
R_control,R_harm_at_post,19,0.7037,0.7869794964790344,0.7869794964790344,0.03177424147725105,0.979722023010254,True,t_post_inst,t_post_inst,True
R_control,R_harm_at_post,20,0.7407,0.8079938888549805,0.8079938888549805,0.03177424147725105,0.9849660992622375,True,t_post_inst,t_post_inst,True
R_control,R_harm_at_post,21,0.7778,0.7930189371109009,0.7930189371109009,0.03177424147725105,0.9840288162231444,True,t_post_inst,t_post_inst,True
R_control,R_harm_at_post,22,0.8148,0.7931620478630066,0.7931620478630066,0.03177424147725105,0.9824112057685852,True,t_post_inst,t_post_inst,True
R_control,R_harm_at_post,23,0.8519,0.8257757425308228,0.8257757425308228,0.03177424147725105,0.9843991994857788,True,t_post_inst,t_post_inst,True
R_control,R_harm_at_post,24,0.8889,0.8299068212509155,0.8299068212509155,0.03177424147725105,0.983230471611023,True,t_post_inst,t_post_inst,True
R_control,R_harm_at_post,25,0.9259,0.8212877511978149,0.8212877511978149,0.03177424147725105,0.9822422862052916,True,t_post_inst,t_post_inst,True
R_control,R_harm_at_post,26,0.963,0.8090018630027771,0.8090018630027771,0.03177424147725105,0.979396641254425,True,t_post_inst,t_post_inst,True
R_control,R_harm_at_post,27,1.0,0.780400276184082,0.780400276184082,0.03177424147725105,0.9756532907485962,True,t_post_inst,t_post_inst,True
R_control,R_harm_user,0,0.0,-0.09207045286893845,0.09207045286893845,0.03177424147725105,0.8176876306533813,True,t_post_inst,t_inst,False
R_control,R_harm_user,1,0.037,-0.20504698157310486,0.20504698157310486,0.03177424147725105,0.7986767292022705,True,t_post_inst,t_inst,False
R_control,R_harm_user,2,0.0741,-0.09209807962179184,0.09209807962179184,0.03177424147725105,0.7883531451225281,True,t_post_inst,t_inst,False
R_control,R_harm_user,3,0.1111,0.023474760353565216,0.023474760353565216,0.03177424147725105,0.785489022731781,False,t_post_inst,t_inst,False
R_control,R_harm_user,4,0.1481,-0.06502506136894226,0.06502506136894226,0.03177424147725105,0.753086507320404,True,t_post_inst,t_inst,False
R_control,R_harm_user,5,0.1852,-0.039772674441337585,0.039772674441337585,0.03177424147725105,0.7868976593017578,True,t_post_inst,t_inst,False
R_control,R_harm_user,6,0.2222,-0.060277484357357025,0.060277484357357025,0.03177424147725105,0.7863998413085938,True,t_post_inst,t_inst,False
R_control,R_harm_user,7,0.2593,-0.04500614106655121,0.04500614106655121,0.03177424147725105,0.8047207593917847,True,t_post_inst,t_inst,False
R_control,R_harm_user,8,0.2963,-0.03286729007959366,0.03286729007959366,0.03177424147725105,0.7871332764625549,True,t_post_inst,t_inst,False
R_control,R_harm_user,9,0.3333,-0.007382350042462349,0.007382350042462349,0.03177424147725105,0.7257104516029358,False,t_post_inst,t_inst,False
R_control,R_harm_user,10,0.3704,-0.004566635470837355,0.004566635470837355,0.03177424147725105,0.6949610114097595,False,t_post_inst,t_inst,False
R_control,R_harm_user,11,0.4074,-0.043408721685409546,0.043408721685409546,0.03177424147725105,0.7108584642410278,True,t_post_inst,t_inst,False
R_control,R_harm_user,12,0.4444,0.0030652370769530535,0.0030652370769530535,0.03177424147725105,0.7406391501426697,False,t_post_inst,t_inst,False
R_control,R_harm_user,13,0.4815,0.10087864100933075,0.10087864100933075,0.03177424147725105,0.8459548950195312,True,t_post_inst,t_inst,False
R_control,R_harm_user,14,0.5185,0.1508336067199707,0.1508336067199707,0.03177424147725105,0.9107562303543092,True,t_post_inst,t_inst,False
R_control,R_harm_user,15,0.5556,0.188486710190773,0.188486710190773,0.03177424147725105,0.9355207681655884,True,t_post_inst,t_inst,False
R_control,R_harm_user,16,0.5926,0.21429282426834106,0.21429282426834106,0.03177424147725105,0.9529460668563844,True,t_post_inst,t_inst,False
R_control,R_harm_user,17,0.6296,0.19221153855323792,0.19221153855323792,0.03177424147725105,0.9673070907592772,True,t_post_inst,t_inst,False
R_control,R_harm_user,18,0.6667,0.1863602101802826,0.1863602101802826,0.03177424147725105,0.9726054072380066,True,t_post_inst,t_inst,False
R_control,R_harm_user,19,0.7037,0.14782410860061646,0.14782410860061646,0.03177424147725105,0.974351406097412,True,t_post_inst,t_inst,False
R_control,R_harm_user,20,0.7407,0.1121947318315506,0.1121947318315506,0.03177424147725105,0.9742386937141418,True,t_post_inst,t_inst,False
R_control,R_harm_user,21,0.7778,0.089676633477211,0.089676633477211,0.03177424147725105,0.9745514988899232,True,t_post_inst,t_inst,False
R_control,R_harm_user,22,0.8148,0.14062848687171936,0.14062848687171936,0.03177424147725105,0.9723834991455078,True,t_post_inst,t_inst,False
R_control,R_harm_user,23,0.8519,0.14497745037078857,0.14497745037078857,0.03177424147725105,0.9680925607681274,True,t_post_inst,t_inst,False
R_control,R_harm_user,24,0.8889,0.16840575635433197,0.16840575635433197,0.03177424147725105,0.9682137370109558,True,t_post_inst,t_inst,False
R_control,R_harm_user,25,0.9259,0.12231944501399994,0.12231944501399994,0.03177424147725105,0.968677818775177,True,t_post_inst,t_inst,False
R_control,R_harm_user,26,0.963,0.09730234742164612,0.09730234742164612,0.03177424147725105,0.9732897877693176,True,t_post_inst,t_inst,False
R_control,R_harm_user,27,1.0,0.09650829434394836,0.09650829434394836,0.03177424147725105,0.9756532907485962,True,t_post_inst,t_inst,False
R_control,R_role_assistant_vs_user@t_inst,0,0.0,-0.053292158991098404,0.053292158991098404,0.03177424147725105,0.8176876306533813,True,t_post_inst,t_inst,False
R_control,R_role_assistant_vs_user@t_inst,1,0.037,-0.24792225658893585,0.24792225658893585,0.03177424147725105,0.7986767292022705,True,t_post_inst,t_inst,False
R_control,R_role_assistant_vs_user@t_inst,2,0.0741,-0.13998199999332428,0.13998199999332428,0.03177424147725105,0.7883531451225281,True,t_post_inst,t_inst,False
R_control,R_role_assistant_vs_user@t_inst,3,0.1111,0.11099755764007568,0.11099755764007568,0.03177424147725105,0.785489022731781,True,t_post_inst,t_inst,False
R_control,R_role_assistant_vs_user@t_inst,4,0.1481,-0.052315227687358856,0.052315227687358856,0.03177424147725105,0.753086507320404,True,t_post_inst,t_inst,False
R_control,R_role_assistant_vs_user@t_inst,5,0.1852,0.03882450610399246,0.03882450610399246,0.03177424147725105,0.7868976593017578,True,t_post_inst,t_inst,False
R_control,R_role_assistant_vs_user@t_inst,6,0.2222,-0.027134841307997704,0.027134841307997704,0.03177424147725105,0.7863998413085938,False,t_post_inst,t_inst,False
R_control,R_role_assistant_vs_user@t_inst,7,0.2593,-0.06136215478181839,0.06136215478181839,0.03177424147725105,0.8047207593917847,True,t_post_inst,t_inst,False
R_control,R_role_assistant_vs_user@t_inst,8,0.2963,-0.0810697078704834,0.0810697078704834,0.03177424147725105,0.7871332764625549,True,t_post_inst,t_inst,False
R_control,R_role_assistant_vs_user@t_inst,9,0.3333,0.0033642505295574665,0.0033642505295574665,0.03177424147725105,0.7257104516029358,False,t_post_inst,t_inst,False
R_control,R_role_assistant_vs_user@t_inst,10,0.3704,-0.034463077783584595,0.034463077783584595,0.03177424147725105,0.6949610114097595,True,t_post_inst,t_inst,False
R_control,R_role_assistant_vs_user@t_inst,11,0.4074,-0.1051909551024437,0.1051909551024437,0.03177424147725105,0.7108584642410278,True,t_post_inst,t_inst,False
R_control,R_role_assistant_vs_user@t_inst,12,0.4444,-0.16890762746334076,0.16890762746334076,0.03177424147725105,0.7406391501426697,True,t_post_inst,t_inst,False
R_control,R_role_assistant_vs_user@t_inst,13,0.4815,-0.06397458165884018,0.06397458165884018,0.03177424147725105,0.8459548950195312,True,t_post_inst,t_inst,False
R_control,R_role_assistant_vs_user@t_inst,14,0.5185,-0.011891390196979046,0.011891390196979046,0.03177424147725105,0.9107562303543092,False,t_post_inst,t_inst,False
R_control,R_role_assistant_vs_user@t_inst,15,0.5556,0.03038521483540535,0.03038521483540535,0.03177424147725105,0.9355207681655884,False,t_post_inst,t_inst,False
R_control,R_role_assistant_vs_user@t_inst,16,0.5926,0.06138639897108078,0.06138639897108078,0.03177424147725105,0.9529460668563844,True,t_post_inst,t_inst,False
R_control,R_role_assistant_vs_user@t_inst,17,0.6296,0.03439977765083313,0.03439977765083313,0.03177424147725105,0.9673070907592772,True,t_post_inst,t_inst,False
R_control,R_role_assistant_vs_user@t_inst,18,0.6667,0.1588917374610901,0.1588917374610901,0.03177424147725105,0.9780305027961732,True,t_post_inst,t_inst,False
R_control,R_role_assistant_vs_user@t_inst,19,0.7037,0.16314353048801422,0.16314353048801422,0.03177424147725105,0.979722023010254,True,t_post_inst,t_inst,False
R_control,R_role_assistant_vs_user@t_inst,20,0.7407,0.24128690361976624,0.24128690361976624,0.03177424147725105,0.9849660992622375,True,t_post_inst,t_inst,False
R_control,R_role_assistant_vs_user@t_inst,21,0.7778,0.2287646234035492,0.2287646234035492,0.03177424147725105,0.9840288162231444,True,t_post_inst,t_inst,False
R_control,R_role_assistant_vs_user@t_inst,22,0.8148,0.1999952793121338,0.1999952793121338,0.03177424147725105,0.9824112057685852,True,t_post_inst,t_inst,False
R_control,R_role_assistant_vs_user@t_inst,23,0.8519,0.1846342235803604,0.1846342235803604,0.03177424147725105,0.9843991994857788,True,t_post_inst,t_inst,False
R_control,R_role_assistant_vs_user@t_inst,24,0.8889,0.17671456933021545,0.17671456933021545,0.03177424147725105,0.983230471611023,True,t_post_inst,t_inst,False
R_control,R_role_assistant_vs_user@t_inst,25,0.9259,0.11167308688163757,0.11167308688163757,0.03177424147725105,0.9822422862052916,True,t_post_inst,t_inst,False
R_control,R_role_assistant_vs_user@t_inst,26,0.963,0.11219362914562225,0.11219362914562225,0.03177424147725105,0.979396641254425,True,t_post_inst,t_inst,False
R_control,R_role_assistant_vs_user@t_inst,27,1.0,-0.018409661948680878,0.018409661948680878,0.03177424147725105,0.9756532907485962,False,t_post_inst,t_inst,False
R_control,R_role_assistant_vs_user@t_post_inst,0,0.0,-0.08269063383340836,0.08269063383340836,0.03177424147725105,0.8176876306533813,True,t_post_inst,t_post_inst,True
R_control,R_role_assistant_vs_user@t_post_inst,1,0.037,-0.13439764082431793,0.13439764082431793,0.03177424147725105,0.7986767292022705,True,t_post_inst,t_post_inst,True
R_control,R_role_assistant_vs_user@t_post_inst,2,0.0741,-0.01787390559911728,0.01787390559911728,0.03177424147725105,0.7883531451225281,False,t_post_inst,t_post_inst,True
R_control,R_role_assistant_vs_user@t_post_inst,3,0.1111,0.24110841751098633,0.24110841751098633,0.03177424147725105,0.785489022731781,True,t_post_inst,t_post_inst,True
R_control,R_role_assistant_vs_user@t_post_inst,4,0.1481,0.09381233155727386,0.09381233155727386,0.03177424147725105,0.753086507320404,True,t_post_inst,t_post_inst,True
R_control,R_role_assistant_vs_user@t_post_inst,5,0.1852,0.0513419434428215,0.0513419434428215,0.03177424147725105,0.7868976593017578,True,t_post_inst,t_post_inst,True
R_control,R_role_assistant_vs_user@t_post_inst,6,0.2222,0.12644782662391663,0.12644782662391663,0.03177424147725105,0.7863998413085938,True,t_post_inst,t_post_inst,True
R_control,R_role_assistant_vs_user@t_post_inst,7,0.2593,0.14392885565757751,0.14392885565757751,0.03177424147725105,0.8047207593917847,True,t_post_inst,t_post_inst,True
R_control,R_role_assistant_vs_user@t_post_inst,8,0.2963,0.09745344519615173,0.09745344519615173,0.03177424147725105,0.7871332764625549,True,t_post_inst,t_post_inst,True
R_control,R_role_assistant_vs_user@t_post_inst,9,0.3333,0.16373084485530853,0.16373084485530853,0.03177424147725105,0.7257104516029358,True,t_post_inst,t_post_inst,True
R_control,R_role_assistant_vs_user@t_post_inst,10,0.3704,0.14207497239112854,0.14207497239112854,0.03177424147725105,0.6949610114097595,True,t_post_inst,t_post_inst,True
R_control,R_role_assistant_vs_user@t_post_inst,11,0.4074,0.12194915115833282,0.12194915115833282,0.03177424147725105,0.7108584642410278,True,t_post_inst,t_post_inst,True
R_control,R_role_assistant_vs_user@t_post_inst,12,0.4444,0.037041015923023224,0.037041015923023224,0.03177424147725105,0.7406391501426697,True,t_post_inst,t_post_inst,True
R_control,R_role_assistant_vs_user@t_post_inst,13,0.4815,-0.023840639740228653,0.023840639740228653,0.03177424147725105,0.8459548950195312,False,t_post_inst,t_post_inst,True
R_control,R_role_assistant_vs_user@t_post_inst,14,0.5185,0.007091883569955826,0.007091883569955826,0.03177424147725105,0.9107562303543092,False,t_post_inst,t_post_inst,True
R_control,R_role_assistant_vs_user@t_post_inst,15,0.5556,-0.018647313117980957,0.018647313117980957,0.03177424147725105,0.9355207681655884,False,t_post_inst,t_post_inst,True
R_control,R_role_assistant_vs_user@t_post_inst,16,0.5926,0.02433806285262108,0.02433806285262108,0.03177424147725105,0.9529460668563844,False,t_post_inst,t_post_inst,True
R_control,R_role_assistant_vs_user@t_post_inst,17,0.6296,0.052874982357025146,0.052874982357025146,0.03177424147725105,0.9673070907592772,True,t_post_inst,t_post_inst,True
R_control,R_role_assistant_vs_user@t_post_inst,18,0.6667,0.14211413264274597,0.14211413264274597,0.03177424147725105,0.9780305027961732,True,t_post_inst,t_post_inst,True
R_control,R_role_assistant_vs_user@t_post_inst,19,0.7037,0.07819308340549469,0.07819308340549469,0.03177424147725105,0.979722023010254,True,t_post_inst,t_post_inst,True
R_control,R_role_assistant_vs_user@t_post_inst,20,0.7407,0.16785627603530884,0.16785627603530884,0.03177424147725105,0.9849660992622375,True,t_post_inst,t_post_inst,True
R_control,R_role_assistant_vs_user@t_post_inst,21,0.7778,0.19089463353157043,0.19089463353157043,0.03177424147725105,0.9840288162231444,True,t_post_inst,t_post_inst,True
R_control,R_role_assistant_vs_user@t_post_inst,22,0.8148,0.13805273175239563,0.13805273175239563,0.03177424147725105,0.9824112057685852,True,t_post_inst,t_post_inst,True
R_control,R_role_assistant_vs_user@t_post_inst,23,0.8519,0.17401576042175293,0.17401576042175293,0.03177424147725105,0.9843991994857788,True,t_post_inst,t_post_inst,True
R_control,R_role_assistant_vs_user@t_post_inst,24,0.8889,0.21787400543689728,0.21787400543689728,0.03177424147725105,0.983230471611023,True,t_post_inst,t_post_inst,True
R_control,R_role_assistant_vs_user@t_post_inst,25,0.9259,0.19836679100990295,0.19836679100990295,0.03177424147725105,0.9822422862052916,True,t_post_inst,t_post_inst,True
R_control,R_role_assistant_vs_user@t_post_inst,26,0.963,0.14812351763248444,0.14812351763248444,0.03177424147725105,0.979396641254425,True,t_post_inst,t_post_inst,True
R_control,R_role_assistant_vs_user@t_post_inst,27,1.0,0.08166304230690002,0.08166304230690002,0.03177424147725105,0.9756532907485962,True,t_post_inst,t_post_inst,True
R_control,R_role_system_vs_user@t_inst,0,0.0,0.1372370719909668,0.1372370719909668,0.03177424147725105,0.8176876306533813,True,t_post_inst,t_inst,False
R_control,R_role_system_vs_user@t_inst,1,0.037,0.27323395013809204,0.27323395013809204,0.03177424147725105,0.7986767292022705,True,t_post_inst,t_inst,False
R_control,R_role_system_vs_user@t_inst,2,0.0741,0.08163053542375565,0.08163053542375565,0.03177424147725105,0.7883531451225281,True,t_post_inst,t_inst,False
R_control,R_role_system_vs_user@t_inst,3,0.1111,-0.062950000166893,0.062950000166893,0.03177424147725105,0.785489022731781,True,t_post_inst,t_inst,False
R_control,R_role_system_vs_user@t_inst,4,0.1481,-0.03515266999602318,0.03515266999602318,0.03177424147725105,0.753086507320404,True,t_post_inst,t_inst,False
R_control,R_role_system_vs_user@t_inst,5,0.1852,0.013977253809571266,0.013977253809571266,0.03177424147725105,0.7868976593017578,False,t_post_inst,t_inst,False
R_control,R_role_system_vs_user@t_inst,6,0.2222,-0.01395680382847786,0.01395680382847786,0.03177424147725105,0.7863998413085938,False,t_post_inst,t_inst,False
R_control,R_role_system_vs_user@t_inst,7,0.2593,-0.05816257745027542,0.05816257745027542,0.03177424147725105,0.8047207593917847,True,t_post_inst,t_inst,False
R_control,R_role_system_vs_user@t_inst,8,0.2963,-0.030919622629880905,0.030919622629880905,0.03177424147725105,0.7871332764625549,False,t_post_inst,t_inst,False
R_control,R_role_system_vs_user@t_inst,9,0.3333,-0.006657374557107687,0.006657374557107687,0.03177424147725105,0.7257104516029358,False,t_post_inst,t_inst,False
R_control,R_role_system_vs_user@t_inst,10,0.3704,-0.03389165177941322,0.03389165177941322,0.03177424147725105,0.6949610114097595,True,t_post_inst,t_inst,False
R_control,R_role_system_vs_user@t_inst,11,0.4074,-0.014866762794554234,0.014866762794554234,0.03177424147725105,0.7108584642410278,False,t_post_inst,t_inst,False
R_control,R_role_system_vs_user@t_inst,12,0.4444,-0.038156989961862564,0.038156989961862564,0.03177424147725105,0.7406391501426697,True,t_post_inst,t_inst,False
R_control,R_role_system_vs_user@t_inst,13,0.4815,0.020637955516576767,0.020637955516576767,0.03177424147725105,0.8459548950195312,False,t_post_inst,t_inst,False
R_control,R_role_system_vs_user@t_inst,14,0.5185,0.037626057863235474,0.037626057863235474,0.03177424147725105,0.9107562303543092,True,t_post_inst,t_inst,False
R_control,R_role_system_vs_user@t_inst,15,0.5556,0.0031422232277691364,0.0031422232277691364,0.03177424147725105,0.9355207681655884,False,t_post_inst,t_inst,False
R_control,R_role_system_vs_user@t_inst,16,0.5926,0.004466182552278042,0.004466182552278042,0.03177424147725105,0.9529460668563844,False,t_post_inst,t_inst,False
R_control,R_role_system_vs_user@t_inst,17,0.6296,-0.04090263694524765,0.04090263694524765,0.03177424147725105,0.9673070907592772,True,t_post_inst,t_inst,False
R_control,R_role_system_vs_user@t_inst,18,0.6667,0.04320816695690155,0.04320816695690155,0.03177424147725105,0.9780305027961732,True,t_post_inst,t_inst,False
R_control,R_role_system_vs_user@t_inst,19,0.7037,0.04099814221262932,0.04099814221262932,0.03177424147725105,0.979722023010254,True,t_post_inst,t_inst,False
R_control,R_role_system_vs_user@t_inst,20,0.7407,0.02917143702507019,0.02917143702507019,0.03177424147725105,0.9849660992622375,False,t_post_inst,t_inst,False
R_control,R_role_system_vs_user@t_inst,21,0.7778,0.02347194217145443,0.02347194217145443,0.03177424147725105,0.9840288162231444,False,t_post_inst,t_inst,False
R_control,R_role_system_vs_user@t_inst,22,0.8148,0.011940140277147293,0.011940140277147293,0.03177424147725105,0.9824112057685852,False,t_post_inst,t_inst,False
R_control,R_role_system_vs_user@t_inst,23,0.8519,0.03696819022297859,0.03696819022297859,0.03177424147725105,0.9843991994857788,True,t_post_inst,t_inst,False
R_control,R_role_system_vs_user@t_inst,24,0.8889,0.03506281599402428,0.03506281599402428,0.03177424147725105,0.983230471611023,True,t_post_inst,t_inst,False
R_control,R_role_system_vs_user@t_inst,25,0.9259,0.001613358035683632,0.001613358035683632,0.03177424147725105,0.9822422862052916,False,t_post_inst,t_inst,False
R_control,R_role_system_vs_user@t_inst,26,0.963,-0.019249359145760536,0.019249359145760536,0.03177424147725105,0.979396641254425,False,t_post_inst,t_inst,False
R_control,R_role_system_vs_user@t_inst,27,1.0,-0.03970847278833389,0.03970847278833389,0.03177424147725105,0.9756532907485962,True,t_post_inst,t_inst,False
R_control,R_role_system_vs_user@t_post_inst,0,0.0,0.09795725345611572,0.09795725345611572,0.03177424147725105,0.8176876306533813,True,t_post_inst,t_post_inst,True
R_control,R_role_system_vs_user@t_post_inst,1,0.037,-0.010161500424146652,0.010161500424146652,0.03177424147725105,0.7986767292022705,False,t_post_inst,t_post_inst,True
R_control,R_role_system_vs_user@t_post_inst,2,0.0741,0.1351563036441803,0.1351563036441803,0.03177424147725105,0.7883531451225281,True,t_post_inst,t_post_inst,True
R_control,R_role_system_vs_user@t_post_inst,3,0.1111,0.24048779904842377,0.24048779904842377,0.03177424147725105,0.785489022731781,True,t_post_inst,t_post_inst,True
R_control,R_role_system_vs_user@t_post_inst,4,0.1481,0.15162208676338196,0.15162208676338196,0.03177424147725105,0.753086507320404,True,t_post_inst,t_post_inst,True
R_control,R_role_system_vs_user@t_post_inst,5,0.1852,0.0012155864387750626,0.0012155864387750626,0.03177424147725105,0.7868976593017578,False,t_post_inst,t_post_inst,True
R_control,R_role_system_vs_user@t_post_inst,6,0.2222,-0.020406698808073997,0.020406698808073997,0.03177424147725105,0.7863998413085938,False,t_post_inst,t_post_inst,True
R_control,R_role_system_vs_user@t_post_inst,7,0.2593,-0.14691537618637085,0.14691537618637085,0.03177424147725105,0.8047207593917847,True,t_post_inst,t_post_inst,True
R_control,R_role_system_vs_user@t_post_inst,8,0.2963,-0.20160049200057983,0.20160049200057983,0.03177424147725105,0.7871332764625549,True,t_post_inst,t_post_inst,True
R_control,R_role_system_vs_user@t_post_inst,9,0.3333,-0.07853105664253235,0.07853105664253235,0.03177424147725105,0.7257104516029358,True,t_post_inst,t_post_inst,True
R_control,R_role_system_vs_user@t_post_inst,10,0.3704,-0.08684957027435303,0.08684957027435303,0.03177424147725105,0.6949610114097595,True,t_post_inst,t_post_inst,True
R_control,R_role_system_vs_user@t_post_inst,11,0.4074,-0.08233268558979034,0.08233268558979034,0.03177424147725105,0.7108584642410278,True,t_post_inst,t_post_inst,True
R_control,R_role_system_vs_user@t_post_inst,12,0.4444,-0.10770364850759506,0.10770364850759506,0.03177424147725105,0.7406391501426697,True,t_post_inst,t_post_inst,True
R_control,R_role_system_vs_user@t_post_inst,13,0.4815,-0.12277038395404816,0.12277038395404816,0.03177424147725105,0.8459548950195312,True,t_post_inst,t_post_inst,True
R_control,R_role_system_vs_user@t_post_inst,14,0.5185,-0.07941706478595734,0.07941706478595734,0.03177424147725105,0.9107562303543092,True,t_post_inst,t_post_inst,True
R_control,R_role_system_vs_user@t_post_inst,15,0.5556,-0.07960803806781769,0.07960803806781769,0.03177424147725105,0.9355207681655884,True,t_post_inst,t_post_inst,True
R_control,R_role_system_vs_user@t_post_inst,16,0.5926,-0.055877648293972015,0.055877648293972015,0.03177424147725105,0.9529460668563844,True,t_post_inst,t_post_inst,True
R_control,R_role_system_vs_user@t_post_inst,17,0.6296,-0.08208295702934265,0.08208295702934265,0.03177424147725105,0.9673070907592772,True,t_post_inst,t_post_inst,True
R_control,R_role_system_vs_user@t_post_inst,18,0.6667,-0.06025656312704086,0.06025656312704086,0.03177424147725105,0.9780305027961732,True,t_post_inst,t_post_inst,True
R_control,R_role_system_vs_user@t_post_inst,19,0.7037,-0.10454671829938889,0.10454671829938889,0.03177424147725105,0.979722023010254,True,t_post_inst,t_post_inst,True
R_control,R_role_system_vs_user@t_post_inst,20,0.7407,-0.11822959035634995,0.11822959035634995,0.03177424147725105,0.9849660992622375,True,t_post_inst,t_post_inst,True
R_control,R_role_system_vs_user@t_post_inst,21,0.7778,-0.148152157664299,0.148152157664299,0.03177424147725105,0.9840288162231444,True,t_post_inst,t_post_inst,True
R_control,R_role_system_vs_user@t_post_inst,22,0.8148,-0.20493993163108826,0.20493993163108826,0.03177424147725105,0.9824112057685852,True,t_post_inst,t_post_inst,True
R_control,R_role_system_vs_user@t_post_inst,23,0.8519,-0.21056011319160461,0.21056011319160461,0.03177424147725105,0.9843991994857788,True,t_post_inst,t_post_inst,True
R_control,R_role_system_vs_user@t_post_inst,24,0.8889,-0.2174811214208603,0.2174811214208603,0.03177424147725105,0.983230471611023,True,t_post_inst,t_post_inst,True
R_control,R_role_system_vs_user@t_post_inst,25,0.9259,-0.17120584845542908,0.17120584845542908,0.03177424147725105,0.9822422862052916,True,t_post_inst,t_post_inst,True
R_control,R_role_system_vs_user@t_post_inst,26,0.963,-0.21167150139808655,0.21167150139808655,0.03177424147725105,0.979396641254425,True,t_post_inst,t_post_inst,True
R_control,R_role_system_vs_user@t_post_inst,27,1.0,-0.27599087357521057,0.27599087357521057,0.03177424147725105,0.9756532907485962,True,t_post_inst,t_post_inst,True
R_control,R_role_tool_vs_user@t_inst,0,0.0,0.13986042141914368,0.13986042141914368,0.03177424147725105,0.8176876306533813,True,t_post_inst,t_inst,False
R_control,R_role_tool_vs_user@t_inst,1,0.037,-0.05122881755232811,0.05122881755232811,0.03177424147725105,0.7986767292022705,True,t_post_inst,t_inst,False
R_control,R_role_tool_vs_user@t_inst,2,0.0741,-0.0018312595784664154,0.0018312595784664154,0.03177424147725105,0.7883531451225281,False,t_post_inst,t_inst,False
R_control,R_role_tool_vs_user@t_inst,3,0.1111,0.06623721867799759,0.06623721867799759,0.03177424147725105,0.785489022731781,True,t_post_inst,t_inst,False
R_control,R_role_tool_vs_user@t_inst,4,0.1481,-0.0036737602204084396,0.0036737602204084396,0.03177424147725105,0.753086507320404,False,t_post_inst,t_inst,False
R_control,R_role_tool_vs_user@t_inst,5,0.1852,-0.00030420301482081413,0.00030420301482081413,0.03177424147725105,0.7868976593017578,False,t_post_inst,t_inst,False
R_control,R_role_tool_vs_user@t_inst,6,0.2222,-0.007559255696833134,0.007559255696833134,0.03177424147725105,0.7863998413085938,False,t_post_inst,t_inst,False
R_control,R_role_tool_vs_user@t_inst,7,0.2593,-0.010281531140208244,0.010281531140208244,0.03177424147725105,0.8047207593917847,False,t_post_inst,t_inst,False
R_control,R_role_tool_vs_user@t_inst,8,0.2963,-0.0073965564370155334,0.0073965564370155334,0.03177424147725105,0.7871332764625549,False,t_post_inst,t_inst,False
R_control,R_role_tool_vs_user@t_inst,9,0.3333,-0.0032702861353754997,0.0032702861353754997,0.03177424147725105,0.7257104516029358,False,t_post_inst,t_inst,False
R_control,R_role_tool_vs_user@t_inst,10,0.3704,0.004844885319471359,0.004844885319471359,0.03177424147725105,0.6949610114097595,False,t_post_inst,t_inst,False
R_control,R_role_tool_vs_user@t_inst,11,0.4074,-0.014839183539152145,0.014839183539152145,0.03177424147725105,0.7108584642410278,False,t_post_inst,t_inst,False
R_control,R_role_tool_vs_user@t_inst,12,0.4444,-0.04646860808134079,0.04646860808134079,0.03177424147725105,0.7406391501426697,True,t_post_inst,t_inst,False
R_control,R_role_tool_vs_user@t_inst,13,0.4815,-0.004392731934785843,0.004392731934785843,0.03177424147725105,0.8459548950195312,False,t_post_inst,t_inst,False
R_control,R_role_tool_vs_user@t_inst,14,0.5185,0.01085118018090725,0.01085118018090725,0.03177424147725105,0.9107562303543092,False,t_post_inst,t_inst,False
R_control,R_role_tool_vs_user@t_inst,15,0.5556,0.0330895371735096,0.0330895371735096,0.03177424147725105,0.9355207681655884,True,t_post_inst,t_inst,False
R_control,R_role_tool_vs_user@t_inst,16,0.5926,0.04742320999503136,0.04742320999503136,0.03177424147725105,0.9529460668563844,True,t_post_inst,t_inst,False
R_control,R_role_tool_vs_user@t_inst,17,0.6296,0.03546192869544029,0.03546192869544029,0.03177424147725105,0.9673070907592772,True,t_post_inst,t_inst,False
R_control,R_role_tool_vs_user@t_inst,18,0.6667,0.08292004466056824,0.08292004466056824,0.03177424147725105,0.9780305027961732,True,t_post_inst,t_inst,False
R_control,R_role_tool_vs_user@t_inst,19,0.7037,0.05191953480243683,0.05191953480243683,0.03177424147725105,0.979722023010254,True,t_post_inst,t_inst,False
R_control,R_role_tool_vs_user@t_inst,20,0.7407,0.080593541264534,0.080593541264534,0.03177424147725105,0.9849660992622375,True,t_post_inst,t_inst,False
R_control,R_role_tool_vs_user@t_inst,21,0.7778,0.04484006017446518,0.04484006017446518,0.03177424147725105,0.9840288162231444,True,t_post_inst,t_inst,False
R_control,R_role_tool_vs_user@t_inst,22,0.8148,0.09531525522470474,0.09531525522470474,0.03177424147725105,0.9824112057685852,True,t_post_inst,t_inst,False
R_control,R_role_tool_vs_user@t_inst,23,0.8519,0.06385444104671478,0.06385444104671478,0.03177424147725105,0.9843991994857788,True,t_post_inst,t_inst,False
R_control,R_role_tool_vs_user@t_inst,24,0.8889,0.10073388367891312,0.10073388367891312,0.03177424147725105,0.983230471611023,True,t_post_inst,t_inst,False
R_control,R_role_tool_vs_user@t_inst,25,0.9259,0.0425267219543457,0.0425267219543457,0.03177424147725105,0.9822422862052916,True,t_post_inst,t_inst,False
R_control,R_role_tool_vs_user@t_inst,26,0.963,-0.008335819467902184,0.008335819467902184,0.03177424147725105,0.979396641254425,False,t_post_inst,t_inst,False
R_control,R_role_tool_vs_user@t_inst,27,1.0,-0.05297420173883438,0.05297420173883438,0.03177424147725105,0.9756532907485962,True,t_post_inst,t_inst,False
R_control,R_role_tool_vs_user@t_post_inst,0,0.0,0.07464335113763809,0.07464335113763809,0.03177424147725105,0.8176876306533813,True,t_post_inst,t_post_inst,True
R_control,R_role_tool_vs_user@t_post_inst,1,0.037,-0.026998871937394142,0.026998871937394142,0.03177424147725105,0.7986767292022705,False,t_post_inst,t_post_inst,True
R_control,R_role_tool_vs_user@t_post_inst,2,0.0741,-0.04291647672653198,0.04291647672653198,0.03177424147725105,0.7883531451225281,True,t_post_inst,t_post_inst,True
R_control,R_role_tool_vs_user@t_post_inst,3,0.1111,0.10207083821296692,0.10207083821296692,0.03177424147725105,0.785489022731781,True,t_post_inst,t_post_inst,True
R_control,R_role_tool_vs_user@t_post_inst,4,0.1481,-0.05101266875863075,0.05101266875863075,0.03177424147725105,0.753086507320404,True,t_post_inst,t_post_inst,True
R_control,R_role_tool_vs_user@t_post_inst,5,0.1852,0.11266152560710907,0.11266152560710907,0.03177424147725105,0.7868976593017578,True,t_post_inst,t_post_inst,True
R_control,R_role_tool_vs_user@t_post_inst,6,0.2222,0.04839460924267769,0.04839460924267769,0.03177424147725105,0.7863998413085938,True,t_post_inst,t_post_inst,True
R_control,R_role_tool_vs_user@t_post_inst,7,0.2593,-0.08266531676054001,0.08266531676054001,0.03177424147725105,0.8047207593917847,True,t_post_inst,t_post_inst,True
R_control,R_role_tool_vs_user@t_post_inst,8,0.2963,-0.18754848837852478,0.18754848837852478,0.03177424147725105,0.7871332764625549,True,t_post_inst,t_post_inst,True
R_control,R_role_tool_vs_user@t_post_inst,9,0.3333,-0.16393205523490906,0.16393205523490906,0.03177424147725105,0.7257104516029358,True,t_post_inst,t_post_inst,True
R_control,R_role_tool_vs_user@t_post_inst,10,0.3704,-0.197622612118721,0.197622612118721,0.03177424147725105,0.6949610114097595,True,t_post_inst,t_post_inst,True
R_control,R_role_tool_vs_user@t_post_inst,11,0.4074,-0.19818422198295593,0.19818422198295593,0.03177424147725105,0.7108584642410278,True,t_post_inst,t_post_inst,True
R_control,R_role_tool_vs_user@t_post_inst,12,0.4444,-0.2469903826713562,0.2469903826713562,0.03177424147725105,0.7406391501426697,True,t_post_inst,t_post_inst,True
R_control,R_role_tool_vs_user@t_post_inst,13,0.4815,-0.2014440894126892,0.2014440894126892,0.03177424147725105,0.8459548950195312,True,t_post_inst,t_post_inst,True
R_control,R_role_tool_vs_user@t_post_inst,14,0.5185,-0.11471205949783325,0.11471205949783325,0.03177424147725105,0.9107562303543092,True,t_post_inst,t_post_inst,True
R_control,R_role_tool_vs_user@t_post_inst,15,0.5556,-0.14390286803245544,0.14390286803245544,0.03177424147725105,0.9355207681655884,True,t_post_inst,t_post_inst,True
R_control,R_role_tool_vs_user@t_post_inst,16,0.5926,-0.1576688140630722,0.1576688140630722,0.03177424147725105,0.9529460668563844,True,t_post_inst,t_post_inst,True
R_control,R_role_tool_vs_user@t_post_inst,17,0.6296,-0.17070607841014862,0.17070607841014862,0.03177424147725105,0.9673070907592772,True,t_post_inst,t_post_inst,True
R_control,R_role_tool_vs_user@t_post_inst,18,0.6667,0.07805290073156357,0.07805290073156357,0.03177424147725105,0.9780305027961732,True,t_post_inst,t_post_inst,True
R_control,R_role_tool_vs_user@t_post_inst,19,0.7037,0.027278399094939232,0.027278399094939232,0.03177424147725105,0.979722023010254,False,t_post_inst,t_post_inst,True
R_control,R_role_tool_vs_user@t_post_inst,20,0.7407,0.13902440667152405,0.13902440667152405,0.03177424147725105,0.9849660992622375,True,t_post_inst,t_post_inst,True
R_control,R_role_tool_vs_user@t_post_inst,21,0.7778,0.15849842131137848,0.15849842131137848,0.03177424147725105,0.9840288162231444,True,t_post_inst,t_post_inst,True
R_control,R_role_tool_vs_user@t_post_inst,22,0.8148,0.12442338466644287,0.12442338466644287,0.03177424147725105,0.9824112057685852,True,t_post_inst,t_post_inst,True
R_control,R_role_tool_vs_user@t_post_inst,23,0.8519,0.1681230068206787,0.1681230068206787,0.03177424147725105,0.9843991994857788,True,t_post_inst,t_post_inst,True
R_control,R_role_tool_vs_user@t_post_inst,24,0.8889,0.18145617842674255,0.18145617842674255,0.03177424147725105,0.983230471611023,True,t_post_inst,t_post_inst,True
R_control,R_role_tool_vs_user@t_post_inst,25,0.9259,0.17792877554893494,0.17792877554893494,0.03177424147725105,0.9822422862052916,True,t_post_inst,t_post_inst,True
R_control,R_role_tool_vs_user@t_post_inst,26,0.963,0.15558190643787384,0.15558190643787384,0.03177424147725105,0.979396641254425,True,t_post_inst,t_post_inst,True
R_control,R_role_tool_vs_user@t_post_inst,27,1.0,0.11218393594026566,0.11218393594026566,0.03177424147725105,0.9756532907485962,True,t_post_inst,t_post_inst,True
R_control_harmless,R_control_preguard,0,0.0,0.27247458696365356,0.27247458696365356,0.03177424147725105,0.6132475733757019,True,t_post_inst,t_post_inst,True
R_control_harmless,R_control_preguard,1,0.037,0.352897047996521,0.352897047996521,0.03177424147725105,0.6288757920265198,True,t_post_inst,t_post_inst,True
R_control_harmless,R_control_preguard,2,0.0741,0.10952151566743851,0.10952151566743851,0.03177424147725105,0.6875845789909363,True,t_post_inst,t_post_inst,True
R_control_harmless,R_control_preguard,3,0.1111,0.008368529379367828,0.008368529379367828,0.03177424147725105,0.6638495326042175,False,t_post_inst,t_post_inst,True
R_control_harmless,R_control_preguard,4,0.1481,-0.007142685353755951,0.007142685353755951,0.03177424147725105,0.5887443423271179,False,t_post_inst,t_post_inst,True
R_control_harmless,R_control_preguard,5,0.1852,-0.04366457834839821,0.04366457834839821,0.03177424147725105,0.6324215531349182,True,t_post_inst,t_post_inst,True
R_control_harmless,R_control_preguard,6,0.2222,-0.04048112407326698,0.04048112407326698,0.03177424147725105,0.6572062969207764,True,t_post_inst,t_post_inst,True
R_control_harmless,R_control_preguard,7,0.2593,-0.08671291172504425,0.08671291172504425,0.03177424147725105,0.6600807905197144,True,t_post_inst,t_post_inst,True
R_control_harmless,R_control_preguard,8,0.2963,-0.17205561697483063,0.17205561697483063,0.03177424147725105,0.6992489695549011,True,t_post_inst,t_post_inst,True
R_control_harmless,R_control_preguard,9,0.3333,-0.125370591878891,0.125370591878891,0.03177424147725105,0.7307471632957458,True,t_post_inst,t_post_inst,True
R_control_harmless,R_control_preguard,10,0.3704,-0.12636512517929077,0.12636512517929077,0.03177424147725105,0.7302004098892212,True,t_post_inst,t_post_inst,True
R_control_harmless,R_control_preguard,11,0.4074,-0.04260346293449402,0.04260346293449402,0.03177424147725105,0.7139416933059692,True,t_post_inst,t_post_inst,True
R_control_harmless,R_control_preguard,12,0.4444,-0.0745043084025383,0.0745043084025383,0.03177424147725105,0.70351243019104,True,t_post_inst,t_post_inst,True
R_control_harmless,R_control_preguard,13,0.4815,0.0976158082485199,0.0976158082485199,0.03177424147725105,0.7214701175689697,True,t_post_inst,t_post_inst,True
R_control_harmless,R_control_preguard,14,0.5185,0.3075443506240845,0.3075443506240845,0.03177424147725105,0.7845114469528198,True,t_post_inst,t_post_inst,True
R_control_harmless,R_control_preguard,15,0.5556,0.4597790539264679,0.4597790539264679,0.03177424147725105,0.8391793370246887,True,t_post_inst,t_post_inst,True
R_control_harmless,R_control_preguard,16,0.5926,0.5320782661437988,0.5320782661437988,0.03177424147725105,0.8633953928947449,True,t_post_inst,t_post_inst,True
R_control_harmless,R_control_preguard,17,0.6296,0.5949501991271973,0.5949501991271973,0.03177424147725105,0.8876634836196899,True,t_post_inst,t_post_inst,True
R_control_harmless,R_control_preguard,18,0.6667,0.693105161190033,0.693105161190033,0.03177424147725105,0.9457133412361144,True,t_post_inst,t_post_inst,True
R_control_harmless,R_control_preguard,19,0.7037,0.6929908394813538,0.6929908394813538,0.03177424147725105,0.946364402770996,True,t_post_inst,t_post_inst,True
R_control_harmless,R_control_preguard,20,0.7407,0.7157667875289917,0.7157667875289917,0.03177424147725105,0.9530420303344728,True,t_post_inst,t_post_inst,True
R_control_harmless,R_control_preguard,21,0.7778,0.6908428072929382,0.6908428072929382,0.03177424147725105,0.9497079849243164,True,t_post_inst,t_post_inst,True
R_control_harmless,R_control_preguard,22,0.8148,0.6678440570831299,0.6678440570831299,0.03177424147725105,0.943821907043457,True,t_post_inst,t_post_inst,True
R_control_harmless,R_control_preguard,23,0.8519,0.717369019985199,0.717369019985199,0.03177424147725105,0.94783353805542,True,t_post_inst,t_post_inst,True
R_control_harmless,R_control_preguard,24,0.8889,0.7092105150222778,0.7092105150222778,0.03177424147725105,0.9459056854248048,True,t_post_inst,t_post_inst,True
R_control_harmless,R_control_preguard,25,0.9259,0.7009924650192261,0.7009924650192261,0.03177424147725105,0.9439549446105956,True,t_post_inst,t_post_inst,True
R_control_harmless,R_control_preguard,26,0.963,0.666377067565918,0.666377067565918,0.03177424147725105,0.9384188652038574,True,t_post_inst,t_post_inst,True
R_control_harmless,R_control_preguard,27,1.0,0.6639514565467834,0.6639514565467834,0.03177424147725105,0.933980107307434,True,t_post_inst,t_post_inst,True
R_control_harmless,R_control_unbalanced,0,0.0,0.19188573956489563,0.19188573956489563,0.03177424147725105,0.6132475733757019,True,t_post_inst,t_post_inst,True
R_control_harmless,R_control_unbalanced,1,0.037,0.20366564393043518,0.20366564393043518,0.03177424147725105,0.6288757920265198,True,t_post_inst,t_post_inst,True
R_control_harmless,R_control_unbalanced,2,0.0741,-0.017527814954519272,0.017527814954519272,0.03177424147725105,0.6875845789909363,False,t_post_inst,t_post_inst,True
R_control_harmless,R_control_unbalanced,3,0.1111,-0.1114751473069191,0.1114751473069191,0.03177424147725105,0.6638495326042175,True,t_post_inst,t_post_inst,True
R_control_harmless,R_control_unbalanced,4,0.1481,-0.13026410341262817,0.13026410341262817,0.03177424147725105,0.5887443423271179,True,t_post_inst,t_post_inst,True
R_control_harmless,R_control_unbalanced,5,0.1852,-0.0975208580493927,0.0975208580493927,0.03177424147725105,0.6324215531349182,True,t_post_inst,t_post_inst,True
R_control_harmless,R_control_unbalanced,6,0.2222,-0.125935360789299,0.125935360789299,0.03177424147725105,0.6572062969207764,True,t_post_inst,t_post_inst,True
R_control_harmless,R_control_unbalanced,7,0.2593,-0.1513747274875641,0.1513747274875641,0.03177424147725105,0.6600807905197144,True,t_post_inst,t_post_inst,True
R_control_harmless,R_control_unbalanced,8,0.2963,-0.19204959273338318,0.19204959273338318,0.03177424147725105,0.6992489695549011,True,t_post_inst,t_post_inst,True
R_control_harmless,R_control_unbalanced,9,0.3333,-0.144170343875885,0.144170343875885,0.03177424147725105,0.7257104516029358,True,t_post_inst,t_post_inst,True
R_control_harmless,R_control_unbalanced,10,0.3704,-0.0652315616607666,0.0652315616607666,0.03177424147725105,0.6949610114097595,True,t_post_inst,t_post_inst,True
R_control_harmless,R_control_unbalanced,11,0.4074,0.0012345276772975922,0.0012345276772975922,0.03177424147725105,0.7108584642410278,False,t_post_inst,t_post_inst,True
R_control_harmless,R_control_unbalanced,12,0.4444,0.012769549153745174,0.012769549153745174,0.03177424147725105,0.70351243019104,False,t_post_inst,t_post_inst,True
R_control_harmless,R_control_unbalanced,13,0.4815,0.13490228354930878,0.13490228354930878,0.03177424147725105,0.7214701175689697,True,t_post_inst,t_post_inst,True
R_control_harmless,R_control_unbalanced,14,0.5185,0.2784503698348999,0.2784503698348999,0.03177424147725105,0.7845114469528198,True,t_post_inst,t_post_inst,True
R_control_harmless,R_control_unbalanced,15,0.5556,0.45507103204727173,0.45507103204727173,0.03177424147725105,0.8391793370246887,True,t_post_inst,t_post_inst,True
R_control_harmless,R_control_unbalanced,16,0.5926,0.5168546438217163,0.5168546438217163,0.03177424147725105,0.8633953928947449,True,t_post_inst,t_post_inst,True
R_control_harmless,R_control_unbalanced,17,0.6296,0.5938167572021484,0.5938167572021484,0.03177424147725105,0.8876634836196899,True,t_post_inst,t_post_inst,True
R_control_harmless,R_control_unbalanced,18,0.6667,0.6835409998893738,0.6835409998893738,0.03177424147725105,0.9457133412361144,True,t_post_inst,t_post_inst,True
R_control_harmless,R_control_unbalanced,19,0.7037,0.6901479959487915,0.6901479959487915,0.03177424147725105,0.946364402770996,True,t_post_inst,t_post_inst,True
R_control_harmless,R_control_unbalanced,20,0.7407,0.7141039371490479,0.7141039371490479,0.03177424147725105,0.9530420303344728,True,t_post_inst,t_post_inst,True
R_control_harmless,R_control_unbalanced,21,0.7778,0.6875329613685608,0.6875329613685608,0.03177424147725105,0.9497079849243164,True,t_post_inst,t_post_inst,True
R_control_harmless,R_control_unbalanced,22,0.8148,0.6653292179107666,0.6653292179107666,0.03177424147725105,0.943821907043457,True,t_post_inst,t_post_inst,True
R_control_harmless,R_control_unbalanced,23,0.8519,0.7179562449455261,0.7179562449455261,0.03177424147725105,0.94783353805542,True,t_post_inst,t_post_inst,True
R_control_harmless,R_control_unbalanced,24,0.8889,0.7125211954116821,0.7125211954116821,0.03177424147725105,0.9459056854248048,True,t_post_inst,t_post_inst,True
R_control_harmless,R_control_unbalanced,25,0.9259,0.7016742825508118,0.7016742825508118,0.03177424147725105,0.9439549446105956,True,t_post_inst,t_post_inst,True
R_control_harmless,R_control_unbalanced,26,0.963,0.6701343059539795,0.6701343059539795,0.03177424147725105,0.9384188652038574,True,t_post_inst,t_post_inst,True
R_control_harmless,R_control_unbalanced,27,1.0,0.6732892394065857,0.6732892394065857,0.03177424147725105,0.933980107307434,True,t_post_inst,t_post_inst,True
R_control_harmless,R_harm,0,0.0,-0.10191827267408371,0.10191827267408371,0.03177424147725105,0.6132475733757019,True,t_post_inst,t_inst,False
R_control_harmless,R_harm,1,0.037,-0.23476724326610565,0.23476724326610565,0.03177424147725105,0.6288757920265198,True,t_post_inst,t_inst,False
R_control_harmless,R_harm,2,0.0741,-0.12257862091064453,0.12257862091064453,0.03177424147725105,0.6875845789909363,True,t_post_inst,t_inst,False
R_control_harmless,R_harm,3,0.1111,-0.04291325807571411,0.04291325807571411,0.03177424147725105,0.6638495326042175,True,t_post_inst,t_inst,False
R_control_harmless,R_harm,4,0.1481,-0.06751465052366257,0.06751465052366257,0.03177424147725105,0.5887443423271179,True,t_post_inst,t_inst,False
R_control_harmless,R_harm,5,0.1852,-0.06917086988687515,0.06917086988687515,0.03177424147725105,0.6324215531349182,True,t_post_inst,t_inst,False
R_control_harmless,R_harm,6,0.2222,-0.07634782046079636,0.07634782046079636,0.03177424147725105,0.6572062969207764,True,t_post_inst,t_inst,False
R_control_harmless,R_harm,7,0.2593,-0.05478757619857788,0.05478757619857788,0.03177424147725105,0.6600807905197144,True,t_post_inst,t_inst,False
R_control_harmless,R_harm,8,0.2963,-0.00639765802770853,0.00639765802770853,0.03177424147725105,0.6992489695549011,False,t_post_inst,t_inst,False
R_control_harmless,R_harm,9,0.3333,-0.03303919732570648,0.03303919732570648,0.03177424147725105,0.7307471632957458,True,t_post_inst,t_inst,False
R_control_harmless,R_harm,10,0.3704,0.0007362700998783112,0.0007362700998783112,0.03177424147725105,0.7302004098892212,False,t_post_inst,t_inst,False
R_control_harmless,R_harm,11,0.4074,0.021024510264396667,0.021024510264396667,0.03177424147725105,0.7139416933059692,False,t_post_inst,t_inst,False
R_control_harmless,R_harm,12,0.4444,0.06943543255329132,0.06943543255329132,0.03177424147725105,0.70351243019104,True,t_post_inst,t_inst,False
R_control_harmless,R_harm,13,0.4815,0.08307284116744995,0.08307284116744995,0.03177424147725105,0.7214701175689697,True,t_post_inst,t_inst,False
R_control_harmless,R_harm,14,0.5185,0.10209444910287857,0.10209444910287857,0.03177424147725105,0.7845114469528198,True,t_post_inst,t_inst,False
R_control_harmless,R_harm,15,0.5556,0.10929249972105026,0.10929249972105026,0.03177424147725105,0.8391793370246887,True,t_post_inst,t_inst,False
R_control_harmless,R_harm,16,0.5926,0.13714969158172607,0.13714969158172607,0.03177424147725105,0.8633953928947449,True,t_post_inst,t_inst,False
R_control_harmless,R_harm,17,0.6296,0.13924230635166168,0.13924230635166168,0.03177424147725105,0.8876634836196899,True,t_post_inst,t_inst,False
R_control_harmless,R_harm,18,0.6667,0.13584351539611816,0.13584351539611816,0.03177424147725105,0.9457133412361144,True,t_post_inst,t_inst,False
R_control_harmless,R_harm,19,0.7037,0.11724181473255157,0.11724181473255157,0.03177424147725105,0.946364402770996,True,t_post_inst,t_inst,False
R_control_harmless,R_harm,20,0.7407,0.07087927311658859,0.07087927311658859,0.03177424147725105,0.9530420303344728,True,t_post_inst,t_inst,False
R_control_harmless,R_harm,21,0.7778,0.05887037515640259,0.05887037515640259,0.03177424147725105,0.9497079849243164,True,t_post_inst,t_inst,False
R_control_harmless,R_harm,22,0.8148,0.0869927704334259,0.0869927704334259,0.03177424147725105,0.943821907043457,True,t_post_inst,t_inst,False
R_control_harmless,R_harm,23,0.8519,0.1023418977856636,0.1023418977856636,0.03177424147725105,0.94783353805542,True,t_post_inst,t_inst,False
R_control_harmless,R_harm,24,0.8889,0.11670210212469101,0.11670210212469101,0.03177424147725105,0.9459056854248048,True,t_post_inst,t_inst,False
R_control_harmless,R_harm,25,0.9259,0.11471090465784073,0.11471090465784073,0.03177424147725105,0.9439549446105956,True,t_post_inst,t_inst,False
R_control_harmless,R_harm,26,0.963,0.11226942390203476,0.11226942390203476,0.03177424147725105,0.9384188652038574,True,t_post_inst,t_inst,False
R_control_harmless,R_harm,27,1.0,0.13285040855407715,0.13285040855407715,0.03177424147725105,0.933980107307434,True,t_post_inst,t_inst,False
R_control_harmless,R_harm_at_post,0,0.0,-0.47503313422203064,0.47503313422203064,0.03177424147725105,0.6132475733757019,True,t_post_inst,t_post_inst,True
R_control_harmless,R_harm_at_post,1,0.037,-0.4398588538169861,0.4398588538169861,0.03177424147725105,0.6288757920265198,True,t_post_inst,t_post_inst,True
R_control_harmless,R_harm_at_post,2,0.0741,-0.4192923903465271,0.4192923903465271,0.03177424147725105,0.6875845789909363,True,t_post_inst,t_post_inst,True
R_control_harmless,R_harm_at_post,3,0.1111,-0.4105027914047241,0.4105027914047241,0.03177424147725105,0.6638495326042175,True,t_post_inst,t_post_inst,True
R_control_harmless,R_harm_at_post,4,0.1481,-0.33113688230514526,0.33113688230514526,0.03177424147725105,0.5887443423271179,True,t_post_inst,t_post_inst,True
R_control_harmless,R_harm_at_post,5,0.1852,-0.4346538782119751,0.4346538782119751,0.03177424147725105,0.6324215531349182,True,t_post_inst,t_post_inst,True
R_control_harmless,R_harm_at_post,6,0.2222,-0.3754376769065857,0.3754376769065857,0.03177424147725105,0.6572062969207764,True,t_post_inst,t_post_inst,True
R_control_harmless,R_harm_at_post,7,0.2593,-0.4062578082084656,0.4062578082084656,0.03177424147725105,0.6600807905197144,True,t_post_inst,t_post_inst,True
R_control_harmless,R_harm_at_post,8,0.2963,-0.38988134264945984,0.38988134264945984,0.03177424147725105,0.6992489695549011,True,t_post_inst,t_post_inst,True
R_control_harmless,R_harm_at_post,9,0.3333,-0.44361019134521484,0.44361019134521484,0.03177424147725105,0.7307471632957458,True,t_post_inst,t_post_inst,True
R_control_harmless,R_harm_at_post,10,0.3704,-0.42623892426490784,0.42623892426490784,0.03177424147725105,0.7302004098892212,True,t_post_inst,t_post_inst,True
R_control_harmless,R_harm_at_post,11,0.4074,-0.3526700735092163,0.3526700735092163,0.03177424147725105,0.7139416933059692,True,t_post_inst,t_post_inst,True
R_control_harmless,R_harm_at_post,12,0.4444,-0.3181999623775482,0.3181999623775482,0.03177424147725105,0.70351243019104,True,t_post_inst,t_post_inst,True
R_control_harmless,R_harm_at_post,13,0.4815,-0.1272144317626953,0.1272144317626953,0.03177424147725105,0.7214701175689697,True,t_post_inst,t_post_inst,True
R_control_harmless,R_harm_at_post,14,0.5185,0.11209197342395782,0.11209197342395782,0.03177424147725105,0.7845114469528198,True,t_post_inst,t_post_inst,True
R_control_harmless,R_harm_at_post,15,0.5556,0.2425972819328308,0.2425972819328308,0.03177424147725105,0.8391793370246887,True,t_post_inst,t_post_inst,True
R_control_harmless,R_harm_at_post,16,0.5926,0.3257439136505127,0.3257439136505127,0.03177424147725105,0.8633953928947449,True,t_post_inst,t_post_inst,True
R_control_harmless,R_harm_at_post,17,0.6296,0.4292299747467041,0.4292299747467041,0.03177424147725105,0.8876634836196899,True,t_post_inst,t_post_inst,True
R_control_harmless,R_harm_at_post,18,0.6667,0.6167800426483154,0.6167800426483154,0.03177424147725105,0.9457133412361144,True,t_post_inst,t_post_inst,True
R_control_harmless,R_harm_at_post,19,0.7037,0.657707929611206,0.657707929611206,0.03177424147725105,0.946364402770996,True,t_post_inst,t_post_inst,True
R_control_harmless,R_harm_at_post,20,0.7407,0.7155576944351196,0.7155576944351196,0.03177424147725105,0.9530420303344728,True,t_post_inst,t_post_inst,True
R_control_harmless,R_harm_at_post,21,0.7778,0.6912728548049927,0.6912728548049927,0.03177424147725105,0.9497079849243164,True,t_post_inst,t_post_inst,True
R_control_harmless,R_harm_at_post,22,0.8148,0.6556941866874695,0.6556941866874695,0.03177424147725105,0.943821907043457,True,t_post_inst,t_post_inst,True
R_control_harmless,R_harm_at_post,23,0.8519,0.7070187330245972,0.7070187330245972,0.03177424147725105,0.94783353805542,True,t_post_inst,t_post_inst,True
R_control_harmless,R_harm_at_post,24,0.8889,0.7081317901611328,0.7081317901611328,0.03177424147725105,0.9459056854248048,True,t_post_inst,t_post_inst,True
R_control_harmless,R_harm_at_post,25,0.9259,0.7039552330970764,0.7039552330970764,0.03177424147725105,0.9439549446105956,True,t_post_inst,t_post_inst,True
R_control_harmless,R_harm_at_post,26,0.963,0.6761983633041382,0.6761983633041382,0.03177424147725105,0.9384188652038574,True,t_post_inst,t_post_inst,True
R_control_harmless,R_harm_at_post,27,1.0,0.6479305028915405,0.6479305028915405,0.03177424147725105,0.933980107307434,True,t_post_inst,t_post_inst,True
R_control_harmless,R_harm_user,0,0.0,-0.0885869711637497,0.0885869711637497,0.03177424147725105,0.6132475733757019,True,t_post_inst,t_inst,False
R_control_harmless,R_harm_user,1,0.037,-0.22277119755744934,0.22277119755744934,0.03177424147725105,0.6288757920265198,True,t_post_inst,t_inst,False
R_control_harmless,R_harm_user,2,0.0741,-0.12116148322820663,0.12116148322820663,0.03177424147725105,0.6875845789909363,True,t_post_inst,t_inst,False
R_control_harmless,R_harm_user,3,0.1111,-0.036757759749889374,0.036757759749889374,0.03177424147725105,0.6638495326042175,True,t_post_inst,t_inst,False
R_control_harmless,R_harm_user,4,0.1481,-0.0634569376707077,0.0634569376707077,0.03177424147725105,0.5887443423271179,True,t_post_inst,t_inst,False
R_control_harmless,R_harm_user,5,0.1852,-0.0675993412733078,0.0675993412733078,0.03177424147725105,0.6324215531349182,True,t_post_inst,t_inst,False
R_control_harmless,R_harm_user,6,0.2222,-0.07492119073867798,0.07492119073867798,0.03177424147725105,0.6572062969207764,True,t_post_inst,t_inst,False
R_control_harmless,R_harm_user,7,0.2593,-0.04747403413057327,0.04747403413057327,0.03177424147725105,0.6600807905197144,True,t_post_inst,t_inst,False
R_control_harmless,R_harm_user,8,0.2963,0.0012047290802001953,0.0012047290802001953,0.03177424147725105,0.6992489695549011,False,t_post_inst,t_inst,False
R_control_harmless,R_harm_user,9,0.3333,-0.027341939508914948,0.027341939508914948,0.03177424147725105,0.7307471632957458,False,t_post_inst,t_inst,False
R_control_harmless,R_harm_user,10,0.3704,0.0030751866288483143,0.0030751866288483143,0.03177424147725105,0.7302004098892212,False,t_post_inst,t_inst,False
R_control_harmless,R_harm_user,11,0.4074,0.016816969960927963,0.016816969960927963,0.03177424147725105,0.7139416933059692,False,t_post_inst,t_inst,False
R_control_harmless,R_harm_user,12,0.4444,0.07036077231168747,0.07036077231168747,0.03177424147725105,0.70351243019104,True,t_post_inst,t_inst,False
R_control_harmless,R_harm_user,13,0.4815,0.09097467362880707,0.09097467362880707,0.03177424147725105,0.7214701175689697,True,t_post_inst,t_inst,False
R_control_harmless,R_harm_user,14,0.5185,0.10613089799880981,0.10613089799880981,0.03177424147725105,0.7845114469528198,True,t_post_inst,t_inst,False
R_control_harmless,R_harm_user,15,0.5556,0.10755393654108047,0.10755393654108047,0.03177424147725105,0.8391793370246887,True,t_post_inst,t_inst,False
R_control_harmless,R_harm_user,16,0.5926,0.13459819555282593,0.13459819555282593,0.03177424147725105,0.8633953928947449,True,t_post_inst,t_inst,False
R_control_harmless,R_harm_user,17,0.6296,0.12809708714485168,0.12809708714485168,0.03177424147725105,0.8876634836196899,True,t_post_inst,t_inst,False
R_control_harmless,R_harm_user,18,0.6667,0.13447187840938568,0.13447187840938568,0.03177424147725105,0.9457133412361144,True,t_post_inst,t_inst,False
R_control_harmless,R_harm_user,19,0.7037,0.1150914654135704,0.1150914654135704,0.03177424147725105,0.946364402770996,True,t_post_inst,t_inst,False
R_control_harmless,R_harm_user,20,0.7407,0.07390134036540985,0.07390134036540985,0.03177424147725105,0.9530420303344728,True,t_post_inst,t_inst,False
R_control_harmless,R_harm_user,21,0.7778,0.05642082914710045,0.05642082914710045,0.03177424147725105,0.9497079849243164,True,t_post_inst,t_inst,False
R_control_harmless,R_harm_user,22,0.8148,0.08098755776882172,0.08098755776882172,0.03177424147725105,0.943821907043457,True,t_post_inst,t_inst,False
R_control_harmless,R_harm_user,23,0.8519,0.10019620507955551,0.10019620507955551,0.03177424147725105,0.94783353805542,True,t_post_inst,t_inst,False
R_control_harmless,R_harm_user,24,0.8889,0.11882339417934418,0.11882339417934418,0.03177424147725105,0.9459056854248048,True,t_post_inst,t_inst,False
R_control_harmless,R_harm_user,25,0.9259,0.1067604199051857,0.1067604199051857,0.03177424147725105,0.9439549446105956,True,t_post_inst,t_inst,False
R_control_harmless,R_harm_user,26,0.963,0.09250470995903015,0.09250470995903015,0.03177424147725105,0.9384188652038574,True,t_post_inst,t_inst,False
R_control_harmless,R_harm_user,27,1.0,0.06425346434116364,0.06425346434116364,0.03177424147725105,0.933980107307434,True,t_post_inst,t_inst,False
R_control_harmless,R_role_assistant_vs_user@t_inst,0,0.0,0.02082548849284649,0.02082548849284649,0.03177424147725105,0.6132475733757019,False,t_post_inst,t_inst,False
R_control_harmless,R_role_assistant_vs_user@t_inst,1,0.037,-0.22601136565208435,0.22601136565208435,0.03177424147725105,0.6288757920265198,True,t_post_inst,t_inst,False
R_control_harmless,R_role_assistant_vs_user@t_inst,2,0.0741,-0.08033426851034164,0.08033426851034164,0.03177424147725105,0.6875845789909363,True,t_post_inst,t_inst,False
R_control_harmless,R_role_assistant_vs_user@t_inst,3,0.1111,0.0968322604894638,0.0968322604894638,0.03177424147725105,0.6638495326042175,True,t_post_inst,t_inst,False
R_control_harmless,R_role_assistant_vs_user@t_inst,4,0.1481,0.0547054186463356,0.0547054186463356,0.03177424147725105,0.5887443423271179,True,t_post_inst,t_inst,False
R_control_harmless,R_role_assistant_vs_user@t_inst,5,0.1852,0.04588216543197632,0.04588216543197632,0.03177424147725105,0.6324215531349182,True,t_post_inst,t_inst,False
R_control_harmless,R_role_assistant_vs_user@t_inst,6,0.2222,0.010210643522441387,0.010210643522441387,0.03177424147725105,0.6572062969207764,False,t_post_inst,t_inst,False
R_control_harmless,R_role_assistant_vs_user@t_inst,7,0.2593,0.03630789369344711,0.03630789369344711,0.03177424147725105,0.6600807905197144,True,t_post_inst,t_inst,False
R_control_harmless,R_role_assistant_vs_user@t_inst,8,0.2963,0.030170295387506485,0.030170295387506485,0.03177424147725105,0.6992489695549011,False,t_post_inst,t_inst,False
R_control_harmless,R_role_assistant_vs_user@t_inst,9,0.3333,-0.010167956352233887,0.010167956352233887,0.03177424147725105,0.7307471632957458,False,t_post_inst,t_inst,False
R_control_harmless,R_role_assistant_vs_user@t_inst,10,0.3704,-0.005516292527318001,0.005516292527318001,0.03177424147725105,0.7302004098892212,False,t_post_inst,t_inst,False
R_control_harmless,R_role_assistant_vs_user@t_inst,11,0.4074,-0.05277358740568161,0.05277358740568161,0.03177424147725105,0.7139416933059692,True,t_post_inst,t_inst,False
R_control_harmless,R_role_assistant_vs_user@t_inst,12,0.4444,0.01901925355195999,0.01901925355195999,0.03177424147725105,0.70351243019104,False,t_post_inst,t_inst,False
R_control_harmless,R_role_assistant_vs_user@t_inst,13,0.4815,0.0790168046951294,0.0790168046951294,0.03177424147725105,0.7214701175689697,True,t_post_inst,t_inst,False
R_control_harmless,R_role_assistant_vs_user@t_inst,14,0.5185,0.051751669496297836,0.051751669496297836,0.03177424147725105,0.7845114469528198,True,t_post_inst,t_inst,False
R_control_harmless,R_role_assistant_vs_user@t_inst,15,0.5556,0.028517916798591614,0.028517916798591614,0.03177424147725105,0.8391793370246887,False,t_post_inst,t_inst,False
R_control_harmless,R_role_assistant_vs_user@t_inst,16,0.5926,0.05327678844332695,0.05327678844332695,0.03177424147725105,0.8633953928947449,True,t_post_inst,t_inst,False
R_control_harmless,R_role_assistant_vs_user@t_inst,17,0.6296,0.028145451098680496,0.028145451098680496,0.03177424147725105,0.8876634836196899,False,t_post_inst,t_inst,False
R_control_harmless,R_role_assistant_vs_user@t_inst,18,0.6667,0.10347290337085724,0.10347290337085724,0.03177424147725105,0.9457133412361144,True,t_post_inst,t_inst,False
R_control_harmless,R_role_assistant_vs_user@t_inst,19,0.7037,0.16675013303756714,0.16675013303756714,0.03177424147725105,0.946364402770996,True,t_post_inst,t_inst,False
R_control_harmless,R_role_assistant_vs_user@t_inst,20,0.7407,0.24232004582881927,0.24232004582881927,0.03177424147725105,0.9530420303344728,True,t_post_inst,t_inst,False
R_control_harmless,R_role_assistant_vs_user@t_inst,21,0.7778,0.22476807236671448,0.22476807236671448,0.03177424147725105,0.9497079849243164,True,t_post_inst,t_inst,False
R_control_harmless,R_role_assistant_vs_user@t_inst,22,0.8148,0.18669158220291138,0.18669158220291138,0.03177424147725105,0.943821907043457,True,t_post_inst,t_inst,False
R_control_harmless,R_role_assistant_vs_user@t_inst,23,0.8519,0.19803911447525024,0.19803911447525024,0.03177424147725105,0.94783353805542,True,t_post_inst,t_inst,False
R_control_harmless,R_role_assistant_vs_user@t_inst,24,0.8889,0.2020585536956787,0.2020585536956787,0.03177424147725105,0.9459056854248048,True,t_post_inst,t_inst,False
R_control_harmless,R_role_assistant_vs_user@t_inst,25,0.9259,0.168866366147995,0.168866366147995,0.03177424147725105,0.9439549446105956,True,t_post_inst,t_inst,False
R_control_harmless,R_role_assistant_vs_user@t_inst,26,0.963,0.1392243504524231,0.1392243504524231,0.03177424147725105,0.9384188652038574,True,t_post_inst,t_inst,False
R_control_harmless,R_role_assistant_vs_user@t_inst,27,1.0,0.06445919722318649,0.06445919722318649,0.03177424147725105,0.933980107307434,True,t_post_inst,t_inst,False
R_control_harmless,R_role_assistant_vs_user@t_post_inst,0,0.0,-0.030623817816376686,0.030623817816376686,0.03177424147725105,0.6132475733757019,False,t_post_inst,t_post_inst,True
R_control_harmless,R_role_assistant_vs_user@t_post_inst,1,0.037,-0.14508739113807678,0.14508739113807678,0.03177424147725105,0.6288757920265198,True,t_post_inst,t_post_inst,True
R_control_harmless,R_role_assistant_vs_user@t_post_inst,2,0.0741,-0.018814368173480034,0.018814368173480034,0.03177424147725105,0.6875845789909363,False,t_post_inst,t_post_inst,True
R_control_harmless,R_role_assistant_vs_user@t_post_inst,3,0.1111,0.018327143043279648,0.018327143043279648,0.03177424147725105,0.6638495326042175,False,t_post_inst,t_post_inst,True
R_control_harmless,R_role_assistant_vs_user@t_post_inst,4,0.1481,-0.09132375568151474,0.09132375568151474,0.03177424147725105,0.5887443423271179,True,t_post_inst,t_post_inst,True
R_control_harmless,R_role_assistant_vs_user@t_post_inst,5,0.1852,0.07637131959199905,0.07637131959199905,0.03177424147725105,0.6324215531349182,True,t_post_inst,t_post_inst,True
R_control_harmless,R_role_assistant_vs_user@t_post_inst,6,0.2222,0.06190500408411026,0.06190500408411026,0.03177424147725105,0.6572062969207764,True,t_post_inst,t_post_inst,True
R_control_harmless,R_role_assistant_vs_user@t_post_inst,7,0.2593,0.018402688205242157,0.018402688205242157,0.03177424147725105,0.6600807905197144,False,t_post_inst,t_post_inst,True
R_control_harmless,R_role_assistant_vs_user@t_post_inst,8,0.2963,0.06603336334228516,0.06603336334228516,0.03177424147725105,0.6992489695549011,True,t_post_inst,t_post_inst,True
R_control_harmless,R_role_assistant_vs_user@t_post_inst,9,0.3333,0.21920204162597656,0.21920204162597656,0.03177424147725105,0.7307471632957458,True,t_post_inst,t_post_inst,True
R_control_harmless,R_role_assistant_vs_user@t_post_inst,10,0.3704,0.2249602973461151,0.2249602973461151,0.03177424147725105,0.7302004098892212,True,t_post_inst,t_post_inst,True
R_control_harmless,R_role_assistant_vs_user@t_post_inst,11,0.4074,0.21129992604255676,0.21129992604255676,0.03177424147725105,0.7139416933059692,True,t_post_inst,t_post_inst,True
R_control_harmless,R_role_assistant_vs_user@t_post_inst,12,0.4444,0.1824403554201126,0.1824403554201126,0.03177424147725105,0.70351243019104,True,t_post_inst,t_post_inst,True
R_control_harmless,R_role_assistant_vs_user@t_post_inst,13,0.4815,0.16825294494628906,0.16825294494628906,0.03177424147725105,0.7214701175689697,True,t_post_inst,t_post_inst,True
R_control_harmless,R_role_assistant_vs_user@t_post_inst,14,0.5185,0.12476156651973724,0.12476156651973724,0.03177424147725105,0.7845114469528198,True,t_post_inst,t_post_inst,True
R_control_harmless,R_role_assistant_vs_user@t_post_inst,15,0.5556,0.061706315726041794,0.061706315726041794,0.03177424147725105,0.8391793370246887,True,t_post_inst,t_post_inst,True
R_control_harmless,R_role_assistant_vs_user@t_post_inst,16,0.5926,0.10978718101978302,0.10978718101978302,0.03177424147725105,0.8633953928947449,True,t_post_inst,t_post_inst,True
R_control_harmless,R_role_assistant_vs_user@t_post_inst,17,0.6296,0.11792545020580292,0.11792545020580292,0.03177424147725105,0.8876634836196899,True,t_post_inst,t_post_inst,True
R_control_harmless,R_role_assistant_vs_user@t_post_inst,18,0.6667,0.12186849862337112,0.12186849862337112,0.03177424147725105,0.9457133412361144,True,t_post_inst,t_post_inst,True
R_control_harmless,R_role_assistant_vs_user@t_post_inst,19,0.7037,0.11796646565198898,0.11796646565198898,0.03177424147725105,0.946364402770996,True,t_post_inst,t_post_inst,True
R_control_harmless,R_role_assistant_vs_user@t_post_inst,20,0.7407,0.20028123259544373,0.20028123259544373,0.03177424147725105,0.9530420303344728,True,t_post_inst,t_post_inst,True
R_control_harmless,R_role_assistant_vs_user@t_post_inst,21,0.7778,0.244715616106987,0.244715616106987,0.03177424147725105,0.9497079849243164,True,t_post_inst,t_post_inst,True
R_control_harmless,R_role_assistant_vs_user@t_post_inst,22,0.8148,0.18956315517425537,0.18956315517425537,0.03177424147725105,0.943821907043457,True,t_post_inst,t_post_inst,True
R_control_harmless,R_role_assistant_vs_user@t_post_inst,23,0.8519,0.2180660516023636,0.2180660516023636,0.03177424147725105,0.94783353805542,True,t_post_inst,t_post_inst,True
R_control_harmless,R_role_assistant_vs_user@t_post_inst,24,0.8889,0.25609180331230164,0.25609180331230164,0.03177424147725105,0.9459056854248048,True,t_post_inst,t_post_inst,True
R_control_harmless,R_role_assistant_vs_user@t_post_inst,25,0.9259,0.24793775379657745,0.24793775379657745,0.03177424147725105,0.9439549446105956,True,t_post_inst,t_post_inst,True
R_control_harmless,R_role_assistant_vs_user@t_post_inst,26,0.963,0.19704478979110718,0.19704478979110718,0.03177424147725105,0.9384188652038574,True,t_post_inst,t_post_inst,True
R_control_harmless,R_role_assistant_vs_user@t_post_inst,27,1.0,0.1542530208826065,0.1542530208826065,0.03177424147725105,0.933980107307434,True,t_post_inst,t_post_inst,True
R_control_harmless,R_role_system_vs_user@t_inst,0,0.0,-0.028431519865989685,0.028431519865989685,0.03177424147725105,0.6132475733757019,False,t_post_inst,t_inst,False
R_control_harmless,R_role_system_vs_user@t_inst,1,0.037,0.2049550712108612,0.2049550712108612,0.03177424147725105,0.6288757920265198,True,t_post_inst,t_inst,False
R_control_harmless,R_role_system_vs_user@t_inst,2,0.0741,0.07550555467605591,0.07550555467605591,0.03177424147725105,0.6875845789909363,True,t_post_inst,t_inst,False
R_control_harmless,R_role_system_vs_user@t_inst,3,0.1111,-0.039142437279224396,0.039142437279224396,0.03177424147725105,0.6638495326042175,True,t_post_inst,t_inst,False
R_control_harmless,R_role_system_vs_user@t_inst,4,0.1481,-0.06017052382230759,0.06017052382230759,0.03177424147725105,0.5887443423271179,True,t_post_inst,t_inst,False
R_control_harmless,R_role_system_vs_user@t_inst,5,0.1852,-0.11932980269193649,0.11932980269193649,0.03177424147725105,0.6324215531349182,True,t_post_inst,t_inst,False
R_control_harmless,R_role_system_vs_user@t_inst,6,0.2222,-0.09986069798469543,0.09986069798469543,0.03177424147725105,0.6572062969207764,True,t_post_inst,t_inst,False
R_control_harmless,R_role_system_vs_user@t_inst,7,0.2593,-0.06568929553031921,0.06568929553031921,0.03177424147725105,0.6600807905197144,True,t_post_inst,t_inst,False
R_control_harmless,R_role_system_vs_user@t_inst,8,0.2963,-0.10592634975910187,0.10592634975910187,0.03177424147725105,0.6992489695549011,True,t_post_inst,t_inst,False
R_control_harmless,R_role_system_vs_user@t_inst,9,0.3333,-0.14408448338508606,0.14408448338508606,0.03177424147725105,0.7307471632957458,True,t_post_inst,t_inst,False
R_control_harmless,R_role_system_vs_user@t_inst,10,0.3704,-0.14809159934520721,0.14809159934520721,0.03177424147725105,0.7302004098892212,True,t_post_inst,t_inst,False
R_control_harmless,R_role_system_vs_user@t_inst,11,0.4074,-0.15457873046398163,0.15457873046398163,0.03177424147725105,0.7139416933059692,True,t_post_inst,t_inst,False
R_control_harmless,R_role_system_vs_user@t_inst,12,0.4444,-0.11726745963096619,0.11726745963096619,0.03177424147725105,0.70351243019104,True,t_post_inst,t_inst,False
R_control_harmless,R_role_system_vs_user@t_inst,13,0.4815,-0.0752505213022232,0.0752505213022232,0.03177424147725105,0.7214701175689697,True,t_post_inst,t_inst,False
R_control_harmless,R_role_system_vs_user@t_inst,14,0.5185,-0.04925934970378876,0.04925934970378876,0.03177424147725105,0.7845114469528198,True,t_post_inst,t_inst,False
R_control_harmless,R_role_system_vs_user@t_inst,15,0.5556,-0.07372686266899109,0.07372686266899109,0.03177424147725105,0.8391793370246887,True,t_post_inst,t_inst,False
R_control_harmless,R_role_system_vs_user@t_inst,16,0.5926,-0.05712049454450607,0.05712049454450607,0.03177424147725105,0.8633953928947449,True,t_post_inst,t_inst,False
R_control_harmless,R_role_system_vs_user@t_inst,17,0.6296,-0.06834547221660614,0.06834547221660614,0.03177424147725105,0.8876634836196899,True,t_post_inst,t_inst,False
R_control_harmless,R_role_system_vs_user@t_inst,18,0.6667,0.009639750234782696,0.009639750234782696,0.03177424147725105,0.9457133412361144,False,t_post_inst,t_inst,False
R_control_harmless,R_role_system_vs_user@t_inst,19,0.7037,0.011381981894373894,0.011381981894373894,0.03177424147725105,0.946364402770996,False,t_post_inst,t_inst,False
R_control_harmless,R_role_system_vs_user@t_inst,20,0.7407,0.02478378638625145,0.02478378638625145,0.03177424147725105,0.9530420303344728,False,t_post_inst,t_inst,False
R_control_harmless,R_role_system_vs_user@t_inst,21,0.7778,-0.0014184042811393738,0.0014184042811393738,0.03177424147725105,0.9497079849243164,False,t_post_inst,t_inst,False
R_control_harmless,R_role_system_vs_user@t_inst,22,0.8148,-0.000706769060343504,0.000706769060343504,0.03177424147725105,0.943821907043457,False,t_post_inst,t_inst,False
R_control_harmless,R_role_system_vs_user@t_inst,23,0.8519,0.004094953648746014,0.004094953648746014,0.03177424147725105,0.94783353805542,False,t_post_inst,t_inst,False
R_control_harmless,R_role_system_vs_user@t_inst,24,0.8889,-0.011859037913382053,0.011859037913382053,0.03177424147725105,0.9459056854248048,False,t_post_inst,t_inst,False
R_control_harmless,R_role_system_vs_user@t_inst,25,0.9259,-0.02933967113494873,0.02933967113494873,0.03177424147725105,0.9439549446105956,False,t_post_inst,t_inst,False
R_control_harmless,R_role_system_vs_user@t_inst,26,0.963,-0.013744964264333248,0.013744964264333248,0.03177424147725105,0.9384188652038574,False,t_post_inst,t_inst,False
R_control_harmless,R_role_system_vs_user@t_inst,27,1.0,-0.014090976677834988,0.014090976677834988,0.03177424147725105,0.933980107307434,False,t_post_inst,t_inst,False
R_control_harmless,R_role_system_vs_user@t_post_inst,0,0.0,-0.004311282653361559,0.004311282653361559,0.03177424147725105,0.6132475733757019,False,t_post_inst,t_post_inst,True
R_control_harmless,R_role_system_vs_user@t_post_inst,1,0.037,-0.03472328186035156,0.03472328186035156,0.03177424147725105,0.6288757920265198,True,t_post_inst,t_post_inst,True
R_control_harmless,R_role_system_vs_user@t_post_inst,2,0.0741,0.02942739799618721,0.02942739799618721,0.03177424147725105,0.6875845789909363,False,t_post_inst,t_post_inst,True
R_control_harmless,R_role_system_vs_user@t_post_inst,3,0.1111,0.02103198505938053,0.02103198505938053,0.03177424147725105,0.6638495326042175,False,t_post_inst,t_post_inst,True
R_control_harmless,R_role_system_vs_user@t_post_inst,4,0.1481,0.008823888376355171,0.008823888376355171,0.03177424147725105,0.5887443423271179,False,t_post_inst,t_post_inst,True
R_control_harmless,R_role_system_vs_user@t_post_inst,5,0.1852,0.0506000779569149,0.0506000779569149,0.03177424147725105,0.6324215531349182,True,t_post_inst,t_post_inst,True
R_control_harmless,R_role_system_vs_user@t_post_inst,6,0.2222,0.11220245063304901,0.11220245063304901,0.03177424147725105,0.6572062969207764,True,t_post_inst,t_post_inst,True
R_control_harmless,R_role_system_vs_user@t_post_inst,7,0.2593,0.11689464002847672,0.11689464002847672,0.03177424147725105,0.6600807905197144,True,t_post_inst,t_post_inst,True
R_control_harmless,R_role_system_vs_user@t_post_inst,8,0.2963,0.15094980597496033,0.15094980597496033,0.03177424147725105,0.6992489695549011,True,t_post_inst,t_post_inst,True
R_control_harmless,R_role_system_vs_user@t_post_inst,9,0.3333,0.25887924432754517,0.25887924432754517,0.03177424147725105,0.7307471632957458,True,t_post_inst,t_post_inst,True
R_control_harmless,R_role_system_vs_user@t_post_inst,10,0.3704,0.20619598031044006,0.20619598031044006,0.03177424147725105,0.7302004098892212,True,t_post_inst,t_post_inst,True
R_control_harmless,R_role_system_vs_user@t_post_inst,11,0.4074,0.1564599871635437,0.1564599871635437,0.03177424147725105,0.7139416933059692,True,t_post_inst,t_post_inst,True
R_control_harmless,R_role_system_vs_user@t_post_inst,12,0.4444,0.08812819421291351,0.08812819421291351,0.03177424147725105,0.70351243019104,True,t_post_inst,t_post_inst,True
R_control_harmless,R_role_system_vs_user@t_post_inst,13,0.4815,0.10836920887231827,0.10836920887231827,0.03177424147725105,0.7214701175689697,True,t_post_inst,t_post_inst,True
R_control_harmless,R_role_system_vs_user@t_post_inst,14,0.5185,0.09382517635822296,0.09382517635822296,0.03177424147725105,0.7845114469528198,True,t_post_inst,t_post_inst,True
R_control_harmless,R_role_system_vs_user@t_post_inst,15,0.5556,0.026035575196146965,0.026035575196146965,0.03177424147725105,0.8391793370246887,False,t_post_inst,t_post_inst,True
R_control_harmless,R_role_system_vs_user@t_post_inst,16,0.5926,0.08525370061397552,0.08525370061397552,0.03177424147725105,0.8633953928947449,True,t_post_inst,t_post_inst,True
R_control_harmless,R_role_system_vs_user@t_post_inst,17,0.6296,0.041760705411434174,0.041760705411434174,0.03177424147725105,0.8876634836196899,True,t_post_inst,t_post_inst,True
R_control_harmless,R_role_system_vs_user@t_post_inst,18,0.6667,0.028756607323884964,0.028756607323884964,0.03177424147725105,0.9457133412361144,False,t_post_inst,t_post_inst,True
R_control_harmless,R_role_system_vs_user@t_post_inst,19,0.7037,0.0666583776473999,0.0666583776473999,0.03177424147725105,0.946364402770996,True,t_post_inst,t_post_inst,True
R_control_harmless,R_role_system_vs_user@t_post_inst,20,0.7407,0.04294660687446594,0.04294660687446594,0.03177424147725105,0.9530420303344728,True,t_post_inst,t_post_inst,True
R_control_harmless,R_role_system_vs_user@t_post_inst,21,0.7778,0.06844868510961533,0.06844868510961533,0.03177424147725105,0.9497079849243164,True,t_post_inst,t_post_inst,True
R_control_harmless,R_role_system_vs_user@t_post_inst,22,0.8148,0.04155747964978218,0.04155747964978218,0.03177424147725105,0.943821907043457,True,t_post_inst,t_post_inst,True
R_control_harmless,R_role_system_vs_user@t_post_inst,23,0.8519,0.02614711970090866,0.02614711970090866,0.03177424147725105,0.94783353805542,False,t_post_inst,t_post_inst,True
R_control_harmless,R_role_system_vs_user@t_post_inst,24,0.8889,0.02909313514828682,0.02909313514828682,0.03177424147725105,0.9459056854248048,False,t_post_inst,t_post_inst,True
R_control_harmless,R_role_system_vs_user@t_post_inst,25,0.9259,0.0993071049451828,0.0993071049451828,0.03177424147725105,0.9439549446105956,True,t_post_inst,t_post_inst,True
R_control_harmless,R_role_system_vs_user@t_post_inst,26,0.963,0.07317188382148743,0.07317188382148743,0.03177424147725105,0.9384188652038574,True,t_post_inst,t_post_inst,True
R_control_harmless,R_role_system_vs_user@t_post_inst,27,1.0,0.01893078163266182,0.01893078163266182,0.03177424147725105,0.933980107307434,False,t_post_inst,t_post_inst,True
R_control_harmless,R_role_tool_vs_user@t_inst,0,0.0,0.0644504651427269,0.0644504651427269,0.03177424147725105,0.6132475733757019,True,t_post_inst,t_inst,False
R_control_harmless,R_role_tool_vs_user@t_inst,1,0.037,-0.08759190887212753,0.08759190887212753,0.03177424147725105,0.6288757920265198,True,t_post_inst,t_inst,False
R_control_harmless,R_role_tool_vs_user@t_inst,2,0.0741,-0.043119072914123535,0.043119072914123535,0.03177424147725105,0.6875845789909363,True,t_post_inst,t_inst,False
R_control_harmless,R_role_tool_vs_user@t_inst,3,0.1111,0.04547262191772461,0.04547262191772461,0.03177424147725105,0.6638495326042175,True,t_post_inst,t_inst,False
R_control_harmless,R_role_tool_vs_user@t_inst,4,0.1481,0.035012684762477875,0.035012684762477875,0.03177424147725105,0.5887443423271179,True,t_post_inst,t_inst,False
R_control_harmless,R_role_tool_vs_user@t_inst,5,0.1852,0.05378657951951027,0.05378657951951027,0.03177424147725105,0.6324215531349182,True,t_post_inst,t_inst,False
R_control_harmless,R_role_tool_vs_user@t_inst,6,0.2222,0.03663741052150726,0.03663741052150726,0.03177424147725105,0.6572062969207764,True,t_post_inst,t_inst,False
R_control_harmless,R_role_tool_vs_user@t_inst,7,0.2593,0.05621825158596039,0.05621825158596039,0.03177424147725105,0.6600807905197144,True,t_post_inst,t_inst,False
R_control_harmless,R_role_tool_vs_user@t_inst,8,0.2963,0.05429532378911972,0.05429532378911972,0.03177424147725105,0.6992489695549011,True,t_post_inst,t_inst,False
R_control_harmless,R_role_tool_vs_user@t_inst,9,0.3333,0.03956306353211403,0.03956306353211403,0.03177424147725105,0.7307471632957458,True,t_post_inst,t_inst,False
R_control_harmless,R_role_tool_vs_user@t_inst,10,0.3704,0.02035796269774437,0.02035796269774437,0.03177424147725105,0.7302004098892212,False,t_post_inst,t_inst,False
R_control_harmless,R_role_tool_vs_user@t_inst,11,0.4074,-0.007653374224901199,0.007653374224901199,0.03177424147725105,0.7139416933059692,False,t_post_inst,t_inst,False
R_control_harmless,R_role_tool_vs_user@t_inst,12,0.4444,0.022115755826234818,0.022115755826234818,0.03177424147725105,0.70351243019104,False,t_post_inst,t_inst,False
R_control_harmless,R_role_tool_vs_user@t_inst,13,0.4815,0.05951584875583649,0.05951584875583649,0.03177424147725105,0.7214701175689697,True,t_post_inst,t_inst,False
R_control_harmless,R_role_tool_vs_user@t_inst,14,0.5185,0.028046084567904472,0.028046084567904472,0.03177424147725105,0.7845114469528198,False,t_post_inst,t_inst,False
R_control_harmless,R_role_tool_vs_user@t_inst,15,0.5556,0.039331696927547455,0.039331696927547455,0.03177424147725105,0.8391793370246887,True,t_post_inst,t_inst,False
R_control_harmless,R_role_tool_vs_user@t_inst,16,0.5926,0.04184762388467789,0.04184762388467789,0.03177424147725105,0.8633953928947449,True,t_post_inst,t_inst,False
R_control_harmless,R_role_tool_vs_user@t_inst,17,0.6296,0.018822096288204193,0.018822096288204193,0.03177424147725105,0.8876634836196899,False,t_post_inst,t_inst,False
R_control_harmless,R_role_tool_vs_user@t_inst,18,0.6667,0.03891146928071976,0.03891146928071976,0.03177424147725105,0.9457133412361144,True,t_post_inst,t_inst,False
R_control_harmless,R_role_tool_vs_user@t_inst,19,0.7037,0.04705531895160675,0.04705531895160675,0.03177424147725105,0.946364402770996,True,t_post_inst,t_inst,False
R_control_harmless,R_role_tool_vs_user@t_inst,20,0.7407,0.05164602771401405,0.05164602771401405,0.03177424147725105,0.9530420303344728,True,t_post_inst,t_inst,False
R_control_harmless,R_role_tool_vs_user@t_inst,21,0.7778,0.02456703782081604,0.02456703782081604,0.03177424147725105,0.9497079849243164,False,t_post_inst,t_inst,False
R_control_harmless,R_role_tool_vs_user@t_inst,22,0.8148,0.043846894055604935,0.043846894055604935,0.03177424147725105,0.943821907043457,True,t_post_inst,t_inst,False
R_control_harmless,R_role_tool_vs_user@t_inst,23,0.8519,0.03711838275194168,0.03711838275194168,0.03177424147725105,0.94783353805542,True,t_post_inst,t_inst,False
R_control_harmless,R_role_tool_vs_user@t_inst,24,0.8889,0.04465733468532562,0.04465733468532562,0.03177424147725105,0.9459056854248048,True,t_post_inst,t_inst,False
R_control_harmless,R_role_tool_vs_user@t_inst,25,0.9259,0.00867227092385292,0.00867227092385292,0.03177424147725105,0.9439549446105956,False,t_post_inst,t_inst,False
R_control_harmless,R_role_tool_vs_user@t_inst,26,0.963,-0.010357314720749855,0.010357314720749855,0.03177424147725105,0.9384188652038574,False,t_post_inst,t_inst,False
R_control_harmless,R_role_tool_vs_user@t_inst,27,1.0,-0.09999989718198776,0.09999989718198776,0.03177424147725105,0.933980107307434,True,t_post_inst,t_inst,False
R_control_harmless,R_role_tool_vs_user@t_post_inst,0,0.0,0.05781240016222,0.05781240016222,0.03177424147725105,0.6132475733757019,True,t_post_inst,t_post_inst,True
R_control_harmless,R_role_tool_vs_user@t_post_inst,1,0.037,-0.07667116820812225,0.07667116820812225,0.03177424147725105,0.6288757920265198,True,t_post_inst,t_post_inst,True
R_control_harmless,R_role_tool_vs_user@t_post_inst,2,0.0741,0.0010958481580018997,0.0010958481580018997,0.03177424147725105,0.6875845789909363,False,t_post_inst,t_post_inst,True
R_control_harmless,R_role_tool_vs_user@t_post_inst,3,0.1111,0.0184797253459692,0.0184797253459692,0.03177424147725105,0.6638495326042175,False,t_post_inst,t_post_inst,True
R_control_harmless,R_role_tool_vs_user@t_post_inst,4,0.1481,-0.005994440987706184,0.005994440987706184,0.03177424147725105,0.5887443423271179,False,t_post_inst,t_post_inst,True
R_control_harmless,R_role_tool_vs_user@t_post_inst,5,0.1852,0.19171994924545288,0.19171994924545288,0.03177424147725105,0.6324215531349182,True,t_post_inst,t_post_inst,True
R_control_harmless,R_role_tool_vs_user@t_post_inst,6,0.2222,0.22500884532928467,0.22500884532928467,0.03177424147725105,0.6572062969207764,True,t_post_inst,t_post_inst,True
R_control_harmless,R_role_tool_vs_user@t_post_inst,7,0.2593,0.23225148022174835,0.23225148022174835,0.03177424147725105,0.6600807905197144,True,t_post_inst,t_post_inst,True
R_control_harmless,R_role_tool_vs_user@t_post_inst,8,0.2963,0.29028287529945374,0.29028287529945374,0.03177424147725105,0.6992489695549011,True,t_post_inst,t_post_inst,True
R_control_harmless,R_role_tool_vs_user@t_post_inst,9,0.3333,0.2784305810928345,0.2784305810928345,0.03177424147725105,0.7307471632957458,True,t_post_inst,t_post_inst,True
R_control_harmless,R_role_tool_vs_user@t_post_inst,10,0.3704,0.2759386897087097,0.2759386897087097,0.03177424147725105,0.7302004098892212,True,t_post_inst,t_post_inst,True
R_control_harmless,R_role_tool_vs_user@t_post_inst,11,0.4074,0.24447700381278992,0.24447700381278992,0.03177424147725105,0.7139416933059692,True,t_post_inst,t_post_inst,True
R_control_harmless,R_role_tool_vs_user@t_post_inst,12,0.4444,0.19159939885139465,0.19159939885139465,0.03177424147725105,0.70351243019104,True,t_post_inst,t_post_inst,True
R_control_harmless,R_role_tool_vs_user@t_post_inst,13,0.4815,0.14906084537506104,0.14906084537506104,0.03177424147725105,0.7214701175689697,True,t_post_inst,t_post_inst,True
R_control_harmless,R_role_tool_vs_user@t_post_inst,14,0.5185,0.07990961521863937,0.07990961521863937,0.03177424147725105,0.7845114469528198,True,t_post_inst,t_post_inst,True
R_control_harmless,R_role_tool_vs_user@t_post_inst,15,0.5556,0.01585695520043373,0.01585695520043373,0.03177424147725105,0.8391793370246887,False,t_post_inst,t_post_inst,True
R_control_harmless,R_role_tool_vs_user@t_post_inst,16,0.5926,0.01851991005241871,0.01851991005241871,0.03177424147725105,0.8633953928947449,False,t_post_inst,t_post_inst,True
R_control_harmless,R_role_tool_vs_user@t_post_inst,17,0.6296,0.0021436531096696854,0.0021436531096696854,0.03177424147725105,0.8876634836196899,False,t_post_inst,t_post_inst,True
R_control_harmless,R_role_tool_vs_user@t_post_inst,18,0.6667,0.11715248972177505,0.11715248972177505,0.03177424147725105,0.9457133412361144,True,t_post_inst,t_post_inst,True
R_control_harmless,R_role_tool_vs_user@t_post_inst,19,0.7037,0.11023050546646118,0.11023050546646118,0.03177424147725105,0.946364402770996,True,t_post_inst,t_post_inst,True
R_control_harmless,R_role_tool_vs_user@t_post_inst,20,0.7407,0.19396400451660156,0.19396400451660156,0.03177424147725105,0.9530420303344728,True,t_post_inst,t_post_inst,True
R_control_harmless,R_role_tool_vs_user@t_post_inst,21,0.7778,0.24995362758636475,0.24995362758636475,0.03177424147725105,0.9497079849243164,True,t_post_inst,t_post_inst,True
R_control_harmless,R_role_tool_vs_user@t_post_inst,22,0.8148,0.23425307869911194,0.23425307869911194,0.03177424147725105,0.943821907043457,True,t_post_inst,t_post_inst,True
R_control_harmless,R_role_tool_vs_user@t_post_inst,23,0.8519,0.2854403853416443,0.2854403853416443,0.03177424147725105,0.94783353805542,True,t_post_inst,t_post_inst,True
R_control_harmless,R_role_tool_vs_user@t_post_inst,24,0.8889,0.2822447419166565,0.2822447419166565,0.03177424147725105,0.9459056854248048,True,t_post_inst,t_post_inst,True
R_control_harmless,R_role_tool_vs_user@t_post_inst,25,0.9259,0.2798547148704529,0.2798547148704529,0.03177424147725105,0.9439549446105956,True,t_post_inst,t_post_inst,True
R_control_harmless,R_role_tool_vs_user@t_post_inst,26,0.963,0.2529233396053314,0.2529233396053314,0.03177424147725105,0.9384188652038574,True,t_post_inst,t_post_inst,True
R_control_harmless,R_role_tool_vs_user@t_post_inst,27,1.0,0.2474164515733719,0.2474164515733719,0.03177424147725105,0.933980107307434,True,t_post_inst,t_post_inst,True
R_control_preguard,R_control_unbalanced,0,0.0,0.8038519024848938,0.8038519024848938,0.03177424147725105,0.8176876306533813,True,t_post_inst,t_post_inst,True
R_control_preguard,R_control_unbalanced,1,0.037,0.8209116458892822,0.8209116458892822,0.03177424147725105,0.7986767292022705,True,t_post_inst,t_post_inst,True
R_control_preguard,R_control_unbalanced,2,0.0741,0.8117139935493469,0.8117139935493469,0.03177424147725105,0.7883531451225281,True,t_post_inst,t_post_inst,True
R_control_preguard,R_control_unbalanced,3,0.1111,0.7720556259155273,0.7720556259155273,0.03177424147725105,0.785489022731781,True,t_post_inst,t_post_inst,True
R_control_preguard,R_control_unbalanced,4,0.1481,0.7510824203491211,0.7510824203491211,0.03177424147725105,0.753086507320404,True,t_post_inst,t_post_inst,True
R_control_preguard,R_control_unbalanced,5,0.1852,0.7160447239875793,0.7160447239875793,0.03177424147725105,0.7868976593017578,True,t_post_inst,t_post_inst,True
R_control_preguard,R_control_unbalanced,6,0.2222,0.7337380647659302,0.7337380647659302,0.03177424147725105,0.7863998413085938,True,t_post_inst,t_post_inst,True
R_control_preguard,R_control_unbalanced,7,0.2593,0.7837433815002441,0.7837433815002441,0.03177424147725105,0.8047207593917847,True,t_post_inst,t_post_inst,True
R_control_preguard,R_control_unbalanced,8,0.2963,0.7687795162200928,0.7687795162200928,0.03177424147725105,0.7871332764625549,True,t_post_inst,t_post_inst,True
R_control_preguard,R_control_unbalanced,9,0.3333,0.7279024720191956,0.7279024720191956,0.03177424147725105,0.7257104516029358,True,t_post_inst,t_post_inst,True
R_control_preguard,R_control_unbalanced,10,0.3704,0.6884382367134094,0.6884382367134094,0.03177424147725105,0.6949610114097595,True,t_post_inst,t_post_inst,True
R_control_preguard,R_control_unbalanced,11,0.4074,0.6835533380508423,0.6835533380508423,0.03177424147725105,0.7108584642410278,True,t_post_inst,t_post_inst,True
R_control_preguard,R_control_unbalanced,12,0.4444,0.7117666006088257,0.7117666006088257,0.03177424147725105,0.7406391501426697,True,t_post_inst,t_post_inst,True
R_control_preguard,R_control_unbalanced,13,0.4815,0.7929865717887878,0.7929865717887878,0.03177424147725105,0.8459548950195312,True,t_post_inst,t_post_inst,True
R_control_preguard,R_control_unbalanced,14,0.5185,0.8600132465362549,0.8600132465362549,0.03177424147725105,0.9107562303543092,True,t_post_inst,t_post_inst,True
R_control_preguard,R_control_unbalanced,15,0.5556,0.9007275104522705,0.9007275104522705,0.03177424147725105,0.9355207681655884,True,t_post_inst,t_post_inst,True
R_control_preguard,R_control_unbalanced,16,0.5926,0.9247995615005493,0.9247995615005493,0.03177424147725105,0.9529460668563844,True,t_post_inst,t_post_inst,True
R_control_preguard,R_control_unbalanced,17,0.6296,0.9466125965118408,0.9466125965118408,0.03177424147725105,0.9673070907592772,True,t_post_inst,t_post_inst,True
R_control_preguard,R_control_unbalanced,18,0.6667,0.9606699347496033,0.9606699347496033,0.03177424147725105,0.9780305027961732,True,t_post_inst,t_post_inst,True
R_control_preguard,R_control_unbalanced,19,0.7037,0.9615005254745483,0.9615005254745483,0.03177424147725105,0.979722023010254,True,t_post_inst,t_post_inst,True
R_control_preguard,R_control_unbalanced,20,0.7407,0.9697420001029968,0.9697420001029968,0.03177424147725105,0.9849660992622375,True,t_post_inst,t_post_inst,True
R_control_preguard,R_control_unbalanced,21,0.7778,0.9688572883605957,0.9688572883605957,0.03177424147725105,0.9840288162231444,True,t_post_inst,t_post_inst,True
R_control_preguard,R_control_unbalanced,22,0.8148,0.9644595384597778,0.9644595384597778,0.03177424147725105,0.9824112057685852,True,t_post_inst,t_post_inst,True
R_control_preguard,R_control_unbalanced,23,0.8519,0.968860387802124,0.968860387802124,0.03177424147725105,0.9843991994857788,True,t_post_inst,t_post_inst,True
R_control_preguard,R_control_unbalanced,24,0.8889,0.9692913889884949,0.9692913889884949,0.03177424147725105,0.983230471611023,True,t_post_inst,t_post_inst,True
R_control_preguard,R_control_unbalanced,25,0.9259,0.9690294861793518,0.9690294861793518,0.03177424147725105,0.9822422862052916,True,t_post_inst,t_post_inst,True
R_control_preguard,R_control_unbalanced,26,0.963,0.9668408036231995,0.9668408036231995,0.03177424147725105,0.979396641254425,True,t_post_inst,t_post_inst,True
R_control_preguard,R_control_unbalanced,27,1.0,0.9604109525680542,0.9604109525680542,0.03177424147725105,0.9756532907485962,True,t_post_inst,t_post_inst,True
R_control_preguard,R_harm,0,0.0,-0.1309206187725067,0.1309206187725067,0.03177424147725105,0.9362605810165404,True,t_post_inst,t_inst,False
R_control_preguard,R_harm,1,0.037,-0.23419226706027985,0.23419226706027985,0.03177424147725105,0.9487547874450684,True,t_post_inst,t_inst,False
R_control_preguard,R_harm,2,0.0741,-0.11449790000915527,0.11449790000915527,0.03177424147725105,0.9410561323165894,True,t_post_inst,t_inst,False
R_control_preguard,R_harm,3,0.1111,0.020444365218281746,0.020444365218281746,0.03177424147725105,0.9430207014083862,False,t_post_inst,t_inst,False
R_control_preguard,R_harm,4,0.1481,-0.06784078478813171,0.06784078478813171,0.03177424147725105,0.9373507499694824,True,t_post_inst,t_inst,False
R_control_preguard,R_harm,5,0.1852,-0.01665380969643593,0.01665380969643593,0.03177424147725105,0.9400324821472168,False,t_post_inst,t_inst,False
R_control_preguard,R_harm,6,0.2222,-0.04445791244506836,0.04445791244506836,0.03177424147725105,0.9445250630378724,True,t_post_inst,t_inst,False
R_control_preguard,R_harm,7,0.2593,-0.023508599027991295,0.023508599027991295,0.03177424147725105,0.952067732810974,False,t_post_inst,t_inst,False
R_control_preguard,R_harm,8,0.2963,-0.04110840708017349,0.04110840708017349,0.03177424147725105,0.9469528198242188,True,t_post_inst,t_inst,False
R_control_preguard,R_harm,9,0.3333,-0.026127085089683533,0.026127085089683533,0.03177424147725105,0.9342767000198364,False,t_post_inst,t_inst,False
R_control_preguard,R_harm,10,0.3704,-0.03837372362613678,0.03837372362613678,0.03177424147725105,0.9326093792915344,True,t_post_inst,t_inst,False
R_control_preguard,R_harm,11,0.4074,-0.07534951716661453,0.07534951716661453,0.03177424147725105,0.9367642402648926,True,t_post_inst,t_inst,False
R_control_preguard,R_harm,12,0.4444,-0.018206603825092316,0.018206603825092316,0.03177424147725105,0.9398261904716492,False,t_post_inst,t_inst,False
R_control_preguard,R_harm,13,0.4815,0.07448682188987732,0.07448682188987732,0.03177424147725105,0.9602786302566528,True,t_post_inst,t_inst,False
R_control_preguard,R_harm,14,0.5185,0.11801493167877197,0.11801493167877197,0.03177424147725105,0.9714999198913574,True,t_post_inst,t_inst,False
R_control_preguard,R_harm,15,0.5556,0.16020295023918152,0.16020295023918152,0.03177424147725105,0.978169083595276,True,t_post_inst,t_inst,False
R_control_preguard,R_harm,16,0.5926,0.199351966381073,0.199351966381073,0.03177424147725105,0.9821564555168152,True,t_post_inst,t_inst,False
R_control_preguard,R_harm,17,0.6296,0.19384673237800598,0.19384673237800598,0.03177424147725105,0.9873798489570618,True,t_post_inst,t_inst,False
R_control_preguard,R_harm,18,0.6667,0.1734239161014557,0.1734239161014557,0.03177424147725105,0.99052894115448,True,t_post_inst,t_inst,False
R_control_preguard,R_harm,19,0.7037,0.14896991848945618,0.14896991848945618,0.03177424147725105,0.990919589996338,True,t_post_inst,t_inst,False
R_control_preguard,R_harm,20,0.7407,0.11319577693939209,0.11319577693939209,0.03177424147725105,0.9923973083496094,True,t_post_inst,t_inst,False
R_control_preguard,R_harm,21,0.7778,0.10174800455570221,0.10174800455570221,0.03177424147725105,0.991816520690918,True,t_post_inst,t_inst,False
R_control_preguard,R_harm,22,0.8148,0.15858638286590576,0.15858638286590576,0.03177424147725105,0.9904595613479614,True,t_post_inst,t_inst,False
R_control_preguard,R_harm,23,0.8519,0.14795371890068054,0.14795371890068054,0.03177424147725105,0.9885915517807008,True,t_post_inst,t_inst,False
R_control_preguard,R_harm,24,0.8889,0.1609252691268921,0.1609252691268921,0.03177424147725105,0.9876754879951476,True,t_post_inst,t_inst,False
R_control_preguard,R_harm,25,0.9259,0.13308361172676086,0.13308361172676086,0.03177424147725105,0.9872959852218628,True,t_post_inst,t_inst,False
R_control_preguard,R_harm,26,0.963,0.12837249040603638,0.12837249040603638,0.03177424147725105,0.986065685749054,True,t_post_inst,t_inst,False
R_control_preguard,R_harm,27,1.0,0.18678906559944153,0.18678906559944153,0.03177424147725105,0.9879834055900574,True,t_post_inst,t_inst,False
R_control_preguard,R_harm_at_post,0,0.0,-0.07682833075523376,0.07682833075523376,0.03177424147725105,0.9362605810165404,True,t_post_inst,t_post_inst,True
R_control_preguard,R_harm_at_post,1,0.037,-0.12804903090000153,0.12804903090000153,0.03177424147725105,0.9487547874450684,True,t_post_inst,t_post_inst,True
R_control_preguard,R_harm_at_post,2,0.0741,0.03732092306017876,0.03732092306017876,0.03177424147725105,0.9410561323165894,True,t_post_inst,t_post_inst,True
R_control_preguard,R_harm_at_post,3,0.1111,0.08169614523649216,0.08169614523649216,0.03177424147725105,0.9430207014083862,True,t_post_inst,t_post_inst,True
R_control_preguard,R_harm_at_post,4,0.1481,0.14815789461135864,0.14815789461135864,0.03177424147725105,0.9373507499694824,True,t_post_inst,t_post_inst,True
R_control_preguard,R_harm_at_post,5,0.1852,0.15224896371364594,0.15224896371364594,0.03177424147725105,0.9400324821472168,True,t_post_inst,t_post_inst,True
R_control_preguard,R_harm_at_post,6,0.2222,0.17297783493995667,0.17297783493995667,0.03177424147725105,0.9445250630378724,True,t_post_inst,t_post_inst,True
R_control_preguard,R_harm_at_post,7,0.2593,0.20589157938957214,0.20589157938957214,0.03177424147725105,0.952067732810974,True,t_post_inst,t_post_inst,True
R_control_preguard,R_harm_at_post,8,0.2963,0.26207685470581055,0.26207685470581055,0.03177424147725105,0.9469528198242188,True,t_post_inst,t_post_inst,True
R_control_preguard,R_harm_at_post,9,0.3333,0.22100795805454254,0.22100795805454254,0.03177424147725105,0.9342767000198364,True,t_post_inst,t_post_inst,True
R_control_preguard,R_harm_at_post,10,0.3704,0.22014640271663666,0.22014640271663666,0.03177424147725105,0.9326093792915344,True,t_post_inst,t_post_inst,True
R_control_preguard,R_harm_at_post,11,0.4074,0.3005933165550232,0.3005933165550232,0.03177424147725105,0.9367642402648926,True,t_post_inst,t_post_inst,True
R_control_preguard,R_harm_at_post,12,0.4444,0.27244219183921814,0.27244219183921814,0.03177424147725105,0.9398261904716492,True,t_post_inst,t_post_inst,True
R_control_preguard,R_harm_at_post,13,0.4815,0.5321758389472961,0.5321758389472961,0.03177424147725105,0.9602786302566528,True,t_post_inst,t_post_inst,True
R_control_preguard,R_harm_at_post,14,0.5185,0.6008092164993286,0.6008092164993286,0.03177424147725105,0.9714999198913574,True,t_post_inst,t_post_inst,True
R_control_preguard,R_harm_at_post,15,0.5556,0.6511654257774353,0.6511654257774353,0.03177424147725105,0.978169083595276,True,t_post_inst,t_post_inst,True
R_control_preguard,R_harm_at_post,16,0.5926,0.6951874494552612,0.6951874494552612,0.03177424147725105,0.9821564555168152,True,t_post_inst,t_post_inst,True
R_control_preguard,R_harm_at_post,17,0.6296,0.747289776802063,0.747289776802063,0.03177424147725105,0.9873798489570618,True,t_post_inst,t_post_inst,True
R_control_preguard,R_harm_at_post,18,0.6667,0.8034712076187134,0.8034712076187134,0.03177424147725105,0.99052894115448,True,t_post_inst,t_post_inst,True
R_control_preguard,R_harm_at_post,19,0.7037,0.8055427074432373,0.8055427074432373,0.03177424147725105,0.990919589996338,True,t_post_inst,t_post_inst,True
R_control_preguard,R_harm_at_post,20,0.7407,0.8215886354446411,0.8215886354446411,0.03177424147725105,0.9926341772079468,True,t_post_inst,t_post_inst,True
R_control_preguard,R_harm_at_post,21,0.7778,0.8068658709526062,0.8068658709526062,0.03177424147725105,0.9921881556510924,True,t_post_inst,t_post_inst,True
R_control_preguard,R_harm_at_post,22,0.8148,0.8115321397781372,0.8115321397781372,0.03177424147725105,0.9914590716362,True,t_post_inst,t_post_inst,True
R_control_preguard,R_harm_at_post,23,0.8519,0.8445167541503906,0.8445167541503906,0.03177424147725105,0.9925410151481628,True,t_post_inst,t_post_inst,True
R_control_preguard,R_harm_at_post,24,0.8889,0.8474224805831909,0.8474224805831909,0.03177424147725105,0.992414116859436,True,t_post_inst,t_post_inst,True
R_control_preguard,R_harm_at_post,25,0.9259,0.843835711479187,0.843835711479187,0.03177424147725105,0.9918650388717652,True,t_post_inst,t_post_inst,True
R_control_preguard,R_harm_at_post,26,0.963,0.836229681968689,0.836229681968689,0.03177424147725105,0.9910866618156432,True,t_post_inst,t_post_inst,True
R_control_preguard,R_harm_at_post,27,1.0,0.8180841207504272,0.8180841207504272,0.03177424147725105,0.9898391962051392,True,t_post_inst,t_post_inst,True
R_control_preguard,R_harm_user,0,0.0,-0.0958622545003891,0.0958622545003891,0.03177424147725105,0.9362605810165404,True,t_post_inst,t_inst,False
R_control_preguard,R_harm_user,1,0.037,-0.2111324965953827,0.2111324965953827,0.03177424147725105,0.9487547874450684,True,t_post_inst,t_inst,False
R_control_preguard,R_harm_user,2,0.0741,-0.10508957505226135,0.10508957505226135,0.03177424147725105,0.9410561323165894,True,t_post_inst,t_inst,False
R_control_preguard,R_harm_user,3,0.1111,0.02747451327741146,0.02747451327741146,0.03177424147725105,0.9430207014083862,False,t_post_inst,t_inst,False
R_control_preguard,R_harm_user,4,0.1481,-0.06666149199008942,0.06666149199008942,0.03177424147725105,0.9373507499694824,True,t_post_inst,t_inst,False
R_control_preguard,R_harm_user,5,0.1852,-0.009349556639790535,0.009349556639790535,0.03177424147725105,0.9400324821472168,False,t_post_inst,t_inst,False
R_control_preguard,R_harm_user,6,0.2222,-0.037067994475364685,0.037067994475364685,0.03177424147725105,0.9445250630378724,True,t_post_inst,t_inst,False
R_control_preguard,R_harm_user,7,0.2593,-0.023416347801685333,0.023416347801685333,0.03177424147725105,0.952067732810974,False,t_post_inst,t_inst,False
R_control_preguard,R_harm_user,8,0.2963,-0.040318604558706284,0.040318604558706284,0.03177424147725105,0.9469528198242188,True,t_post_inst,t_inst,False
R_control_preguard,R_harm_user,9,0.3333,-0.02163715660572052,0.02163715660572052,0.03177424147725105,0.9342767000198364,False,t_post_inst,t_inst,False
R_control_preguard,R_harm_user,10,0.3704,-0.035341355949640274,0.035341355949640274,0.03177424147725105,0.9326093792915344,True,t_post_inst,t_inst,False
R_control_preguard,R_harm_user,11,0.4074,-0.07889798283576965,0.07889798283576965,0.03177424147725105,0.9367642402648926,True,t_post_inst,t_inst,False
R_control_preguard,R_harm_user,12,0.4444,-0.028952931985259056,0.028952931985259056,0.03177424147725105,0.9398261904716492,False,t_post_inst,t_inst,False
R_control_preguard,R_harm_user,13,0.4815,0.060339972376823425,0.060339972376823425,0.03177424147725105,0.9599124789237976,True,t_post_inst,t_inst,False
R_control_preguard,R_harm_user,14,0.5185,0.10956543684005737,0.10956543684005737,0.03177424147725105,0.963304042816162,True,t_post_inst,t_inst,False
R_control_preguard,R_harm_user,15,0.5556,0.14499889314174652,0.14499889314174652,0.03177424147725105,0.965604603290558,True,t_post_inst,t_inst,False
R_control_preguard,R_harm_user,16,0.5926,0.18981929123401642,0.18981929123401642,0.03177424147725105,0.9658327102661132,True,t_post_inst,t_inst,False
R_control_preguard,R_harm_user,17,0.6296,0.17191369831562042,0.17191369831562042,0.03177424147725105,0.9684670567512512,True,t_post_inst,t_inst,False
R_control_preguard,R_harm_user,18,0.6667,0.16773641109466553,0.16773641109466553,0.03177424147725105,0.9726054072380066,True,t_post_inst,t_inst,False
R_control_preguard,R_harm_user,19,0.7037,0.13578292727470398,0.13578292727470398,0.03177424147725105,0.974351406097412,True,t_post_inst,t_inst,False
R_control_preguard,R_harm_user,20,0.7407,0.10595661401748657,0.10595661401748657,0.03177424147725105,0.9742386937141418,True,t_post_inst,t_inst,False
R_control_preguard,R_harm_user,21,0.7778,0.09195704758167267,0.09195704758167267,0.03177424147725105,0.9745514988899232,True,t_post_inst,t_inst,False
R_control_preguard,R_harm_user,22,0.8148,0.14370623230934143,0.14370623230934143,0.03177424147725105,0.9723834991455078,True,t_post_inst,t_inst,False
R_control_preguard,R_harm_user,23,0.8519,0.14651629328727722,0.14651629328727722,0.03177424147725105,0.9680925607681274,True,t_post_inst,t_inst,False
R_control_preguard,R_harm_user,24,0.8889,0.16932359337806702,0.16932359337806702,0.03177424147725105,0.9682137370109558,True,t_post_inst,t_inst,False
R_control_preguard,R_harm_user,25,0.9259,0.11996365338563919,0.11996365338563919,0.03177424147725105,0.968677818775177,True,t_post_inst,t_inst,False
R_control_preguard,R_harm_user,26,0.963,0.09569159150123596,0.09569159150123596,0.03177424147725105,0.9732897877693176,True,t_post_inst,t_inst,False
R_control_preguard,R_harm_user,27,1.0,0.10618944466114044,0.10618944466114044,0.03177424147725105,0.9790678024291992,True,t_post_inst,t_inst,False
R_control_preguard,R_role_assistant_vs_user@t_inst,0,0.0,-0.033637210726737976,0.033637210726737976,0.03177424147725105,0.9362605810165404,True,t_post_inst,t_inst,False
R_control_preguard,R_role_assistant_vs_user@t_inst,1,0.037,-0.26318442821502686,0.26318442821502686,0.03177424147725105,0.9487547874450684,True,t_post_inst,t_inst,False
R_control_preguard,R_role_assistant_vs_user@t_inst,2,0.0741,-0.1467302143573761,0.1467302143573761,0.03177424147725105,0.9410561323165894,True,t_post_inst,t_inst,False
R_control_preguard,R_role_assistant_vs_user@t_inst,3,0.1111,0.12666796147823334,0.12666796147823334,0.03177424147725105,0.9430207014083862,True,t_post_inst,t_inst,False
R_control_preguard,R_role_assistant_vs_user@t_inst,4,0.1481,-0.028161071240901947,0.028161071240901947,0.03177424147725105,0.9373507499694824,False,t_post_inst,t_inst,False
R_control_preguard,R_role_assistant_vs_user@t_inst,5,0.1852,0.05514279007911682,0.05514279007911682,0.03177424147725105,0.9400324821472168,True,t_post_inst,t_inst,False
R_control_preguard,R_role_assistant_vs_user@t_inst,6,0.2222,0.0008445177227258682,0.0008445177227258682,0.03177424147725105,0.9445250630378724,False,t_post_inst,t_inst,False
R_control_preguard,R_role_assistant_vs_user@t_inst,7,0.2593,-0.04093122482299805,0.04093122482299805,0.03177424147725105,0.952067732810974,True,t_post_inst,t_inst,False
R_control_preguard,R_role_assistant_vs_user@t_inst,8,0.2963,-0.07987909018993378,0.07987909018993378,0.03177424147725105,0.9469528198242188,True,t_post_inst,t_inst,False
R_control_preguard,R_role_assistant_vs_user@t_inst,9,0.3333,-0.0275251567363739,0.0275251567363739,0.03177424147725105,0.9342767000198364,False,t_post_inst,t_inst,False
R_control_preguard,R_role_assistant_vs_user@t_inst,10,0.3704,-0.07523016631603241,0.07523016631603241,0.03177424147725105,0.9326093792915344,True,t_post_inst,t_inst,False
R_control_preguard,R_role_assistant_vs_user@t_inst,11,0.4074,-0.1738896667957306,0.1738896667957306,0.03177424147725105,0.9367642402648926,True,t_post_inst,t_inst,False
R_control_preguard,R_role_assistant_vs_user@t_inst,12,0.4444,-0.19106483459472656,0.19106483459472656,0.03177424147725105,0.9398261904716492,True,t_post_inst,t_inst,False
R_control_preguard,R_role_assistant_vs_user@t_inst,13,0.4815,-0.16733750700950623,0.16733750700950623,0.03177424147725105,0.9602786302566528,True,t_post_inst,t_inst,False
R_control_preguard,R_role_assistant_vs_user@t_inst,14,0.5185,-0.05197955295443535,0.05197955295443535,0.03177424147725105,0.9714999198913574,True,t_post_inst,t_inst,False
R_control_preguard,R_role_assistant_vs_user@t_inst,15,0.5556,-0.03631596267223358,0.03631596267223358,0.03177424147725105,0.978169083595276,True,t_post_inst,t_inst,False
R_control_preguard,R_role_assistant_vs_user@t_inst,16,0.5926,0.0324765108525753,0.0324765108525753,0.03177424147725105,0.9821564555168152,True,t_post_inst,t_inst,False
R_control_preguard,R_role_assistant_vs_user@t_inst,17,0.6296,0.003866288810968399,0.003866288810968399,0.03177424147725105,0.9873798489570618,False,t_post_inst,t_inst,False
R_control_preguard,R_role_assistant_vs_user@t_inst,18,0.6667,0.12276609241962433,0.12276609241962433,0.03177424147725105,0.99052894115448,True,t_post_inst,t_inst,False
R_control_preguard,R_role_assistant_vs_user@t_inst,19,0.7037,0.15370409190654755,0.15370409190654755,0.03177424147725105,0.990919589996338,True,t_post_inst,t_inst,False
R_control_preguard,R_role_assistant_vs_user@t_inst,20,0.7407,0.23052412271499634,0.23052412271499634,0.03177424147725105,0.9926341772079468,True,t_post_inst,t_inst,False
R_control_preguard,R_role_assistant_vs_user@t_inst,21,0.7778,0.23672190308570862,0.23672190308570862,0.03177424147725105,0.9921881556510924,True,t_post_inst,t_inst,False
R_control_preguard,R_role_assistant_vs_user@t_inst,22,0.8148,0.20826736092567444,0.20826736092567444,0.03177424147725105,0.9914590716362,True,t_post_inst,t_inst,False
R_control_preguard,R_role_assistant_vs_user@t_inst,23,0.8519,0.19795885682106018,0.19795885682106018,0.03177424147725105,0.9925410151481628,True,t_post_inst,t_inst,False
R_control_preguard,R_role_assistant_vs_user@t_inst,24,0.8889,0.1905520260334015,0.1905520260334015,0.03177424147725105,0.992414116859436,True,t_post_inst,t_inst,False
R_control_preguard,R_role_assistant_vs_user@t_inst,25,0.9259,0.12934830784797668,0.12934830784797668,0.03177424147725105,0.9918650388717652,True,t_post_inst,t_inst,False
R_control_preguard,R_role_assistant_vs_user@t_inst,26,0.963,0.13418620824813843,0.13418620824813843,0.03177424147725105,0.9910866618156432,True,t_post_inst,t_inst,False
R_control_preguard,R_role_assistant_vs_user@t_inst,27,1.0,0.013813651166856289,0.013813651166856289,0.03177424147725105,0.9898391962051392,False,t_post_inst,t_inst,False
R_control_preguard,R_role_assistant_vs_user@t_post_inst,0,0.0,-0.03457432612776756,0.03457432612776756,0.03177424147725105,0.9362605810165404,True,t_post_inst,t_post_inst,True
R_control_preguard,R_role_assistant_vs_user@t_post_inst,1,0.037,-0.13482844829559326,0.13482844829559326,0.03177424147725105,0.9487547874450684,True,t_post_inst,t_post_inst,True
R_control_preguard,R_role_assistant_vs_user@t_post_inst,2,0.0741,-0.007902462035417557,0.007902462035417557,0.03177424147725105,0.9410561323165894,False,t_post_inst,t_post_inst,True
R_control_preguard,R_role_assistant_vs_user@t_post_inst,3,0.1111,0.2575798034667969,0.2575798034667969,0.03177424147725105,0.9430207014083862,True,t_post_inst,t_post_inst,True
R_control_preguard,R_role_assistant_vs_user@t_post_inst,4,0.1481,0.13722410798072815,0.13722410798072815,0.03177424147725105,0.9373507499694824,True,t_post_inst,t_post_inst,True
R_control_preguard,R_role_assistant_vs_user@t_post_inst,5,0.1852,0.0949447751045227,0.0949447751045227,0.03177424147725105,0.9400324821472168,True,t_post_inst,t_post_inst,True
R_control_preguard,R_role_assistant_vs_user@t_post_inst,6,0.2222,0.14082393050193787,0.14082393050193787,0.03177424147725105,0.9445250630378724,True,t_post_inst,t_post_inst,True
R_control_preguard,R_role_assistant_vs_user@t_post_inst,7,0.2593,0.12530386447906494,0.12530386447906494,0.03177424147725105,0.952067732810974,True,t_post_inst,t_post_inst,True
R_control_preguard,R_role_assistant_vs_user@t_post_inst,8,0.2963,0.07147736847400665,0.07147736847400665,0.03177424147725105,0.9469528198242188,True,t_post_inst,t_post_inst,True
R_control_preguard,R_role_assistant_vs_user@t_post_inst,9,0.3333,0.12173321098089218,0.12173321098089218,0.03177424147725105,0.9342767000198364,True,t_post_inst,t_post_inst,True
R_control_preguard,R_role_assistant_vs_user@t_post_inst,10,0.3704,0.03397296369075775,0.03397296369075775,0.03177424147725105,0.9326093792915344,True,t_post_inst,t_post_inst,True
R_control_preguard,R_role_assistant_vs_user@t_post_inst,11,0.4074,-0.008067699149250984,0.008067699149250984,0.03177424147725105,0.9367642402648926,False,t_post_inst,t_post_inst,True
R_control_preguard,R_role_assistant_vs_user@t_post_inst,12,0.4444,-0.059303849935531616,0.059303849935531616,0.03177424147725105,0.9398261904716492,True,t_post_inst,t_post_inst,True
R_control_preguard,R_role_assistant_vs_user@t_post_inst,13,0.4815,-0.1471027433872223,0.1471027433872223,0.03177424147725105,0.9602786302566528,True,t_post_inst,t_post_inst,True
R_control_preguard,R_role_assistant_vs_user@t_post_inst,14,0.5185,-0.06666478514671326,0.06666478514671326,0.03177424147725105,0.9714999198913574,True,t_post_inst,t_post_inst,True
R_control_preguard,R_role_assistant_vs_user@t_post_inst,15,0.5556,-0.09614405035972595,0.09614405035972595,0.03177424147725105,0.978169083595276,True,t_post_inst,t_post_inst,True
R_control_preguard,R_role_assistant_vs_user@t_post_inst,16,0.5926,-0.01238189171999693,0.01238189171999693,0.03177424147725105,0.9821564555168152,False,t_post_inst,t_post_inst,True
R_control_preguard,R_role_assistant_vs_user@t_post_inst,17,0.6296,0.012415998615324497,0.012415998615324497,0.03177424147725105,0.9873798489570618,False,t_post_inst,t_post_inst,True
R_control_preguard,R_role_assistant_vs_user@t_post_inst,18,0.6667,0.10238360613584518,0.10238360613584518,0.03177424147725105,0.99052894115448,True,t_post_inst,t_post_inst,True
R_control_preguard,R_role_assistant_vs_user@t_post_inst,19,0.7037,0.06543664634227753,0.06543664634227753,0.03177424147725105,0.990919589996338,True,t_post_inst,t_post_inst,True
R_control_preguard,R_role_assistant_vs_user@t_post_inst,20,0.7407,0.16151535511016846,0.16151535511016846,0.03177424147725105,0.9926341772079468,True,t_post_inst,t_post_inst,True
R_control_preguard,R_role_assistant_vs_user@t_post_inst,21,0.7778,0.20117439329624176,0.20117439329624176,0.03177424147725105,0.9921881556510924,True,t_post_inst,t_post_inst,True
R_control_preguard,R_role_assistant_vs_user@t_post_inst,22,0.8148,0.15881633758544922,0.15881633758544922,0.03177424147725105,0.9914590716362,True,t_post_inst,t_post_inst,True
R_control_preguard,R_role_assistant_vs_user@t_post_inst,23,0.8519,0.20410972833633423,0.20410972833633423,0.03177424147725105,0.9925410151481628,True,t_post_inst,t_post_inst,True
R_control_preguard,R_role_assistant_vs_user@t_post_inst,24,0.8889,0.24946027994155884,0.24946027994155884,0.03177424147725105,0.992414116859436,True,t_post_inst,t_post_inst,True
R_control_preguard,R_role_assistant_vs_user@t_post_inst,25,0.9259,0.22984835505485535,0.22984835505485535,0.03177424147725105,0.9918650388717652,True,t_post_inst,t_post_inst,True
R_control_preguard,R_role_assistant_vs_user@t_post_inst,26,0.963,0.18687590956687927,0.18687590956687927,0.03177424147725105,0.9910866618156432,True,t_post_inst,t_post_inst,True
R_control_preguard,R_role_assistant_vs_user@t_post_inst,27,1.0,0.12123703956604004,0.12123703956604004,0.03177424147725105,0.9898391962051392,True,t_post_inst,t_post_inst,True
R_control_preguard,R_role_system_vs_user@t_inst,0,0.0,0.14446765184402466,0.14446765184402466,0.03177424147725105,0.9362605810165404,True,t_post_inst,t_inst,False
R_control_preguard,R_role_system_vs_user@t_inst,1,0.037,0.29245778918266296,0.29245778918266296,0.03177424147725105,0.9487547874450684,True,t_post_inst,t_inst,False
R_control_preguard,R_role_system_vs_user@t_inst,2,0.0741,0.10914049297571182,0.10914049297571182,0.03177424147725105,0.9410561323165894,True,t_post_inst,t_inst,False
R_control_preguard,R_role_system_vs_user@t_inst,3,0.1111,-0.0814705640077591,0.0814705640077591,0.03177424147725105,0.9430207014083862,True,t_post_inst,t_inst,False
R_control_preguard,R_role_system_vs_user@t_inst,4,0.1481,-0.0357118658721447,0.0357118658721447,0.03177424147725105,0.9373507499694824,True,t_post_inst,t_inst,False
R_control_preguard,R_role_system_vs_user@t_inst,5,0.1852,-0.03500334918498993,0.03500334918498993,0.03177424147725105,0.9400324821472168,True,t_post_inst,t_inst,False
R_control_preguard,R_role_system_vs_user@t_inst,6,0.2222,-0.026105908676981926,0.026105908676981926,0.03177424147725105,0.9445250630378724,False,t_post_inst,t_inst,False
R_control_preguard,R_role_system_vs_user@t_inst,7,0.2593,-0.043467190116643906,0.043467190116643906,0.03177424147725105,0.952067732810974,True,t_post_inst,t_inst,False
R_control_preguard,R_role_system_vs_user@t_inst,8,0.2963,-0.0030315862968564034,0.0030315862968564034,0.03177424147725105,0.9469528198242188,False,t_post_inst,t_inst,False
R_control_preguard,R_role_system_vs_user@t_inst,9,0.3333,-0.0009267255663871765,0.0009267255663871765,0.03177424147725105,0.9342767000198364,False,t_post_inst,t_inst,False
R_control_preguard,R_role_system_vs_user@t_inst,10,0.3704,0.013237127102911472,0.013237127102911472,0.03177424147725105,0.9326093792915344,False,t_post_inst,t_inst,False
R_control_preguard,R_role_system_vs_user@t_inst,11,0.4074,0.020768914371728897,0.020768914371728897,0.03177424147725105,0.9367642402648926,False,t_post_inst,t_inst,False
R_control_preguard,R_role_system_vs_user@t_inst,12,0.4444,-0.010388664901256561,0.010388664901256561,0.03177424147725105,0.9398261904716492,False,t_post_inst,t_inst,False
R_control_preguard,R_role_system_vs_user@t_inst,13,0.4815,0.0002921922132372856,0.0002921922132372856,0.03177424147725105,0.9602786302566528,False,t_post_inst,t_inst,False
R_control_preguard,R_role_system_vs_user@t_inst,14,0.5185,0.0422288253903389,0.0422288253903389,0.03177424147725105,0.9714999198913574,True,t_post_inst,t_inst,False
R_control_preguard,R_role_system_vs_user@t_inst,15,0.5556,-0.012030772864818573,0.012030772864818573,0.03177424147725105,0.978169083595276,False,t_post_inst,t_inst,False
R_control_preguard,R_role_system_vs_user@t_inst,16,0.5926,0.008501274511218071,0.008501274511218071,0.03177424147725105,0.9821564555168152,False,t_post_inst,t_inst,False
R_control_preguard,R_role_system_vs_user@t_inst,17,0.6296,-0.044367365539073944,0.044367365539073944,0.03177424147725105,0.9873798489570618,True,t_post_inst,t_inst,False
R_control_preguard,R_role_system_vs_user@t_inst,18,0.6667,0.04022769629955292,0.04022769629955292,0.03177424147725105,0.99052894115448,True,t_post_inst,t_inst,False
R_control_preguard,R_role_system_vs_user@t_inst,19,0.7037,0.05038376897573471,0.05038376897573471,0.03177424147725105,0.990919589996338,True,t_post_inst,t_inst,False
R_control_preguard,R_role_system_vs_user@t_inst,20,0.7407,0.04446140676736832,0.04446140676736832,0.03177424147725105,0.9926341772079468,True,t_post_inst,t_inst,False
R_control_preguard,R_role_system_vs_user@t_inst,21,0.7778,0.03120262548327446,0.03120262548327446,0.03177424147725105,0.9921881556510924,False,t_post_inst,t_inst,False
R_control_preguard,R_role_system_vs_user@t_inst,22,0.8148,0.016063597053289413,0.016063597053289413,0.03177424147725105,0.9914590716362,False,t_post_inst,t_inst,False
R_control_preguard,R_role_system_vs_user@t_inst,23,0.8519,0.04619714617729187,0.04619714617729187,0.03177424147725105,0.9925410151481628,True,t_post_inst,t_inst,False
R_control_preguard,R_role_system_vs_user@t_inst,24,0.8889,0.03995325416326523,0.03995325416326523,0.03177424147725105,0.992414116859436,True,t_post_inst,t_inst,False
R_control_preguard,R_role_system_vs_user@t_inst,25,0.9259,0.003333830274641514,0.003333830274641514,0.03177424147725105,0.9918650388717652,False,t_post_inst,t_inst,False
R_control_preguard,R_role_system_vs_user@t_inst,26,0.963,-0.021305251866579056,0.021305251866579056,0.03177424147725105,0.9910866618156432,False,t_post_inst,t_inst,False
R_control_preguard,R_role_system_vs_user@t_inst,27,1.0,-0.04442281648516655,0.04442281648516655,0.03177424147725105,0.9898391962051392,True,t_post_inst,t_inst,False
R_control_preguard,R_role_system_vs_user@t_post_inst,0,0.0,0.07593032717704773,0.07593032717704773,0.03177424147725105,0.9362605810165404,True,t_post_inst,t_post_inst,True
R_control_preguard,R_role_system_vs_user@t_post_inst,1,0.037,-0.06795541942119598,0.06795541942119598,0.03177424147725105,0.9487547874450684,True,t_post_inst,t_post_inst,True
R_control_preguard,R_role_system_vs_user@t_post_inst,2,0.0741,0.0944206565618515,0.0944206565618515,0.03177424147725105,0.9410561323165894,True,t_post_inst,t_post_inst,True
R_control_preguard,R_role_system_vs_user@t_post_inst,3,0.1111,0.2661743760108948,0.2661743760108948,0.03177424147725105,0.9430207014083862,True,t_post_inst,t_post_inst,True
R_control_preguard,R_role_system_vs_user@t_post_inst,4,0.1481,0.1827094852924347,0.1827094852924347,0.03177424147725105,0.9373507499694824,True,t_post_inst,t_post_inst,True
R_control_preguard,R_role_system_vs_user@t_post_inst,5,0.1852,0.059236954897642136,0.059236954897642136,0.03177424147725105,0.9400324821472168,True,t_post_inst,t_post_inst,True
R_control_preguard,R_role_system_vs_user@t_post_inst,6,0.2222,0.028944730758666992,0.028944730758666992,0.03177424147725105,0.9445250630378724,False,t_post_inst,t_post_inst,True
R_control_preguard,R_role_system_vs_user@t_post_inst,7,0.2593,-0.13178077340126038,0.13178077340126038,0.03177424147725105,0.952067732810974,True,t_post_inst,t_post_inst,True
R_control_preguard,R_role_system_vs_user@t_post_inst,8,0.2963,-0.1854146271944046,0.1854146271944046,0.03177424147725105,0.9469528198242188,True,t_post_inst,t_post_inst,True
R_control_preguard,R_role_system_vs_user@t_post_inst,9,0.3333,-0.10495132207870483,0.10495132207870483,0.03177424147725105,0.9342767000198364,True,t_post_inst,t_post_inst,True
R_control_preguard,R_role_system_vs_user@t_post_inst,10,0.3704,-0.12427639961242676,0.12427639961242676,0.03177424147725105,0.9326093792915344,True,t_post_inst,t_post_inst,True
R_control_preguard,R_role_system_vs_user@t_post_inst,11,0.4074,-0.10908106714487076,0.10908106714487076,0.03177424147725105,0.9367642402648926,True,t_post_inst,t_post_inst,True
R_control_preguard,R_role_system_vs_user@t_post_inst,12,0.4444,-0.13219024240970612,0.13219024240970612,0.03177424147725105,0.9398261904716492,True,t_post_inst,t_post_inst,True
R_control_preguard,R_role_system_vs_user@t_post_inst,13,0.4815,-0.2333652675151825,0.2333652675151825,0.03177424147725105,0.9602786302566528,True,t_post_inst,t_post_inst,True
R_control_preguard,R_role_system_vs_user@t_post_inst,14,0.5185,-0.1619555652141571,0.1619555652141571,0.03177424147725105,0.9714999198913574,True,t_post_inst,t_post_inst,True
R_control_preguard,R_role_system_vs_user@t_post_inst,15,0.5556,-0.1722501963376999,0.1722501963376999,0.03177424147725105,0.978169083595276,True,t_post_inst,t_post_inst,True
R_control_preguard,R_role_system_vs_user@t_post_inst,16,0.5926,-0.10198886692523956,0.10198886692523956,0.03177424147725105,0.9821564555168152,True,t_post_inst,t_post_inst,True
R_control_preguard,R_role_system_vs_user@t_post_inst,17,0.6296,-0.1375345140695572,0.1375345140695572,0.03177424147725105,0.9873798489570618,True,t_post_inst,t_post_inst,True
R_control_preguard,R_role_system_vs_user@t_post_inst,18,0.6667,-0.10632330179214478,0.10632330179214478,0.03177424147725105,0.99052894115448,True,t_post_inst,t_post_inst,True
R_control_preguard,R_role_system_vs_user@t_post_inst,19,0.7037,-0.12546288967132568,0.12546288967132568,0.03177424147725105,0.990919589996338,True,t_post_inst,t_post_inst,True
R_control_preguard,R_role_system_vs_user@t_post_inst,20,0.7407,-0.13893991708755493,0.13893991708755493,0.03177424147725105,0.9926341772079468,True,t_post_inst,t_post_inst,True
R_control_preguard,R_role_system_vs_user@t_post_inst,21,0.7778,-0.160180002450943,0.160180002450943,0.03177424147725105,0.9921881556510924,True,t_post_inst,t_post_inst,True
R_control_preguard,R_role_system_vs_user@t_post_inst,22,0.8148,-0.19974371790885925,0.19974371790885925,0.03177424147725105,0.9914590716362,True,t_post_inst,t_post_inst,True
R_control_preguard,R_role_system_vs_user@t_post_inst,23,0.8519,-0.19859078526496887,0.19859078526496887,0.03177424147725105,0.9925410151481628,True,t_post_inst,t_post_inst,True
R_control_preguard,R_role_system_vs_user@t_post_inst,24,0.8889,-0.20781110227108002,0.20781110227108002,0.03177424147725105,0.992414116859436,True,t_post_inst,t_post_inst,True
R_control_preguard,R_role_system_vs_user@t_post_inst,25,0.9259,-0.16290761530399323,0.16290761530399323,0.03177424147725105,0.9918650388717652,True,t_post_inst,t_post_inst,True
R_control_preguard,R_role_system_vs_user@t_post_inst,26,0.963,-0.20165230333805084,0.20165230333805084,0.03177424147725105,0.9910866618156432,True,t_post_inst,t_post_inst,True
R_control_preguard,R_role_system_vs_user@t_post_inst,27,1.0,-0.2616552710533142,0.2616552710533142,0.03177424147725105,0.9898391962051392,True,t_post_inst,t_post_inst,True
R_control_preguard,R_role_tool_vs_user@t_inst,0,0.0,0.1483486294746399,0.1483486294746399,0.03177424147725105,0.9362605810165404,True,t_post_inst,t_inst,False
R_control_preguard,R_role_tool_vs_user@t_inst,1,0.037,-0.060186076909303665,0.060186076909303665,0.03177424147725105,0.9487547874450684,True,t_post_inst,t_inst,False
R_control_preguard,R_role_tool_vs_user@t_inst,2,0.0741,-0.002671249210834503,0.002671249210834503,0.03177424147725105,0.9410561323165894,False,t_post_inst,t_inst,False
R_control_preguard,R_role_tool_vs_user@t_inst,3,0.1111,0.07269079983234406,0.07269079983234406,0.03177424147725105,0.9430207014083862,True,t_post_inst,t_inst,False
R_control_preguard,R_role_tool_vs_user@t_inst,4,0.1481,0.004414346069097519,0.004414346069097519,0.03177424147725105,0.9373507499694824,False,t_post_inst,t_inst,False
R_control_preguard,R_role_tool_vs_user@t_inst,5,0.1852,0.013377068564295769,0.013377068564295769,0.03177424147725105,0.9400324821472168,False,t_post_inst,t_inst,False
R_control_preguard,R_role_tool_vs_user@t_inst,6,0.2222,0.014241275377571583,0.014241275377571583,0.03177424147725105,0.9445250630378724,False,t_post_inst,t_inst,False
R_control_preguard,R_role_tool_vs_user@t_inst,7,0.2593,-0.006793467327952385,0.006793467327952385,0.03177424147725105,0.952067732810974,False,t_post_inst,t_inst,False
R_control_preguard,R_role_tool_vs_user@t_inst,8,0.2963,-0.021773742511868477,0.021773742511868477,0.03177424147725105,0.9469528198242188,False,t_post_inst,t_inst,False
R_control_preguard,R_role_tool_vs_user@t_inst,9,0.3333,-0.0305363517254591,0.0305363517254591,0.03177424147725105,0.9342767000198364,False,t_post_inst,t_inst,False
R_control_preguard,R_role_tool_vs_user@t_inst,10,0.3704,-0.022249242290854454,0.022249242290854454,0.03177424147725105,0.9326093792915344,False,t_post_inst,t_inst,False
R_control_preguard,R_role_tool_vs_user@t_inst,11,0.4074,-0.045145273208618164,0.045145273208618164,0.03177424147725105,0.9367642402648926,True,t_post_inst,t_inst,False
R_control_preguard,R_role_tool_vs_user@t_inst,12,0.4444,-0.051714569330215454,0.051714569330215454,0.03177424147725105,0.9398261904716492,True,t_post_inst,t_inst,False
R_control_preguard,R_role_tool_vs_user@t_inst,13,0.4815,-0.047844454646110535,0.047844454646110535,0.03177424147725105,0.9602786302566528,True,t_post_inst,t_inst,False
R_control_preguard,R_role_tool_vs_user@t_inst,14,0.5185,-0.011296778917312622,0.011296778917312622,0.03177424147725105,0.9714999198913574,False,t_post_inst,t_inst,False
R_control_preguard,R_role_tool_vs_user@t_inst,15,0.5556,-0.008596677333116531,0.008596677333116531,0.03177424147725105,0.978169083595276,False,t_post_inst,t_inst,False
R_control_preguard,R_role_tool_vs_user@t_inst,16,0.5926,0.02269560471177101,0.02269560471177101,0.03177424147725105,0.9821564555168152,False,t_post_inst,t_inst,False
R_control_preguard,R_role_tool_vs_user@t_inst,17,0.6296,0.00796739012002945,0.00796739012002945,0.03177424147725105,0.9873798489570618,False,t_post_inst,t_inst,False
R_control_preguard,R_role_tool_vs_user@t_inst,18,0.6667,0.052629925310611725,0.052629925310611725,0.03177424147725105,0.99052894115448,True,t_post_inst,t_inst,False
R_control_preguard,R_role_tool_vs_user@t_inst,19,0.7037,0.03402586653828621,0.03402586653828621,0.03177424147725105,0.990919589996338,True,t_post_inst,t_inst,False
R_control_preguard,R_role_tool_vs_user@t_inst,20,0.7407,0.06256852298974991,0.06256852298974991,0.03177424147725105,0.9926341772079468,True,t_post_inst,t_inst,False
R_control_preguard,R_role_tool_vs_user@t_inst,21,0.7778,0.04149678722023964,0.04149678722023964,0.03177424147725105,0.9921881556510924,True,t_post_inst,t_inst,False
R_control_preguard,R_role_tool_vs_user@t_inst,22,0.8148,0.08460713922977448,0.08460713922977448,0.03177424147725105,0.9914590716362,True,t_post_inst,t_inst,False
R_control_preguard,R_role_tool_vs_user@t_inst,23,0.8519,0.05549529194831848,0.05549529194831848,0.03177424147725105,0.9925410151481628,True,t_post_inst,t_inst,False
R_control_preguard,R_role_tool_vs_user@t_inst,24,0.8889,0.09350811690092087,0.09350811690092087,0.03177424147725105,0.992414116859436,True,t_post_inst,t_inst,False
R_control_preguard,R_role_tool_vs_user@t_inst,25,0.9259,0.03187245875597,0.03187245875597,0.03177424147725105,0.9918650388717652,True,t_post_inst,t_inst,False
R_control_preguard,R_role_tool_vs_user@t_inst,26,0.963,-0.011923992075026035,0.011923992075026035,0.03177424147725105,0.9910866618156432,False,t_post_inst,t_inst,False
R_control_preguard,R_role_tool_vs_user@t_inst,27,1.0,-0.028648395091295242,0.028648395091295242,0.03177424147725105,0.9898391962051392,False,t_post_inst,t_inst,False
R_control_preguard,R_role_tool_vs_user@t_post_inst,0,0.0,0.0626925453543663,0.0626925453543663,0.03177424147725105,0.9362605810165404,True,t_post_inst,t_post_inst,True
R_control_preguard,R_role_tool_vs_user@t_post_inst,1,0.037,-0.029439589008688927,0.029439589008688927,0.03177424147725105,0.9487547874450684,False,t_post_inst,t_post_inst,True
R_control_preguard,R_role_tool_vs_user@t_post_inst,2,0.0741,-0.026364924386143684,0.026364924386143684,0.03177424147725105,0.9410561323165894,False,t_post_inst,t_post_inst,True
R_control_preguard,R_role_tool_vs_user@t_post_inst,3,0.1111,0.12304116040468216,0.12304116040468216,0.03177424147725105,0.9430207014083862,True,t_post_inst,t_post_inst,True
R_control_preguard,R_role_tool_vs_user@t_post_inst,4,0.1481,-0.038491226732730865,0.038491226732730865,0.03177424147725105,0.9373507499694824,True,t_post_inst,t_post_inst,True
R_control_preguard,R_role_tool_vs_user@t_post_inst,5,0.1852,0.0002971808426082134,0.0002971808426082134,0.03177424147725105,0.9400324821472168,False,t_post_inst,t_post_inst,True
R_control_preguard,R_role_tool_vs_user@t_post_inst,6,0.2222,-0.026126299053430557,0.026126299053430557,0.03177424147725105,0.9445250630378724,False,t_post_inst,t_post_inst,True
R_control_preguard,R_role_tool_vs_user@t_post_inst,7,0.2593,-0.16550174355506897,0.16550174355506897,0.03177424147725105,0.952067732810974,True,t_post_inst,t_post_inst,True
R_control_preguard,R_role_tool_vs_user@t_post_inst,8,0.2963,-0.26903587579727173,0.26903587579727173,0.03177424147725105,0.9469528198242188,True,t_post_inst,t_post_inst,True
R_control_preguard,R_role_tool_vs_user@t_post_inst,9,0.3333,-0.3104240894317627,0.3104240894317627,0.03177424147725105,0.9342767000198364,True,t_post_inst,t_post_inst,True
R_control_preguard,R_role_tool_vs_user@t_post_inst,10,0.3704,-0.3761548399925232,0.3761548399925232,0.03177424147725105,0.9326093792915344,True,t_post_inst,t_post_inst,True
R_control_preguard,R_role_tool_vs_user@t_post_inst,11,0.4074,-0.3650992512702942,0.3650992512702942,0.03177424147725105,0.9367642402648926,True,t_post_inst,t_post_inst,True
R_control_preguard,R_role_tool_vs_user@t_post_inst,12,0.4444,-0.3775525689125061,0.3775525689125061,0.03177424147725105,0.9398261904716492,True,t_post_inst,t_post_inst,True
R_control_preguard,R_role_tool_vs_user@t_post_inst,13,0.4815,-0.3623206913471222,0.3623206913471222,0.03177424147725105,0.9602786302566528,True,t_post_inst,t_post_inst,True
R_control_preguard,R_role_tool_vs_user@t_post_inst,14,0.5185,-0.2753075957298279,0.2753075957298279,0.03177424147725105,0.9714999198913574,True,t_post_inst,t_post_inst,True
R_control_preguard,R_role_tool_vs_user@t_post_inst,15,0.5556,-0.2879169285297394,0.2879169285297394,0.03177424147725105,0.978169083595276,True,t_post_inst,t_post_inst,True
R_control_preguard,R_role_tool_vs_user@t_post_inst,16,0.5926,-0.26195254921913147,0.26195254921913147,0.03177424147725105,0.9821564555168152,True,t_post_inst,t_post_inst,True
R_control_preguard,R_role_tool_vs_user@t_post_inst,17,0.6296,-0.2688930928707123,0.2688930928707123,0.03177424147725105,0.9873798489570618,True,t_post_inst,t_post_inst,True
R_control_preguard,R_role_tool_vs_user@t_post_inst,18,0.6667,-0.009610219858586788,0.009610219858586788,0.03177424147725105,0.99052894115448,False,t_post_inst,t_post_inst,True
R_control_preguard,R_role_tool_vs_user@t_post_inst,19,0.7037,-0.02131860889494419,0.02131860889494419,0.03177424147725105,0.990919589996338,False,t_post_inst,t_post_inst,True
R_control_preguard,R_role_tool_vs_user@t_post_inst,20,0.7407,0.09885653108358383,0.09885653108358383,0.03177424147725105,0.9926341772079468,True,t_post_inst,t_post_inst,True
R_control_preguard,R_role_tool_vs_user@t_post_inst,21,0.7778,0.1344796121120453,0.1344796121120453,0.03177424147725105,0.9921881556510924,True,t_post_inst,t_post_inst,True
R_control_preguard,R_role_tool_vs_user@t_post_inst,22,0.8148,0.11156008392572403,0.11156008392572403,0.03177424147725105,0.9914590716362,True,t_post_inst,t_post_inst,True
R_control_preguard,R_role_tool_vs_user@t_post_inst,23,0.8519,0.16586562991142273,0.16586562991142273,0.03177424147725105,0.9925410151481628,True,t_post_inst,t_post_inst,True
R_control_preguard,R_role_tool_vs_user@t_post_inst,24,0.8889,0.18764586746692657,0.18764586746692657,0.03177424147725105,0.992414116859436,True,t_post_inst,t_post_inst,True
R_control_preguard,R_role_tool_vs_user@t_post_inst,25,0.9259,0.17765730619430542,0.17765730619430542,0.03177424147725105,0.9918650388717652,True,t_post_inst,t_post_inst,True
R_control_preguard,R_role_tool_vs_user@t_post_inst,26,0.963,0.15838667750358582,0.15838667750358582,0.03177424147725105,0.9910866618156432,True,t_post_inst,t_post_inst,True
R_control_preguard,R_role_tool_vs_user@t_post_inst,27,1.0,0.08877463638782501,0.08877463638782501,0.03177424147725105,0.9898391962051392,True,t_post_inst,t_post_inst,True
R_control_unbalanced,R_harm,0,0.0,-0.09523091465234756,0.09523091465234756,0.03177424147725105,0.8176876306533813,True,t_post_inst,t_inst,False
R_control_unbalanced,R_harm,1,0.037,-0.2092723250389099,0.2092723250389099,0.03177424147725105,0.7986767292022705,True,t_post_inst,t_inst,False
R_control_unbalanced,R_harm,2,0.0741,-0.09690580517053604,0.09690580517053604,0.03177424147725105,0.7883531451225281,True,t_post_inst,t_inst,False
R_control_unbalanced,R_harm,3,0.1111,0.02105712890625,0.02105712890625,0.03177424147725105,0.785489022731781,False,t_post_inst,t_inst,False
R_control_unbalanced,R_harm,4,0.1481,-0.07030685245990753,0.07030685245990753,0.03177424147725105,0.753086507320404,True,t_post_inst,t_inst,False
R_control_unbalanced,R_harm,5,0.1852,-0.058804210275411606,0.058804210275411606,0.03177424147725105,0.7868976593017578,True,t_post_inst,t_inst,False
R_control_unbalanced,R_harm,6,0.2222,-0.04668235778808594,0.04668235778808594,0.03177424147725105,0.7863998413085938,True,t_post_inst,t_inst,False
R_control_unbalanced,R_harm,7,0.2593,-0.03272695094347,0.03272695094347,0.03177424147725105,0.8047207593917847,True,t_post_inst,t_inst,False
R_control_unbalanced,R_harm,8,0.2963,-0.027720583602786064,0.027720583602786064,0.03177424147725105,0.7871332764625549,False,t_post_inst,t_inst,False
R_control_unbalanced,R_harm,9,0.3333,-0.008329464122653008,0.008329464122653008,0.03177424147725105,0.7257104516029358,False,t_post_inst,t_inst,False
R_control_unbalanced,R_harm,10,0.3704,0.010341145098209381,0.010341145098209381,0.03177424147725105,0.6949610114097595,False,t_post_inst,t_inst,False
R_control_unbalanced,R_harm,11,0.4074,-0.01349168922752142,0.01349168922752142,0.03177424147725105,0.7108584642410278,False,t_post_inst,t_inst,False
R_control_unbalanced,R_harm,12,0.4444,0.042663682252168655,0.042663682252168655,0.03177424147725105,0.7406391501426697,True,t_post_inst,t_inst,False
R_control_unbalanced,R_harm,13,0.4815,0.11971402168273926,0.11971402168273926,0.03177424147725105,0.8459548950195312,True,t_post_inst,t_inst,False
R_control_unbalanced,R_harm,14,0.5185,0.1598498821258545,0.1598498821258545,0.03177424147725105,0.9107562303543092,True,t_post_inst,t_inst,False
R_control_unbalanced,R_harm,15,0.5556,0.19406238198280334,0.19406238198280334,0.03177424147725105,0.9355207681655884,True,t_post_inst,t_inst,False
R_control_unbalanced,R_harm,16,0.5926,0.22500336170196533,0.22500336170196533,0.03177424147725105,0.9529460668563844,True,t_post_inst,t_inst,False
R_control_unbalanced,R_harm,17,0.6296,0.2150849550962448,0.2150849550962448,0.03177424147725105,0.9673070907592772,True,t_post_inst,t_inst,False
R_control_unbalanced,R_harm,18,0.6667,0.19257064163684845,0.19257064163684845,0.03177424147725105,0.9780305027961732,True,t_post_inst,t_inst,False
R_control_unbalanced,R_harm,19,0.7037,0.16489103436470032,0.16489103436470032,0.03177424147725105,0.979722023010254,True,t_post_inst,t_inst,False
R_control_unbalanced,R_harm,20,0.7407,0.12221383303403854,0.12221383303403854,0.03177424147725105,0.9849660992622375,True,t_post_inst,t_inst,False
R_control_unbalanced,R_harm,21,0.7778,0.10301302373409271,0.10301302373409271,0.03177424147725105,0.9840288162231444,True,t_post_inst,t_inst,False
R_control_unbalanced,R_harm,22,0.8148,0.15905766189098358,0.15905766189098358,0.03177424147725105,0.9824112057685852,True,t_post_inst,t_inst,False
R_control_unbalanced,R_harm,23,0.8519,0.15138305723667145,0.15138305723667145,0.03177424147725105,0.9843991994857788,True,t_post_inst,t_inst,False
R_control_unbalanced,R_harm,24,0.8889,0.1640588939189911,0.1640588939189911,0.03177424147725105,0.983230471611023,True,t_post_inst,t_inst,False
R_control_unbalanced,R_harm,25,0.9259,0.14031314849853516,0.14031314849853516,0.03177424147725105,0.9822422862052916,True,t_post_inst,t_inst,False
R_control_unbalanced,R_harm,26,0.963,0.13624602556228638,0.13624602556228638,0.03177424147725105,0.979396641254425,True,t_post_inst,t_inst,False
R_control_unbalanced,R_harm,27,1.0,0.19262608885765076,0.19262608885765076,0.03177424147725105,0.9756532907485962,True,t_post_inst,t_inst,False
R_control_unbalanced,R_harm_at_post,0,0.0,-0.08848421275615692,0.08848421275615692,0.03177424147725105,0.8176876306533813,True,t_post_inst,t_post_inst,True
R_control_unbalanced,R_harm_at_post,1,0.037,-0.009801717475056648,0.009801717475056648,0.03177424147725105,0.7986767292022705,False,t_post_inst,t_post_inst,True
R_control_unbalanced,R_harm_at_post,2,0.0741,0.05074416100978851,0.05074416100978851,0.03177424147725105,0.7883531451225281,True,t_post_inst,t_post_inst,True
R_control_unbalanced,R_harm_at_post,3,0.1111,0.07058065384626389,0.07058065384626389,0.03177424147725105,0.785489022731781,True,t_post_inst,t_post_inst,True
R_control_unbalanced,R_harm_at_post,4,0.1481,0.08897165954113007,0.08897165954113007,0.03177424147725105,0.753086507320404,True,t_post_inst,t_post_inst,True
R_control_unbalanced,R_harm_at_post,5,0.1852,0.152787983417511,0.152787983417511,0.03177424147725105,0.7868976593017578,True,t_post_inst,t_post_inst,True
R_control_unbalanced,R_harm_at_post,6,0.2222,0.1552937626838684,0.1552937626838684,0.03177424147725105,0.7863998413085938,True,t_post_inst,t_post_inst,True
R_control_unbalanced,R_harm_at_post,7,0.2593,0.22994524240493774,0.22994524240493774,0.03177424147725105,0.8047207593917847,True,t_post_inst,t_post_inst,True
R_control_unbalanced,R_harm_at_post,8,0.2963,0.2185172438621521,0.2185172438621521,0.03177424147725105,0.7871332764625549,True,t_post_inst,t_post_inst,True
R_control_unbalanced,R_harm_at_post,9,0.3333,0.13222908973693848,0.13222908973693848,0.03177424147725105,0.7257104516029358,True,t_post_inst,t_post_inst,True
R_control_unbalanced,R_harm_at_post,10,0.3704,0.02532229572534561,0.02532229572534561,0.03177424147725105,0.6949610114097595,False,t_post_inst,t_post_inst,True
R_control_unbalanced,R_harm_at_post,11,0.4074,0.07695449888706207,0.07695449888706207,0.03177424147725105,0.7108584642410278,True,t_post_inst,t_post_inst,True
R_control_unbalanced,R_harm_at_post,12,0.4444,0.08975182473659515,0.08975182473659515,0.03177424147725105,0.7406391501426697,True,t_post_inst,t_post_inst,True
R_control_unbalanced,R_harm_at_post,13,0.4815,0.29519104957580566,0.29519104957580566,0.03177424147725105,0.8459548950195312,True,t_post_inst,t_post_inst,True
R_control_unbalanced,R_harm_at_post,14,0.5185,0.4367373585700989,0.4367373585700989,0.03177424147725105,0.9107562303543092,True,t_post_inst,t_post_inst,True
R_control_unbalanced,R_harm_at_post,15,0.5556,0.533730685710907,0.533730685710907,0.03177424147725105,0.9355207681655884,True,t_post_inst,t_post_inst,True
R_control_unbalanced,R_harm_at_post,16,0.5926,0.6196934580802917,0.6196934580802917,0.03177424147725105,0.9529460668563844,True,t_post_inst,t_post_inst,True
R_control_unbalanced,R_harm_at_post,17,0.6296,0.6896517276763916,0.6896517276763916,0.03177424147725105,0.9673070907592772,True,t_post_inst,t_post_inst,True
R_control_unbalanced,R_harm_at_post,18,0.6667,0.7819754481315613,0.7819754481315613,0.03177424147725105,0.9780305027961732,True,t_post_inst,t_post_inst,True
R_control_unbalanced,R_harm_at_post,19,0.7037,0.7953647375106812,0.7953647375106812,0.03177424147725105,0.979722023010254,True,t_post_inst,t_post_inst,True
R_control_unbalanced,R_harm_at_post,20,0.7407,0.8151388168334961,0.8151388168334961,0.03177424147725105,0.9849660992622375,True,t_post_inst,t_post_inst,True
R_control_unbalanced,R_harm_at_post,21,0.7778,0.7985246777534485,0.7985246777534485,0.03177424147725105,0.9840288162231444,True,t_post_inst,t_post_inst,True
R_control_unbalanced,R_harm_at_post,22,0.8148,0.7986912727355957,0.7986912727355957,0.03177424147725105,0.9824112057685852,True,t_post_inst,t_post_inst,True
R_control_unbalanced,R_harm_at_post,23,0.8519,0.8305901288986206,0.8305901288986206,0.03177424147725105,0.9843991994857788,True,t_post_inst,t_post_inst,True
R_control_unbalanced,R_harm_at_post,24,0.8889,0.8345805406570435,0.8345805406570435,0.03177424147725105,0.983230471611023,True,t_post_inst,t_post_inst,True
R_control_unbalanced,R_harm_at_post,25,0.9259,0.825953483581543,0.825953483581543,0.03177424147725105,0.9822422862052916,True,t_post_inst,t_post_inst,True
R_control_unbalanced,R_harm_at_post,26,0.963,0.8136259317398071,0.8136259317398071,0.03177424147725105,0.979396641254425,True,t_post_inst,t_post_inst,True
R_control_unbalanced,R_harm_at_post,27,1.0,0.7842328548431396,0.7842328548431396,0.03177424147725105,0.9756532907485962,True,t_post_inst,t_post_inst,True
R_control_unbalanced,R_harm_user,0,0.0,-0.07152391225099564,0.07152391225099564,0.03177424147725105,0.8176876306533813,True,t_post_inst,t_inst,False
R_control_unbalanced,R_harm_user,1,0.037,-0.1899442821741104,0.1899442821741104,0.03177424147725105,0.7986767292022705,True,t_post_inst,t_inst,False
R_control_unbalanced,R_harm_user,2,0.0741,-0.0897117406129837,0.0897117406129837,0.03177424147725105,0.7883531451225281,True,t_post_inst,t_inst,False
R_control_unbalanced,R_harm_user,3,0.1111,0.027505867183208466,0.027505867183208466,0.03177424147725105,0.785489022731781,False,t_post_inst,t_inst,False
R_control_unbalanced,R_harm_user,4,0.1481,-0.07373369485139847,0.07373369485139847,0.03177424147725105,0.753086507320404,True,t_post_inst,t_inst,False
R_control_unbalanced,R_harm_user,5,0.1852,-0.04819134622812271,0.04819134622812271,0.03177424147725105,0.7868976593017578,True,t_post_inst,t_inst,False
R_control_unbalanced,R_harm_user,6,0.2222,-0.04268120974302292,0.04268120974302292,0.03177424147725105,0.7863998413085938,True,t_post_inst,t_inst,False
R_control_unbalanced,R_harm_user,7,0.2593,-0.03723834455013275,0.03723834455013275,0.03177424147725105,0.8047207593917847,True,t_post_inst,t_inst,False
R_control_unbalanced,R_harm_user,8,0.2963,-0.029932092875242233,0.029932092875242233,0.03177424147725105,0.7871332764625549,False,t_post_inst,t_inst,False
R_control_unbalanced,R_harm_user,9,0.3333,-0.0044351983815431595,0.0044351983815431595,0.03177424147725105,0.7257104516029358,False,t_post_inst,t_inst,False
R_control_unbalanced,R_harm_user,10,0.3704,0.010999883525073528,0.010999883525073528,0.03177424147725105,0.6949610114097595,False,t_post_inst,t_inst,False
R_control_unbalanced,R_harm_user,11,0.4074,-0.01795537769794464,0.01795537769794464,0.03177424147725105,0.7108584642410278,False,t_post_inst,t_inst,False
R_control_unbalanced,R_harm_user,12,0.4444,0.0298355370759964,0.0298355370759964,0.03177424147725105,0.7406391501426697,False,t_post_inst,t_inst,False
R_control_unbalanced,R_harm_user,13,0.4815,0.11511409282684326,0.11511409282684326,0.03177424147725105,0.8459548950195312,True,t_post_inst,t_inst,False
R_control_unbalanced,R_harm_user,14,0.5185,0.15655308961868286,0.15655308961868286,0.03177424147725105,0.9107562303543092,True,t_post_inst,t_inst,False
R_control_unbalanced,R_harm_user,15,0.5556,0.18821710348129272,0.18821710348129272,0.03177424147725105,0.9355207681655884,True,t_post_inst,t_inst,False
R_control_unbalanced,R_harm_user,16,0.5926,0.21965982019901276,0.21965982019901276,0.03177424147725105,0.9529460668563844,True,t_post_inst,t_inst,False
R_control_unbalanced,R_harm_user,17,0.6296,0.19863101840019226,0.19863101840019226,0.03177424147725105,0.9673070907592772,True,t_post_inst,t_inst,False
R_control_unbalanced,R_harm_user,18,0.6667,0.1925351768732071,0.1925351768732071,0.03177424147725105,0.9726054072380066,True,t_post_inst,t_inst,False
R_control_unbalanced,R_harm_user,19,0.7037,0.15287798643112183,0.15287798643112183,0.03177424147725105,0.974351406097412,True,t_post_inst,t_inst,False
R_control_unbalanced,R_harm_user,20,0.7407,0.11608170717954636,0.11608170717954636,0.03177424147725105,0.9742386937141418,True,t_post_inst,t_inst,False
R_control_unbalanced,R_harm_user,21,0.7778,0.09204401075839996,0.09204401075839996,0.03177424147725105,0.9745514988899232,True,t_post_inst,t_inst,False
R_control_unbalanced,R_harm_user,22,0.8148,0.14384159445762634,0.14384159445762634,0.03177424147725105,0.9723834991455078,True,t_post_inst,t_inst,False
R_control_unbalanced,R_harm_user,23,0.8519,0.1484874188899994,0.1484874188899994,0.03177424147725105,0.9680925607681274,True,t_post_inst,t_inst,False
R_control_unbalanced,R_harm_user,24,0.8889,0.1717347800731659,0.1717347800731659,0.03177424147725105,0.9682137370109558,True,t_post_inst,t_inst,False
R_control_unbalanced,R_harm_user,25,0.9259,0.12490846961736679,0.12490846961736679,0.03177424147725105,0.968677818775177,True,t_post_inst,t_inst,False
R_control_unbalanced,R_harm_user,26,0.963,0.09971845895051956,0.09971845895051956,0.03177424147725105,0.9732897877693176,True,t_post_inst,t_inst,False
R_control_unbalanced,R_harm_user,27,1.0,0.09856700152158737,0.09856700152158737,0.03177424147725105,0.9756532907485962,True,t_post_inst,t_inst,False
R_control_unbalanced,R_role_assistant_vs_user@t_inst,0,0.0,-0.11700065433979034,0.11700065433979034,0.03177424147725105,0.8176876306533813,True,t_post_inst,t_inst,False
R_control_unbalanced,R_role_assistant_vs_user@t_inst,1,0.037,-0.2848827540874481,0.2848827540874481,0.03177424147725105,0.7986767292022705,True,t_post_inst,t_inst,False
R_control_unbalanced,R_role_assistant_vs_user@t_inst,2,0.0741,-0.1731821745634079,0.1731821745634079,0.03177424147725105,0.7883531451225281,True,t_post_inst,t_inst,False
R_control_unbalanced,R_role_assistant_vs_user@t_inst,3,0.1111,0.08250503242015839,0.08250503242015839,0.03177424147725105,0.785489022731781,True,t_post_inst,t_inst,False
R_control_unbalanced,R_role_assistant_vs_user@t_inst,4,0.1481,-0.07186982035636902,0.07186982035636902,0.03177424147725105,0.753086507320404,True,t_post_inst,t_inst,False
R_control_unbalanced,R_role_assistant_vs_user@t_inst,5,0.1852,0.029615093022584915,0.029615093022584915,0.03177424147725105,0.7868976593017578,False,t_post_inst,t_inst,False
R_control_unbalanced,R_role_assistant_vs_user@t_inst,6,0.2222,-0.03427957743406296,0.03427957743406296,0.03177424147725105,0.7863998413085938,True,t_post_inst,t_inst,False
R_control_unbalanced,R_role_assistant_vs_user@t_inst,7,0.2593,-0.06173738092184067,0.06173738092184067,0.03177424147725105,0.8047207593917847,True,t_post_inst,t_inst,False
R_control_unbalanced,R_role_assistant_vs_user@t_inst,8,0.2963,-0.07400161027908325,0.07400161027908325,0.03177424147725105,0.7871332764625549,True,t_post_inst,t_inst,False
R_control_unbalanced,R_role_assistant_vs_user@t_inst,9,0.3333,-0.01683259941637516,0.01683259941637516,0.03177424147725105,0.7257104516029358,False,t_post_inst,t_inst,False
R_control_unbalanced,R_role_assistant_vs_user@t_inst,10,0.3704,-0.022882657125592232,0.022882657125592232,0.03177424147725105,0.6949610114097595,False,t_post_inst,t_inst,False
R_control_unbalanced,R_role_assistant_vs_user@t_inst,11,0.4074,-0.0975802093744278,0.0975802093744278,0.03177424147725105,0.7108584642410278,True,t_post_inst,t_inst,False
R_control_unbalanced,R_role_assistant_vs_user@t_inst,12,0.4444,-0.15090684592723846,0.15090684592723846,0.03177424147725105,0.7406391501426697,True,t_post_inst,t_inst,False
R_control_unbalanced,R_role_assistant_vs_user@t_inst,13,0.4815,-0.06929649412631989,0.06929649412631989,0.03177424147725105,0.8459548950195312,True,t_post_inst,t_inst,False
R_control_unbalanced,R_role_assistant_vs_user@t_inst,14,0.5185,-0.008306888863444328,0.008306888863444328,0.03177424147725105,0.9107562303543092,False,t_post_inst,t_inst,False
R_control_unbalanced,R_role_assistant_vs_user@t_inst,15,0.5556,0.022742493078112602,0.022742493078112602,0.03177424147725105,0.9355207681655884,False,t_post_inst,t_inst,False
R_control_unbalanced,R_role_assistant_vs_user@t_inst,16,0.5926,0.054293036460876465,0.054293036460876465,0.03177424147725105,0.9529460668563844,True,t_post_inst,t_inst,False
R_control_unbalanced,R_role_assistant_vs_user@t_inst,17,0.6296,0.02819463238120079,0.02819463238120079,0.03177424147725105,0.9673070907592772,False,t_post_inst,t_inst,False
R_control_unbalanced,R_role_assistant_vs_user@t_inst,18,0.6667,0.1489812731742859,0.1489812731742859,0.03177424147725105,0.9780305027961732,True,t_post_inst,t_inst,False
R_control_unbalanced,R_role_assistant_vs_user@t_inst,19,0.7037,0.1583694964647293,0.1583694964647293,0.03177424147725105,0.979722023010254,True,t_post_inst,t_inst,False
R_control_unbalanced,R_role_assistant_vs_user@t_inst,20,0.7407,0.23882494866847992,0.23882494866847992,0.03177424147725105,0.9849660992622375,True,t_post_inst,t_inst,False
R_control_unbalanced,R_role_assistant_vs_user@t_inst,21,0.7778,0.2292049378156662,0.2292049378156662,0.03177424147725105,0.9840288162231444,True,t_post_inst,t_inst,False
R_control_unbalanced,R_role_assistant_vs_user@t_inst,22,0.8148,0.1971256136894226,0.1971256136894226,0.03177424147725105,0.9824112057685852,True,t_post_inst,t_inst,False
R_control_unbalanced,R_role_assistant_vs_user@t_inst,23,0.8519,0.17985473573207855,0.17985473573207855,0.03177424147725105,0.9843991994857788,True,t_post_inst,t_inst,False
R_control_unbalanced,R_role_assistant_vs_user@t_inst,24,0.8889,0.17249272763729095,0.17249272763729095,0.03177424147725105,0.983230471611023,True,t_post_inst,t_inst,False
R_control_unbalanced,R_role_assistant_vs_user@t_inst,25,0.9259,0.10456503927707672,0.10456503927707672,0.03177424147725105,0.9822422862052916,True,t_post_inst,t_inst,False
R_control_unbalanced,R_role_assistant_vs_user@t_inst,26,0.963,0.10392896831035614,0.10392896831035614,0.03177424147725105,0.979396641254425,True,t_post_inst,t_inst,False
R_control_unbalanced,R_role_assistant_vs_user@t_inst,27,1.0,-0.028275109827518463,0.028275109827518463,0.03177424147725105,0.9756532907485962,False,t_post_inst,t_inst,False
R_control_unbalanced,R_role_assistant_vs_user@t_post_inst,0,0.0,-0.13266286253929138,0.13266286253929138,0.03177424147725105,0.8176876306533813,True,t_post_inst,t_post_inst,True
R_control_unbalanced,R_role_assistant_vs_user@t_post_inst,1,0.037,-0.10909520834684372,0.10909520834684372,0.03177424147725105,0.7986767292022705,True,t_post_inst,t_post_inst,True
R_control_unbalanced,R_role_assistant_vs_user@t_post_inst,2,0.0741,-0.0008198842406272888,0.0008198842406272888,0.03177424147725105,0.7883531451225281,False,t_post_inst,t_post_inst,True
R_control_unbalanced,R_role_assistant_vs_user@t_post_inst,3,0.1111,0.30913054943084717,0.30913054943084717,0.03177424147725105,0.785489022731781,True,t_post_inst,t_post_inst,True
R_control_unbalanced,R_role_assistant_vs_user@t_post_inst,4,0.1481,0.25077399611473083,0.25077399611473083,0.03177424147725105,0.753086507320404,True,t_post_inst,t_post_inst,True
R_control_unbalanced,R_role_assistant_vs_user@t_post_inst,5,0.1852,0.11251285672187805,0.11251285672187805,0.03177424147725105,0.7868976593017578,True,t_post_inst,t_post_inst,True
R_control_unbalanced,R_role_assistant_vs_user@t_post_inst,6,0.2222,0.18833452463150024,0.18833452463150024,0.03177424147725105,0.7863998413085938,True,t_post_inst,t_post_inst,True
R_control_unbalanced,R_role_assistant_vs_user@t_post_inst,7,0.2593,0.18936245143413544,0.18936245143413544,0.03177424147725105,0.8047207593917847,True,t_post_inst,t_post_inst,True
R_control_unbalanced,R_role_assistant_vs_user@t_post_inst,8,0.2963,0.15240295231342316,0.15240295231342316,0.03177424147725105,0.7871332764625549,True,t_post_inst,t_post_inst,True
R_control_unbalanced,R_role_assistant_vs_user@t_post_inst,9,0.3333,0.15424403548240662,0.15424403548240662,0.03177424147725105,0.7257104516029358,True,t_post_inst,t_post_inst,True
R_control_unbalanced,R_role_assistant_vs_user@t_post_inst,10,0.3704,0.1599065661430359,0.1599065661430359,0.03177424147725105,0.6949610114097595,True,t_post_inst,t_post_inst,True
R_control_unbalanced,R_role_assistant_vs_user@t_post_inst,11,0.4074,0.14667242765426636,0.14667242765426636,0.03177424147725105,0.7108584642410278,True,t_post_inst,t_post_inst,True
R_control_unbalanced,R_role_assistant_vs_user@t_post_inst,12,0.4444,0.0744566097855568,0.0744566097855568,0.03177424147725105,0.7406391501426697,True,t_post_inst,t_post_inst,True
R_control_unbalanced,R_role_assistant_vs_user@t_post_inst,13,0.4815,-0.0154444370418787,0.0154444370418787,0.03177424147725105,0.8459548950195312,False,t_post_inst,t_post_inst,True
R_control_unbalanced,R_role_assistant_vs_user@t_post_inst,14,0.5185,0.018656741827726364,0.018656741827726364,0.03177424147725105,0.9107562303543092,False,t_post_inst,t_post_inst,True
R_control_unbalanced,R_role_assistant_vs_user@t_post_inst,15,0.5556,-0.009521766565740108,0.009521766565740108,0.03177424147725105,0.9355207681655884,False,t_post_inst,t_post_inst,True
R_control_unbalanced,R_role_assistant_vs_user@t_post_inst,16,0.5926,0.03354940935969353,0.03354940935969353,0.03177424147725105,0.9529460668563844,True,t_post_inst,t_post_inst,True
R_control_unbalanced,R_role_assistant_vs_user@t_post_inst,17,0.6296,0.055356696248054504,0.055356696248054504,0.03177424147725105,0.9673070907592772,True,t_post_inst,t_post_inst,True
R_control_unbalanced,R_role_assistant_vs_user@t_post_inst,18,0.6667,0.13422222435474396,0.13422222435474396,0.03177424147725105,0.9780305027961732,True,t_post_inst,t_post_inst,True
R_control_unbalanced,R_role_assistant_vs_user@t_post_inst,19,0.7037,0.06768681108951569,0.06768681108951569,0.03177424147725105,0.979722023010254,True,t_post_inst,t_post_inst,True
R_control_unbalanced,R_role_assistant_vs_user@t_post_inst,20,0.7407,0.15736232697963715,0.15736232697963715,0.03177424147725105,0.9849660992622375,True,t_post_inst,t_post_inst,True
R_control_unbalanced,R_role_assistant_vs_user@t_post_inst,21,0.7778,0.17761236429214478,0.17761236429214478,0.03177424147725105,0.9840288162231444,True,t_post_inst,t_post_inst,True
R_control_unbalanced,R_role_assistant_vs_user@t_post_inst,22,0.8148,0.12230454385280609,0.12230454385280609,0.03177424147725105,0.9824112057685852,True,t_post_inst,t_post_inst,True
R_control_unbalanced,R_role_assistant_vs_user@t_post_inst,23,0.8519,0.15856978297233582,0.15856978297233582,0.03177424147725105,0.9843991994857788,True,t_post_inst,t_post_inst,True
R_control_unbalanced,R_role_assistant_vs_user@t_post_inst,24,0.8889,0.20311307907104492,0.20311307907104492,0.03177424147725105,0.983230471611023,True,t_post_inst,t_post_inst,True
R_control_unbalanced,R_role_assistant_vs_user@t_post_inst,25,0.9259,0.17986905574798584,0.17986905574798584,0.03177424147725105,0.9822422862052916,True,t_post_inst,t_post_inst,True
R_control_unbalanced,R_role_assistant_vs_user@t_post_inst,26,0.963,0.1281789243221283,0.1281789243221283,0.03177424147725105,0.979396641254425,True,t_post_inst,t_post_inst,True
R_control_unbalanced,R_role_assistant_vs_user@t_post_inst,27,1.0,0.060002103447914124,0.060002103447914124,0.03177424147725105,0.9756532907485962,True,t_post_inst,t_post_inst,True
R_control_unbalanced,R_role_system_vs_user@t_inst,0,0.0,0.1330871880054474,0.1330871880054474,0.03177424147725105,0.8176876306533813,True,t_post_inst,t_inst,False
R_control_unbalanced,R_role_system_vs_user@t_inst,1,0.037,0.2724536061286926,0.2724536061286926,0.03177424147725105,0.7986767292022705,True,t_post_inst,t_inst,False
R_control_unbalanced,R_role_system_vs_user@t_inst,2,0.0741,0.05546287074685097,0.05546287074685097,0.03177424147725105,0.7883531451225281,True,t_post_inst,t_inst,False
R_control_unbalanced,R_role_system_vs_user@t_inst,3,0.1111,-0.06859058141708374,0.06859058141708374,0.03177424147725105,0.785489022731781,True,t_post_inst,t_inst,False
R_control_unbalanced,R_role_system_vs_user@t_inst,4,0.1481,-0.05101852864027023,0.05101852864027023,0.03177424147725105,0.753086507320404,True,t_post_inst,t_inst,False
R_control_unbalanced,R_role_system_vs_user@t_inst,5,0.1852,0.011242140084505081,0.011242140084505081,0.03177424147725105,0.7868976593017578,False,t_post_inst,t_inst,False
R_control_unbalanced,R_role_system_vs_user@t_inst,6,0.2222,-0.02306533232331276,0.02306533232331276,0.03177424147725105,0.7863998413085938,False,t_post_inst,t_inst,False
R_control_unbalanced,R_role_system_vs_user@t_inst,7,0.2593,-0.07811612635850906,0.07811612635850906,0.03177424147725105,0.8047207593917847,True,t_post_inst,t_inst,False
R_control_unbalanced,R_role_system_vs_user@t_inst,8,0.2963,-0.04584117606282234,0.04584117606282234,0.03177424147725105,0.7871332764625549,True,t_post_inst,t_inst,False
R_control_unbalanced,R_role_system_vs_user@t_inst,9,0.3333,-0.02644427865743637,0.02644427865743637,0.03177424147725105,0.7257104516029358,False,t_post_inst,t_inst,False
R_control_unbalanced,R_role_system_vs_user@t_inst,10,0.3704,-0.05795934423804283,0.05795934423804283,0.03177424147725105,0.6949610114097595,True,t_post_inst,t_inst,False
R_control_unbalanced,R_role_system_vs_user@t_inst,11,0.4074,-0.05148106813430786,0.05148106813430786,0.03177424147725105,0.7108584642410278,True,t_post_inst,t_inst,False
R_control_unbalanced,R_role_system_vs_user@t_inst,12,0.4444,-0.07886753231287003,0.07886753231287003,0.03177424147725105,0.7406391501426697,True,t_post_inst,t_inst,False
R_control_unbalanced,R_role_system_vs_user@t_inst,13,0.4815,-0.011929137632250786,0.011929137632250786,0.03177424147725105,0.8459548950195312,False,t_post_inst,t_inst,False
R_control_unbalanced,R_role_system_vs_user@t_inst,14,0.5185,0.014070805162191391,0.014070805162191391,0.03177424147725105,0.9107562303543092,False,t_post_inst,t_inst,False
R_control_unbalanced,R_role_system_vs_user@t_inst,15,0.5556,-0.025657515972852707,0.025657515972852707,0.03177424147725105,0.9355207681655884,False,t_post_inst,t_inst,False
R_control_unbalanced,R_role_system_vs_user@t_inst,16,0.5926,-0.01900818943977356,0.01900818943977356,0.03177424147725105,0.9529460668563844,False,t_post_inst,t_inst,False
R_control_unbalanced,R_role_system_vs_user@t_inst,17,0.6296,-0.06086980551481247,0.06086980551481247,0.03177424147725105,0.9673070907592772,True,t_post_inst,t_inst,False
R_control_unbalanced,R_role_system_vs_user@t_inst,18,0.6667,0.02991512417793274,0.02991512417793274,0.03177424147725105,0.9780305027961732,False,t_post_inst,t_inst,False
R_control_unbalanced,R_role_system_vs_user@t_inst,19,0.7037,0.036246947944164276,0.036246947944164276,0.03177424147725105,0.979722023010254,True,t_post_inst,t_inst,False
R_control_unbalanced,R_role_system_vs_user@t_inst,20,0.7407,0.025912899523973465,0.025912899523973465,0.03177424147725105,0.9849660992622375,False,t_post_inst,t_inst,False
R_control_unbalanced,R_role_system_vs_user@t_inst,21,0.7778,0.02106582745909691,0.02106582745909691,0.03177424147725105,0.9840288162231444,False,t_post_inst,t_inst,False
R_control_unbalanced,R_role_system_vs_user@t_inst,22,0.8148,0.012062923982739449,0.012062923982739449,0.03177424147725105,0.9824112057685852,False,t_post_inst,t_inst,False
R_control_unbalanced,R_role_system_vs_user@t_inst,23,0.8519,0.03766666352748871,0.03766666352748871,0.03177424147725105,0.9843991994857788,True,t_post_inst,t_inst,False
R_control_unbalanced,R_role_system_vs_user@t_inst,24,0.8889,0.03674590215086937,0.03674590215086937,0.03177424147725105,0.983230471611023,True,t_post_inst,t_inst,False
R_control_unbalanced,R_role_system_vs_user@t_inst,25,0.9259,0.0034424355253577232,0.0034424355253577232,0.03177424147725105,0.9822422862052916,False,t_post_inst,t_inst,False
R_control_unbalanced,R_role_system_vs_user@t_inst,26,0.963,-0.01819758675992489,0.01819758675992489,0.03177424147725105,0.979396641254425,False,t_post_inst,t_inst,False
R_control_unbalanced,R_role_system_vs_user@t_inst,27,1.0,-0.0399700328707695,0.0399700328707695,0.03177424147725105,0.9756532907485962,True,t_post_inst,t_inst,False
R_control_unbalanced,R_role_system_vs_user@t_post_inst,0,0.0,-0.17327231168746948,0.17327231168746948,0.03177424147725105,0.8176876306533813,True,t_post_inst,t_post_inst,True
R_control_unbalanced,R_role_system_vs_user@t_post_inst,1,0.037,-0.2744084894657135,0.2744084894657135,0.03177424147725105,0.7986767292022705,True,t_post_inst,t_post_inst,True
R_control_unbalanced,R_role_system_vs_user@t_post_inst,2,0.0741,-0.14658251404762268,0.14658251404762268,0.03177424147725105,0.7883531451225281,True,t_post_inst,t_post_inst,True
R_control_unbalanced,R_role_system_vs_user@t_post_inst,3,0.1111,-0.10436852276325226,0.10436852276325226,0.03177424147725105,0.785489022731781,True,t_post_inst,t_post_inst,True
R_control_unbalanced,R_role_system_vs_user@t_post_inst,4,0.1481,-0.18812277913093567,0.18812277913093567,0.03177424147725105,0.753086507320404,True,t_post_inst,t_post_inst,True
R_control_unbalanced,R_role_system_vs_user@t_post_inst,5,0.1852,-0.3549209535121918,0.3549209535121918,0.03177424147725105,0.7868976593017578,True,t_post_inst,t_post_inst,True
R_control_unbalanced,R_role_system_vs_user@t_post_inst,6,0.2222,-0.38652539253234863,0.38652539253234863,0.03177424147725105,0.7863998413085938,True,t_post_inst,t_post_inst,True
R_control_unbalanced,R_role_system_vs_user@t_post_inst,7,0.2593,-0.4511348009109497,0.4511348009109497,0.03177424147725105,0.8047207593917847,True,t_post_inst,t_post_inst,True
R_control_unbalanced,R_role_system_vs_user@t_post_inst,8,0.2963,-0.4668393135070801,0.4668393135070801,0.03177424147725105,0.7871332764625549,True,t_post_inst,t_post_inst,True
R_control_unbalanced,R_role_system_vs_user@t_post_inst,9,0.3333,-0.3632655143737793,0.3632655143737793,0.03177424147725105,0.7257104516029358,True,t_post_inst,t_post_inst,True
R_control_unbalanced,R_role_system_vs_user@t_post_inst,10,0.3704,-0.36109215021133423,0.36109215021133423,0.03177424147725105,0.6949610114097595,True,t_post_inst,t_post_inst,True
R_control_unbalanced,R_role_system_vs_user@t_post_inst,11,0.4074,-0.3693926930427551,0.3693926930427551,0.03177424147725105,0.7108584642410278,True,t_post_inst,t_post_inst,True
R_control_unbalanced,R_role_system_vs_user@t_post_inst,12,0.4444,-0.37785470485687256,0.37785470485687256,0.03177424147725105,0.7406391501426697,True,t_post_inst,t_post_inst,True
R_control_unbalanced,R_role_system_vs_user@t_post_inst,13,0.4815,-0.3008498549461365,0.3008498549461365,0.03177424147725105,0.8459548950195312,True,t_post_inst,t_post_inst,True
R_control_unbalanced,R_role_system_vs_user@t_post_inst,14,0.5185,-0.20195695757865906,0.20195695757865906,0.03177424147725105,0.9107562303543092,True,t_post_inst,t_post_inst,True
R_control_unbalanced,R_role_system_vs_user@t_post_inst,15,0.5556,-0.19527260959148407,0.19527260959148407,0.03177424147725105,0.9355207681655884,True,t_post_inst,t_post_inst,True
R_control_unbalanced,R_role_system_vs_user@t_post_inst,16,0.5926,-0.1534043550491333,0.1534043550491333,0.03177424147725105,0.9529460668563844,True,t_post_inst,t_post_inst,True
R_control_unbalanced,R_role_system_vs_user@t_post_inst,17,0.6296,-0.16118453443050385,0.16118453443050385,0.03177424147725105,0.9673070907592772,True,t_post_inst,t_post_inst,True
R_control_unbalanced,R_role_system_vs_user@t_post_inst,18,0.6667,-0.12326526641845703,0.12326526641845703,0.03177424147725105,0.9780305027961732,True,t_post_inst,t_post_inst,True
R_control_unbalanced,R_role_system_vs_user@t_post_inst,19,0.7037,-0.15622027218341827,0.15622027218341827,0.03177424147725105,0.979722023010254,True,t_post_inst,t_post_inst,True
R_control_unbalanced,R_role_system_vs_user@t_post_inst,20,0.7407,-0.16070719063282013,0.16070719063282013,0.03177424147725105,0.9849660992622375,True,t_post_inst,t_post_inst,True
R_control_unbalanced,R_role_system_vs_user@t_post_inst,21,0.7778,-0.18822342157363892,0.18822342157363892,0.03177424147725105,0.9840288162231444,True,t_post_inst,t_post_inst,True
R_control_unbalanced,R_role_system_vs_user@t_post_inst,22,0.8148,-0.24319005012512207,0.24319005012512207,0.03177424147725105,0.9824112057685852,True,t_post_inst,t_post_inst,True
R_control_unbalanced,R_role_system_vs_user@t_post_inst,23,0.8519,-0.24499039351940155,0.24499039351940155,0.03177424147725105,0.9843991994857788,True,t_post_inst,t_post_inst,True
R_control_unbalanced,R_role_system_vs_user@t_post_inst,24,0.8889,-0.24933786690235138,0.24933786690235138,0.03177424147725105,0.983230471611023,True,t_post_inst,t_post_inst,True
R_control_unbalanced,R_role_system_vs_user@t_post_inst,25,0.9259,-0.20710694789886475,0.20710694789886475,0.03177424147725105,0.9822422862052916,True,t_post_inst,t_post_inst,True
R_control_unbalanced,R_role_system_vs_user@t_post_inst,26,0.963,-0.24692346155643463,0.24692346155643463,0.03177424147725105,0.979396641254425,True,t_post_inst,t_post_inst,True
R_control_unbalanced,R_role_system_vs_user@t_post_inst,27,1.0,-0.3102077841758728,0.3102077841758728,0.03177424147725105,0.9756532907485962,True,t_post_inst,t_post_inst,True
R_control_unbalanced,R_role_tool_vs_user@t_inst,0,0.0,0.11053779721260071,0.11053779721260071,0.03177424147725105,0.8176876306533813,True,t_post_inst,t_inst,False
R_control_unbalanced,R_role_tool_vs_user@t_inst,1,0.037,-0.05397842079401016,0.05397842079401016,0.03177424147725105,0.7986767292022705,True,t_post_inst,t_inst,False
R_control_unbalanced,R_role_tool_vs_user@t_inst,2,0.0741,0.0032181013375520706,0.0032181013375520706,0.03177424147725105,0.7883531451225281,False,t_post_inst,t_inst,False
R_control_unbalanced,R_role_tool_vs_user@t_inst,3,0.1111,0.07777860760688782,0.07777860760688782,0.03177424147725105,0.785489022731781,True,t_post_inst,t_inst,False
R_control_unbalanced,R_role_tool_vs_user@t_inst,4,0.1481,-0.009413177147507668,0.009413177147507668,0.03177424147725105,0.753086507320404,False,t_post_inst,t_inst,False
R_control_unbalanced,R_role_tool_vs_user@t_inst,5,0.1852,0.011170386336743832,0.011170386336743832,0.03177424147725105,0.7868976593017578,False,t_post_inst,t_inst,False
R_control_unbalanced,R_role_tool_vs_user@t_inst,6,0.2222,0.004316216334700584,0.004316216334700584,0.03177424147725105,0.7863998413085938,False,t_post_inst,t_inst,False
R_control_unbalanced,R_role_tool_vs_user@t_inst,7,0.2593,-0.00431300513446331,0.00431300513446331,0.03177424147725105,0.8047207593917847,False,t_post_inst,t_inst,False
R_control_unbalanced,R_role_tool_vs_user@t_inst,8,0.2963,-0.00226731039583683,0.00226731039583683,0.03177424147725105,0.7871332764625549,False,t_post_inst,t_inst,False
R_control_unbalanced,R_role_tool_vs_user@t_inst,9,0.3333,-0.00231190025806427,0.00231190025806427,0.03177424147725105,0.7257104516029358,False,t_post_inst,t_inst,False
R_control_unbalanced,R_role_tool_vs_user@t_inst,10,0.3704,0.0030525755137205124,0.0030525755137205124,0.03177424147725105,0.6949610114097595,False,t_post_inst,t_inst,False
R_control_unbalanced,R_role_tool_vs_user@t_inst,11,0.4074,-0.01825212687253952,0.01825212687253952,0.03177424147725105,0.7108584642410278,False,t_post_inst,t_inst,False
R_control_unbalanced,R_role_tool_vs_user@t_inst,12,0.4444,-0.0421496219933033,0.0421496219933033,0.03177424147725105,0.7406391501426697,True,t_post_inst,t_inst,False
R_control_unbalanced,R_role_tool_vs_user@t_inst,13,0.4815,-0.0011447221040725708,0.0011447221040725708,0.03177424147725105,0.8459548950195312,False,t_post_inst,t_inst,False
R_control_unbalanced,R_role_tool_vs_user@t_inst,14,0.5185,0.019262485206127167,0.019262485206127167,0.03177424147725105,0.9107562303543092,False,t_post_inst,t_inst,False
R_control_unbalanced,R_role_tool_vs_user@t_inst,15,0.5556,0.04365215450525284,0.04365215450525284,0.03177424147725105,0.9355207681655884,True,t_post_inst,t_inst,False
R_control_unbalanced,R_role_tool_vs_user@t_inst,16,0.5926,0.055813033133745193,0.055813033133745193,0.03177424147725105,0.9529460668563844,True,t_post_inst,t_inst,False
R_control_unbalanced,R_role_tool_vs_user@t_inst,17,0.6296,0.03969169408082962,0.03969169408082962,0.03177424147725105,0.9673070907592772,True,t_post_inst,t_inst,False
R_control_unbalanced,R_role_tool_vs_user@t_inst,18,0.6667,0.08499641716480255,0.08499641716480255,0.03177424147725105,0.9780305027961732,True,t_post_inst,t_inst,False
R_control_unbalanced,R_role_tool_vs_user@t_inst,19,0.7037,0.05477327108383179,0.05477327108383179,0.03177424147725105,0.979722023010254,True,t_post_inst,t_inst,False
R_control_unbalanced,R_role_tool_vs_user@t_inst,20,0.7407,0.08391318470239639,0.08391318470239639,0.03177424147725105,0.9849660992622375,True,t_post_inst,t_inst,False
R_control_unbalanced,R_role_tool_vs_user@t_inst,21,0.7778,0.049035266041755676,0.049035266041755676,0.03177424147725105,0.9840288162231444,True,t_post_inst,t_inst,False
R_control_unbalanced,R_role_tool_vs_user@t_inst,22,0.8148,0.09874706715345383,0.09874706715345383,0.03177424147725105,0.9824112057685852,True,t_post_inst,t_inst,False
R_control_unbalanced,R_role_tool_vs_user@t_inst,23,0.8519,0.06594238430261612,0.06594238430261612,0.03177424147725105,0.9843991994857788,True,t_post_inst,t_inst,False
R_control_unbalanced,R_role_tool_vs_user@t_inst,24,0.8889,0.10297245532274246,0.10297245532274246,0.03177424147725105,0.983230471611023,True,t_post_inst,t_inst,False
R_control_unbalanced,R_role_tool_vs_user@t_inst,25,0.9259,0.044030338525772095,0.044030338525772095,0.03177424147725105,0.9822422862052916,True,t_post_inst,t_inst,False
R_control_unbalanced,R_role_tool_vs_user@t_inst,26,0.963,-0.006365819834172726,0.006365819834172726,0.03177424147725105,0.979396641254425,False,t_post_inst,t_inst,False
R_control_unbalanced,R_role_tool_vs_user@t_inst,27,1.0,-0.051755040884017944,0.051755040884017944,0.03177424147725105,0.9756532907485962,True,t_post_inst,t_inst,False
R_control_unbalanced,R_role_tool_vs_user@t_post_inst,0,0.0,0.27229321002960205,0.27229321002960205,0.03177424147725105,0.8176876306533813,True,t_post_inst,t_post_inst,True
R_control_unbalanced,R_role_tool_vs_user@t_post_inst,1,0.037,0.12401817739009857,0.12401817739009857,0.03177424147725105,0.7986767292022705,True,t_post_inst,t_post_inst,True
R_control_unbalanced,R_role_tool_vs_user@t_post_inst,2,0.0741,0.07538353651762009,0.07538353651762009,0.03177424147725105,0.7883531451225281,True,t_post_inst,t_post_inst,True
R_control_unbalanced,R_role_tool_vs_user@t_post_inst,3,0.1111,0.2222549319267273,0.2222549319267273,0.03177424147725105,0.785489022731781,True,t_post_inst,t_post_inst,True
R_control_unbalanced,R_role_tool_vs_user@t_post_inst,4,0.1481,0.10332036763429642,0.10332036763429642,0.03177424147725105,0.753086507320404,True,t_post_inst,t_post_inst,True
R_control_unbalanced,R_role_tool_vs_user@t_post_inst,5,0.1852,0.2329149693250656,0.2329149693250656,0.03177424147725105,0.7868976593017578,True,t_post_inst,t_post_inst,True
R_control_unbalanced,R_role_tool_vs_user@t_post_inst,6,0.2222,0.16915081441402435,0.16915081441402435,0.03177424147725105,0.7863998413085938,True,t_post_inst,t_post_inst,True
R_control_unbalanced,R_role_tool_vs_user@t_post_inst,7,0.2593,0.012746967375278473,0.012746967375278473,0.03177424147725105,0.8047207593917847,False,t_post_inst,t_post_inst,True
R_control_unbalanced,R_role_tool_vs_user@t_post_inst,8,0.2963,-0.08143120259046555,0.08143120259046555,0.03177424147725105,0.7871332764625549,True,t_post_inst,t_post_inst,True
R_control_unbalanced,R_role_tool_vs_user@t_post_inst,9,0.3333,-0.06918603181838989,0.06918603181838989,0.03177424147725105,0.7257104516029358,True,t_post_inst,t_post_inst,True
R_control_unbalanced,R_role_tool_vs_user@t_post_inst,10,0.3704,-0.09070988744497299,0.09070988744497299,0.03177424147725105,0.6949610114097595,True,t_post_inst,t_post_inst,True
R_control_unbalanced,R_role_tool_vs_user@t_post_inst,11,0.4074,-0.09250706434249878,0.09250706434249878,0.03177424147725105,0.7108584642410278,True,t_post_inst,t_post_inst,True
R_control_unbalanced,R_role_tool_vs_user@t_post_inst,12,0.4444,-0.142674058675766,0.142674058675766,0.03177424147725105,0.7406391501426697,True,t_post_inst,t_post_inst,True
R_control_unbalanced,R_role_tool_vs_user@t_post_inst,13,0.4815,-0.14551308751106262,0.14551308751106262,0.03177424147725105,0.8459548950195312,True,t_post_inst,t_post_inst,True
R_control_unbalanced,R_role_tool_vs_user@t_post_inst,14,0.5185,-0.08465228974819183,0.08465228974819183,0.03177424147725105,0.9107562303543092,True,t_post_inst,t_post_inst,True
R_control_unbalanced,R_role_tool_vs_user@t_post_inst,15,0.5556,-0.12732809782028198,0.12732809782028198,0.03177424147725105,0.9355207681655884,True,t_post_inst,t_post_inst,True
R_control_unbalanced,R_role_tool_vs_user@t_post_inst,16,0.5926,-0.1379404515028,0.1379404515028,0.03177424147725105,0.9529460668563844,True,t_post_inst,t_post_inst,True
R_control_unbalanced,R_role_tool_vs_user@t_post_inst,17,0.6296,-0.15892618894577026,0.15892618894577026,0.03177424147725105,0.9673070907592772,True,t_post_inst,t_post_inst,True
R_control_unbalanced,R_role_tool_vs_user@t_post_inst,18,0.6667,0.08213508129119873,0.08213508129119873,0.03177424147725105,0.9780305027961732,True,t_post_inst,t_post_inst,True
R_control_unbalanced,R_role_tool_vs_user@t_post_inst,19,0.7037,0.03128689527511597,0.03128689527511597,0.03177424147725105,0.979722023010254,False,t_post_inst,t_post_inst,True
R_control_unbalanced,R_role_tool_vs_user@t_post_inst,20,0.7407,0.1412159502506256,0.1412159502506256,0.03177424147725105,0.9849660992622375,True,t_post_inst,t_post_inst,True
R_control_unbalanced,R_role_tool_vs_user@t_post_inst,21,0.7778,0.1591043472290039,0.1591043472290039,0.03177424147725105,0.9840288162231444,True,t_post_inst,t_post_inst,True
R_control_unbalanced,R_role_tool_vs_user@t_post_inst,22,0.8148,0.12022389471530914,0.12022389471530914,0.03177424147725105,0.9824112057685852,True,t_post_inst,t_post_inst,True
R_control_unbalanced,R_role_tool_vs_user@t_post_inst,23,0.8519,0.16244488954544067,0.16244488954544067,0.03177424147725105,0.9843991994857788,True,t_post_inst,t_post_inst,True
R_control_unbalanced,R_role_tool_vs_user@t_post_inst,24,0.8889,0.1754324734210968,0.1754324734210968,0.03177424147725105,0.983230471611023,True,t_post_inst,t_post_inst,True
R_control_unbalanced,R_role_tool_vs_user@t_post_inst,25,0.9259,0.16910791397094727,0.16910791397094727,0.03177424147725105,0.9822422862052916,True,t_post_inst,t_post_inst,True
R_control_unbalanced,R_role_tool_vs_user@t_post_inst,26,0.963,0.14741361141204834,0.14741361141204834,0.03177424147725105,0.979396641254425,True,t_post_inst,t_post_inst,True
R_control_unbalanced,R_role_tool_vs_user@t_post_inst,27,1.0,0.10566733032464981,0.10566733032464981,0.03177424147725105,0.9756532907485962,True,t_post_inst,t_post_inst,True
R_harm,R_harm_at_post,0,0.0,0.0951385498046875,0.0951385498046875,0.03177424147725105,0.9790131449699402,True,t_inst,t_post_inst,False
R_harm,R_harm_at_post,1,0.037,0.029192235320806503,0.029192235320806503,0.03177424147725105,0.9820110201835632,False,t_inst,t_post_inst,False
R_harm,R_harm_at_post,2,0.0741,0.05462061986327171,0.05462061986327171,0.03177424147725105,0.9828051328659058,True,t_inst,t_post_inst,False
R_harm,R_harm_at_post,3,0.1111,0.10261612385511398,0.10261612385511398,0.03177424147725105,0.9830379486083984,True,t_inst,t_post_inst,False
R_harm,R_harm_at_post,4,0.1481,0.08972413837909698,0.08972413837909698,0.03177424147725105,0.9802291989326476,True,t_inst,t_post_inst,False
R_harm,R_harm_at_post,5,0.1852,0.08622914552688599,0.08622914552688599,0.03177424147725105,0.9838614463806152,True,t_inst,t_post_inst,False
R_harm,R_harm_at_post,6,0.2222,0.12087859958410263,0.12087859958410263,0.03177424147725105,0.9843446016311646,True,t_inst,t_post_inst,False
R_harm,R_harm_at_post,7,0.2593,0.12349417805671692,0.12349417805671692,0.03177424147725105,0.9864670038223268,True,t_inst,t_post_inst,False
R_harm,R_harm_at_post,8,0.2963,0.1307462453842163,0.1307462453842163,0.03177424147725105,0.9876991510391236,True,t_inst,t_post_inst,False
R_harm,R_harm_at_post,9,0.3333,0.15444788336753845,0.15444788336753845,0.03177424147725105,0.9888843297958374,True,t_inst,t_post_inst,False
R_harm,R_harm_at_post,10,0.3704,0.1394699215888977,0.1394699215888977,0.03177424147725105,0.9890974760055542,True,t_inst,t_post_inst,False
R_harm,R_harm_at_post,11,0.4074,0.0976816862821579,0.0976816862821579,0.03177424147725105,0.989480197429657,True,t_inst,t_post_inst,False
R_harm,R_harm_at_post,12,0.4444,0.11939893662929535,0.11939893662929535,0.03177424147725105,0.9896019101142884,True,t_inst,t_post_inst,False
R_harm,R_harm_at_post,13,0.4815,0.14285209774971008,0.14285209774971008,0.03177424147725105,0.9897006750106812,True,t_inst,t_post_inst,False
R_harm,R_harm_at_post,14,0.5185,0.17401906847953796,0.17401906847953796,0.03177424147725105,0.9905847311019896,True,t_inst,t_post_inst,False
R_harm,R_harm_at_post,15,0.5556,0.19554762542247772,0.19554762542247772,0.03177424147725105,0.9910866618156432,True,t_inst,t_post_inst,False
R_harm,R_harm_at_post,16,0.5926,0.2510256767272949,0.2510256767272949,0.03177424147725105,0.991258442401886,True,t_inst,t_post_inst,False
R_harm,R_harm_at_post,17,0.6296,0.2603530287742615,0.2603530287742615,0.03177424147725105,0.991793930530548,True,t_inst,t_post_inst,False
R_harm,R_harm_at_post,18,0.6667,0.27294307947158813,0.27294307947158813,0.03177424147725105,0.992585062980652,True,t_inst,t_post_inst,False
R_harm,R_harm_at_post,19,0.7037,0.2488720417022705,0.2488720417022705,0.03177424147725105,0.992836594581604,True,t_inst,t_post_inst,False
R_harm,R_harm_at_post,20,0.7407,0.20213109254837036,0.20213109254837036,0.03177424147725105,0.9923973083496094,True,t_inst,t_post_inst,False
R_harm,R_harm_at_post,21,0.7778,0.19726987183094025,0.19726987183094025,0.03177424147725105,0.991816520690918,True,t_inst,t_post_inst,False
R_harm,R_harm_at_post,22,0.8148,0.2385682761669159,0.2385682761669159,0.03177424147725105,0.9904595613479614,True,t_inst,t_post_inst,False
R_harm,R_harm_at_post,23,0.8519,0.22007082402706146,0.22007082402706146,0.03177424147725105,0.9885915517807008,True,t_inst,t_post_inst,False
R_harm,R_harm_at_post,24,0.8889,0.23600317537784576,0.23600317537784576,0.03177424147725105,0.9876754879951476,True,t_inst,t_post_inst,False
R_harm,R_harm_at_post,25,0.9259,0.21065831184387207,0.21065831184387207,0.03177424147725105,0.9872959852218628,True,t_inst,t_post_inst,False
R_harm,R_harm_at_post,26,0.963,0.20477592945098877,0.20477592945098877,0.03177424147725105,0.986065685749054,True,t_inst,t_post_inst,False
R_harm,R_harm_at_post,27,1.0,0.2240523099899292,0.2240523099899292,0.03177424147725105,0.9879834055900574,True,t_inst,t_post_inst,False
R_harm,R_harm_user,0,0.0,0.9879117608070374,0.9879117608070374,0.03177424147725105,0.9775015115737916,True,t_inst,t_inst,True
R_harm,R_harm_user,1,0.037,0.9916468858718872,0.9916468858718872,0.03177424147725105,0.9753971099853516,True,t_inst,t_inst,True
R_harm,R_harm_user,2,0.0741,0.9915772676467896,0.9915772676467896,0.03177424147725105,0.9684980511665344,True,t_inst,t_inst,True
R_harm,R_harm_user,3,0.1111,0.9904242157936096,0.9904242157936096,0.03177424147725105,0.959213137626648,True,t_inst,t_inst,True
R_harm,R_harm_user,4,0.1481,0.9883615374565125,0.9883615374565125,0.03177424147725105,0.9614137411117554,True,t_inst,t_inst,True
R_harm,R_harm_user,5,0.1852,0.9870540499687195,0.9870540499687195,0.03177424147725105,0.9651899337768556,True,t_inst,t_inst,True
R_harm,R_harm_user,6,0.2222,0.9882861375808716,0.9882861375808716,0.03177424147725105,0.9649524688720704,True,t_inst,t_inst,True
R_harm,R_harm_user,7,0.2593,0.9866702556610107,0.9866702556610107,0.03177424147725105,0.9597657918930054,True,t_inst,t_inst,True
R_harm,R_harm_user,8,0.2963,0.9850730895996094,0.9850730895996094,0.03177424147725105,0.9573692083358764,True,t_inst,t_inst,True
R_harm,R_harm_user,9,0.3333,0.9862191081047058,0.9862191081047058,0.03177424147725105,0.9574992060661316,True,t_inst,t_inst,True
R_harm,R_harm_user,10,0.3704,0.9860221743583679,0.9860221743583679,0.03177424147725105,0.9584187269210817,True,t_inst,t_inst,True
R_harm,R_harm_user,11,0.4074,0.986103892326355,0.986103892326355,0.03177424147725105,0.9595783352851868,True,t_inst,t_inst,True
R_harm,R_harm_user,12,0.4444,0.9843446016311646,0.9843446016311646,0.03177424147725105,0.9601788520812988,True,t_inst,t_inst,True
R_harm,R_harm_user,13,0.4815,0.9840419888496399,0.9840419888496399,0.03177424147725105,0.9599124789237976,True,t_inst,t_inst,True
R_harm,R_harm_user,14,0.5185,0.9844350814819336,0.9844350814819336,0.03177424147725105,0.963304042816162,True,t_inst,t_inst,True
R_harm,R_harm_user,15,0.5556,0.9820513725280762,0.9820513725280762,0.03177424147725105,0.965604603290558,True,t_inst,t_inst,True
R_harm,R_harm_user,16,0.5926,0.9801734089851379,0.9801734089851379,0.03177424147725105,0.9658327102661132,True,t_inst,t_inst,True
R_harm,R_harm_user,17,0.6296,0.978324294090271,0.978324294090271,0.03177424147725105,0.9684670567512512,True,t_inst,t_inst,True
R_harm,R_harm_user,18,0.6667,0.975010097026825,0.975010097026825,0.03177424147725105,0.9726054072380066,True,t_inst,t_inst,True
R_harm,R_harm_user,19,0.7037,0.9728096723556519,0.9728096723556519,0.03177424147725105,0.974351406097412,True,t_inst,t_inst,True
R_harm,R_harm_user,20,0.7407,0.9660757780075073,0.9660757780075073,0.03177424147725105,0.9742386937141418,True,t_inst,t_inst,True
R_harm,R_harm_user,21,0.7778,0.9589186310768127,0.9589186310768127,0.03177424147725105,0.9745514988899232,True,t_inst,t_inst,True
R_harm,R_harm_user,22,0.8148,0.9530601501464844,0.9530601501464844,0.03177424147725105,0.9723834991455078,True,t_inst,t_inst,True
R_harm,R_harm_user,23,0.8519,0.9485839009284973,0.9485839009284973,0.03177424147725105,0.9680925607681274,True,t_inst,t_inst,True
R_harm,R_harm_user,24,0.8889,0.9392561316490173,0.9392561316490173,0.03177424147725105,0.9682137370109558,True,t_inst,t_inst,True
R_harm,R_harm_user,25,0.9259,0.9327925443649292,0.9327925443649292,0.03177424147725105,0.968677818775177,True,t_inst,t_inst,True
R_harm,R_harm_user,26,0.963,0.9081481695175171,0.9081481695175171,0.03177424147725105,0.9732897877693176,True,t_inst,t_inst,True
R_harm,R_harm_user,27,1.0,0.8945946097373962,0.8945946097373962,0.03177424147725105,0.9790678024291992,True,t_inst,t_inst,True
R_harm,R_role_assistant_vs_user@t_inst,0,0.0,0.051854927092790604,0.051854927092790604,0.03177424147725105,0.9935177564620972,True,t_inst,t_inst,True
R_harm,R_role_assistant_vs_user@t_inst,1,0.037,0.34280794858932495,0.34280794858932495,0.03177424147725105,0.993014931678772,True,t_inst,t_inst,True
R_harm,R_role_assistant_vs_user@t_inst,2,0.0741,0.2300332486629486,0.2300332486629486,0.03177424147725105,0.9908499717712402,True,t_inst,t_inst,True
R_harm,R_role_assistant_vs_user@t_inst,3,0.1111,0.10676629096269608,0.10676629096269608,0.03177424147725105,0.9886751174926758,True,t_inst,t_inst,True
R_harm,R_role_assistant_vs_user@t_inst,4,0.1481,0.15862998366355896,0.15862998366355896,0.03177424147725105,0.98908931016922,True,t_inst,t_inst,True
R_harm,R_role_assistant_vs_user@t_inst,5,0.1852,0.01189229916781187,0.01189229916781187,0.03177424147725105,0.9901382327079772,False,t_inst,t_inst,True
R_harm,R_role_assistant_vs_user@t_inst,6,0.2222,0.00932693388313055,0.00932693388313055,0.03177424147725105,0.9901692271232604,False,t_inst,t_inst,True
R_harm,R_role_assistant_vs_user@t_inst,7,0.2593,0.004888780415058136,0.004888780415058136,0.03177424147725105,0.9893139004707336,False,t_inst,t_inst,True
R_harm,R_role_assistant_vs_user@t_inst,8,0.2963,-0.09336391091346741,0.09336391091346741,0.03177424147725105,0.9889318346977234,True,t_inst,t_inst,True
R_harm,R_role_assistant_vs_user@t_inst,9,0.3333,-0.02632363885641098,0.02632363885641098,0.03177424147725105,0.9890027046203612,False,t_inst,t_inst,True
R_harm,R_role_assistant_vs_user@t_inst,10,0.3704,0.026693284511566162,0.026693284511566162,0.03177424147725105,0.9890974760055542,False,t_inst,t_inst,True
R_harm,R_role_assistant_vs_user@t_inst,11,0.4074,0.027179725468158722,0.027179725468158722,0.03177424147725105,0.989480197429657,False,t_inst,t_inst,True
R_harm,R_role_assistant_vs_user@t_inst,12,0.4444,-0.03765898570418358,0.03765898570418358,0.03177424147725105,0.9896686673164368,True,t_inst,t_inst,True
R_harm,R_role_assistant_vs_user@t_inst,13,0.4815,-0.055238623172044754,0.055238623172044754,0.03177424147725105,0.9897006750106812,True,t_inst,t_inst,True
R_harm,R_role_assistant_vs_user@t_inst,14,0.5185,-0.03763743117451668,0.03763743117451668,0.03177424147725105,0.9905847311019896,True,t_inst,t_inst,True
R_harm,R_role_assistant_vs_user@t_inst,15,0.5556,-0.04535876214504242,0.04535876214504242,0.03177424147725105,0.9910866618156432,True,t_inst,t_inst,True
R_harm,R_role_assistant_vs_user@t_inst,16,0.5926,-0.12167412787675858,0.12167412787675858,0.03177424147725105,0.991258442401886,True,t_inst,t_inst,True
R_harm,R_role_assistant_vs_user@t_inst,17,0.6296,-0.12748701870441437,0.12748701870441437,0.03177424147725105,0.991793930530548,True,t_inst,t_inst,True
R_harm,R_role_assistant_vs_user@t_inst,18,0.6667,-0.1381150782108307,0.1381150782108307,0.03177424147725105,0.992585062980652,True,t_inst,t_inst,True
R_harm,R_role_assistant_vs_user@t_inst,19,0.7037,-0.13630175590515137,0.13630175590515137,0.03177424147725105,0.992836594581604,True,t_inst,t_inst,True
R_harm,R_role_assistant_vs_user@t_inst,20,0.7407,-0.15046440064907074,0.15046440064907074,0.03177424147725105,0.9923973083496094,True,t_inst,t_inst,True
R_harm,R_role_assistant_vs_user@t_inst,21,0.7778,-0.07988226413726807,0.07988226413726807,0.03177424147725105,0.991816520690918,True,t_inst,t_inst,True
R_harm,R_role_assistant_vs_user@t_inst,22,0.8148,-0.028668450191617012,0.028668450191617012,0.03177424147725105,0.9904595613479614,False,t_inst,t_inst,True
R_harm,R_role_assistant_vs_user@t_inst,23,0.8519,-0.04229991137981415,0.04229991137981415,0.03177424147725105,0.9885915517807008,True,t_inst,t_inst,True
R_harm,R_role_assistant_vs_user@t_inst,24,0.8889,-0.010330257937312126,0.010330257937312126,0.03177424147725105,0.9876754879951476,False,t_inst,t_inst,True
R_harm,R_role_assistant_vs_user@t_inst,25,0.9259,0.0027364762499928474,0.0027364762499928474,0.03177424147725105,0.9872959852218628,False,t_inst,t_inst,True
R_harm,R_role_assistant_vs_user@t_inst,26,0.963,0.03495599329471588,0.03495599329471588,0.03177424147725105,0.986065685749054,True,t_inst,t_inst,True
R_harm,R_role_assistant_vs_user@t_inst,27,1.0,0.05370529741048813,0.05370529741048813,0.03177424147725105,0.9879834055900574,True,t_inst,t_inst,True
R_harm,R_role_assistant_vs_user@t_post_inst,0,0.0,-0.004227850586175919,0.004227850586175919,0.03177424147725105,0.9935177564620972,False,t_inst,t_post_inst,False
R_harm,R_role_assistant_vs_user@t_post_inst,1,0.037,0.1753707230091095,0.1753707230091095,0.03177424147725105,0.993014931678772,True,t_inst,t_post_inst,False
R_harm,R_role_assistant_vs_user@t_post_inst,2,0.0741,0.12179554253816605,0.12179554253816605,0.03177424147725105,0.9908499717712402,True,t_inst,t_post_inst,False
R_harm,R_role_assistant_vs_user@t_post_inst,3,0.1111,0.05748334527015686,0.05748334527015686,0.03177424147725105,0.9886751174926758,True,t_inst,t_post_inst,False
R_harm,R_role_assistant_vs_user@t_post_inst,4,0.1481,-0.009560718201100826,0.009560718201100826,0.03177424147725105,0.98908931016922,False,t_inst,t_post_inst,False
R_harm,R_role_assistant_vs_user@t_post_inst,5,0.1852,0.0231318362057209,0.0231318362057209,0.03177424147725105,0.9901382327079772,False,t_inst,t_post_inst,False
R_harm,R_role_assistant_vs_user@t_post_inst,6,0.2222,-0.0005800016224384308,0.0005800016224384308,0.03177424147725105,0.9901692271232604,False,t_inst,t_post_inst,False
R_harm,R_role_assistant_vs_user@t_post_inst,7,0.2593,-0.005487894639372826,0.005487894639372826,0.03177424147725105,0.9893139004707336,False,t_inst,t_post_inst,False
R_harm,R_role_assistant_vs_user@t_post_inst,8,0.2963,0.01600329950451851,0.01600329950451851,0.03177424147725105,0.9889318346977234,False,t_inst,t_post_inst,False
R_harm,R_role_assistant_vs_user@t_post_inst,9,0.3333,0.027716923505067825,0.027716923505067825,0.03177424147725105,0.9890027046203612,False,t_inst,t_post_inst,False
R_harm,R_role_assistant_vs_user@t_post_inst,10,0.3704,0.06258264183998108,0.06258264183998108,0.03177424147725105,0.9890974760055542,True,t_inst,t_post_inst,False
R_harm,R_role_assistant_vs_user@t_post_inst,11,0.4074,0.07406510412693024,0.07406510412693024,0.03177424147725105,0.989480197429657,True,t_inst,t_post_inst,False
R_harm,R_role_assistant_vs_user@t_post_inst,12,0.4444,0.051665984094142914,0.051665984094142914,0.03177424147725105,0.9896686673164368,True,t_inst,t_post_inst,False
R_harm,R_role_assistant_vs_user@t_post_inst,13,0.4815,0.062276117503643036,0.062276117503643036,0.03177424147725105,0.9897006750106812,True,t_inst,t_post_inst,False
R_harm,R_role_assistant_vs_user@t_post_inst,14,0.5185,0.08262275904417038,0.08262275904417038,0.03177424147725105,0.9905847311019896,True,t_inst,t_post_inst,False
R_harm,R_role_assistant_vs_user@t_post_inst,15,0.5556,0.09423179924488068,0.09423179924488068,0.03177424147725105,0.9910866618156432,True,t_inst,t_post_inst,False
R_harm,R_role_assistant_vs_user@t_post_inst,16,0.5926,0.05604786053299904,0.05604786053299904,0.03177424147725105,0.991258442401886,True,t_inst,t_post_inst,False
R_harm,R_role_assistant_vs_user@t_post_inst,17,0.6296,0.044046372175216675,0.044046372175216675,0.03177424147725105,0.991793930530548,True,t_inst,t_post_inst,False
R_harm,R_role_assistant_vs_user@t_post_inst,18,0.6667,-0.028523031622171402,0.028523031622171402,0.03177424147725105,0.992585062980652,False,t_inst,t_post_inst,False
R_harm,R_role_assistant_vs_user@t_post_inst,19,0.7037,-0.03520004823803902,0.03520004823803902,0.03177424147725105,0.992836594581604,True,t_inst,t_post_inst,False
R_harm,R_role_assistant_vs_user@t_post_inst,20,0.7407,-0.03834870457649231,0.03834870457649231,0.03177424147725105,0.9923973083496094,True,t_inst,t_post_inst,False
R_harm,R_role_assistant_vs_user@t_post_inst,21,0.7778,-0.038933269679546356,0.038933269679546356,0.03177424147725105,0.991816520690918,True,t_inst,t_post_inst,False
R_harm,R_role_assistant_vs_user@t_post_inst,22,0.8148,-0.05816670507192612,0.05816670507192612,0.03177424147725105,0.9904595613479614,True,t_inst,t_post_inst,False
R_harm,R_role_assistant_vs_user@t_post_inst,23,0.8519,-0.06869173794984818,0.06869173794984818,0.03177424147725105,0.9885915517807008,True,t_inst,t_post_inst,False
R_harm,R_role_assistant_vs_user@t_post_inst,24,0.8889,-0.03438539803028107,0.03438539803028107,0.03177424147725105,0.9876754879951476,True,t_inst,t_post_inst,False
R_harm,R_role_assistant_vs_user@t_post_inst,25,0.9259,-0.031967729330062866,0.031967729330062866,0.03177424147725105,0.9872959852218628,True,t_inst,t_post_inst,False
R_harm,R_role_assistant_vs_user@t_post_inst,26,0.963,-0.020091449841856956,0.020091449841856956,0.03177424147725105,0.986065685749054,False,t_inst,t_post_inst,False
R_harm,R_role_assistant_vs_user@t_post_inst,27,1.0,-0.04418326914310455,0.04418326914310455,0.03177424147725105,0.9879834055900574,True,t_inst,t_post_inst,False
R_harm,R_role_system_vs_user@t_inst,0,0.0,-0.12236156314611435,0.12236156314611435,0.03177424147725105,0.9935177564620972,True,t_inst,t_inst,True
R_harm,R_role_system_vs_user@t_inst,1,0.037,-0.37124016880989075,0.37124016880989075,0.03177424147725105,0.993014931678772,True,t_inst,t_inst,True
R_harm,R_role_system_vs_user@t_inst,2,0.0741,-0.1548427790403366,0.1548427790403366,0.03177424147725105,0.9908499717712402,True,t_inst,t_inst,True
R_harm,R_role_system_vs_user@t_inst,3,0.1111,-0.039560526609420776,0.039560526609420776,0.03177424147725105,0.9886751174926758,True,t_inst,t_inst,True
R_harm,R_role_system_vs_user@t_inst,4,0.1481,-0.049886178225278854,0.049886178225278854,0.03177424147725105,0.98908931016922,True,t_inst,t_inst,True
R_harm,R_role_system_vs_user@t_inst,5,0.1852,-0.007106836885213852,0.007106836885213852,0.03177424147725105,0.9901382327079772,False,t_inst,t_inst,True
R_harm,R_role_system_vs_user@t_inst,6,0.2222,-0.02358756586909294,0.02358756586909294,0.03177424147725105,0.9901692271232604,False,t_inst,t_inst,True
R_harm,R_role_system_vs_user@t_inst,7,0.2593,-0.0912957563996315,0.0912957563996315,0.03177424147725105,0.9893139004707336,True,t_inst,t_inst,True
R_harm,R_role_system_vs_user@t_inst,8,0.2963,-0.17027930915355682,0.17027930915355682,0.03177424147725105,0.9889318346977234,True,t_inst,t_inst,True
R_harm,R_role_system_vs_user@t_inst,9,0.3333,-0.13520658016204834,0.13520658016204834,0.03177424147725105,0.9890027046203612,True,t_inst,t_inst,True
R_harm,R_role_system_vs_user@t_inst,10,0.3704,-0.13714461028575897,0.13714461028575897,0.03177424147725105,0.9890974760055542,True,t_inst,t_inst,True
R_harm,R_role_system_vs_user@t_inst,11,0.4074,-0.16203553974628448,0.16203553974628448,0.03177424147725105,0.989480197429657,True,t_inst,t_inst,True
R_harm,R_role_system_vs_user@t_inst,12,0.4444,-0.1602163314819336,0.1602163314819336,0.03177424147725105,0.9896686673164368,True,t_inst,t_inst,True
R_harm,R_role_system_vs_user@t_inst,13,0.4815,-0.17189228534698486,0.17189228534698486,0.03177424147725105,0.9897006750106812,True,t_inst,t_inst,True
R_harm,R_role_system_vs_user@t_inst,14,0.5185,-0.16307759284973145,0.16307759284973145,0.03177424147725105,0.9905847311019896,True,t_inst,t_inst,True
R_harm,R_role_system_vs_user@t_inst,15,0.5556,-0.14922955632209778,0.14922955632209778,0.03177424147725105,0.9910866618156432,True,t_inst,t_inst,True
R_harm,R_role_system_vs_user@t_inst,16,0.5926,-0.17905281484127045,0.17905281484127045,0.03177424147725105,0.991258442401886,True,t_inst,t_inst,True
R_harm,R_role_system_vs_user@t_inst,17,0.6296,-0.19036678969860077,0.19036678969860077,0.03177424147725105,0.991793930530548,True,t_inst,t_inst,True
R_harm,R_role_system_vs_user@t_inst,18,0.6667,-0.135809525847435,0.135809525847435,0.03177424147725105,0.992585062980652,True,t_inst,t_inst,True
R_harm,R_role_system_vs_user@t_inst,19,0.7037,-0.09100045263767242,0.09100045263767242,0.03177424147725105,0.992836594581604,True,t_inst,t_inst,True
R_harm,R_role_system_vs_user@t_inst,20,0.7407,-0.08711525797843933,0.08711525797843933,0.03177424147725105,0.9923973083496094,True,t_inst,t_inst,True
R_harm,R_role_system_vs_user@t_inst,21,0.7778,-0.027978185564279556,0.027978185564279556,0.03177424147725105,0.991816520690918,False,t_inst,t_inst,True
R_harm,R_role_system_vs_user@t_inst,22,0.8148,-0.004407389089465141,0.004407389089465141,0.03177424147725105,0.9904595613479614,False,t_inst,t_inst,True
R_harm,R_role_system_vs_user@t_inst,23,0.8519,0.0003269864246249199,0.0003269864246249199,0.03177424147725105,0.9885915517807008,False,t_inst,t_inst,True
R_harm,R_role_system_vs_user@t_inst,24,0.8889,0.02787170186638832,0.02787170186638832,0.03177424147725105,0.9876754879951476,False,t_inst,t_inst,True
R_harm,R_role_system_vs_user@t_inst,25,0.9259,0.060156650841236115,0.060156650841236115,0.03177424147725105,0.9872959852218628,True,t_inst,t_inst,True
R_harm,R_role_system_vs_user@t_inst,26,0.963,0.15022358298301697,0.15022358298301697,0.03177424147725105,0.986065685749054,True,t_inst,t_inst,True
R_harm,R_role_system_vs_user@t_inst,27,1.0,0.11406353116035461,0.11406353116035461,0.03177424147725105,0.9879834055900574,True,t_inst,t_inst,True
R_harm,R_role_system_vs_user@t_post_inst,0,0.0,-0.05526719242334366,0.05526719242334366,0.03177424147725105,0.9935177564620972,True,t_inst,t_post_inst,False
R_harm,R_role_system_vs_user@t_post_inst,1,0.037,0.06683532148599625,0.06683532148599625,0.03177424147725105,0.993014931678772,True,t_inst,t_post_inst,False
R_harm,R_role_system_vs_user@t_post_inst,2,0.0741,0.06548186391592026,0.06548186391592026,0.03177424147725105,0.9908499717712402,True,t_inst,t_post_inst,False
R_harm,R_role_system_vs_user@t_post_inst,3,0.1111,0.020657572895288467,0.020657572895288467,0.03177424147725105,0.9886751174926758,False,t_inst,t_post_inst,False
R_harm,R_role_system_vs_user@t_post_inst,4,0.1481,0.04067804664373398,0.04067804664373398,0.03177424147725105,0.98908931016922,True,t_inst,t_post_inst,False
R_harm,R_role_system_vs_user@t_post_inst,5,0.1852,0.05010233074426651,0.05010233074426651,0.03177424147725105,0.9901382327079772,True,t_inst,t_post_inst,False
R_harm,R_role_system_vs_user@t_post_inst,6,0.2222,0.00489211268723011,0.00489211268723011,0.03177424147725105,0.9901692271232604,False,t_inst,t_post_inst,False
R_harm,R_role_system_vs_user@t_post_inst,7,0.2593,0.020281214267015457,0.020281214267015457,0.03177424147725105,0.9893139004707336,False,t_inst,t_post_inst,False
R_harm,R_role_system_vs_user@t_post_inst,8,0.2963,0.03823220357298851,0.03823220357298851,0.03177424147725105,0.9889318346977234,True,t_inst,t_post_inst,False
R_harm,R_role_system_vs_user@t_post_inst,9,0.3333,0.03839348629117012,0.03839348629117012,0.03177424147725105,0.9890027046203612,True,t_inst,t_post_inst,False
R_harm,R_role_system_vs_user@t_post_inst,10,0.3704,0.03973836451768875,0.03973836451768875,0.03177424147725105,0.9890974760055542,True,t_inst,t_post_inst,False
R_harm,R_role_system_vs_user@t_post_inst,11,0.4074,0.02883363515138626,0.02883363515138626,0.03177424147725105,0.989480197429657,False,t_inst,t_post_inst,False
R_harm,R_role_system_vs_user@t_post_inst,12,0.4444,-0.002968551591038704,0.002968551591038704,0.03177424147725105,0.9896686673164368,False,t_inst,t_post_inst,False
R_harm,R_role_system_vs_user@t_post_inst,13,0.4815,-0.014456493780016899,0.014456493780016899,0.03177424147725105,0.9897006750106812,False,t_inst,t_post_inst,False
R_harm,R_role_system_vs_user@t_post_inst,14,0.5185,0.03096757084131241,0.03096757084131241,0.03177424147725105,0.9905847311019896,False,t_inst,t_post_inst,False
R_harm,R_role_system_vs_user@t_post_inst,15,0.5556,0.049396246671676636,0.049396246671676636,0.03177424147725105,0.9910866618156432,True,t_inst,t_post_inst,False
R_harm,R_role_system_vs_user@t_post_inst,16,0.5926,-0.03136548772454262,0.03136548772454262,0.03177424147725105,0.991258442401886,False,t_inst,t_post_inst,False
R_harm,R_role_system_vs_user@t_post_inst,17,0.6296,-0.06745436042547226,0.06745436042547226,0.03177424147725105,0.991793930530548,True,t_inst,t_post_inst,False
R_harm,R_role_system_vs_user@t_post_inst,18,0.6667,-0.10379163175821304,0.10379163175821304,0.03177424147725105,0.992585062980652,True,t_inst,t_post_inst,False
R_harm,R_role_system_vs_user@t_post_inst,19,0.7037,-0.10352638363838196,0.10352638363838196,0.03177424147725105,0.992836594581604,True,t_inst,t_post_inst,False
R_harm,R_role_system_vs_user@t_post_inst,20,0.7407,-0.09863527119159698,0.09863527119159698,0.03177424147725105,0.9923973083496094,True,t_inst,t_post_inst,False
R_harm,R_role_system_vs_user@t_post_inst,21,0.7778,-0.05731590464711189,0.05731590464711189,0.03177424147725105,0.991816520690918,True,t_inst,t_post_inst,False
R_harm,R_role_system_vs_user@t_post_inst,22,0.8148,-0.0999293327331543,0.0999293327331543,0.03177424147725105,0.9904595613479614,True,t_inst,t_post_inst,False
R_harm,R_role_system_vs_user@t_post_inst,23,0.8519,-0.11316331475973129,0.11316331475973129,0.03177424147725105,0.9885915517807008,True,t_inst,t_post_inst,False
R_harm,R_role_system_vs_user@t_post_inst,24,0.8889,-0.09497445821762085,0.09497445821762085,0.03177424147725105,0.9876754879951476,True,t_inst,t_post_inst,False
R_harm,R_role_system_vs_user@t_post_inst,25,0.9259,-0.07770396023988724,0.07770396023988724,0.03177424147725105,0.9872959852218628,True,t_inst,t_post_inst,False
R_harm,R_role_system_vs_user@t_post_inst,26,0.963,-0.0842285007238388,0.0842285007238388,0.03177424147725105,0.986065685749054,True,t_inst,t_post_inst,False
R_harm,R_role_system_vs_user@t_post_inst,27,1.0,-0.12057087570428848,0.12057087570428848,0.03177424147725105,0.9879834055900574,True,t_inst,t_post_inst,False
R_harm,R_role_tool_vs_user@t_inst,0,0.0,0.15626859664916992,0.15626859664916992,0.03177424147725105,0.9935177564620972,True,t_inst,t_inst,True
R_harm,R_role_tool_vs_user@t_inst,1,0.037,0.3026902675628662,0.3026902675628662,0.03177424147725105,0.993014931678772,True,t_inst,t_inst,True
R_harm,R_role_tool_vs_user@t_inst,2,0.0741,0.23924127221107483,0.23924127221107483,0.03177424147725105,0.9908499717712402,True,t_inst,t_inst,True
R_harm,R_role_tool_vs_user@t_inst,3,0.1111,0.13476282358169556,0.13476282358169556,0.03177424147725105,0.9886751174926758,True,t_inst,t_inst,True
R_harm,R_role_tool_vs_user@t_inst,4,0.1481,0.1487884819507599,0.1487884819507599,0.03177424147725105,0.98908931016922,True,t_inst,t_inst,True
R_harm,R_role_tool_vs_user@t_inst,5,0.1852,0.11159785836935043,0.11159785836935043,0.03177424147725105,0.9901382327079772,True,t_inst,t_inst,True
R_harm,R_role_tool_vs_user@t_inst,6,0.2222,0.06423688679933548,0.06423688679933548,0.03177424147725105,0.9901692271232604,True,t_inst,t_inst,True
R_harm,R_role_tool_vs_user@t_inst,7,0.2593,0.004234021529555321,0.004234021529555321,0.03177424147725105,0.9893139004707336,False,t_inst,t_inst,True
R_harm,R_role_tool_vs_user@t_inst,8,0.2963,-0.05263616144657135,0.05263616144657135,0.03177424147725105,0.9889318346977234,True,t_inst,t_inst,True
R_harm,R_role_tool_vs_user@t_inst,9,0.3333,-0.023309621959924698,0.023309621959924698,0.03177424147725105,0.9890027046203612,False,t_inst,t_inst,True
R_harm,R_role_tool_vs_user@t_inst,10,0.3704,-0.03784867376089096,0.03784867376089096,0.03177424147725105,0.9890974760055542,True,t_inst,t_inst,True
R_harm,R_role_tool_vs_user@t_inst,11,0.4074,-0.03554940223693848,0.03554940223693848,0.03177424147725105,0.989480197429657,True,t_inst,t_inst,True
R_harm,R_role_tool_vs_user@t_inst,12,0.4444,-0.050257690250873566,0.050257690250873566,0.03177424147725105,0.9896686673164368,True,t_inst,t_inst,True
R_harm,R_role_tool_vs_user@t_inst,13,0.4815,-0.05668526515364647,0.05668526515364647,0.03177424147725105,0.9897006750106812,True,t_inst,t_inst,True
R_harm,R_role_tool_vs_user@t_inst,14,0.5185,-0.04485798254609108,0.04485798254609108,0.03177424147725105,0.9905847311019896,True,t_inst,t_inst,True
R_harm,R_role_tool_vs_user@t_inst,15,0.5556,-0.03988732770085335,0.03988732770085335,0.03177424147725105,0.9910866618156432,True,t_inst,t_inst,True
R_harm,R_role_tool_vs_user@t_inst,16,0.5926,-0.055025309324264526,0.055025309324264526,0.03177424147725105,0.991258442401886,True,t_inst,t_inst,True
R_harm,R_role_tool_vs_user@t_inst,17,0.6296,-0.025365956127643585,0.025365956127643585,0.03177424147725105,0.991793930530548,False,t_inst,t_inst,True
R_harm,R_role_tool_vs_user@t_inst,18,0.6667,-0.03073781356215477,0.03073781356215477,0.03177424147725105,0.992585062980652,False,t_inst,t_inst,True
R_harm,R_role_tool_vs_user@t_inst,19,0.7037,-0.03585454449057579,0.03585454449057579,0.03177424147725105,0.992836594581604,True,t_inst,t_inst,True
R_harm,R_role_tool_vs_user@t_inst,20,0.7407,-0.022179942578077316,0.022179942578077316,0.03177424147725105,0.9923973083496094,False,t_inst,t_inst,True
R_harm,R_role_tool_vs_user@t_inst,21,0.7778,0.0056172702461481094,0.0056172702461481094,0.03177424147725105,0.991816520690918,False,t_inst,t_inst,True
R_harm,R_role_tool_vs_user@t_inst,22,0.8148,0.055488474667072296,0.055488474667072296,0.03177424147725105,0.9904595613479614,True,t_inst,t_inst,True
R_harm,R_role_tool_vs_user@t_inst,23,0.8519,0.008713358081877232,0.008713358081877232,0.03177424147725105,0.9885915517807008,False,t_inst,t_inst,True
R_harm,R_role_tool_vs_user@t_inst,24,0.8889,0.03967774659395218,0.03967774659395218,0.03177424147725105,0.9876754879951476,True,t_inst,t_inst,True
R_harm,R_role_tool_vs_user@t_inst,25,0.9259,0.05535772070288658,0.05535772070288658,0.03177424147725105,0.9872959852218628,True,t_inst,t_inst,True
R_harm,R_role_tool_vs_user@t_inst,26,0.963,0.1705913245677948,0.1705913245677948,0.03177424147725105,0.986065685749054,True,t_inst,t_inst,True
R_harm,R_role_tool_vs_user@t_inst,27,1.0,0.1834954470396042,0.1834954470396042,0.03177424147725105,0.9879834055900574,True,t_inst,t_inst,True
R_harm,R_role_tool_vs_user@t_post_inst,0,0.0,0.01801026426255703,0.01801026426255703,0.03177424147725105,0.9935177564620972,False,t_inst,t_post_inst,False
R_harm,R_role_tool_vs_user@t_post_inst,1,0.037,0.0744033232331276,0.0744033232331276,0.03177424147725105,0.993014931678772,True,t_inst,t_post_inst,False
R_harm,R_role_tool_vs_user@t_post_inst,2,0.0741,0.06585615873336792,0.06585615873336792,0.03177424147725105,0.9908499717712402,True,t_inst,t_post_inst,False
R_harm,R_role_tool_vs_user@t_post_inst,3,0.1111,0.020676231011748314,0.020676231011748314,0.03177424147725105,0.9886751174926758,False,t_inst,t_post_inst,False
R_harm,R_role_tool_vs_user@t_post_inst,4,0.1481,0.020398225635290146,0.020398225635290146,0.03177424147725105,0.98908931016922,False,t_inst,t_post_inst,False
R_harm,R_role_tool_vs_user@t_post_inst,5,0.1852,-0.01344635896384716,0.01344635896384716,0.03177424147725105,0.9901382327079772,False,t_inst,t_post_inst,False
R_harm,R_role_tool_vs_user@t_post_inst,6,0.2222,0.008378918282687664,0.008378918282687664,0.03177424147725105,0.9901692271232604,False,t_inst,t_post_inst,False
R_harm,R_role_tool_vs_user@t_post_inst,7,0.2593,0.015884380787611008,0.015884380787611008,0.03177424147725105,0.9893139004707336,False,t_inst,t_post_inst,False
R_harm,R_role_tool_vs_user@t_post_inst,8,0.2963,0.017904458567500114,0.017904458567500114,0.03177424147725105,0.9889318346977234,False,t_inst,t_post_inst,False
R_harm,R_role_tool_vs_user@t_post_inst,9,0.3333,0.046838968992233276,0.046838968992233276,0.03177424147725105,0.9890027046203612,True,t_inst,t_post_inst,False
R_harm,R_role_tool_vs_user@t_post_inst,10,0.3704,0.08103938400745392,0.08103938400745392,0.03177424147725105,0.9890974760055542,True,t_inst,t_post_inst,False
R_harm,R_role_tool_vs_user@t_post_inst,11,0.4074,0.12053001672029495,0.12053001672029495,0.03177424147725105,0.989480197429657,True,t_inst,t_post_inst,False
R_harm,R_role_tool_vs_user@t_post_inst,12,0.4444,0.08829960227012634,0.08829960227012634,0.03177424147725105,0.9896686673164368,True,t_inst,t_post_inst,False
R_harm,R_role_tool_vs_user@t_post_inst,13,0.4815,0.05428239703178406,0.05428239703178406,0.03177424147725105,0.9897006750106812,True,t_inst,t_post_inst,False
R_harm,R_role_tool_vs_user@t_post_inst,14,0.5185,0.06906810402870178,0.06906810402870178,0.03177424147725105,0.9905847311019896,True,t_inst,t_post_inst,False
R_harm,R_role_tool_vs_user@t_post_inst,15,0.5556,0.06724106520414352,0.06724106520414352,0.03177424147725105,0.9910866618156432,True,t_inst,t_post_inst,False
R_harm,R_role_tool_vs_user@t_post_inst,16,0.5926,-5.033425986766815e-05,5.033425986766815e-05,0.03177424147725105,0.991258442401886,False,t_inst,t_post_inst,False
R_harm,R_role_tool_vs_user@t_post_inst,17,0.6296,-0.022994089871644974,0.022994089871644974,0.03177424147725105,0.991793930530548,False,t_inst,t_post_inst,False
R_harm,R_role_tool_vs_user@t_post_inst,18,0.6667,-0.05500521510839462,0.05500521510839462,0.03177424147725105,0.992585062980652,True,t_inst,t_post_inst,False
R_harm,R_role_tool_vs_user@t_post_inst,19,0.7037,-0.07461227476596832,0.07461227476596832,0.03177424147725105,0.992836594581604,True,t_inst,t_post_inst,False
R_harm,R_role_tool_vs_user@t_post_inst,20,0.7407,-0.08189480751752853,0.08189480751752853,0.03177424147725105,0.9923973083496094,True,t_inst,t_post_inst,False
R_harm,R_role_tool_vs_user@t_post_inst,21,0.7778,-0.08723686635494232,0.08723686635494232,0.03177424147725105,0.991816520690918,True,t_inst,t_post_inst,False
R_harm,R_role_tool_vs_user@t_post_inst,22,0.8148,-0.07605285942554474,0.07605285942554474,0.03177424147725105,0.9904595613479614,True,t_inst,t_post_inst,False
R_harm,R_role_tool_vs_user@t_post_inst,23,0.8519,-0.065093494951725,0.065093494951725,0.03177424147725105,0.9885915517807008,True,t_inst,t_post_inst,False
R_harm,R_role_tool_vs_user@t_post_inst,24,0.8889,-0.03930952399969101,0.03930952399969101,0.03177424147725105,0.9876754879951476,True,t_inst,t_post_inst,False
R_harm,R_role_tool_vs_user@t_post_inst,25,0.9259,-0.037224963307380676,0.037224963307380676,0.03177424147725105,0.9872959852218628,True,t_inst,t_post_inst,False
R_harm,R_role_tool_vs_user@t_post_inst,26,0.963,-0.03019382804632187,0.03019382804632187,0.03177424147725105,0.986065685749054,False,t_inst,t_post_inst,False
R_harm,R_role_tool_vs_user@t_post_inst,27,1.0,0.004626543261110783,0.004626543261110783,0.03177424147725105,0.9879834055900574,False,t_inst,t_post_inst,False
R_harm_at_post,R_harm_user,0,0.0,0.07883866131305695,0.07883866131305695,0.03177424147725105,0.9775015115737916,True,t_post_inst,t_inst,False
R_harm_at_post,R_harm_user,1,0.037,0.021675806492567062,0.021675806492567062,0.03177424147725105,0.9753971099853516,False,t_post_inst,t_inst,False
R_harm_at_post,R_harm_user,2,0.0741,0.04456137865781784,0.04456137865781784,0.03177424147725105,0.9684980511665344,True,t_post_inst,t_inst,False
R_harm_at_post,R_harm_user,3,0.1111,0.0966784805059433,0.0966784805059433,0.03177424147725105,0.959213137626648,True,t_post_inst,t_inst,False
R_harm_at_post,R_harm_user,4,0.1481,0.08613176643848419,0.08613176643848419,0.03177424147725105,0.9614137411117554,True,t_post_inst,t_inst,False
R_harm_at_post,R_harm_user,5,0.1852,0.09086631238460541,0.09086631238460541,0.03177424147725105,0.9651899337768556,True,t_post_inst,t_inst,False
R_harm_at_post,R_harm_user,6,0.2222,0.12292149662971497,0.12292149662971497,0.03177424147725105,0.9649524688720704,True,t_post_inst,t_inst,False
R_harm_at_post,R_harm_user,7,0.2593,0.11642606556415558,0.11642606556415558,0.03177424147725105,0.9597657918930054,True,t_post_inst,t_inst,False
R_harm_at_post,R_harm_user,8,0.2963,0.11534412205219269,0.11534412205219269,0.03177424147725105,0.9573692083358764,True,t_post_inst,t_inst,False
R_harm_at_post,R_harm_user,9,0.3333,0.14238309860229492,0.14238309860229492,0.03177424147725105,0.9574992060661316,True,t_post_inst,t_inst,False
R_harm_at_post,R_harm_user,10,0.3704,0.12353157997131348,0.12353157997131348,0.03177424147725105,0.9584187269210817,True,t_post_inst,t_inst,False
R_harm_at_post,R_harm_user,11,0.4074,0.08184893429279327,0.08184893429279327,0.03177424147725105,0.9595783352851868,True,t_post_inst,t_inst,False
R_harm_at_post,R_harm_user,12,0.4444,0.1112949401140213,0.1112949401140213,0.03177424147725105,0.9601788520812988,True,t_post_inst,t_inst,False
R_harm_at_post,R_harm_user,13,0.4815,0.12306282669305801,0.12306282669305801,0.03177424147725105,0.9599124789237976,True,t_post_inst,t_inst,False
R_harm_at_post,R_harm_user,14,0.5185,0.15829521417617798,0.15829521417617798,0.03177424147725105,0.963304042816162,True,t_post_inst,t_inst,False
R_harm_at_post,R_harm_user,15,0.5556,0.17679138481616974,0.17679138481616974,0.03177424147725105,0.965604603290558,True,t_post_inst,t_inst,False
R_harm_at_post,R_harm_user,16,0.5926,0.2369389533996582,0.2369389533996582,0.03177424147725105,0.9658327102661132,True,t_post_inst,t_inst,False
R_harm_at_post,R_harm_user,17,0.6296,0.23769573867321014,0.23769573867321014,0.03177424147725105,0.9684670567512512,True,t_post_inst,t_inst,False
R_harm_at_post,R_harm_user,18,0.6667,0.25768131017684937,0.25768131017684937,0.03177424147725105,0.9726054072380066,True,t_post_inst,t_inst,False
R_harm_at_post,R_harm_user,19,0.7037,0.22859428822994232,0.22859428822994232,0.03177424147725105,0.974351406097412,True,t_post_inst,t_inst,False
R_harm_at_post,R_harm_user,20,0.7407,0.18535606563091278,0.18535606563091278,0.03177424147725105,0.9742386937141418,True,t_post_inst,t_inst,False
R_harm_at_post,R_harm_user,21,0.7778,0.17751652002334595,0.17751652002334595,0.03177424147725105,0.9745514988899232,True,t_post_inst,t_inst,False
R_harm_at_post,R_harm_user,22,0.8148,0.2151317000389099,0.2151317000389099,0.03177424147725105,0.9723834991455078,True,t_post_inst,t_inst,False
R_harm_at_post,R_harm_user,23,0.8519,0.20286321640014648,0.20286321640014648,0.03177424147725105,0.9680925607681274,True,t_post_inst,t_inst,False
R_harm_at_post,R_harm_user,24,0.8889,0.22150230407714844,0.22150230407714844,0.03177424147725105,0.9682137370109558,True,t_post_inst,t_inst,False
R_harm_at_post,R_harm_user,25,0.9259,0.18155509233474731,0.18155509233474731,0.03177424147725105,0.968677818775177,True,t_post_inst,t_inst,False
R_harm_at_post,R_harm_user,26,0.963,0.16066241264343262,0.16066241264343262,0.03177424147725105,0.9732897877693176,True,t_post_inst,t_inst,False
R_harm_at_post,R_harm_user,27,1.0,0.15410035848617554,0.15410035848617554,0.03177424147725105,0.9790678024291992,True,t_post_inst,t_inst,False
R_harm_at_post,R_role_assistant_vs_user@t_inst,0,0.0,-0.1141013652086258,0.1141013652086258,0.03177424147725105,0.9790131449699402,True,t_post_inst,t_inst,False
R_harm_at_post,R_role_assistant_vs_user@t_inst,1,0.037,-0.12964896857738495,0.12964896857738495,0.03177424147725105,0.9820110201835632,True,t_post_inst,t_inst,False
R_harm_at_post,R_role_assistant_vs_user@t_inst,2,0.0741,-0.05834805965423584,0.05834805965423584,0.03177424147725105,0.9828051328659058,True,t_post_inst,t_inst,False
R_harm_at_post,R_role_assistant_vs_user@t_inst,3,0.1111,-0.01754729263484478,0.01754729263484478,0.03177424147725105,0.9830379486083984,False,t_post_inst,t_inst,False
R_harm_at_post,R_role_assistant_vs_user@t_inst,4,0.1481,-0.023343341425061226,0.023343341425061226,0.03177424147725105,0.9802291989326476,False,t_post_inst,t_inst,False
R_harm_at_post,R_role_assistant_vs_user@t_inst,5,0.1852,0.015107999555766582,0.015107999555766582,0.03177424147725105,0.9838614463806152,False,t_post_inst,t_inst,False
R_harm_at_post,R_role_assistant_vs_user@t_inst,6,0.2222,-0.009505718015134335,0.009505718015134335,0.03177424147725105,0.9843446016311646,False,t_post_inst,t_inst,False
R_harm_at_post,R_role_assistant_vs_user@t_inst,7,0.2593,-0.03048863634467125,0.03048863634467125,0.03177424147725105,0.9864670038223268,False,t_post_inst,t_inst,False
R_harm_at_post,R_role_assistant_vs_user@t_inst,8,0.2963,-0.06761278212070465,0.06761278212070465,0.03177424147725105,0.9876991510391236,True,t_post_inst,t_inst,False
R_harm_at_post,R_role_assistant_vs_user@t_inst,9,0.3333,-0.0034098364412784576,0.0034098364412784576,0.03177424147725105,0.9888843297958374,False,t_post_inst,t_inst,False
R_harm_at_post,R_role_assistant_vs_user@t_inst,10,0.3704,-0.06676898896694183,0.06676898896694183,0.03177424147725105,0.989293098449707,True,t_post_inst,t_inst,False
R_harm_at_post,R_role_assistant_vs_user@t_inst,11,0.4074,-0.12505322694778442,0.12505322694778442,0.03177424147725105,0.9896952509880066,True,t_post_inst,t_inst,False
R_harm_at_post,R_role_assistant_vs_user@t_inst,12,0.4444,-0.047910284250974655,0.047910284250974655,0.03177424147725105,0.9896019101142884,True,t_post_inst,t_inst,False
R_harm_at_post,R_role_assistant_vs_user@t_inst,13,0.4815,-0.14276240766048431,0.14276240766048431,0.03177424147725105,0.9923056364059448,True,t_post_inst,t_inst,False
R_harm_at_post,R_role_assistant_vs_user@t_inst,14,0.5185,-0.0807768777012825,0.0807768777012825,0.03177424147725105,0.9938710927963256,True,t_post_inst,t_inst,False
R_harm_at_post,R_role_assistant_vs_user@t_inst,15,0.5556,-0.07062683999538422,0.07062683999538422,0.03177424147725105,0.994503617286682,True,t_post_inst,t_inst,False
R_harm_at_post,R_role_assistant_vs_user@t_inst,16,0.5926,-0.043554265052080154,0.043554265052080154,0.03177424147725105,0.9950588941574096,True,t_post_inst,t_inst,False
R_harm_at_post,R_role_assistant_vs_user@t_inst,17,0.6296,-0.051152415573596954,0.051152415573596954,0.03177424147725105,0.9957583546638488,True,t_post_inst,t_inst,False
R_harm_at_post,R_role_assistant_vs_user@t_inst,18,0.6667,0.0283292718231678,0.0283292718231678,0.03177424147725105,0.9969147443771362,False,t_post_inst,t_inst,False
R_harm_at_post,R_role_assistant_vs_user@t_inst,19,0.7037,0.09021957963705063,0.09021957963705063,0.03177424147725105,0.9970699548721312,True,t_post_inst,t_inst,False
R_harm_at_post,R_role_assistant_vs_user@t_inst,20,0.7407,0.1540338546037674,0.1540338546037674,0.03177424147725105,0.9973958730697632,True,t_post_inst,t_inst,False
R_harm_at_post,R_role_assistant_vs_user@t_inst,21,0.7778,0.15971244871616364,0.15971244871616364,0.03177424147725105,0.997060477733612,True,t_post_inst,t_inst,False
R_harm_at_post,R_role_assistant_vs_user@t_inst,22,0.8148,0.1572096347808838,0.1572096347808838,0.03177424147725105,0.996700644493103,True,t_post_inst,t_inst,False
R_harm_at_post,R_role_assistant_vs_user@t_inst,23,0.8519,0.17049570381641388,0.17049570381641388,0.03177424147725105,0.9969140291213988,True,t_post_inst,t_inst,False
R_harm_at_post,R_role_assistant_vs_user@t_inst,24,0.8889,0.18715344369411469,0.18715344369411469,0.03177424147725105,0.9967166781425476,True,t_post_inst,t_inst,False
R_harm_at_post,R_role_assistant_vs_user@t_inst,25,0.9259,0.15335801243782043,0.15335801243782043,0.03177424147725105,0.9966608285903932,True,t_post_inst,t_inst,False
R_harm_at_post,R_role_assistant_vs_user@t_inst,26,0.963,0.15892252326011658,0.15892252326011658,0.03177424147725105,0.9962682723999025,True,t_post_inst,t_inst,False
R_harm_at_post,R_role_assistant_vs_user@t_inst,27,1.0,0.07077394425868988,0.07077394425868988,0.03177424147725105,0.9959722757339478,True,t_post_inst,t_inst,False
R_harm_at_post,R_role_assistant_vs_user@t_post_inst,0,0.0,-0.12145417928695679,0.12145417928695679,0.03177424147725105,0.9790131449699402,True,t_post_inst,t_post_inst,True
R_harm_at_post,R_role_assistant_vs_user@t_post_inst,1,0.037,-0.09325815737247467,0.09325815737247467,0.03177424147725105,0.9820110201835632,True,t_post_inst,t_post_inst,True
R_harm_at_post,R_role_assistant_vs_user@t_post_inst,2,0.0741,-0.0694425106048584,0.0694425106048584,0.03177424147725105,0.9828051328659058,True,t_post_inst,t_post_inst,True
R_harm_at_post,R_role_assistant_vs_user@t_post_inst,3,0.1111,-0.03910664841532707,0.03910664841532707,0.03177424147725105,0.9830379486083984,True,t_post_inst,t_post_inst,True
R_harm_at_post,R_role_assistant_vs_user@t_post_inst,4,0.1481,0.09254519641399384,0.09254519641399384,0.03177424147725105,0.9802291989326476,True,t_post_inst,t_post_inst,True
R_harm_at_post,R_role_assistant_vs_user@t_post_inst,5,0.1852,-0.0667218565940857,0.0667218565940857,0.03177424147725105,0.9838614463806152,True,t_post_inst,t_post_inst,True
R_harm_at_post,R_role_assistant_vs_user@t_post_inst,6,0.2222,-0.029474807903170586,0.029474807903170586,0.03177424147725105,0.9843446016311646,False,t_post_inst,t_post_inst,True
R_harm_at_post,R_role_assistant_vs_user@t_post_inst,7,0.2593,-0.06928735971450806,0.06928735971450806,0.03177424147725105,0.9864670038223268,True,t_post_inst,t_post_inst,True
R_harm_at_post,R_role_assistant_vs_user@t_post_inst,8,0.2963,-0.09761910140514374,0.09761910140514374,0.03177424147725105,0.9876991510391236,True,t_post_inst,t_post_inst,True
R_harm_at_post,R_role_assistant_vs_user@t_post_inst,9,0.3333,-0.2096397429704666,0.2096397429704666,0.03177424147725105,0.9888843297958374,True,t_post_inst,t_post_inst,True
R_harm_at_post,R_role_assistant_vs_user@t_post_inst,10,0.3704,-0.24473631381988525,0.24473631381988525,0.03177424147725105,0.989293098449707,True,t_post_inst,t_post_inst,True
R_harm_at_post,R_role_assistant_vs_user@t_post_inst,11,0.4074,-0.2762203812599182,0.2762203812599182,0.03177424147725105,0.9896952509880066,True,t_post_inst,t_post_inst,True
R_harm_at_post,R_role_assistant_vs_user@t_post_inst,12,0.4444,-0.22753164172172546,0.22753164172172546,0.03177424147725105,0.9896019101142884,True,t_post_inst,t_post_inst,True
R_harm_at_post,R_role_assistant_vs_user@t_post_inst,13,0.4815,-0.24824072420597076,0.24824072420597076,0.03177424147725105,0.9923056364059448,True,t_post_inst,t_post_inst,True
R_harm_at_post,R_role_assistant_vs_user@t_post_inst,14,0.5185,-0.19042634963989258,0.19042634963989258,0.03177424147725105,0.9938710927963256,True,t_post_inst,t_post_inst,True
R_harm_at_post,R_role_assistant_vs_user@t_post_inst,15,0.5556,-0.2058124542236328,0.2058124542236328,0.03177424147725105,0.994503617286682,True,t_post_inst,t_post_inst,True
R_harm_at_post,R_role_assistant_vs_user@t_post_inst,16,0.5926,-0.10515327006578445,0.10515327006578445,0.03177424147725105,0.9950588941574096,True,t_post_inst,t_post_inst,True
R_harm_at_post,R_role_assistant_vs_user@t_post_inst,17,0.6296,-0.08691156655550003,0.08691156655550003,0.03177424147725105,0.9957583546638488,True,t_post_inst,t_post_inst,True
R_harm_at_post,R_role_assistant_vs_user@t_post_inst,18,0.6667,-0.039614301174879074,0.039614301174879074,0.03177424147725105,0.9969147443771362,True,t_post_inst,t_post_inst,True
R_harm_at_post,R_role_assistant_vs_user@t_post_inst,19,0.7037,-0.05321865901350975,0.05321865901350975,0.03177424147725105,0.9970699548721312,True,t_post_inst,t_post_inst,True
R_harm_at_post,R_role_assistant_vs_user@t_post_inst,20,0.7407,0.05906490609049797,0.05906490609049797,0.03177424147725105,0.9973958730697632,True,t_post_inst,t_post_inst,True
R_harm_at_post,R_role_assistant_vs_user@t_post_inst,21,0.7778,0.09512633085250854,0.09512633085250854,0.03177424147725105,0.997060477733612,True,t_post_inst,t_post_inst,True
R_harm_at_post,R_role_assistant_vs_user@t_post_inst,22,0.8148,0.04496364668011665,0.04496364668011665,0.03177424147725105,0.996700644493103,True,t_post_inst,t_post_inst,True
R_harm_at_post,R_role_assistant_vs_user@t_post_inst,23,0.8519,0.10763926059007645,0.10763926059007645,0.03177424147725105,0.9969140291213988,True,t_post_inst,t_post_inst,True
R_harm_at_post,R_role_assistant_vs_user@t_post_inst,24,0.8889,0.1568089872598648,0.1568089872598648,0.03177424147725105,0.9967166781425476,True,t_post_inst,t_post_inst,True
R_harm_at_post,R_role_assistant_vs_user@t_post_inst,25,0.9259,0.1490996778011322,0.1490996778011322,0.03177424147725105,0.9966608285903932,True,t_post_inst,t_post_inst,True
R_harm_at_post,R_role_assistant_vs_user@t_post_inst,26,0.963,0.11443136632442474,0.11443136632442474,0.03177424147725105,0.9962682723999025,True,t_post_inst,t_post_inst,True
R_harm_at_post,R_role_assistant_vs_user@t_post_inst,27,1.0,0.029321111738681793,0.029321111738681793,0.03177424147725105,0.9959722757339478,False,t_post_inst,t_post_inst,True
R_harm_at_post,R_role_system_vs_user@t_inst,0,0.0,0.13233458995819092,0.13233458995819092,0.03177424147725105,0.9790131449699402,True,t_post_inst,t_inst,False
R_harm_at_post,R_role_system_vs_user@t_inst,1,0.037,0.20358677208423615,0.20358677208423615,0.03177424147725105,0.9820110201835632,True,t_post_inst,t_inst,False
R_harm_at_post,R_role_system_vs_user@t_inst,2,0.0741,0.07831712812185287,0.07831712812185287,0.03177424147725105,0.9828051328659058,True,t_post_inst,t_inst,False
R_harm_at_post,R_role_system_vs_user@t_inst,3,0.1111,0.06455060839653015,0.06455060839653015,0.03177424147725105,0.9830379486083984,True,t_post_inst,t_inst,False
R_harm_at_post,R_role_system_vs_user@t_inst,4,0.1481,0.05519741028547287,0.05519741028547287,0.03177424147725105,0.9802291989326476,True,t_post_inst,t_inst,False
R_harm_at_post,R_role_system_vs_user@t_inst,5,0.1852,0.0601494163274765,0.0601494163274765,0.03177424147725105,0.9838614463806152,True,t_post_inst,t_inst,False
R_harm_at_post,R_role_system_vs_user@t_inst,6,0.2222,0.05131855234503746,0.05131855234503746,0.03177424147725105,0.9843446016311646,True,t_post_inst,t_inst,False
R_harm_at_post,R_role_system_vs_user@t_inst,7,0.2593,0.005139459855854511,0.005139459855854511,0.03177424147725105,0.9864670038223268,False,t_post_inst,t_inst,False
R_harm_at_post,R_role_system_vs_user@t_inst,8,0.2963,0.007478646002709866,0.007478646002709866,0.03177424147725105,0.9876991510391236,False,t_post_inst,t_inst,False
R_harm_at_post,R_role_system_vs_user@t_inst,9,0.3333,0.07682366669178009,0.07682366669178009,0.03177424147725105,0.9888843297958374,True,t_post_inst,t_inst,False
R_harm_at_post,R_role_system_vs_user@t_inst,10,0.3704,0.06860297173261642,0.06860297173261642,0.03177424147725105,0.989293098449707,True,t_post_inst,t_inst,False
R_harm_at_post,R_role_system_vs_user@t_inst,11,0.4074,0.06570862233638763,0.06570862233638763,0.03177424147725105,0.9896952509880066,True,t_post_inst,t_inst,False
R_harm_at_post,R_role_system_vs_user@t_inst,12,0.4444,0.1219557449221611,0.1219557449221611,0.03177424147725105,0.9896019101142884,True,t_post_inst,t_inst,False
R_harm_at_post,R_role_system_vs_user@t_inst,13,0.4815,0.01989145576953888,0.01989145576953888,0.03177424147725105,0.9923056364059448,False,t_post_inst,t_inst,False
R_harm_at_post,R_role_system_vs_user@t_inst,14,0.5185,0.04971633478999138,0.04971633478999138,0.03177424147725105,0.9938710927963256,True,t_post_inst,t_inst,False
R_harm_at_post,R_role_system_vs_user@t_inst,15,0.5556,0.020699385553598404,0.020699385553598404,0.03177424147725105,0.994503617286682,False,t_post_inst,t_inst,False
R_harm_at_post,R_role_system_vs_user@t_inst,16,0.5926,0.020173463970422745,0.020173463970422745,0.03177424147725105,0.9950588941574096,False,t_post_inst,t_inst,False
R_harm_at_post,R_role_system_vs_user@t_inst,17,0.6296,0.005174264311790466,0.005174264311790466,0.03177424147725105,0.9957583546638488,False,t_post_inst,t_inst,False
R_harm_at_post,R_role_system_vs_user@t_inst,18,0.6667,0.04883278161287308,0.04883278161287308,0.03177424147725105,0.9969147443771362,True,t_post_inst,t_inst,False
R_harm_at_post,R_role_system_vs_user@t_inst,19,0.7037,0.08157327771186829,0.08157327771186829,0.03177424147725105,0.9970699548721312,True,t_post_inst,t_inst,False
R_harm_at_post,R_role_system_vs_user@t_inst,20,0.7407,0.07073499262332916,0.07073499262332916,0.03177424147725105,0.9973958730697632,True,t_post_inst,t_inst,False
R_harm_at_post,R_role_system_vs_user@t_inst,21,0.7778,0.04979058355093002,0.04979058355093002,0.03177424147725105,0.997060477733612,True,t_post_inst,t_inst,False
R_harm_at_post,R_role_system_vs_user@t_inst,22,0.8148,0.033840030431747437,0.033840030431747437,0.03177424147725105,0.996700644493103,True,t_post_inst,t_inst,False
R_harm_at_post,R_role_system_vs_user@t_inst,23,0.8519,0.04305823892354965,0.04305823892354965,0.03177424147725105,0.9969140291213988,True,t_post_inst,t_inst,False
R_harm_at_post,R_role_system_vs_user@t_inst,24,0.8889,0.03384910523891449,0.03384910523891449,0.03177424147725105,0.9967166781425476,True,t_post_inst,t_inst,False
R_harm_at_post,R_role_system_vs_user@t_inst,25,0.9259,0.009334547445178032,0.009334547445178032,0.03177424147725105,0.9966608285903932,False,t_post_inst,t_inst,False
R_harm_at_post,R_role_system_vs_user@t_inst,26,0.963,-0.0069648632779717445,0.0069648632779717445,0.03177424147725105,0.9962682723999025,False,t_post_inst,t_inst,False
R_harm_at_post,R_role_system_vs_user@t_inst,27,1.0,-0.029623214155435562,0.029623214155435562,0.03177424147725105,0.9959722757339478,False,t_post_inst,t_inst,False
R_harm_at_post,R_role_system_vs_user@t_post_inst,0,0.0,-0.17940989136695862,0.17940989136695862,0.03177424147725105,0.9790131449699402,True,t_post_inst,t_post_inst,True
R_harm_at_post,R_role_system_vs_user@t_post_inst,1,0.037,-0.3321267366409302,0.3321267366409302,0.03177424147725105,0.9820110201835632,True,t_post_inst,t_post_inst,True
R_harm_at_post,R_role_system_vs_user@t_post_inst,2,0.0741,-0.21353664994239807,0.21353664994239807,0.03177424147725105,0.9828051328659058,True,t_post_inst,t_post_inst,True
R_harm_at_post,R_role_system_vs_user@t_post_inst,3,0.1111,-0.05459292232990265,0.05459292232990265,0.03177424147725105,0.9830379486083984,True,t_post_inst,t_post_inst,True
R_harm_at_post,R_role_system_vs_user@t_post_inst,4,0.1481,0.0303553007543087,0.0303553007543087,0.03177424147725105,0.9802291989326476,False,t_post_inst,t_post_inst,True
R_harm_at_post,R_role_system_vs_user@t_post_inst,5,0.1852,-0.07930366694927216,0.07930366694927216,0.03177424147725105,0.9838614463806152,True,t_post_inst,t_post_inst,True
R_harm_at_post,R_role_system_vs_user@t_post_inst,6,0.2222,-0.07717706263065338,0.07717706263065338,0.03177424147725105,0.9843446016311646,True,t_post_inst,t_post_inst,True
R_harm_at_post,R_role_system_vs_user@t_post_inst,7,0.2593,-0.19905374944210052,0.19905374944210052,0.03177424147725105,0.9864670038223268,True,t_post_inst,t_post_inst,True
R_harm_at_post,R_role_system_vs_user@t_post_inst,8,0.2963,-0.17517130076885223,0.17517130076885223,0.03177424147725105,0.9876991510391236,True,t_post_inst,t_post_inst,True
R_harm_at_post,R_role_system_vs_user@t_post_inst,9,0.3333,-0.25940588116645813,0.25940588116645813,0.03177424147725105,0.9888843297958374,True,t_post_inst,t_post_inst,True
R_harm_at_post,R_role_system_vs_user@t_post_inst,10,0.3704,-0.22462284564971924,0.22462284564971924,0.03177424147725105,0.989293098449707,True,t_post_inst,t_post_inst,True
R_harm_at_post,R_role_system_vs_user@t_post_inst,11,0.4074,-0.21004480123519897,0.21004480123519897,0.03177424147725105,0.9896952509880066,True,t_post_inst,t_post_inst,True
R_harm_at_post,R_role_system_vs_user@t_post_inst,12,0.4444,-0.1508558839559555,0.1508558839559555,0.03177424147725105,0.9896019101142884,True,t_post_inst,t_post_inst,True
R_harm_at_post,R_role_system_vs_user@t_post_inst,13,0.4815,-0.2868082523345947,0.2868082523345947,0.03177424147725105,0.9923056364059448,True,t_post_inst,t_post_inst,True
R_harm_at_post,R_role_system_vs_user@t_post_inst,14,0.5185,-0.2942928969860077,0.2942928969860077,0.03177424147725105,0.9938710927963256,True,t_post_inst,t_post_inst,True
R_harm_at_post,R_role_system_vs_user@t_post_inst,15,0.5556,-0.280798077583313,0.280798077583313,0.03177424147725105,0.994503617286682,True,t_post_inst,t_post_inst,True
R_harm_at_post,R_role_system_vs_user@t_post_inst,16,0.5926,-0.2305469512939453,0.2305469512939453,0.03177424147725105,0.9950588941574096,True,t_post_inst,t_post_inst,True
R_harm_at_post,R_role_system_vs_user@t_post_inst,17,0.6296,-0.233024001121521,0.233024001121521,0.03177424147725105,0.9957583546638488,True,t_post_inst,t_post_inst,True
R_harm_at_post,R_role_system_vs_user@t_post_inst,18,0.6667,-0.22000154852867126,0.22000154852867126,0.03177424147725105,0.9969147443771362,True,t_post_inst,t_post_inst,True
R_harm_at_post,R_role_system_vs_user@t_post_inst,19,0.7037,-0.18914978206157684,0.18914978206157684,0.03177424147725105,0.9970699548721312,True,t_post_inst,t_post_inst,True
R_harm_at_post,R_role_system_vs_user@t_post_inst,20,0.7407,-0.19951671361923218,0.19951671361923218,0.03177424147725105,0.9973958730697632,True,t_post_inst,t_post_inst,True
R_harm_at_post,R_role_system_vs_user@t_post_inst,21,0.7778,-0.16671988368034363,0.16671988368034363,0.03177424147725105,0.997060477733612,True,t_post_inst,t_post_inst,True
R_harm_at_post,R_role_system_vs_user@t_post_inst,22,0.8148,-0.1996569037437439,0.1996569037437439,0.03177424147725105,0.996700644493103,True,t_post_inst,t_post_inst,True
R_harm_at_post,R_role_system_vs_user@t_post_inst,23,0.8519,-0.1949319839477539,0.1949319839477539,0.03177424147725105,0.9969140291213988,True,t_post_inst,t_post_inst,True
R_harm_at_post,R_role_system_vs_user@t_post_inst,24,0.8889,-0.18918105959892273,0.18918105959892273,0.03177424147725105,0.9967166781425476,True,t_post_inst,t_post_inst,True
R_harm_at_post,R_role_system_vs_user@t_post_inst,25,0.9259,-0.13360612094402313,0.13360612094402313,0.03177424147725105,0.9966608285903932,True,t_post_inst,t_post_inst,True
R_harm_at_post,R_role_system_vs_user@t_post_inst,26,0.963,-0.15780970454216003,0.15780970454216003,0.03177424147725105,0.9962682723999025,True,t_post_inst,t_post_inst,True
R_harm_at_post,R_role_system_vs_user@t_post_inst,27,1.0,-0.20250685513019562,0.20250685513019562,0.03177424147725105,0.9959722757339478,True,t_post_inst,t_post_inst,True
R_harm_at_post,R_role_tool_vs_user@t_inst,0,0.0,-0.08863210678100586,0.08863210678100586,0.03177424147725105,0.9790131449699402,True,t_post_inst,t_inst,False
R_harm_at_post,R_role_tool_vs_user@t_inst,1,0.037,-0.10294182598590851,0.10294182598590851,0.03177424147725105,0.9820110201835632,True,t_post_inst,t_inst,False
R_harm_at_post,R_role_tool_vs_user@t_inst,2,0.0741,-0.05528019368648529,0.05528019368648529,0.03177424147725105,0.9828051328659058,True,t_post_inst,t_inst,False
R_harm_at_post,R_role_tool_vs_user@t_inst,3,0.1111,-0.017915261909365654,0.017915261909365654,0.03177424147725105,0.9830379486083984,False,t_post_inst,t_inst,False
R_harm_at_post,R_role_tool_vs_user@t_inst,4,0.1481,-0.0090278135612607,0.0090278135612607,0.03177424147725105,0.9802291989326476,False,t_post_inst,t_inst,False
R_harm_at_post,R_role_tool_vs_user@t_inst,5,0.1852,0.004480522125959396,0.004480522125959396,0.03177424147725105,0.9838614463806152,False,t_post_inst,t_inst,False
R_harm_at_post,R_role_tool_vs_user@t_inst,6,0.2222,0.001022770069539547,0.001022770069539547,0.03177424147725105,0.9843446016311646,False,t_post_inst,t_inst,False
R_harm_at_post,R_role_tool_vs_user@t_inst,7,0.2593,-0.016012482345104218,0.016012482345104218,0.03177424147725105,0.9864670038223268,False,t_post_inst,t_inst,False
R_harm_at_post,R_role_tool_vs_user@t_inst,8,0.2963,-0.045014940202236176,0.045014940202236176,0.03177424147725105,0.9876991510391236,True,t_post_inst,t_inst,False
R_harm_at_post,R_role_tool_vs_user@t_inst,9,0.3333,-0.03475238382816315,0.03475238382816315,0.03177424147725105,0.9888843297958374,True,t_post_inst,t_inst,False
R_harm_at_post,R_role_tool_vs_user@t_inst,10,0.3704,-0.032245151698589325,0.032245151698589325,0.03177424147725105,0.989293098449707,True,t_post_inst,t_inst,False
R_harm_at_post,R_role_tool_vs_user@t_inst,11,0.4074,-0.04322392866015434,0.04322392866015434,0.03177424147725105,0.9896952509880066,True,t_post_inst,t_inst,False
R_harm_at_post,R_role_tool_vs_user@t_inst,12,0.4444,-0.019176414236426353,0.019176414236426353,0.03177424147725105,0.9896019101142884,False,t_post_inst,t_inst,False
R_harm_at_post,R_role_tool_vs_user@t_inst,13,0.4815,-0.0442548543214798,0.0442548543214798,0.03177424147725105,0.9923056364059448,True,t_post_inst,t_inst,False
R_harm_at_post,R_role_tool_vs_user@t_inst,14,0.5185,-0.022980395704507828,0.022980395704507828,0.03177424147725105,0.9938710927963256,False,t_post_inst,t_inst,False
R_harm_at_post,R_role_tool_vs_user@t_inst,15,0.5556,-0.03366735950112343,0.03366735950112343,0.03177424147725105,0.994503617286682,True,t_post_inst,t_inst,False
R_harm_at_post,R_role_tool_vs_user@t_inst,16,0.5926,-0.010751895606517792,0.010751895606517792,0.03177424147725105,0.9950588941574096,False,t_post_inst,t_inst,False
R_harm_at_post,R_role_tool_vs_user@t_inst,17,0.6296,-0.015105943195521832,0.015105943195521832,0.03177424147725105,0.9957583546638488,False,t_post_inst,t_inst,False
R_harm_at_post,R_role_tool_vs_user@t_inst,18,0.6667,0.010089617222547531,0.010089617222547531,0.03177424147725105,0.9969147443771362,False,t_post_inst,t_inst,False
R_harm_at_post,R_role_tool_vs_user@t_inst,19,0.7037,0.001800641417503357,0.001800641417503357,0.03177424147725105,0.9970699548721312,False,t_post_inst,t_inst,False
R_harm_at_post,R_role_tool_vs_user@t_inst,20,0.7407,0.010459121316671371,0.010459121316671371,0.03177424147725105,0.9973958730697632,False,t_post_inst,t_inst,False
R_harm_at_post,R_role_tool_vs_user@t_inst,21,0.7778,-0.0017687678337097168,0.0017687678337097168,0.03177424147725105,0.997060477733612,False,t_post_inst,t_inst,False
R_harm_at_post,R_role_tool_vs_user@t_inst,22,0.8148,0.023599907755851746,0.023599907755851746,0.03177424147725105,0.996700644493103,False,t_post_inst,t_inst,False
R_harm_at_post,R_role_tool_vs_user@t_inst,23,0.8519,0.002298537641763687,0.002298537641763687,0.03177424147725105,0.9969140291213988,False,t_post_inst,t_inst,False
R_harm_at_post,R_role_tool_vs_user@t_inst,24,0.8889,0.027611516416072845,0.027611516416072845,0.03177424147725105,0.9967166781425476,False,t_post_inst,t_inst,False
R_harm_at_post,R_role_tool_vs_user@t_inst,25,0.9259,-0.017432255670428276,0.017432255670428276,0.03177424147725105,0.9966608285903932,False,t_post_inst,t_inst,False
R_harm_at_post,R_role_tool_vs_user@t_inst,26,0.963,-0.03204312548041344,0.03204312548041344,0.03177424147725105,0.9962682723999025,True,t_post_inst,t_inst,False
R_harm_at_post,R_role_tool_vs_user@t_inst,27,1.0,-0.014296583831310272,0.014296583831310272,0.03177424147725105,0.9959722757339478,False,t_post_inst,t_inst,False
R_harm_at_post,R_role_tool_vs_user@t_post_inst,0,0.0,-0.13875341415405273,0.13875341415405273,0.03177424147725105,0.9790131449699402,True,t_post_inst,t_post_inst,True
R_harm_at_post,R_role_tool_vs_user@t_post_inst,1,0.037,-0.0836469978094101,0.0836469978094101,0.03177424147725105,0.9820110201835632,True,t_post_inst,t_post_inst,True
R_harm_at_post,R_role_tool_vs_user@t_post_inst,2,0.0741,-0.11944372951984406,0.11944372951984406,0.03177424147725105,0.9828051328659058,True,t_post_inst,t_post_inst,True
R_harm_at_post,R_role_tool_vs_user@t_post_inst,3,0.1111,0.028071388602256775,0.028071388602256775,0.03177424147725105,0.9830379486083984,False,t_post_inst,t_post_inst,True
R_harm_at_post,R_role_tool_vs_user@t_post_inst,4,0.1481,0.08045187592506409,0.08045187592506409,0.03177424147725105,0.9802291989326476,True,t_post_inst,t_post_inst,True
R_harm_at_post,R_role_tool_vs_user@t_post_inst,5,0.1852,-0.009238068014383316,0.009238068014383316,0.03177424147725105,0.9838614463806152,False,t_post_inst,t_post_inst,True
R_harm_at_post,R_role_tool_vs_user@t_post_inst,6,0.2222,0.008799232542514801,0.008799232542514801,0.03177424147725105,0.9843446016311646,False,t_post_inst,t_post_inst,True
R_harm_at_post,R_role_tool_vs_user@t_post_inst,7,0.2593,-0.09957106411457062,0.09957106411457062,0.03177424147725105,0.9864670038223268,True,t_post_inst,t_post_inst,True
R_harm_at_post,R_role_tool_vs_user@t_post_inst,8,0.2963,-0.14023956656455994,0.14023956656455994,0.03177424147725105,0.9876991510391236,True,t_post_inst,t_post_inst,True
R_harm_at_post,R_role_tool_vs_user@t_post_inst,9,0.3333,-0.2375892549753189,0.2375892549753189,0.03177424147725105,0.9888843297958374,True,t_post_inst,t_post_inst,True
R_harm_at_post,R_role_tool_vs_user@t_post_inst,10,0.3704,-0.29615190625190735,0.29615190625190735,0.03177424147725105,0.989293098449707,True,t_post_inst,t_post_inst,True
R_harm_at_post,R_role_tool_vs_user@t_post_inst,11,0.4074,-0.3168070316314697,0.3168070316314697,0.03177424147725105,0.9896952509880066,True,t_post_inst,t_post_inst,True
R_harm_at_post,R_role_tool_vs_user@t_post_inst,12,0.4444,-0.23138512670993805,0.23138512670993805,0.03177424147725105,0.9896019101142884,True,t_post_inst,t_post_inst,True
R_harm_at_post,R_role_tool_vs_user@t_post_inst,13,0.4815,-0.3068976104259491,0.3068976104259491,0.03177424147725105,0.9923056364059448,True,t_post_inst,t_post_inst,True
R_harm_at_post,R_role_tool_vs_user@t_post_inst,14,0.5185,-0.326217383146286,0.326217383146286,0.03177424147725105,0.9938710927963256,True,t_post_inst,t_post_inst,True
R_harm_at_post,R_role_tool_vs_user@t_post_inst,15,0.5556,-0.33093881607055664,0.33093881607055664,0.03177424147725105,0.994503617286682,True,t_post_inst,t_post_inst,True
R_harm_at_post,R_role_tool_vs_user@t_post_inst,16,0.5926,-0.31829380989074707,0.31829380989074707,0.03177424147725105,0.9950588941574096,True,t_post_inst,t_post_inst,True
R_harm_at_post,R_role_tool_vs_user@t_post_inst,17,0.6296,-0.3308383822441101,0.3308383822441101,0.03177424147725105,0.9957583546638488,True,t_post_inst,t_post_inst,True
R_harm_at_post,R_role_tool_vs_user@t_post_inst,18,0.6667,-0.1055728942155838,0.1055728942155838,0.03177424147725105,0.9969147443771362,True,t_post_inst,t_post_inst,True
R_harm_at_post,R_role_tool_vs_user@t_post_inst,19,0.7037,-0.11037443578243256,0.11037443578243256,0.03177424147725105,0.9970699548721312,True,t_post_inst,t_post_inst,True
R_harm_at_post,R_role_tool_vs_user@t_post_inst,20,0.7407,-0.008578872308135033,0.008578872308135033,0.03177424147725105,0.9973958730697632,False,t_post_inst,t_post_inst,True
R_harm_at_post,R_role_tool_vs_user@t_post_inst,21,0.7778,0.005573485046625137,0.005573485046625137,0.03177424147725105,0.997060477733612,False,t_post_inst,t_post_inst,True
R_harm_at_post,R_role_tool_vs_user@t_post_inst,22,0.8148,-0.024181261658668518,0.024181261658668518,0.03177424147725105,0.996700644493103,False,t_post_inst,t_post_inst,True
R_harm_at_post,R_role_tool_vs_user@t_post_inst,23,0.8519,0.053577110171318054,0.053577110171318054,0.03177424147725105,0.9969140291213988,True,t_post_inst,t_post_inst,True
R_harm_at_post,R_role_tool_vs_user@t_post_inst,24,0.8889,0.07195638120174408,0.07195638120174408,0.03177424147725105,0.9967166781425476,True,t_post_inst,t_post_inst,True
R_harm_at_post,R_role_tool_vs_user@t_post_inst,25,0.9259,0.04800625145435333,0.04800625145435333,0.03177424147725105,0.9966608285903932,True,t_post_inst,t_post_inst,True
R_harm_at_post,R_role_tool_vs_user@t_post_inst,26,0.963,0.013811144977807999,0.013811144977807999,0.03177424147725105,0.9962682723999025,False,t_post_inst,t_post_inst,True
R_harm_at_post,R_role_tool_vs_user@t_post_inst,27,1.0,-0.0994306430220604,0.0994306430220604,0.03177424147725105,0.9959722757339478,True,t_post_inst,t_post_inst,True
R_harm_user,R_role_assistant_vs_user@t_inst,0,0.0,0.056436408311128616,0.056436408311128616,0.03177424147725105,0.9775015115737916,True,t_inst,t_inst,True
R_harm_user,R_role_assistant_vs_user@t_inst,1,0.037,0.3338410556316376,0.3338410556316376,0.03177424147725105,0.9753971099853516,True,t_inst,t_inst,True
R_harm_user,R_role_assistant_vs_user@t_inst,2,0.0741,0.24141794443130493,0.24141794443130493,0.03177424147725105,0.9684980511665344,True,t_inst,t_inst,True
R_harm_user,R_role_assistant_vs_user@t_inst,3,0.1111,0.1301482915878296,0.1301482915878296,0.03177424147725105,0.959213137626648,True,t_inst,t_inst,True
R_harm_user,R_role_assistant_vs_user@t_inst,4,0.1481,0.207750141620636,0.207750141620636,0.03177424147725105,0.9614137411117554,True,t_inst,t_inst,True
R_harm_user,R_role_assistant_vs_user@t_inst,5,0.1852,0.059738777577877045,0.059738777577877045,0.03177424147725105,0.9651899337768556,True,t_inst,t_inst,True
R_harm_user,R_role_assistant_vs_user@t_inst,6,0.2222,0.06513000279664993,0.06513000279664993,0.03177424147725105,0.9649524688720704,True,t_inst,t_inst,True
R_harm_user,R_role_assistant_vs_user@t_inst,7,0.2593,0.08429132401943207,0.08429132401943207,0.03177424147725105,0.9597657918930054,True,t_inst,t_inst,True
R_harm_user,R_role_assistant_vs_user@t_inst,8,0.2963,-0.00131957046687603,0.00131957046687603,0.03177424147725105,0.9573692083358764,False,t_inst,t_inst,True
R_harm_user,R_role_assistant_vs_user@t_inst,9,0.3333,0.05856921896338463,0.05856921896338463,0.03177424147725105,0.9574992060661316,True,t_inst,t_inst,True
R_harm_user,R_role_assistant_vs_user@t_inst,10,0.3704,0.11970607936382294,0.11970607936382294,0.03177424147725105,0.9584187269210817,True,t_inst,t_inst,True
R_harm_user,R_role_assistant_vs_user@t_inst,11,0.4074,0.1229877918958664,0.1229877918958664,0.03177424147725105,0.9595783352851868,True,t_inst,t_inst,True
R_harm_user,R_role_assistant_vs_user@t_inst,12,0.4444,0.0747835785150528,0.0747835785150528,0.03177424147725105,0.9601788520812988,True,t_inst,t_inst,True
R_harm_user,R_role_assistant_vs_user@t_inst,13,0.4815,0.058448199182748795,0.058448199182748795,0.03177424147725105,0.9599124789237976,True,t_inst,t_inst,True
R_harm_user,R_role_assistant_vs_user@t_inst,14,0.5185,0.07426998764276505,0.07426998764276505,0.03177424147725105,0.963304042816162,True,t_inst,t_inst,True
R_harm_user,R_role_assistant_vs_user@t_inst,15,0.5556,0.08102205395698547,0.08102205395698547,0.03177424147725105,0.965604603290558,True,t_inst,t_inst,True
R_harm_user,R_role_assistant_vs_user@t_inst,16,0.5926,0.00818251445889473,0.00818251445889473,0.03177424147725105,0.9658327102661132,False,t_inst,t_inst,True
R_harm_user,R_role_assistant_vs_user@t_inst,17,0.6296,0.006070176139473915,0.006070176139473915,0.03177424147725105,0.9684670567512512,False,t_inst,t_inst,True
R_harm_user,R_role_assistant_vs_user@t_inst,18,0.6667,-0.00484297052025795,0.00484297052025795,0.03177424147725105,0.9726054072380066,False,t_inst,t_inst,True
R_harm_user,R_role_assistant_vs_user@t_inst,19,0.7037,-0.01685221679508686,0.01685221679508686,0.03177424147725105,0.974351406097412,False,t_inst,t_inst,True
R_harm_user,R_role_assistant_vs_user@t_inst,20,0.7407,-0.01888459175825119,0.01888459175825119,0.03177424147725105,0.9742386937141418,False,t_inst,t_inst,True
R_harm_user,R_role_assistant_vs_user@t_inst,21,0.7778,0.056318268179893494,0.056318268179893494,0.03177424147725105,0.9745514988899232,True,t_inst,t_inst,True
R_harm_user,R_role_assistant_vs_user@t_inst,22,0.8148,0.10081158578395844,0.10081158578395844,0.03177424147725105,0.9723834991455078,True,t_inst,t_inst,True
R_harm_user,R_role_assistant_vs_user@t_inst,23,0.8519,0.08400222659111023,0.08400222659111023,0.03177424147725105,0.9680925607681274,True,t_inst,t_inst,True
R_harm_user,R_role_assistant_vs_user@t_inst,24,0.8889,0.11141940206289291,0.11141940206289291,0.03177424147725105,0.9682137370109558,True,t_inst,t_inst,True
R_harm_user,R_role_assistant_vs_user@t_inst,25,0.9259,0.11757321655750275,0.11757321655750275,0.03177424147725105,0.968677818775177,True,t_inst,t_inst,True
R_harm_user,R_role_assistant_vs_user@t_inst,26,0.963,0.14498765766620636,0.14498765766620636,0.03177424147725105,0.9732897877693176,True,t_inst,t_inst,True
R_harm_user,R_role_assistant_vs_user@t_inst,27,1.0,0.13716259598731995,0.13716259598731995,0.03177424147725105,0.9790678024291992,True,t_inst,t_inst,True
R_harm_user,R_role_assistant_vs_user@t_post_inst,0,0.0,-0.002963874489068985,0.002963874489068985,0.03177424147725105,0.9775015115737916,False,t_inst,t_post_inst,False
R_harm_user,R_role_assistant_vs_user@t_post_inst,1,0.037,0.1679202914237976,0.1679202914237976,0.03177424147725105,0.9753971099853516,True,t_inst,t_post_inst,False
R_harm_user,R_role_assistant_vs_user@t_post_inst,2,0.0741,0.12355002760887146,0.12355002760887146,0.03177424147725105,0.9684980511665344,True,t_inst,t_post_inst,False
R_harm_user,R_role_assistant_vs_user@t_post_inst,3,0.1111,0.05833725258708,0.05833725258708,0.03177424147725105,0.959213137626648,True,t_inst,t_post_inst,False
R_harm_user,R_role_assistant_vs_user@t_post_inst,4,0.1481,-0.010425321757793427,0.010425321757793427,0.03177424147725105,0.9614137411117554,False,t_inst,t_post_inst,False
R_harm_user,R_role_assistant_vs_user@t_post_inst,5,0.1852,0.02452854998409748,0.02452854998409748,0.03177424147725105,0.9651899337768556,False,t_inst,t_post_inst,False
R_harm_user,R_role_assistant_vs_user@t_post_inst,6,0.2222,0.007975131273269653,0.007975131273269653,0.03177424147725105,0.9649524688720704,False,t_inst,t_post_inst,False
R_harm_user,R_role_assistant_vs_user@t_post_inst,7,0.2593,0.005689756479114294,0.005689756479114294,0.03177424147725105,0.9597657918930054,False,t_inst,t_post_inst,False
R_harm_user,R_role_assistant_vs_user@t_post_inst,8,0.2963,0.026272732764482498,0.026272732764482498,0.03177424147725105,0.9573692083358764,False,t_inst,t_post_inst,False
R_harm_user,R_role_assistant_vs_user@t_post_inst,9,0.3333,0.0414886549115181,0.0414886549115181,0.03177424147725105,0.9574992060661316,True,t_inst,t_post_inst,False
R_harm_user,R_role_assistant_vs_user@t_post_inst,10,0.3704,0.08284859359264374,0.08284859359264374,0.03177424147725105,0.9584187269210817,True,t_inst,t_post_inst,False
R_harm_user,R_role_assistant_vs_user@t_post_inst,11,0.4074,0.09074342250823975,0.09074342250823975,0.03177424147725105,0.9595783352851868,True,t_inst,t_post_inst,False
R_harm_user,R_role_assistant_vs_user@t_post_inst,12,0.4444,0.0798022449016571,0.0798022449016571,0.03177424147725105,0.9601788520812988,True,t_inst,t_post_inst,False
R_harm_user,R_role_assistant_vs_user@t_post_inst,13,0.4815,0.09924189746379852,0.09924189746379852,0.03177424147725105,0.9599124789237976,True,t_inst,t_post_inst,False
R_harm_user,R_role_assistant_vs_user@t_post_inst,14,0.5185,0.11242368817329407,0.11242368817329407,0.03177424147725105,0.963304042816162,True,t_inst,t_post_inst,False
R_harm_user,R_role_assistant_vs_user@t_post_inst,15,0.5556,0.13661423325538635,0.13661423325538635,0.03177424147725105,0.965604603290558,True,t_inst,t_post_inst,False
R_harm_user,R_role_assistant_vs_user@t_post_inst,16,0.5926,0.09161267429590225,0.09161267429590225,0.03177424147725105,0.9658327102661132,True,t_inst,t_post_inst,False
R_harm_user,R_role_assistant_vs_user@t_post_inst,17,0.6296,0.07917704433202744,0.07917704433202744,0.03177424147725105,0.9684670567512512,True,t_inst,t_post_inst,False
R_harm_user,R_role_assistant_vs_user@t_post_inst,18,0.6667,0.025838494300842285,0.025838494300842285,0.03177424147725105,0.9726054072380066,False,t_inst,t_post_inst,False
R_harm_user,R_role_assistant_vs_user@t_post_inst,19,0.7037,0.01289181225001812,0.01289181225001812,0.03177424147725105,0.974351406097412,False,t_inst,t_post_inst,False
R_harm_user,R_role_assistant_vs_user@t_post_inst,20,0.7407,0.00854959711432457,0.00854959711432457,0.03177424147725105,0.9742386937141418,False,t_inst,t_post_inst,False
R_harm_user,R_role_assistant_vs_user@t_post_inst,21,0.7778,-7.303128950297832e-05,7.303128950297832e-05,0.03177424147725105,0.9745514988899232,False,t_inst,t_post_inst,False
R_harm_user,R_role_assistant_vs_user@t_post_inst,22,0.8148,-0.020311975851655006,0.020311975851655006,0.03177424147725105,0.9723834991455078,False,t_inst,t_post_inst,False
R_harm_user,R_role_assistant_vs_user@t_post_inst,23,0.8519,-0.031150512397289276,0.031150512397289276,0.03177424147725105,0.9680925607681274,False,t_inst,t_post_inst,False
R_harm_user,R_role_assistant_vs_user@t_post_inst,24,0.8889,0.004777587950229645,0.004777587950229645,0.03177424147725105,0.9682137370109558,False,t_inst,t_post_inst,False
R_harm_user,R_role_assistant_vs_user@t_post_inst,25,0.9259,0.002986691892147064,0.002986691892147064,0.03177424147725105,0.968677818775177,False,t_inst,t_post_inst,False
R_harm_user,R_role_assistant_vs_user@t_post_inst,26,0.963,0.004078604280948639,0.004078604280948639,0.03177424147725105,0.9732897877693176,False,t_inst,t_post_inst,False
R_harm_user,R_role_assistant_vs_user@t_post_inst,27,1.0,-0.022727450355887413,0.022727450355887413,0.03177424147725105,0.9790678024291992,False,t_inst,t_post_inst,False
R_harm_user,R_role_system_vs_user@t_inst,0,0.0,-0.09678765386343002,0.09678765386343002,0.03177424147725105,0.9775015115737916,True,t_inst,t_inst,True
R_harm_user,R_role_system_vs_user@t_inst,1,0.037,-0.3480159342288971,0.3480159342288971,0.03177424147725105,0.9753971099853516,True,t_inst,t_inst,True
R_harm_user,R_role_system_vs_user@t_inst,2,0.0741,-0.1349463164806366,0.1349463164806366,0.03177424147725105,0.9684980511665344,True,t_inst,t_inst,True
R_harm_user,R_role_system_vs_user@t_inst,3,0.1111,-0.013746650889515877,0.013746650889515877,0.03177424147725105,0.959213137626648,False,t_inst,t_inst,True
R_harm_user,R_role_system_vs_user@t_inst,4,0.1481,-0.02107325568795204,0.02107325568795204,0.03177424147725105,0.9614137411117554,False,t_inst,t_inst,True
R_harm_user,R_role_system_vs_user@t_inst,5,0.1852,0.02539791166782379,0.02539791166782379,0.03177424147725105,0.9651899337768556,False,t_inst,t_inst,True
R_harm_user,R_role_system_vs_user@t_inst,6,0.2222,0.009258318692445755,0.009258318692445755,0.03177424147725105,0.9649524688720704,False,t_inst,t_inst,True
R_harm_user,R_role_system_vs_user@t_inst,7,0.2593,-0.034552209079265594,0.034552209079265594,0.03177424147725105,0.9597657918930054,True,t_inst,t_inst,True
R_harm_user,R_role_system_vs_user@t_inst,8,0.2963,-0.11131255328655243,0.11131255328655243,0.03177424147725105,0.9573692083358764,True,t_inst,t_inst,True
R_harm_user,R_role_system_vs_user@t_inst,9,0.3333,-0.07856293022632599,0.07856293022632599,0.03177424147725105,0.9574992060661316,True,t_inst,t_inst,True
R_harm_user,R_role_system_vs_user@t_inst,10,0.3704,-0.08825400471687317,0.08825400471687317,0.03177424147725105,0.9584187269210817,True,t_inst,t_inst,True
R_harm_user,R_role_system_vs_user@t_inst,11,0.4074,-0.11486049741506577,0.11486049741506577,0.03177424147725105,0.9595783352851868,True,t_inst,t_inst,True
R_harm_user,R_role_system_vs_user@t_inst,12,0.4444,-0.1108461320400238,0.1108461320400238,0.03177424147725105,0.9601788520812988,True,t_inst,t_inst,True
R_harm_user,R_role_system_vs_user@t_inst,13,0.4815,-0.13171131908893585,0.13171131908893585,0.03177424147725105,0.9599124789237976,True,t_inst,t_inst,True
R_harm_user,R_role_system_vs_user@t_inst,14,0.5185,-0.13526701927185059,0.13526701927185059,0.03177424147725105,0.963304042816162,True,t_inst,t_inst,True
R_harm_user,R_role_system_vs_user@t_inst,15,0.5556,-0.10834778100252151,0.10834778100252151,0.03177424147725105,0.965604603290558,True,t_inst,t_inst,True
R_harm_user,R_role_system_vs_user@t_inst,16,0.5926,-0.14150843024253845,0.14150843024253845,0.03177424147725105,0.9658327102661132,True,t_inst,t_inst,True
R_harm_user,R_role_system_vs_user@t_inst,17,0.6296,-0.14399729669094086,0.14399729669094086,0.03177424147725105,0.9684670567512512,True,t_inst,t_inst,True
R_harm_user,R_role_system_vs_user@t_inst,18,0.6667,-0.0772738978266716,0.0772738978266716,0.03177424147725105,0.9726054072380066,True,t_inst,t_inst,True
R_harm_user,R_role_system_vs_user@t_inst,19,0.7037,-0.041036367416381836,0.041036367416381836,0.03177424147725105,0.974351406097412,True,t_inst,t_inst,True
R_harm_user,R_role_system_vs_user@t_inst,20,0.7407,-0.007100049406290054,0.007100049406290054,0.03177424147725105,0.9742386937141418,False,t_inst,t_inst,True
R_harm_user,R_role_system_vs_user@t_inst,21,0.7778,0.06893650442361832,0.06893650442361832,0.03177424147725105,0.9745514988899232,True,t_inst,t_inst,True
R_harm_user,R_role_system_vs_user@t_inst,22,0.8148,0.1089777797460556,0.1089777797460556,0.03177424147725105,0.9723834991455078,True,t_inst,t_inst,True
R_harm_user,R_role_system_vs_user@t_inst,23,0.8519,0.09548880904912949,0.09548880904912949,0.03177424147725105,0.9680925607681274,True,t_inst,t_inst,True
R_harm_user,R_role_system_vs_user@t_inst,24,0.8889,0.16776251792907715,0.16776251792907715,0.03177424147725105,0.9682137370109558,True,t_inst,t_inst,True
R_harm_user,R_role_system_vs_user@t_inst,25,0.9259,0.20029011368751526,0.20029011368751526,0.03177424147725105,0.968677818775177,True,t_inst,t_inst,True
R_harm_user,R_role_system_vs_user@t_inst,26,0.963,0.39090102910995483,0.39090102910995483,0.03177424147725105,0.9732897877693176,True,t_inst,t_inst,True
R_harm_user,R_role_system_vs_user@t_inst,27,1.0,0.3471260666847229,0.3471260666847229,0.03177424147725105,0.9790678024291992,True,t_inst,t_inst,True
R_harm_user,R_role_system_vs_user@t_post_inst,0,0.0,-0.03138091415166855,0.03138091415166855,0.03177424147725105,0.9775015115737916,False,t_inst,t_post_inst,False
R_harm_user,R_role_system_vs_user@t_post_inst,1,0.037,0.07131966948509216,0.07131966948509216,0.03177424147725105,0.9753971099853516,True,t_inst,t_post_inst,False
R_harm_user,R_role_system_vs_user@t_post_inst,2,0.0741,0.0733829066157341,0.0733829066157341,0.03177424147725105,0.9684980511665344,True,t_inst,t_post_inst,False
R_harm_user,R_role_system_vs_user@t_post_inst,3,0.1111,0.025839852169156075,0.025839852169156075,0.03177424147725105,0.959213137626648,False,t_inst,t_post_inst,False
R_harm_user,R_role_system_vs_user@t_post_inst,4,0.1481,0.05229303240776062,0.05229303240776062,0.03177424147725105,0.9614137411117554,True,t_inst,t_post_inst,False
R_harm_user,R_role_system_vs_user@t_post_inst,5,0.1852,0.05442444980144501,0.05442444980144501,0.03177424147725105,0.9651899337768556,True,t_inst,t_post_inst,False
R_harm_user,R_role_system_vs_user@t_post_inst,6,0.2222,0.014676404185593128,0.014676404185593128,0.03177424147725105,0.9649524688720704,False,t_inst,t_post_inst,False
R_harm_user,R_role_system_vs_user@t_post_inst,7,0.2593,0.0287792906165123,0.0287792906165123,0.03177424147725105,0.9597657918930054,False,t_inst,t_post_inst,False
R_harm_user,R_role_system_vs_user@t_post_inst,8,0.2963,0.0508364774286747,0.0508364774286747,0.03177424147725105,0.9573692083358764,True,t_inst,t_post_inst,False
R_harm_user,R_role_system_vs_user@t_post_inst,9,0.3333,0.048500169068574905,0.048500169068574905,0.03177424147725105,0.9574992060661316,True,t_inst,t_post_inst,False
R_harm_user,R_role_system_vs_user@t_post_inst,10,0.3704,0.05631023645401001,0.05631023645401001,0.03177424147725105,0.9584187269210817,True,t_inst,t_post_inst,False
R_harm_user,R_role_system_vs_user@t_post_inst,11,0.4074,0.047926098108291626,0.047926098108291626,0.03177424147725105,0.9595783352851868,True,t_inst,t_post_inst,False
R_harm_user,R_role_system_vs_user@t_post_inst,12,0.4444,0.02444901317358017,0.02444901317358017,0.03177424147725105,0.9601788520812988,False,t_inst,t_post_inst,False
R_harm_user,R_role_system_vs_user@t_post_inst,13,0.4815,0.018480882048606873,0.018480882048606873,0.03177424147725105,0.9599124789237976,False,t_inst,t_post_inst,False
R_harm_user,R_role_system_vs_user@t_post_inst,14,0.5185,0.0524628609418869,0.0524628609418869,0.03177424147725105,0.963304042816162,True,t_inst,t_post_inst,False
R_harm_user,R_role_system_vs_user@t_post_inst,15,0.5556,0.08458203077316284,0.08458203077316284,0.03177424147725105,0.965604603290558,True,t_inst,t_post_inst,False
R_harm_user,R_role_system_vs_user@t_post_inst,16,0.5926,0.003713174257427454,0.003713174257427454,0.03177424147725105,0.9658327102661132,False,t_inst,t_post_inst,False
R_harm_user,R_role_system_vs_user@t_post_inst,17,0.6296,-0.02732599899172783,0.02732599899172783,0.03177424147725105,0.9684670567512512,False,t_inst,t_post_inst,False
R_harm_user,R_role_system_vs_user@t_post_inst,18,0.6667,-0.053607720881700516,0.053607720881700516,0.03177424147725105,0.9726054072380066,True,t_inst,t_post_inst,False
R_harm_user,R_role_system_vs_user@t_post_inst,19,0.7037,-0.06163622438907623,0.06163622438907623,0.03177424147725105,0.974351406097412,True,t_inst,t_post_inst,False
R_harm_user,R_role_system_vs_user@t_post_inst,20,0.7407,-0.06546671688556671,0.06546671688556671,0.03177424147725105,0.9742386937141418,True,t_inst,t_post_inst,False
R_harm_user,R_role_system_vs_user@t_post_inst,21,0.7778,-0.03696031495928764,0.03696031495928764,0.03177424147725105,0.9745514988899232,True,t_inst,t_post_inst,False
R_harm_user,R_role_system_vs_user@t_post_inst,22,0.8148,-0.07645518332719803,0.07645518332719803,0.03177424147725105,0.9723834991455078,True,t_inst,t_post_inst,False
R_harm_user,R_role_system_vs_user@t_post_inst,23,0.8519,-0.08790889382362366,0.08790889382362366,0.03177424147725105,0.9680925607681274,True,t_inst,t_post_inst,False
R_harm_user,R_role_system_vs_user@t_post_inst,24,0.8889,-0.07601393759250641,0.07601393759250641,0.03177424147725105,0.9682137370109558,True,t_inst,t_post_inst,False
R_harm_user,R_role_system_vs_user@t_post_inst,25,0.9259,-0.046481817960739136,0.046481817960739136,0.03177424147725105,0.968677818775177,True,t_inst,t_post_inst,False
R_harm_user,R_role_system_vs_user@t_post_inst,26,0.963,-0.04723053425550461,0.04723053425550461,0.03177424147725105,0.9732897877693176,True,t_inst,t_post_inst,False
R_harm_user,R_role_system_vs_user@t_post_inst,27,1.0,-0.08384809643030167,0.08384809643030167,0.03177424147725105,0.9790678024291992,True,t_inst,t_post_inst,False
R_harm_user,R_role_tool_vs_user@t_inst,0,0.0,0.29068273305892944,0.29068273305892944,0.03177424147725105,0.9775015115737916,True,t_inst,t_inst,True
R_harm_user,R_role_tool_vs_user@t_inst,1,0.037,0.3974946141242981,0.3974946141242981,0.03177424147725105,0.9753971099853516,True,t_inst,t_inst,True
R_harm_user,R_role_tool_vs_user@t_inst,2,0.0741,0.3395521342754364,0.3395521342754364,0.03177424147725105,0.9684980511665344,True,t_inst,t_inst,True
R_harm_user,R_role_tool_vs_user@t_inst,3,0.1111,0.24417923390865326,0.24417923390865326,0.03177424147725105,0.959213137626648,True,t_inst,t_inst,True
R_harm_user,R_role_tool_vs_user@t_inst,4,0.1481,0.27046045660972595,0.27046045660972595,0.03177424147725105,0.9614137411117554,True,t_inst,t_inst,True
R_harm_user,R_role_tool_vs_user@t_inst,5,0.1852,0.24048665165901184,0.24048665165901184,0.03177424147725105,0.9651899337768556,True,t_inst,t_inst,True
R_harm_user,R_role_tool_vs_user@t_inst,6,0.2222,0.18415871262550354,0.18415871262550354,0.03177424147725105,0.9649524688720704,True,t_inst,t_inst,True
R_harm_user,R_role_tool_vs_user@t_inst,7,0.2593,0.12427803874015808,0.12427803874015808,0.03177424147725105,0.9597657918930054,True,t_inst,t_inst,True
R_harm_user,R_role_tool_vs_user@t_inst,8,0.2963,0.07025723904371262,0.07025723904371262,0.03177424147725105,0.9573692083358764,True,t_inst,t_inst,True
R_harm_user,R_role_tool_vs_user@t_inst,9,0.3333,0.09660916030406952,0.09660916030406952,0.03177424147725105,0.9574992060661316,True,t_inst,t_inst,True
R_harm_user,R_role_tool_vs_user@t_inst,10,0.3704,0.08123315125703812,0.08123315125703812,0.03177424147725105,0.9584187269210817,True,t_inst,t_inst,True
R_harm_user,R_role_tool_vs_user@t_inst,11,0.4074,0.08258870244026184,0.08258870244026184,0.03177424147725105,0.9595783352851868,True,t_inst,t_inst,True
R_harm_user,R_role_tool_vs_user@t_inst,12,0.4444,0.07741307467222214,0.07741307467222214,0.03177424147725105,0.9601788520812988,True,t_inst,t_inst,True
R_harm_user,R_role_tool_vs_user@t_inst,13,0.4815,0.07269811630249023,0.07269811630249023,0.03177424147725105,0.9599124789237976,True,t_inst,t_inst,True
R_harm_user,R_role_tool_vs_user@t_inst,14,0.5185,0.08125238120555878,0.08125238120555878,0.03177424147725105,0.963304042816162,True,t_inst,t_inst,True
R_harm_user,R_role_tool_vs_user@t_inst,15,0.5556,0.0926394909620285,0.0926394909620285,0.03177424147725105,0.965604603290558,True,t_inst,t_inst,True
R_harm_user,R_role_tool_vs_user@t_inst,16,0.5926,0.07978033274412155,0.07978033274412155,0.03177424147725105,0.9658327102661132,True,t_inst,t_inst,True
R_harm_user,R_role_tool_vs_user@t_inst,17,0.6296,0.11479517072439194,0.11479517072439194,0.03177424147725105,0.9684670567512512,True,t_inst,t_inst,True
R_harm_user,R_role_tool_vs_user@t_inst,18,0.6667,0.12321990728378296,0.12321990728378296,0.03177424147725105,0.9726054072380066,True,t_inst,t_inst,True
R_harm_user,R_role_tool_vs_user@t_inst,19,0.7037,0.12022651731967926,0.12022651731967926,0.03177424147725105,0.974351406097412,True,t_inst,t_inst,True
R_harm_user,R_role_tool_vs_user@t_inst,20,0.7407,0.16072514653205872,0.16072514653205872,0.03177424147725105,0.9742386937141418,True,t_inst,t_inst,True
R_harm_user,R_role_tool_vs_user@t_inst,21,0.7778,0.20199455320835114,0.20199455320835114,0.03177424147725105,0.9745514988899232,True,t_inst,t_inst,True
R_harm_user,R_role_tool_vs_user@t_inst,22,0.8148,0.25118008255958557,0.25118008255958557,0.03177424147725105,0.9723834991455078,True,t_inst,t_inst,True
R_harm_user,R_role_tool_vs_user@t_inst,23,0.8519,0.2024119645357132,0.2024119645357132,0.03177424147725105,0.9680925607681274,True,t_inst,t_inst,True
R_harm_user,R_role_tool_vs_user@t_inst,24,0.8889,0.2602943181991577,0.2602943181991577,0.03177424147725105,0.9682137370109558,True,t_inst,t_inst,True
R_harm_user,R_role_tool_vs_user@t_inst,25,0.9259,0.27012258768081665,0.27012258768081665,0.03177424147725105,0.968677818775177,True,t_inst,t_inst,True
R_harm_user,R_role_tool_vs_user@t_inst,26,0.963,0.44983917474746704,0.44983917474746704,0.03177424147725105,0.9732897877693176,True,t_inst,t_inst,True
R_harm_user,R_role_tool_vs_user@t_inst,27,1.0,0.4847058653831482,0.4847058653831482,0.03177424147725105,0.9790678024291992,True,t_inst,t_inst,True
R_harm_user,R_role_tool_vs_user@t_post_inst,0,0.0,0.016207516193389893,0.016207516193389893,0.03177424147725105,0.9775015115737916,False,t_inst,t_post_inst,False
R_harm_user,R_role_tool_vs_user@t_post_inst,1,0.037,0.0725579783320427,0.0725579783320427,0.03177424147725105,0.9753971099853516,True,t_inst,t_post_inst,False
R_harm_user,R_role_tool_vs_user@t_post_inst,2,0.0741,0.07038140296936035,0.07038140296936035,0.03177424147725105,0.9684980511665344,True,t_inst,t_post_inst,False
R_harm_user,R_role_tool_vs_user@t_post_inst,3,0.1111,0.026731165125966072,0.026731165125966072,0.03177424147725105,0.959213137626648,False,t_inst,t_post_inst,False
R_harm_user,R_role_tool_vs_user@t_post_inst,4,0.1481,0.029674947261810303,0.029674947261810303,0.03177424147725105,0.9614137411117554,False,t_inst,t_post_inst,False
R_harm_user,R_role_tool_vs_user@t_post_inst,5,0.1852,0.0073167430236935616,0.0073167430236935616,0.03177424147725105,0.9651899337768556,False,t_inst,t_post_inst,False
R_harm_user,R_role_tool_vs_user@t_post_inst,6,0.2222,0.02793549746274948,0.02793549746274948,0.03177424147725105,0.9649524688720704,False,t_inst,t_post_inst,False
R_harm_user,R_role_tool_vs_user@t_post_inst,7,0.2593,0.024907978251576424,0.024907978251576424,0.03177424147725105,0.9597657918930054,False,t_inst,t_post_inst,False
R_harm_user,R_role_tool_vs_user@t_post_inst,8,0.2963,0.03530990704894066,0.03530990704894066,0.03177424147725105,0.9573692083358764,True,t_inst,t_post_inst,False
R_harm_user,R_role_tool_vs_user@t_post_inst,9,0.3333,0.05142927169799805,0.05142927169799805,0.03177424147725105,0.9574992060661316,True,t_inst,t_post_inst,False
R_harm_user,R_role_tool_vs_user@t_post_inst,10,0.3704,0.08595645427703857,0.08595645427703857,0.03177424147725105,0.9584187269210817,True,t_inst,t_post_inst,False
R_harm_user,R_role_tool_vs_user@t_post_inst,11,0.4074,0.12664519250392914,0.12664519250392914,0.03177424147725105,0.9595783352851868,True,t_inst,t_post_inst,False
R_harm_user,R_role_tool_vs_user@t_post_inst,12,0.4444,0.11472072452306747,0.11472072452306747,0.03177424147725105,0.9601788520812988,True,t_inst,t_post_inst,False
R_harm_user,R_role_tool_vs_user@t_post_inst,13,0.4815,0.08805619180202484,0.08805619180202484,0.03177424147725105,0.9599124789237976,True,t_inst,t_post_inst,False
R_harm_user,R_role_tool_vs_user@t_post_inst,14,0.5185,0.09770196676254272,0.09770196676254272,0.03177424147725105,0.963304042816162,True,t_inst,t_post_inst,False
R_harm_user,R_role_tool_vs_user@t_post_inst,15,0.5556,0.10930999368429184,0.10930999368429184,0.03177424147725105,0.965604603290558,True,t_inst,t_post_inst,False
R_harm_user,R_role_tool_vs_user@t_post_inst,16,0.5926,0.03736986219882965,0.03736986219882965,0.03177424147725105,0.9658327102661132,True,t_inst,t_post_inst,False
R_harm_user,R_role_tool_vs_user@t_post_inst,17,0.6296,0.016723191365599632,0.016723191365599632,0.03177424147725105,0.9684670567512512,False,t_inst,t_post_inst,False
R_harm_user,R_role_tool_vs_user@t_post_inst,18,0.6667,-0.0032412856817245483,0.0032412856817245483,0.03177424147725105,0.9726054072380066,False,t_inst,t_post_inst,False
R_harm_user,R_role_tool_vs_user@t_post_inst,19,0.7037,-0.02704925835132599,0.02704925835132599,0.03177424147725105,0.974351406097412,False,t_inst,t_post_inst,False
R_harm_user,R_role_tool_vs_user@t_post_inst,20,0.7407,-0.0325031578540802,0.0325031578540802,0.03177424147725105,0.9742386937141418,True,t_inst,t_post_inst,False
R_harm_user,R_role_tool_vs_user@t_post_inst,21,0.7778,-0.05088368430733681,0.05088368430733681,0.03177424147725105,0.9745514988899232,True,t_inst,t_post_inst,False
R_harm_user,R_role_tool_vs_user@t_post_inst,22,0.8148,-0.048123616725206375,0.048123616725206375,0.03177424147725105,0.9723834991455078,True,t_inst,t_post_inst,False
R_harm_user,R_role_tool_vs_user@t_post_inst,23,0.8519,-0.032077640295028687,0.032077640295028687,0.03177424147725105,0.9680925607681274,True,t_inst,t_post_inst,False
R_harm_user,R_role_tool_vs_user@t_post_inst,24,0.8889,-0.0009139440953731537,0.0009139440953731537,0.03177424147725105,0.9682137370109558,False,t_inst,t_post_inst,False
R_harm_user,R_role_tool_vs_user@t_post_inst,25,0.9259,-0.01093320082873106,0.01093320082873106,0.03177424147725105,0.968677818775177,False,t_inst,t_post_inst,False
R_harm_user,R_role_tool_vs_user@t_post_inst,26,0.963,-0.017224738374352455,0.017224738374352455,0.03177424147725105,0.9732897877693176,False,t_inst,t_post_inst,False
R_harm_user,R_role_tool_vs_user@t_post_inst,27,1.0,-0.033311549574136734,0.033311549574136734,0.03177424147725105,0.9790678024291992,True,t_inst,t_post_inst,False
R_role_assistant_vs_user@t_inst,R_role_assistant_vs_user@t_post_inst,0,0.0,0.5604946613311768,0.5604946613311768,0.03177424147725105,,True,t_inst,t_post_inst,False
R_role_assistant_vs_user@t_inst,R_role_assistant_vs_user@t_post_inst,1,0.037,0.38308584690093994,0.38308584690093994,0.03177424147725105,,True,t_inst,t_post_inst,False
R_role_assistant_vs_user@t_inst,R_role_assistant_vs_user@t_post_inst,2,0.0741,0.29938530921936035,0.29938530921936035,0.03177424147725105,,True,t_inst,t_post_inst,False
R_role_assistant_vs_user@t_inst,R_role_assistant_vs_user@t_post_inst,3,0.1111,0.24369291961193085,0.24369291961193085,0.03177424147725105,,True,t_inst,t_post_inst,False
R_role_assistant_vs_user@t_inst,R_role_assistant_vs_user@t_post_inst,4,0.1481,0.12105676531791687,0.12105676531791687,0.03177424147725105,,True,t_inst,t_post_inst,False
R_role_assistant_vs_user@t_inst,R_role_assistant_vs_user@t_post_inst,5,0.1852,0.11087016016244888,0.11087016016244888,0.03177424147725105,,True,t_inst,t_post_inst,False
R_role_assistant_vs_user@t_inst,R_role_assistant_vs_user@t_post_inst,6,0.2222,0.09747989475727081,0.09747989475727081,0.03177424147725105,,True,t_inst,t_post_inst,False
R_role_assistant_vs_user@t_inst,R_role_assistant_vs_user@t_post_inst,7,0.2593,0.15103957056999207,0.15103957056999207,0.03177424147725105,,True,t_inst,t_post_inst,False
R_role_assistant_vs_user@t_inst,R_role_assistant_vs_user@t_post_inst,8,0.2963,0.15753749012947083,0.15753749012947083,0.03177424147725105,,True,t_inst,t_post_inst,False
R_role_assistant_vs_user@t_inst,R_role_assistant_vs_user@t_post_inst,9,0.3333,0.20252211391925812,0.20252211391925812,0.03177424147725105,,True,t_inst,t_post_inst,False
R_role_assistant_vs_user@t_inst,R_role_assistant_vs_user@t_post_inst,10,0.3704,0.276070773601532,0.276070773601532,0.03177424147725105,,True,t_inst,t_post_inst,False
R_role_assistant_vs_user@t_inst,R_role_assistant_vs_user@t_post_inst,11,0.4074,0.25067469477653503,0.25067469477653503,0.03177424147725105,,True,t_inst,t_post_inst,False
R_role_assistant_vs_user@t_inst,R_role_assistant_vs_user@t_post_inst,12,0.4444,0.2932312488555908,0.2932312488555908,0.03177424147725105,,True,t_inst,t_post_inst,False
R_role_assistant_vs_user@t_inst,R_role_assistant_vs_user@t_post_inst,13,0.4815,0.3801419138908386,0.3801419138908386,0.03177424147725105,,True,t_inst,t_post_inst,False
R_role_assistant_vs_user@t_inst,R_role_assistant_vs_user@t_post_inst,14,0.5185,0.3053586483001709,0.3053586483001709,0.03177424147725105,,True,t_inst,t_post_inst,False
R_role_assistant_vs_user@t_inst,R_role_assistant_vs_user@t_post_inst,15,0.5556,0.3315303325653076,0.3315303325653076,0.03177424147725105,,True,t_inst,t_post_inst,False
R_role_assistant_vs_user@t_inst,R_role_assistant_vs_user@t_post_inst,16,0.5926,0.2727518677711487,0.2727518677711487,0.03177424147725105,,True,t_inst,t_post_inst,False
R_role_assistant_vs_user@t_inst,R_role_assistant_vs_user@t_post_inst,17,0.6296,0.2859978973865509,0.2859978973865509,0.03177424147725105,,True,t_inst,t_post_inst,False
R_role_assistant_vs_user@t_inst,R_role_assistant_vs_user@t_post_inst,18,0.6667,0.3905279338359833,0.3905279338359833,0.03177424147725105,,True,t_inst,t_post_inst,False
R_role_assistant_vs_user@t_inst,R_role_assistant_vs_user@t_post_inst,19,0.7037,0.3648463189601898,0.3648463189601898,0.03177424147725105,,True,t_inst,t_post_inst,False
R_role_assistant_vs_user@t_inst,R_role_assistant_vs_user@t_post_inst,20,0.7407,0.37165403366088867,0.37165403366088867,0.03177424147725105,,True,t_inst,t_post_inst,False
R_role_assistant_vs_user@t_inst,R_role_assistant_vs_user@t_post_inst,21,0.7778,0.3801620900630951,0.3801620900630951,0.03177424147725105,,True,t_inst,t_post_inst,False
R_role_assistant_vs_user@t_inst,R_role_assistant_vs_user@t_post_inst,22,0.8148,0.37889564037323,0.37889564037323,0.03177424147725105,,True,t_inst,t_post_inst,False
R_role_assistant_vs_user@t_inst,R_role_assistant_vs_user@t_post_inst,23,0.8519,0.37984699010849,0.37984699010849,0.03177424147725105,,True,t_inst,t_post_inst,False
R_role_assistant_vs_user@t_inst,R_role_assistant_vs_user@t_post_inst,24,0.8889,0.3613833785057068,0.3613833785057068,0.03177424147725105,,True,t_inst,t_post_inst,False
R_role_assistant_vs_user@t_inst,R_role_assistant_vs_user@t_post_inst,25,0.9259,0.36388087272644043,0.36388087272644043,0.03177424147725105,,True,t_inst,t_post_inst,False
R_role_assistant_vs_user@t_inst,R_role_assistant_vs_user@t_post_inst,26,0.963,0.3611609637737274,0.3611609637737274,0.03177424147725105,,True,t_inst,t_post_inst,False
R_role_assistant_vs_user@t_inst,R_role_assistant_vs_user@t_post_inst,27,1.0,0.3092937171459198,0.3092937171459198,0.03177424147725105,,True,t_inst,t_post_inst,False
R_role_assistant_vs_user@t_inst,R_role_system_vs_user@t_inst,0,0.0,-0.4192115068435669,0.4192115068435669,0.03177424147725105,,True,t_inst,t_inst,True
R_role_assistant_vs_user@t_inst,R_role_system_vs_user@t_inst,1,0.037,-0.6873997449874878,0.6873997449874878,0.03177424147725105,,True,t_inst,t_inst,True
R_role_assistant_vs_user@t_inst,R_role_system_vs_user@t_inst,2,0.0741,-0.42868584394454956,0.42868584394454956,0.03177424147725105,,True,t_inst,t_inst,True
R_role_assistant_vs_user@t_inst,R_role_system_vs_user@t_inst,3,0.1111,-0.3111732006072998,0.3111732006072998,0.03177424147725105,,True,t_inst,t_inst,True
R_role_assistant_vs_user@t_inst,R_role_system_vs_user@t_inst,4,0.1481,-0.2652757167816162,0.2652757167816162,0.03177424147725105,,True,t_inst,t_inst,True
R_role_assistant_vs_user@t_inst,R_role_system_vs_user@t_inst,5,0.1852,-0.3617958426475525,0.3617958426475525,0.03177424147725105,,True,t_inst,t_inst,True
R_role_assistant_vs_user@t_inst,R_role_system_vs_user@t_inst,6,0.2222,-0.25201380252838135,0.25201380252838135,0.03177424147725105,,True,t_inst,t_inst,True
R_role_assistant_vs_user@t_inst,R_role_system_vs_user@t_inst,7,0.2593,-0.011600866913795471,0.011600866913795471,0.03177424147725105,,False,t_inst,t_inst,True
R_role_assistant_vs_user@t_inst,R_role_system_vs_user@t_inst,8,0.2963,0.09182069450616837,0.09182069450616837,0.03177424147725105,,True,t_inst,t_inst,True
R_role_assistant_vs_user@t_inst,R_role_system_vs_user@t_inst,9,0.3333,0.1251695454120636,0.1251695454120636,0.03177424147725105,,True,t_inst,t_inst,True
R_role_assistant_vs_user@t_inst,R_role_system_vs_user@t_inst,10,0.3704,0.10261452943086624,0.10261452943086624,0.03177424147725105,,True,t_inst,t_inst,True
R_role_assistant_vs_user@t_inst,R_role_system_vs_user@t_inst,11,0.4074,0.09638471156358719,0.09638471156358719,0.03177424147725105,,True,t_inst,t_inst,True
R_role_assistant_vs_user@t_inst,R_role_system_vs_user@t_inst,12,0.4444,0.16005827486515045,0.16005827486515045,0.03177424147725105,,True,t_inst,t_inst,True
R_role_assistant_vs_user@t_inst,R_role_system_vs_user@t_inst,13,0.4815,0.10267267376184464,0.10267267376184464,0.03177424147725105,,True,t_inst,t_inst,True
R_role_assistant_vs_user@t_inst,R_role_system_vs_user@t_inst,14,0.5185,-0.0006433278322219849,0.0006433278322219849,0.03177424147725105,,False,t_inst,t_inst,True
R_role_assistant_vs_user@t_inst,R_role_system_vs_user@t_inst,15,0.5556,0.11439812183380127,0.11439812183380127,0.03177424147725105,,True,t_inst,t_inst,True
R_role_assistant_vs_user@t_inst,R_role_system_vs_user@t_inst,16,0.5926,0.09132133424282074,0.09132133424282074,0.03177424147725105,,True,t_inst,t_inst,True
R_role_assistant_vs_user@t_inst,R_role_system_vs_user@t_inst,17,0.6296,0.12198518961668015,0.12198518961668015,0.03177424147725105,,True,t_inst,t_inst,True
R_role_assistant_vs_user@t_inst,R_role_system_vs_user@t_inst,18,0.6667,0.2263985276222229,0.2263985276222229,0.03177424147725105,,True,t_inst,t_inst,True
R_role_assistant_vs_user@t_inst,R_role_system_vs_user@t_inst,19,0.7037,0.12845301628112793,0.12845301628112793,0.03177424147725105,,True,t_inst,t_inst,True
R_role_assistant_vs_user@t_inst,R_role_system_vs_user@t_inst,20,0.7407,0.11315816640853882,0.11315816640853882,0.03177424147725105,,True,t_inst,t_inst,True
R_role_assistant_vs_user@t_inst,R_role_system_vs_user@t_inst,21,0.7778,0.15850526094436646,0.15850526094436646,0.03177424147725105,,True,t_inst,t_inst,True
R_role_assistant_vs_user@t_inst,R_role_system_vs_user@t_inst,22,0.8148,0.0669630914926529,0.0669630914926529,0.03177424147725105,,True,t_inst,t_inst,True
R_role_assistant_vs_user@t_inst,R_role_system_vs_user@t_inst,23,0.8519,0.05012032389640808,0.05012032389640808,0.03177424147725105,,True,t_inst,t_inst,True
R_role_assistant_vs_user@t_inst,R_role_system_vs_user@t_inst,24,0.8889,0.127634197473526,0.127634197473526,0.03177424147725105,,True,t_inst,t_inst,True
R_role_assistant_vs_user@t_inst,R_role_system_vs_user@t_inst,25,0.9259,0.11526882648468018,0.11526882648468018,0.03177424147725105,,True,t_inst,t_inst,True
R_role_assistant_vs_user@t_inst,R_role_system_vs_user@t_inst,26,0.963,0.10784877091646194,0.10784877091646194,0.03177424147725105,,True,t_inst,t_inst,True
R_role_assistant_vs_user@t_inst,R_role_system_vs_user@t_inst,27,1.0,0.16877007484436035,0.16877007484436035,0.03177424147725105,,True,t_inst,t_inst,True
R_role_assistant_vs_user@t_inst,R_role_system_vs_user@t_post_inst,0,0.0,0.3188224732875824,0.3188224732875824,0.03177424147725105,,True,t_inst,t_post_inst,False
R_role_assistant_vs_user@t_inst,R_role_system_vs_user@t_post_inst,1,0.037,0.3520030975341797,0.3520030975341797,0.03177424147725105,,True,t_inst,t_post_inst,False
R_role_assistant_vs_user@t_inst,R_role_system_vs_user@t_post_inst,2,0.0741,0.27663564682006836,0.27663564682006836,0.03177424147725105,,True,t_inst,t_post_inst,False
R_role_assistant_vs_user@t_inst,R_role_system_vs_user@t_post_inst,3,0.1111,0.19761137664318085,0.19761137664318085,0.03177424147725105,,True,t_inst,t_post_inst,False
R_role_assistant_vs_user@t_inst,R_role_system_vs_user@t_post_inst,4,0.1481,0.16598862409591675,0.16598862409591675,0.03177424147725105,,True,t_inst,t_post_inst,False
R_role_assistant_vs_user@t_inst,R_role_system_vs_user@t_post_inst,5,0.1852,0.09826217591762543,0.09826217591762543,0.03177424147725105,,True,t_inst,t_post_inst,False
R_role_assistant_vs_user@t_inst,R_role_system_vs_user@t_post_inst,6,0.2222,0.09565705060958862,0.09565705060958862,0.03177424147725105,,True,t_inst,t_post_inst,False
R_role_assistant_vs_user@t_inst,R_role_system_vs_user@t_post_inst,7,0.2593,0.08239763975143433,0.08239763975143433,0.03177424147725105,,True,t_inst,t_post_inst,False
R_role_assistant_vs_user@t_inst,R_role_system_vs_user@t_post_inst,8,0.2963,0.09999315440654755,0.09999315440654755,0.03177424147725105,,True,t_inst,t_post_inst,False
R_role_assistant_vs_user@t_inst,R_role_system_vs_user@t_post_inst,9,0.3333,0.09013406187295914,0.09013406187295914,0.03177424147725105,,True,t_inst,t_post_inst,False
R_role_assistant_vs_user@t_inst,R_role_system_vs_user@t_post_inst,10,0.3704,0.09580628573894501,0.09580628573894501,0.03177424147725105,,True,t_inst,t_post_inst,False
R_role_assistant_vs_user@t_inst,R_role_system_vs_user@t_post_inst,11,0.4074,0.1307249665260315,0.1307249665260315,0.03177424147725105,,True,t_inst,t_post_inst,False
R_role_assistant_vs_user@t_inst,R_role_system_vs_user@t_post_inst,12,0.4444,0.17107626795768738,0.17107626795768738,0.03177424147725105,,True,t_inst,t_post_inst,False
R_role_assistant_vs_user@t_inst,R_role_system_vs_user@t_post_inst,13,0.4815,0.2586468458175659,0.2586468458175659,0.03177424147725105,,True,t_inst,t_post_inst,False
R_role_assistant_vs_user@t_inst,R_role_system_vs_user@t_post_inst,14,0.5185,0.14847832918167114,0.14847832918167114,0.03177424147725105,,True,t_inst,t_post_inst,False
R_role_assistant_vs_user@t_inst,R_role_system_vs_user@t_post_inst,15,0.5556,0.22180680930614471,0.22180680930614471,0.03177424147725105,,True,t_inst,t_post_inst,False
R_role_assistant_vs_user@t_inst,R_role_system_vs_user@t_post_inst,16,0.5926,0.17449258267879486,0.17449258267879486,0.03177424147725105,,True,t_inst,t_post_inst,False
R_role_assistant_vs_user@t_inst,R_role_system_vs_user@t_post_inst,17,0.6296,0.17894293367862701,0.17894293367862701,0.03177424147725105,,True,t_inst,t_post_inst,False
R_role_assistant_vs_user@t_inst,R_role_system_vs_user@t_post_inst,18,0.6667,0.2615529000759125,0.2615529000759125,0.03177424147725105,,True,t_inst,t_post_inst,False
R_role_assistant_vs_user@t_inst,R_role_system_vs_user@t_post_inst,19,0.7037,0.22677171230316162,0.22677171230316162,0.03177424147725105,,True,t_inst,t_post_inst,False
R_role_assistant_vs_user@t_inst,R_role_system_vs_user@t_post_inst,20,0.7407,0.1840551644563675,0.1840551644563675,0.03177424147725105,,True,t_inst,t_post_inst,False
R_role_assistant_vs_user@t_inst,R_role_system_vs_user@t_post_inst,21,0.7778,0.10289552807807922,0.10289552807807922,0.03177424147725105,,True,t_inst,t_post_inst,False
R_role_assistant_vs_user@t_inst,R_role_system_vs_user@t_post_inst,22,0.8148,0.14160722494125366,0.14160722494125366,0.03177424147725105,,True,t_inst,t_post_inst,False
R_role_assistant_vs_user@t_inst,R_role_system_vs_user@t_post_inst,23,0.8519,0.17978113889694214,0.17978113889694214,0.03177424147725105,,True,t_inst,t_post_inst,False
R_role_assistant_vs_user@t_inst,R_role_system_vs_user@t_post_inst,24,0.8889,0.1664676070213318,0.1664676070213318,0.03177424147725105,,True,t_inst,t_post_inst,False
R_role_assistant_vs_user@t_inst,R_role_system_vs_user@t_post_inst,25,0.9259,0.2409205436706543,0.2409205436706543,0.03177424147725105,,True,t_inst,t_post_inst,False
R_role_assistant_vs_user@t_inst,R_role_system_vs_user@t_post_inst,26,0.963,0.2455390840768814,0.2455390840768814,0.03177424147725105,,True,t_inst,t_post_inst,False
R_role_assistant_vs_user@t_inst,R_role_system_vs_user@t_post_inst,27,1.0,0.2729409337043762,0.2729409337043762,0.03177424147725105,,True,t_inst,t_post_inst,False
R_role_assistant_vs_user@t_inst,R_role_tool_vs_user@t_inst,0,0.0,0.09109562635421753,0.09109562635421753,0.03177424147725105,,True,t_inst,t_inst,True
R_role_assistant_vs_user@t_inst,R_role_tool_vs_user@t_inst,1,0.037,0.3196243941783905,0.3196243941783905,0.03177424147725105,,True,t_inst,t_inst,True
R_role_assistant_vs_user@t_inst,R_role_tool_vs_user@t_inst,2,0.0741,0.28106337785720825,0.28106337785720825,0.03177424147725105,,True,t_inst,t_inst,True
R_role_assistant_vs_user@t_inst,R_role_tool_vs_user@t_inst,3,0.1111,0.2563007175922394,0.2563007175922394,0.03177424147725105,,True,t_inst,t_inst,True
R_role_assistant_vs_user@t_inst,R_role_tool_vs_user@t_inst,4,0.1481,0.33403265476226807,0.33403265476226807,0.03177424147725105,,True,t_inst,t_inst,True
R_role_assistant_vs_user@t_inst,R_role_tool_vs_user@t_inst,5,0.1852,0.2943824529647827,0.2943824529647827,0.03177424147725105,,True,t_inst,t_inst,True
R_role_assistant_vs_user@t_inst,R_role_tool_vs_user@t_inst,6,0.2222,0.34813520312309265,0.34813520312309265,0.03177424147725105,,True,t_inst,t_inst,True
R_role_assistant_vs_user@t_inst,R_role_tool_vs_user@t_inst,7,0.2593,0.34429699182510376,0.34429699182510376,0.03177424147725105,,True,t_inst,t_inst,True
R_role_assistant_vs_user@t_inst,R_role_tool_vs_user@t_inst,8,0.2963,0.38203370571136475,0.38203370571136475,0.03177424147725105,,True,t_inst,t_inst,True
R_role_assistant_vs_user@t_inst,R_role_tool_vs_user@t_inst,9,0.3333,0.3803921937942505,0.3803921937942505,0.03177424147725105,,True,t_inst,t_inst,True
R_role_assistant_vs_user@t_inst,R_role_tool_vs_user@t_inst,10,0.3704,0.3903746008872986,0.3903746008872986,0.03177424147725105,,True,t_inst,t_inst,True
R_role_assistant_vs_user@t_inst,R_role_tool_vs_user@t_inst,11,0.4074,0.4139980673789978,0.4139980673789978,0.03177424147725105,,True,t_inst,t_inst,True
R_role_assistant_vs_user@t_inst,R_role_tool_vs_user@t_inst,12,0.4444,0.41629454493522644,0.41629454493522644,0.03177424147725105,,True,t_inst,t_inst,True
R_role_assistant_vs_user@t_inst,R_role_tool_vs_user@t_inst,13,0.4815,0.4661492705345154,0.4661492705345154,0.03177424147725105,,True,t_inst,t_inst,True
R_role_assistant_vs_user@t_inst,R_role_tool_vs_user@t_inst,14,0.5185,0.44468992948532104,0.44468992948532104,0.03177424147725105,,True,t_inst,t_inst,True
R_role_assistant_vs_user@t_inst,R_role_tool_vs_user@t_inst,15,0.5556,0.4463001489639282,0.4463001489639282,0.03177424147725105,,True,t_inst,t_inst,True
R_role_assistant_vs_user@t_inst,R_role_tool_vs_user@t_inst,16,0.5926,0.4120863080024719,0.4120863080024719,0.03177424147725105,,True,t_inst,t_inst,True
R_role_assistant_vs_user@t_inst,R_role_tool_vs_user@t_inst,17,0.6296,0.39274996519088745,0.39274996519088745,0.03177424147725105,,True,t_inst,t_inst,True
R_role_assistant_vs_user@t_inst,R_role_tool_vs_user@t_inst,18,0.6667,0.42036867141723633,0.42036867141723633,0.03177424147725105,,True,t_inst,t_inst,True
R_role_assistant_vs_user@t_inst,R_role_tool_vs_user@t_inst,19,0.7037,0.39462801814079285,0.39462801814079285,0.03177424147725105,,True,t_inst,t_inst,True
R_role_assistant_vs_user@t_inst,R_role_tool_vs_user@t_inst,20,0.7407,0.38127651810646057,0.38127651810646057,0.03177424147725105,,True,t_inst,t_inst,True
R_role_assistant_vs_user@t_inst,R_role_tool_vs_user@t_inst,21,0.7778,0.3584052324295044,0.3584052324295044,0.03177424147725105,,True,t_inst,t_inst,True
R_role_assistant_vs_user@t_inst,R_role_tool_vs_user@t_inst,22,0.8148,0.338634729385376,0.338634729385376,0.03177424147725105,,True,t_inst,t_inst,True
R_role_assistant_vs_user@t_inst,R_role_tool_vs_user@t_inst,23,0.8519,0.29273343086242676,0.29273343086242676,0.03177424147725105,,True,t_inst,t_inst,True
R_role_assistant_vs_user@t_inst,R_role_tool_vs_user@t_inst,24,0.8889,0.3041602373123169,0.3041602373123169,0.03177424147725105,,True,t_inst,t_inst,True
R_role_assistant_vs_user@t_inst,R_role_tool_vs_user@t_inst,25,0.9259,0.2722359895706177,0.2722359895706177,0.03177424147725105,,True,t_inst,t_inst,True
R_role_assistant_vs_user@t_inst,R_role_tool_vs_user@t_inst,26,0.963,0.1711803525686264,0.1711803525686264,0.03177424147725105,,True,t_inst,t_inst,True
R_role_assistant_vs_user@t_inst,R_role_tool_vs_user@t_inst,27,1.0,0.03737769275903702,0.03737769275903702,0.03177424147725105,,True,t_inst,t_inst,True
R_role_assistant_vs_user@t_inst,R_role_tool_vs_user@t_post_inst,0,0.0,0.0852239653468132,0.0852239653468132,0.03177424147725105,,True,t_inst,t_post_inst,False
R_role_assistant_vs_user@t_inst,R_role_tool_vs_user@t_post_inst,1,0.037,0.22077445685863495,0.22077445685863495,0.03177424147725105,,True,t_inst,t_post_inst,False
R_role_assistant_vs_user@t_inst,R_role_tool_vs_user@t_post_inst,2,0.0741,0.23802432417869568,0.23802432417869568,0.03177424147725105,,True,t_inst,t_post_inst,False
R_role_assistant_vs_user@t_inst,R_role_tool_vs_user@t_post_inst,3,0.1111,0.21937498450279236,0.21937498450279236,0.03177424147725105,,True,t_inst,t_post_inst,False
R_role_assistant_vs_user@t_inst,R_role_tool_vs_user@t_post_inst,4,0.1481,0.20173999667167664,0.20173999667167664,0.03177424147725105,,True,t_inst,t_post_inst,False
R_role_assistant_vs_user@t_inst,R_role_tool_vs_user@t_post_inst,5,0.1852,0.15205244719982147,0.15205244719982147,0.03177424147725105,,True,t_inst,t_post_inst,False
R_role_assistant_vs_user@t_inst,R_role_tool_vs_user@t_post_inst,6,0.2222,0.11698941886425018,0.11698941886425018,0.03177424147725105,,True,t_inst,t_post_inst,False
R_role_assistant_vs_user@t_inst,R_role_tool_vs_user@t_post_inst,7,0.2593,0.1194852814078331,0.1194852814078331,0.03177424147725105,,True,t_inst,t_post_inst,False
R_role_assistant_vs_user@t_inst,R_role_tool_vs_user@t_post_inst,8,0.2963,0.18001003563404083,0.18001003563404083,0.03177424147725105,,True,t_inst,t_post_inst,False
R_role_assistant_vs_user@t_inst,R_role_tool_vs_user@t_post_inst,9,0.3333,0.03142785280942917,0.03142785280942917,0.03177424147725105,,False,t_inst,t_post_inst,False
R_role_assistant_vs_user@t_inst,R_role_tool_vs_user@t_post_inst,10,0.3704,0.11704204976558685,0.11704204976558685,0.03177424147725105,,True,t_inst,t_post_inst,False
R_role_assistant_vs_user@t_inst,R_role_tool_vs_user@t_post_inst,11,0.4074,0.1685444712638855,0.1685444712638855,0.03177424147725105,,True,t_inst,t_post_inst,False
R_role_assistant_vs_user@t_inst,R_role_tool_vs_user@t_post_inst,12,0.4444,0.2773592472076416,0.2773592472076416,0.03177424147725105,,True,t_inst,t_post_inst,False
R_role_assistant_vs_user@t_inst,R_role_tool_vs_user@t_post_inst,13,0.4815,0.3117206394672394,0.3117206394672394,0.03177424147725105,,True,t_inst,t_post_inst,False
R_role_assistant_vs_user@t_inst,R_role_tool_vs_user@t_post_inst,14,0.5185,0.2366483211517334,0.2366483211517334,0.03177424147725105,,True,t_inst,t_post_inst,False
R_role_assistant_vs_user@t_inst,R_role_tool_vs_user@t_post_inst,15,0.5556,0.2741919755935669,0.2741919755935669,0.03177424147725105,,True,t_inst,t_post_inst,False
R_role_assistant_vs_user@t_inst,R_role_tool_vs_user@t_post_inst,16,0.5926,0.21336621046066284,0.21336621046066284,0.03177424147725105,,True,t_inst,t_post_inst,False
R_role_assistant_vs_user@t_inst,R_role_tool_vs_user@t_post_inst,17,0.6296,0.20365916192531586,0.20365916192531586,0.03177424147725105,,True,t_inst,t_post_inst,False
R_role_assistant_vs_user@t_inst,R_role_tool_vs_user@t_post_inst,18,0.6667,0.31061482429504395,0.31061482429504395,0.03177424147725105,,True,t_inst,t_post_inst,False
R_role_assistant_vs_user@t_inst,R_role_tool_vs_user@t_post_inst,19,0.7037,0.28713473677635193,0.28713473677635193,0.03177424147725105,,True,t_inst,t_post_inst,False
R_role_assistant_vs_user@t_inst,R_role_tool_vs_user@t_post_inst,20,0.7407,0.3359811305999756,0.3359811305999756,0.03177424147725105,,True,t_inst,t_post_inst,False
R_role_assistant_vs_user@t_inst,R_role_tool_vs_user@t_post_inst,21,0.7778,0.2652280330657959,0.2652280330657959,0.03177424147725105,,True,t_inst,t_post_inst,False
R_role_assistant_vs_user@t_inst,R_role_tool_vs_user@t_post_inst,22,0.8148,0.21969226002693176,0.21969226002693176,0.03177424147725105,,True,t_inst,t_post_inst,False
R_role_assistant_vs_user@t_inst,R_role_tool_vs_user@t_post_inst,23,0.8519,0.21613219380378723,0.21613219380378723,0.03177424147725105,,True,t_inst,t_post_inst,False
R_role_assistant_vs_user@t_inst,R_role_tool_vs_user@t_post_inst,24,0.8889,0.19294820725917816,0.19294820725917816,0.03177424147725105,,True,t_inst,t_post_inst,False
R_role_assistant_vs_user@t_inst,R_role_tool_vs_user@t_post_inst,25,0.9259,0.15561601519584656,0.15561601519584656,0.03177424147725105,,True,t_inst,t_post_inst,False
R_role_assistant_vs_user@t_inst,R_role_tool_vs_user@t_post_inst,26,0.963,0.1340118646621704,0.1340118646621704,0.03177424147725105,,True,t_inst,t_post_inst,False
R_role_assistant_vs_user@t_inst,R_role_tool_vs_user@t_post_inst,27,1.0,0.0547342523932457,0.0547342523932457,0.03177424147725105,,True,t_inst,t_post_inst,False
R_role_assistant_vs_user@t_post_inst,R_role_system_vs_user@t_inst,0,0.0,-0.1486423760652542,0.1486423760652542,0.03177424147725105,,True,t_post_inst,t_inst,False
R_role_assistant_vs_user@t_post_inst,R_role_system_vs_user@t_inst,1,0.037,-0.31321901082992554,0.31321901082992554,0.03177424147725105,,True,t_post_inst,t_inst,False
R_role_assistant_vs_user@t_post_inst,R_role_system_vs_user@t_inst,2,0.0741,-0.16608498990535736,0.16608498990535736,0.03177424147725105,,True,t_post_inst,t_inst,False
R_role_assistant_vs_user@t_post_inst,R_role_system_vs_user@t_inst,3,0.1111,-0.16328266263008118,0.16328266263008118,0.03177424147725105,,True,t_post_inst,t_inst,False
R_role_assistant_vs_user@t_post_inst,R_role_system_vs_user@t_inst,4,0.1481,-0.11241590976715088,0.11241590976715088,0.03177424147725105,,True,t_post_inst,t_inst,False
R_role_assistant_vs_user@t_post_inst,R_role_system_vs_user@t_inst,5,0.1852,-0.12256835401058197,0.12256835401058197,0.03177424147725105,,True,t_post_inst,t_inst,False
R_role_assistant_vs_user@t_post_inst,R_role_system_vs_user@t_inst,6,0.2222,-0.125944122672081,0.125944122672081,0.03177424147725105,,True,t_post_inst,t_inst,False
R_role_assistant_vs_user@t_post_inst,R_role_system_vs_user@t_inst,7,0.2593,-0.12767288088798523,0.12767288088798523,0.03177424147725105,,True,t_post_inst,t_inst,False
R_role_assistant_vs_user@t_post_inst,R_role_system_vs_user@t_inst,8,0.2963,-0.135524719953537,0.135524719953537,0.03177424147725105,,True,t_post_inst,t_inst,False
R_role_assistant_vs_user@t_post_inst,R_role_system_vs_user@t_inst,9,0.3333,-0.12148019671440125,0.12148019671440125,0.03177424147725105,,True,t_post_inst,t_inst,False
R_role_assistant_vs_user@t_post_inst,R_role_system_vs_user@t_inst,10,0.3704,-0.12858179211616516,0.12858179211616516,0.03177424147725105,,True,t_post_inst,t_inst,False
R_role_assistant_vs_user@t_post_inst,R_role_system_vs_user@t_inst,11,0.4074,-0.14215978980064392,0.14215978980064392,0.03177424147725105,,True,t_post_inst,t_inst,False
R_role_assistant_vs_user@t_post_inst,R_role_system_vs_user@t_inst,12,0.4444,-0.08897961676120758,0.08897961676120758,0.03177424147725105,,True,t_post_inst,t_inst,False
R_role_assistant_vs_user@t_post_inst,R_role_system_vs_user@t_inst,13,0.4815,-0.09989981353282928,0.09989981353282928,0.03177424147725105,,True,t_post_inst,t_inst,False
R_role_assistant_vs_user@t_post_inst,R_role_system_vs_user@t_inst,14,0.5185,-0.18551145493984222,0.18551145493984222,0.03177424147725105,,True,t_post_inst,t_inst,False
R_role_assistant_vs_user@t_post_inst,R_role_system_vs_user@t_inst,15,0.5556,-0.13360898196697235,0.13360898196697235,0.03177424147725105,,True,t_post_inst,t_inst,False
R_role_assistant_vs_user@t_post_inst,R_role_system_vs_user@t_inst,16,0.5926,-0.1789265275001526,0.1789265275001526,0.03177424147725105,,True,t_post_inst,t_inst,False
R_role_assistant_vs_user@t_post_inst,R_role_system_vs_user@t_inst,17,0.6296,-0.11549203842878342,0.11549203842878342,0.03177424147725105,,True,t_post_inst,t_inst,False
R_role_assistant_vs_user@t_post_inst,R_role_system_vs_user@t_inst,18,0.6667,-0.0460737980902195,0.0460737980902195,0.03177424147725105,,True,t_post_inst,t_inst,False
R_role_assistant_vs_user@t_post_inst,R_role_system_vs_user@t_inst,19,0.7037,-0.08472900837659836,0.08472900837659836,0.03177424147725105,,True,t_post_inst,t_inst,False
R_role_assistant_vs_user@t_post_inst,R_role_system_vs_user@t_inst,20,0.7407,-0.06494224071502686,0.06494224071502686,0.03177424147725105,,True,t_post_inst,t_inst,False
R_role_assistant_vs_user@t_post_inst,R_role_system_vs_user@t_inst,21,0.7778,-0.05882970988750458,0.05882970988750458,0.03177424147725105,,True,t_post_inst,t_inst,False
R_role_assistant_vs_user@t_post_inst,R_role_system_vs_user@t_inst,22,0.8148,-0.04447175934910774,0.04447175934910774,0.03177424147725105,,True,t_post_inst,t_inst,False
R_role_assistant_vs_user@t_post_inst,R_role_system_vs_user@t_inst,23,0.8519,-0.025847487151622772,0.025847487151622772,0.03177424147725105,,False,t_post_inst,t_inst,False
R_role_assistant_vs_user@t_post_inst,R_role_system_vs_user@t_inst,24,0.8889,-0.026349330320954323,0.026349330320954323,0.03177424147725105,,False,t_post_inst,t_inst,False
R_role_assistant_vs_user@t_post_inst,R_role_system_vs_user@t_inst,25,0.9259,-0.0418122373521328,0.0418122373521328,0.03177424147725105,,True,t_post_inst,t_inst,False
R_role_assistant_vs_user@t_post_inst,R_role_system_vs_user@t_inst,26,0.963,-0.01097933016717434,0.01097933016717434,0.03177424147725105,,False,t_post_inst,t_inst,False
R_role_assistant_vs_user@t_post_inst,R_role_system_vs_user@t_inst,27,1.0,0.009696001186966896,0.009696001186966896,0.03177424147725105,,False,t_post_inst,t_inst,False
R_role_assistant_vs_user@t_post_inst,R_role_system_vs_user@t_post_inst,0,0.0,0.39466744661331177,0.39466744661331177,0.03177424147725105,,True,t_post_inst,t_post_inst,True
R_role_assistant_vs_user@t_post_inst,R_role_system_vs_user@t_post_inst,1,0.037,0.2853779196739197,0.2853779196739197,0.03177424147725105,,True,t_post_inst,t_post_inst,True
R_role_assistant_vs_user@t_post_inst,R_role_system_vs_user@t_post_inst,2,0.0741,0.30944347381591797,0.30944347381591797,0.03177424147725105,,True,t_post_inst,t_post_inst,True
R_role_assistant_vs_user@t_post_inst,R_role_system_vs_user@t_post_inst,3,0.1111,0.12129634618759155,0.12129634618759155,0.03177424147725105,,True,t_post_inst,t_post_inst,True
R_role_assistant_vs_user@t_post_inst,R_role_system_vs_user@t_post_inst,4,0.1481,0.07475008070468903,0.07475008070468903,0.03177424147725105,,True,t_post_inst,t_post_inst,True
R_role_assistant_vs_user@t_post_inst,R_role_system_vs_user@t_post_inst,5,0.1852,0.2007424235343933,0.2007424235343933,0.03177424147725105,,True,t_post_inst,t_post_inst,True
R_role_assistant_vs_user@t_post_inst,R_role_system_vs_user@t_post_inst,6,0.2222,0.1759558618068695,0.1759558618068695,0.03177424147725105,,True,t_post_inst,t_post_inst,True
R_role_assistant_vs_user@t_post_inst,R_role_system_vs_user@t_post_inst,7,0.2593,0.15425489842891693,0.15425489842891693,0.03177424147725105,,True,t_post_inst,t_post_inst,True
R_role_assistant_vs_user@t_post_inst,R_role_system_vs_user@t_post_inst,8,0.2963,0.1596713662147522,0.1596713662147522,0.03177424147725105,,True,t_post_inst,t_post_inst,True
R_role_assistant_vs_user@t_post_inst,R_role_system_vs_user@t_post_inst,9,0.3333,0.28409385681152344,0.28409385681152344,0.03177424147725105,,True,t_post_inst,t_post_inst,True
R_role_assistant_vs_user@t_post_inst,R_role_system_vs_user@t_post_inst,10,0.3704,0.29500696063041687,0.29500696063041687,0.03177424147725105,,True,t_post_inst,t_post_inst,True
R_role_assistant_vs_user@t_post_inst,R_role_system_vs_user@t_post_inst,11,0.4074,0.2766560912132263,0.2766560912132263,0.03177424147725105,,True,t_post_inst,t_post_inst,True
R_role_assistant_vs_user@t_post_inst,R_role_system_vs_user@t_post_inst,12,0.4444,0.3108447194099426,0.3108447194099426,0.03177424147725105,,True,t_post_inst,t_post_inst,True
R_role_assistant_vs_user@t_post_inst,R_role_system_vs_user@t_post_inst,13,0.4815,0.3929833173751831,0.3929833173751831,0.03177424147725105,,True,t_post_inst,t_post_inst,True
R_role_assistant_vs_user@t_post_inst,R_role_system_vs_user@t_post_inst,14,0.5185,0.32965224981307983,0.32965224981307983,0.03177424147725105,,True,t_post_inst,t_post_inst,True
R_role_assistant_vs_user@t_post_inst,R_role_system_vs_user@t_post_inst,15,0.5556,0.342046856880188,0.342046856880188,0.03177424147725105,,True,t_post_inst,t_post_inst,True
R_role_assistant_vs_user@t_post_inst,R_role_system_vs_user@t_post_inst,16,0.5926,0.3026919960975647,0.3026919960975647,0.03177424147725105,,True,t_post_inst,t_post_inst,True
R_role_assistant_vs_user@t_post_inst,R_role_system_vs_user@t_post_inst,17,0.6296,0.3411511778831482,0.3411511778831482,0.03177424147725105,,True,t_post_inst,t_post_inst,True
R_role_assistant_vs_user@t_post_inst,R_role_system_vs_user@t_post_inst,18,0.6667,0.446319580078125,0.446319580078125,0.03177424147725105,,True,t_post_inst,t_post_inst,True
R_role_assistant_vs_user@t_post_inst,R_role_system_vs_user@t_post_inst,19,0.7037,0.5098121166229248,0.5098121166229248,0.03177424147725105,,True,t_post_inst,t_post_inst,True
R_role_assistant_vs_user@t_post_inst,R_role_system_vs_user@t_post_inst,20,0.7407,0.4948770999908447,0.4948770999908447,0.03177424147725105,,True,t_post_inst,t_post_inst,True
R_role_assistant_vs_user@t_post_inst,R_role_system_vs_user@t_post_inst,21,0.7778,0.5194209814071655,0.5194209814071655,0.03177424147725105,,True,t_post_inst,t_post_inst,True
R_role_assistant_vs_user@t_post_inst,R_role_system_vs_user@t_post_inst,22,0.8148,0.54294753074646,0.54294753074646,0.03177424147725105,,True,t_post_inst,t_post_inst,True
R_role_assistant_vs_user@t_post_inst,R_role_system_vs_user@t_post_inst,23,0.8519,0.5603408813476562,0.5603408813476562,0.03177424147725105,,True,t_post_inst,t_post_inst,True
R_role_assistant_vs_user@t_post_inst,R_role_system_vs_user@t_post_inst,24,0.8889,0.5367368459701538,0.5367368459701538,0.03177424147725105,,True,t_post_inst,t_post_inst,True
R_role_assistant_vs_user@t_post_inst,R_role_system_vs_user@t_post_inst,25,0.9259,0.5812652111053467,0.5812652111053467,0.03177424147725105,,True,t_post_inst,t_post_inst,True
R_role_assistant_vs_user@t_post_inst,R_role_system_vs_user@t_post_inst,26,0.963,0.5948273539543152,0.5948273539543152,0.03177424147725105,,True,t_post_inst,t_post_inst,True
R_role_assistant_vs_user@t_post_inst,R_role_system_vs_user@t_post_inst,27,1.0,0.6146273612976074,0.6146273612976074,0.03177424147725105,,True,t_post_inst,t_post_inst,True
R_role_assistant_vs_user@t_post_inst,R_role_tool_vs_user@t_inst,0,0.0,0.04323918744921684,0.04323918744921684,0.03177424147725105,,True,t_post_inst,t_inst,False
R_role_assistant_vs_user@t_post_inst,R_role_tool_vs_user@t_inst,1,0.037,0.13232502341270447,0.13232502341270447,0.03177424147725105,,True,t_post_inst,t_inst,False
R_role_assistant_vs_user@t_post_inst,R_role_tool_vs_user@t_inst,2,0.0741,0.09827280044555664,0.09827280044555664,0.03177424147725105,,True,t_post_inst,t_inst,False
R_role_assistant_vs_user@t_post_inst,R_role_tool_vs_user@t_inst,3,0.1111,0.06689608097076416,0.06689608097076416,0.03177424147725105,,True,t_post_inst,t_inst,False
R_role_assistant_vs_user@t_post_inst,R_role_tool_vs_user@t_inst,4,0.1481,0.01375796739012003,0.01375796739012003,0.03177424147725105,,False,t_post_inst,t_inst,False
R_role_assistant_vs_user@t_post_inst,R_role_tool_vs_user@t_inst,5,0.1852,0.03571360558271408,0.03571360558271408,0.03177424147725105,,True,t_post_inst,t_inst,False
R_role_assistant_vs_user@t_post_inst,R_role_tool_vs_user@t_inst,6,0.2222,0.07534117251634598,0.07534117251634598,0.03177424147725105,,True,t_post_inst,t_inst,False
R_role_assistant_vs_user@t_post_inst,R_role_tool_vs_user@t_inst,7,0.2593,0.08232320100069046,0.08232320100069046,0.03177424147725105,,True,t_post_inst,t_inst,False
R_role_assistant_vs_user@t_post_inst,R_role_tool_vs_user@t_inst,8,0.2963,0.07390706986188889,0.07390706986188889,0.03177424147725105,,True,t_post_inst,t_inst,False
R_role_assistant_vs_user@t_post_inst,R_role_tool_vs_user@t_inst,9,0.3333,0.07490938156843185,0.07490938156843185,0.03177424147725105,,True,t_post_inst,t_inst,False
R_role_assistant_vs_user@t_post_inst,R_role_tool_vs_user@t_inst,10,0.3704,0.10886071622371674,0.10886071622371674,0.03177424147725105,,True,t_post_inst,t_inst,False
R_role_assistant_vs_user@t_post_inst,R_role_tool_vs_user@t_inst,11,0.4074,0.10654495656490326,0.10654495656490326,0.03177424147725105,,True,t_post_inst,t_inst,False
R_role_assistant_vs_user@t_post_inst,R_role_tool_vs_user@t_inst,12,0.4444,0.1224425733089447,0.1224425733089447,0.03177424147725105,,True,t_post_inst,t_inst,False
R_role_assistant_vs_user@t_post_inst,R_role_tool_vs_user@t_inst,13,0.4815,0.1764509081840515,0.1764509081840515,0.03177424147725105,,True,t_post_inst,t_inst,False
R_role_assistant_vs_user@t_post_inst,R_role_tool_vs_user@t_inst,14,0.5185,0.14286260306835175,0.14286260306835175,0.03177424147725105,,True,t_post_inst,t_inst,False
R_role_assistant_vs_user@t_post_inst,R_role_tool_vs_user@t_inst,15,0.5556,0.18619802594184875,0.18619802594184875,0.03177424147725105,,True,t_post_inst,t_inst,False
R_role_assistant_vs_user@t_post_inst,R_role_tool_vs_user@t_inst,16,0.5926,0.15627779066562653,0.15627779066562653,0.03177424147725105,,True,t_post_inst,t_inst,False
R_role_assistant_vs_user@t_post_inst,R_role_tool_vs_user@t_inst,17,0.6296,0.14166472852230072,0.14166472852230072,0.03177424147725105,,True,t_post_inst,t_inst,False
R_role_assistant_vs_user@t_post_inst,R_role_tool_vs_user@t_inst,18,0.6667,0.20009997487068176,0.20009997487068176,0.03177424147725105,,True,t_post_inst,t_inst,False
R_role_assistant_vs_user@t_post_inst,R_role_tool_vs_user@t_inst,19,0.7037,0.21756598353385925,0.21756598353385925,0.03177424147725105,,True,t_post_inst,t_inst,False
R_role_assistant_vs_user@t_post_inst,R_role_tool_vs_user@t_inst,20,0.7407,0.2018161416053772,0.2018161416053772,0.03177424147725105,,True,t_post_inst,t_inst,False
R_role_assistant_vs_user@t_post_inst,R_role_tool_vs_user@t_inst,21,0.7778,0.145551398396492,0.145551398396492,0.03177424147725105,,True,t_post_inst,t_inst,False
R_role_assistant_vs_user@t_post_inst,R_role_tool_vs_user@t_inst,22,0.8148,0.13836896419525146,0.13836896419525146,0.03177424147725105,,True,t_post_inst,t_inst,False
R_role_assistant_vs_user@t_post_inst,R_role_tool_vs_user@t_inst,23,0.8519,0.11073745042085648,0.11073745042085648,0.03177424147725105,,True,t_post_inst,t_inst,False
R_role_assistant_vs_user@t_post_inst,R_role_tool_vs_user@t_inst,24,0.8889,0.11367307603359222,0.11367307603359222,0.03177424147725105,,True,t_post_inst,t_inst,False
R_role_assistant_vs_user@t_post_inst,R_role_tool_vs_user@t_inst,25,0.9259,0.07795058190822601,0.07795058190822601,0.03177424147725105,,True,t_post_inst,t_inst,False
R_role_assistant_vs_user@t_post_inst,R_role_tool_vs_user@t_inst,26,0.963,0.04077894240617752,0.04077894240617752,0.03177424147725105,,True,t_post_inst,t_inst,False
R_role_assistant_vs_user@t_post_inst,R_role_tool_vs_user@t_inst,27,1.0,-0.013045834377408028,0.013045834377408028,0.03177424147725105,,False,t_post_inst,t_inst,False
R_role_assistant_vs_user@t_post_inst,R_role_tool_vs_user@t_post_inst,0,0.0,0.18614162504673004,0.18614162504673004,0.03177424147725105,,True,t_post_inst,t_post_inst,True
R_role_assistant_vs_user@t_post_inst,R_role_tool_vs_user@t_post_inst,1,0.037,0.3215876817703247,0.3215876817703247,0.03177424147725105,,True,t_post_inst,t_post_inst,True
R_role_assistant_vs_user@t_post_inst,R_role_tool_vs_user@t_post_inst,2,0.0741,0.3827512264251709,0.3827512264251709,0.03177424147725105,,True,t_post_inst,t_post_inst,True
R_role_assistant_vs_user@t_post_inst,R_role_tool_vs_user@t_post_inst,3,0.1111,0.3517039120197296,0.3517039120197296,0.03177424147725105,,True,t_post_inst,t_post_inst,True
R_role_assistant_vs_user@t_post_inst,R_role_tool_vs_user@t_post_inst,4,0.1481,0.46672892570495605,0.46672892570495605,0.03177424147725105,,True,t_post_inst,t_post_inst,True
R_role_assistant_vs_user@t_post_inst,R_role_tool_vs_user@t_post_inst,5,0.1852,0.41567596793174744,0.41567596793174744,0.03177424147725105,,True,t_post_inst,t_post_inst,True
R_role_assistant_vs_user@t_post_inst,R_role_tool_vs_user@t_post_inst,6,0.2222,0.3807353675365448,0.3807353675365448,0.03177424147725105,,True,t_post_inst,t_post_inst,True
R_role_assistant_vs_user@t_post_inst,R_role_tool_vs_user@t_post_inst,7,0.2593,0.33711087703704834,0.33711087703704834,0.03177424147725105,,True,t_post_inst,t_post_inst,True
R_role_assistant_vs_user@t_post_inst,R_role_tool_vs_user@t_post_inst,8,0.2963,0.32921159267425537,0.32921159267425537,0.03177424147725105,,True,t_post_inst,t_post_inst,True
R_role_assistant_vs_user@t_post_inst,R_role_tool_vs_user@t_post_inst,9,0.3333,0.23672887682914734,0.23672887682914734,0.03177424147725105,,True,t_post_inst,t_post_inst,True
R_role_assistant_vs_user@t_post_inst,R_role_tool_vs_user@t_post_inst,10,0.3704,0.31610721349716187,0.31610721349716187,0.03177424147725105,,True,t_post_inst,t_post_inst,True
R_role_assistant_vs_user@t_post_inst,R_role_tool_vs_user@t_post_inst,11,0.4074,0.3545020520687103,0.3545020520687103,0.03177424147725105,,True,t_post_inst,t_post_inst,True
R_role_assistant_vs_user@t_post_inst,R_role_tool_vs_user@t_post_inst,12,0.4444,0.44972288608551025,0.44972288608551025,0.03177424147725105,,True,t_post_inst,t_post_inst,True
R_role_assistant_vs_user@t_post_inst,R_role_tool_vs_user@t_post_inst,13,0.4815,0.4839954674243927,0.4839954674243927,0.03177424147725105,,True,t_post_inst,t_post_inst,True
R_role_assistant_vs_user@t_post_inst,R_role_tool_vs_user@t_post_inst,14,0.5185,0.4600287079811096,0.4600287079811096,0.03177424147725105,,True,t_post_inst,t_post_inst,True
R_role_assistant_vs_user@t_post_inst,R_role_tool_vs_user@t_post_inst,15,0.5556,0.5239450335502625,0.5239450335502625,0.03177424147725105,,True,t_post_inst,t_post_inst,True
R_role_assistant_vs_user@t_post_inst,R_role_tool_vs_user@t_post_inst,16,0.5926,0.4636308252811432,0.4636308252811432,0.03177424147725105,,True,t_post_inst,t_post_inst,True
R_role_assistant_vs_user@t_post_inst,R_role_tool_vs_user@t_post_inst,17,0.6296,0.4889988899230957,0.4889988899230957,0.03177424147725105,,True,t_post_inst,t_post_inst,True
R_role_assistant_vs_user@t_post_inst,R_role_tool_vs_user@t_post_inst,18,0.6667,0.5859150886535645,0.5859150886535645,0.03177424147725105,,True,t_post_inst,t_post_inst,True
R_role_assistant_vs_user@t_post_inst,R_role_tool_vs_user@t_post_inst,19,0.7037,0.6044932007789612,0.6044932007789612,0.03177424147725105,,True,t_post_inst,t_post_inst,True
R_role_assistant_vs_user@t_post_inst,R_role_tool_vs_user@t_post_inst,20,0.7407,0.58234703540802,0.58234703540802,0.03177424147725105,,True,t_post_inst,t_post_inst,True
R_role_assistant_vs_user@t_post_inst,R_role_tool_vs_user@t_post_inst,21,0.7778,0.5866012573242188,0.5866012573242188,0.03177424147725105,,True,t_post_inst,t_post_inst,True
R_role_assistant_vs_user@t_post_inst,R_role_tool_vs_user@t_post_inst,22,0.8148,0.6062831878662109,0.6062831878662109,0.03177424147725105,,True,t_post_inst,t_post_inst,True
R_role_assistant_vs_user@t_post_inst,R_role_tool_vs_user@t_post_inst,23,0.8519,0.6331847906112671,0.6331847906112671,0.03177424147725105,,True,t_post_inst,t_post_inst,True
R_role_assistant_vs_user@t_post_inst,R_role_tool_vs_user@t_post_inst,24,0.8889,0.6635745763778687,0.6635745763778687,0.03177424147725105,,True,t_post_inst,t_post_inst,True
R_role_assistant_vs_user@t_post_inst,R_role_tool_vs_user@t_post_inst,25,0.9259,0.6513769626617432,0.6513769626617432,0.03177424147725105,,True,t_post_inst,t_post_inst,True
R_role_assistant_vs_user@t_post_inst,R_role_tool_vs_user@t_post_inst,26,0.963,0.612575113773346,0.612575113773346,0.03177424147725105,,True,t_post_inst,t_post_inst,True
R_role_assistant_vs_user@t_post_inst,R_role_tool_vs_user@t_post_inst,27,1.0,0.587729811668396,0.587729811668396,0.03177424147725105,,True,t_post_inst,t_post_inst,True
R_role_system_vs_user@t_inst,R_role_system_vs_user@t_post_inst,0,0.0,-0.05293068289756775,0.05293068289756775,0.03177424147725105,,True,t_inst,t_post_inst,False
R_role_system_vs_user@t_inst,R_role_system_vs_user@t_post_inst,1,0.037,-0.17385636270046234,0.17385636270046234,0.03177424147725105,,True,t_inst,t_post_inst,False
R_role_system_vs_user@t_inst,R_role_system_vs_user@t_post_inst,2,0.0741,-0.02280314266681671,0.02280314266681671,0.03177424147725105,,False,t_inst,t_post_inst,False
R_role_system_vs_user@t_inst,R_role_system_vs_user@t_post_inst,3,0.1111,-0.023446975275874138,0.023446975275874138,0.03177424147725105,,False,t_inst,t_post_inst,False
R_role_system_vs_user@t_inst,R_role_system_vs_user@t_post_inst,4,0.1481,-0.03032645583152771,0.03032645583152771,0.03177424147725105,,False,t_inst,t_post_inst,False
R_role_system_vs_user@t_inst,R_role_system_vs_user@t_post_inst,5,0.1852,-0.056375570595264435,0.056375570595264435,0.03177424147725105,,True,t_inst,t_post_inst,False
R_role_system_vs_user@t_inst,R_role_system_vs_user@t_post_inst,6,0.2222,-0.043585728853940964,0.043585728853940964,0.03177424147725105,,True,t_inst,t_post_inst,False
R_role_system_vs_user@t_inst,R_role_system_vs_user@t_post_inst,7,0.2593,-0.021950613707304,0.021950613707304,0.03177424147725105,,False,t_inst,t_post_inst,False
R_role_system_vs_user@t_inst,R_role_system_vs_user@t_post_inst,8,0.2963,-0.030650867149233818,0.030650867149233818,0.03177424147725105,,False,t_inst,t_post_inst,False
R_role_system_vs_user@t_inst,R_role_system_vs_user@t_post_inst,9,0.3333,-0.043058693408966064,0.043058693408966064,0.03177424147725105,,True,t_inst,t_post_inst,False
R_role_system_vs_user@t_inst,R_role_system_vs_user@t_post_inst,10,0.3704,-0.04986872524023056,0.04986872524023056,0.03177424147725105,,True,t_inst,t_post_inst,False
R_role_system_vs_user@t_inst,R_role_system_vs_user@t_post_inst,11,0.4074,-0.028464391827583313,0.028464391827583313,0.03177424147725105,,False,t_inst,t_post_inst,False
R_role_system_vs_user@t_inst,R_role_system_vs_user@t_post_inst,12,0.4444,0.04804453253746033,0.04804453253746033,0.03177424147725105,,True,t_inst,t_post_inst,False
R_role_system_vs_user@t_inst,R_role_system_vs_user@t_post_inst,13,0.4815,0.035371895879507065,0.035371895879507065,0.03177424147725105,,True,t_inst,t_post_inst,False
R_role_system_vs_user@t_inst,R_role_system_vs_user@t_post_inst,14,0.5185,0.00873279757797718,0.00873279757797718,0.03177424147725105,,False,t_inst,t_post_inst,False
R_role_system_vs_user@t_inst,R_role_system_vs_user@t_post_inst,15,0.5556,0.08918113261461258,0.08918113261461258,0.03177424147725105,,True,t_inst,t_post_inst,False
R_role_system_vs_user@t_inst,R_role_system_vs_user@t_post_inst,16,0.5926,0.07051040232181549,0.07051040232181549,0.03177424147725105,,True,t_inst,t_post_inst,False
R_role_system_vs_user@t_inst,R_role_system_vs_user@t_post_inst,17,0.6296,0.12044268846511841,0.12044268846511841,0.03177424147725105,,True,t_inst,t_post_inst,False
R_role_system_vs_user@t_inst,R_role_system_vs_user@t_post_inst,18,0.6667,0.12442674487829208,0.12442674487829208,0.03177424147725105,,True,t_inst,t_post_inst,False
R_role_system_vs_user@t_inst,R_role_system_vs_user@t_post_inst,19,0.7037,0.006592860445380211,0.006592860445380211,0.03177424147725105,,False,t_inst,t_post_inst,False
R_role_system_vs_user@t_inst,R_role_system_vs_user@t_post_inst,20,0.7407,-0.02529143914580345,0.02529143914580345,0.03177424147725105,,False,t_inst,t_post_inst,False
R_role_system_vs_user@t_inst,R_role_system_vs_user@t_post_inst,21,0.7778,-0.03186976909637451,0.03186976909637451,0.03177424147725105,,True,t_inst,t_post_inst,False
R_role_system_vs_user@t_inst,R_role_system_vs_user@t_post_inst,22,0.8148,-0.042358867824077606,0.042358867824077606,0.03177424147725105,,True,t_inst,t_post_inst,False
R_role_system_vs_user@t_inst,R_role_system_vs_user@t_post_inst,23,0.8519,-0.048521775752305984,0.048521775752305984,0.03177424147725105,,True,t_inst,t_post_inst,False
R_role_system_vs_user@t_inst,R_role_system_vs_user@t_post_inst,24,0.8889,-0.0574483685195446,0.0574483685195446,0.03177424147725105,,True,t_inst,t_post_inst,False
R_role_system_vs_user@t_inst,R_role_system_vs_user@t_post_inst,25,0.9259,-0.04965180531144142,0.04965180531144142,0.03177424147725105,,True,t_inst,t_post_inst,False
R_role_system_vs_user@t_inst,R_role_system_vs_user@t_post_inst,26,0.963,-0.020021487027406693,0.020021487027406693,0.03177424147725105,,False,t_inst,t_post_inst,False
R_role_system_vs_user@t_inst,R_role_system_vs_user@t_post_inst,27,1.0,0.011877695098519325,0.011877695098519325,0.03177424147725105,,False,t_inst,t_post_inst,False
R_role_system_vs_user@t_inst,R_role_tool_vs_user@t_inst,0,0.0,-0.03857426717877388,0.03857426717877388,0.03177424147725105,,True,t_inst,t_inst,True
R_role_system_vs_user@t_inst,R_role_tool_vs_user@t_inst,1,0.037,-0.3268527090549469,0.3268527090549469,0.03177424147725105,,True,t_inst,t_inst,True
R_role_system_vs_user@t_inst,R_role_tool_vs_user@t_inst,2,0.0741,-0.21320153772830963,0.21320153772830963,0.03177424147725105,,True,t_inst,t_inst,True
R_role_system_vs_user@t_inst,R_role_tool_vs_user@t_inst,3,0.1111,-0.1746688187122345,0.1746688187122345,0.03177424147725105,,True,t_inst,t_inst,True
R_role_system_vs_user@t_inst,R_role_tool_vs_user@t_inst,4,0.1481,-0.18314996361732483,0.18314996361732483,0.03177424147725105,,True,t_inst,t_inst,True
R_role_system_vs_user@t_inst,R_role_tool_vs_user@t_inst,5,0.1852,-0.18531404435634613,0.18531404435634613,0.03177424147725105,,True,t_inst,t_inst,True
R_role_system_vs_user@t_inst,R_role_tool_vs_user@t_inst,6,0.2222,-0.20173650979995728,0.20173650979995728,0.03177424147725105,,True,t_inst,t_inst,True
R_role_system_vs_user@t_inst,R_role_tool_vs_user@t_inst,7,0.2593,-0.1408088207244873,0.1408088207244873,0.03177424147725105,,True,t_inst,t_inst,True
R_role_system_vs_user@t_inst,R_role_tool_vs_user@t_inst,8,0.2963,-0.15296536684036255,0.15296536684036255,0.03177424147725105,,True,t_inst,t_inst,True
R_role_system_vs_user@t_inst,R_role_tool_vs_user@t_inst,9,0.3333,-0.14566124975681305,0.14566124975681305,0.03177424147725105,,True,t_inst,t_inst,True
R_role_system_vs_user@t_inst,R_role_tool_vs_user@t_inst,10,0.3704,-0.17965516448020935,0.17965516448020935,0.03177424147725105,,True,t_inst,t_inst,True
R_role_system_vs_user@t_inst,R_role_tool_vs_user@t_inst,11,0.4074,-0.1880110204219818,0.1880110204219818,0.03177424147725105,,True,t_inst,t_inst,True
R_role_system_vs_user@t_inst,R_role_tool_vs_user@t_inst,12,0.4444,-0.18198509514331818,0.18198509514331818,0.03177424147725105,,True,t_inst,t_inst,True
R_role_system_vs_user@t_inst,R_role_tool_vs_user@t_inst,13,0.4815,-0.22962509095668793,0.22962509095668793,0.03177424147725105,,True,t_inst,t_inst,True
R_role_system_vs_user@t_inst,R_role_tool_vs_user@t_inst,14,0.5185,-0.29326456785202026,0.29326456785202026,0.03177424147725105,,True,t_inst,t_inst,True
R_role_system_vs_user@t_inst,R_role_tool_vs_user@t_inst,15,0.5556,-0.2633371949195862,0.2633371949195862,0.03177424147725105,,True,t_inst,t_inst,True
R_role_system_vs_user@t_inst,R_role_tool_vs_user@t_inst,16,0.5926,-0.2651500999927521,0.2651500999927521,0.03177424147725105,,True,t_inst,t_inst,True
R_role_system_vs_user@t_inst,R_role_tool_vs_user@t_inst,17,0.6296,-0.21775487065315247,0.21775487065315247,0.03177424147725105,,True,t_inst,t_inst,True
R_role_system_vs_user@t_inst,R_role_tool_vs_user@t_inst,18,0.6667,-0.1617683619260788,0.1617683619260788,0.03177424147725105,,True,t_inst,t_inst,True
R_role_system_vs_user@t_inst,R_role_tool_vs_user@t_inst,19,0.7037,-0.19519507884979248,0.19519507884979248,0.03177424147725105,,True,t_inst,t_inst,True
R_role_system_vs_user@t_inst,R_role_tool_vs_user@t_inst,20,0.7407,-0.10300996899604797,0.10300996899604797,0.03177424147725105,,True,t_inst,t_inst,True
R_role_system_vs_user@t_inst,R_role_tool_vs_user@t_inst,21,0.7778,-0.005206027068197727,0.005206027068197727,0.03177424147725105,,False,t_inst,t_inst,True
R_role_system_vs_user@t_inst,R_role_tool_vs_user@t_inst,22,0.8148,0.05747983604669571,0.05747983604669571,0.03177424147725105,,True,t_inst,t_inst,True
R_role_system_vs_user@t_inst,R_role_tool_vs_user@t_inst,23,0.8519,0.051526591181755066,0.051526591181755066,0.03177424147725105,,True,t_inst,t_inst,True
R_role_system_vs_user@t_inst,R_role_tool_vs_user@t_inst,24,0.8889,0.3224419951438904,0.3224419951438904,0.03177424147725105,,True,t_inst,t_inst,True
R_role_system_vs_user@t_inst,R_role_tool_vs_user@t_inst,25,0.9259,0.33500778675079346,0.33500778675079346,0.03177424147725105,,True,t_inst,t_inst,True
R_role_system_vs_user@t_inst,R_role_tool_vs_user@t_inst,26,0.963,0.6863847374916077,0.6863847374916077,0.03177424147725105,,True,t_inst,t_inst,True
R_role_system_vs_user@t_inst,R_role_tool_vs_user@t_inst,27,1.0,0.5517740249633789,0.5517740249633789,0.03177424147725105,,True,t_inst,t_inst,True
R_role_system_vs_user@t_inst,R_role_tool_vs_user@t_post_inst,0,0.0,-0.08288369327783585,0.08288369327783585,0.03177424147725105,,True,t_inst,t_post_inst,False
R_role_system_vs_user@t_inst,R_role_tool_vs_user@t_post_inst,1,0.037,-0.17379146814346313,0.17379146814346313,0.03177424147725105,,True,t_inst,t_post_inst,False
R_role_system_vs_user@t_inst,R_role_tool_vs_user@t_post_inst,2,0.0741,-0.16898751258850098,0.16898751258850098,0.03177424147725105,,True,t_inst,t_post_inst,False
R_role_system_vs_user@t_inst,R_role_tool_vs_user@t_post_inst,3,0.1111,-0.15034127235412598,0.15034127235412598,0.03177424147725105,,True,t_inst,t_post_inst,False
R_role_system_vs_user@t_inst,R_role_tool_vs_user@t_post_inst,4,0.1481,-0.14900539815425873,0.14900539815425873,0.03177424147725105,,True,t_inst,t_post_inst,False
R_role_system_vs_user@t_inst,R_role_tool_vs_user@t_post_inst,5,0.1852,-0.13082781434059143,0.13082781434059143,0.03177424147725105,,True,t_inst,t_post_inst,False
R_role_system_vs_user@t_inst,R_role_tool_vs_user@t_post_inst,6,0.2222,-0.1534559428691864,0.1534559428691864,0.03177424147725105,,True,t_inst,t_post_inst,False
R_role_system_vs_user@t_inst,R_role_tool_vs_user@t_post_inst,7,0.2593,-0.18224270641803741,0.18224270641803741,0.03177424147725105,,True,t_inst,t_post_inst,False
R_role_system_vs_user@t_inst,R_role_tool_vs_user@t_post_inst,8,0.2963,-0.12542521953582764,0.12542521953582764,0.03177424147725105,,True,t_inst,t_post_inst,False
R_role_system_vs_user@t_inst,R_role_tool_vs_user@t_post_inst,9,0.3333,-0.1902494579553604,0.1902494579553604,0.03177424147725105,,True,t_inst,t_post_inst,False
R_role_system_vs_user@t_inst,R_role_tool_vs_user@t_post_inst,10,0.3704,-0.20668792724609375,0.20668792724609375,0.03177424147725105,,True,t_inst,t_post_inst,False
R_role_system_vs_user@t_inst,R_role_tool_vs_user@t_post_inst,11,0.4074,-0.2246469110250473,0.2246469110250473,0.03177424147725105,,True,t_inst,t_post_inst,False
R_role_system_vs_user@t_inst,R_role_tool_vs_user@t_post_inst,12,0.4444,-0.10493206977844238,0.10493206977844238,0.03177424147725105,,True,t_inst,t_post_inst,False
R_role_system_vs_user@t_inst,R_role_tool_vs_user@t_post_inst,13,0.4815,-0.12995445728302002,0.12995445728302002,0.03177424147725105,,True,t_inst,t_post_inst,False
R_role_system_vs_user@t_inst,R_role_tool_vs_user@t_post_inst,14,0.5185,-0.1574738323688507,0.1574738323688507,0.03177424147725105,,True,t_inst,t_post_inst,False
R_role_system_vs_user@t_inst,R_role_tool_vs_user@t_post_inst,15,0.5556,-0.09780631214380264,0.09780631214380264,0.03177424147725105,,True,t_inst,t_post_inst,False
R_role_system_vs_user@t_inst,R_role_tool_vs_user@t_post_inst,16,0.5926,-0.13379183411598206,0.13379183411598206,0.03177424147725105,,True,t_inst,t_post_inst,False
R_role_system_vs_user@t_inst,R_role_tool_vs_user@t_post_inst,17,0.6296,-0.08567812293767929,0.08567812293767929,0.03177424147725105,,True,t_inst,t_post_inst,False
R_role_system_vs_user@t_inst,R_role_tool_vs_user@t_post_inst,18,0.6667,-0.04334201291203499,0.04334201291203499,0.03177424147725105,,True,t_inst,t_post_inst,False
R_role_system_vs_user@t_inst,R_role_tool_vs_user@t_post_inst,19,0.7037,-0.14517493546009064,0.14517493546009064,0.03177424147725105,,True,t_inst,t_post_inst,False
R_role_system_vs_user@t_inst,R_role_tool_vs_user@t_post_inst,20,0.7407,-0.17587608098983765,0.17587608098983765,0.03177424147725105,,True,t_inst,t_post_inst,False
R_role_system_vs_user@t_inst,R_role_tool_vs_user@t_post_inst,21,0.7778,-0.167647585272789,0.167647585272789,0.03177424147725105,,True,t_inst,t_post_inst,False
R_role_system_vs_user@t_inst,R_role_tool_vs_user@t_post_inst,22,0.8148,-0.14816418290138245,0.14816418290138245,0.03177424147725105,,True,t_inst,t_post_inst,False
R_role_system_vs_user@t_inst,R_role_tool_vs_user@t_post_inst,23,0.8519,-0.1155928373336792,0.1155928373336792,0.03177424147725105,,True,t_inst,t_post_inst,False
R_role_system_vs_user@t_inst,R_role_tool_vs_user@t_post_inst,24,0.8889,-0.09478327631950378,0.09478327631950378,0.03177424147725105,,True,t_inst,t_post_inst,False
R_role_system_vs_user@t_inst,R_role_tool_vs_user@t_post_inst,25,0.9259,-0.10414263606071472,0.10414263606071472,0.03177424147725105,,True,t_inst,t_post_inst,False
R_role_system_vs_user@t_inst,R_role_tool_vs_user@t_post_inst,26,0.963,-0.06297601759433746,0.06297601759433746,0.03177424147725105,,True,t_inst,t_post_inst,False
R_role_system_vs_user@t_inst,R_role_tool_vs_user@t_post_inst,27,1.0,-0.04441172257065773,0.04441172257065773,0.03177424147725105,,True,t_inst,t_post_inst,False
R_role_system_vs_user@t_post_inst,R_role_tool_vs_user@t_inst,0,0.0,0.09714732319116592,0.09714732319116592,0.03177424147725105,,True,t_post_inst,t_inst,False
R_role_system_vs_user@t_post_inst,R_role_tool_vs_user@t_inst,1,0.037,0.11562766134738922,0.11562766134738922,0.03177424147725105,,True,t_post_inst,t_inst,False
R_role_system_vs_user@t_post_inst,R_role_tool_vs_user@t_inst,2,0.0741,0.08829008787870407,0.08829008787870407,0.03177424147725105,,True,t_post_inst,t_inst,False
R_role_system_vs_user@t_post_inst,R_role_tool_vs_user@t_inst,3,0.1111,0.02896689623594284,0.02896689623594284,0.03177424147725105,,False,t_post_inst,t_inst,False
R_role_system_vs_user@t_post_inst,R_role_tool_vs_user@t_inst,4,0.1481,0.08374267816543579,0.08374267816543579,0.03177424147725105,,True,t_post_inst,t_inst,False
R_role_system_vs_user@t_post_inst,R_role_tool_vs_user@t_inst,5,0.1852,0.05924138054251671,0.05924138054251671,0.03177424147725105,,True,t_post_inst,t_inst,False
R_role_system_vs_user@t_post_inst,R_role_tool_vs_user@t_inst,6,0.2222,0.06639404594898224,0.06639404594898224,0.03177424147725105,,True,t_post_inst,t_inst,False
R_role_system_vs_user@t_post_inst,R_role_tool_vs_user@t_inst,7,0.2593,0.04419543221592903,0.04419543221592903,0.03177424147725105,,True,t_post_inst,t_inst,False
R_role_system_vs_user@t_post_inst,R_role_tool_vs_user@t_inst,8,0.2963,0.07085852324962616,0.07085852324962616,0.03177424147725105,,True,t_post_inst,t_inst,False
R_role_system_vs_user@t_post_inst,R_role_tool_vs_user@t_inst,9,0.3333,0.046052657067775726,0.046052657067775726,0.03177424147725105,,True,t_post_inst,t_inst,False
R_role_system_vs_user@t_post_inst,R_role_tool_vs_user@t_inst,10,0.3704,0.06249693036079407,0.06249693036079407,0.03177424147725105,,True,t_post_inst,t_inst,False
R_role_system_vs_user@t_post_inst,R_role_tool_vs_user@t_inst,11,0.4074,0.07527082413434982,0.07527082413434982,0.03177424147725105,,True,t_post_inst,t_inst,False
R_role_system_vs_user@t_post_inst,R_role_tool_vs_user@t_inst,12,0.4444,0.07615413516759872,0.07615413516759872,0.03177424147725105,,True,t_post_inst,t_inst,False
R_role_system_vs_user@t_post_inst,R_role_tool_vs_user@t_inst,13,0.4815,0.12255624681711197,0.12255624681711197,0.03177424147725105,,True,t_post_inst,t_inst,False
R_role_system_vs_user@t_post_inst,R_role_tool_vs_user@t_inst,14,0.5185,0.06986354291439056,0.06986354291439056,0.03177424147725105,,True,t_post_inst,t_inst,False
R_role_system_vs_user@t_post_inst,R_role_tool_vs_user@t_inst,15,0.5556,0.074620820581913,0.074620820581913,0.03177424147725105,,True,t_post_inst,t_inst,False
R_role_system_vs_user@t_post_inst,R_role_tool_vs_user@t_inst,16,0.5926,0.06604254245758057,0.06604254245758057,0.03177424147725105,,True,t_post_inst,t_inst,False
R_role_system_vs_user@t_post_inst,R_role_tool_vs_user@t_inst,17,0.6296,0.08247337490320206,0.08247337490320206,0.03177424147725105,,True,t_post_inst,t_inst,False
R_role_system_vs_user@t_post_inst,R_role_tool_vs_user@t_inst,18,0.6667,0.10711157321929932,0.10711157321929932,0.03177424147725105,,True,t_post_inst,t_inst,False
R_role_system_vs_user@t_post_inst,R_role_tool_vs_user@t_inst,19,0.7037,0.11919514089822769,0.11919514089822769,0.03177424147725105,,True,t_post_inst,t_inst,False
R_role_system_vs_user@t_post_inst,R_role_tool_vs_user@t_inst,20,0.7407,0.09090830385684967,0.09090830385684967,0.03177424147725105,,True,t_post_inst,t_inst,False
R_role_system_vs_user@t_post_inst,R_role_tool_vs_user@t_inst,21,0.7778,0.02930396981537342,0.02930396981537342,0.03177424147725105,,False,t_post_inst,t_inst,False
R_role_system_vs_user@t_post_inst,R_role_tool_vs_user@t_inst,22,0.8148,-0.00014509260654449463,0.00014509260654449463,0.03177424147725105,,False,t_post_inst,t_inst,False
R_role_system_vs_user@t_post_inst,R_role_tool_vs_user@t_inst,23,0.8519,0.016279013827443123,0.016279013827443123,0.03177424147725105,,False,t_post_inst,t_inst,False
R_role_system_vs_user@t_post_inst,R_role_tool_vs_user@t_inst,24,0.8889,-0.014123070985078812,0.014123070985078812,0.03177424147725105,,False,t_post_inst,t_inst,False
R_role_system_vs_user@t_post_inst,R_role_tool_vs_user@t_inst,25,0.9259,-0.002390877343714237,0.002390877343714237,0.03177424147725105,,False,t_post_inst,t_inst,False
R_role_system_vs_user@t_post_inst,R_role_tool_vs_user@t_inst,26,0.963,-0.01395996194332838,0.01395996194332838,0.03177424147725105,,False,t_post_inst,t_inst,False
R_role_system_vs_user@t_post_inst,R_role_tool_vs_user@t_inst,27,1.0,-0.052283234894275665,0.052283234894275665,0.03177424147725105,,True,t_post_inst,t_inst,False
R_role_system_vs_user@t_post_inst,R_role_tool_vs_user@t_post_inst,0,0.0,0.09638916701078415,0.09638916701078415,0.03177424147725105,,True,t_post_inst,t_post_inst,True
R_role_system_vs_user@t_post_inst,R_role_tool_vs_user@t_post_inst,1,0.037,0.24951045215129852,0.24951045215129852,0.03177424147725105,,True,t_post_inst,t_post_inst,True
R_role_system_vs_user@t_post_inst,R_role_tool_vs_user@t_post_inst,2,0.0741,0.2768516540527344,0.2768516540527344,0.03177424147725105,,True,t_post_inst,t_post_inst,True
R_role_system_vs_user@t_post_inst,R_role_tool_vs_user@t_post_inst,3,0.1111,0.22881054878234863,0.22881054878234863,0.03177424147725105,,True,t_post_inst,t_post_inst,True
R_role_system_vs_user@t_post_inst,R_role_tool_vs_user@t_post_inst,4,0.1481,0.23020806908607483,0.23020806908607483,0.03177424147725105,,True,t_post_inst,t_post_inst,True
R_role_system_vs_user@t_post_inst,R_role_tool_vs_user@t_post_inst,5,0.1852,0.18060636520385742,0.18060636520385742,0.03177424147725105,,True,t_post_inst,t_post_inst,True
R_role_system_vs_user@t_post_inst,R_role_tool_vs_user@t_post_inst,6,0.2222,0.18975037336349487,0.18975037336349487,0.03177424147725105,,True,t_post_inst,t_post_inst,True
R_role_system_vs_user@t_post_inst,R_role_tool_vs_user@t_post_inst,7,0.2593,0.2635272741317749,0.2635272741317749,0.03177424147725105,,True,t_post_inst,t_post_inst,True
R_role_system_vs_user@t_post_inst,R_role_tool_vs_user@t_post_inst,8,0.2963,0.30364078283309937,0.30364078283309937,0.03177424147725105,,True,t_post_inst,t_post_inst,True
R_role_system_vs_user@t_post_inst,R_role_tool_vs_user@t_post_inst,9,0.3333,0.34687337279319763,0.34687337279319763,0.03177424147725105,,True,t_post_inst,t_post_inst,True
R_role_system_vs_user@t_post_inst,R_role_tool_vs_user@t_post_inst,10,0.3704,0.36267414689064026,0.36267414689064026,0.03177424147725105,,True,t_post_inst,t_post_inst,True
R_role_system_vs_user@t_post_inst,R_role_tool_vs_user@t_post_inst,11,0.4074,0.33139920234680176,0.33139920234680176,0.03177424147725105,,True,t_post_inst,t_post_inst,True
R_role_system_vs_user@t_post_inst,R_role_tool_vs_user@t_post_inst,12,0.4444,0.374734103679657,0.374734103679657,0.03177424147725105,,True,t_post_inst,t_post_inst,True
R_role_system_vs_user@t_post_inst,R_role_tool_vs_user@t_post_inst,13,0.4815,0.43583011627197266,0.43583011627197266,0.03177424147725105,,True,t_post_inst,t_post_inst,True
R_role_system_vs_user@t_post_inst,R_role_tool_vs_user@t_post_inst,14,0.5185,0.4456857144832611,0.4456857144832611,0.03177424147725105,,True,t_post_inst,t_post_inst,True
R_role_system_vs_user@t_post_inst,R_role_tool_vs_user@t_post_inst,15,0.5556,0.4718667268753052,0.4718667268753052,0.03177424147725105,,True,t_post_inst,t_post_inst,True
R_role_system_vs_user@t_post_inst,R_role_tool_vs_user@t_post_inst,16,0.5926,0.3825264275074005,0.3825264275074005,0.03177424147725105,,True,t_post_inst,t_post_inst,True
R_role_system_vs_user@t_post_inst,R_role_tool_vs_user@t_post_inst,17,0.6296,0.41758888959884644,0.41758888959884644,0.03177424147725105,,True,t_post_inst,t_post_inst,True
R_role_system_vs_user@t_post_inst,R_role_tool_vs_user@t_post_inst,18,0.6667,0.4327999949455261,0.4327999949455261,0.03177424147725105,,True,t_post_inst,t_post_inst,True
R_role_system_vs_user@t_post_inst,R_role_tool_vs_user@t_post_inst,19,0.7037,0.417245090007782,0.417245090007782,0.03177424147725105,,True,t_post_inst,t_post_inst,True
R_role_system_vs_user@t_post_inst,R_role_tool_vs_user@t_post_inst,20,0.7407,0.39810389280319214,0.39810389280319214,0.03177424147725105,,True,t_post_inst,t_post_inst,True
R_role_system_vs_user@t_post_inst,R_role_tool_vs_user@t_post_inst,21,0.7778,0.3877371847629547,0.3877371847629547,0.03177424147725105,,True,t_post_inst,t_post_inst,True
R_role_system_vs_user@t_post_inst,R_role_tool_vs_user@t_post_inst,22,0.8148,0.4277980327606201,0.4277980327606201,0.03177424147725105,,True,t_post_inst,t_post_inst,True
R_role_system_vs_user@t_post_inst,R_role_tool_vs_user@t_post_inst,23,0.8519,0.4550880789756775,0.4550880789756775,0.03177424147725105,,True,t_post_inst,t_post_inst,True
R_role_system_vs_user@t_post_inst,R_role_tool_vs_user@t_post_inst,24,0.8889,0.43459734320640564,0.43459734320640564,0.03177424147725105,,True,t_post_inst,t_post_inst,True
R_role_system_vs_user@t_post_inst,R_role_tool_vs_user@t_post_inst,25,0.9259,0.44570305943489075,0.44570305943489075,0.03177424147725105,,True,t_post_inst,t_post_inst,True
R_role_system_vs_user@t_post_inst,R_role_tool_vs_user@t_post_inst,26,0.963,0.40849119424819946,0.40849119424819946,0.03177424147725105,,True,t_post_inst,t_post_inst,True
R_role_system_vs_user@t_post_inst,R_role_tool_vs_user@t_post_inst,27,1.0,0.3495336174964905,0.3495336174964905,0.03177424147725105,,True,t_post_inst,t_post_inst,True
R_role_tool_vs_user@t_inst,R_role_tool_vs_user@t_post_inst,0,0.0,0.02537781372666359,0.02537781372666359,0.03177424147725105,,False,t_inst,t_post_inst,False
R_role_tool_vs_user@t_inst,R_role_tool_vs_user@t_post_inst,1,0.037,0.1193828135728836,0.1193828135728836,0.03177424147725105,,True,t_inst,t_post_inst,False
R_role_tool_vs_user@t_inst,R_role_tool_vs_user@t_post_inst,2,0.0741,0.15831446647644043,0.15831446647644043,0.03177424147725105,,True,t_inst,t_post_inst,False
R_role_tool_vs_user@t_inst,R_role_tool_vs_user@t_post_inst,3,0.1111,0.13658387959003448,0.13658387959003448,0.03177424147725105,,True,t_inst,t_post_inst,False
R_role_tool_vs_user@t_inst,R_role_tool_vs_user@t_post_inst,4,0.1481,0.15283651649951935,0.15283651649951935,0.03177424147725105,,True,t_inst,t_post_inst,False
R_role_tool_vs_user@t_inst,R_role_tool_vs_user@t_post_inst,5,0.1852,0.1945667713880539,0.1945667713880539,0.03177424147725105,,True,t_inst,t_post_inst,False
R_role_tool_vs_user@t_inst,R_role_tool_vs_user@t_post_inst,6,0.2222,0.19346734881401062,0.19346734881401062,0.03177424147725105,,True,t_inst,t_post_inst,False
R_role_tool_vs_user@t_inst,R_role_tool_vs_user@t_post_inst,7,0.2593,0.12881076335906982,0.12881076335906982,0.03177424147725105,,True,t_inst,t_post_inst,False
R_role_tool_vs_user@t_inst,R_role_tool_vs_user@t_post_inst,8,0.2963,0.1725110411643982,0.1725110411643982,0.03177424147725105,,True,t_inst,t_post_inst,False
R_role_tool_vs_user@t_inst,R_role_tool_vs_user@t_post_inst,9,0.3333,0.10617205500602722,0.10617205500602722,0.03177424147725105,,True,t_inst,t_post_inst,False
R_role_tool_vs_user@t_inst,R_role_tool_vs_user@t_post_inst,10,0.3704,0.09128860384225845,0.09128860384225845,0.03177424147725105,,True,t_inst,t_post_inst,False
R_role_tool_vs_user@t_inst,R_role_tool_vs_user@t_post_inst,11,0.4074,0.11090993881225586,0.11090993881225586,0.03177424147725105,,True,t_inst,t_post_inst,False
R_role_tool_vs_user@t_inst,R_role_tool_vs_user@t_post_inst,12,0.4444,0.13906684517860413,0.13906684517860413,0.03177424147725105,,True,t_inst,t_post_inst,False
R_role_tool_vs_user@t_inst,R_role_tool_vs_user@t_post_inst,13,0.4815,0.2008707970380783,0.2008707970380783,0.03177424147725105,,True,t_inst,t_post_inst,False
R_role_tool_vs_user@t_inst,R_role_tool_vs_user@t_post_inst,14,0.5185,0.18250958621501923,0.18250958621501923,0.03177424147725105,,True,t_inst,t_post_inst,False
R_role_tool_vs_user@t_inst,R_role_tool_vs_user@t_post_inst,15,0.5556,0.21423368155956268,0.21423368155956268,0.03177424147725105,,True,t_inst,t_post_inst,False
R_role_tool_vs_user@t_inst,R_role_tool_vs_user@t_post_inst,16,0.5926,0.21065683662891388,0.21065683662891388,0.03177424147725105,,True,t_inst,t_post_inst,False
R_role_tool_vs_user@t_inst,R_role_tool_vs_user@t_post_inst,17,0.6296,0.1928180456161499,0.1928180456161499,0.03177424147725105,,True,t_inst,t_post_inst,False
R_role_tool_vs_user@t_inst,R_role_tool_vs_user@t_post_inst,18,0.6667,0.24940654635429382,0.24940654635429382,0.03177424147725105,,True,t_inst,t_post_inst,False
R_role_tool_vs_user@t_inst,R_role_tool_vs_user@t_post_inst,19,0.7037,0.29530516266822815,0.29530516266822815,0.03177424147725105,,True,t_inst,t_post_inst,False
R_role_tool_vs_user@t_inst,R_role_tool_vs_user@t_post_inst,20,0.7407,0.30668550729751587,0.30668550729751587,0.03177424147725105,,True,t_inst,t_post_inst,False
R_role_tool_vs_user@t_inst,R_role_tool_vs_user@t_post_inst,21,0.7778,0.21620121598243713,0.21620121598243713,0.03177424147725105,,True,t_inst,t_post_inst,False
R_role_tool_vs_user@t_inst,R_role_tool_vs_user@t_post_inst,22,0.8148,0.21162386238574982,0.21162386238574982,0.03177424147725105,,True,t_inst,t_post_inst,False
R_role_tool_vs_user@t_inst,R_role_tool_vs_user@t_post_inst,23,0.8519,0.18419475853443146,0.18419475853443146,0.03177424147725105,,True,t_inst,t_post_inst,False
R_role_tool_vs_user@t_inst,R_role_tool_vs_user@t_post_inst,24,0.8889,0.17799846827983856,0.17799846827983856,0.03177424147725105,,True,t_inst,t_post_inst,False
R_role_tool_vs_user@t_inst,R_role_tool_vs_user@t_post_inst,25,0.9259,0.15530645847320557,0.15530645847320557,0.03177424147725105,,True,t_inst,t_post_inst,False
R_role_tool_vs_user@t_inst,R_role_tool_vs_user@t_post_inst,26,0.963,0.09583687782287598,0.09583687782287598,0.03177424147725105,,True,t_inst,t_post_inst,False
R_role_tool_vs_user@t_inst,R_role_tool_vs_user@t_post_inst,27,1.0,-0.0830051600933075,0.0830051600933075,0.03177424147725105,,True,t_inst,t_post_inst,False
