model,stage,steer_layer,read_layer,source,target,alpha,abs_alpha,delta,ci_low,ci_high,delta_auc,mean_kl,kl_harmless,random_kl_harmless,content_ratio,margin_shift,class_gap
qwen2.5-7b,C,6,7,R_harm,R_harm,0.25,0.25,0.1902582198381424,0.1888781927525997,0.1915760964155197,0.0,0.0022627569269388914,0.003794824704527855,0.0025486704835202545,1.4889428543490633,-0.09849609434604645,4.563311576843262
qwen2.5-7b,C,6,7,R_harm,R_control,0.25,0.25,0.03285849094390869,0.03205422107130289,0.033672057744115594,-0.0004000067710876465,0.0022627569269388914,0.003794824704527855,0.0025486704835202545,1.4889428543490633,-0.09849609434604645,3.2808449268341064
qwen2.5-7b,C,6,7,R_harm,R_role,0.25,0.25,-0.0006366362213157117,-0.0008600559594924562,-0.000432517199078575,-0.0028000175952911377,0.0022627569269388914,0.003794824704527855,0.0025486704835202545,1.4889428543490633,-0.09849609434604645,9.503987312316895
qwen2.5-7b,C,6,17,R_harm,R_harm,0.25,0.25,0.010990415699779987,0.009759067906998098,0.012238549347966908,-0.0003999471664428711,0.0022627569269388914,0.003794824704527855,0.0025486704835202545,1.4889428543490633,-0.09849609434604645,23.48501205444336
qwen2.5-7b,C,6,17,R_harm,R_control,0.25,0.25,-0.0072394912131130695,-0.008630049298517406,-0.005816790543030948,-0.0012000203132629395,0.0022627569269388914,0.003794824704527855,0.0025486704835202545,1.4889428543490633,-0.09849609434604645,26.395238876342773
qwen2.5-7b,C,6,17,R_harm,R_role,0.25,0.25,-0.007155247498303652,-0.008306933008134365,-0.005972064915113152,0.0011999979615211487,0.0022627569269388914,0.003794824704527855,0.0025486704835202545,1.4889428543490633,-0.09849609434604645,22.735044479370117
qwen2.5-7b,C,6,27,R_harm,R_harm,0.25,0.25,0.0015305542619898915,0.0001253908187209163,0.0028820243547670542,-0.0012000203132629395,0.0022627569269388914,0.003794824704527855,0.0025486704835202545,1.4889428543490633,-0.09849609434604645,206.79986572265625
qwen2.5-7b,C,6,27,R_harm,R_control,0.25,0.25,-0.0012845671735703945,-0.0024823059502523392,-0.00019405711645959043,-0.0004000067710876465,0.0022627569269388914,0.003794824704527855,0.0025486704835202545,1.4889428543490633,-0.09849609434604645,256.7321472167969
qwen2.5-7b,C,6,27,R_harm,R_role,0.25,0.25,-0.0018709307769313455,-0.004792314511723817,0.0008182438599760633,-0.006399989128112793,0.0022627569269388914,0.003794824704527855,0.0025486704835202545,1.4889428543490633,-0.09849609434604645,98.78836059570312
qwen2.5-7b,C,6,7,R_harm,R_harm,-0.25,0.25,-0.19184011220932007,-0.19319601580500603,-0.19045103155076504,0.0,0.0019776395056396723,0.0034178763162344694,0.0025486704835202545,1.3410428450184182,0.11650390923023224,4.563311576843262
qwen2.5-7b,C,6,7,R_harm,R_control,-0.25,0.25,-0.03460542857646942,-0.0354401933029294,-0.03382961051538587,-0.0004000067710876465,0.0019776395056396723,0.0034178763162344694,0.0025486704835202545,1.3410428450184182,0.11650390923023224,3.2808449268341064
qwen2.5-7b,C,6,7,R_harm,R_role,-0.25,0.25,0.0007292699301615357,0.0005205931462114677,0.0009611268382286653,0.0015999972820281982,0.0019776395056396723,0.0034178763162344694,0.0025486704835202545,1.3410428450184182,0.11650390923023224,9.503987312316895
qwen2.5-7b,C,6,17,R_harm,R_harm,-0.25,0.25,-0.01030395645648241,-0.011715046130120754,-0.008861880586482586,0.0,0.0019776395056396723,0.0034178763162344694,0.0025486704835202545,1.3410428450184182,0.11650390923023224,23.48501205444336
qwen2.5-7b,C,6,17,R_harm,R_control,-0.25,0.25,0.008168521337211132,0.006484543357510119,0.009855170408263801,0.00279998779296875,0.0019776395056396723,0.0034178763162344694,0.0025486704835202545,1.3410428450184182,0.11650390923023224,26.395238876342773
qwen2.5-7b,C,6,17,R_harm,R_role,-0.25,0.25,0.006293910555541515,0.005141719710081816,0.0073945055832155045,-0.0007999986410140991,0.0019776395056396723,0.0034178763162344694,0.0025486704835202545,1.3410428450184182,0.11650390923023224,22.735044479370117
qwen2.5-7b,C,6,27,R_harm,R_harm,-0.25,0.25,-0.0007027882384136319,-0.0019284143636468798,0.0005668414625688443,-0.000800013542175293,0.0019776395056396723,0.0034178763162344694,0.0025486704835202545,1.3410428450184182,0.11650390923023224,206.79986572265625
qwen2.5-7b,C,6,27,R_harm,R_control,-0.25,0.25,0.0021240506321191788,0.0010399849998066202,0.0031977722072042514,0.0,0.0019776395056396723,0.0034178763162344694,0.0025486704835202545,1.3410428450184182,0.11650390923023224,256.7321472167969
qwen2.5-7b,C,6,27,R_harm,R_role,-0.25,0.25,0.0038131745532155037,0.0002778973612294067,0.0075795995770022275,0.0031999945640563965,0.0019776395056396723,0.0034178763162344694,0.0025486704835202545,1.3410428450184182,0.11650390923023224,98.78836059570312
qwen2.5-7b,C,6,7,R_harm,R_harm,0.5,0.5,0.37840571999549866,0.3756431519985199,0.3811107903718948,-0.0003999471664428711,0.005682406015694141,0.009560121223330498,0.004908771661575884,1.947558754497326,-0.21671874821186066,4.563311576843262
qwen2.5-7b,C,6,7,R_harm,R_control,0.5,0.5,0.0673237144947052,0.06575796250253915,0.06885225102305412,0.001199960708618164,0.005682406015694141,0.009560121223330498,0.004908771661575884,1.947558754497326,-0.21671874821186066,3.2808449268341064
qwen2.5-7b,C,6,7,R_harm,R_role,0.5,0.5,-0.0010049405973404646,-0.0013345194136491045,-0.0006837531080236659,-0.004799991846084595,0.005682406015694141,0.009560121223330498,0.004908771661575884,1.947558754497326,-0.21671874821186066,9.503987312316895
qwen2.5-7b,C,6,17,R_harm,R_harm,0.5,0.5,0.02299729734659195,0.020948715461418032,0.0250730624422431,-0.001199960708618164,0.005682406015694141,0.009560121223330498,0.004908771661575884,1.947558754497326,-0.21671874821186066,23.48501205444336
qwen2.5-7b,C,6,17,R_harm,R_control,0.5,0.5,-0.013865901157259941,-0.016461791330948473,-0.011328130168840291,-0.000800013542175293,0.005682406015694141,0.009560121223330498,0.004908771661575884,1.947558754497326,-0.21671874821186066,26.395238876342773
qwen2.5-7b,C,6,17,R_harm,R_role,0.5,0.5,-0.014994988217949867,-0.016931986156851053,-0.01308583428617567,0.005599997937679291,0.005682406015694141,0.009560121223330498,0.004908771661575884,1.947558754497326,-0.21671874821186066,22.735044479370117
qwen2.5-7b,C,6,27,R_harm,R_harm,0.5,0.5,0.0027915642131119967,0.001068981277057901,0.004568671586457638,-0.000800013542175293,0.005682406015694141,0.009560121223330498,0.004908771661575884,1.947558754497326,-0.21671874821186066,206.79986572265625
qwen2.5-7b,C,6,27,R_harm,R_control,0.5,0.5,-0.0036498871631920338,-0.005224913894198835,-0.0021228208905085923,0.0007999539375305176,0.005682406015694141,0.009560121223330498,0.004908771661575884,1.947558754497326,-0.21671874821186066,256.7321472167969
qwen2.5-7b,C,6,27,R_harm,R_role,0.5,0.5,-0.006948515772819519,-0.011510235187597573,-0.0026364000688772673,-0.008799999952316284,0.005682406015694141,0.009560121223330498,0.004908771661575884,1.947558754497326,-0.21671874821186066,98.78836059570312
qwen2.5-7b,C,6,7,R_harm,R_harm,-0.5,0.5,-0.38323551416397095,-0.38556494638323785,-0.38087023943662646,-0.0003999471664428711,0.006180120166391134,0.010693203657865524,0.004908771661575884,2.1783868542038967,0.2347070276737213,4.563311576843262
qwen2.5-7b,C,6,7,R_harm,R_control,-0.5,0.5,-0.06977710872888565,-0.07122810576111079,-0.06831340920180082,-0.000800013542175293,0.006180120166391134,0.010693203657865524,0.004908771661575884,2.1783868542038967,0.2347070276737213,3.2808449268341064
qwen2.5-7b,C,6,7,R_harm,R_role,-0.5,0.5,0.0007668650359846652,0.0004401422818773426,0.0011086761427577582,0.00279998779296875,0.006180120166391134,0.010693203657865524,0.004908771661575884,2.1783868542038967,0.2347070276737213,9.503987312316895
qwen2.5-7b,C,6,17,R_harm,R_harm,-0.5,0.5,-0.019709670916199684,-0.021883111959323288,-0.017609402257949113,0.0,0.006180120166391134,0.010693203657865524,0.004908771661575884,2.1783868542038967,0.2347070276737213,23.48501205444336
qwen2.5-7b,C,6,17,R_harm,R_control,-0.5,0.5,0.015453722327947617,0.012741668126545846,0.01834920272231102,0.005200028419494629,0.006180120166391134,0.010693203657865524,0.004908771661575884,2.1783868542038967,0.2347070276737213,26.395238876342773
qwen2.5-7b,C,6,17,R_harm,R_role,-0.5,0.5,0.011769557371735573,0.010103080817498267,0.013464585901238025,0.0007999986410140991,0.006180120166391134,0.010693203657865524,0.004908771661575884,2.1783868542038967,0.2347070276737213,22.735044479370117
qwen2.5-7b,C,6,27,R_harm,R_harm,-0.5,0.5,-0.0018496899865567684,-0.0035368510580156,-0.00022866337276354916,0.0004000067710876465,0.006180120166391134,0.010693203657865524,0.004908771661575884,2.1783868542038967,0.2347070276737213,206.79986572265625
qwen2.5-7b,C,6,27,R_harm,R_control,-0.5,0.5,0.004006862174719572,0.0024901982164010406,0.005562146415468304,0.0,0.006180120166391134,0.010693203657865524,0.004908771661575884,2.1783868542038967,0.2347070276737213,256.7321472167969
qwen2.5-7b,C,6,27,R_harm,R_role,-0.5,0.5,0.006115258205682039,0.0008270560705568641,0.01144514898769557,0.007600009441375732,0.006180120166391134,0.010693203657865524,0.004908771661575884,2.1783868542038967,0.2347070276737213,98.78836059570312
qwen2.5-7b,C,6,7,R_harm,R_harm,1.0,1.0,0.7517486810684204,0.7459170237183571,0.757469317317009,-0.0003999471664428711,0.019198978319764137,0.03158767893910408,0.015815930673852563,1.9972064616675331,-0.43318358063697815,4.563311576843262
qwen2.5-7b,C,6,7,R_harm,R_control,1.0,1.0,0.1347302496433258,0.1316859532147646,0.1377622988075018,0.0015999674797058105,0.019198978319764137,0.03158767893910408,0.015815930673852563,1.9972064616675331,-0.43318358063697815,3.2808449268341064
qwen2.5-7b,C,6,7,R_harm,R_role,1.0,1.0,-0.0033326433040201664,-0.003932275797706097,-0.002787142631132156,-0.010400012135505676,0.019198978319764137,0.03158767893910408,0.015815930673852563,1.9972064616675331,-0.43318358063697815,9.503987312316895
qwen2.5-7b,C,6,17,R_harm,R_harm,1.0,1.0,0.04973970726132393,0.04542178092524409,0.053939981479197735,-0.00279998779296875,0.019198978319764137,0.03158767893910408,0.015815930673852563,1.9972064616675331,-0.43318358063697815,23.48501205444336
qwen2.5-7b,C,6,17,R_harm,R_control,1.0,1.0,-0.02644837088882923,-0.03153048725798726,-0.021410717396065596,0.000800013542175293,0.019198978319764137,0.03158767893910408,0.015815930673852563,1.9972064616675331,-0.43318358063697815,26.395238876342773
qwen2.5-7b,C,6,17,R_harm,R_role,1.0,1.0,-0.03304123878479004,-0.03704803604632616,-0.029100949363783005,0.0076000019907951355,0.019198978319764137,0.03158767893910408,0.015815930673852563,1.9972064616675331,-0.43318358063697815,22.735044479370117
qwen2.5-7b,C,6,27,R_harm,R_harm,1.0,1.0,0.005832827650010586,0.002764879062306136,0.009012807579711075,-0.00279998779296875,0.019198978319764137,0.03158767893910408,0.015815930673852563,1.9972064616675331,-0.43318358063697815,206.79986572265625
qwen2.5-7b,C,6,27,R_harm,R_control,1.0,1.0,-0.006946873851120472,-0.010010181413963436,-0.0038583706889767245,0.001999974250793457,0.019198978319764137,0.03158767893910408,0.015815930673852563,1.9972064616675331,-0.43318358063697815,256.7321472167969
qwen2.5-7b,C,6,27,R_harm,R_role,1.0,1.0,-0.015452479012310505,-0.023899693973362446,-0.007800453912932431,-0.00920000672340393,0.019198978319764137,0.03158767893910408,0.015815930673852563,1.9972064616675331,-0.43318358063697815,98.78836059570312
qwen2.5-7b,C,6,7,R_harm,R_harm,-1.0,1.0,-0.7691552639007568,-0.7732670173048973,-0.7649756819009781,-0.0007999539375305176,0.022405380383133888,0.04007511958479881,0.015815930673852563,2.533845172390163,0.4618554711341858,4.563311576843262
qwen2.5-7b,C,6,7,R_harm,R_control,-1.0,1.0,-0.13976985216140747,-0.14235809594392776,-0.13706538788974285,-0.002400040626525879,0.022405380383133888,0.04007511958479881,0.015815930673852563,2.533845172390163,0.4618554711341858,3.2808449268341064
qwen2.5-7b,C,6,7,R_harm,R_role,-1.0,1.0,0.0019897783640772104,0.0013538882049033418,0.0026475351769477125,0.006399989128112793,0.022405380383133888,0.04007511958479881,0.015815930673852563,2.533845172390163,0.4618554711341858,9.503987312316895
qwen2.5-7b,C,6,17,R_harm,R_harm,-1.0,1.0,-0.03776383399963379,-0.04170183939859271,-0.03418838679790497,0.0,0.022405380383133888,0.04007511958479881,0.015815930673852563,2.533845172390163,0.4618554711341858,23.48501205444336
qwen2.5-7b,C,6,17,R_harm,R_control,-1.0,1.0,0.030847592279314995,0.0256454951595515,0.03598689902573824,0.007600009441375732,0.022405380383133888,0.04007511958479881,0.015815930673852563,2.533845172390163,0.4618554711341858,26.395238876342773
qwen2.5-7b,C,6,17,R_harm,R_role,-1.0,1.0,0.021477343514561653,0.01855016672052443,0.024297760613262654,-0.0024000033736228943,0.022405380383133888,0.04007511958479881,0.015815930673852563,2.533845172390163,0.4618554711341858,22.735044479370117
qwen2.5-7b,C,6,27,R_harm,R_harm,-1.0,1.0,-0.0042715175077319145,-0.007492447283584625,-0.0011063049925724058,0.001199960708618164,0.022405380383133888,0.04007511958479881,0.015815930673852563,2.533845172390163,0.4618554711341858,206.79986572265625
qwen2.5-7b,C,6,27,R_harm,R_control,-1.0,1.0,0.007540499791502953,0.004663648898713291,0.010411704704165458,0.0007999539375305176,0.022405380383133888,0.04007511958479881,0.015815930673852563,2.533845172390163,0.4618554711341858,256.7321472167969
qwen2.5-7b,C,6,27,R_harm,R_role,-1.0,1.0,0.010420475155115128,0.0016306345525663346,0.01968437568284571,0.018000006675720215,0.022405380383133888,0.04007511958479881,0.015815930673852563,2.533845172390163,0.4618554711341858,98.78836059570312
qwen2.5-7b,C,6,7,R_harm,R_harm,2.0,2.0,1.4797252416610718,1.4669637322425841,1.4920514047145843,-0.0003999471664428711,0.07951189577579498,0.11780741065740585,0.050068477634340525,2.3529257573552655,-0.8322070240974426,4.563311576843262
qwen2.5-7b,C,6,7,R_harm,R_control,2.0,2.0,0.26421114802360535,0.25805107280611994,0.2707306303083897,0.0023999810218811035,0.07951189577579498,0.11780741065740585,0.050068477634340525,2.3529257573552655,-0.8322070240974426,3.2808449268341064
qwen2.5-7b,C,6,7,R_harm,R_role,2.0,2.0,-0.007293858099728823,-0.008348935539834202,-0.006310084171127528,-0.015200003981590271,0.07951189577579498,0.11780741065740585,0.050068477634340525,2.3529257573552655,-0.8322070240974426,9.503987312316895
qwen2.5-7b,C,6,17,R_harm,R_harm,2.0,2.0,0.10665862262248993,0.09782045055180788,0.11502735298126936,-0.0043999552726745605,0.07951189577579498,0.11780741065740585,0.050068477634340525,2.3529257573552655,-0.8322070240974426,23.48501205444336
qwen2.5-7b,C,6,17,R_harm,R_control,2.0,2.0,-0.03855324909090996,-0.048561291117221114,-0.028417763300240043,0.0059999823570251465,0.07951189577579498,0.11780741065740585,0.050068477634340525,2.3529257573552655,-0.8322070240974426,26.395238876342773
qwen2.5-7b,C,6,17,R_harm,R_role,2.0,2.0,-0.0703544169664383,-0.07854668218642473,-0.062331929337233305,0.01560000330209732,0.07951189577579498,0.11780741065740585,0.050068477634340525,2.3529257573552655,-0.8322070240974426,22.735044479370117
qwen2.5-7b,C,6,27,R_harm,R_harm,2.0,2.0,0.011337049305438995,0.005918240000028163,0.017082547908648847,-0.004400014877319336,0.07951189577579498,0.11780741065740585,0.050068477634340525,2.3529257573552655,-0.8322070240974426,206.79986572265625
qwen2.5-7b,C,6,27,R_harm,R_control,2.0,2.0,-0.014516323804855347,-0.02045649033971131,-0.008443693351000554,0.007200002670288086,0.07951189577579498,0.11780741065740585,0.050068477634340525,2.3529257573552655,-0.8322070240974426,256.7321472167969
qwen2.5-7b,C,6,27,R_harm,R_role,2.0,2.0,-0.04171508923172951,-0.05771943954750895,-0.025738788535818465,-0.0059999823570251465,0.07951189577579498,0.11780741065740585,0.050068477634340525,2.3529257573552655,-0.8322070240974426,98.78836059570312
qwen2.5-7b,C,6,7,R_harm,R_harm,-2.0,2.0,-1.543710470199585,-1.5501259058713912,-1.5372125387191773,-0.0007999539375305176,0.08397337049245834,0.14985132217407227,0.050068477634340525,2.9929274716212575,0.951855480670929,4.563311576843262
qwen2.5-7b,C,6,7,R_harm,R_control,-2.0,2.0,-0.27532079815864563,-0.28038180246949196,-0.27014836966991423,-0.0040000081062316895,0.08397337049245834,0.14985132217407227,0.050068477634340525,2.9929274716212575,0.951855480670929,3.2808449268341064
qwen2.5-7b,C,6,7,R_harm,R_role,-2.0,2.0,0.001519783865660429,0.00015450197279278657,0.002940265828510746,0.01879999041557312,0.08397337049245834,0.14985132217407227,0.050068477634340525,2.9929274716212575,0.951855480670929,9.503987312316895
qwen2.5-7b,C,6,17,R_harm,R_harm,-2.0,2.0,-0.0736730545759201,-0.0809869209304452,-0.06709414720535278,0.0,0.08397337049245834,0.14985132217407227,0.050068477634340525,2.9929274716212575,0.951855480670929,23.48501205444336
qwen2.5-7b,C,6,17,R_harm,R_control,-2.0,2.0,0.05323239415884018,0.043616304825991395,0.0623298067599535,0.010800004005432129,0.08397337049245834,0.14985132217407227,0.050068477634340525,2.9929274716212575,0.951855480670929,26.395238876342773
qwen2.5-7b,C,6,17,R_harm,R_role,-2.0,2.0,0.04372284561395645,0.03818246582522988,0.049224090203642844,0.009599998593330383,0.08397337049245834,0.14985132217407227,0.050068477634340525,2.9929274716212575,0.951855480670929,22.735044479370117
qwen2.5-7b,C,6,27,R_harm,R_harm,-2.0,2.0,-0.009371500462293625,-0.01542190769687295,-0.003080920048523694,0.001199960708618164,0.08397337049245834,0.14985132217407227,0.050068477634340525,2.9929274716212575,0.951855480670929,206.79986572265625
qwen2.5-7b,C,6,27,R_harm,R_control,-2.0,2.0,0.014974168501794338,0.009581032698042691,0.020516997389495365,0.0043999552726745605,0.08397337049245834,0.14985132217407227,0.050068477634340525,2.9929274716212575,0.951855480670929,256.7321472167969
qwen2.5-7b,C,6,27,R_harm,R_role,-2.0,2.0,0.030432477593421936,0.014711847272701561,0.04792297007516026,0.028800010681152344,0.08397337049245834,0.14985132217407227,0.050068477634340525,2.9929274716212575,0.951855480670929,98.78836059570312
qwen2.5-7b,C,6,7,R_harm,R_harm,4.0,4.0,2.864508867263794,2.838936960697174,2.8895635187625883,0.0,0.2956653833389282,0.46503326296806335,0.174831029959023,2.6599011804543973,-1.3674414157867432,4.563311576843262
qwen2.5-7b,C,6,7,R_harm,R_control,4.0,4.0,0.49907588958740234,0.48572054132819176,0.5123155042529106,0.003999948501586914,0.2956653833389282,0.46503326296806335,0.174831029959023,2.6599011804543973,-1.3674414157867432,3.2808449268341064
qwen2.5-7b,C,6,7,R_harm,R_role,4.0,4.0,-0.0198126919567585,-0.02191995894536376,-0.017866056412458423,-0.015200003981590271,0.2956653833389282,0.46503326296806335,0.174831029959023,2.6599011804543973,-1.3674414157867432,9.503987312316895
qwen2.5-7b,C,6,17,R_harm,R_harm,4.0,4.0,0.19267074763774872,0.17226761542260646,0.21343726068735122,-0.015599966049194336,0.2956653833389282,0.46503326296806335,0.174831029959023,2.6599011804543973,-1.3674414157867432,23.48501205444336
qwen2.5-7b,C,6,17,R_harm,R_control,4.0,4.0,-0.04196867346763611,-0.060810831282287835,-0.022971192188560974,0.011600017547607422,0.2956653833389282,0.46503326296806335,0.174831029959023,2.6599011804543973,-1.3674414157867432,26.395238876342773
qwen2.5-7b,C,6,17,R_harm,R_role,4.0,4.0,-0.12047021090984344,-0.1380715198814869,-0.10376704335212711,0.05639999359846115,0.2956653833389282,0.46503326296806335,0.174831029959023,2.6599011804543973,-1.3674414157867432,22.735044479370117
qwen2.5-7b,C,6,27,R_harm,R_harm,4.0,4.0,0.01678711734712124,0.0051451563136652115,0.030830716341733927,-0.007600009441375732,0.2956653833389282,0.46503326296806335,0.174831029959023,2.6599011804543973,-1.3674414157867432,206.79986572265625
qwen2.5-7b,C,6,27,R_harm,R_control,4.0,4.0,-0.03304927051067352,-0.0442027042619884,-0.02057142280973495,0.008799970149993896,0.2956653833389282,0.46503326296806335,0.174831029959023,2.6599011804543973,-1.3674414157867432,256.7321472167969
qwen2.5-7b,C,6,27,R_harm,R_role,4.0,4.0,-0.09528831392526627,-0.12273397129029036,-0.06773231048136952,0.040800005197525024,0.2956653833389282,0.46503326296806335,0.174831029959023,2.6599011804543973,-1.3674414157867432,98.78836059570312
qwen2.5-7b,C,6,7,R_harm,R_harm,-4.0,4.0,-3.0318245887756348,-3.047690951824188,-3.0152453780174255,-0.0015999674797058105,0.29517677426338196,0.3944169282913208,0.174831029959023,2.255989273664775,1.5299804210662842,4.563311576843262
qwen2.5-7b,C,6,7,R_harm,R_control,-4.0,4.0,-0.5043200850486755,-0.5175594478845597,-0.49124660789966584,-0.008800029754638672,0.29517677426338196,0.3944169282913208,0.174831029959023,2.255989273664775,1.5299804210662842,3.2808449268341064
qwen2.5-7b,C,6,7,R_harm,R_role,-4.0,4.0,0.0033990093506872654,6.580326444236562e-05,0.006706236687023189,0.03360000252723694,0.29517677426338196,0.3944169282913208,0.174831029959023,2.255989273664775,1.5299804210662842,9.503987312316895
qwen2.5-7b,C,6,17,R_harm,R_harm,-4.0,4.0,-0.1588790863752365,-0.1779116477817297,-0.14051453806459904,0.0004000067710876465,0.29517677426338196,0.3944169282913208,0.174831029959023,2.255989273664775,1.5299804210662842,23.48501205444336
qwen2.5-7b,C,6,17,R_harm,R_control,-4.0,4.0,0.055602654814720154,0.0349563067778945,0.07523084599524736,-0.011600017547607422,0.29517677426338196,0.3944169282913208,0.174831029959023,2.255989273664775,1.5299804210662842,26.395238876342773
qwen2.5-7b,C,6,17,R_harm,R_role,-4.0,4.0,0.11470001190900803,0.09890947919338941,0.13001606352627276,0.059999994933605194,0.29517677426338196,0.3944169282913208,0.174831029959023,2.255989273664775,1.5299804210662842,22.735044479370117
qwen2.5-7b,C,6,27,R_harm,R_harm,-4.0,4.0,-0.034040242433547974,-0.04716706862673163,-0.021028160164132722,0.00279998779296875,0.29517677426338196,0.3944169282913208,0.174831029959023,2.255989273664775,1.5299804210662842,206.79986572265625
qwen2.5-7b,C,6,27,R_harm,R_control,-4.0,4.0,0.019907424226403236,0.008825172344222665,0.031151594314724196,0.00279998779296875,0.29517677426338196,0.3944169282913208,0.174831029959023,2.255989273664775,1.5299804210662842,256.7321472167969
qwen2.5-7b,C,6,27,R_harm,R_role,-4.0,4.0,0.1378847062587738,0.10620335508137942,0.17147325500845906,0.06720000505447388,0.29517677426338196,0.3944169282913208,0.174831029959023,2.255989273664775,1.5299804210662842,98.78836059570312
qwen2.5-7b,C,6,7,R_control,R_harm,0.25,0.25,0.01963387243449688,0.01903263167478144,0.020264295814558863,0.0,0.001540187280625105,0.0028475644066929817,0.0025486704835202545,1.1172744476405956,0.023222656920552254,4.563311576843262
qwen2.5-7b,C,6,7,R_control,R_control,0.25,0.25,0.1814763993024826,0.18044848553836346,0.1824374757707119,-0.000800013542175293,0.001540187280625105,0.0028475644066929817,0.0025486704835202545,1.1172744476405956,0.023222656920552254,3.2808449268341064
qwen2.5-7b,C,6,7,R_control,R_role,0.25,0.25,9.431000944459811e-05,-0.0001271011606149841,0.00031152814553934147,-0.000800013542175293,0.001540187280625105,0.0028475644066929817,0.0025486704835202545,1.1172744476405956,0.023222656920552254,9.503987312316895
qwen2.5-7b,C,6,17,R_control,R_harm,0.25,0.25,0.00554098654538393,0.004044606944080442,0.006854489177931099,-0.0007999539375305176,0.001540187280625105,0.0028475644066929817,0.0025486704835202545,1.1172744476405956,0.023222656920552254,23.48501205444336
qwen2.5-7b,C,6,17,R_control,R_control,0.25,0.25,0.0027872100472450256,0.0012868019461166114,0.0043157891137525425,0.0012000203132629395,0.001540187280625105,0.0028475644066929817,0.0025486704835202545,1.1172744476405956,0.023222656920552254,26.395238876342773
qwen2.5-7b,C,6,17,R_control,R_role,0.25,0.25,-0.0031710562761873007,-0.004282827791757882,-0.0020549388078507044,0.003600001335144043,0.001540187280625105,0.0028475644066929817,0.0025486704835202545,1.1172744476405956,0.023222656920552254,22.735044479370117
qwen2.5-7b,C,6,27,R_control,R_harm,0.25,0.25,0.002592165721580386,0.001515325959189795,0.0036383854981977483,-0.000800013542175293,0.001540187280625105,0.0028475644066929817,0.0025486704835202545,1.1172744476405956,0.023222656920552254,206.79986572265625
qwen2.5-7b,C,6,27,R_control,R_control,0.25,0.25,0.0016782007878646255,0.0007809628441464156,0.0025793373526539647,0.0004000067710876465,0.001540187280625105,0.0028475644066929817,0.0025486704835202545,1.1172744476405956,0.023222656920552254,256.7321472167969
qwen2.5-7b,C,6,27,R_control,R_role,0.25,0.25,-0.0007484027883037925,-0.003676456509856507,0.002375380735611543,0.0011999905109405518,0.001540187280625105,0.0028475644066929817,0.0025486704835202545,1.1172744476405956,0.023222656920552254,98.78836059570312
qwen2.5-7b,C,6,7,R_control,R_harm,-0.25,0.25,-0.019781941547989845,-0.020374342706054448,-0.019236793741583824,0.0,0.0015670782886445522,0.002870495431125164,0.0025486704835202545,1.126271697218544,0.019746093079447746,4.563311576843262
qwen2.5-7b,C,6,7,R_control,R_control,-0.25,0.25,-0.1836211085319519,-0.1846412058919668,-0.1825250830501318,0.0,0.0015670782886445522,0.002870495431125164,0.0025486704835202545,1.126271697218544,0.019746093079447746,3.2808449268341064
qwen2.5-7b,C,6,7,R_control,R_role,-0.25,0.25,0.0005898787640035152,0.0003851520472380798,0.0007903324527433141,0.00279998779296875,0.0015670782886445522,0.002870495431125164,0.0025486704835202545,1.126271697218544,0.019746093079447746,9.503987312316895
qwen2.5-7b,C,6,17,R_control,R_harm,-0.25,0.25,-0.0049560461193323135,-0.006295088108163327,-0.0036552471283357603,0.0,0.0015670782886445522,0.002870495431125164,0.0025486704835202545,1.126271697218544,0.019746093079447746,23.48501205444336
qwen2.5-7b,C,6,17,R_control,R_control,-0.25,0.25,-0.0012011331273242831,-0.002462923125131056,1.0817623046932324e-05,-0.0012000203132629395,0.0015670782886445522,0.002870495431125164,0.0025486704835202545,1.126271697218544,0.019746093079447746,26.395238876342773
qwen2.5-7b,C,6,17,R_control,R_role,-0.25,0.25,0.004320984706282616,0.003224967006826773,0.005388701939955353,-0.004799999296665192,0.0015670782886445522,0.002870495431125164,0.0025486704835202545,1.126271697218544,0.019746093079447746,22.735044479370117
qwen2.5-7b,C,6,27,R_control,R_harm,-0.25,0.25,-0.0018882934236899018,-0.00299492318299599,-0.0007577521319035452,0.0,0.0015670782886445522,0.002870495431125164,0.0025486704835202545,1.126271697218544,0.019746093079447746,206.79986572265625
qwen2.5-7b,C,6,27,R_control,R_control,-0.25,0.25,-0.0007179924286901951,-0.0016016246954677626,0.0001928252466314001,0.0,0.0015670782886445522,0.002870495431125164,0.0025486704835202545,1.126271697218544,0.019746093079447746,256.7321472167969
qwen2.5-7b,C,6,27,R_control,R_role,-0.25,0.25,0.004550014156848192,0.0017489118763478473,0.007132353703491387,-0.0015999972820281982,0.0015670782886445522,0.002870495431125164,0.0025486704835202545,1.126271697218544,0.019746093079447746,98.78836059570312
qwen2.5-7b,C,6,7,R_control,R_harm,0.5,0.5,0.03836328908801079,0.0370999607257545,0.03963414831086993,0.0,0.003353576175868511,0.006293654441833496,0.004908771661575884,1.282124098600467,-0.0023437500931322575,4.563311576843262
qwen2.5-7b,C,6,7,R_control,R_control,0.5,0.5,0.36190250515937805,0.359832426160574,0.36383009850978854,-0.0012000203132629395,0.003353576175868511,0.006293654441833496,0.004908771661575884,1.282124098600467,-0.0023437500931322575,3.2808449268341064
qwen2.5-7b,C,6,7,R_control,R_role,0.5,0.5,-0.0006943906773813069,-0.0010900832392508164,-0.00030316981647047266,-0.004799991846084595,0.003353576175868511,0.006293654441833496,0.004908771661575884,1.282124098600467,-0.0023437500931322575,9.503987312316895
qwen2.5-7b,C,6,17,R_control,R_harm,0.5,0.5,0.010797146707773209,0.00844026489648968,0.013084416254423558,-0.0007999539375305176,0.003353576175868511,0.006293654441833496,0.004908771661575884,1.282124098600467,-0.0023437500931322575,23.48501205444336
qwen2.5-7b,C,6,17,R_control,R_control,0.5,0.5,0.00580958416685462,0.003377939452184364,0.008462366857565936,0.0023999810218811035,0.003353576175868511,0.006293654441833496,0.004908771661575884,1.282124098600467,-0.0023437500931322575,26.395238876342773
qwen2.5-7b,C,6,17,R_control,R_role,0.5,0.5,-0.007912136614322662,-0.009715522592887282,-0.00603409733157605,0.005599997937679291,0.003353576175868511,0.006293654441833496,0.004908771661575884,1.282124098600467,-0.0023437500931322575,22.735044479370117
qwen2.5-7b,C,6,27,R_control,R_harm,0.5,0.5,0.004222475923597813,0.0028003789426293223,0.005689248337876051,-0.000800013542175293,0.003353576175868511,0.006293654441833496,0.004908771661575884,1.282124098600467,-0.0023437500931322575,206.79986572265625
qwen2.5-7b,C,6,27,R_control,R_control,0.5,0.5,0.0025647578295320272,0.0012260148127097637,0.003940711589530108,0.0,0.003353576175868511,0.006293654441833496,0.004908771661575884,1.282124098600467,-0.0023437500931322575,256.7321472167969
qwen2.5-7b,C,6,27,R_control,R_role,0.5,0.5,-0.0034612128511071205,-0.0070329789887182415,0.0003991602912719803,0.0015999972820281982,0.003353576175868511,0.006293654441833496,0.004908771661575884,1.282124098600467,-0.0023437500931322575,98.78836059570312
qwen2.5-7b,C,6,7,R_control,R_harm,-0.5,0.5,-0.0374145582318306,-0.03882684279233217,-0.036051081586629154,0.0,0.0029927415307611227,0.005500857252627611,0.004908771661575884,1.1206178718163573,0.009121093899011612,4.563311576843262
qwen2.5-7b,C,6,7,R_control,R_control,-0.5,0.5,-0.3640032112598419,-0.3661014035344124,-0.3618546694517136,0.0,0.0029927415307611227,0.005500857252627611,0.004908771661575884,1.1206178718163573,0.009121093899011612,3.2808449268341064
qwen2.5-7b,C,6,7,R_control,R_role,-0.5,0.5,0.001657842192798853,0.0012639183667488396,0.002069308544741943,0.005199998617172241,0.0029927415307611227,0.005500857252627611,0.004908771661575884,1.1206178718163573,0.009121093899011612,9.503987312316895
qwen2.5-7b,C,6,17,R_control,R_harm,-0.5,0.5,-0.010323605500161648,-0.012730670999735594,-0.007954492443241182,0.0,0.0029927415307611227,0.005500857252627611,0.004908771661575884,1.1206178718163573,0.009121093899011612,23.48501205444336
qwen2.5-7b,C,6,17,R_control,R_control,-0.5,0.5,-0.004934938158839941,-0.0074884980218485,-0.0027033614402171245,-0.001999974250793457,0.0029927415307611227,0.005500857252627611,0.004908771661575884,1.1206178718163573,0.009121093899011612,26.395238876342773
qwen2.5-7b,C,6,17,R_control,R_role,-0.5,0.5,0.007259842939674854,0.005665171670261771,0.00889771170914173,-0.004399999976158142,0.0029927415307611227,0.005500857252627611,0.004908771661575884,1.1206178718163573,0.009121093899011612,22.735044479370117
qwen2.5-7b,C,6,27,R_control,R_harm,-0.5,0.5,-0.004220578353852034,-0.0058233171352185305,-0.002685970923630521,-0.0004000067710876465,0.0029927415307611227,0.005500857252627611,0.004908771661575884,1.1206178718163573,0.009121093899011612,206.79986572265625
qwen2.5-7b,C,6,27,R_control,R_control,-0.5,0.5,-0.001927102915942669,-0.0033680658671073616,-0.0005195467587327587,0.0015999674797058105,0.0029927415307611227,0.005500857252627611,0.004908771661575884,1.1206178718163573,0.009121093899011612,256.7321472167969
qwen2.5-7b,C,6,27,R_control,R_role,-0.5,0.5,0.009790218435227871,0.00618735789321363,0.01329216153826564,-0.0007999837398529053,0.0029927415307611227,0.005500857252627611,0.004908771661575884,1.1206178718163573,0.009121093899011612,98.78836059570312
qwen2.5-7b,C,6,7,R_control,R_harm,1.0,1.0,0.07780113071203232,0.07569012101739644,0.07987170070409774,0.0,0.010031700134277344,0.01842115819454193,0.015815930673852563,1.164721733700845,-0.00046874998952262104,4.563311576843262
qwen2.5-7b,C,6,7,R_control,R_control,1.0,1.0,0.7204921245574951,0.716679772734642,0.7241180554032326,-0.0020000338554382324,0.010031700134277344,0.01842115819454193,0.015815930673852563,1.164721733700845,-0.00046874998952262104,3.2808449268341064
qwen2.5-7b,C,6,7,R_control,R_role,1.0,1.0,-0.0007074068416841328,-0.0013866206689272075,-4.64715721136603e-05,-0.008799999952316284,0.010031700134277344,0.01842115819454193,0.015815930673852563,1.164721733700845,-0.00046874998952262104,9.503987312316895
qwen2.5-7b,C,6,17,R_control,R_harm,1.0,1.0,0.021606136113405228,0.017033523274585606,0.025859867129474877,-0.001199960708618164,0.010031700134277344,0.01842115819454193,0.015815930673852563,1.164721733700845,-0.00046874998952262104,23.48501205444336
qwen2.5-7b,C,6,17,R_control,R_control,1.0,1.0,0.010149248875677586,0.005528929294086993,0.015137313236482436,0.0023999810218811035,0.010031700134277344,0.01842115819454193,0.015815930673852563,1.164721733700845,-0.00046874998952262104,26.395238876342773
qwen2.5-7b,C,6,17,R_control,R_role,1.0,1.0,-0.015288122929632664,-0.01862317365594208,-0.011922287847846746,0.013999998569488525,0.010031700134277344,0.01842115819454193,0.015815930673852563,1.164721733700845,-0.00046874998952262104,22.735044479370117
qwen2.5-7b,C,6,27,R_control,R_harm,1.0,1.0,0.009924896992743015,0.007156318833585829,0.012970546982251106,-0.0012000203132629395,0.010031700134277344,0.01842115819454193,0.015815930673852563,1.164721733700845,-0.00046874998952262104,206.79986572265625
qwen2.5-7b,C,6,27,R_control,R_control,1.0,1.0,0.004960328806191683,0.0022843051876407115,0.00772581042256206,-0.000800013542175293,0.010031700134277344,0.01842115819454193,0.015815930673852563,1.164721733700845,-0.00046874998952262104,256.7321472167969
qwen2.5-7b,C,6,27,R_control,R_role,1.0,1.0,-0.015512576326727867,-0.021520508173853158,-0.009600076521746815,0.0040000081062316895,0.010031700134277344,0.01842115819454193,0.015815930673852563,1.164721733700845,-0.00046874998952262104,98.78836059570312
qwen2.5-7b,C,6,7,R_control,R_harm,-1.0,1.0,-0.07507725059986115,-0.07804831005632877,-0.07211165130138397,-0.0003999471664428711,0.008268918842077255,0.01515764370560646,0.015815930673852563,0.9583782338313859,0.014003906399011612,4.563311576843262
qwen2.5-7b,C,6,7,R_control,R_control,-1.0,1.0,-0.7298891544342041,-0.73410914093256,-0.7254236817359925,0.0003999471664428711,0.008268918842077255,0.01515764370560646,0.015815930673852563,0.9583782338313859,0.014003906399011612,3.2808449268341064
qwen2.5-7b,C,6,7,R_control,R_role,-1.0,1.0,0.004984285682439804,0.00421466059051454,0.005783040344249457,0.009999990463256836,0.008268918842077255,0.01515764370560646,0.015815930673852563,0.9583782338313859,0.014003906399011612,9.503987312316895
qwen2.5-7b,C,6,17,R_control,R_harm,-1.0,1.0,-0.020016763359308243,-0.024389396142214536,-0.01576382154598833,-0.0003999471664428711,0.008268918842077255,0.01515764370560646,0.015815930673852563,0.9583782338313859,0.014003906399011612,23.48501205444336
qwen2.5-7b,C,6,17,R_control,R_control,-1.0,1.0,-0.009951338171958923,-0.014553664228878915,-0.00593571773497388,-0.00279998779296875,0.008268918842077255,0.01515764370560646,0.015815930673852563,0.9583782338313859,0.014003906399011612,26.395238876342773
qwen2.5-7b,C,6,17,R_control,R_role,-1.0,1.0,0.014784877188503742,0.011697243014350534,0.01792208757251501,-0.008000001311302185,0.008268918842077255,0.01515764370560646,0.015815930673852563,0.9583782338313859,0.014003906399011612,22.735044479370117
qwen2.5-7b,C,6,27,R_control,R_harm,-1.0,1.0,-0.009517839178442955,-0.012641675537452102,-0.006722261919640006,0.0004000067710876465,0.008268918842077255,0.01515764370560646,0.015815930673852563,0.9583782338313859,0.014003906399011612,206.79986572265625
qwen2.5-7b,C,6,27,R_control,R_control,-1.0,1.0,-0.004725032020360231,-0.007408630673307925,-0.0021558090695180006,0.0,0.008268918842077255,0.01515764370560646,0.015815930673852563,0.9583782338313859,0.014003906399011612,256.7321472167969
qwen2.5-7b,C,6,27,R_control,R_role,-1.0,1.0,0.01811099238693714,0.012425039685331285,0.023787756823003284,0.0004000067710876465,0.008268918842077255,0.01515764370560646,0.015815930673852563,0.9583782338313859,0.014003906399011612,98.78836059570312
qwen2.5-7b,C,6,7,R_control,R_harm,2.0,2.0,0.1528235673904419,0.14955600313842296,0.15610781088471412,0.0,0.04325155168771744,0.0805690661072731,0.050068477634340525,1.6091774688194853,-0.08392578363418579,4.563311576843262
qwen2.5-7b,C,6,7,R_control,R_control,2.0,2.0,1.4304882287979126,1.4233213722705842,1.4369740813970566,-0.003600001335144043,0.04325155168771744,0.0805690661072731,0.050068477634340525,1.6091774688194853,-0.08392578363418579,3.2808449268341064
qwen2.5-7b,C,6,7,R_control,R_role,2.0,2.0,0.0029933226760476828,0.0017824160284362733,0.004199150227941572,-0.013199999928474426,0.04325155168771744,0.0805690661072731,0.050068477634340525,1.6091774688194853,-0.08392578363418579,9.503987312316895
qwen2.5-7b,C,6,17,R_control,R_harm,2.0,2.0,0.04291544109582901,0.033132176380604506,0.052113845758140084,-0.00279998779296875,0.04325155168771744,0.0805690661072731,0.050068477634340525,1.6091774688194853,-0.08392578363418579,23.48501205444336
qwen2.5-7b,C,6,17,R_control,R_control,2.0,2.0,0.02125176601111889,0.011530535155907273,0.031823855824768536,0.0012000203132629395,0.04325155168771744,0.0805690661072731,0.050068477634340525,1.6091774688194853,-0.08392578363418579,26.395238876342773
qwen2.5-7b,C,6,17,R_control,R_role,2.0,2.0,-0.03204980865120888,-0.03862096546217799,-0.025680979527533055,0.028800003230571747,0.04325155168771744,0.0805690661072731,0.050068477634340525,1.6091774688194853,-0.08392578363418579,22.735044479370117
qwen2.5-7b,C,6,27,R_control,R_harm,2.0,2.0,0.017901508137583733,0.01307301176711917,0.023158981604501604,-0.0040000081062316895,0.04325155168771744,0.0805690661072731,0.050068477634340525,1.6091774688194853,-0.08392578363418579,206.79986572265625
qwen2.5-7b,C,6,27,R_control,R_control,2.0,2.0,0.007923241704702377,0.0031969795003533364,0.013095638505183154,0.0015999674797058105,0.04325155168771744,0.0805690661072731,0.050068477634340525,1.6091774688194853,-0.08392578363418579,256.7321472167969
qwen2.5-7b,C,6,27,R_control,R_role,2.0,2.0,-0.032104309648275375,-0.04416539082303643,-0.02080181185156107,-0.00279998779296875,0.04325155168771744,0.0805690661072731,0.050068477634340525,1.6091774688194853,-0.08392578363418579,98.78836059570312
qwen2.5-7b,C,6,7,R_control,R_harm,-2.0,2.0,-0.14325322210788727,-0.14976744242012502,-0.13668680787086487,-0.0007999539375305176,0.03165903314948082,0.04858703166246414,0.050068477634340525,0.9704116034304925,-0.0033984375186264515,4.563311576843262
qwen2.5-7b,C,6,7,R_control,R_control,-2.0,2.0,-1.4639347791671753,-1.47280513048172,-1.4546234488487244,-0.0004000067710876465,0.03165903314948082,0.04858703166246414,0.050068477634340525,0.9704116034304925,-0.0033984375186264515,3.2808449268341064
qwen2.5-7b,C,6,7,R_control,R_role,-2.0,2.0,0.013382642529904842,0.011742334230802953,0.015026639751158654,0.024399995803833008,0.03165903314948082,0.04858703166246414,0.050068477634340525,0.9704116034304925,-0.0033984375186264515,9.503987312316895
qwen2.5-7b,C,6,17,R_control,R_harm,-2.0,2.0,-0.040597204118967056,-0.04927983330562711,-0.03243759507313371,-0.0003999471664428711,0.03165903314948082,0.04858703166246414,0.050068477634340525,0.9704116034304925,-0.0033984375186264515,23.48501205444336
qwen2.5-7b,C,6,17,R_control,R_control,-2.0,2.0,-0.025068102404475212,-0.033968774043023585,-0.017197847273200752,-0.0040000081062316895,0.03165903314948082,0.04858703166246414,0.050068477634340525,0.9704116034304925,-0.0033984375186264515,26.395238876342773
qwen2.5-7b,C,6,17,R_control,R_role,-2.0,2.0,0.02903970703482628,0.022851061541587114,0.034845528565347186,-0.01640000194311142,0.03165903314948082,0.04858703166246414,0.050068477634340525,0.9704116034304925,-0.0033984375186264515,22.735044479370117
qwen2.5-7b,C,6,27,R_control,R_harm,-2.0,2.0,-0.020141981542110443,-0.026038458477705716,-0.014879119745455688,0.0015999674797058105,0.03165903314948082,0.04858703166246414,0.050068477634340525,0.9704116034304925,-0.0033984375186264515,206.79986572265625
qwen2.5-7b,C,6,27,R_control,R_control,-2.0,2.0,-0.010698419064283371,-0.015756442816928028,-0.00606718653580174,-0.0012000203132629395,0.03165903314948082,0.04858703166246414,0.050068477634340525,0.9704116034304925,-0.0033984375186264515,256.7321472167969
qwen2.5-7b,C,6,27,R_control,R_role,-2.0,2.0,0.034448567777872086,0.024359156982973217,0.04459947133436798,-0.002400010824203491,0.03165903314948082,0.04858703166246414,0.050068477634340525,0.9704116034304925,-0.0033984375186264515,98.78836059570312
qwen2.5-7b,C,6,7,R_control,R_harm,4.0,4.0,0.2922189235687256,0.2871654160320759,0.29723540395498277,0.0,0.12808027863502502,0.22507116198539734,0.174831029959023,1.2873639309803853,-0.2438085973262787,4.563311576843262
qwen2.5-7b,C,6,7,R_control,R_control,4.0,4.0,2.804211378097534,2.791758471727371,2.815468430519104,-0.006400048732757568,0.12808027863502502,0.22507116198539734,0.174831029959023,1.2873639309803853,-0.2438085973262787,3.2808449268341064
qwen2.5-7b,C,6,7,R_control,R_role,4.0,4.0,0.022645847871899605,0.020704750251024962,0.024548892211169,-0.010800004005432129,0.12808027863502502,0.22507116198539734,0.174831029959023,1.2873639309803853,-0.2438085973262787,9.503987312316895
qwen2.5-7b,C,6,17,R_control,R_harm,4.0,4.0,0.07561777532100677,0.05580073958262801,0.09477061312645674,-0.006399989128112793,0.12808027863502502,0.22507116198539734,0.174831029959023,1.2873639309803853,-0.2438085973262787,23.48501205444336
qwen2.5-7b,C,6,17,R_control,R_control,4.0,4.0,0.05216483771800995,0.030995473358780147,0.07386006787419319,0.0023999810218811035,0.12808027863502502,0.22507116198539734,0.174831029959023,1.2873639309803853,-0.2438085973262787,26.395238876342773
qwen2.5-7b,C,6,17,R_control,R_role,4.0,4.0,-0.05790523439645767,-0.06936205811798572,-0.046874740626662977,0.0560000017285347,0.12808027863502502,0.22507116198539734,0.174831029959023,1.2873639309803853,-0.2438085973262787,22.735044479370117
qwen2.5-7b,C,6,27,R_control,R_harm,4.0,4.0,0.03036990948021412,0.021760403644293547,0.040221250057220444,-0.006000041961669922,0.12808027863502502,0.22507116198539734,0.174831029959023,1.2873639309803853,-0.2438085973262787,206.79986572265625
qwen2.5-7b,C,6,27,R_control,R_control,4.0,4.0,0.00967791210860014,0.000813896133331582,0.01929001896642147,0.007599949836730957,0.12808027863502502,0.22507116198539734,0.174831029959023,1.2873639309803853,-0.2438085973262787,256.7321472167969
qwen2.5-7b,C,6,27,R_control,R_role,4.0,4.0,-0.06428443640470505,-0.08495228011161089,-0.04446568423882128,-0.005600005388259888,0.12808027863502502,0.22507116198539734,0.174831029959023,1.2873639309803853,-0.2438085973262787,98.78836059570312
qwen2.5-7b,C,6,7,R_control,R_harm,-4.0,4.0,-0.2582344710826874,-0.27432701587677,-0.24217012897133827,-0.0007999539375305176,0.24509838223457336,0.14418292045593262,0.174831029959023,0.8246986847227652,-0.14357422292232513,4.563311576843262
qwen2.5-7b,C,6,7,R_control,R_control,-4.0,4.0,-2.91593599319458,-2.93545315861702,-2.895146894454956,0.0055999755859375,0.24509838223457336,0.14418292045593262,0.174831029959023,0.8246986847227652,-0.14357422292232513,3.2808449268341064
qwen2.5-7b,C,6,7,R_control,R_role,-4.0,4.0,0.032967712730169296,0.02941610589623451,0.036537459772080186,0.062399983406066895,0.24509838223457336,0.14418292045593262,0.174831029959023,0.8246986847227652,-0.14357422292232513,9.503987312316895
qwen2.5-7b,C,6,17,R_control,R_harm,-4.0,4.0,-0.0741429403424263,-0.09261257778853178,-0.0565472984686494,-0.0003999471664428711,0.24509838223457336,0.14418292045593262,0.174831029959023,0.8246986847227652,-0.14357422292232513,23.48501205444336
qwen2.5-7b,C,6,17,R_control,R_control,-4.0,4.0,-0.06511613726615906,-0.08408230785280466,-0.04788024080917239,-0.020799994468688965,0.24509838223457336,0.14418292045593262,0.174831029959023,0.8246986847227652,-0.14357422292232513,26.395238876342773
qwen2.5-7b,C,6,17,R_control,R_role,-4.0,4.0,0.05506708472967148,0.0430342392064631,0.06666441299021243,-0.029200002551078796,0.24509838223457336,0.14418292045593262,0.174831029959023,0.8246986847227652,-0.14357422292232513,22.735044479370117
qwen2.5-7b,C,6,27,R_control,R_harm,-4.0,4.0,-0.04627553001046181,-0.06132826609537005,-0.034038943238556385,0.0015999674797058105,0.24509838223457336,0.14418292045593262,0.174831029959023,0.8246986847227652,-0.14357422292232513,206.79986572265625
qwen2.5-7b,C,6,27,R_control,R_control,-4.0,4.0,-0.026687875390052795,-0.038286544103175404,-0.016293525137007246,-0.005200028419494629,0.24509838223457336,0.14418292045593262,0.174831029959023,0.8246986847227652,-0.14357422292232513,256.7321472167969
qwen2.5-7b,C,6,27,R_control,R_role,-4.0,4.0,0.06822729110717773,0.04834510423243046,0.08926646467298269,0.01600000262260437,0.24509838223457336,0.14418292045593262,0.174831029959023,0.8246986847227652,-0.14357422292232513,98.78836059570312
qwen2.5-7b,C,6,7,R_role,R_harm,0.25,0.25,-0.06586746871471405,-0.06885386649519205,-0.06282025724649429,0.0,0.009823596104979515,0.01856219209730625,0.0025486704835202545,7.283088267914465,-0.008457031100988388,4.563311576843262
qwen2.5-7b,C,6,7,R_role,R_control,0.25,0.25,-0.03520922362804413,-0.03778301011770964,-0.032734111044555904,-0.003200054168701172,0.009823596104979515,0.01856219209730625,0.0025486704835202545,7.283088267914465,-0.008457031100988388,3.2808449268341064
qwen2.5-7b,C,6,7,R_role,R_role,0.25,0.25,0.2085379809141159,0.20761504471302034,0.2093908578157425,-0.01840001344680786,0.009823596104979515,0.01856219209730625,0.0025486704835202545,7.283088267914465,-0.008457031100988388,9.503987312316895
qwen2.5-7b,C,6,17,R_role,R_harm,0.25,0.25,-0.002872413955628872,-0.006371221237350256,0.0005936544839641993,-0.0007999539375305176,0.009823596104979515,0.01856219209730625,0.0025486704835202545,7.283088267914465,-0.008457031100988388,23.48501205444336
qwen2.5-7b,C,6,17,R_role,R_control,0.25,0.25,0.011226501315832138,0.007579633244313299,0.014896838855929672,0.000800013542175293,0.009823596104979515,0.01856219209730625,0.0025486704835202545,7.283088267914465,-0.008457031100988388,26.395238876342773
qwen2.5-7b,C,6,17,R_role,R_role,0.25,0.25,0.025715043768286705,0.02371762110851705,0.027630965411663055,0.0015999972820281982,0.009823596104979515,0.01856219209730625,0.0025486704835202545,7.283088267914465,-0.008457031100988388,22.735044479370117
qwen2.5-7b,C,6,27,R_role,R_harm,0.25,0.25,0.0017867691349238157,-6.953393276489805e-05,0.003806763963075354,0.0004000067710876465,0.009823596104979515,0.01856219209730625,0.0025486704835202545,7.283088267914465,-0.008457031100988388,206.79986572265625
qwen2.5-7b,C,6,27,R_role,R_control,0.25,0.25,0.0029403099324554205,0.0011292902083368972,0.004956114839296788,0.0,0.009823596104979515,0.01856219209730625,0.0025486704835202545,7.283088267914465,-0.008457031100988388,256.7321472167969
qwen2.5-7b,C,6,27,R_role,R_role,0.25,0.25,0.005948275793343782,0.000443946770974435,0.011746829259209331,0.01600000262260437,0.009823596104979515,0.01856219209730625,0.0025486704835202545,7.283088267914465,-0.008457031100988388,98.78836059570312
qwen2.5-7b,C,6,7,R_role,R_harm,-0.25,0.25,0.0681365430355072,0.06544490531086922,0.07082218639552593,0.0,0.010384920053184032,0.019424760714173317,0.0025486704835202545,7.621526925420191,0.05748046934604645,4.563311576843262
qwen2.5-7b,C,6,7,R_role,R_control,-0.25,0.25,0.03786541149020195,0.03553294651210308,0.04022865798324347,0.001199960708618164,0.010384920053184032,0.019424760714173317,0.0025486704835202545,7.621526925420191,0.05748046934604645,3.2808449268341064
qwen2.5-7b,C,6,7,R_role,R_role,-0.25,0.25,-0.20727360248565674,-0.20814003944396972,-0.2063384924083948,0.018000006675720215,0.010384920053184032,0.019424760714173317,0.0025486704835202545,7.621526925420191,0.05748046934604645,9.503987312316895
qwen2.5-7b,C,6,17,R_role,R_harm,-0.25,0.25,0.005236657336354256,0.002065201400546357,0.008470222190953789,0.0,0.010384920053184032,0.019424760714173317,0.0025486704835202545,7.621526925420191,0.05748046934604645,23.48501205444336
qwen2.5-7b,C,6,17,R_role,R_control,-0.25,0.25,-0.009120244532823563,-0.012306437408551574,-0.0057763650431297735,0.00279998779296875,0.010384920053184032,0.019424760714173317,0.0025486704835202545,7.621526925420191,0.05748046934604645,26.395238876342773
qwen2.5-7b,C,6,17,R_role,R_role,-0.25,0.25,-0.025922775268554688,-0.027881360054016112,-0.023989195935428143,0.0,0.010384920053184032,0.019424760714173317,0.0025486704835202545,7.621526925420191,0.05748046934604645,22.735044479370117
qwen2.5-7b,C,6,27,R_role,R_harm,-0.25,0.25,-0.0005239187739789486,-0.002399368258193135,0.0012953945872141042,-0.0004000067710876465,0.010384920053184032,0.019424760714173317,0.0025486704835202545,7.621526925420191,0.05748046934604645,206.79986572265625
qwen2.5-7b,C,6,27,R_role,R_control,-0.25,0.25,-0.0022279375698417425,-0.003990094561595469,-0.0004994149319827574,0.0015999674797058105,0.010384920053184032,0.019424760714173317,0.0025486704835202545,7.621526925420191,0.05748046934604645,256.7321472167969
qwen2.5-7b,C,6,27,R_role,R_role,-0.25,0.25,-0.007043160032480955,-0.012526073213666677,-0.0019255558232544015,-0.01199999451637268,0.010384920053184032,0.019424760714173317,0.0025486704835202545,7.621526925420191,0.05748046934604645,98.78836059570312
qwen2.5-7b,C,6,7,R_role,R_harm,0.5,0.5,-0.13084712624549866,-0.1374034322798252,-0.12453700825572014,-0.0007999539375305176,0.036031998693943024,0.06070204824209213,0.004908771661575884,12.36603623616192,0.020683594048023224,4.563311576843262
qwen2.5-7b,C,6,7,R_role,R_control,0.5,0.5,-0.06480662524700165,-0.069953971542418,-0.05986166233196855,-0.006000041961669922,0.036031998693943024,0.06070204824209213,0.004908771661575884,12.36603623616192,0.020683594048023224,3.2808449268341064
qwen2.5-7b,C,6,7,R_role,R_role,0.5,0.5,0.4162602126598358,0.41437709927558897,0.41794981732964515,-0.03880000114440918,0.036031998693943024,0.06070204824209213,0.004908771661575884,12.36603623616192,0.020683594048023224,9.503987312316895
qwen2.5-7b,C,6,17,R_role,R_harm,0.5,0.5,-0.005193733144551516,-0.012085859617218375,0.002071186411194503,0.0,0.036031998693943024,0.06070204824209213,0.004908771661575884,12.36603623616192,0.020683594048023224,23.48501205444336
qwen2.5-7b,C,6,17,R_role,R_control,0.5,0.5,0.02620335854589939,0.01850566347129643,0.03430891102179883,0.004400014877319336,0.036031998693943024,0.06070204824209213,0.004908771661575884,12.36603623616192,0.020683594048023224,26.395238876342773
qwen2.5-7b,C,6,17,R_role,R_role,0.5,0.5,0.053301624953746796,0.0493885668925941,0.05708865616470575,0.0040000006556510925,0.036031998693943024,0.06070204824209213,0.004908771661575884,12.36603623616192,0.020683594048023224,22.735044479370117
qwen2.5-7b,C,6,27,R_role,R_harm,0.5,0.5,0.0023102129343897104,-0.0012022921320749447,0.006064219155814497,0.0004000067710876465,0.036031998693943024,0.06070204824209213,0.004908771661575884,12.36603623616192,0.020683594048023224,206.79986572265625
qwen2.5-7b,C,6,27,R_role,R_control,0.5,0.5,0.005432012025266886,0.0019962119869887827,0.009279700671322642,-0.0020000338554382324,0.036031998693943024,0.06070204824209213,0.004908771661575884,12.36603623616192,0.020683594048023224,256.7321472167969
qwen2.5-7b,C,6,27,R_role,R_role,0.5,0.5,0.013107925653457642,0.001985604575020261,0.0241984904743731,0.03960001468658447,0.036031998693943024,0.06070204824209213,0.004908771661575884,12.36603623616192,0.020683594048023224,98.78836059570312
qwen2.5-7b,C,6,7,R_role,R_harm,-0.5,0.5,0.1399272084236145,0.13563065677881242,0.14419582560658456,0.0,0.033417847007513046,0.058881185948848724,0.004908771661575884,11.995095720126825,0.08626952767372131,4.563311576843262
qwen2.5-7b,C,6,7,R_role,R_control,-0.5,0.5,0.07758892327547073,0.07366394605487585,0.0815500471740961,0.003600001335144043,0.033417847007513046,0.058881185948848724,0.004908771661575884,11.995095720126825,0.08626952767372131,3.2808449268341064
qwen2.5-7b,C,6,7,R_role,R_role,-0.5,0.5,-0.410858690738678,-0.41249440982937813,-0.4091023340821266,0.03479999303817749,0.033417847007513046,0.058881185948848724,0.004908771661575884,11.995095720126825,0.08626952767372131,9.503987312316895
qwen2.5-7b,C,6,17,R_role,R_harm,-0.5,0.5,0.014275044202804565,0.008917772094719112,0.01978160156868398,-0.001199960708618164,0.033417847007513046,0.058881185948848724,0.004908771661575884,11.995095720126825,0.08626952767372131,23.48501205444336
qwen2.5-7b,C,6,17,R_role,R_control,-0.5,0.5,-0.016496695578098297,-0.02192629626952112,-0.011007022531703116,0.0067999958992004395,0.033417847007513046,0.058881185948848724,0.004908771661575884,11.995095720126825,0.08626952767372131,26.395238876342773
qwen2.5-7b,C,6,17,R_role,R_role,-0.5,0.5,-0.05433761700987816,-0.05795333944261074,-0.05078359879553318,-0.0040000006556510925,0.033417847007513046,0.058881185948848724,0.004908771661575884,11.995095720126825,0.08626952767372131,22.735044479370117
qwen2.5-7b,C,6,27,R_role,R_harm,-0.5,0.5,-0.001274228561669588,-0.004666648444253951,0.0020233941264450536,-0.0012000203132629395,0.033417847007513046,0.058881185948848724,0.004908771661575884,11.995095720126825,0.08626952767372131,206.79986572265625
qwen2.5-7b,C,6,27,R_role,R_control,-0.5,0.5,-0.005244342610239983,-0.00855004289187491,-0.0021837432112079124,0.00279998779296875,0.033417847007513046,0.058881185948848724,0.004908771661575884,11.995095720126825,0.08626952767372131,256.7321472167969
qwen2.5-7b,C,6,27,R_role,R_role,-0.5,0.5,-0.018544701859354973,-0.02791249258443713,-0.009763341350480924,-0.016799986362457275,0.033417847007513046,0.058881185948848724,0.004908771661575884,11.995095720126825,0.08626952767372131,98.78836059570312
qwen2.5-7b,C,6,7,R_role,R_harm,1.0,1.0,-0.23910173773765564,-0.25330075025558474,-0.2250677861273289,-0.0007999539375305176,0.1952916383743286,0.2159338891506195,0.015815930673852563,13.652935992417367,0.13466796278953552,4.563311576843262
qwen2.5-7b,C,6,7,R_role,R_control,1.0,1.0,-0.10586193948984146,-0.11774946618825197,-0.09502834994345905,-0.010000050067901611,0.1952916383743286,0.2159338891506195,0.015815930673852563,13.652935992417367,0.13466796278953552,3.2808449268341064
qwen2.5-7b,C,6,7,R_role,R_role,1.0,1.0,0.8299034237861633,0.8263621047139168,0.8332146614789963,-0.06240001320838928,0.1952916383743286,0.2159338891506195,0.015815930673852563,13.652935992417367,0.13466796278953552,9.503987312316895
qwen2.5-7b,C,6,17,R_role,R_harm,1.0,1.0,-0.005540506448596716,-0.019082478526979686,0.008759511844255025,0.0004000067710876465,0.1952916383743286,0.2159338891506195,0.015815930673852563,13.652935992417367,0.13466796278953552,23.48501205444336
qwen2.5-7b,C,6,17,R_role,R_control,1.0,1.0,0.06081979721784592,0.044714123383164404,0.07855135295540093,0.012000024318695068,0.1952916383743286,0.2159338891506195,0.015815930673852563,13.652935992417367,0.13466796278953552,26.395238876342773
qwen2.5-7b,C,6,17,R_role,R_role,1.0,1.0,0.10249413549900055,0.09521361421793699,0.1097801374271512,0.008000001311302185,0.1952916383743286,0.2159338891506195,0.015815930673852563,13.652935992417367,0.13466796278953552,22.735044479370117
qwen2.5-7b,C,6,27,R_role,R_harm,1.0,1.0,0.005100271198898554,-0.002569708041846752,0.013398263091221434,0.001999974250793457,0.1952916383743286,0.2159338891506195,0.015815930673852563,13.652935992417367,0.13466796278953552,206.79986572265625
qwen2.5-7b,C,6,27,R_role,R_control,1.0,1.0,0.01072439830750227,0.003382639674236998,0.018728218041360368,0.00279998779296875,0.1952916383743286,0.2159338891506195,0.015815930673852563,13.652935992417367,0.13466796278953552,256.7321472167969
qwen2.5-7b,C,6,27,R_role,R_role,1.0,1.0,0.01068001240491867,-0.011351709999144076,0.03206240050494671,0.062000006437301636,0.1952916383743286,0.2159338891506195,0.015815930673852563,13.652935992417367,0.13466796278953552,98.78836059570312
qwen2.5-7b,C,6,7,R_role,R_harm,-1.0,1.0,0.27120280265808105,0.265448696911335,0.2769676953554153,0.0,0.11108049750328064,0.1791721135377884,0.015815930673852563,11.328584908000504,0.22638672590255737,4.563311576843262
qwen2.5-7b,C,6,7,R_role,R_control,-1.0,1.0,0.1553785651922226,0.14889262430369854,0.16203734502196313,0.004799962043762207,0.11108049750328064,0.1791721135377884,0.015815930673852563,11.328584908000504,0.22638672590255737,3.2808449268341064
qwen2.5-7b,C,6,7,R_role,R_role,-1.0,1.0,-0.8103213310241699,-0.8133971512317657,-0.8070981875061989,0.06839999556541443,0.11108049750328064,0.1791721135377884,0.015815930673852563,11.328584908000504,0.22638672590255737,9.503987312316895
qwen2.5-7b,C,6,17,R_role,R_harm,-1.0,1.0,0.030019769445061684,0.021515969512984158,0.03847744157537817,-0.001199960708618164,0.11108049750328064,0.1791721135377884,0.015815930673852563,11.328584908000504,0.22638672590255737,23.48501205444336
qwen2.5-7b,C,6,17,R_role,R_control,-1.0,1.0,-0.023716872557997704,-0.03225130019709468,-0.014657309954054665,0.010800004005432129,0.11108049750328064,0.1791721135377884,0.015815930673852563,11.328584908000504,0.22638672590255737,26.395238876342773
qwen2.5-7b,C,6,17,R_role,R_role,-1.0,1.0,-0.0998862013220787,-0.10634710397571326,-0.09388596173375846,-0.012400001287460327,0.11108049750328064,0.1791721135377884,0.015815930673852563,11.328584908000504,0.22638672590255737,22.735044479370117
qwen2.5-7b,C,6,27,R_role,R_harm,-1.0,1.0,-0.0026324253994971514,-0.009357946435920894,0.0038331981922965406,-0.001600027084350586,0.11108049750328064,0.1791721135377884,0.015815930673852563,11.328584908000504,0.22638672590255737,206.79986572265625
qwen2.5-7b,C,6,27,R_role,R_control,-1.0,1.0,-0.008992078714072704,-0.015026704967021942,-0.003425147006055342,0.007999956607818604,0.11108049750328064,0.1791721135377884,0.015815930673852563,11.328584908000504,0.22638672590255737,256.7321472167969
qwen2.5-7b,C,6,27,R_role,R_role,-1.0,1.0,-0.030993781983852386,-0.04837872749194503,-0.015175486379303046,-0.006399989128112793,0.11108049750328064,0.1791721135377884,0.015815930673852563,11.328584908000504,0.22638672590255737,98.78836059570312
qwen2.5-7b,C,6,7,R_role,R_harm,2.0,2.0,-0.41367846727371216,-0.4418484352529049,-0.3857320673763752,-0.0003999471664428711,0.38196948170661926,0.4254905581474304,0.050068477634340525,8.498172468012063,0.0017578124534338713,4.563311576843262
qwen2.5-7b,C,6,7,R_role,R_control,2.0,2.0,-0.12853550910949707,-0.15114333778619765,-0.10734752025455238,-0.026800036430358887,0.38196948170661926,0.4254905581474304,0.050068477634340525,8.498172468012063,0.0017578124534338713,3.2808449268341064
qwen2.5-7b,C,6,7,R_role,R_role,2.0,2.0,1.623112440109253,1.6170880109071732,1.6287125885486602,-0.08160001039505005,0.38196948170661926,0.4254905581474304,0.050068477634340525,8.498172468012063,0.0017578124534338713,9.503987312316895
qwen2.5-7b,C,6,17,R_role,R_harm,2.0,2.0,-0.015834981575608253,-0.03800328737124801,0.007015163986943614,-0.001999974250793457,0.38196948170661926,0.4254905581474304,0.050068477634340525,8.498172468012063,0.0017578124534338713,23.48501205444336
qwen2.5-7b,C,6,17,R_role,R_control,2.0,2.0,0.08508020639419556,0.05933859264478088,0.11270843744277954,0.013599991798400879,0.38196948170661926,0.4254905581474304,0.050068477634340525,8.498172468012063,0.0017578124534338713,26.395238876342773
qwen2.5-7b,C,6,17,R_role,R_role,2.0,2.0,0.19196879863739014,0.17910900637507438,0.2053770985454321,0.018799997866153717,0.38196948170661926,0.4254905581474304,0.050068477634340525,8.498172468012063,0.0017578124534338713,22.735044479370117
qwen2.5-7b,C,6,27,R_role,R_harm,2.0,2.0,0.011191095225512981,-0.0029929748736321924,0.026944544538855537,0.001999974250793457,0.38196948170661926,0.4254905581474304,0.050068477634340525,8.498172468012063,0.0017578124534338713,206.79986572265625
qwen2.5-7b,C,6,27,R_role,R_control,2.0,2.0,0.017115505412220955,0.003930979012511671,0.0319952686317265,0.014400005340576172,0.38196948170661926,0.4254905581474304,0.050068477634340525,8.498172468012063,0.0017578124534338713,256.7321472167969
qwen2.5-7b,C,6,27,R_role,R_role,2.0,2.0,0.020671894773840904,-0.014563887845724821,0.05570542113855481,0.052799999713897705,0.38196948170661926,0.4254905581474304,0.050068477634340525,8.498172468012063,0.0017578124534338713,98.78836059570312
qwen2.5-7b,C,6,7,R_role,R_harm,-2.0,2.0,0.47704455256462097,0.4692162051796913,0.4849553510546684,0.0,0.26529061794281006,0.4040878415107727,0.050068477634340525,8.07070357644788,0.4084179699420929,4.563311576843262
qwen2.5-7b,C,6,7,R_role,R_control,-2.0,2.0,0.25391894578933716,0.24285382106900216,0.2655559115111828,0.0051999688148498535,0.26529061794281006,0.4040878415107727,0.050068477634340525,8.07070357644788,0.4084179699420929,3.2808449268341064
qwen2.5-7b,C,6,7,R_role,R_role,-2.0,2.0,-1.5473850965499878,-1.5527109503746033,-1.5420167297124863,0.12239998579025269,0.26529061794281006,0.4040878415107727,0.050068477634340525,8.07070357644788,0.4084179699420929,9.503987312316895
qwen2.5-7b,C,6,17,R_role,R_harm,-2.0,2.0,0.02814994566142559,0.01134746784809977,0.04360441453754902,-0.0015999674797058105,0.26529061794281006,0.4040878415107727,0.050068477634340525,8.07070357644788,0.4084179699420929,23.48501205444336
qwen2.5-7b,C,6,17,R_role,R_control,-2.0,2.0,-0.028916480019688606,-0.04832398984581232,-0.0100409467238933,0.0004000067710876465,0.26529061794281006,0.4040878415107727,0.050068477634340525,8.07070357644788,0.4084179699420929,26.395238876342773
qwen2.5-7b,C,6,17,R_role,R_role,-2.0,2.0,-0.15705841779708862,-0.17011649012565613,-0.14422051832079888,-0.020800001919269562,0.26529061794281006,0.4040878415107727,0.050068477634340525,8.07070357644788,0.4084179699420929,22.735044479370117
qwen2.5-7b,C,6,27,R_role,R_harm,-2.0,2.0,-0.014159508980810642,-0.029259101767092944,0.0003396684929612063,-0.005200028419494629,0.26529061794281006,0.4040878415107727,0.050068477634340525,8.07070357644788,0.4084179699420929,206.79986572265625
qwen2.5-7b,C,6,27,R_role,R_control,-2.0,2.0,-0.017998885363340378,-0.030455635162070394,-0.007131246721837675,0.001199960708618164,0.26529061794281006,0.4040878415107727,0.050068477634340525,8.07070357644788,0.4084179699420929,256.7321472167969
qwen2.5-7b,C,6,27,R_role,R_role,-2.0,2.0,-0.016316398978233337,-0.04741974975913763,0.012046672380529323,0.050399988889694214,0.26529061794281006,0.4040878415107727,0.050068477634340525,8.07070357644788,0.4084179699420929,98.78836059570312
qwen2.5-7b,C,6,7,R_role,R_harm,4.0,4.0,-0.6623178720474243,-0.7100900515913964,-0.6151121735572815,-0.0003999471664428711,1.053581953048706,1.382104516029358,0.174831029959023,7.905373069948146,-0.20556640625,4.563311576843262
qwen2.5-7b,C,6,7,R_role,R_control,4.0,4.0,-0.0222878810018301,-0.05877994578331709,0.013400238030590077,-0.04760003089904785,1.053581953048706,1.382104516029358,0.174831029959023,7.905373069948146,-0.20556640625,3.2808449268341064
qwen2.5-7b,C,6,7,R_role,R_role,4.0,4.0,3.058922529220581,3.0501739203929903,3.0669795870780945,-0.01680000126361847,1.053581953048706,1.382104516029358,0.174831029959023,7.905373069948146,-0.20556640625,9.503987312316895
qwen2.5-7b,C,6,17,R_role,R_harm,4.0,4.0,-0.23392604291439056,-0.29281037002801896,-0.17605898082256324,-0.004799962043762207,1.053581953048706,1.382104516029358,0.174831029959023,7.905373069948146,-0.20556640625,23.48501205444336
qwen2.5-7b,C,6,17,R_role,R_control,4.0,4.0,-0.011681845411658287,-0.060485977306962015,0.03684040792286392,0.011600017547607422,1.053581953048706,1.382104516029358,0.174831029959023,7.905373069948146,-0.20556640625,26.395238876342773
qwen2.5-7b,C,6,17,R_role,R_role,4.0,4.0,0.35390332341194153,0.32230844125151636,0.3860600143671036,0.10520000010728836,1.053581953048706,1.382104516029358,0.174831029959023,7.905373069948146,-0.20556640625,22.735044479370117
qwen2.5-7b,C,6,27,R_role,R_harm,4.0,4.0,-0.0602760948240757,-0.09658123087137938,-0.02452925718389456,0.00279998779296875,1.053581953048706,1.382104516029358,0.174831029959023,7.905373069948146,-0.20556640625,206.79986572265625
qwen2.5-7b,C,6,27,R_role,R_control,4.0,4.0,-0.06230218708515167,-0.09702860396355391,-0.028972351178526888,0.0015999674797058105,1.053581953048706,1.382104516029358,0.174831029959023,7.905373069948146,-0.20556640625,256.7321472167969
qwen2.5-7b,C,6,27,R_role,R_role,4.0,4.0,0.02194882556796074,-0.04084117123857141,0.08698662351816885,-0.11919999122619629,1.053581953048706,1.382104516029358,0.174831029959023,7.905373069948146,-0.20556640625,98.78836059570312
qwen2.5-7b,C,6,7,R_role,R_harm,-4.0,4.0,0.683773934841156,0.6573277845978737,0.7098917156457901,-0.001199960708618164,1.5159506797790527,1.082616925239563,0.174831029959023,6.1923614217299265,-1.0886913537979126,4.563311576843262
qwen2.5-7b,C,6,7,R_role,R_control,-4.0,4.0,0.20474377274513245,0.17886792346835137,0.23075286895036695,0.0023999810218811035,1.5159506797790527,1.082616925239563,0.174831029959023,6.1923614217299265,-1.0886913537979126,3.2808449268341064
qwen2.5-7b,C,6,7,R_role,R_role,-4.0,4.0,-2.8468048572540283,-2.854154199361801,-2.8394910752773286,0.18359997868537903,1.5159506797790527,1.082616925239563,0.174831029959023,6.1923614217299265,-1.0886913537979126,9.503987312316895
qwen2.5-7b,C,6,17,R_role,R_harm,-4.0,4.0,-0.34958553314208984,-0.4197514049708843,-0.28076749444007876,-0.009999990463256836,1.5159506797790527,1.082616925239563,0.174831029959023,6.1923614217299265,-1.0886913537979126,23.48501205444336
qwen2.5-7b,C,6,17,R_role,R_control,-4.0,4.0,-0.2454998642206192,-0.31149994432926176,-0.1829437591135502,-0.15799999237060547,1.5159506797790527,1.082616925239563,0.174831029959023,6.1923614217299265,-1.0886913537979126,26.395238876342773
qwen2.5-7b,C,6,17,R_role,R_role,-4.0,4.0,0.07279876619577408,0.04622745420783758,0.1017514545470476,-0.02319999784231186,1.5159506797790527,1.082616925239563,0.174831029959023,6.1923614217299265,-1.0886913537979126,22.735044479370117
qwen2.5-7b,C,6,27,R_role,R_harm,-4.0,4.0,-0.15023428201675415,-0.20114100277423858,-0.10212215371429921,-0.04000002145767212,1.5159506797790527,1.082616925239563,0.174831029959023,6.1923614217299265,-1.0886913537979126,206.79986572265625
qwen2.5-7b,C,6,27,R_role,R_control,-4.0,4.0,-0.12492498755455017,-0.16699344366788865,-0.08555238004773856,-0.08480000495910645,1.5159506797790527,1.082616925239563,0.174831029959023,6.1923614217299265,-1.0886913537979126,256.7321472167969
qwen2.5-7b,C,6,27,R_role,R_role,-4.0,4.0,0.025510316714644432,-0.05175037579610944,0.10723801068961618,0.13960000872612,1.5159506797790527,1.082616925239563,0.174831029959023,6.1923614217299265,-1.0886913537979126,98.78836059570312
qwen2.5-7b,C,6,7,random,R_harm,0.25,0.25,0.00019374804105609655,-0.00047650239066570065,0.0009025448118336495,-0.0003999471664428711,0.0020296145230531693,0.003523607738316059,0.0025486704835202545,1.3825277771684354,0.024160156026482582,4.563311576843262
qwen2.5-7b,C,6,7,random,R_control,0.25,0.25,0.002128330525010824,0.0013185578805860131,0.002955017820931971,0.0,0.0020296145230531693,0.003523607738316059,0.0025486704835202545,1.3825277771684354,0.024160156026482582,3.2808449268341064
qwen2.5-7b,C,6,7,random,R_role,0.25,0.25,-0.0018712464952841401,-0.002119653555564582,-0.0016196152806514875,-0.0004000067710876465,0.0020296145230531693,0.003523607738316059,0.0025486704835202545,1.3825277771684354,0.024160156026482582,9.503987312316895
qwen2.5-7b,C,6,17,random,R_harm,0.25,0.25,0.007962072268128395,0.006306571955792606,0.009664923255331814,-0.0007999539375305176,0.0020296145230531693,0.003523607738316059,0.0025486704835202545,1.3825277771684354,0.024160156026482582,23.48501205444336
qwen2.5-7b,C,6,17,random,R_control,0.25,0.25,0.003845397848635912,0.0022562414116691796,0.005498654488474129,0.000800013542175293,0.0020296145230531693,0.003523607738316059,0.0025486704835202545,1.3825277771684354,0.024160156026482582,26.395238876342773
qwen2.5-7b,C,6,17,random,R_role,0.25,0.25,-0.009169850498437881,-0.010356288868933916,-0.007983631850220264,-0.0007999986410140991,0.0020296145230531693,0.003523607738316059,0.0025486704835202545,1.3825277771684354,0.024160156026482582,22.735044479370117
qwen2.5-7b,C,6,27,random,R_harm,0.25,0.25,-0.0002777734480332583,-0.0017660493031144142,0.0010563975287368513,-0.0004000067710876465,0.0020296145230531693,0.003523607738316059,0.0025486704835202545,1.3825277771684354,0.024160156026482582,206.79986572265625
qwen2.5-7b,C,6,27,random,R_control,0.25,0.25,-9.171554120257497e-05,-0.0012261710449820384,0.0009625920036341995,-0.0004000067710876465,0.0020296145230531693,0.003523607738316059,0.0025486704835202545,1.3825277771684354,0.024160156026482582,256.7321472167969
qwen2.5-7b,C,6,27,random,R_role,0.25,0.25,-0.0024510067887604237,-0.005504254624247551,0.0006681669867248273,-0.004399985074996948,0.0020296145230531693,0.003523607738316059,0.0025486704835202545,1.3825277771684354,0.024160156026482582,98.78836059570312
qwen2.5-7b,C,6,7,random,R_harm,-0.25,0.25,-0.0004384152125567198,-0.0010142924613319338,0.00014399380415852626,0.0,0.0015095113776624203,0.0022665909491479397,0.0025486704835202545,0.8893228700233138,0.013457030989229679,4.563311576843262
qwen2.5-7b,C,6,7,random,R_control,-0.25,0.25,-0.0030298298224806786,-0.003863556880969554,-0.002194622810930014,-0.000800013542175293,0.0015095113776624203,0.0022665909491479397,0.0025486704835202545,0.8893228700233138,0.013457030989229679,3.2808449268341064
qwen2.5-7b,C,6,7,random,R_role,-0.25,0.25,0.002496302593499422,0.0022575450711883605,0.002738275873707607,-0.0004000067710876465,0.0015095113776624203,0.0022665909491479397,0.0025486704835202545,0.8893228700233138,0.013457030989229679,9.503987312316895
qwen2.5-7b,C,6,17,random,R_harm,-0.25,0.25,-0.007909892126917839,-0.009297400759533048,-0.006610788614489139,-0.0003999471664428711,0.0015095113776624203,0.0022665909491479397,0.0025486704835202545,0.8893228700233138,0.013457030989229679,23.48501205444336
qwen2.5-7b,C,6,17,random,R_control,-0.25,0.25,-0.0033006826415657997,-0.004601622733753174,-0.0020546951855067172,0.0,0.0015095113776624203,0.0022665909491479397,0.0025486704835202545,0.8893228700233138,0.013457030989229679,26.395238876342773
qwen2.5-7b,C,6,17,random,R_role,-0.25,0.25,0.009503078646957874,0.008540473110042513,0.010453687305562199,-0.002800002694129944,0.0015095113776624203,0.0022665909491479397,0.0025486704835202545,0.8893228700233138,0.013457030989229679,22.735044479370117
qwen2.5-7b,C,6,27,random,R_harm,-0.25,0.25,0.0010334525723010302,-0.00022460250729636755,0.0024734738806728267,0.0,0.0015095113776624203,0.0022665909491479397,0.0025486704835202545,0.8893228700233138,0.013457030989229679,206.79986572265625
qwen2.5-7b,C,6,27,random,R_control,-0.25,0.25,0.000958569347858429,-7.074165678204735e-05,0.0020617794827558085,0.0,0.0015095113776624203,0.0022665909491479397,0.0025486704835202545,0.8893228700233138,0.013457030989229679,256.7321472167969
qwen2.5-7b,C,6,27,random,R_role,-0.25,0.25,0.005511486902832985,0.002669509284896776,0.008297852124087506,0.0004000067710876465,0.0015095113776624203,0.0022665909491479397,0.0025486704835202545,0.8893228700233138,0.013457030989229679,98.78836059570312
qwen2.5-7b,C,6,7,random,R_harm,0.5,0.5,0.003781653940677643,0.0022749269264750183,0.005272905528545379,-0.0003999471664428711,0.0032304483465850353,0.00499750766903162,0.004908771661575884,1.018077028954174,0.016386719420552254,4.563311576843262
qwen2.5-7b,C,6,7,random,R_control,0.5,0.5,0.00565628707408905,0.004080519988201558,0.007290153799112886,0.0003999471664428711,0.0032304483465850353,0.00499750766903162,0.004908771661575884,1.018077028954174,0.016386719420552254,3.2808449268341064
qwen2.5-7b,C,6,7,random,R_role,0.5,0.5,-0.001976297702640295,-0.002391912863822654,-0.0015898807352641598,-0.0012000203132629395,0.0032304483465850353,0.00499750766903162,0.004908771661575884,1.018077028954174,0.016386719420552254,9.503987312316895
qwen2.5-7b,C,6,17,random,R_harm,0.5,0.5,0.018254650756716728,0.015686679258942605,0.021019362146034837,-0.0007999539375305176,0.0032304483465850353,0.00499750766903162,0.004908771661575884,1.018077028954174,0.016386719420552254,23.48501205444336
qwen2.5-7b,C,6,17,random,R_control,0.5,0.5,0.008693931624293327,0.005966976447962224,0.011508653429336846,0.001600027084350586,0.0032304483465850353,0.00499750766903162,0.004908771661575884,1.018077028954174,0.016386719420552254,26.395238876342773
qwen2.5-7b,C,6,17,random,R_role,0.5,0.5,-0.020880796015262604,-0.022892117872834204,-0.018910960853099828,-0.001999996602535248,0.0032304483465850353,0.00499750766903162,0.004908771661575884,1.018077028954174,0.016386719420552254,22.735044479370117
qwen2.5-7b,C,6,27,random,R_harm,0.5,0.5,0.00030301057267934084,-0.0022682320093736054,0.0024874725320842114,-0.000800013542175293,0.0032304483465850353,0.00499750766903162,0.004908771661575884,1.018077028954174,0.016386719420552254,206.79986572265625
qwen2.5-7b,C,6,27,random,R_control,0.5,0.5,-8.902732224669307e-05,-0.0020243383012712004,0.0017014935816405336,-0.0004000067710876465,0.0032304483465850353,0.00499750766903162,0.004908771661575884,1.018077028954174,0.016386719420552254,256.7321472167969
qwen2.5-7b,C,6,27,random,R_role,0.5,0.5,-0.009292254224419594,-0.01342492860276252,-0.005039025039877746,-0.0031999945640563965,0.0032304483465850353,0.00499750766903162,0.004908771661575884,1.018077028954174,0.016386719420552254,98.78836059570312
qwen2.5-7b,C,6,7,random,R_harm,-0.5,0.5,-0.0038798507302999496,-0.004987216438166797,-0.0028047181374859067,-0.0003999471664428711,0.003796094097197056,0.00561448372900486,0.004908771661575884,1.1437655112282037,-0.008261718787252903,4.563311576843262
qwen2.5-7b,C,6,7,random,R_control,-0.5,0.5,-0.006184769328683615,-0.007765064155682922,-0.004685685562435538,-0.0020000338554382324,0.003796094097197056,0.00561448372900486,0.004908771661575884,1.1437655112282037,-0.008261718787252903,3.2808449268341064
qwen2.5-7b,C,6,7,random,R_role,-0.5,0.5,0.0037933916319161654,0.0034262776433024557,0.004173697531223297,-0.000800013542175293,0.003796094097197056,0.00561448372900486,0.004908771661575884,1.1437655112282037,-0.008261718787252903,9.503987312316895
qwen2.5-7b,C,6,17,random,R_harm,-0.5,0.5,-0.017321927472949028,-0.020040984451770782,-0.014786530751734974,-0.0003999471664428711,0.003796094097197056,0.00561448372900486,0.004908771661575884,1.1437655112282037,-0.008261718787252903,23.48501205444336
qwen2.5-7b,C,6,17,random,R_control,-0.5,0.5,-0.007613591384142637,-0.01019731406122446,-0.005183848121669145,0.0,0.003796094097197056,0.00561448372900486,0.004908771661575884,1.1437655112282037,-0.008261718787252903,26.395238876342773
qwen2.5-7b,C,6,17,random,R_role,-0.5,0.5,0.0195816271007061,0.017854452738538383,0.02123613501898944,0.0,0.003796094097197056,0.00561448372900486,0.004908771661575884,1.1437655112282037,-0.008261718787252903,22.735044479370117
qwen2.5-7b,C,6,27,random,R_harm,-0.5,0.5,0.0007843084167689085,-0.0012416812329320236,0.0032249202078673956,-0.0004000067710876465,0.003796094097197056,0.00561448372900486,0.004908771661575884,1.1437655112282037,-0.008261718787252903,206.79986572265625
qwen2.5-7b,C,6,27,random,R_control,-0.5,0.5,0.0006852253573015332,-0.0010365553200244904,0.002603409346193075,0.0004000067710876465,0.003796094097197056,0.00561448372900486,0.004908771661575884,1.1437655112282037,-0.008261718787252903,256.7321472167969
qwen2.5-7b,C,6,27,random,R_role,-0.5,0.5,0.010135684162378311,0.006196605553850531,0.014131976943463085,0.004799991846084595,0.003796094097197056,0.00561448372900486,0.004908771661575884,1.1437655112282037,-0.008261718787252903,98.78836059570312
qwen2.5-7b,C,6,7,random,R_harm,1.0,1.0,0.005946530029177666,0.0026625390106346457,0.009181201620958746,-0.0003999471664428711,0.014325849711894989,0.02289770171046257,0.015815930673852563,1.447761891642446,0.026308594271540642,4.563311576843262
qwen2.5-7b,C,6,7,random,R_control,1.0,1.0,0.013353904709219933,0.010044684633612633,0.01679369588382542,0.001999974250793457,0.014325849711894989,0.02289770171046257,0.015815930673852563,1.447761891642446,0.026308594271540642,3.2808449268341064
qwen2.5-7b,C,6,7,random,R_role,1.0,1.0,-0.0024612084962427616,-0.0032509394106455146,-0.001708648266503588,0.0007999837398529053,0.014325849711894989,0.02289770171046257,0.015815930673852563,1.447761891642446,0.026308594271540642,9.503987312316895
qwen2.5-7b,C,6,17,random,R_harm,1.0,1.0,0.03620370849967003,0.03132722666487098,0.04139308780431747,-0.001199960708618164,0.014325849711894989,0.02289770171046257,0.015815930673852563,1.447761891642446,0.026308594271540642,23.48501205444336
qwen2.5-7b,C,6,17,random,R_control,1.0,1.0,0.016503358259797096,0.01159479790367186,0.021756325755268334,0.0004000067710876465,0.014325849711894989,0.02289770171046257,0.015815930673852563,1.447761891642446,0.026308594271540642,26.395238876342773
qwen2.5-7b,C,6,17,random,R_role,1.0,1.0,-0.044027213007211685,-0.047835996560752395,-0.04011774817481638,0.003600001335144043,0.014325849711894989,0.02289770171046257,0.015815930673852563,1.447761891642446,0.026308594271540642,22.735044479370117
qwen2.5-7b,C,6,27,random,R_harm,1.0,1.0,0.0008492571068927646,-0.0033275475492700935,0.004613472102209924,-0.0020000338554382324,0.014325849711894989,0.02289770171046257,0.015815930673852563,1.447761891642446,0.026308594271540642,206.79986572265625
qwen2.5-7b,C,6,27,random,R_control,1.0,1.0,-0.000687255582306534,-0.003856495604850352,0.0025033441605046376,-0.0012000203132629395,0.014325849711894989,0.02289770171046257,0.015815930673852563,1.447761891642446,0.026308594271540642,256.7321472167969
qwen2.5-7b,C,6,27,random,R_role,1.0,1.0,-0.024377232417464256,-0.032405470963567495,-0.016406175633892423,-0.013599991798400879,0.014325849711894989,0.02289770171046257,0.015815930673852563,1.447761891642446,0.026308594271540642,98.78836059570312
qwen2.5-7b,C,6,7,random,R_harm,-1.0,1.0,-0.005945390090346336,-0.007500923553016037,-0.004395766102243217,-0.0003999471664428711,0.018025631085038185,0.019712213426828384,0.015815930673852563,1.2463517850022756,-0.026621093973517418,4.563311576843262
qwen2.5-7b,C,6,7,random,R_control,-1.0,1.0,-0.007976743392646313,-0.010757505078800023,-0.005310419644229116,-0.003200054168701172,0.018025631085038185,0.019712213426828384,0.015815930673852563,1.2463517850022756,-0.026621093973517418,3.2808449268341064
qwen2.5-7b,C,6,7,random,R_role,-1.0,1.0,0.008494295179843903,0.00783622832968831,0.009208468534052373,0.0011999905109405518,0.018025631085038185,0.019712213426828384,0.015815930673852563,1.2463517850022756,-0.026621093973517418,9.503987312316895
qwen2.5-7b,C,6,17,random,R_harm,-1.0,1.0,-0.033881209790706635,-0.039065117668360475,-0.028910604445263742,-0.0007999539375305176,0.018025631085038185,0.019712213426828384,0.015815930673852563,1.2463517850022756,-0.026621093973517418,23.48501205444336
qwen2.5-7b,C,6,17,random,R_control,-1.0,1.0,-0.016203124076128006,-0.021133112302049995,-0.01150208644103259,-0.0012000203132629395,0.018025631085038185,0.019712213426828384,0.015815930673852563,1.2463517850022756,-0.026621093973517418,26.395238876342773
qwen2.5-7b,C,6,17,random,R_role,-1.0,1.0,0.0379675067961216,0.03486938877031207,0.04090295946225524,-0.0007999986410140991,0.018025631085038185,0.019712213426828384,0.015815930673852563,1.2463517850022756,-0.026621093973517418,22.735044479370117
qwen2.5-7b,C,6,27,random,R_harm,-1.0,1.0,0.0020343337673693895,-0.002302507107378915,0.007530108687933529,0.000800013542175293,0.018025631085038185,0.019712213426828384,0.015815930673852563,1.2463517850022756,-0.026621093973517418,206.79986572265625
qwen2.5-7b,C,6,27,random,R_control,-1.0,1.0,0.0012208240805193782,-0.002541644184384495,0.005572248657699671,0.011199951171875,0.018025631085038185,0.019712213426828384,0.015815930673852563,1.2463517850022756,-0.026621093973517418,256.7321472167969
qwen2.5-7b,C,6,27,random,R_role,-1.0,1.0,0.017523469403386116,0.010932336701080203,0.024214247567579145,0.009600013494491577,0.018025631085038185,0.019712213426828384,0.015815930673852563,1.2463517850022756,-0.026621093973517418,98.78836059570312
qwen2.5-7b,C,6,7,random,R_harm,2.0,2.0,0.014112056232988834,0.00584901220863685,0.022170919366180892,-0.0003999471664428711,0.04720952361822128,0.0742349699139595,0.050068477634340525,1.4826688052333326,-0.02237091027200222,4.563311576843262
qwen2.5-7b,C,6,7,random,R_control,2.0,2.0,0.02674867957830429,0.01952522909268737,0.0342449408955872,0.0007999539375305176,0.04720952361822128,0.0742349699139595,0.050068477634340525,1.4826688052333326,-0.02237091027200222,3.2808449268341064
qwen2.5-7b,C,6,7,random,R_role,2.0,2.0,0.00015577256272081286,-0.0015088317159097642,0.0016794700437458227,0.0031999945640563965,0.04720952361822128,0.0742349699139595,0.050068477634340525,1.4826688052333326,-0.02237091027200222,9.503987312316895
qwen2.5-7b,C,6,17,random,R_harm,2.0,2.0,0.06426841765642166,0.055827548075467345,0.0733474049717188,-0.00279998779296875,0.04720952361822128,0.0742349699139595,0.050068477634340525,1.4826688052333326,-0.02237091027200222,23.48501205444336
qwen2.5-7b,C,6,17,random,R_control,2.0,2.0,0.030234450474381447,0.02142856689170003,0.04013895532116294,0.0031999945640563965,0.04720952361822128,0.0742349699139595,0.050068477634340525,1.4826688052333326,-0.02237091027200222,26.395238876342773
qwen2.5-7b,C,6,17,random,R_role,2.0,2.0,-0.08620703965425491,-0.09282392542809248,-0.07926949504762888,0.005199998617172241,0.04720952361822128,0.0742349699139595,0.050068477634340525,1.4826688052333326,-0.02237091027200222,22.735044479370117
qwen2.5-7b,C,6,27,random,R_harm,2.0,2.0,-0.0018352462211623788,-0.009282177849672734,0.004688676446676254,-0.00279998779296875,0.04720952361822128,0.0742349699139595,0.050068477634340525,1.4826688052333326,-0.02237091027200222,206.79986572265625
qwen2.5-7b,C,6,27,random,R_control,2.0,2.0,-0.005412361118942499,-0.011030730954371393,0.00019450509862508041,-0.0031999945640563965,0.04720952361822128,0.0742349699139595,0.050068477634340525,1.4826688052333326,-0.02237091027200222,256.7321472167969
qwen2.5-7b,C,6,27,random,R_role,2.0,2.0,-0.05136597529053688,-0.066945381462574,-0.03661418287083508,-0.034399986267089844,0.04720952361822128,0.0742349699139595,0.050068477634340525,1.4826688052333326,-0.02237091027200222,98.78836059570312
qwen2.5-7b,C,6,7,random,R_harm,-2.0,2.0,-0.01491330936551094,-0.01760047865100205,-0.01231740873772651,0.0,0.0744827389717102,0.07228641211986542,0.050068477634340525,1.443750949405465,-0.12556640803813934,4.563311576843262
qwen2.5-7b,C,6,7,random,R_control,-2.0,2.0,-0.0074071260169148445,-0.012474443740211427,-0.002637336362386125,-0.003600001335144043,0.0744827389717102,0.07228641211986542,0.050068477634340525,1.443750949405465,-0.12556640803813934,3.2808449268341064
qwen2.5-7b,C,6,7,random,R_role,-2.0,2.0,0.022590894252061844,0.021294959681108595,0.023936501052230597,0.003600001335144043,0.0744827389717102,0.07228641211986542,0.050068477634340525,1.443750949405465,-0.12556640803813934,9.503987312316895
qwen2.5-7b,C,6,17,random,R_harm,-2.0,2.0,-0.058859143406152725,-0.06855558883398771,-0.04920446071773768,-0.001199960708618164,0.0744827389717102,0.07228641211986542,0.050068477634340525,1.443750949405465,-0.12556640803813934,23.48501205444336
qwen2.5-7b,C,6,17,random,R_control,-2.0,2.0,-0.03315827250480652,-0.04268654277548194,-0.02423650766722859,0.004400014877319336,0.0744827389717102,0.07228641211986542,0.050068477634340525,1.443750949405465,-0.12556640803813934,26.395238876342773
qwen2.5-7b,C,6,17,random,R_role,-2.0,2.0,0.06565249711275101,0.059709498565644024,0.07135942708700896,0.0007999986410140991,0.0744827389717102,0.07228641211986542,0.050068477634340525,1.443750949405465,-0.12556640803813934,22.735044479370117
qwen2.5-7b,C,6,27,random,R_harm,-2.0,2.0,0.003947594203054905,-0.004707340814638883,0.01549501114059238,0.001999974250793457,0.0744827389717102,0.07228641211986542,0.050068477634340525,1.443750949405465,-0.12556640803813934,206.79986572265625
qwen2.5-7b,C,6,27,random,R_control,-2.0,2.0,0.0021805271971970797,-0.005291825241874904,0.011490737297572188,0.014400005340576172,0.0744827389717102,0.07228641211986542,0.050068477634340525,1.443750949405465,-0.12556640803813934,256.7321472167969
qwen2.5-7b,C,6,27,random,R_role,-2.0,2.0,0.033423472195863724,0.02070921747945249,0.045755030214786524,0.009999990463256836,0.0744827389717102,0.07228641211986542,0.050068477634340525,1.443750949405465,-0.12556640803813934,98.78836059570312
qwen2.5-7b,C,6,7,random,R_harm,4.0,4.0,0.028400104492902756,0.007755888882093132,0.04819564325734972,-0.0003999471664428711,0.15793025493621826,0.2386469841003418,0.174831029959023,1.365015032836425,-0.026035156100988388,4.563311576843262
qwen2.5-7b,C,6,7,random,R_control,4.0,4.0,0.04843411594629288,0.031691788136959075,0.06507262177765367,0.0003999471664428711,0.15793025493621826,0.2386469841003418,0.174831029959023,1.365015032836425,-0.026035156100988388,3.2808449268341064
qwen2.5-7b,C,6,7,random,R_role,4.0,4.0,0.0157973300665617,0.012402232247404754,0.018945335363969206,0.011599987745285034,0.15793025493621826,0.2386469841003418,0.174831029959023,1.365015032836425,-0.026035156100988388,9.503987312316895
qwen2.5-7b,C,6,17,random,R_harm,4.0,4.0,0.09229128807783127,0.07791065480560064,0.10695485975593327,-0.0067999958992004395,0.15793025493621826,0.2386469841003418,0.174831029959023,1.365015032836425,-0.026035156100988388,23.48501205444336
qwen2.5-7b,C,6,17,random,R_control,4.0,4.0,0.05604703724384308,0.039814151078462603,0.07363326866179704,0.016000032424926758,0.15793025493621826,0.2386469841003418,0.174831029959023,1.365015032836425,-0.026035156100988388,26.395238876342773
qwen2.5-7b,C,6,17,random,R_role,4.0,4.0,-0.12017269432544708,-0.13073327653110028,-0.1097744707018137,0.0011999979615211487,0.15793025493621826,0.2386469841003418,0.174831029959023,1.365015032836425,-0.026035156100988388,22.735044479370117
qwen2.5-7b,C,6,27,random,R_harm,4.0,4.0,-0.007618194445967674,-0.01996754794381559,0.0042399588041007455,-0.0031999945640563965,0.15793025493621826,0.2386469841003418,0.174831029959023,1.365015032836425,-0.026035156100988388,206.79986572265625
qwen2.5-7b,C,6,27,random,R_control,4.0,4.0,-0.015489420853555202,-0.02521753339096904,-0.005990574334282429,-0.005600035190582275,0.15793025493621826,0.2386469841003418,0.174831029959023,1.365015032836425,-0.026035156100988388,256.7321472167969
qwen2.5-7b,C,6,27,random,R_role,4.0,4.0,-0.0891335979104042,-0.1165099898353219,-0.06130987321957947,-0.032799988985061646,0.15793025493621826,0.2386469841003418,0.174831029959023,1.365015032836425,-0.026035156100988388,98.78836059570312
qwen2.5-7b,C,6,7,random,R_harm,-4.0,4.0,-0.044562049210071564,-0.05424293903633952,-0.03500776188448072,0.0,0.20712478458881378,0.1837172955274582,0.174831029959023,1.0508277367611343,-0.41724610328674316,4.563311576843262
qwen2.5-7b,C,6,7,random,R_control,-4.0,4.0,0.018054302781820297,0.008072463027201594,0.027501315344125025,-0.011600017547607422,0.20712478458881378,0.1837172955274582,0.174831029959023,1.0508277367611343,-0.41724610328674316,3.2808449268341064
qwen2.5-7b,C,6,7,random,R_role,-4.0,4.0,0.062096185982227325,0.05968864122405648,0.06465564090758562,0.013599991798400879,0.20712478458881378,0.1837172955274582,0.174831029959023,1.0508277367611343,-0.41724610328674316,9.503987312316895
qwen2.5-7b,C,6,17,random,R_harm,-4.0,4.0,-0.08061939477920532,-0.09913670159876346,-0.061585980933159604,-0.001999974250793457,0.20712478458881378,0.1837172955274582,0.174831029959023,1.0508277367611343,-0.41724610328674316,23.48501205444336
qwen2.5-7b,C,6,17,random,R_control,-4.0,4.0,-0.06936366856098175,-0.08876046650111676,-0.05032381806522609,0.004800021648406982,0.20712478458881378,0.1837172955274582,0.174831029959023,1.0508277367611343,-0.41724610328674316,26.395238876342773
qwen2.5-7b,C,6,17,random,R_role,-4.0,4.0,0.08278484642505646,0.07138559054583311,0.09376379176974296,0.004799999296665192,0.20712478458881378,0.1837172955274582,0.174831029959023,1.0508277367611343,-0.41724610328674316,22.735044479370117
qwen2.5-7b,C,6,27,random,R_harm,-4.0,4.0,0.0015409368788823485,-0.015231563756242395,0.023936545383185133,0.000800013542175293,0.20712478458881378,0.1837172955274582,0.174831029959023,1.0508277367611343,-0.41724610328674316,206.79986572265625
qwen2.5-7b,C,6,27,random,R_control,-4.0,4.0,-0.0025225377175956964,-0.018659066362306475,0.01821741354651747,0.01239997148513794,0.20712478458881378,0.1837172955274582,0.174831029959023,1.0508277367611343,-0.41724610328674316,256.7321472167969
qwen2.5-7b,C,6,27,random,R_role,-4.0,4.0,0.056679945439100266,0.032501315139234065,0.0811727194115519,-0.013999998569488525,0.20712478458881378,0.1837172955274582,0.174831029959023,1.0508277367611343,-0.41724610328674316,98.78836059570312
qwen2.5-7b,C,13,14,R_harm,R_harm,0.25,0.25,0.23226207494735718,0.2273017831146717,0.23697669059038162,0.0,0.11781633645296097,0.1203620508313179,0.008624289417639375,13.956170184309885,0.6114257574081421,15.548502922058105
qwen2.5-7b,C,13,14,R_harm,R_control,0.25,0.25,0.10217936336994171,0.09416693989187479,0.11029438078403472,0.016000032424926758,0.11781633645296097,0.1203620508313179,0.008624289417639375,13.956170184309885,0.6114257574081421,13.767318725585938
qwen2.5-7b,C,13,14,R_harm,R_role,0.25,0.25,-0.06092119589447975,-0.06205473877489567,-0.05971232429146767,-0.0040000006556510925,0.11781633645296097,0.1203620508313179,0.008624289417639375,13.956170184309885,0.6114257574081421,21.346614837646484
qwen2.5-7b,C,13,20,R_harm,R_harm,0.25,0.25,0.05849966034293175,0.046518505178391935,0.0725413078442216,0.0015999674797058105,0.11781633645296097,0.1203620508313179,0.008624289417639375,13.956170184309885,0.6114257574081421,60.964229583740234
qwen2.5-7b,C,13,20,R_harm,R_control,0.25,0.25,0.03343747928738594,0.022082225419580936,0.04549041492864488,0.014799952507019043,0.11781633645296097,0.1203620508313179,0.008624289417639375,13.956170184309885,0.6114257574081421,73.20159149169922
qwen2.5-7b,C,13,20,R_harm,R_role,0.25,0.25,-0.02516043744981289,-0.03235109560191631,-0.017509709997102624,0.039999961853027344,0.11781633645296097,0.1203620508313179,0.008624289417639375,13.956170184309885,0.6114257574081421,32.73752212524414
qwen2.5-7b,C,13,27,R_harm,R_harm,0.25,0.25,0.04835949093103409,0.03659965731203556,0.06125388843938708,0.00279998779296875,0.11781633645296097,0.1203620508313179,0.008624289417639375,13.956170184309885,0.6114257574081421,206.79986572265625
qwen2.5-7b,C,13,27,R_harm,R_control,0.25,0.25,0.028323881328105927,0.017848414182662965,0.039926619920879584,0.024399995803833008,0.11781633645296097,0.1203620508313179,0.008624289417639375,13.956170184309885,0.6114257574081421,256.7321472167969
qwen2.5-7b,C,13,27,R_harm,R_role,0.25,0.25,-0.02536124922335148,-0.039734754525125024,-0.010221264301799248,0.02279999852180481,0.11781633645296097,0.1203620508313179,0.008624289417639375,13.956170184309885,0.6114257574081421,98.78836059570312
qwen2.5-7b,C,13,14,R_harm,R_harm,-0.25,0.25,-0.2231222540140152,-0.22887892425060272,-0.21734451837837696,-0.0004000067710876465,0.1064954549074173,0.09432009607553482,0.008624289417639375,10.936564336839238,-0.550488293170929,15.548502922058105
qwen2.5-7b,C,13,14,R_harm,R_control,-0.25,0.25,-0.08651655912399292,-0.09585042130202055,-0.07766734957695008,-0.02319997549057007,0.1064954549074173,0.09432009607553482,0.008624289417639375,10.936564336839238,-0.550488293170929,13.767318725585938
qwen2.5-7b,C,13,14,R_harm,R_role,-0.25,0.25,0.060198038816452026,0.058875161409378055,0.06140859005972743,0.0007999986410140991,0.1064954549074173,0.09432009607553482,0.008624289417639375,10.936564336839238,-0.550488293170929,21.346614837646484
qwen2.5-7b,C,13,20,R_harm,R_harm,-0.25,0.25,-0.05361228808760643,-0.06713057942688465,-0.04179599555209279,-0.004800021648406982,0.1064954549074173,0.09432009607553482,0.008624289417639375,10.936564336839238,-0.550488293170929,60.964229583740234
qwen2.5-7b,C,13,20,R_harm,R_control,-0.25,0.25,-0.029243577271699905,-0.041408718284219506,-0.018619023729115728,-0.02920001745223999,0.1064954549074173,0.09432009607553482,0.008624289417639375,10.936564336839238,-0.550488293170929,73.20159149169922
qwen2.5-7b,C,13,20,R_harm,R_role,-0.25,0.25,0.025901498273015022,0.01823526667430997,0.03316052081063389,-0.02799999713897705,0.1064954549074173,0.09432009607553482,0.008624289417639375,10.936564336839238,-0.550488293170929,32.73752212524414
qwen2.5-7b,C,13,27,R_harm,R_harm,-0.25,0.25,-0.04777374118566513,-0.06080790888518095,-0.035996162891387955,-0.001600027084350586,0.1064954549074173,0.09432009607553482,0.008624289417639375,10.936564336839238,-0.550488293170929,206.79986572265625
qwen2.5-7b,C,13,27,R_harm,R_control,-0.25,0.25,-0.028590263798832893,-0.04019416030496359,-0.01858904240652919,-0.03200000524520874,0.1064954549074173,0.09432009607553482,0.008624289417639375,10.936564336839238,-0.550488293170929,256.7321472167969
qwen2.5-7b,C,13,27,R_harm,R_role,-0.25,0.25,0.02613133192062378,0.012140775821171701,0.040065370127558696,-0.02559998631477356,0.1064954549074173,0.09432009607553482,0.008624289417639375,10.936564336839238,-0.550488293170929,98.78836059570312
qwen2.5-7b,C,13,14,R_harm,R_harm,0.5,0.5,0.4727706015110016,0.46391139179468155,0.48133249804377554,0.0,0.47878846526145935,0.4464748799800873,0.029921111650764942,14.921734365730794,1.4167969226837158,15.548502922058105
qwen2.5-7b,C,13,14,R_harm,R_control,0.5,0.5,0.21693843603134155,0.20232347957789898,0.23175655044615268,0.02920001745223999,0.47878846526145935,0.4464748799800873,0.029921111650764942,14.921734365730794,1.4167969226837158,13.767318725585938
qwen2.5-7b,C,13,14,R_harm,R_role,0.5,0.5,-0.12375742942094803,-0.12579125799238683,-0.12155888229608536,-0.005199998617172241,0.47878846526145935,0.4464748799800873,0.029921111650764942,14.921734365730794,1.4167969226837158,21.346614837646484
qwen2.5-7b,C,13,20,R_harm,R_harm,0.5,0.5,0.12338729947805405,0.09912037495523691,0.14947511740028857,0.0031999945640563965,0.47878846526145935,0.4464748799800873,0.029921111650764942,14.921734365730794,1.4167969226837158,60.964229583740234
qwen2.5-7b,C,13,20,R_harm,R_control,0.5,0.5,0.07182910293340683,0.05014734389260411,0.09512218199670314,0.030399978160858154,0.47878846526145935,0.4464748799800873,0.029921111650764942,14.921734365730794,1.4167969226837158,73.20159149169922
qwen2.5-7b,C,13,20,R_harm,R_role,0.5,0.5,-0.04851502552628517,-0.06126232296228409,-0.033591943234205245,0.07400000095367432,0.47878846526145935,0.4464748799800873,0.029921111650764942,14.921734365730794,1.4167969226837158,32.73752212524414
qwen2.5-7b,C,13,27,R_harm,R_harm,0.5,0.5,0.10356742143630981,0.07923405710607767,0.1297751985490322,0.006399989128112793,0.47878846526145935,0.4464748799800873,0.029921111650764942,14.921734365730794,1.4167969226837158,206.79986572265625
qwen2.5-7b,C,13,27,R_harm,R_control,0.5,0.5,0.05947988107800484,0.03919498473405838,0.081460047326982,0.03880000114440918,0.47878846526145935,0.4464748799800873,0.029921111650764942,14.921734365730794,1.4167969226837158,256.7321472167969
qwen2.5-7b,C,13,27,R_harm,R_role,0.5,0.5,-0.05660855397582054,-0.0811595555394888,-0.029648299841210264,0.05640000104904175,0.47878846526145935,0.4464748799800873,0.029921111650764942,14.921734365730794,1.4167969226837158,98.78836059570312
qwen2.5-7b,C,13,14,R_harm,R_harm,-0.5,0.5,-0.4353834390640259,-0.44794115200638773,-0.42292095571756366,-0.000800013542175293,0.45876625180244446,0.33631977438926697,0.029921111650764942,11.240216550599612,-1.175878882408142,15.548502922058105
qwen2.5-7b,C,13,14,R_harm,R_control,-0.5,0.5,-0.15656644105911255,-0.17596012018620968,-0.13791210912168025,-0.055599987506866455,0.45876625180244446,0.33631977438926697,0.029921111650764942,11.240216550599612,-1.175878882408142,13.767318725585938
qwen2.5-7b,C,13,14,R_harm,R_role,-0.5,0.5,0.1187533289194107,0.11588420122861862,0.12134405095130205,0.0016000047326087952,0.45876625180244446,0.33631977438926697,0.029921111650764942,11.240216550599612,-1.175878882408142,21.346614837646484
qwen2.5-7b,C,13,20,R_harm,R_harm,-0.5,0.5,-0.10532253235578537,-0.13075842708349228,-0.0827245669439435,-0.010000050067901611,0.45876625180244446,0.33631977438926697,0.029921111650764942,11.240216550599612,-1.175878882408142,60.964229583740234
qwen2.5-7b,C,13,20,R_harm,R_control,-0.5,0.5,-0.05603017657995224,-0.08013722524046898,-0.035610435903072356,-0.05920004844665527,0.45876625180244446,0.33631977438926697,0.029921111650764942,11.240216550599612,-1.175878882408142,73.20159149169922
qwen2.5-7b,C,13,20,R_harm,R_role,-0.5,0.5,0.051819153130054474,0.03784776786342263,0.0648898785933852,-0.06120002269744873,0.45876625180244446,0.33631977438926697,0.029921111650764942,11.240216550599612,-1.175878882408142,32.73752212524414
qwen2.5-7b,C,13,27,R_harm,R_harm,-0.5,0.5,-0.09410227090120316,-0.12130839172750711,-0.0703449457883835,-0.006399989128112793,0.45876625180244446,0.33631977438926697,0.029921111650764942,11.240216550599612,-1.175878882408142,206.79986572265625
qwen2.5-7b,C,13,27,R_harm,R_control,-0.5,0.5,-0.05637778341770172,-0.07914646435528994,-0.036201994121074686,-0.060800015926361084,0.45876625180244446,0.33631977438926697,0.029921111650764942,11.240216550599612,-1.175878882408142,256.7321472167969
qwen2.5-7b,C,13,27,R_harm,R_role,-0.5,0.5,0.042738307267427444,0.01773704616352916,0.06860418114811179,-0.05480000376701355,0.45876625180244446,0.33631977438926697,0.029921111650764942,11.240216550599612,-1.175878882408142,98.78836059570312
qwen2.5-7b,C,13,14,R_harm,R_harm,1.0,1.0,0.9698970913887024,0.9554433092474938,0.9840700656175614,0.0007999539375305176,1.4057022333145142,1.445849895477295,0.12376473005861044,11.682244972316374,3.2790136337280273,15.548502922058105
qwen2.5-7b,C,13,14,R_harm,R_control,1.0,1.0,0.4791392982006073,0.4552466467022896,0.5029784813523293,0.040400028228759766,1.4057022333145142,1.445849895477295,0.12376473005861044,11.682244972316374,3.2790136337280273,13.767318725585938
qwen2.5-7b,C,13,14,R_harm,R_role,1.0,1.0,-0.25063958764076233,-0.25399488061666486,-0.24696240723133087,-0.002799995243549347,1.4057022333145142,1.445849895477295,0.12376473005861044,11.682244972316374,3.2790136337280273,21.346614837646484
qwen2.5-7b,C,13,20,R_harm,R_harm,1.0,1.0,0.27294400334358215,0.22840083315968512,0.3205169454216957,0.0055999755859375,1.4057022333145142,1.445849895477295,0.12376473005861044,11.682244972316374,3.2790136337280273,60.964229583740234
qwen2.5-7b,C,13,20,R_harm,R_control,1.0,1.0,0.16688740253448486,0.12918247506022454,0.2076235458254814,0.04639995098114014,1.4057022333145142,1.445849895477295,0.12376473005861044,11.682244972316374,3.2790136337280273,73.20159149169922
qwen2.5-7b,C,13,20,R_harm,R_role,1.0,1.0,-0.08626681566238403,-0.1086880374699831,-0.06273589208722116,0.1371999979019165,1.4057022333145142,1.445849895477295,0.12376473005861044,11.682244972316374,3.2790136337280273,32.73752212524414
qwen2.5-7b,C,13,27,R_harm,R_harm,1.0,1.0,0.22364839911460876,0.17579043321311474,0.2730732426047325,0.0059999823570251465,1.4057022333145142,1.445849895477295,0.12376473005861044,11.682244972316374,3.2790136337280273,206.79986572265625
qwen2.5-7b,C,13,27,R_harm,R_control,1.0,1.0,0.12287185341119766,0.08292711693793535,0.16387455761432643,0.061199963092803955,1.4057022333145142,1.445849895477295,0.12376473005861044,11.682244972316374,3.2790136337280273,256.7321472167969
qwen2.5-7b,C,13,27,R_harm,R_role,1.0,1.0,-0.13390737771987915,-0.18039062544703482,-0.08617861866950992,0.13280001282691956,1.4057022333145142,1.445849895477295,0.12376473005861044,11.682244972316374,3.2790136337280273,98.78836059570312
qwen2.5-7b,C,13,14,R_harm,R_harm,-1.0,1.0,-0.8235036730766296,-0.8509037360548973,-0.7961949959397316,-0.0020000338554382324,1.3741551637649536,0.9424972534179688,0.12376473005861044,7.615232974464022,-2.215644598007202,15.548502922058105
qwen2.5-7b,C,13,14,R_harm,R_control,-1.0,1.0,-0.24856416881084442,-0.28988874778151513,-0.20886817388236525,-0.15759998559951782,1.3741551637649536,0.9424972534179688,0.12376473005861044,7.615232974464022,-2.215644598007202,13.767318725585938
qwen2.5-7b,C,13,14,R_harm,R_role,-1.0,1.0,0.22981998324394226,0.22351530902087688,0.23557479865849018,0.005199998617172241,1.3741551637649536,0.9424972534179688,0.12376473005861044,7.615232974464022,-2.215644598007202,21.346614837646484
qwen2.5-7b,C,13,20,R_harm,R_harm,-1.0,1.0,-0.2053643763065338,-0.25277154669165613,-0.16445515081286433,-0.02120000123977661,1.3741551637649536,0.9424972534179688,0.12376473005861044,7.615232974464022,-2.215644598007202,60.964229583740234
qwen2.5-7b,C,13,20,R_harm,R_control,-1.0,1.0,-0.10741376131772995,-0.151202742010355,-0.06877159141004087,-0.12480002641677856,1.3741551637649536,0.9424972534179688,0.12376473005861044,7.615232974464022,-2.215644598007202,73.20159149169922
qwen2.5-7b,C,13,20,R_harm,R_role,-1.0,1.0,0.10103382915258408,0.07455608621239662,0.12593479864299295,-0.14640000462532043,1.3741551637649536,0.9424972534179688,0.12376473005861044,7.615232974464022,-2.215644598007202,32.73752212524414
qwen2.5-7b,C,13,27,R_harm,R_harm,-1.0,1.0,-0.1891070306301117,-0.23815613389015197,-0.14654506742954257,-0.016400039196014404,1.3741551637649536,0.9424972534179688,0.12376473005861044,7.615232974464022,-2.215644598007202,206.79986572265625
qwen2.5-7b,C,13,27,R_harm,R_control,-1.0,1.0,-0.11870094388723373,-0.16301129311323165,-0.08038513008505108,-0.12800002098083496,1.3741551637649536,0.9424972534179688,0.12376473005861044,7.615232974464022,-2.215644598007202,256.7321472167969
qwen2.5-7b,C,13,27,R_harm,R_role,-1.0,1.0,0.061462268233299255,0.012568727973848582,0.11086323354393243,-0.10999999940395355,1.3741551637649536,0.9424972534179688,0.12376473005861044,7.615232974464022,-2.215644598007202,98.78836059570312
qwen2.5-7b,C,13,14,R_harm,R_harm,2.0,2.0,1.9782682657241821,1.9582015573978424,1.998568657040596,0.0,4.879896640777588,7.584925651550293,0.4996964856982231,15.179065429991805,10.08755874633789,15.548502922058105
qwen2.5-7b,C,13,14,R_harm,R_control,2.0,2.0,1.0617789030075073,1.0323592245578765,1.0911549776792526,0.033600032329559326,4.879896640777588,7.584925651550293,0.4996964856982231,15.179065429991805,10.08755874633789,13.767318725585938
qwen2.5-7b,C,13,14,R_harm,R_role,2.0,2.0,-0.5041081309318542,-0.5093134120106697,-0.4989611767232418,-0.00039999932050704956,4.879896640777588,7.584925651550293,0.4996964856982231,15.179065429991805,10.08755874633789,21.346614837646484
qwen2.5-7b,C,13,20,R_harm,R_harm,2.0,2.0,0.6578786373138428,0.5855648815631866,0.7327957004308701,0.008799970149993896,4.879896640777588,7.584925651550293,0.4996964856982231,15.179065429991805,10.08755874633789,60.964229583740234
qwen2.5-7b,C,13,20,R_harm,R_control,2.0,2.0,0.4447784125804901,0.388244654238224,0.5012982547283172,0.04799997806549072,4.879896640777588,7.584925651550293,0.4996964856982231,15.179065429991805,10.08755874633789,73.20159149169922
qwen2.5-7b,C,13,20,R_harm,R_role,2.0,2.0,-0.09825737774372101,-0.13075285814702511,-0.06480084396898747,0.16359996795654297,4.879896640777588,7.584925651550293,0.4996964856982231,15.179065429991805,10.08755874633789,32.73752212524414
qwen2.5-7b,C,13,27,R_harm,R_harm,2.0,2.0,0.5761694312095642,0.4900204882025719,0.6644114628434181,-0.018800020217895508,4.879896640777588,7.584925651550293,0.4996964856982231,15.179065429991805,10.08755874633789,206.79986572265625
qwen2.5-7b,C,13,27,R_harm,R_control,2.0,2.0,0.35077330470085144,0.2926527619361877,0.41105565875768657,0.062399983406066895,4.879896640777588,7.584925651550293,0.4996964856982231,15.179065429991805,10.08755874633789,256.7321472167969
qwen2.5-7b,C,13,27,R_harm,R_role,2.0,2.0,-0.18880794942378998,-0.2703542195260525,-0.10944712087512017,0.27319997549057007,4.879896640777588,7.584925651550293,0.4996964856982231,15.179065429991805,10.08755874633789,98.78836059570312
qwen2.5-7b,C,13,14,R_harm,R_harm,-2.0,2.0,-1.4642831087112427,-1.519254556298256,-1.4107757061719894,-0.003200054168701172,2.718102216720581,1.9659223556518555,0.4996964856982231,3.934232903209001,-2.1128320693969727,15.548502922058105
qwen2.5-7b,C,13,14,R_harm,R_control,-2.0,2.0,-0.2790343165397644,-0.3531536377966404,-0.20758211612701424,-0.3479999899864197,2.718102216720581,1.9659223556518555,0.4996964856982231,3.934232903209001,-2.1128320693969727,13.767318725585938
qwen2.5-7b,C,13,14,R_harm,R_role,-2.0,2.0,0.42361193895339966,0.41026941016316415,0.43618973940610883,0.02199999988079071,2.718102216720581,1.9659223556518555,0.4996964856982231,3.934232903209001,-2.1128320693969727,21.346614837646484
qwen2.5-7b,C,13,20,R_harm,R_harm,-2.0,2.0,-0.39802050590515137,-0.4750512719154358,-0.32607302218675616,-0.04559999704360962,2.718102216720581,1.9659223556518555,0.4996964856982231,3.934232903209001,-2.1128320693969727,60.964229583740234
qwen2.5-7b,C,13,20,R_harm,R_control,-2.0,2.0,-0.19484855234622955,-0.26704257130622866,-0.1265842173248531,-0.2624000310897827,2.718102216720581,1.9659223556518555,0.4996964856982231,3.934232903209001,-2.1128320693969727,73.20159149169922
qwen2.5-7b,C,13,20,R_harm,R_role,-2.0,2.0,0.25902238488197327,0.21887693740427494,0.29752990901470183,-0.24240002036094666,2.718102216720581,1.9659223556518555,0.4996964856982231,3.934232903209001,-2.1128320693969727,32.73752212524414
qwen2.5-7b,C,13,27,R_harm,R_harm,-2.0,2.0,-0.35713663697242737,-0.4285317100584507,-0.2881751216948033,-0.04360002279281616,2.718102216720581,1.9659223556518555,0.4996964856982231,3.934232903209001,-2.1128320693969727,206.79986572265625
qwen2.5-7b,C,13,27,R_harm,R_control,-2.0,2.0,-0.21801315248012543,-0.2853999465703964,-0.15591779984533788,-0.2600000500679016,2.718102216720581,1.9659223556518555,0.4996964856982231,3.934232903209001,-2.1128320693969727,256.7321472167969
qwen2.5-7b,C,13,27,R_harm,R_role,-2.0,2.0,0.18264782428741455,0.11776754222810268,0.2527718521654605,-0.085999995470047,2.718102216720581,1.9659223556518555,0.4996964856982231,3.934232903209001,-2.1128320693969727,98.78836059570312
qwen2.5-7b,C,13,14,R_harm,R_harm,4.0,4.0,3.8625333309173584,3.8355727672576903,3.890747159719467,-0.000800013542175293,6.802472114562988,11.499167442321777,1.9675198048353195,5.844498954501884,8.908184051513672,15.548502922058105
qwen2.5-7b,C,13,14,R_harm,R_control,4.0,4.0,2.1317014694213867,2.1072831213474275,2.1555745780467985,-0.0059999823570251465,6.802472114562988,11.499167442321777,1.9675198048353195,5.844498954501884,8.908184051513672,13.767318725585938
qwen2.5-7b,C,13,14,R_harm,R_role,4.0,4.0,-0.9913924336433411,-0.997931994497776,-0.9843876793980598,-0.003600001335144043,6.802472114562988,11.499167442321777,1.9675198048353195,5.844498954501884,8.908184051513672,21.346614837646484
qwen2.5-7b,C,13,20,R_harm,R_harm,4.0,4.0,0.9482255578041077,0.8486401230096817,1.0459289044141769,-0.0040000081062316895,6.802472114562988,11.499167442321777,1.9675198048353195,5.844498954501884,8.908184051513672,60.964229583740234
qwen2.5-7b,C,13,20,R_harm,R_control,4.0,4.0,0.643280565738678,0.5677905529737473,0.7172254368662834,0.024399995803833008,6.802472114562988,11.499167442321777,1.9675198048353195,5.844498954501884,8.908184051513672,73.20159149169922
qwen2.5-7b,C,13,20,R_harm,R_role,4.0,4.0,-0.17884574830532074,-0.21643946021795274,-0.14091266095638275,-0.05880001187324524,6.802472114562988,11.499167442321777,1.9675198048353195,5.844498954501884,8.908184051513672,32.73752212524414
qwen2.5-7b,C,13,27,R_harm,R_harm,4.0,4.0,0.6738958954811096,0.5491007015109062,0.793822157382965,-0.636000007390976,6.802472114562988,11.499167442321777,1.9675198048353195,5.844498954501884,8.908184051513672,206.79986572265625
qwen2.5-7b,C,13,27,R_harm,R_control,4.0,4.0,0.4093369245529175,0.3229385823011398,0.49231945797801013,-0.3340000510215759,6.802472114562988,11.499167442321777,1.9675198048353195,5.844498954501884,8.908184051513672,256.7321472167969
qwen2.5-7b,C,13,27,R_harm,R_role,4.0,4.0,-0.3639504313468933,-0.4465385854244232,-0.2848901696503164,0.20639997720718384,6.802472114562988,11.499167442321777,1.9675198048353195,5.844498954501884,8.908184051513672,98.78836059570312
qwen2.5-7b,C,13,14,R_harm,R_harm,-4.0,4.0,-2.4641833305358887,-2.5337762415409086,-2.397809201478958,-0.002400040626525879,3.8995676040649414,3.6166985034942627,1.9675198048353195,1.8382018288232573,-2.0810351371765137,15.548502922058105
qwen2.5-7b,C,13,14,R_harm,R_control,-4.0,4.0,-0.1323631852865219,-0.22199961058795453,-0.04584367955103518,-0.3460000157356262,3.8995676040649414,3.6166985034942627,1.9675198048353195,1.8382018288232573,-2.0810351371765137,13.767318725585938
qwen2.5-7b,C,13,14,R_harm,R_role,-4.0,4.0,0.7353993058204651,0.7168470963835716,0.7534560173749923,0.011600002646446228,3.8995676040649414,3.6166985034942627,1.9675198048353195,1.8382018288232573,-2.0810351371765137,21.346614837646484
qwen2.5-7b,C,13,20,R_harm,R_harm,-4.0,4.0,-0.5902623534202576,-0.696538408100605,-0.4884892791509629,-0.04640001058578491,3.8995676040649414,3.6166985034942627,1.9675198048353195,1.8382018288232573,-2.0810351371765137,60.964229583740234
qwen2.5-7b,C,13,20,R_harm,R_control,-4.0,4.0,-0.2022686004638672,-0.2956718295812607,-0.11578872501850132,-0.5476000308990479,3.8995676040649414,3.6166985034942627,1.9675198048353195,1.8382018288232573,-2.0810351371765137,73.20159149169922
qwen2.5-7b,C,13,20,R_harm,R_role,-4.0,4.0,0.6045598387718201,0.5575443610548974,0.6513404309749603,-0.30640001595020294,3.8995676040649414,3.6166985034942627,1.9675198048353195,1.8382018288232573,-2.0810351371765137,32.73752212524414
qwen2.5-7b,C,13,27,R_harm,R_harm,-4.0,4.0,-0.6133756637573242,-0.7132144778966903,-0.5186685577034952,-0.039200007915496826,3.8995676040649414,3.6166985034942627,1.9675198048353195,1.8382018288232573,-2.0810351371765137,206.79986572265625
qwen2.5-7b,C,13,27,R_harm,R_control,-4.0,4.0,-0.3260233700275421,-0.4025690257549286,-0.25365482121706007,-0.15520000457763672,3.8995676040649414,3.6166985034942627,1.9675198048353195,1.8382018288232573,-2.0810351371765137,256.7321472167969
qwen2.5-7b,C,13,27,R_harm,R_role,-4.0,4.0,0.35178473591804504,0.2525213949382305,0.4493582881987094,0.25919997692108154,3.8995676040649414,3.6166985034942627,1.9675198048353195,1.8382018288232573,-2.0810351371765137,98.78836059570312
qwen2.5-7b,C,13,14,R_control,R_harm,0.25,0.25,0.07808520644903183,0.07306648083031178,0.08303104881197214,0.0,0.08636058866977692,0.05609091743826866,0.008624289417639375,6.503830602385068,1.099062442779541,15.548502922058105
qwen2.5-7b,C,13,14,R_control,R_control,0.25,0.25,0.21902763843536377,0.2110029123723507,0.22701041549444198,0.017199993133544922,0.08636058866977692,0.05609091743826866,0.008624289417639375,6.503830602385068,1.099062442779541,13.767318725585938
qwen2.5-7b,C,13,14,R_control,R_role,0.25,0.25,-0.01793273165822029,-0.018967093015089632,-0.016900544241070747,-0.00599999725818634,0.08636058866977692,0.05609091743826866,0.008624289417639375,6.503830602385068,1.099062442779541,21.346614837646484
qwen2.5-7b,C,13,20,R_control,R_harm,0.25,0.25,0.0416293628513813,0.029742566449567676,0.055168911069631565,0.00279998779296875,0.08636058866977692,0.05609091743826866,0.008624289417639375,6.503830602385068,1.099062442779541,60.964229583740234
qwen2.5-7b,C,13,20,R_control,R_control,0.25,0.25,0.04875371605157852,0.03776281038299203,0.06061245203018188,0.013999998569488525,0.08636058866977692,0.05609091743826866,0.008624289417639375,6.503830602385068,1.099062442779541,73.20159149169922
qwen2.5-7b,C,13,20,R_control,R_role,0.25,0.25,0.005497894249856472,-0.0011709366517607123,0.012655625282786777,0.018000006675720215,0.08636058866977692,0.05609091743826866,0.008624289417639375,6.503830602385068,1.099062442779541,32.73752212524414
qwen2.5-7b,C,13,27,R_control,R_harm,0.25,0.25,0.03412757068872452,0.022741478681564332,0.04723703637719152,0.003600001335144043,0.08636058866977692,0.05609091743826866,0.008624289417639375,6.503830602385068,1.099062442779541,206.79986572265625
qwen2.5-7b,C,13,27,R_control,R_control,0.25,0.25,0.03682065010070801,0.02667597560212016,0.0483229604549706,0.023599982261657715,0.08636058866977692,0.05609091743826866,0.008624289417639375,6.503830602385068,1.099062442779541,256.7321472167969
qwen2.5-7b,C,13,27,R_control,R_role,0.25,0.25,0.006499236915260553,-0.006473000638652593,0.021042070724070064,0.021600008010864258,0.08636058866977692,0.05609091743826866,0.008624289417639375,6.503830602385068,1.099062442779541,98.78836059570312
qwen2.5-7b,C,13,14,R_control,R_harm,-0.25,0.25,-0.07032650709152222,-0.07592918574810029,-0.0646824937313795,-0.0004000067710876465,0.07889766246080399,0.022235650569200516,0.008624289417639375,2.578258856169836,-1.074550747871399,15.548502922058105
qwen2.5-7b,C,13,14,R_control,R_control,-0.25,0.25,-0.20768442749977112,-0.21655000559985638,-0.19888790212571622,-0.01919996738433838,0.07889766246080399,0.022235650569200516,0.008624289417639375,2.578258856169836,-1.074550747871399,13.767318725585938
qwen2.5-7b,C,13,14,R_control,R_role,-0.25,0.25,0.01739390380680561,0.016235523903742433,0.01852159360423684,0.0020000040531158447,0.07889766246080399,0.022235650569200516,0.008624289417639375,2.578258856169836,-1.074550747871399,21.346614837646484
qwen2.5-7b,C,13,20,R_control,R_harm,-0.25,0.25,-0.0404251329600811,-0.05417215907946229,-0.028867670847103007,-0.005200028419494629,0.07889766246080399,0.022235650569200516,0.008624289417639375,2.578258856169836,-1.074550747871399,60.964229583740234
qwen2.5-7b,C,13,20,R_control,R_control,-0.25,0.25,-0.047459784895181656,-0.059560536313802,-0.0368664687499404,-0.02640002965927124,0.07889766246080399,0.022235650569200516,0.008624289417639375,2.578258856169836,-1.074550747871399,73.20159149169922
qwen2.5-7b,C,13,20,R_control,R_role,-0.25,0.25,0.0003530691610649228,-0.007005327078513801,0.0071756690973415966,-0.015600025653839111,0.07889766246080399,0.022235650569200516,0.008624289417639375,2.578258856169836,-1.074550747871399,32.73752212524414
qwen2.5-7b,C,13,27,R_control,R_harm,-0.25,0.25,-0.03845953568816185,-0.052086655236780646,-0.026197135727852584,-0.003600001335144043,0.07889766246080399,0.022235650569200516,0.008624289417639375,2.578258856169836,-1.074550747871399,206.79986572265625
qwen2.5-7b,C,13,27,R_control,R_control,-0.25,0.25,-0.0398215726017952,-0.051380989607423544,-0.029648786177858717,-0.02920001745223999,0.07889766246080399,0.022235650569200516,0.008624289417639375,2.578258856169836,-1.074550747871399,256.7321472167969
qwen2.5-7b,C,13,27,R_control,R_role,-0.25,0.25,0.005669730249792337,-0.007297783438116312,0.019029663363471627,-0.008799999952316284,0.07889766246080399,0.022235650569200516,0.008624289417639375,2.578258856169836,-1.074550747871399,98.78836059570312
qwen2.5-7b,C,13,14,R_control,R_harm,0.5,0.5,0.1627291440963745,0.15349904857575894,0.1717830929905176,0.0,0.3482978343963623,0.2053312361240387,0.029921111650764942,6.862420037084061,2.3489649295806885,15.548502922058105
qwen2.5-7b,C,13,14,R_control,R_control,0.5,0.5,0.4468683898448944,0.43186273500323297,0.4615840658545494,0.027599990367889404,0.3482978343963623,0.2053312361240387,0.029921111650764942,6.862420037084061,2.3489649295806885,13.767318725585938
qwen2.5-7b,C,13,14,R_control,R_role,0.5,0.5,-0.03716898709535599,-0.03914659414440393,-0.035294100269675256,-0.008799999952316284,0.3482978343963623,0.2053312361240387,0.029921111650764942,6.862420037084061,2.3489649295806885,21.346614837646484
qwen2.5-7b,C,13,20,R_control,R_harm,0.5,0.5,0.08479898422956467,0.061943808756768706,0.11052834577858447,0.003600001335144043,0.3482978343963623,0.2053312361240387,0.029921111650764942,6.862420037084061,2.3489649295806885,60.964229583740234
qwen2.5-7b,C,13,20,R_control,R_control,0.5,0.5,0.09887318313121796,0.07915488835424185,0.12085419967770575,0.028399944305419922,0.3482978343963623,0.2053312361240387,0.029921111650764942,6.862420037084061,2.3489649295806885,73.20159149169922
qwen2.5-7b,C,13,20,R_control,R_role,0.5,0.5,0.018365586176514626,0.007232627389021218,0.02988458154723048,0.04119998216629028,0.3482978343963623,0.2053312361240387,0.029921111650764942,6.862420037084061,2.3489649295806885,32.73752212524414
qwen2.5-7b,C,13,27,R_control,R_harm,0.5,0.5,0.0724513903260231,0.05073086125776172,0.09691322408616543,0.00839996337890625,0.3482978343963623,0.2053312361240387,0.029921111650764942,6.862420037084061,2.3489649295806885,206.79986572265625
qwen2.5-7b,C,13,27,R_control,R_control,0.5,0.5,0.07543019950389862,0.056820976361632344,0.09645232018083331,0.0395999550819397,0.3482978343963623,0.2053312361240387,0.029921111650764942,6.862420037084061,2.3489649295806885,256.7321472167969
qwen2.5-7b,C,13,27,R_control,R_role,0.5,0.5,0.014142699539661407,-0.007520809816196561,0.037792045623064034,0.03960001468658447,0.3482978343963623,0.2053312361240387,0.029921111650764942,6.862420037084061,2.3489649295806885,98.78836059570312
qwen2.5-7b,C,13,14,R_control,R_harm,-0.5,0.5,-0.13108429312705994,-0.1425608690828085,-0.11958030927926303,-0.000800013542175293,0.45264965295791626,0.06089157238602638,0.029921111650764942,2.035070524676501,-2.3154101371765137,15.548502922058105
qwen2.5-7b,C,13,14,R_control,R_control,-0.5,0.5,-0.4028373062610626,-0.42129279375076295,-0.3847034633159638,-0.04960000514984131,0.45264965295791626,0.06089157238602638,0.029921111650764942,2.035070524676501,-2.3154101371765137,13.767318725585938
qwen2.5-7b,C,13,14,R_control,R_role,-0.5,0.5,0.03272544965147972,0.03039994752034545,0.035012696497142316,0.008000001311302185,0.45264965295791626,0.06089157238602638,0.029921111650764942,2.035070524676501,-2.3154101371765137,21.346614837646484
qwen2.5-7b,C,13,20,R_control,R_harm,-0.5,0.5,-0.084781214594841,-0.11253772843629122,-0.0605746771208942,-0.008000016212463379,0.45264965295791626,0.06089157238602638,0.029921111650764942,2.035070524676501,-2.3154101371765137,60.964229583740234
qwen2.5-7b,C,13,20,R_control,R_control,-0.5,0.5,-0.09730971604585648,-0.1219569867476821,-0.0754055576398969,-0.05080002546310425,0.45264965295791626,0.06089157238602638,0.029921111650764942,2.035070524676501,-2.3154101371765137,73.20159149169922
qwen2.5-7b,C,13,20,R_control,R_role,-0.5,0.5,0.0008261297480203211,-0.010856233374215662,0.012831139843910933,-0.03200000524520874,0.45264965295791626,0.06089157238602638,0.029921111650764942,2.035070524676501,-2.3154101371765137,32.73752212524414
qwen2.5-7b,C,13,27,R_control,R_harm,-0.5,0.5,-0.08093953877687454,-0.11015501227229833,-0.05545983575284483,-0.009999990463256836,0.45264965295791626,0.06089157238602638,0.029921111650764942,2.035070524676501,-2.3154101371765137,206.79986572265625
qwen2.5-7b,C,13,27,R_control,R_control,-0.5,0.5,-0.08233406394720078,-0.10640692170709372,-0.061151975579559814,-0.05840003490447998,0.45264965295791626,0.06089157238602638,0.029921111650764942,2.035070524676501,-2.3154101371765137,256.7321472167969
qwen2.5-7b,C,13,27,R_control,R_role,-0.5,0.5,0.006161619909107685,-0.017528469581156968,0.02934624329209325,-0.02000001072883606,0.45264965295791626,0.06089157238602638,0.029921111650764942,2.035070524676501,-2.3154101371765137,98.78836059570312
qwen2.5-7b,C,13,14,R_control,R_harm,1.0,1.0,0.3504652678966522,0.33451883420348166,0.36669356301426886,0.0,1.0540837049484253,0.7752529978752136,0.12376473005861044,6.263925090032372,4.813339710235596,15.548502922058105
qwen2.5-7b,C,13,14,R_control,R_control,1.0,1.0,0.9231235980987549,0.8964412063360214,0.949058423936367,0.043200016021728516,1.0540837049484253,0.7752529978752136,0.12376473005861044,6.263925090032372,4.813339710235596,13.767318725585938
qwen2.5-7b,C,13,14,R_control,R_role,1.0,1.0,-0.07709958404302597,-0.0805479409173131,-0.07375733498483897,-0.013199999928474426,1.0540837049484253,0.7752529978752136,0.12376473005861044,6.263925090032372,4.813339710235596,21.346614837646484
qwen2.5-7b,C,13,20,R_control,R_harm,1.0,1.0,0.17571716010570526,0.13441944867372513,0.21979027912020682,0.008799970149993896,1.0540837049484253,0.7752529978752136,0.12376473005861044,6.263925090032372,4.813339710235596,60.964229583740234
qwen2.5-7b,C,13,20,R_control,R_control,1.0,1.0,0.20490117371082306,0.16983436420559883,0.24376573897898196,0.047599971294403076,1.0540837049484253,0.7752529978752136,0.12376473005861044,6.263925090032372,4.813339710235596,73.20159149169922
qwen2.5-7b,C,13,20,R_control,R_role,1.0,1.0,0.0637553334236145,0.045862232055515054,0.0824746254831552,0.06279999017715454,1.0540837049484253,0.7752529978752136,0.12376473005861044,6.263925090032372,4.813339710235596,32.73752212524414
qwen2.5-7b,C,13,27,R_control,R_harm,1.0,1.0,0.1486777514219284,0.10906809400767088,0.1918854836374521,0.010399997234344482,1.0540837049484253,0.7752529978752136,0.12376473005861044,6.263925090032372,4.813339710235596,206.79986572265625
qwen2.5-7b,C,13,27,R_control,R_control,1.0,1.0,0.15003450214862823,0.11631771493703127,0.18699353374540797,0.06319999694824219,1.0540837049484253,0.7752529978752136,0.12376473005861044,6.263925090032372,4.813339710235596,256.7321472167969
qwen2.5-7b,C,13,27,R_control,R_role,1.0,1.0,0.0323752835392952,-0.007047064730431885,0.07545240055769677,0.07199999690055847,1.0540837049484253,0.7752529978752136,0.12376473005861044,6.263925090032372,4.813339710235596,98.78836059570312
qwen2.5-7b,C,13,14,R_control,R_harm,-1.0,1.0,-0.2251916080713272,-0.24908267594873906,-0.20181773714721205,-0.0012000203132629395,1.5088893175125122,0.17460766434669495,0.12376473005861044,1.4108030960355762,-5.067441463470459,15.548502922058105
qwen2.5-7b,C,13,14,R_control,R_control,-1.0,1.0,-0.7525152564048767,-0.7904709294438362,-0.7151964604854584,-0.1363999843597412,1.5088893175125122,0.17460766434669495,0.12376473005861044,1.4108030960355762,-5.067441463470459,13.767318725585938
qwen2.5-7b,C,13,14,R_control,R_role,-1.0,1.0,0.056916940957307816,0.05196974035352468,0.06179355252534151,0.019200004637241364,1.5088893175125122,0.17460766434669495,0.12376473005861044,1.4108030960355762,-5.067441463470459,21.346614837646484
qwen2.5-7b,C,13,20,R_control,R_harm,-1.0,1.0,-0.1741149127483368,-0.2229675568640232,-0.1312693972140552,-0.020799994468688965,1.5088893175125122,0.17460766434669495,0.12376473005861044,1.4108030960355762,-5.067441463470459,60.964229583740234
qwen2.5-7b,C,13,20,R_control,R_control,-1.0,1.0,-0.19681468605995178,-0.2399884957820177,-0.1584729287773371,-0.11920005083084106,1.5088893175125122,0.17460766434669495,0.12376473005861044,1.4108030960355762,-5.067441463470459,73.20159149169922
qwen2.5-7b,C,13,20,R_control,R_role,-1.0,1.0,-0.0026633674278855324,-0.02470884146168828,0.018759392108768213,-0.09560000896453857,1.5088893175125122,0.17460766434669495,0.12376473005861044,1.4108030960355762,-5.067441463470459,32.73752212524414
qwen2.5-7b,C,13,27,R_control,R_harm,-1.0,1.0,-0.17878414690494537,-0.23243473209440707,-0.13179458677768707,-0.026800036430358887,1.5088893175125122,0.17460766434669495,0.12376473005861044,1.4108030960355762,-5.067441463470459,206.79986572265625
qwen2.5-7b,C,13,27,R_control,R_control,-1.0,1.0,-0.17858748137950897,-0.22165756449103355,-0.13939344435930254,-0.1292000412940979,1.5088893175125122,0.17460766434669495,0.12376473005861044,1.4108030960355762,-5.067441463470459,256.7321472167969
qwen2.5-7b,C,13,27,R_control,R_role,-1.0,1.0,-0.001904916949570179,-0.044239376205950975,0.03943232698366044,-0.04800000786781311,1.5088893175125122,0.17460766434669495,0.12376473005861044,1.4108030960355762,-5.067441463470459,98.78836059570312
qwen2.5-7b,C,13,14,R_control,R_harm,2.0,2.0,0.7720468044281006,0.7486533373594284,0.7954561427235604,-0.000800013542175293,3.1430814266204834,4.246419429779053,0.4996964856982231,8.497997387044967,9.18130874633789,15.548502922058105
qwen2.5-7b,C,13,14,R_control,R_control,2.0,2.0,1.9034727811813354,1.864801162481308,1.9403703570365907,0.06040000915527344,3.1430814266204834,4.246419429779053,0.4996964856982231,8.497997387044967,9.18130874633789,13.767318725585938
qwen2.5-7b,C,13,14,R_control,R_role,2.0,2.0,-0.16744546592235565,-0.1736696369946003,-0.16159034408628942,-0.01680000126361847,3.1430814266204834,4.246419429779053,0.4996964856982231,8.497997387044967,9.18130874633789,21.346614837646484
qwen2.5-7b,C,13,20,R_control,R_harm,2.0,2.0,0.34578177332878113,0.2783769994974136,0.4157842501997946,0.010800004005432129,3.1430814266204834,4.246419429779053,0.4996964856982231,8.497997387044967,9.18130874633789,60.964229583740234
qwen2.5-7b,C,13,20,R_control,R_control,2.0,2.0,0.40266895294189453,0.34599982798099516,0.46067523881793015,0.04719996452331543,3.1430814266204834,4.246419429779053,0.4996964856982231,8.497997387044967,9.18130874633789,73.20159149169922
qwen2.5-7b,C,13,20,R_control,R_role,2.0,2.0,0.16646632552146912,0.13999956846237183,0.19294983819127082,0.06599998474121094,3.1430814266204834,4.246419429779053,0.4996964856982231,8.497997387044967,9.18130874633789,32.73752212524414
qwen2.5-7b,C,13,27,R_control,R_harm,2.0,2.0,0.31469348073005676,0.24997242465615271,0.3832055903971195,0.0031999945640563965,3.1430814266204834,4.246419429779053,0.4996964856982231,8.497997387044967,9.18130874633789,206.79986572265625
qwen2.5-7b,C,13,27,R_control,R_control,2.0,2.0,0.298249751329422,0.243675921484828,0.35452437177300455,0.06919997930526733,3.1430814266204834,4.246419429779053,0.4996964856982231,8.497997387044967,9.18130874633789,256.7321472167969
qwen2.5-7b,C,13,27,R_control,R_role,2.0,2.0,0.046617064625024796,-0.01109172839205712,0.10313633140176531,0.025600016117095947,3.1430814266204834,4.246419429779053,0.4996964856982231,8.497997387044967,9.18130874633789,98.78836059570312
qwen2.5-7b,C,13,14,R_control,R_harm,-2.0,2.0,-0.3207551836967468,-0.36643720269203184,-0.2761178195476532,-0.003200054168701172,4.577080726623535,0.5942526459693909,0.4996964856982231,1.1892271868573279,-10.50455093383789,15.548502922058105
qwen2.5-7b,C,13,14,R_control,R_control,-2.0,2.0,-1.3060121536254883,-1.3772592008113862,-1.2363013237714768,-0.33560001850128174,4.577080726623535,0.5942526459693909,0.4996964856982231,1.1892271868573279,-10.50455093383789,13.767318725585938
qwen2.5-7b,C,13,14,R_control,R_role,-2.0,2.0,0.08384618163108826,0.07388768456876278,0.09382133800536394,0.03800000250339508,4.577080726623535,0.5942526459693909,0.4996964856982231,1.1892271868573279,-10.50455093383789,21.346614837646484
qwen2.5-7b,C,13,20,R_control,R_harm,-2.0,2.0,-0.38192880153656006,-0.4607600398361683,-0.3067956678569317,-0.03720003366470337,4.577080726623535,0.5942526459693909,0.4996964856982231,1.1892271868573279,-10.50455093383789,60.964229583740234
qwen2.5-7b,C,13,20,R_control,R_control,-2.0,2.0,-0.41295158863067627,-0.4914776600897312,-0.34035309702157973,-0.30720001459121704,4.577080726623535,0.5942526459693909,0.4996964856982231,1.1892271868573279,-10.50455093383789,73.20159149169922
qwen2.5-7b,C,13,20,R_control,R_role,-2.0,2.0,0.027226364240050316,-0.008107835077680647,0.06015686048194763,-0.2112000286579132,4.577080726623535,0.5942526459693909,0.4996964856982231,1.1892271868573279,-10.50455093383789,32.73752212524414
qwen2.5-7b,C,13,27,R_control,R_harm,-2.0,2.0,-0.3964950442314148,-0.4808084838092327,-0.3186181537806988,-0.05840003490447998,4.577080726623535,0.5942526459693909,0.4996964856982231,1.1892271868573279,-10.50455093383789,206.79986572265625
qwen2.5-7b,C,13,27,R_control,R_control,-2.0,2.0,-0.37545228004455566,-0.4532088339328766,-0.3045001611113548,-0.3763999938964844,4.577080726623535,0.5942526459693909,0.4996964856982231,1.1892271868573279,-10.50455093383789,256.7321472167969
qwen2.5-7b,C,13,27,R_control,R_role,-2.0,2.0,0.04049212858080864,-0.02271377118304372,0.10096630305051797,-0.057999998331069946,4.577080726623535,0.5942526459693909,0.4996964856982231,1.1892271868573279,-10.50455093383789,98.78836059570312
qwen2.5-7b,C,13,14,R_control,R_harm,4.0,4.0,1.6698077917099,1.6439438611268997,1.6961858540773391,-0.001600027084350586,3.820801019668579,5.8970465660095215,1.9675198048353195,2.99719807217041,7.288183689117432,15.548502922058105
qwen2.5-7b,C,13,14,R_control,R_control,4.0,4.0,3.7849349975585938,3.739872431755066,3.8290733814239504,0.055599987506866455,3.820801019668579,5.8970465660095215,1.9675198048353195,2.99719807217041,7.288183689117432,13.767318725585938
qwen2.5-7b,C,13,14,R_control,R_role,4.0,4.0,-0.38132840394973755,-0.3905972197651863,-0.37227852940559386,-0.013199999928474426,3.820801019668579,5.8970465660095215,1.9675198048353195,2.99719807217041,7.288183689117432,21.346614837646484
qwen2.5-7b,C,13,20,R_control,R_harm,4.0,4.0,0.4072512686252594,0.31900921985507014,0.4970424100756645,-0.028400003910064697,3.820801019668579,5.8970465660095215,1.9675198048353195,2.99719807217041,7.288183689117432,60.964229583740234
qwen2.5-7b,C,13,20,R_control,R_control,4.0,4.0,0.5076112747192383,0.4350662223994732,0.5786282151937484,0.0015999674797058105,3.820801019668579,5.8970465660095215,1.9675198048353195,2.99719807217041,7.288183689117432,73.20159149169922
qwen2.5-7b,C,13,20,R_control,R_role,4.0,4.0,0.1775757372379303,0.14096997268497943,0.21480768397450445,0.022799968719482422,3.820801019668579,5.8970465660095215,1.9675198048353195,2.99719807217041,7.288183689117432,32.73752212524414
qwen2.5-7b,C,13,27,R_control,R_harm,4.0,4.0,0.44327643513679504,0.3560873717069626,0.5338399171829223,-0.03519999980926514,3.820801019668579,5.8970465660095215,1.9675198048353195,2.99719807217041,7.288183689117432,206.79986572265625
qwen2.5-7b,C,13,27,R_control,R_control,4.0,4.0,0.3597063720226288,0.2923146463930607,0.4275789372622967,0.03200000524520874,3.820801019668579,5.8970465660095215,1.9675198048353195,2.99719807217041,7.288183689117432,256.7321472167969
qwen2.5-7b,C,13,27,R_control,R_role,4.0,4.0,-0.29463088512420654,-0.37045133411884307,-0.21887275092303762,-0.10519999265670776,3.820801019668579,5.8970465660095215,1.9675198048353195,2.99719807217041,7.288183689117432,98.78836059570312
qwen2.5-7b,C,13,14,R_control,R_harm,-4.0,4.0,-0.32789862155914307,-0.3911627434194088,-0.26778535172343254,-0.004800021648406982,7.804995536804199,1.9509589672088623,1.9675198048353195,0.9915828864412151,-13.069316864013672,15.548502922058105
qwen2.5-7b,C,13,14,R_control,R_control,-4.0,4.0,-2.0886199474334717,-2.1844525039196014,-1.9975103348493577,-0.5376000106334686,7.804995536804199,1.9509589672088623,1.9675198048353195,0.9915828864412151,-13.069316864013672,13.767318725585938
qwen2.5-7b,C,13,14,R_control,R_role,-4.0,4.0,0.08218788355588913,0.06867023594677449,0.09600762333720922,0.04720000922679901,7.804995536804199,1.9509589672088623,1.9675198048353195,0.9915828864412151,-13.069316864013672,21.346614837646484
qwen2.5-7b,C,13,20,R_control,R_harm,-4.0,4.0,-0.44538772106170654,-0.5526940166950226,-0.34363684430718433,-0.09119999408721924,7.804995536804199,1.9509589672088623,1.9675198048353195,0.9915828864412151,-13.069316864013672,60.964229583740234
qwen2.5-7b,C,13,20,R_control,R_control,-4.0,4.0,-0.48513248562812805,-0.5859473541378974,-0.392171373218298,-0.7164000272750854,7.804995536804199,1.9509589672088623,1.9675198048353195,0.9915828864412151,-13.069316864013672,73.20159149169922
qwen2.5-7b,C,13,20,R_control,R_role,-4.0,4.0,0.28931725025177,0.2479672275483608,0.3317826516926288,-0.2852000296115875,7.804995536804199,1.9509589672088623,1.9675198048353195,0.9915828864412151,-13.069316864013672,32.73752212524414
qwen2.5-7b,C,13,27,R_control,R_harm,-4.0,4.0,-0.5376303195953369,-0.6481948211789131,-0.4356543779373169,-0.1924000382423401,7.804995536804199,1.9509589672088623,1.9675198048353195,0.9915828864412151,-13.069316864013672,206.79986572265625
qwen2.5-7b,C,13,27,R_control,R_control,-4.0,4.0,-0.48210209608078003,-0.5740033745765686,-0.3966620624065399,-0.6064000129699707,7.804995536804199,1.9509589672088623,1.9675198048353195,0.9915828864412151,-13.069316864013672,256.7321472167969
qwen2.5-7b,C,13,27,R_control,R_role,-4.0,4.0,0.38760992884635925,0.3115717522799969,0.466577734798193,0.10280001163482666,7.804995536804199,1.9509589672088623,1.9675198048353195,0.9915828864412151,-13.069316864013672,98.78836059570312
qwen2.5-7b,C,13,14,R_role,R_harm,0.25,0.25,-0.11201412975788116,-0.11415158733725547,-0.10971415694803,0.0003999471664428711,0.08442789316177368,0.1285104900598526,0.008624289417639375,14.900994602176542,0.12529297173023224,15.548502922058105
qwen2.5-7b,C,13,14,R_role,R_control,0.25,0.25,-0.04898323491215706,-0.05319359004497528,-0.045043347682803866,-0.010399997234344482,0.08442789316177368,0.1285104900598526,0.008624289417639375,14.900994602176542,0.12529297173023224,13.767318725585938
qwen2.5-7b,C,13,14,R_role,R_role,0.25,0.25,0.24606795608997345,0.24368820562958718,0.2483339324593544,-0.010399997234344482,0.08442789316177368,0.1285104900598526,0.008624289417639375,14.900994602176542,0.12529297173023224,21.346614837646484
qwen2.5-7b,C,13,20,R_role,R_harm,0.25,0.25,-0.011967840604484081,-0.022197859128937125,-0.0023431697569321853,-0.004800021648406982,0.08442789316177368,0.1285104900598526,0.008624289417639375,14.900994602176542,0.12529297173023224,60.964229583740234
qwen2.5-7b,C,13,20,R_role,R_control,0.25,0.25,0.006204317323863506,-0.001875166269019246,0.013884388236328956,-0.022000014781951904,0.08442789316177368,0.1285104900598526,0.008624289417639375,14.900994602176542,0.12529297173023224,73.20159149169922
qwen2.5-7b,C,13,20,R_role,R_role,0.25,0.25,0.15752241015434265,0.1490378625690937,0.16638530232012272,0.0252000093460083,0.08442789316177368,0.1285104900598526,0.008624289417639375,14.900994602176542,0.12529297173023224,32.73752212524414
qwen2.5-7b,C,13,27,R_role,R_harm,0.25,0.25,-0.024026617407798767,-0.03255326505750418,-0.016007455158978702,-0.003600001335144043,0.08442789316177368,0.1285104900598526,0.008624289417639375,14.900994602176542,0.12529297173023224,206.79986572265625
qwen2.5-7b,C,13,27,R_role,R_control,0.25,0.25,0.0018390495097264647,-0.0050997906713746485,0.008243117039091877,-0.0196000337600708,0.08442789316177368,0.1285104900598526,0.008624289417639375,14.900994602176542,0.12529297173023224,256.7321472167969
qwen2.5-7b,C,13,27,R_role,R_role,0.25,0.25,0.14243145287036896,0.12388915456831455,0.16080664955079552,0.05640000104904175,0.08442789316177368,0.1285104900598526,0.008624289417639375,14.900994602176542,0.12529297173023224,98.78836059570312
qwen2.5-7b,C,13,14,R_role,R_harm,-0.25,0.25,0.10835010558366776,0.10644273571670056,0.11024792287498712,-0.0004000067710876465,0.06878456473350525,0.08678808808326721,0.008624289417639375,10.063216095897522,-0.14558593928813934,15.548502922058105
qwen2.5-7b,C,13,14,R_role,R_control,-0.25,0.25,0.05146418884396553,0.048665535543113946,0.054364253859966995,0.0067999958992004395,0.06878456473350525,0.08678808808326721,0.008624289417639375,10.063216095897522,-0.14558593928813934,13.767318725585938
qwen2.5-7b,C,13,14,R_role,R_role,-0.25,0.25,-0.24092908203601837,-0.24286915138363838,-0.23897418417036534,-0.0015999972820281982,0.06878456473350525,0.08678808808326721,0.008624289417639375,10.063216095897522,-0.14558593928813934,21.346614837646484
qwen2.5-7b,C,13,20,R_role,R_harm,-0.25,0.25,0.010057712905108929,0.0015686150640249253,0.01913488563150167,0.00279998779296875,0.06878456473350525,0.08678808808326721,0.008624289417639375,10.063216095897522,-0.14558593928813934,60.964229583740234
qwen2.5-7b,C,13,20,R_role,R_control,-0.25,0.25,-0.004050398711115122,-0.010912238992750645,0.0035457141231745428,0.012799978256225586,0.06878456473350525,0.08678808808326721,0.008624289417639375,10.063216095897522,-0.14558593928813934,73.20159149169922
qwen2.5-7b,C,13,20,R_role,R_role,-0.25,0.25,-0.13297885656356812,-0.14016266353428364,-0.12608309760689734,-0.018800020217895508,0.06878456473350525,0.08678808808326721,0.008624289417639375,10.063216095897522,-0.14558593928813934,32.73752212524414
qwen2.5-7b,C,13,27,R_role,R_harm,-0.25,0.25,0.021140286698937416,0.014189835009165108,0.02888998510316013,0.0031999945640563965,0.06878456473350525,0.08678808808326721,0.008624289417639375,10.063216095897522,-0.14558593928813934,206.79986572265625
qwen2.5-7b,C,13,27,R_role,R_control,-0.25,0.25,-0.004898310173302889,-0.010761208250187337,0.0017283372231759117,0.01919996738433838,0.06878456473350525,0.08678808808326721,0.008624289417639375,10.063216095897522,-0.14558593928813934,256.7321472167969
qwen2.5-7b,C,13,27,R_role,R_role,-0.25,0.25,-0.1360352486371994,-0.1529423788189888,-0.12013682052493095,-0.0543999969959259,0.06878456473350525,0.08678808808326721,0.008624289417639375,10.063216095897522,-0.14558593928813934,98.78836059570312
qwen2.5-7b,C,13,14,R_role,R_harm,0.5,0.5,-0.2259027659893036,-0.2308698084205389,-0.22045612037181855,0.0003999471664428711,0.45162197947502136,0.535291314125061,0.029921111650764942,17.89008778727565,0.09068359434604645,15.548502922058105
qwen2.5-7b,C,13,14,R_role,R_control,0.5,0.5,-0.0962960422039032,-0.10613063536584377,-0.0869142146781087,-0.02039998769760132,0.45162197947502136,0.535291314125061,0.029921111650764942,17.89008778727565,0.09068359434604645,13.767318725585938
qwen2.5-7b,C,13,14,R_role,R_role,0.5,0.5,0.49482476711273193,0.4896325573325157,0.4996535286307335,-0.019199997186660767,0.45162197947502136,0.535291314125061,0.029921111650764942,17.89008778727565,0.09068359434604645,21.346614837646484
qwen2.5-7b,C,13,20,R_role,R_harm,0.5,0.5,-0.02863147109746933,-0.04828997030854225,-0.009373851143755019,-0.008800029754638672,0.45162197947502136,0.535291314125061,0.029921111650764942,17.89008778727565,0.09068359434604645,60.964229583740234
qwen2.5-7b,C,13,20,R_role,R_control,0.5,0.5,0.01325053907930851,-0.002749844011850655,0.0283123870845884,-0.040400028228759766,0.45162197947502136,0.535291314125061,0.029921111650764942,17.89008778727565,0.09068359434604645,73.20159149169922
qwen2.5-7b,C,13,20,R_role,R_role,0.5,0.5,0.3440534472465515,0.3255613587796688,0.3636155389249325,0.04559999704360962,0.45162197947502136,0.535291314125061,0.029921111650764942,17.89008778727565,0.09068359434604645,32.73752212524414
qwen2.5-7b,C,13,27,R_role,R_harm,0.5,0.5,-0.05213022232055664,-0.07032990902662277,-0.03555943490937352,-0.008800029754638672,0.45162197947502136,0.535291314125061,0.029921111650764942,17.89008778727565,0.09068359434604645,206.79986572265625
qwen2.5-7b,C,13,27,R_role,R_control,0.5,0.5,0.0004674228257499635,-0.01306531117297709,0.013362778141163286,-0.041600048542022705,0.45162197947502136,0.535291314125061,0.029921111650764942,17.89008778727565,0.09068359434604645,256.7321472167969
qwen2.5-7b,C,13,27,R_role,R_role,0.5,0.5,0.29179802536964417,0.25511289983987806,0.3284762501716614,0.09920001029968262,0.45162197947502136,0.535291314125061,0.029921111650764942,17.89008778727565,0.09068359434604645,98.78836059570312
qwen2.5-7b,C,13,14,R_role,R_harm,-0.5,0.5,0.21319471299648285,0.20917782559990883,0.21732814833521844,-0.0004000067710876465,0.27293336391448975,0.30091041326522827,0.029921111650764942,10.056792567649651,-0.2042578160762787,15.548502922058105
qwen2.5-7b,C,13,14,R_role,R_control,-0.5,0.5,0.10480234771966934,0.10014400351792574,0.10956030581146478,0.013199985027313232,0.27293336391448975,0.30091041326522827,0.029921111650764942,10.056792567649651,-0.2042578160762787,13.767318725585938
qwen2.5-7b,C,13,14,R_role,R_role,-0.5,0.5,-0.47539329528808594,-0.4789737656712532,-0.47175940647721293,0.0020000040531158447,0.27293336391448975,0.30091041326522827,0.029921111650764942,10.056792567649651,-0.2042578160762787,21.346614837646484
qwen2.5-7b,C,13,20,R_role,R_harm,-0.5,0.5,0.01995050348341465,0.004292553768027574,0.03586913114413619,0.0031999945640563965,0.27293336391448975,0.30091041326522827,0.029921111650764942,10.056792567649651,-0.2042578160762787,60.964229583740234
qwen2.5-7b,C,13,20,R_role,R_control,-0.5,0.5,-0.006105854641646147,-0.01899664429947734,0.00724268922349438,0.022399961948394775,0.27293336391448975,0.30091041326522827,0.029921111650764942,10.056792567649651,-0.2042578160762787,73.20159149169922
qwen2.5-7b,C,13,20,R_role,R_role,-0.5,0.5,-0.24832111597061157,-0.26053932383656503,-0.23665717430412772,-0.03200000524520874,0.27293336391448975,0.30091041326522827,0.029921111650764942,10.056792567649651,-0.2042578160762787,32.73752212524414
qwen2.5-7b,C,13,27,R_role,R_harm,-0.5,0.5,0.04177636653184891,0.02809134777635336,0.056326699350029215,0.007600009441375732,0.27293336391448975,0.30091041326522827,0.029921111650764942,10.056792567649651,-0.2042578160762787,206.79986572265625
qwen2.5-7b,C,13,27,R_role,R_control,-0.5,0.5,-0.011773097328841686,-0.022494150791317225,0.000694651639787479,0.033199965953826904,0.27293336391448975,0.30091041326522827,0.029921111650764942,10.056792567649651,-0.2042578160762787,256.7321472167969
qwen2.5-7b,C,13,27,R_role,R_role,-0.5,0.5,-0.2727862298488617,-0.30136739537119867,-0.24375022985041142,-0.0828000009059906,0.27293336391448975,0.30091041326522827,0.029921111650764942,10.056792567649651,-0.2042578160762787,98.78836059570312
qwen2.5-7b,C,13,14,R_role,R_harm,1.0,1.0,-0.4468713402748108,-0.4593774743378162,-0.4332609809935093,0.0003999471664428711,1.6397286653518677,2.0887842178344727,0.12376473005861044,16.87705549751776,0.01810546964406967,15.548502922058105
qwen2.5-7b,C,13,14,R_role,R_control,1.0,1.0,-0.18949274718761444,-0.21298622600734235,-0.16719151362776757,-0.050000011920928955,1.6397286653518677,2.0887842178344727,0.12376473005861044,16.87705549751776,0.01810546964406967,13.767318725585938
qwen2.5-7b,C,13,14,R_role,R_role,1.0,1.0,0.9779090881347656,0.9664971500635147,0.9881438985466957,-0.035599999129772186,1.6397286653518677,2.0887842178344727,0.12376473005861044,16.87705549751776,0.01810546964406967,21.346614837646484
qwen2.5-7b,C,13,20,R_role,R_harm,1.0,1.0,-0.0987108051776886,-0.1372716724872589,-0.06426350306719542,-0.013599991798400879,1.6397286653518677,2.0887842178344727,0.12376473005861044,16.87705549751776,0.01810546964406967,60.964229583740234
qwen2.5-7b,C,13,20,R_role,R_control,1.0,1.0,0.0021618627943098545,-0.030997100053355098,0.03210390955209731,-0.07680004835128784,1.6397286653518677,2.0887842178344727,0.12376473005861044,16.87705549751776,0.01810546964406967,73.20159149169922
qwen2.5-7b,C,13,20,R_role,R_role,1.0,1.0,0.7452970147132874,0.7075848832726479,0.7827824860811233,0.05519998073577881,1.6397286653518677,2.0887842178344727,0.12376473005861044,16.87705549751776,0.01810546964406967,32.73752212524414
qwen2.5-7b,C,13,27,R_role,R_harm,1.0,1.0,-0.12186228483915329,-0.15591606236994265,-0.08919659517705444,-0.02120000123977661,1.6397286653518677,2.0887842178344727,0.12376473005861044,16.87705549751776,0.01810546964406967,206.79986572265625
qwen2.5-7b,C,13,27,R_role,R_control,1.0,1.0,-0.021363377571105957,-0.04880220415070653,0.004234944691415872,-0.06560003757476807,1.6397286653518677,2.0887842178344727,0.12376473005861044,16.87705549751776,0.01810546964406967,256.7321472167969
qwen2.5-7b,C,13,27,R_role,R_role,1.0,1.0,0.5742320418357849,0.5068369314074517,0.6444504633545876,0.09560000896453857,1.6397286653518677,2.0887842178344727,0.12376473005861044,16.87705549751776,0.01810546964406967,98.78836059570312
qwen2.5-7b,C,13,14,R_role,R_harm,-1.0,1.0,0.40685054659843445,0.3980223976075649,0.41541874781250954,-0.0012000203132629395,0.759227454662323,0.9020496606826782,0.12376473005861044,7.288422640727294,0.08693359047174454,15.548502922058105
qwen2.5-7b,C,13,14,R_role,R_control,-1.0,1.0,0.21335984766483307,0.20564345940947532,0.22121608257293698,0.022800028324127197,0.759227454662323,0.9020496606826782,0.12376473005861044,7.288422640727294,0.08693359047174454,13.767318725585938
qwen2.5-7b,C,13,14,R_role,R_role,-1.0,1.0,-0.9169233441352844,-0.9228219851851464,-0.9111941263079644,0.0012000054121017456,0.759227454662323,0.9020496606826782,0.12376473005861044,7.288422640727294,0.08693359047174454,21.346614837646484
qwen2.5-7b,C,13,20,R_role,R_harm,-1.0,1.0,0.04254527390003204,0.014627363299950957,0.07192290015518665,0.00839996337890625,0.759227454662323,0.9020496606826782,0.12376473005861044,7.288422640727294,0.08693359047174454,60.964229583740234
qwen2.5-7b,C,13,20,R_role,R_control,-1.0,1.0,-0.0025510722771286964,-0.024043487990275024,0.02022211393341421,0.03799998760223389,0.759227454662323,0.9020496606826782,0.12376473005861044,7.288422640727294,0.08693359047174454,73.20159149169922
qwen2.5-7b,C,13,20,R_role,R_role,-1.0,1.0,-0.4447389543056488,-0.4652959629893303,-0.4254695393145084,-0.04760003089904785,0.759227454662323,0.9020496606826782,0.12376473005861044,7.288422640727294,0.08693359047174454,32.73752212524414
qwen2.5-7b,C,13,27,R_role,R_harm,-1.0,1.0,0.07297568023204803,0.04865902438759804,0.10006228722631931,0.007999956607818604,0.759227454662323,0.9020496606826782,0.12376473005861044,7.288422640727294,0.08693359047174454,206.79986572265625
qwen2.5-7b,C,13,27,R_role,R_control,-1.0,1.0,-0.03204180672764778,-0.05035663591697812,-0.011687708599492912,0.04719996452331543,0.759227454662323,0.9020496606826782,0.12376473005861044,7.288422640727294,0.08693359047174454,256.7321472167969
qwen2.5-7b,C,13,27,R_role,R_role,-1.0,1.0,-0.5180922746658325,-0.5646623462438584,-0.4706097632646561,-0.12080000340938568,0.759227454662323,0.9020496606826782,0.12376473005861044,7.288422640727294,0.08693359047174454,98.78836059570312
qwen2.5-7b,C,13,14,R_role,R_harm,2.0,2.0,-0.8188939094543457,-0.8488206714391708,-0.7892634093761445,0.001199960708618164,3.8069069385528564,4.343769073486328,0.4996964856982231,8.692814934283165,-1.619785189628601,15.548502922058105
qwen2.5-7b,C,13,14,R_role,R_control,2.0,2.0,-0.39374884963035583,-0.43668689429759977,-0.3509976238012314,-0.07599997520446777,3.8069069385528564,4.343769073486328,0.4996964856982231,8.692814934283165,-1.619785189628601,13.767318725585938
qwen2.5-7b,C,13,14,R_role,R_role,2.0,2.0,1.8320863246917725,1.8129470378160477,1.8498039931058883,-0.05679999850690365,3.8069069385528564,4.343769073486328,0.4996964856982231,8.692814934283165,-1.619785189628601,21.346614837646484
qwen2.5-7b,C,13,20,R_role,R_harm,2.0,2.0,-0.2670174241065979,-0.3428179003298283,-0.19600844979286197,-0.01759999990463257,3.8069069385528564,4.343769073486328,0.4996964856982231,8.692814934283165,-1.619785189628601,60.964229583740234
qwen2.5-7b,C,13,20,R_role,R_control,2.0,2.0,-0.08892402797937393,-0.15659321770071982,-0.024313581502065067,-0.15560001134872437,3.8069069385528564,4.343769073486328,0.4996964856982231,8.692814934283165,-1.619785189628601,73.20159149169922
qwen2.5-7b,C,13,20,R_role,R_role,2.0,2.0,1.1630527973175049,1.1129260987043381,1.212704274058342,-0.20640000700950623,3.8069069385528564,4.343769073486328,0.4996964856982231,8.692814934283165,-1.619785189628601,32.73752212524414
qwen2.5-7b,C,13,27,R_role,R_harm,2.0,2.0,-0.27003800868988037,-0.33574825450778006,-0.208787639439106,-0.04000002145767212,3.8069069385528564,4.343769073486328,0.4996964856982231,8.692814934283165,-1.619785189628601,206.79986572265625
qwen2.5-7b,C,13,27,R_role,R_control,2.0,2.0,-0.1256243735551834,-0.17929677590727805,-0.07571918182075024,-0.09000003337860107,3.8069069385528564,4.343769073486328,0.4996964856982231,8.692814934283165,-1.619785189628601,256.7321472167969
qwen2.5-7b,C,13,27,R_role,R_role,2.0,2.0,0.8554800152778625,0.7497400343418121,0.9605890810489655,0.12360000610351562,3.8069069385528564,4.343769073486328,0.4996964856982231,8.692814934283165,-1.619785189628601,98.78836059570312
qwen2.5-7b,C,13,14,R_role,R_harm,-2.0,2.0,0.74953293800354,0.731000603735447,0.767537672817707,-0.0012000203132629395,1.1387457847595215,1.5633764266967773,0.4996964856982231,3.1286520346691655,1.2619335651397705,15.548502922058105
qwen2.5-7b,C,13,14,R_role,R_control,-2.0,2.0,0.4290774166584015,0.41241946518421174,0.44446081221103667,0.02240002155303955,1.1387457847595215,1.5633764266967773,0.4996964856982231,3.1286520346691655,1.2619335651397705,13.767318725585938
qwen2.5-7b,C,13,14,R_role,R_role,-2.0,2.0,-1.718324899673462,-1.727129527926445,-1.709910809993744,0.0007999986410140991,1.1387457847595215,1.5633764266967773,0.4996964856982231,3.1286520346691655,1.2619335651397705,21.346614837646484
qwen2.5-7b,C,13,20,R_role,R_harm,-2.0,2.0,0.08771820366382599,0.046046684682369235,0.12830217443406583,0.009999990463256836,1.1387457847595215,1.5633764266967773,0.4996964856982231,3.1286520346691655,1.2619335651397705,60.964229583740234
qwen2.5-7b,C,13,20,R_role,R_control,-2.0,2.0,0.023751432076096535,-0.009463833644986153,0.0570556743070483,0.04399996995925903,1.1387457847595215,1.5633764266967773,0.4996964856982231,3.1286520346691655,1.2619335651397705,73.20159149169922
qwen2.5-7b,C,13,20,R_role,R_role,-2.0,2.0,-0.7449643611907959,-0.7790077045559883,-0.7132280379533769,-0.11920002102851868,1.1387457847595215,1.5633764266967773,0.4996964856982231,3.1286520346691655,1.2619335651397705,32.73752212524414
qwen2.5-7b,C,13,27,R_role,R_harm,-2.0,2.0,0.09289093315601349,0.057378708757460116,0.13057261854410165,0.0051999688148498535,1.1387457847595215,1.5633764266967773,0.4996964856982231,3.1286520346691655,1.2619335651397705,206.79986572265625
qwen2.5-7b,C,13,27,R_role,R_control,-2.0,2.0,-0.09081219881772995,-0.11751382872462272,-0.06181311560794714,0.05519998073577881,1.1387457847595215,1.5633764266967773,0.4996964856982231,3.1286520346691655,1.2619335651397705,256.7321472167969
qwen2.5-7b,C,13,27,R_role,R_role,-2.0,2.0,-0.9219895005226135,-0.9903657823801041,-0.8516234487295152,-0.18359999358654022,1.1387457847595215,1.5633764266967773,0.4996964856982231,3.1286520346691655,1.2619335651397705,98.78836059570312
qwen2.5-7b,C,13,14,R_role,R_harm,4.0,4.0,-1.4189015626907349,-1.459421345591545,-1.3792439162731172,0.001199960708618164,8.862663269042969,6.9954023361206055,1.9675198048353195,3.5554418913237407,-8.153691291809082,15.548502922058105
qwen2.5-7b,C,13,14,R_role,R_control,4.0,4.0,-0.8208705186843872,-0.8727942496538162,-0.769585931301117,-0.04519999027252197,8.862663269042969,6.9954023361206055,1.9675198048353195,3.5554418913237407,-8.153691291809082,13.767318725585938
qwen2.5-7b,C,13,14,R_role,R_role,4.0,4.0,3.328076124191284,3.3063161611557006,3.3479662775993346,-0.06079999729990959,8.862663269042969,6.9954023361206055,1.9675198048353195,3.5554418913237407,-8.153691291809082,21.346614837646484
qwen2.5-7b,C,13,20,R_role,R_harm,4.0,4.0,-0.3789609968662262,-0.48821287751197817,-0.27381554394960406,0.007200002670288086,8.862663269042969,6.9954023361206055,1.9675198048353195,3.5554418913237407,-8.153691291809082,60.964229583740234
qwen2.5-7b,C,13,20,R_role,R_control,4.0,4.0,-0.05776352062821388,-0.14865198880434036,0.02789026824757456,-0.42080003023147583,8.862663269042969,6.9954023361206055,1.9675198048353195,3.5554418913237407,-8.153691291809082,73.20159149169922
qwen2.5-7b,C,13,20,R_role,R_role,4.0,4.0,1.6874934434890747,1.6343431413173675,1.741580006480217,-0.44120001792907715,8.862663269042969,6.9954023361206055,1.9675198048353195,3.5554418913237407,-8.153691291809082,32.73752212524414
qwen2.5-7b,C,13,27,R_role,R_harm,4.0,4.0,-0.4549901485443115,-0.5642858892679214,-0.352293248474598,-0.051200032234191895,8.862663269042969,6.9954023361206055,1.9675198048353195,3.5554418913237407,-8.153691291809082,206.79986572265625
qwen2.5-7b,C,13,27,R_role,R_control,4.0,4.0,-0.19989244639873505,-0.2823510468006134,-0.12315467242151502,-0.26080000400543213,8.862663269042969,6.9954023361206055,1.9675198048353195,3.5554418913237407,-8.153691291809082,256.7321472167969
qwen2.5-7b,C,13,27,R_role,R_role,4.0,4.0,1.0116519927978516,0.9107999488711357,1.1131038576364516,-0.04399999976158142,8.862663269042969,6.9954023361206055,1.9675198048353195,3.5554418913237407,-8.153691291809082,98.78836059570312
qwen2.5-7b,C,13,14,R_role,R_harm,-4.0,4.0,1.3431541919708252,1.313476997613907,1.3728951394557953,-0.0012000203132629395,1.9133694171905518,2.5490496158599854,1.9675198048353195,1.295564908467765,2.4313085079193115,15.548502922058105
qwen2.5-7b,C,13,14,R_role,R_control,-4.0,4.0,0.8277521729469299,0.7968203529715538,0.8576883047819137,0.012000024318695068,1.9133694171905518,2.5490496158599854,1.9675198048353195,1.295564908467765,2.4313085079193115,13.767318725585938
qwen2.5-7b,C,13,14,R_role,R_role,-4.0,4.0,-3.1769216060638428,-3.187488204240799,-3.166487580537796,-0.004799999296665192,1.9133694171905518,2.5490496158599854,1.9675198048353195,1.295564908467765,2.4313085079193115,21.346614837646484
qwen2.5-7b,C,13,20,R_role,R_harm,-4.0,4.0,0.10805308073759079,0.04748639799654484,0.16959067173302173,0.007999956607818604,1.9133694171905518,2.5490496158599854,1.9675198048353195,1.295564908467765,2.4313085079193115,60.964229583740234
qwen2.5-7b,C,13,20,R_role,R_control,-4.0,4.0,0.05267159640789032,0.001348342327401042,0.10325186289846895,0.038799941539764404,1.9133694171905518,2.5490496158599854,1.9675198048353195,1.295564908467765,2.4313085079193115,73.20159149169922
qwen2.5-7b,C,13,20,R_role,R_role,-4.0,4.0,-1.073398470878601,-1.1242644518613816,-1.0232144892215729,-0.48600001633167267,1.9133694171905518,2.5490496158599854,1.9675198048353195,1.295564908467765,2.4313085079193115,32.73752212524414
qwen2.5-7b,C,13,27,R_role,R_harm,-4.0,4.0,-0.07849835604429245,-0.14570373781025409,-0.013029963127337426,0.0,1.9133694171905518,2.5490496158599854,1.9675198048353195,1.295564908467765,2.4313085079193115,206.79986572265625
qwen2.5-7b,C,13,27,R_role,R_control,-4.0,4.0,-0.269182026386261,-0.31989821791648865,-0.2205152526497842,0.03279995918273926,1.9133694171905518,2.5490496158599854,1.9675198048353195,1.295564908467765,2.4313085079193115,256.7321472167969
qwen2.5-7b,C,13,27,R_role,R_role,-4.0,4.0,-1.2107994556427002,-1.3014393955469132,-1.1197998106479645,-0.23799999803304672,1.9133694171905518,2.5490496158599854,1.9675198048353195,1.295564908467765,2.4313085079193115,98.78836059570312
qwen2.5-7b,C,13,14,random,R_harm,0.25,0.25,-0.001328607089817524,-0.002019454643595964,-0.0006681207654764881,-0.0004000067710876465,0.004508243873715401,0.0066762687638401985,0.008624289417639375,0.7741239237849714,0.20714843273162842,15.548502922058105
qwen2.5-7b,C,13,14,random,R_control,0.25,0.25,0.004160814918577671,0.003255305078346282,0.005075090820901095,0.0004000067710876465,0.004508243873715401,0.0066762687638401985,0.008624289417639375,0.7741239237849714,0.20714843273162842,13.767318725585938
qwen2.5-7b,C,13,14,random,R_role,0.25,0.25,0.0023262198083102703,0.001872758220997639,0.0027967020985670385,-0.001999996602535248,0.004508243873715401,0.0066762687638401985,0.008624289417639375,0.7741239237849714,0.20714843273162842,21.346614837646484
qwen2.5-7b,C,13,20,random,R_harm,0.25,0.25,0.00278619397431612,0.0009360470197862014,0.004635239345952867,-0.000800013542175293,0.004508243873715401,0.0066762687638401985,0.008624289417639375,0.7741239237849714,0.20714843273162842,60.964229583740234
qwen2.5-7b,C,13,20,random,R_control,0.25,0.25,0.0068351286463439465,0.0051045171800069514,0.008588675153441725,0.001199960708618164,0.004508243873715401,0.0066762687638401985,0.008624289417639375,0.7741239237849714,0.20714843273162842,73.20159149169922
qwen2.5-7b,C,13,20,random,R_role,0.25,0.25,0.007027400191873312,0.004823855007998645,0.00916844457387924,0.0015999674797058105,0.004508243873715401,0.0066762687638401985,0.008624289417639375,0.7741239237849714,0.20714843273162842,32.73752212524414
qwen2.5-7b,C,13,27,random,R_harm,0.25,0.25,0.003814042778685689,0.0019207095785532147,0.005820740619674323,-0.0004000067710876465,0.004508243873715401,0.0066762687638401985,0.008624289417639375,0.7741239237849714,0.20714843273162842,206.79986572265625
qwen2.5-7b,C,13,27,random,R_control,0.25,0.25,0.006718360353261232,0.004963339329697192,0.008619507402181623,0.0007999539375305176,0.004508243873715401,0.0066762687638401985,0.008624289417639375,0.7741239237849714,0.20714843273162842,256.7321472167969
qwen2.5-7b,C,13,27,random,R_role,0.25,0.25,0.009447210468351841,0.004442628414835781,0.01441775399725884,0.009600013494491577,0.004508243873715401,0.0066762687638401985,0.008624289417639375,0.7741239237849714,0.20714843273162842,98.78836059570312
qwen2.5-7b,C,13,14,random,R_harm,-0.25,0.25,-0.0005484921857714653,-0.0013822816516039893,0.0002602770691737531,-0.0004000067710876465,0.004145785700529814,0.00529776094481349,0.008624289417639375,0.614283761625382,-0.2129492163658142,15.548502922058105
qwen2.5-7b,C,13,14,random,R_control,-0.25,0.25,-0.003376438980922103,-0.004398457973729819,-0.0023709028377197684,0.0,0.004145785700529814,0.00529776094481349,0.008624289417639375,0.614283761625382,-0.2129492163658142,13.767318725585938
qwen2.5-7b,C,13,14,random,R_role,-0.25,0.25,-0.0011133758816868067,-0.001567105547292158,-0.0006607289498788307,0.0007999986410140991,0.004145785700529814,0.00529776094481349,0.008624289417639375,0.614283761625382,-0.2129492163658142,21.346614837646484
qwen2.5-7b,C,13,20,random,R_harm,-0.25,0.25,-0.003478060942143202,-0.0055506525677628815,-0.0015435782755957922,-0.000800013542175293,0.004145785700529814,0.00529776094481349,0.008624289417639375,0.614283761625382,-0.2129492163658142,60.964229583740234
qwen2.5-7b,C,13,20,random,R_control,-0.25,0.25,-0.007678851950913668,-0.009693521144799887,-0.005824351217597725,-0.004800021648406982,0.004145785700529814,0.00529776094481349,0.008624289417639375,0.614283761625382,-0.2129492163658142,73.20159149169922
qwen2.5-7b,C,13,20,random,R_role,-0.25,0.25,-0.005764225497841835,-0.008273572148755192,-0.0034527138574048885,-0.005600035190582275,0.004145785700529814,0.00529776094481349,0.008624289417639375,0.614283761625382,-0.2129492163658142,32.73752212524414
qwen2.5-7b,C,13,27,random,R_harm,-0.25,0.25,-0.003882590215653181,-0.006136040983255953,-0.0017420881602447484,-0.000800013542175293,0.004145785700529814,0.00529776094481349,0.008624289417639375,0.614283761625382,-0.2129492163658142,206.79986572265625
qwen2.5-7b,C,13,27,random,R_control,-0.25,0.25,-0.00800854992121458,-0.010234275064431132,-0.005974809569306675,-0.0012000203132629395,0.004145785700529814,0.00529776094481349,0.008624289417639375,0.614283761625382,-0.2129492163658142,256.7321472167969
qwen2.5-7b,C,13,27,random,R_role,-0.25,0.25,-0.01255500316619873,-0.017457660287618637,-0.007515829894691709,-0.015199989080429077,0.004145785700529814,0.00529776094481349,0.008624289417639375,0.614283761625382,-0.2129492163658142,98.78836059570312
qwen2.5-7b,C,13,14,random,R_harm,0.5,0.5,-0.0035770691465586424,-0.004748615494463593,-0.0024404979485552767,-0.0004000067710876465,0.015157916583120823,0.022681089118123055,0.029921111650764942,0.7580296274701814,0.36373046040534973,15.548502922058105
qwen2.5-7b,C,13,14,random,R_control,0.5,0.5,0.009196208789944649,0.007680226396769285,0.010697963484562933,0.000800013542175293,0.015157916583120823,0.022681089118123055,0.029921111650764942,0.7580296274701814,0.36373046040534973,13.767318725585938
qwen2.5-7b,C,13,14,random,R_role,0.5,0.5,0.004152904264628887,0.0033975335711147634,0.004922504827845842,-0.0031999945640563965,0.015157916583120823,0.022681089118123055,0.029921111650764942,0.7580296274701814,0.36373046040534973,21.346614837646484
qwen2.5-7b,C,13,20,random,R_harm,0.5,0.5,0.004740891046822071,0.0017320901795756071,0.007929212343879041,-0.0004000067710876465,0.015157916583120823,0.022681089118123055,0.029921111650764942,0.7580296274701814,0.36373046040534973,60.964229583740234
qwen2.5-7b,C,13,20,random,R_control,0.5,0.5,0.012732766568660736,0.009883830905891955,0.01570103308185935,0.0015999674797058105,0.015157916583120823,0.022681089118123055,0.029921111650764942,0.7580296274701814,0.36373046040534973,73.20159149169922
qwen2.5-7b,C,13,20,random,R_role,0.5,0.5,0.015352037735283375,0.01119110973086208,0.01969983028247952,0.0051999688148498535,0.015157916583120823,0.022681089118123055,0.029921111650764942,0.7580296274701814,0.36373046040534973,32.73752212524414
qwen2.5-7b,C,13,27,random,R_harm,0.5,0.5,0.006211892236024141,0.003366346616530791,0.00938948846887797,-0.0004000067710876465,0.015157916583120823,0.022681089118123055,0.029921111650764942,0.7580296274701814,0.36373046040534973,206.79986572265625
qwen2.5-7b,C,13,27,random,R_control,0.5,0.5,0.011554267257452011,0.008771002222783864,0.014641536120325324,0.0023999810218811035,0.015157916583120823,0.022681089118123055,0.029921111650764942,0.7580296274701814,0.36373046040534973,256.7321472167969
qwen2.5-7b,C,13,27,random,R_role,0.5,0.5,0.018451493233442307,0.009429022250697017,0.027377250650897605,0.02279999852180481,0.015157916583120823,0.022681089118123055,0.029921111650764942,0.7580296274701814,0.36373046040534973,98.78836059570312
qwen2.5-7b,C,13,14,random,R_harm,-0.5,0.5,-0.002361787250265479,-0.004074500838760287,-0.0006575470659299763,-0.0004000067710876465,0.014180222526192665,0.01625305786728859,0.029921111650764942,0.5431969927117689,-0.4524804651737213,15.548502922058105
qwen2.5-7b,C,13,14,random,R_control,-0.5,0.5,-0.006185593083500862,-0.008431376866064965,-0.003987955721095205,-0.000800013542175293,0.014180222526192665,0.01625305786728859,0.029921111650764942,0.5431969927117689,-0.4524804651737213,13.767318725585938
qwen2.5-7b,C,13,14,random,R_role,-0.5,0.5,-0.0009696975466795266,-0.0017865582049125805,-0.0001619269063667162,0.0007999986410140991,0.014180222526192665,0.01625305786728859,0.029921111650764942,0.5431969927117689,-0.4524804651737213,21.346614837646484
qwen2.5-7b,C,13,20,random,R_harm,-0.5,0.5,-0.007688759360462427,-0.012265223520807922,-0.0035012238950002947,-0.0012000203132629395,0.014180222526192665,0.01625305786728859,0.029921111650764942,0.5431969927117689,-0.4524804651737213,60.964229583740234
qwen2.5-7b,C,13,20,random,R_control,-0.5,0.5,-0.015436388552188873,-0.0197354550473392,-0.011462863814085724,-0.008000016212463379,0.014180222526192665,0.01625305786728859,0.029921111650764942,0.5431969927117689,-0.4524804651737213,73.20159149169922
qwen2.5-7b,C,13,20,random,R_role,-0.5,0.5,-0.007771687116473913,-0.012435596925206483,-0.003522767685353757,-0.010399997234344482,0.014180222526192665,0.01625305786728859,0.029921111650764942,0.5431969927117689,-0.4524804651737213,32.73752212524414
qwen2.5-7b,C,13,27,random,R_harm,-0.5,0.5,-0.008736546151340008,-0.01324504087679088,-0.004489069012925029,-0.0012000203132629395,0.014180222526192665,0.01625305786728859,0.029921111650764942,0.5431969927117689,-0.4524804651737213,206.79986572265625
qwen2.5-7b,C,13,27,random,R_control,-0.5,0.5,-0.01712176203727722,-0.02169817709363997,-0.013006461854092785,-0.0031999945640563965,0.014180222526192665,0.01625305786728859,0.029921111650764942,0.5431969927117689,-0.4524804651737213,256.7321472167969
qwen2.5-7b,C,13,27,random,R_role,-0.5,0.5,-0.024451270699501038,-0.0340606520883739,-0.014661222975701115,-0.036799997091293335,0.014180222526192665,0.01625305786728859,0.029921111650764942,0.5431969927117689,-0.4524804651737213,98.78836059570312
qwen2.5-7b,C,13,14,random,R_harm,1.0,1.0,-0.012992199510335922,-0.015499458415433764,-0.01054803445003927,0.0,0.056897178292274475,0.09155692160129547,0.12376473005861044,0.7397658570251595,0.6609179973602295,15.548502922058105
qwen2.5-7b,C,13,14,random,R_control,1.0,1.0,0.02089344710111618,0.017447505611926317,0.023995353560894727,0.0023999810218811035,0.056897178292274475,0.09155692160129547,0.12376473005861044,0.7397658570251595,0.6609179973602295,13.767318725585938
qwen2.5-7b,C,13,14,random,R_role,1.0,1.0,0.010630146600306034,0.009064108389429748,0.012127620982937513,-0.009199999272823334,0.056897178292274475,0.09155692160129547,0.12376473005861044,0.7397658570251595,0.6609179973602295,21.346614837646484
qwen2.5-7b,C,13,20,random,R_harm,1.0,1.0,0.007340522017329931,0.0023116075491998347,0.012914031068794426,0.0004000067710876465,0.056897178292274475,0.09155692160129547,0.12376473005861044,0.7397658570251595,0.6609179973602295,60.964229583740234
qwen2.5-7b,C,13,20,random,R_control,1.0,1.0,0.022902531549334526,0.018165208399295807,0.027688642172142862,0.0015999674797058105,0.056897178292274475,0.09155692160129547,0.12376473005861044,0.7397658570251595,0.6609179973602295,73.20159149169922
qwen2.5-7b,C,13,20,random,R_role,1.0,1.0,0.03947916626930237,0.03175703762099147,0.04773709056898951,0.007999956607818604,0.056897178292274475,0.09155692160129547,0.12376473005861044,0.7397658570251595,0.6609179973602295,32.73752212524414
qwen2.5-7b,C,13,27,random,R_harm,1.0,1.0,0.01126389391720295,0.006293919321615249,0.016880551492795347,0.0,0.056897178292274475,0.09155692160129547,0.12376473005861044,0.7397658570251595,0.6609179973602295,206.79986572265625
qwen2.5-7b,C,13,27,random,R_control,1.0,1.0,0.018055172637104988,0.013385629979893565,0.023139556730166076,0.0051999688148498535,0.056897178292274475,0.09155692160129547,0.12376473005861044,0.7397658570251595,0.6609179973602295,256.7321472167969
qwen2.5-7b,C,13,27,random,R_role,1.0,1.0,0.024157123640179634,0.00795947345905006,0.04070909479632973,0.03760001063346863,0.056897178292274475,0.09155692160129547,0.12376473005861044,0.7397658570251595,0.6609179973602295,98.78836059570312
qwen2.5-7b,C,13,14,random,R_harm,-1.0,1.0,-0.00739250797778368,-0.011409252625890076,-0.0034610680246260055,-0.0004000067710876465,0.0664537101984024,0.06353198736906052,0.12376473005861044,0.5133286950084576,-0.9691601395606995,15.548502922058105
qwen2.5-7b,C,13,14,random,R_control,-1.0,1.0,-0.009098480455577374,-0.014501470164395869,-0.003687823767540978,-0.0040000081062316895,0.0664537101984024,0.06353198736906052,0.12376473005861044,0.5133286950084576,-0.9691601395606995,13.767318725585938
qwen2.5-7b,C,13,14,random,R_role,-1.0,1.0,-0.0011142013827338815,-0.002767324371961877,0.0005057203874457621,0.0012000054121017456,0.0664537101984024,0.06353198736906052,0.12376473005861044,0.5133286950084576,-0.9691601395606995,21.346614837646484
qwen2.5-7b,C,13,20,random,R_harm,-1.0,1.0,-0.01966981589794159,-0.03004444083198905,-0.01028134818188847,-0.002400040626525879,0.0664537101984024,0.06353198736906052,0.12376473005861044,0.5133286950084576,-0.9691601395606995,60.964229583740234
qwen2.5-7b,C,13,20,random,R_control,-1.0,1.0,-0.03429531678557396,-0.04430761020630598,-0.025204504001885654,-0.01759999990463257,0.0664537101984024,0.06353198736906052,0.12376473005861044,0.5133286950084576,-0.9691601395606995,73.20159149169922
qwen2.5-7b,C,13,20,random,R_role,-1.0,1.0,-0.010709274560213089,-0.01977896406315267,-0.002084361435845499,-0.024399995803833008,0.0664537101984024,0.06353198736906052,0.12376473005861044,0.5133286950084576,-0.9691601395606995,32.73752212524414
qwen2.5-7b,C,13,27,random,R_harm,-1.0,1.0,-0.023851463571190834,-0.03467687498778105,-0.013860018085688357,-0.0012000203132629395,0.0664537101984024,0.06353198736906052,0.12376473005861044,0.5133286950084576,-0.9691601395606995,206.79986572265625
qwen2.5-7b,C,13,27,random,R_control,-1.0,1.0,-0.041959334164857864,-0.05270523075014353,-0.032460296433419,-0.008400022983551025,0.0664537101984024,0.06353198736906052,0.12376473005861044,0.5133286950084576,-0.9691601395606995,256.7321472167969
qwen2.5-7b,C,13,27,random,R_role,-1.0,1.0,-0.05334312841296196,-0.07134109530597925,-0.03438701909035446,-0.06279999017715454,0.0664537101984024,0.06353198736906052,0.12376473005861044,0.5133286950084576,-0.9691601395606995,98.78836059570312
qwen2.5-7b,C,13,14,random,R_harm,2.0,2.0,-0.04384314641356468,-0.0514280860312283,-0.036690636537969126,0.0,0.2244374305009842,0.371390163898468,0.4996964856982231,0.7432314905707744,1.2331054210662842,15.548502922058105
qwen2.5-7b,C,13,14,random,R_control,2.0,2.0,0.04949934035539627,0.03937819385901094,0.05891291620209813,-0.0015999674797058105,0.2244374305009842,0.371390163898468,0.4996964856982231,0.7432314905707744,1.2331054210662842,13.767318725585938
qwen2.5-7b,C,13,14,random,R_role,2.0,2.0,0.0299934484064579,0.026216018525883556,0.03365300185978413,-0.014399997889995575,0.2244374305009842,0.371390163898468,0.4996964856982231,0.7432314905707744,1.2331054210662842,21.346614837646484
qwen2.5-7b,C,13,20,random,R_harm,2.0,2.0,-0.0018838956020772457,-0.012617298983968794,0.009521757438778877,0.0015999674797058105,0.2244374305009842,0.371390163898468,0.4996964856982231,0.7432314905707744,1.2331054210662842,60.964229583740234
qwen2.5-7b,C,13,20,random,R_control,2.0,2.0,0.03231428191065788,0.02311585727147758,0.042154318932443854,0.003999948501586914,0.2244374305009842,0.371390163898468,0.4996964856982231,0.7432314905707744,1.2331054210662842,73.20159149169922
qwen2.5-7b,C,13,20,random,R_role,2.0,2.0,0.11603802442550659,0.09984054379165172,0.13291994482278824,0.03279995918273926,0.2244374305009842,0.371390163898468,0.4996964856982231,0.7432314905707744,1.2331054210662842,32.73752212524414
qwen2.5-7b,C,13,27,random,R_harm,2.0,2.0,0.006015857681632042,-0.003450823691673577,0.015708757285028692,0.000800013542175293,0.2244374305009842,0.371390163898468,0.4996964856982231,0.7432314905707744,1.2331054210662842,206.79986572265625
qwen2.5-7b,C,13,27,random,R_control,2.0,2.0,0.01318017952144146,0.005775938637088984,0.02058852147310972,0.004799962043762207,0.2244374305009842,0.371390163898468,0.4996964856982231,0.7432314905707744,1.2331054210662842,256.7321472167969
qwen2.5-7b,C,13,27,random,R_role,2.0,2.0,0.01714392378926277,-0.0159393765963614,0.05296964440494776,0.08880001306533813,0.2244374305009842,0.371390163898468,0.4996964856982231,0.7432314905707744,1.2331054210662842,98.78836059570312
qwen2.5-7b,C,13,14,random,R_harm,-2.0,2.0,-0.021885519847273827,-0.03244027160108089,-0.011201276280917232,-0.0004000067710876465,0.4956142008304596,0.2909741699695587,0.4996964856982231,0.5823018137959929,-2.330800771713257,15.548502922058105
qwen2.5-7b,C,13,14,random,R_control,-2.0,2.0,-0.007142307702451944,-0.021097723115235566,0.0067574016982689415,-0.008000016212463379,0.4956142008304596,0.2909741699695587,0.4996964856982231,0.5823018137959929,-2.330800771713257,13.767318725585938
qwen2.5-7b,C,13,14,random,R_role,-2.0,2.0,1.2268489626876544e-05,-0.0038970390916801987,0.0038904668646864587,0.002800002694129944,0.4956142008304596,0.2909741699695587,0.4996964856982231,0.5823018137959929,-2.330800771713257,21.346614837646484
qwen2.5-7b,C,13,20,random,R_harm,-2.0,2.0,-0.06892599910497665,-0.09455194864422083,-0.04594061356037856,-0.008000016212463379,0.4956142008304596,0.2909741699695587,0.4996964856982231,0.5823018137959929,-2.330800771713257,60.964229583740234
qwen2.5-7b,C,13,20,random,R_control,-2.0,2.0,-0.09071798622608185,-0.11529444735497237,-0.0691941907629371,-0.04520004987716675,0.4956142008304596,0.2909741699695587,0.4996964856982231,0.5823018137959929,-2.330800771713257,73.20159149169922
qwen2.5-7b,C,13,20,random,R_role,-2.0,2.0,0.009046440944075584,-0.009708886337466537,0.02807332179509103,-0.09760001301765442,0.4956142008304596,0.2909741699695587,0.4996964856982231,0.5823018137959929,-2.330800771713257,32.73752212524414
qwen2.5-7b,C,13,27,random,R_harm,-2.0,2.0,-0.08023116737604141,-0.1081475380808115,-0.0548378836363554,-0.004400014877319336,0.4956142008304596,0.2909741699695587,0.4996964856982231,0.5823018137959929,-2.330800771713257,206.79986572265625
qwen2.5-7b,C,13,27,random,R_control,-2.0,2.0,-0.11559909582138062,-0.14208944328129292,-0.09135739691555501,-0.03600001335144043,0.4956142008304596,0.2909741699695587,0.4996964856982231,0.5823018137959929,-2.330800771713257,256.7321472167969
qwen2.5-7b,C,13,27,random,R_role,-2.0,2.0,-0.09417428821325302,-0.13279473930597305,-0.05424103597179058,-0.11879999935626984,0.4956142008304596,0.2909741699695587,0.4996964856982231,0.5823018137959929,-2.330800771713257,98.78836059570312
qwen2.5-7b,C,13,14,random,R_harm,4.0,4.0,-0.11259744316339493,-0.1327513910830021,-0.0927472060546279,0.0003999471664428711,1.5496934652328491,2.038180351257324,1.9675198048353195,1.0359135121528897,-0.3086914122104645,15.548502922058105
qwen2.5-7b,C,13,14,random,R_control,4.0,4.0,0.1116662323474884,0.08644908387213945,0.13607088662683964,-0.004400014877319336,1.5496934652328491,2.038180351257324,1.9675198048353195,1.0359135121528897,-0.3086914122104645,13.767318725585938
qwen2.5-7b,C,13,14,random,R_role,4.0,4.0,0.06952548027038574,0.06113825431093574,0.07741553969681263,-0.02759999781847,1.5496934652328491,2.038180351257324,1.9675198048353195,1.0359135121528897,-0.3086914122104645,21.346614837646484
qwen2.5-7b,C,13,20,random,R_harm,4.0,4.0,-0.11615946143865585,-0.1655808612704277,-0.06787434220314029,0.0051999688148498535,1.5496934652328491,2.038180351257324,1.9675198048353195,1.0359135121528897,-0.3086914122104645,60.964229583740234
qwen2.5-7b,C,13,20,random,R_control,4.0,4.0,0.0057179187424480915,-0.03896460868418217,0.05041558714583512,-0.06280004978179932,1.5496934652328491,2.038180351257324,1.9675198048353195,1.0359135121528897,-0.3086914122104645,73.20159149169922
qwen2.5-7b,C,13,20,random,R_role,4.0,4.0,0.36707478761672974,0.32859542593359947,0.40438327267766,-0.12080001831054688,1.5496934652328491,2.038180351257324,1.9675198048353195,1.0359135121528897,-0.3086914122104645,32.73752212524414
qwen2.5-7b,C,13,27,random,R_harm,4.0,4.0,-0.15127867460250854,-0.19118608944118023,-0.1114135464653373,0.0051999688148498535,1.5496934652328491,2.038180351257324,1.9675198048353195,1.0359135121528897,-0.3086914122104645,206.79986572265625
qwen2.5-7b,C,13,27,random,R_control,4.0,4.0,-0.08431372791528702,-0.11832634080201387,-0.050068141706287886,-0.013200044631958008,1.5496934652328491,2.038180351257324,1.9675198048353195,1.0359135121528897,-0.3086914122104645,256.7321472167969
qwen2.5-7b,C,13,27,random,R_role,4.0,4.0,0.0842980220913887,0.01505627310834825,0.15490198284387585,0.09920001029968262,1.5496934652328491,2.038180351257324,1.9675198048353195,1.0359135121528897,-0.3086914122104645,98.78836059570312
qwen2.5-7b,C,13,14,random,R_harm,-4.0,4.0,-0.04399588704109192,-0.0687502583488822,-0.01969256177544599,-0.0012000203132629395,2.5987708568573,2.257033348083496,1.9675198048353195,1.147146444237398,-6.496191501617432,15.548502922058105
qwen2.5-7b,C,13,14,random,R_control,-4.0,4.0,0.002751875203102827,-0.028442370565608145,0.03223267504945397,-0.01840001344680786,2.5987708568573,2.257033348083496,1.9675198048353195,1.147146444237398,-6.496191501617432,13.767318725585938
qwen2.5-7b,C,13,14,random,R_role,-4.0,4.0,0.006451309192925692,-0.0020763249485753477,0.014956799126230179,-0.005599997937679291,2.5987708568573,2.257033348083496,1.9675198048353195,1.147146444237398,-6.496191501617432,21.346614837646484
qwen2.5-7b,C,13,20,random,R_harm,-4.0,4.0,-0.264098584651947,-0.3341959103941917,-0.19879463724792007,-0.015600025653839111,2.5987708568573,2.257033348083496,1.9675198048353195,1.147146444237398,-6.496191501617432,60.964229583740234
qwen2.5-7b,C,13,20,random,R_control,-4.0,4.0,-0.2646338641643524,-0.3318678759038448,-0.2019092932343483,-0.14400005340576172,2.5987708568573,2.257033348083496,1.9675198048353195,1.147146444237398,-6.496191501617432,73.20159149169922
qwen2.5-7b,C,13,20,random,R_role,-4.0,4.0,0.27701789140701294,0.23793069645762444,0.31407840475440024,-0.2988000214099884,2.5987708568573,2.257033348083496,1.9675198048353195,1.147146444237398,-6.496191501617432,32.73752212524414
qwen2.5-7b,C,13,27,random,R_harm,-4.0,4.0,-0.3049127459526062,-0.37528368905186654,-0.2394498594105244,-0.03280001878738403,2.5987708568573,2.257033348083496,1.9675198048353195,1.147146444237398,-6.496191501617432,206.79986572265625
qwen2.5-7b,C,13,27,random,R_control,-4.0,4.0,-0.3334300220012665,-0.39882068857550623,-0.2723702035844326,-0.18960005044937134,2.5987708568573,2.257033348083496,1.9675198048353195,1.147146444237398,-6.496191501617432,256.7321472167969
qwen2.5-7b,C,13,27,random,R_role,-4.0,4.0,0.2116195261478424,0.1354418508708477,0.2862236455082893,-0.1095999926328659,2.5987708568573,2.257033348083496,1.9675198048353195,1.147146444237398,-6.496191501617432,98.78836059570312
qwen2.5-7b,C,17,18,R_harm,R_harm,0.25,0.25,0.19699186086654663,0.1930787678807974,0.2010569218546152,-0.001999974250793457,0.12855663895606995,0.16652950644493103,0.017570258933119476,9.4779198803398,1.1049023866653442,32.9244384765625
qwen2.5-7b,C,17,18,R_harm,R_control,0.25,0.25,0.13127291202545166,0.12682661227881908,0.1356690477579832,0.008000016212463379,0.12855663895606995,0.16652950644493103,0.017570258933119476,9.4779198803398,1.1049023866653442,37.98037338256836
qwen2.5-7b,C,17,18,R_harm,R_role,0.25,0.25,-0.03667832911014557,-0.03945253118872642,-0.033815087750554085,0.03519999980926514,0.12855663895606995,0.16652950644493103,0.017570258933119476,9.4779198803398,1.1049023866653442,24.556556701660156
qwen2.5-7b,C,17,22,R_harm,R_harm,0.25,0.25,0.08973214775323868,0.07898154184222221,0.10122053381055593,0.001600027084350586,0.12855663895606995,0.16652950644493103,0.017570258933119476,9.4779198803398,1.1049023866653442,91.50300598144531
qwen2.5-7b,C,17,22,R_harm,R_control,0.25,0.25,0.052647851407527924,0.04400856317952275,0.06172327566891908,0.024800002574920654,0.12855663895606995,0.16652950644493103,0.017570258933119476,9.4779198803398,1.1049023866653442,112.28807067871094
qwen2.5-7b,C,17,22,R_harm,R_role,0.25,0.25,0.0017168648773804307,-0.010146602825261652,0.013690255954861608,0.07240000367164612,0.12855663895606995,0.16652950644493103,0.017570258933119476,9.4779198803398,1.1049023866653442,44.506900787353516
qwen2.5-7b,C,17,27,R_harm,R_harm,0.25,0.25,0.06979107111692429,0.05802510809153318,0.08241553660482166,0.000800013542175293,0.12855663895606995,0.16652950644493103,0.017570258933119476,9.4779198803398,1.1049023866653442,206.79986572265625
qwen2.5-7b,C,17,27,R_harm,R_control,0.25,0.25,0.0406915657222271,0.03138627400621772,0.05053938422352075,0.02879995107650757,0.12855663895606995,0.16652950644493103,0.017570258933119476,9.4779198803398,1.1049023866653442,256.7321472167969
qwen2.5-7b,C,17,27,R_harm,R_role,0.25,0.25,0.008684802800416946,-0.010289555415511131,0.02798724188469349,0.08520001173019409,0.12855663895606995,0.16652950644493103,0.017570258933119476,9.4779198803398,1.1049023866653442,98.78836059570312
qwen2.5-7b,C,17,18,R_harm,R_harm,-0.25,0.25,-0.19275669753551483,-0.19764011390507222,-0.18804078847169878,0.0,0.09341538697481155,0.10967851430177689,0.017570258933119476,6.242282183732407,-0.8258154392242432,32.9244384765625
qwen2.5-7b,C,17,18,R_harm,R_control,-0.25,0.25,-0.12426342070102692,-0.13026156798005104,-0.11851131785660982,-0.011600017547607422,0.09341538697481155,0.10967851430177689,0.017570258933119476,6.242282183732407,-0.8258154392242432,37.98037338256836
qwen2.5-7b,C,17,18,R_harm,R_role,-0.25,0.25,0.042097434401512146,0.039002609252929685,0.045041713863611214,-0.03560000658035278,0.09341538697481155,0.10967851430177689,0.017570258933119476,6.242282183732407,-0.8258154392242432,24.556556701660156
qwen2.5-7b,C,17,22,R_harm,R_harm,-0.25,0.25,-0.08257870376110077,-0.09422879666090012,-0.07161460760980845,-0.0004000067710876465,0.09341538697481155,0.10967851430177689,0.017570258933119476,6.242282183732407,-0.8258154392242432,91.50300598144531
qwen2.5-7b,C,17,22,R_harm,R_control,-0.25,0.25,-0.047631729394197464,-0.05828526206314564,-0.037800126802176245,-0.027199983596801758,0.09341538697481155,0.10967851430177689,0.017570258933119476,6.242282183732407,-0.8258154392242432,112.28807067871094
qwen2.5-7b,C,17,22,R_harm,R_role,-0.25,0.25,0.007999666035175323,-0.0029942068329546602,0.018654775246977805,-0.059599995613098145,0.09341538697481155,0.10967851430177689,0.017570258933119476,6.242282183732407,-0.8258154392242432,44.506900787353516
qwen2.5-7b,C,17,27,R_harm,R_harm,-0.25,0.25,-0.0643579438328743,-0.07611209731549025,-0.05322766015306115,0.001199960708618164,0.09341538697481155,0.10967851430177689,0.017570258933119476,6.242282183732407,-0.8258154392242432,206.79986572265625
qwen2.5-7b,C,17,27,R_harm,R_control,-0.25,0.25,-0.038425181061029434,-0.04855570709332824,-0.02867764700204134,-0.026800036430358887,0.09341538697481155,0.10967851430177689,0.017570258933119476,6.242282183732407,-0.8258154392242432,256.7321472167969
qwen2.5-7b,C,17,27,R_harm,R_role,-0.25,0.25,-0.0010649432661011815,-0.018317397264763714,0.015949749806895844,-0.06040000915527344,0.09341538697481155,0.10967851430177689,0.017570258933119476,6.242282183732407,-0.8258154392242432,98.78836059570312
qwen2.5-7b,C,17,18,R_harm,R_harm,0.5,0.5,0.39351826906204224,0.38598971217870715,0.40109218955039977,-0.0023999810218811035,0.5424858331680298,0.6668679118156433,0.06713841343298554,9.932732659541918,2.9477930068969727,32.9244384765625
qwen2.5-7b,C,17,18,R_harm,R_control,0.5,0.5,0.26497435569763184,0.2576290093362331,0.2723769210278988,0.013599991798400879,0.5424858331680298,0.6668679118156433,0.06713841343298554,9.932732659541918,2.9477930068969727,37.98037338256836
qwen2.5-7b,C,17,18,R_harm,R_role,0.5,0.5,-0.07145809382200241,-0.07645679414272308,-0.06643867753446102,0.05239999294281006,0.5424858331680298,0.6668679118156433,0.06713841343298554,9.932732659541918,2.9477930068969727,24.556556701660156
qwen2.5-7b,C,17,22,R_harm,R_harm,0.5,0.5,0.19519983232021332,0.17366651371121405,0.21762389615178107,0.0023999810218811035,0.5424858331680298,0.6668679118156433,0.06713841343298554,9.932732659541918,2.9477930068969727,91.50300598144531
qwen2.5-7b,C,17,22,R_harm,R_control,0.5,0.5,0.11510869115591049,0.09978361632674933,0.13112702071666715,0.036400020122528076,0.5424858331680298,0.6668679118156433,0.06713841343298554,9.932732659541918,2.9477930068969727,112.28807067871094
qwen2.5-7b,C,17,22,R_harm,R_role,0.5,0.5,0.002243676455691457,-0.021282874466851353,0.025753879453986873,0.14919999241828918,0.5424858331680298,0.6668679118156433,0.06713841343298554,9.932732659541918,2.9477930068969727,44.506900787353516
qwen2.5-7b,C,17,27,R_harm,R_harm,0.5,0.5,0.15702304244041443,0.13231579251587391,0.1814152218401432,0.003600001335144043,0.5424858331680298,0.6668679118156433,0.06713841343298554,9.932732659541918,2.9477930068969727,206.79986572265625
qwen2.5-7b,C,17,27,R_harm,R_control,0.5,0.5,0.0885862186551094,0.07095268107950688,0.1070196708664298,0.04159998893737793,0.5424858331680298,0.6668679118156433,0.06713841343298554,9.932732659541918,2.9477930068969727,256.7321472167969
qwen2.5-7b,C,17,27,R_harm,R_role,0.5,0.5,0.005666238255798817,-0.035199397895485166,0.04703995045274494,0.1783999800682068,0.5424858331680298,0.6668679118156433,0.06713841343298554,9.932732659541918,2.9477930068969727,98.78836059570312
qwen2.5-7b,C,17,18,R_harm,R_harm,-0.5,0.5,-0.3789827823638916,-0.3896341219544411,-0.36843424960970883,0.000800013542175293,0.4384419322013855,0.4245091676712036,0.06713841343298554,6.322895432954027,-1.6608495712280273,32.9244384765625
qwen2.5-7b,C,17,18,R_harm,R_control,-0.5,0.5,-0.23928137123584747,-0.2521685019135475,-0.22697197683155537,-0.030399978160858154,0.4384419322013855,0.4245091676712036,0.06713841343298554,6.322895432954027,-1.6608495712280273,37.98037338256836
qwen2.5-7b,C,17,18,R_harm,R_role,-0.5,0.5,0.09190696477890015,0.08576885499060154,0.09766801614314317,-0.06840002536773682,0.4384419322013855,0.4245091676712036,0.06713841343298554,6.322895432954027,-1.6608495712280273,24.556556701660156
qwen2.5-7b,C,17,22,R_harm,R_harm,-0.5,0.5,-0.16415944695472717,-0.18832382187247276,-0.14245066195726394,-0.001999974250793457,0.4384419322013855,0.4245091676712036,0.06713841343298554,6.322895432954027,-1.6608495712280273,91.50300598144531
qwen2.5-7b,C,17,22,R_harm,R_control,-0.5,0.5,-0.09311346709728241,-0.11467562690377235,-0.0725345915183425,-0.053199946880340576,0.4384419322013855,0.4245091676712036,0.06713841343298554,6.322895432954027,-1.6608495712280273,112.28807067871094
qwen2.5-7b,C,17,22,R_harm,R_role,-0.5,0.5,0.031674109399318695,0.011888225912116468,0.051421222742646926,-0.09479999542236328,0.4384419322013855,0.4245091676712036,0.06713841343298554,6.322895432954027,-1.6608495712280273,44.506900787353516
qwen2.5-7b,C,17,27,R_harm,R_harm,-0.5,0.5,-0.13156943023204803,-0.15618859007954597,-0.10933951456099752,0.0023999810218811035,0.4384419322013855,0.4245091676712036,0.06713841343298554,6.322895432954027,-1.6608495712280273,206.79986572265625
qwen2.5-7b,C,17,27,R_harm,R_control,-0.5,0.5,-0.07719141244888306,-0.09796181153506041,-0.0578704196959734,-0.04960000514984131,0.4384419322013855,0.4245091676712036,0.06713841343298554,6.322895432954027,-1.6608495712280273,256.7321472167969
qwen2.5-7b,C,17,27,R_harm,R_role,-0.5,0.5,0.01786564476788044,-0.012636379990726709,0.048837263789027925,-0.09279999136924744,0.4384419322013855,0.4245091676712036,0.06713841343298554,6.322895432954027,-1.6608495712280273,98.78836059570312
qwen2.5-7b,C,17,18,R_harm,R_harm,1.0,1.0,0.7868043780326843,0.7707990005612373,0.8020873948931694,-0.003600001335144043,2.3429627418518066,3.504822015762329,0.3017879221588373,11.61352644827737,8.357558250427246,32.9244384765625
qwen2.5-7b,C,17,18,R_harm,R_control,1.0,1.0,0.5440218448638916,0.5313895270228386,0.5562648892402648,0.01639997959136963,2.3429627418518066,3.504822015762329,0.3017879221588373,11.61352644827737,8.357558250427246,37.98037338256836
qwen2.5-7b,C,17,18,R_harm,R_role,1.0,1.0,-0.12377200275659561,-0.13135553821921347,-0.11644110325723886,0.06439998745918274,2.3429627418518066,3.504822015762329,0.3017879221588373,11.61352644827737,8.357558250427246,24.556556701660156
qwen2.5-7b,C,17,22,R_harm,R_harm,1.0,1.0,0.4562210142612457,0.40490769371390345,0.5056415855884552,0.0,2.3429627418518066,3.504822015762329,0.3017879221588373,11.61352644827737,8.357558250427246,91.50300598144531
qwen2.5-7b,C,17,22,R_harm,R_control,1.0,1.0,0.2925397455692291,0.26358557045459746,0.3215651877224445,0.03600001335144043,2.3429627418518066,3.504822015762329,0.3017879221588373,11.61352644827737,8.357558250427246,112.28807067871094
qwen2.5-7b,C,17,22,R_harm,R_role,1.0,1.0,0.009470772929489613,-0.03042233013547957,0.05125709781423207,0.27480003237724304,2.3429627418518066,3.504822015762329,0.3017879221588373,11.61352644827737,8.357558250427246,44.506900787353516
qwen2.5-7b,C,17,27,R_harm,R_harm,1.0,1.0,0.3981294333934784,0.3427076876163483,0.4534641824662685,0.0055999755859375,2.3429627418518066,3.504822015762329,0.3017879221588373,11.61352644827737,8.357558250427246,206.79986572265625
qwen2.5-7b,C,17,27,R_harm,R_control,1.0,1.0,0.24292156100273132,0.21278302520513534,0.2729080140590668,0.047599971294403076,2.3429627418518066,3.504822015762329,0.3017879221588373,11.61352644827737,8.357558250427246,256.7321472167969
qwen2.5-7b,C,17,27,R_harm,R_role,1.0,1.0,-0.0227374155074358,-0.09807460717856883,0.05383503120392557,0.33560001850128174,2.3429627418518066,3.504822015762329,0.3017879221588373,11.61352644827737,8.357558250427246,98.78836059570312
qwen2.5-7b,C,17,18,R_harm,R_harm,-1.0,1.0,-0.7373020052909851,-0.7627251535654068,-0.7122934371232986,0.0031999945640563965,1.8278701305389404,1.600777268409729,0.3017879221588373,5.304311905388998,-3.780576229095459,32.9244384765625
qwen2.5-7b,C,17,18,R_harm,R_control,-1.0,1.0,-0.44993099570274353,-0.47835260853171346,-0.4226671725511551,-0.055599987506866455,1.8278701305389404,1.600777268409729,0.3017879221588373,5.304311905388998,-3.780576229095459,37.98037338256836
qwen2.5-7b,C,17,18,R_harm,R_role,-1.0,1.0,0.2019539475440979,0.19157527908682823,0.21195502951741219,-0.11200001835823059,1.8278701305389404,1.600777268409729,0.3017879221588373,5.304311905388998,-3.780576229095459,24.556556701660156
qwen2.5-7b,C,17,22,R_harm,R_harm,-1.0,1.0,-0.36094170808792114,-0.4122878335416317,-0.3121763579547405,-0.012799978256225586,1.8278701305389404,1.600777268409729,0.3017879221588373,5.304311905388998,-3.780576229095459,91.50300598144531
qwen2.5-7b,C,17,22,R_harm,R_control,-1.0,1.0,-0.20618003606796265,-0.25525511279702184,-0.15921161323785787,-0.11719995737075806,1.8278701305389404,1.600777268409729,0.3017879221588373,5.304311905388998,-3.780576229095459,112.28807067871094
qwen2.5-7b,C,17,22,R_harm,R_role,-1.0,1.0,0.12474747002124786,0.09413712732493877,0.15555075034499166,-0.12999999523162842,1.8278701305389404,1.600777268409729,0.3017879221588373,5.304311905388998,-3.780576229095459,44.506900787353516
qwen2.5-7b,C,17,27,R_harm,R_harm,-1.0,1.0,-0.3060416877269745,-0.3568242773413658,-0.2579826816916466,0.00279998779296875,1.8278701305389404,1.600777268409729,0.3017879221588373,5.304311905388998,-3.780576229095459,206.79986572265625
qwen2.5-7b,C,17,27,R_harm,R_control,-1.0,1.0,-0.17695413529872894,-0.2218859802931547,-0.13374644592404367,-0.11000001430511475,1.8278701305389404,1.600777268409729,0.3017879221588373,5.304311905388998,-3.780576229095459,256.7321472167969
qwen2.5-7b,C,17,27,R_harm,R_role,-1.0,1.0,0.13103730976581573,0.0814881244674325,0.18159298039972782,-0.11239999532699585,1.8278701305389404,1.600777268409729,0.3017879221588373,5.304311905388998,-3.780576229095459,98.78836059570312
qwen2.5-7b,C,17,18,R_harm,R_harm,2.0,2.0,1.5080885887145996,1.4739609092473984,1.5400651484727859,-0.001999974250793457,7.306845664978027,12.650666236877441,1.2487489953637123,10.130671803417782,11.73193359375,32.9244384765625
qwen2.5-7b,C,17,18,R_harm,R_control,2.0,2.0,1.0605921745300293,1.034788089990616,1.0844749867916108,-0.0040000081062316895,7.306845664978027,12.650666236877441,1.2487489953637123,10.130671803417782,11.73193359375,37.98037338256836
qwen2.5-7b,C,17,18,R_harm,R_role,2.0,2.0,-0.22498919069766998,-0.23380771465599537,-0.2159143079072237,-0.006800025701522827,7.306845664978027,12.650666236877441,1.2487489953637123,10.130671803417782,11.73193359375,24.556556701660156
qwen2.5-7b,C,17,22,R_harm,R_harm,2.0,2.0,0.7348663210868835,0.64049561470747,0.8260947778820991,-0.03200000524520874,7.306845664978027,12.650666236877441,1.2487489953637123,10.130671803417782,11.73193359375,91.50300598144531
qwen2.5-7b,C,17,22,R_harm,R_control,2.0,2.0,0.5357553958892822,0.4766389153897762,0.5946030035614968,-0.009999990463256836,7.306845664978027,12.650666236877441,1.2487489953637123,10.130671803417782,11.73193359375,112.28807067871094
qwen2.5-7b,C,17,22,R_harm,R_role,2.0,2.0,0.1070590615272522,0.06461623888462782,0.1494076196104288,0.23399999737739563,7.306845664978027,12.650666236877441,1.2487489953637123,10.130671803417782,11.73193359375,44.506900787353516
qwen2.5-7b,C,17,27,R_harm,R_harm,2.0,2.0,0.630720317363739,0.5256135702133179,0.7352025434374809,-0.1624000072479248,7.306845664978027,12.650666236877441,1.2487489953637123,10.130671803417782,11.73193359375,206.79986572265625
qwen2.5-7b,C,17,27,R_harm,R_control,2.0,2.0,0.4626547694206238,0.3963578663766384,0.5262227356433868,-0.07160001993179321,7.306845664978027,12.650666236877441,1.2487489953637123,10.130671803417782,11.73193359375,256.7321472167969
qwen2.5-7b,C,17,27,R_harm,R_role,2.0,2.0,0.07604432851076126,-0.0021871045290026807,0.15275572352111336,0.29919999837875366,7.306845664978027,12.650666236877441,1.2487489953637123,10.130671803417782,11.73193359375,98.78836059570312
qwen2.5-7b,C,17,18,R_harm,R_harm,-2.0,2.0,-1.3670364618301392,-1.4180327475070953,-1.3178350985050202,0.0040000081062316895,8.043621063232422,5.12216329574585,1.2487489953637123,4.101835769048176,-9.85384750366211,32.9244384765625
qwen2.5-7b,C,17,18,R_harm,R_control,-2.0,2.0,-0.776569664478302,-0.8269098117947579,-0.7275821134448052,-0.08600002527236938,8.043621063232422,5.12216329574585,1.2487489953637123,4.101835769048176,-9.85384750366211,37.98037338256836
qwen2.5-7b,C,17,18,R_harm,R_role,-2.0,2.0,0.4565673768520355,0.4434367619454861,0.46911881789565085,-0.1388000100851059,8.043621063232422,5.12216329574585,1.2487489953637123,4.101835769048176,-9.85384750366211,24.556556701660156
qwen2.5-7b,C,17,22,R_harm,R_harm,-2.0,2.0,-0.6888999342918396,-0.7940473139286042,-0.5880614340305329,-0.06999999284744263,8.043621063232422,5.12216329574585,1.2487489953637123,4.101835769048176,-9.85384750366211,91.50300598144531
qwen2.5-7b,C,17,22,R_harm,R_control,-2.0,2.0,-0.3288212716579437,-0.41863724738359454,-0.24200424104928972,-0.592799961566925,8.043621063232422,5.12216329574585,1.2487489953637123,4.101835769048176,-9.85384750366211,112.28807067871094
qwen2.5-7b,C,17,22,R_harm,R_role,-2.0,2.0,0.421955943107605,0.37907770201563834,0.4645144261419773,-0.14879998564720154,8.043621063232422,5.12216329574585,1.2487489953637123,4.101835769048176,-9.85384750366211,44.506900787353516
qwen2.5-7b,C,17,27,R_harm,R_harm,-2.0,2.0,-0.683631420135498,-0.7884601935744285,-0.5831992879509926,-0.09360003471374512,8.043621063232422,5.12216329574585,1.2487489953637123,4.101835769048176,-9.85384750366211,206.79986572265625
qwen2.5-7b,C,17,27,R_harm,R_control,-2.0,2.0,-0.3468253016471863,-0.4356790207326412,-0.2634500972926617,-0.636000007390976,8.043621063232422,5.12216329574585,1.2487489953637123,4.101835769048176,-9.85384750366211,256.7321472167969
qwen2.5-7b,C,17,27,R_harm,R_role,-2.0,2.0,0.5317804217338562,0.46386564895510674,0.6013231247663497,-0.0851999819278717,8.043621063232422,5.12216329574585,1.2487489953637123,4.101835769048176,-9.85384750366211,98.78836059570312
qwen2.5-7b,C,17,18,R_harm,R_harm,4.0,4.0,2.697300434112549,2.6464022636413573,2.744081860780716,-0.0023999810218811035,7.157775402069092,12.257030487060547,5.302513659000397,2.311550950228232,9.074121475219727,32.9244384765625
qwen2.5-7b,C,17,18,R_harm,R_control,4.0,4.0,1.8304262161254883,1.7890635192394257,1.8693867713212966,-0.02799999713897705,7.157775402069092,12.257030487060547,5.302513659000397,2.311550950228232,9.074121475219727,37.98037338256836
qwen2.5-7b,C,17,18,R_harm,R_role,4.0,4.0,-0.5362192392349243,-0.550177238881588,-0.5224089026451111,-0.1292000114917755,7.157775402069092,12.257030487060547,5.302513659000397,2.311550950228232,9.074121475219727,24.556556701660156
qwen2.5-7b,C,17,22,R_harm,R_harm,4.0,4.0,0.8345180749893188,0.724590326845646,0.9392069488763808,-0.060800015926361084,7.157775402069092,12.257030487060547,5.302513659000397,2.311550950228232,9.074121475219727,91.50300598144531
qwen2.5-7b,C,17,22,R_harm,R_control,4.0,4.0,0.6685425639152527,0.5904049724340439,0.7421222075819968,-0.05799996852874756,7.157775402069092,12.257030487060547,5.302513659000397,2.311550950228232,9.074121475219727,112.28807067871094
qwen2.5-7b,C,17,22,R_harm,R_role,4.0,4.0,0.12107323855161667,0.07338275518268347,0.16964883022010327,-0.028799980878829956,7.157775402069092,12.257030487060547,5.302513659000397,2.311550950228232,9.074121475219727,44.506900787353516
qwen2.5-7b,C,17,27,R_harm,R_harm,4.0,4.0,0.49337226152420044,0.3730182334780693,0.608232121169567,-0.602400004863739,7.157775402069092,12.257030487060547,5.302513659000397,2.311550950228232,9.074121475219727,206.79986572265625
qwen2.5-7b,C,17,27,R_harm,R_control,4.0,4.0,0.3789482116699219,0.29343383610248563,0.45917686074972147,-0.48360002040863037,7.157775402069092,12.257030487060547,5.302513659000397,2.311550950228232,9.074121475219727,256.7321472167969
qwen2.5-7b,C,17,27,R_harm,R_role,4.0,4.0,-0.04637172073125839,-0.13483307659626007,0.04086195481941104,-0.048799991607666016,7.157775402069092,12.257030487060547,5.302513659000397,2.311550950228232,9.074121475219727,98.78836059570312
qwen2.5-7b,C,17,18,R_harm,R_harm,-4.0,4.0,-2.389227867126465,-2.448753958940506,-2.3323634922504426,0.008000016212463379,8.532805442810059,7.110990524291992,5.302513659000397,1.3410602935877247,-0.5799413919448853,32.9244384765625
qwen2.5-7b,C,17,18,R_harm,R_control,-4.0,4.0,-1.2658610343933105,-1.3195808410644532,-1.215171667933464,-0.06760001182556152,8.532805442810059,7.110990524291992,5.302513659000397,1.3410602935877247,-0.5799413919448853,37.98037338256836
qwen2.5-7b,C,17,18,R_harm,R_role,-4.0,4.0,0.9117690324783325,0.8935464054346085,0.9293837010860443,-0.18480001389980316,8.532805442810059,7.110990524291992,5.302513659000397,1.3410602935877247,-0.5799413919448853,24.556556701660156
qwen2.5-7b,C,17,22,R_harm,R_harm,-4.0,4.0,-0.7848578691482544,-0.8958610653877258,-0.6789102107286453,-0.044799983501434326,8.532805442810059,7.110990524291992,5.302513659000397,1.3410602935877247,-0.5799413919448853,91.50300598144531
qwen2.5-7b,C,17,22,R_harm,R_control,-4.0,4.0,-0.2364843338727951,-0.324144247174263,-0.15344471447169789,-0.3507999777793884,8.532805442810059,7.110990524291992,5.302513659000397,1.3410602935877247,-0.5799413919448853,112.28807067871094
qwen2.5-7b,C,17,22,R_harm,R_role,-4.0,4.0,0.8565202951431274,0.7975613430142403,0.915310113132,-0.30559998750686646,8.532805442810059,7.110990524291992,5.302513659000397,1.3410602935877247,-0.5799413919448853,44.506900787353516
qwen2.5-7b,C,17,27,R_harm,R_harm,-4.0,4.0,-0.7786532044410706,-0.8965395167469978,-0.665425392985344,-0.37800002098083496,8.532805442810059,7.110990524291992,5.302513659000397,1.3410602935877247,-0.5799413919448853,206.79986572265625
qwen2.5-7b,C,17,27,R_harm,R_control,-4.0,4.0,-0.32137569785118103,-0.4104863628745079,-0.23722405247390274,-0.7188000231981277,8.532805442810059,7.110990524291992,5.302513659000397,1.3410602935877247,-0.5799413919448853,256.7321472167969
qwen2.5-7b,C,17,27,R_harm,R_role,-4.0,4.0,0.8518902659416199,0.7546245470643044,0.945346862077713,-0.1467999964952469,8.532805442810059,7.110990524291992,5.302513659000397,1.3410602935877247,-0.5799413919448853,98.78836059570312
qwen2.5-7b,C,17,18,R_control,R_harm,0.25,0.25,0.15751336514949799,0.15339410714805127,0.16162703707814216,-0.001999974250793457,0.10638988763093948,0.1215766966342926,0.017570258933119476,6.919459587765307,2.204355478286743,32.9244384765625
qwen2.5-7b,C,17,18,R_control,R_control,0.25,0.25,0.19366851449012756,0.18899043165147306,0.19855350963771343,0.008800029754638672,0.10638988763093948,0.1215766966342926,0.017570258933119476,6.919459587765307,2.204355478286743,37.98037338256836
qwen2.5-7b,C,17,18,R_control,R_role,0.25,0.25,0.02232486940920353,0.020053050573915245,0.024690511170774698,0.024799972772598267,0.10638988763093948,0.1215766966342926,0.017570258933119476,6.919459587765307,2.204355478286743,24.556556701660156
qwen2.5-7b,C,17,22,R_control,R_harm,0.25,0.25,0.071617990732193,0.06060780640691519,0.08308910485357046,0.001600027084350586,0.10638988763093948,0.1215766966342926,0.017570258933119476,6.919459587765307,2.204355478286743,91.50300598144531
qwen2.5-7b,C,17,22,R_control,R_control,0.25,0.25,0.09063144773244858,0.08165044598281383,0.1002253858372569,0.021600008010864258,0.10638988763093948,0.1215766966342926,0.017570258933119476,6.919459587765307,2.204355478286743,112.28807067871094
qwen2.5-7b,C,17,22,R_control,R_role,0.25,0.25,0.07556217908859253,0.06412297785282135,0.08738734815269707,0.06479999423027039,0.10638988763093948,0.1215766966342926,0.017570258933119476,6.919459587765307,2.204355478286743,44.506900787353516
qwen2.5-7b,C,17,27,R_control,R_harm,0.25,0.25,0.04275382682681084,0.03076537628658116,0.054924335423856954,0.0023999810218811035,0.10638988763093948,0.1215766966342926,0.017570258933119476,6.919459587765307,2.204355478286743,206.79986572265625
qwen2.5-7b,C,17,27,R_control,R_control,0.25,0.25,0.06357250362634659,0.054566748160868886,0.07356136981397866,0.02599996328353882,0.10638988763093948,0.1215766966342926,0.017570258933119476,6.919459587765307,2.204355478286743,256.7321472167969
qwen2.5-7b,C,17,27,R_control,R_role,0.25,0.25,0.1184963509440422,0.10082726832479239,0.1368475656956434,0.06319999694824219,0.10638988763093948,0.1215766966342926,0.017570258933119476,6.919459587765307,2.204355478286743,98.78836059570312
qwen2.5-7b,C,17,18,R_control,R_harm,-0.25,0.25,-0.15557549893856049,-0.16010486111044883,-0.15127641819417476,0.0004000067710876465,0.09963580965995789,0.0735349953174591,0.017570258933119476,4.18519701942739,-2.077216863632202,32.9244384765625
qwen2.5-7b,C,17,18,R_control,R_control,-0.25,0.25,-0.19195936620235443,-0.19759438298642634,-0.18655585981905462,-0.010800004005432129,0.09963580965995789,0.0735349953174591,0.017570258933119476,4.18519701942739,-2.077216863632202,37.98037338256836
qwen2.5-7b,C,17,18,R_control,R_role,-0.25,0.25,-0.019234413281083107,-0.0217492685187608,-0.01681501315906644,-0.026399999856948853,0.09963580965995789,0.0735349953174591,0.017570258933119476,4.18519701942739,-2.077216863632202,24.556556701660156
qwen2.5-7b,C,17,22,R_control,R_harm,-0.25,0.25,-0.07234411686658859,-0.08449841309338808,-0.061287862900644544,0.000800013542175293,0.09963580965995789,0.0735349953174591,0.017570258933119476,4.18519701942739,-2.077216863632202,91.50300598144531
qwen2.5-7b,C,17,22,R_control,R_control,-0.25,0.25,-0.08963622897863388,-0.10086094290018081,-0.07928598001599312,-0.021599948406219482,0.09963580965995789,0.0735349953174591,0.017570258933119476,4.18519701942739,-2.077216863632202,112.28807067871094
qwen2.5-7b,C,17,22,R_control,R_role,-0.25,0.25,-0.05694476515054703,-0.06872143242508173,-0.045016271993517896,-0.06279999017715454,0.09963580965995789,0.0735349953174591,0.017570258933119476,4.18519701942739,-2.077216863632202,44.506900787353516
qwen2.5-7b,C,17,27,R_control,R_harm,-0.25,0.25,-0.04937996715307236,-0.06182407811284065,-0.038171433657407765,0.0,0.09963580965995789,0.0735349953174591,0.017570258933119476,4.18519701942739,-2.077216863632202,206.79986572265625
qwen2.5-7b,C,17,27,R_control,R_control,-0.25,0.25,-0.0706496313214302,-0.08138584643602371,-0.06085263881832362,-0.022000014781951904,0.09963580965995789,0.0735349953174591,0.017570258933119476,4.18519701942739,-2.077216863632202,256.7321472167969
qwen2.5-7b,C,17,27,R_control,R_role,-0.25,0.25,-0.10507314652204514,-0.12359492257237434,-0.08676757253706456,-0.06159999966621399,0.09963580965995789,0.0735349953174591,0.017570258933119476,4.18519701942739,-2.077216863632202,98.78836059570312
qwen2.5-7b,C,17,18,R_control,R_harm,0.5,0.5,0.3134585916996002,0.3047755524516106,0.32217943146824835,-0.0015999674797058105,0.4736294448375702,0.4997139871120453,0.06713841343298554,7.443041346379695,4.796308517456055,32.9244384765625
qwen2.5-7b,C,17,18,R_control,R_control,0.5,0.5,0.38522642850875854,0.3760517157614231,0.3947103962302208,0.016799986362457275,0.4736294448375702,0.4997139871120453,0.06713841343298554,7.443041346379695,4.796308517456055,37.98037338256836
qwen2.5-7b,C,17,18,R_control,R_role,0.5,0.5,0.04522658884525299,0.04076072564348578,0.04976277742534876,0.034399986267089844,0.4736294448375702,0.4997139871120453,0.06713841343298554,7.443041346379695,4.796308517456055,24.556556701660156
qwen2.5-7b,C,17,22,R_control,R_harm,0.5,0.5,0.14852508902549744,0.12680001072585584,0.17087143659591675,0.003600001335144043,0.4736294448375702,0.4997139871120453,0.06713841343298554,7.443041346379695,4.796308517456055,91.50300598144531
qwen2.5-7b,C,17,22,R_control,R_control,0.5,0.5,0.18470323085784912,0.16845500767230986,0.20204509682953356,0.033600032329559326,0.4736294448375702,0.4997139871120453,0.06713841343298554,7.443041346379695,4.796308517456055,112.28807067871094
qwen2.5-7b,C,17,22,R_control,R_role,0.5,0.5,0.16000741720199585,0.13898608796298503,0.18228589482605456,0.12520000338554382,0.4736294448375702,0.4997139871120453,0.06713841343298554,7.443041346379695,4.796308517456055,44.506900787353516
qwen2.5-7b,C,17,27,R_control,R_harm,0.5,0.5,0.09005281329154968,0.06603563092648983,0.11395205706357955,0.0059999823570251465,0.4736294448375702,0.4997139871120453,0.06713841343298554,7.443041346379695,4.796308517456055,206.79986572265625
qwen2.5-7b,C,17,27,R_control,R_control,0.5,0.5,0.12587085366249084,0.10782642215490341,0.1446535103023052,0.046000003814697266,0.4736294448375702,0.4997139871120453,0.06713841343298554,7.443041346379695,4.796308517456055,256.7321472167969
qwen2.5-7b,C,17,27,R_control,R_role,0.5,0.5,0.22984088957309723,0.1977407269179821,0.26318794339895246,0.10679998993873596,0.4736294448375702,0.4997139871120453,0.06713841343298554,7.443041346379695,4.796308517456055,98.78836059570312
qwen2.5-7b,C,17,18,R_control,R_harm,-0.5,0.5,-0.3063640594482422,-0.31637041717767717,-0.29690164774656297,0.0020000338554382324,0.40083077549934387,0.24778351187705994,0.06713841343298554,3.69063698719044,-4.219120979309082,32.9244384765625
qwen2.5-7b,C,17,18,R_control,R_control,-0.5,0.5,-0.37867218255996704,-0.39071330055594444,-0.3671407178044319,-0.027599990367889404,0.40083077549934387,0.24778351187705994,0.06713841343298554,3.69063698719044,-4.219120979309082,37.98037338256836
qwen2.5-7b,C,17,18,R_control,R_role,-0.5,0.5,-0.03347557783126831,-0.03828289173543453,-0.02881571333855391,-0.052400022745132446,0.40083077549934387,0.24778351187705994,0.06713841343298554,3.69063698719044,-4.219120979309082,24.556556701660156
qwen2.5-7b,C,17,22,R_control,R_harm,-0.5,0.5,-0.14990033209323883,-0.17502753660082818,-0.12760195247828965,0.0055999755859375,0.40083077549934387,0.24778351187705994,0.06713841343298554,3.69063698719044,-4.219120979309082,91.50300598144531
qwen2.5-7b,C,17,22,R_control,R_control,-0.5,0.5,-0.18003962934017181,-0.2034907653927803,-0.1586550921201706,-0.03759998083114624,0.40083077549934387,0.24778351187705994,0.06713841343298554,3.69063698719044,-4.219120979309082,112.28807067871094
qwen2.5-7b,C,17,22,R_control,R_role,-0.5,0.5,-0.09005247056484222,-0.1127981811761856,-0.06737906355410815,-0.11559998989105225,0.40083077549934387,0.24778351187705994,0.06713841343298554,3.69063698719044,-4.219120979309082,44.506900787353516
qwen2.5-7b,C,17,27,R_control,R_harm,-0.5,0.5,-0.11279964447021484,-0.138051513209939,-0.08973000999540091,0.0015999674797058105,0.40083077549934387,0.24778351187705994,0.06713841343298554,3.69063698719044,-4.219120979309082,206.79986572265625
qwen2.5-7b,C,17,27,R_control,R_control,-0.5,0.5,-0.15123985707759857,-0.17382229082286357,-0.13092636801302432,-0.03200000524520874,0.40083077549934387,0.24778351187705994,0.06713841343298554,3.69063698719044,-4.219120979309082,256.7321472167969
qwen2.5-7b,C,17,27,R_control,R_role,-0.5,0.5,-0.18250562250614166,-0.21670749075710774,-0.14755191393196584,-0.10400000214576721,0.40083077549934387,0.24778351187705994,0.06713841343298554,3.69063698719044,-4.219120979309082,98.78836059570312
qwen2.5-7b,C,17,18,R_control,R_harm,1.0,1.0,0.6115624904632568,0.5922204956412316,0.6305190190672875,0.0004000067710876465,2.4233193397521973,3.153071880340576,0.3017879221588373,10.447972396592625,10.475371360778809,32.9244384765625
qwen2.5-7b,C,17,18,R_control,R_control,1.0,1.0,0.7540500164031982,0.7344456598162651,0.7730171129107475,0.02120000123977661,2.4233193397521973,3.153071880340576,0.3017879221588373,10.447972396592625,10.475371360778809,37.98037338256836
qwen2.5-7b,C,17,18,R_control,R_role,1.0,1.0,0.09599000960588455,0.08785638678818941,0.10437708757817744,0.02319997549057007,2.4233193397521973,3.153071880340576,0.3017879221588373,10.447972396592625,10.475371360778809,24.556556701660156
qwen2.5-7b,C,17,22,R_control,R_harm,1.0,1.0,0.3073442578315735,0.2600164122879505,0.3518699057400226,0.007600009441375732,2.4233193397521973,3.153071880340576,0.3017879221588373,10.447972396592625,10.475371360778809,91.50300598144531
qwen2.5-7b,C,17,22,R_control,R_control,1.0,1.0,0.3763315677642822,0.34180777445435523,0.4099643290042877,0.045600056648254395,2.4233193397521973,3.153071880340576,0.3017879221588373,10.447972396592625,10.475371360778809,112.28807067871094
qwen2.5-7b,C,17,22,R_control,R_role,1.0,1.0,0.32341453433036804,0.2887071006000042,0.3587394654750824,0.20360001921653748,2.4233193397521973,3.153071880340576,0.3017879221588373,10.447972396592625,10.475371360778809,44.506900787353516
qwen2.5-7b,C,17,27,R_control,R_harm,1.0,1.0,0.1930275857448578,0.1410591896623373,0.24245370104908942,0.01239997148513794,2.4233193397521973,3.153071880340576,0.3017879221588373,10.447972396592625,10.475371360778809,206.79986572265625
qwen2.5-7b,C,17,27,R_control,R_control,1.0,1.0,0.249200701713562,0.21153010427951813,0.2856600373983383,0.0639999508857727,2.4233193397521973,3.153071880340576,0.3017879221588373,10.447972396592625,10.475371360778809,256.7321472167969
qwen2.5-7b,C,17,27,R_control,R_role,1.0,1.0,0.3962733745574951,0.3446756415069103,0.4473388873040676,0.13760000467300415,2.4233193397521973,3.153071880340576,0.3017879221588373,10.447972396592625,10.475371360778809,98.78836059570312
qwen2.5-7b,C,17,18,R_control,R_harm,-1.0,1.0,-0.5929324626922607,-0.6159142792224884,-0.5701601073145867,0.0040000081062316895,1.768189549446106,0.7646023035049438,0.3017879221588373,2.5335748960242275,-8.84994125366211,32.9244384765625
qwen2.5-7b,C,17,18,R_control,R_control,-1.0,1.0,-0.7351027131080627,-0.7603723093867302,-0.7104625642299652,-0.04680001735687256,1.768189549446106,0.7646023035049438,0.3017879221588373,2.5335748960242275,-8.84994125366211,37.98037338256836
qwen2.5-7b,C,17,18,R_control,R_role,-1.0,1.0,-0.05385996773838997,-0.06261016856878995,-0.04536597048863769,-0.09760001301765442,1.768189549446106,0.7646023035049438,0.3017879221588373,2.5335748960242275,-8.84994125366211,24.556556701660156
qwen2.5-7b,C,17,22,R_control,R_harm,-1.0,1.0,-0.3355553150177002,-0.38601834550499914,-0.2889159239828587,0.011200010776519775,1.768189549446106,0.7646023035049438,0.3017879221588373,2.5335748960242275,-8.84994125366211,91.50300598144531
qwen2.5-7b,C,17,22,R_control,R_control,-1.0,1.0,-0.37064990401268005,-0.4199969694018364,-0.32120519280433657,-0.07559996843338013,1.768189549446106,0.7646023035049438,0.3017879221588373,2.5335748960242275,-8.84994125366211,112.28807067871094
qwen2.5-7b,C,17,22,R_control,R_role,-1.0,1.0,-0.08026361465454102,-0.12114563044160605,-0.04018576350063088,-0.20079998672008514,1.768189549446106,0.7646023035049438,0.3017879221588373,2.5335748960242275,-8.84994125366211,44.506900787353516
qwen2.5-7b,C,17,27,R_control,R_harm,-1.0,1.0,-0.28950127959251404,-0.34060936272144315,-0.24217411763966085,0.004799962043762207,1.768189549446106,0.7646023035049438,0.3017879221588373,2.5335748960242275,-8.84994125366211,206.79986572265625
qwen2.5-7b,C,17,27,R_control,R_control,-1.0,1.0,-0.334425151348114,-0.38154602646827696,-0.28968832790851595,-0.09160000085830688,1.768189549446106,0.7646023035049438,0.3017879221588373,2.5335748960242275,-8.84994125366211,256.7321472167969
qwen2.5-7b,C,17,27,R_control,R_role,-1.0,1.0,-0.20787014067173004,-0.26733543276786803,-0.14610142521560193,-0.14880000054836273,1.768189549446106,0.7646023035049438,0.3017879221588373,2.5335748960242275,-8.84994125366211,98.78836059570312
qwen2.5-7b,C,17,18,R_control,R_harm,2.0,2.0,1.094560980796814,1.0589457124471664,1.127478662133217,0.0040000081062316895,8.545356750488281,13.942562103271484,1.2487489953637123,11.165223880088533,15.409746170043945,32.9244384765625
qwen2.5-7b,C,17,18,R_control,R_control,2.0,2.0,1.3572291135787964,1.3233378231525421,1.3899770975112915,0.024800002574920654,8.545356750488281,13.942562103271484,1.2487489953637123,11.165223880088533,15.409746170043945,37.98037338256836
qwen2.5-7b,C,17,18,R_control,R_role,2.0,2.0,0.1434459686279297,0.12900474518537522,0.15848101750016214,-0.05160000920295715,8.545356750488281,13.942562103271484,1.2487489953637123,11.165223880088533,15.409746170043945,24.556556701660156
qwen2.5-7b,C,17,22,R_control,R_harm,2.0,2.0,0.4495578706264496,0.36414282843470575,0.5308407798409461,0.00279998779296875,8.545356750488281,13.942562103271484,1.2487489953637123,11.165223880088533,15.409746170043945,91.50300598144531
qwen2.5-7b,C,17,22,R_control,R_control,2.0,2.0,0.5997344851493835,0.536434443295002,0.6611772209405898,0.040400028228759766,8.545356750488281,13.942562103271484,1.2487489953637123,11.165223880088533,15.409746170043945,112.28807067871094
qwen2.5-7b,C,17,22,R_control,R_role,2.0,2.0,0.5942151546478271,0.5448891699314118,0.6436423242092132,0.21480002999305725,8.545356750488281,13.942562103271484,1.2487489953637123,11.165223880088533,15.409746170043945,44.506900787353516
qwen2.5-7b,C,17,27,R_control,R_harm,2.0,2.0,0.22753819823265076,0.13569269962608815,0.3151438683271408,0.001999974250793457,8.545356750488281,13.942562103271484,1.2487489953637123,11.165223880088533,15.409746170043945,206.79986572265625
qwen2.5-7b,C,17,27,R_control,R_control,2.0,2.0,0.342060387134552,0.2742490291595459,0.4096326202154159,0.07319998741149902,8.545356750488281,13.942562103271484,1.2487489953637123,11.165223880088533,15.409746170043945,256.7321472167969
qwen2.5-7b,C,17,27,R_control,R_role,2.0,2.0,0.6172060370445251,0.5397444635629653,0.6913503393530845,0.11640000343322754,8.545356750488281,13.942562103271484,1.2487489953637123,11.165223880088533,15.409746170043945,98.78836059570312
qwen2.5-7b,C,17,18,R_control,R_harm,-2.0,2.0,-1.0795246362686157,-1.125002470612526,-1.0360125750303268,0.0067999958992004395,7.972182750701904,2.7440552711486816,1.2487489953637123,2.197443426450521,-18.023378372192383,32.9244384765625
qwen2.5-7b,C,17,18,R_control,R_control,-2.0,2.0,-1.3449676036834717,-1.3910105258226395,-1.3006011784076692,-0.07840001583099365,7.972182750701904,2.7440552711486816,1.2487489953637123,2.197443426450521,-18.023378372192383,37.98037338256836
qwen2.5-7b,C,17,18,R_control,R_role,-2.0,2.0,-0.04890992119908333,-0.062044822704046966,-0.035244908556342124,-0.15320001542568207,7.972182750701904,2.7440552711486816,1.2487489953637123,2.197443426450521,-18.023378372192383,24.556556701660156
qwen2.5-7b,C,17,22,R_control,R_harm,-2.0,2.0,-0.6377876996994019,-0.734178914129734,-0.5450244829058648,0.004800021648406982,7.972182750701904,2.7440552711486816,1.2487489953637123,2.197443426450521,-18.023378372192383,91.50300598144531
qwen2.5-7b,C,17,22,R_control,R_control,-2.0,2.0,-0.5694303512573242,-0.6611601650714874,-0.48095135465264327,-0.6447999775409698,7.972182750701904,2.7440552711486816,1.2487489953637123,2.197443426450521,-18.023378372192383,112.28807067871094
qwen2.5-7b,C,17,22,R_control,R_role,-2.0,2.0,0.15307193994522095,0.10367571283131838,0.20325607135891902,-0.23559999465942383,7.972182750701904,2.7440552711486816,1.2487489953637123,2.197443426450521,-18.023378372192383,44.506900787353516
qwen2.5-7b,C,17,27,R_control,R_harm,-2.0,2.0,-0.6476054191589355,-0.7469463303685189,-0.5503469273447991,-0.01759999990463257,7.972182750701904,2.7440552711486816,1.2487489953637123,2.197443426450521,-18.023378372192383,206.79986572265625
qwen2.5-7b,C,17,27,R_control,R_control,-2.0,2.0,-0.5540009140968323,-0.6452926635742188,-0.4664308615028858,-0.6844000220298767,7.972182750701904,2.7440552711486816,1.2487489953637123,2.197443426450521,-18.023378372192383,256.7321472167969
qwen2.5-7b,C,17,27,R_control,R_role,-2.0,2.0,0.14802995324134827,0.06637259963899851,0.2270644411444664,-0.12119999527931213,7.972182750701904,2.7440552711486816,1.2487489953637123,2.197443426450521,-18.023378372192383,98.78836059570312
qwen2.5-7b,C,17,18,R_control,R_harm,4.0,4.0,1.938594937324524,1.8961330145597457,1.9775011867284775,0.004800021648406982,8.930103302001953,15.066717147827148,5.302513659000397,2.841429200706189,11.637558937072754,32.9244384765625
qwen2.5-7b,C,17,18,R_control,R_control,4.0,4.0,2.3725168704986572,2.3354118287563326,2.408878821134567,0.027199983596801758,8.930103302001953,15.066717147827148,5.302513659000397,2.841429200706189,11.637558937072754,37.98037338256836
qwen2.5-7b,C,17,18,R_control,R_role,4.0,4.0,0.06905437260866165,0.04926093928515911,0.08974582515656948,-0.11920002102851868,8.930103302001953,15.066717147827148,5.302513659000397,2.841429200706189,11.637558937072754,24.556556701660156
qwen2.5-7b,C,17,22,R_control,R_harm,4.0,4.0,0.4981206953525543,0.3950757957994938,0.5946166425943372,-0.016799986362457275,8.930103302001953,15.066717147827148,5.302513659000397,2.841429200706189,11.637558937072754,91.50300598144531
qwen2.5-7b,C,17,22,R_control,R_control,4.0,4.0,0.7423524260520935,0.6659408941864967,0.8168203189969062,0.012800037860870361,8.930103302001953,15.066717147827148,5.302513659000397,2.841429200706189,11.637558937072754,112.28807067871094
qwen2.5-7b,C,17,22,R_control,R_role,4.0,4.0,0.810207724571228,0.7548433899879455,0.8664319604635239,-0.12119999527931213,8.930103302001953,15.066717147827148,5.302513659000397,2.841429200706189,11.637558937072754,44.506900787353516
qwen2.5-7b,C,17,27,R_control,R_harm,4.0,4.0,0.05522351339459419,-0.05706085031852126,0.16305416151881214,-0.13200002908706665,8.930103302001953,15.066717147827148,5.302513659000397,2.841429200706189,11.637558937072754,206.79986572265625
qwen2.5-7b,C,17,27,R_control,R_control,4.0,4.0,0.240267813205719,0.15713891834020616,0.32059612348675726,-0.18040001392364502,8.930103302001953,15.066717147827148,5.302513659000397,2.841429200706189,11.637558937072754,256.7321472167969
qwen2.5-7b,C,17,27,R_control,R_role,4.0,4.0,0.6892102956771851,0.5898651033639908,0.7870323300361632,-0.005199998617172241,8.930103302001953,15.066717147827148,5.302513659000397,2.841429200706189,11.637558937072754,98.78836059570312
qwen2.5-7b,C,17,18,R_control,R_harm,-4.0,4.0,-1.8848706483840942,-1.9417859226465226,-1.8289991915225983,0.004800021648406982,10.331169128417969,7.386122226715088,5.302513659000397,1.3929473268169728,-10.8018159866333,32.9244384765625
qwen2.5-7b,C,17,18,R_control,R_control,-4.0,4.0,-2.3417885303497314,-2.3977478742599487,-2.287406784296036,-0.09679996967315674,10.331169128417969,7.386122226715088,5.302513659000397,1.3929473268169728,-10.8018159866333,37.98037338256836
qwen2.5-7b,C,17,18,R_control,R_role,-4.0,4.0,0.055580154061317444,0.034765460062772036,0.07520418018102644,-0.2200000137090683,10.331169128417969,7.386122226715088,5.302513659000397,1.3929473268169728,-10.8018159866333,24.556556701660156
qwen2.5-7b,C,17,22,R_control,R_harm,-4.0,4.0,-0.7556986808776855,-0.865208774805069,-0.6515017479658127,0.00279998779296875,10.331169128417969,7.386122226715088,5.302513659000397,1.3929473268169728,-10.8018159866333,91.50300598144531
qwen2.5-7b,C,17,22,R_control,R_control,-4.0,4.0,-0.5484682321548462,-0.6380359679460526,-0.46287010684609414,-0.5351999700069427,10.331169128417969,7.386122226715088,5.302513659000397,1.3929473268169728,-10.8018159866333,112.28807067871094
qwen2.5-7b,C,17,22,R_control,R_role,-4.0,4.0,0.48445746302604675,0.4270263135433197,0.5420379549264908,-0.3407999873161316,10.331169128417969,7.386122226715088,5.302513659000397,1.3929473268169728,-10.8018159866333,44.506900787353516
qwen2.5-7b,C,17,27,R_control,R_harm,-4.0,4.0,-0.817861795425415,-0.9303072422742844,-0.7093246251344683,-0.06599998474121094,10.331169128417969,7.386122226715088,5.302513659000397,1.3929473268169728,-10.8018159866333,206.79986572265625
qwen2.5-7b,C,17,27,R_control,R_control,-4.0,4.0,-0.5047829151153564,-0.5947374194860459,-0.4192714981734753,-0.792000025510788,10.331169128417969,7.386122226715088,5.302513659000397,1.3929473268169728,-10.8018159866333,256.7321472167969
qwen2.5-7b,C,17,27,R_control,R_role,-4.0,4.0,0.7200897336006165,0.6114063948392868,0.827645355463028,-0.11319999396800995,10.331169128417969,7.386122226715088,5.302513659000397,1.3929473268169728,-10.8018159866333,98.78836059570312
qwen2.5-7b,C,17,18,R_role,R_harm,0.25,0.25,-0.03203717619180679,-0.03649562001228333,-0.02741853627376259,-0.0007999539375305176,0.06282521784305573,0.11795450001955032,0.017570258933119476,6.713304594345459,0.4605346620082855,32.9244384765625
qwen2.5-7b,C,17,18,R_role,R_control,0.25,0.25,0.0002272226702189073,-0.0032932094356510786,0.0038864368398208076,-0.001600027084350586,0.06282521784305573,0.11795450001955032,0.017570258933119476,6.713304594345459,0.4605346620082855,37.98037338256836
qwen2.5-7b,C,17,18,R_role,R_role,0.25,0.25,0.22646208107471466,0.22468200623989104,0.22818423248827457,0.005199998617172241,0.06282521784305573,0.11795450001955032,0.017570258933119476,6.713304594345459,0.4605346620082855,24.556556701660156
qwen2.5-7b,C,17,22,R_role,R_harm,0.25,0.25,0.006132632028311491,0.0022502666863147168,0.01038391781039536,-0.000800013542175293,0.06282521784305573,0.11795450001955032,0.017570258933119476,6.713304594345459,0.4605346620082855,91.50300598144531
qwen2.5-7b,C,17,22,R_role,R_control,0.25,0.25,0.024685172364115715,0.02135124974884093,0.02815124033950269,-0.004799962043762207,0.06282521784305573,0.11795450001955032,0.017570258933119476,6.713304594345459,0.4605346620082855,112.28807067871094
qwen2.5-7b,C,17,22,R_role,R_role,0.25,0.25,0.18346232175827026,0.17375384382903575,0.1933065004646778,0.0520000159740448,0.06282521784305573,0.11795450001955032,0.017570258933119476,6.713304594345459,0.4605346620082855,44.506900787353516
qwen2.5-7b,C,17,27,R_role,R_harm,0.25,0.25,-0.006751444190740585,-0.009867304004728794,-0.0035422671411652175,0.001199960708618164,0.06282521784305573,0.11795450001955032,0.017570258933119476,6.713304594345459,0.4605346620082855,206.79986572265625
qwen2.5-7b,C,17,27,R_role,R_control,0.25,0.25,0.0184190534055233,0.015587844373658299,0.021194190811365844,-0.0040000081062316895,0.06282521784305573,0.11795450001955032,0.017570258933119476,6.713304594345459,0.4605346620082855,256.7321472167969
qwen2.5-7b,C,17,27,R_role,R_role,0.25,0.25,0.1726764738559723,0.15875576958060264,0.1862841386348009,0.043200016021728516,0.06282521784305573,0.11795450001955032,0.017570258933119476,6.713304594345459,0.4605346620082855,98.78836059570312
qwen2.5-7b,C,17,18,R_role,R_harm,-0.25,0.25,0.028654851019382477,0.023651425214484333,0.03331117024645209,-0.0003999471664428711,0.0411999337375164,0.07253176718950272,0.017570258933119476,4.128098935001023,-0.4705273509025574,32.9244384765625
qwen2.5-7b,C,17,18,R_role,R_control,-0.25,0.25,-0.0022792292293161154,-0.006312337564304471,0.0014520245633320883,0.0,0.0411999337375164,0.07253176718950272,0.017570258933119476,4.128098935001023,-0.4705273509025574,37.98037338256836
qwen2.5-7b,C,17,18,R_role,R_role,-0.25,0.25,-0.22127728164196014,-0.22291450574994087,-0.2196099568158388,-0.003600001335144043,0.0411999337375164,0.07253176718950272,0.017570258933119476,4.128098935001023,-0.4705273509025574,24.556556701660156
qwen2.5-7b,C,17,22,R_role,R_harm,-0.25,0.25,-0.011172040365636349,-0.01613180376589298,-0.006562669470440597,0.0004000067710876465,0.0411999337375164,0.07253176718950272,0.017570258933119476,4.128098935001023,-0.4705273509025574,91.50300598144531
qwen2.5-7b,C,17,22,R_role,R_control,-0.25,0.25,-0.026847969740629196,-0.030955988774076106,-0.022811211412772536,0.005600035190582275,0.0411999337375164,0.07253176718950272,0.017570258933119476,4.128098935001023,-0.4705273509025574,112.28807067871094
qwen2.5-7b,C,17,22,R_role,R_role,-0.25,0.25,-0.17120543122291565,-0.1808251291513443,-0.16173053197562695,-0.048799991607666016,0.0411999337375164,0.07253176718950272,0.017570258933119476,4.128098935001023,-0.4705273509025574,44.506900787353516
qwen2.5-7b,C,17,27,R_role,R_harm,-0.25,0.25,-0.0004440130724105984,-0.004528168390970677,0.0033995690464507784,0.0004000067710876465,0.0411999337375164,0.07253176718950272,0.017570258933119476,4.128098935001023,-0.4705273509025574,206.79986572265625
qwen2.5-7b,C,17,27,R_role,R_control,-0.25,0.25,-0.023549435660243034,-0.026923330407589673,-0.02035244363360107,0.003600001335144043,0.0411999337375164,0.07253176718950272,0.017570258933119476,4.128098935001023,-0.4705273509025574,256.7321472167969
qwen2.5-7b,C,17,27,R_role,R_role,-0.25,0.25,-0.1625327169895172,-0.17579141743481158,-0.1485430806875229,-0.04319998621940613,0.0411999337375164,0.07253176718950272,0.017570258933119476,4.128098935001023,-0.4705273509025574,98.78836059570312
qwen2.5-7b,C,17,18,R_role,R_harm,0.5,0.5,-0.06916148960590363,-0.0775230348110199,-0.06034060642123223,-0.001999974250793457,0.2502032220363617,0.4705149829387665,0.06713841343298554,7.008133777370428,0.8461718559265137,32.9244384765625
qwen2.5-7b,C,17,18,R_role,R_control,0.5,0.5,-0.00308597506955266,-0.009759510704316198,0.003935770189855237,-0.006399989128112793,0.2502032220363617,0.4705149829387665,0.06713841343298554,7.008133777370428,0.8461718559265137,37.98037338256836
qwen2.5-7b,C,17,18,R_role,R_role,0.5,0.5,0.45719826221466064,0.45343890637159345,0.4608507238328457,0.007999986410140991,0.2502032220363617,0.4705149829387665,0.06713841343298554,7.008133777370428,0.8461718559265137,24.556556701660156
qwen2.5-7b,C,17,22,R_role,R_harm,0.5,0.5,0.005649563856422901,-0.0015384331258246676,0.013360974541865283,0.0,0.2502032220363617,0.4705149829387665,0.06713841343298554,7.008133777370428,0.8461718559265137,91.50300598144531
qwen2.5-7b,C,17,22,R_role,R_control,0.5,0.5,0.04536616802215576,0.03932863064110279,0.05166290262714028,-0.009999990463256836,0.2502032220363617,0.4705149829387665,0.06713841343298554,7.008133777370428,0.8461718559265137,112.28807067871094
qwen2.5-7b,C,17,22,R_role,R_role,0.5,0.5,0.3754499852657318,0.35659112632274625,0.3950231172144413,0.10440000891685486,0.2502032220363617,0.4705149829387665,0.06713841343298554,7.008133777370428,0.8461718559265137,44.506900787353516
qwen2.5-7b,C,17,27,R_role,R_harm,0.5,0.5,-0.022197039797902107,-0.028301522135734558,-0.01590574434958399,0.000800013542175293,0.2502032220363617,0.4705149829387665,0.06713841343298554,7.008133777370428,0.8461718559265137,206.79986572265625
qwen2.5-7b,C,17,27,R_role,R_control,0.5,0.5,0.030744483694434166,0.025063690217211842,0.03612904120236635,-0.004400014877319336,0.2502032220363617,0.4705149829387665,0.06713841343298554,7.008133777370428,0.8461718559265137,256.7321472167969
qwen2.5-7b,C,17,27,R_role,R_role,0.5,0.5,0.353606641292572,0.326596350222826,0.3798438966274261,0.07919999957084656,0.2502032220363617,0.4705149829387665,0.06713841343298554,7.008133777370428,0.8461718559265137,98.78836059570312
qwen2.5-7b,C,17,18,R_role,R_harm,-0.5,0.5,0.055803194642066956,0.045949538704007864,0.06496298853307961,-0.0003999471664428711,0.1644367277622223,0.28122830390930176,0.06713841343298554,4.188783879887344,-0.8755664229393005,32.9244384765625
qwen2.5-7b,C,17,18,R_role,R_control,-0.5,0.5,-0.004671597387641668,-0.012704877648502588,0.0027339456137269722,-0.0004000067710876465,0.1644367277622223,0.28122830390930176,0.06713841343298554,4.188783879887344,-0.8755664229393005,37.98037338256836
qwen2.5-7b,C,17,18,R_role,R_role,-0.5,0.5,-0.4361864924430847,-0.43919060453772546,-0.43313712775707247,-0.012000024318695068,0.1644367277622223,0.28122830390930176,0.06713841343298554,4.188783879887344,-0.8755664229393005,24.556556701660156
qwen2.5-7b,C,17,22,R_role,R_harm,-0.5,0.5,-0.02530962973833084,-0.035906850919127466,-0.01535601278301329,0.001600027084350586,0.1644367277622223,0.28122830390930176,0.06713841343298554,4.188783879887344,-0.8755664229393005,91.50300598144531
qwen2.5-7b,C,17,22,R_role,R_control,-0.5,0.5,-0.053693581372499466,-0.06260242667049169,-0.045053052157163626,0.009200036525726318,0.1644367277622223,0.28122830390930176,0.06713841343298554,4.188783879887344,-0.8755664229393005,112.28807067871094
qwen2.5-7b,C,17,22,R_role,R_role,-0.5,0.5,-0.3258398175239563,-0.34413361847400664,-0.3075595811009407,-0.09919998049736023,0.1644367277622223,0.28122830390930176,0.06713841343298554,4.188783879887344,-0.8755664229393005,44.506900787353516
qwen2.5-7b,C,17,27,R_role,R_harm,-0.5,0.5,-0.004679641220718622,-0.013332752045243979,0.0034606882487423648,0.0,0.1644367277622223,0.28122830390930176,0.06713841343298554,4.188783879887344,-0.8755664229393005,206.79986572265625
qwen2.5-7b,C,17,27,R_role,R_control,-0.5,0.5,-0.04926300421357155,-0.05625252975150943,-0.04266764894127846,0.007200002670288086,0.1644367277622223,0.28122830390930176,0.06713841343298554,4.188783879887344,-0.8755664229393005,256.7321472167969
qwen2.5-7b,C,17,27,R_role,R_role,-0.5,0.5,-0.3133470416069031,-0.33796010762453077,-0.2882045514881611,-0.07199999690055847,0.1644367277622223,0.28122830390930176,0.06713841343298554,4.188783879887344,-0.8755664229393005,98.78836059570312
qwen2.5-7b,C,17,18,R_role,R_harm,1.0,1.0,-0.1594741940498352,-0.17277674823999406,-0.14531087912619117,-0.0023999810218811035,1.0451027154922485,1.9164903163909912,0.3017879221588373,6.3504539965728055,1.247949242591858,32.9244384765625
qwen2.5-7b,C,17,18,R_role,R_control,1.0,1.0,-0.024374008178710938,-0.03453818866983056,-0.013304656092077505,-0.010399997234344482,1.0451027154922485,1.9164903163909912,0.3017879221588373,6.3504539965728055,1.247949242591858,37.98037338256836
qwen2.5-7b,C,17,18,R_role,R_role,1.0,1.0,0.9204155206680298,0.9120565950870514,0.9285315081477166,0.0031999945640563965,1.0451027154922485,1.9164903163909912,0.3017879221588373,6.3504539965728055,1.247949242591858,24.556556701660156
qwen2.5-7b,C,17,22,R_role,R_harm,1.0,1.0,-0.015590370632708073,-0.029019613517448306,-0.0024282757600303747,0.000800013542175293,1.0451027154922485,1.9164903163909912,0.3017879221588373,6.3504539965728055,1.247949242591858,91.50300598144531
qwen2.5-7b,C,17,22,R_role,R_control,1.0,1.0,0.07196928560733795,0.06066295895725489,0.08279437944293022,-0.018799960613250732,1.0451027154922485,1.9164903163909912,0.3017879221588373,6.3504539965728055,1.247949242591858,112.28807067871094
qwen2.5-7b,C,17,22,R_role,R_role,1.0,1.0,0.7638630867004395,0.7284547924995423,0.7988874271512031,0.193200021982193,1.0451027154922485,1.9164903163909912,0.3017879221588373,6.3504539965728055,1.247949242591858,44.506900787353516
qwen2.5-7b,C,17,27,R_role,R_harm,1.0,1.0,-0.07785273343324661,-0.09219011571258307,-0.0638430779799819,0.0015999674797058105,1.0451027154922485,1.9164903163909912,0.3017879221588373,6.3504539965728055,1.247949242591858,206.79986572265625
qwen2.5-7b,C,17,27,R_role,R_control,1.0,1.0,0.03458447381854057,0.021603974606841804,0.046819016989320505,-0.010399997234344482,1.0451027154922485,1.9164903163909912,0.3017879221588373,6.3504539965728055,1.247949242591858,256.7321472167969
qwen2.5-7b,C,17,27,R_role,R_role,1.0,1.0,0.7065431475639343,0.6552937939763069,0.7553666159510612,0.13839998841285706,1.0451027154922485,1.9164903163909912,0.3017879221588373,6.3504539965728055,1.247949242591858,98.78836059570312
qwen2.5-7b,C,17,18,R_role,R_harm,-1.0,1.0,0.10759088397026062,0.08839932400733233,0.12538433782756328,0.000800013542175293,0.5496795177459717,0.8694213628768921,0.3017879221588373,2.8809017824752354,-1.3780664205551147,32.9244384765625
qwen2.5-7b,C,17,18,R_role,R_control,-1.0,1.0,-0.007942724972963333,-0.023454042663797737,0.006550311017781495,-0.00279998779296875,0.5496795177459717,0.8694213628768921,0.3017879221588373,2.8809017824752354,-1.3780664205551147,37.98037338256836
qwen2.5-7b,C,17,18,R_role,R_role,-1.0,1.0,-0.8476358652114868,-0.8528720512986183,-0.8424164533615113,-0.027600020170211792,0.5496795177459717,0.8694213628768921,0.3017879221588373,2.8809017824752354,-1.3780664205551147,24.556556701660156
qwen2.5-7b,C,17,22,R_role,R_harm,-1.0,1.0,-0.058726463466882706,-0.08228440545499324,-0.03607661817222834,0.0031999945640563965,0.5496795177459717,0.8694213628768921,0.3017879221588373,2.8809017824752354,-1.3780664205551147,91.50300598144531
qwen2.5-7b,C,17,22,R_role,R_control,-1.0,1.0,-0.10554042458534241,-0.1249728349968791,-0.08706807885318998,0.0196000337600708,0.5496795177459717,0.8694213628768921,0.3017879221588373,2.8809017824752354,-1.3780664205551147,112.28807067871094
qwen2.5-7b,C,17,22,R_role,R_role,-1.0,1.0,-0.5890623331069946,-0.6200645089149475,-0.5570536002516746,-0.19359999895095825,0.5496795177459717,0.8694213628768921,0.3017879221588373,2.8809017824752354,-1.3780664205551147,44.506900787353516
qwen2.5-7b,C,17,27,R_role,R_harm,-1.0,1.0,-0.024337422102689743,-0.04428728325292468,-0.005354419990908358,0.001199960708618164,0.5496795177459717,0.8694213628768921,0.3017879221588373,2.8809017824752354,-1.3780664205551147,206.79986572265625
qwen2.5-7b,C,17,27,R_role,R_control,-1.0,1.0,-0.1046840101480484,-0.11972778178751468,-0.08997586145997048,0.016799986362457275,0.5496795177459717,0.8694213628768921,0.3017879221588373,2.8809017824752354,-1.3780664205551147,256.7321472167969
qwen2.5-7b,C,17,27,R_role,R_role,-1.0,1.0,-0.5670288801193237,-0.6070381864905358,-0.524791219830513,-0.10439999401569366,0.5496795177459717,0.8694213628768921,0.3017879221588373,2.8809017824752354,-1.3780664205551147,98.78836059570312
qwen2.5-7b,C,17,18,R_role,R_harm,2.0,2.0,-0.3930884599685669,-0.40791746973991394,-0.3784812219440937,0.0,3.9422552585601807,5.998955726623535,1.2487489953637123,4.803972414709548,0.26912108063697815,32.9244384765625
qwen2.5-7b,C,17,18,R_role,R_control,2.0,2.0,-0.12630373239517212,-0.13790648877620698,-0.11557892207056285,-0.022000014781951904,3.9422552585601807,5.998955726623535,1.2487489953637123,4.803972414709548,0.26912108063697815,37.98037338256836
qwen2.5-7b,C,17,18,R_role,R_role,2.0,2.0,1.797865390777588,1.7805253505706786,1.8148353070020675,-0.01759999990463257,3.9422552585601807,5.998955726623535,1.2487489953637123,4.803972414709548,0.26912108063697815,24.556556701660156
qwen2.5-7b,C,17,22,R_role,R_harm,2.0,2.0,-0.14458976686000824,-0.18189010210335255,-0.10739783700555566,0.001999974250793457,3.9422552585601807,5.998955726623535,1.2487489953637123,4.803972414709548,0.26912108063697815,91.50300598144531
qwen2.5-7b,C,17,22,R_role,R_control,2.0,2.0,0.039386212825775146,0.006872418301645667,0.07148508392274378,-0.03839999437332153,3.9422552585601807,5.998955726623535,1.2487489953637123,4.803972414709548,0.26912108063697815,112.28807067871094
qwen2.5-7b,C,17,22,R_role,R_role,2.0,2.0,1.3866114616394043,1.326345682144165,1.4420019418001175,0.33959999680519104,3.9422552585601807,5.998955726623535,1.2487489953637123,4.803972414709548,0.26912108063697815,44.506900787353516
qwen2.5-7b,C,17,27,R_role,R_harm,2.0,2.0,-0.2823343575000763,-0.32592270746827123,-0.23987744338810446,0.001999974250793457,3.9422552585601807,5.998955726623535,1.2487489953637123,4.803972414709548,0.26912108063697815,206.79986572265625
qwen2.5-7b,C,17,27,R_role,R_control,2.0,2.0,-0.05777681991457939,-0.09399104006588459,-0.02363625471480197,-0.030800044536590576,3.9422552585601807,5.998955726623535,1.2487489953637123,4.803972414709548,0.26912108063697815,256.7321472167969
qwen2.5-7b,C,17,27,R_role,R_role,2.0,2.0,1.2519127130508423,1.153572353720665,1.3462731778621673,0.2900000214576721,3.9422552585601807,5.998955726623535,1.2487489953637123,4.803972414709548,0.26912108063697815,98.78836059570312
qwen2.5-7b,C,17,18,R_role,R_harm,-2.0,2.0,0.21616274118423462,0.18300851322710515,0.2468391422182321,0.004800021648406982,1.5703970193862915,2.067906379699707,1.2487489953637123,1.655982417104893,-1.8443163633346558,32.9244384765625
qwen2.5-7b,C,17,18,R_role,R_control,-2.0,2.0,-0.0012475791154429317,-0.028227812377735972,0.024139354610815626,-0.0055999755859375,1.5703970193862915,2.067906379699707,1.2487489953637123,1.655982417104893,-1.8443163633346558,37.98037338256836
qwen2.5-7b,C,17,18,R_role,R_role,-2.0,2.0,-1.628631591796875,-1.6365344256162644,-1.6206008791923523,-0.06000000238418579,1.5703970193862915,2.067906379699707,1.2487489953637123,1.655982417104893,-1.8443163633346558,24.556556701660156
qwen2.5-7b,C,17,22,R_role,R_harm,-2.0,2.0,-0.12444053590297699,-0.1755055546760559,-0.07504158448427917,0.004800021648406982,1.5703970193862915,2.067906379699707,1.2487489953637123,1.655982417104893,-1.8443163633346558,91.50300598144531
qwen2.5-7b,C,17,22,R_role,R_control,-2.0,2.0,-0.17660635709762573,-0.21647178642451764,-0.1380766723304987,0.027200043201446533,1.5703970193862915,2.067906379699707,1.2487489953637123,1.655982417104893,-1.8443163633346558,112.28807067871094
qwen2.5-7b,C,17,22,R_role,R_role,-2.0,2.0,-0.9512012600898743,-0.9954383820295334,-0.9045363083481789,-0.2831999957561493,1.5703970193862915,2.067906379699707,1.2487489953637123,1.655982417104893,-1.8443163633346558,44.506900787353516
qwen2.5-7b,C,17,27,R_role,R_harm,-2.0,2.0,-0.09820103645324707,-0.1455042514950037,-0.05461921561509375,0.0059999823570251465,1.5703970193862915,2.067906379699707,1.2487489953637123,1.655982417104893,-1.8443163633346558,206.79986572265625
qwen2.5-7b,C,17,27,R_role,R_control,-2.0,2.0,-0.20980243384838104,-0.24396457597613336,-0.17677928097546103,0.022799968719482422,1.5703970193862915,2.067906379699707,1.2487489953637123,1.655982417104893,-1.8443163633346558,256.7321472167969
qwen2.5-7b,C,17,27,R_role,R_role,-2.0,2.0,-0.9060270190238953,-0.9692618697881699,-0.8424609437584877,-0.16040000319480896,1.5703970193862915,2.067906379699707,1.2487489953637123,1.655982417104893,-1.8443163633346558,98.78836059570312
qwen2.5-7b,C,17,18,R_role,R_harm,4.0,4.0,-0.8468807339668274,-0.8809976130723953,-0.8144803166389465,0.0028000473976135254,10.746564865112305,12.332188606262207,5.302513659000397,2.3257250050322376,-1.7224414348602295,32.9244384765625
qwen2.5-7b,C,17,18,R_role,R_control,4.0,4.0,-0.38609904050827026,-0.41715640127658843,-0.35624862909317023,-0.04680001735687256,10.746564865112305,12.332188606262207,5.302513659000397,2.3257250050322376,-1.7224414348602295,37.98037338256836
qwen2.5-7b,C,17,18,R_role,R_role,4.0,4.0,3.2115726470947266,3.186057448387146,3.236959332227707,-0.11120001971721649,10.746564865112305,12.332188606262207,5.302513659000397,2.3257250050322376,-1.7224414348602295,24.556556701660156
qwen2.5-7b,C,17,22,R_role,R_harm,4.0,4.0,-0.3454936742782593,-0.44362336695194243,-0.25180234760046005,0.001600027084350586,10.746564865112305,12.332188606262207,5.302513659000397,2.3257250050322376,-1.7224414348602295,91.50300598144531
qwen2.5-7b,C,17,22,R_role,R_control,4.0,4.0,-0.022990116849541664,-0.09955747779458761,0.05005345037207004,-0.0867999792098999,10.746564865112305,12.332188606262207,5.302513659000397,2.3257250050322376,-1.7224414348602295,112.28807067871094
qwen2.5-7b,C,17,22,R_role,R_role,4.0,4.0,1.7913230657577515,1.7279329776763916,1.8549129396677018,0.15040001273155212,10.746564865112305,12.332188606262207,5.302513659000397,2.3257250050322376,-1.7224414348602295,44.506900787353516
qwen2.5-7b,C,17,27,R_role,R_harm,4.0,4.0,-0.638200581073761,-0.7441878378391266,-0.5366411939263345,-0.06279999017715454,10.746564865112305,12.332188606262207,5.302513659000397,2.3257250050322376,-1.7224414348602295,206.79986572265625
qwen2.5-7b,C,17,27,R_role,R_control,4.0,4.0,-0.29548653960227966,-0.3753789201378822,-0.2189492356032133,-0.1444000005722046,10.746564865112305,12.332188606262207,5.302513659000397,2.3257250050322376,-1.7224414348602295,256.7321472167969
qwen2.5-7b,C,17,27,R_role,R_role,4.0,4.0,1.386711835861206,1.2764564961194993,1.4940124243497848,0.225600004196167,10.746564865112305,12.332188606262207,5.302513659000397,2.3257250050322376,-1.7224414348602295,98.78836059570312
qwen2.5-7b,C,17,18,R_role,R_harm,-4.0,4.0,0.46890345215797424,0.4217542976140976,0.5119913458824158,0.0067999958992004395,5.622502326965332,4.039562225341797,5.302513659000397,0.7618202394415547,-4.280253887176514,32.9244384765625
qwen2.5-7b,C,17,18,R_role,R_control,-4.0,4.0,0.0522586964070797,0.01448330378625542,0.0880333885550499,-0.019200026988983154,5.622502326965332,4.039562225341797,5.302513659000397,0.7618202394415547,-4.280253887176514,37.98037338256836
qwen2.5-7b,C,17,18,R_role,R_role,-4.0,4.0,-3.1465706825256348,-3.1582809150218965,-3.135034453868866,-0.10440000891685486,5.622502326965332,4.039562225341797,5.302513659000397,0.7618202394415547,-4.280253887176514,24.556556701660156
qwen2.5-7b,C,17,22,R_role,R_harm,-4.0,4.0,-0.1764795482158661,-0.2618203639984131,-0.0961330669000746,0.0051999688148498535,5.622502326965332,4.039562225341797,5.302513659000397,0.7618202394415547,-4.280253887176514,91.50300598144531
qwen2.5-7b,C,17,22,R_role,R_control,-4.0,4.0,-0.185724675655365,-0.24911606609821318,-0.12564695812761784,0.018800020217895508,5.622502326965332,4.039562225341797,5.302513659000397,0.7618202394415547,-4.280253887176514,112.28807067871094
qwen2.5-7b,C,17,22,R_role,R_role,-4.0,4.0,-1.2946583032608032,-1.3476073026657105,-1.2401168525218964,-0.29599998891353607,5.622502326965332,4.039562225341797,5.302513659000397,0.7618202394415547,-4.280253887176514,44.506900787353516
qwen2.5-7b,C,17,27,R_role,R_harm,-4.0,4.0,-0.2909853458404541,-0.3785794600844383,-0.2093183461576701,0.001199960708618164,5.622502326965332,4.039562225341797,5.302513659000397,0.7618202394415547,-4.280253887176514,206.79986572265625
qwen2.5-7b,C,17,27,R_role,R_control,-4.0,4.0,-0.3267662525177002,-0.391932588070631,-0.2644674934446812,0.009999990463256836,5.622502326965332,4.039562225341797,5.302513659000397,0.7618202394415547,-4.280253887176514,256.7321472167969
qwen2.5-7b,C,17,27,R_role,R_role,-4.0,4.0,-1.0046906471252441,-1.094984656572342,-0.914991769194603,-0.17880000174045563,5.622502326965332,4.039562225341797,5.302513659000397,0.7618202394415547,-4.280253887176514,98.78836059570312
qwen2.5-7b,C,17,18,random,R_harm,0.25,0.25,-0.01998303458094597,-0.02436943384818733,-0.015869847824797036,-0.0007999539375305176,0.012589668855071068,0.020247772336006165,0.017570258933119476,1.152388955283957,-0.01318359375,32.9244384765625
qwen2.5-7b,C,17,18,random,R_control,0.25,0.25,-0.013466006144881248,-0.01717499424703419,-0.009959341003559531,-0.0040000081062316895,0.012589668855071068,0.020247772336006165,0.017570258933119476,1.152388955283957,-0.01318359375,37.98037338256836
qwen2.5-7b,C,17,18,random,R_role,0.25,0.25,0.007209188304841518,0.006294405227527023,0.00809301717672497,-0.006800025701522827,0.012589668855071068,0.020247772336006165,0.017570258933119476,1.152388955283957,-0.01318359375,24.556556701660156
qwen2.5-7b,C,17,22,random,R_harm,0.25,0.25,-0.01598740555346012,-0.018724515521898865,-0.013226090394891801,-0.001600027084350586,0.012589668855071068,0.020247772336006165,0.017570258933119476,1.152388955283957,-0.01318359375,91.50300598144531
qwen2.5-7b,C,17,22,random,R_control,0.25,0.25,-0.009132545441389084,-0.011479928088374437,-0.006802380620501936,-0.004799962043762207,0.012589668855071068,0.020247772336006165,0.017570258933119476,1.152388955283957,-0.01318359375,112.28807067871094
qwen2.5-7b,C,17,22,random,R_role,0.25,0.25,0.01563826948404312,0.012313088681548835,0.01888116458430886,-0.007599979639053345,0.012589668855071068,0.020247772336006165,0.017570258933119476,1.152388955283957,-0.01318359375,44.506900787353516
qwen2.5-7b,C,17,27,random,R_harm,0.25,0.25,-0.018293773755431175,-0.02138180835172534,-0.015343164908699691,-0.000800013542175293,0.012589668855071068,0.020247772336006165,0.017570258933119476,1.152388955283957,-0.01318359375,206.79986572265625
qwen2.5-7b,C,17,27,random,R_control,0.25,0.25,-0.00979690533131361,-0.012259597354568542,-0.0073159035528078675,-0.004800021648406982,0.012589668855071068,0.020247772336006165,0.017570258933119476,1.152388955283957,-0.01318359375,256.7321472167969
qwen2.5-7b,C,17,27,random,R_role,0.25,0.25,0.029555028304457664,0.023735281778499484,0.03528941804543137,-0.005600005388259888,0.012589668855071068,0.020247772336006165,0.017570258933119476,1.152388955283957,-0.01318359375,98.78836059570312
qwen2.5-7b,C,17,18,random,R_harm,-0.25,0.25,0.016918759793043137,0.013788010738790036,0.020209845481440426,0.0,0.01531657949090004,0.024407941848039627,0.017570258933119476,1.3891623305579919,-0.055878907442092896,32.9244384765625
qwen2.5-7b,C,17,18,random,R_control,-0.25,0.25,0.011395647190511227,0.0087081327335909,0.014102066587656736,0.000800013542175293,0.01531657949090004,0.024407941848039627,0.017570258933119476,1.3891623305579919,-0.055878907442092896,37.98037338256836
qwen2.5-7b,C,17,18,random,R_role,-0.25,0.25,-0.004729384556412697,-0.005448360263835638,-0.004025804938282818,0.001999974250793457,0.01531657949090004,0.024407941848039627,0.017570258933119476,1.3891623305579919,-0.055878907442092896,24.556556701660156
qwen2.5-7b,C,17,22,random,R_harm,-0.25,0.25,0.008742731995880604,0.006907367403618992,0.010459900181740521,0.0004000067710876465,0.01531657949090004,0.024407941848039627,0.017570258933119476,1.3891623305579919,-0.055878907442092896,91.50300598144531
qwen2.5-7b,C,17,22,random,R_control,-0.25,0.25,0.0036294269375503063,0.001956036075716838,0.005222343036439268,0.004800021648406982,0.01531657949090004,0.024407941848039627,0.017570258933119476,1.3891623305579919,-0.055878907442092896,112.28807067871094
qwen2.5-7b,C,17,22,random,R_role,-0.25,0.25,-0.011620203033089638,-0.015159782813861966,-0.00803993521258235,0.004400014877319336,0.01531657949090004,0.024407941848039627,0.017570258933119476,1.3891623305579919,-0.055878907442092896,44.506900787353516
qwen2.5-7b,C,17,27,random,R_harm,-0.25,0.25,0.012851758860051632,0.010665127262473106,0.015080723538994787,0.001199960708618164,0.01531657949090004,0.024407941848039627,0.017570258933119476,1.3891623305579919,-0.055878907442092896,206.79986572265625
qwen2.5-7b,C,17,27,random,R_control,-0.25,0.25,0.0049505350179970264,0.002905585081316531,0.006994540989398956,0.0023999810218811035,0.01531657949090004,0.024407941848039627,0.017570258933119476,1.3891623305579919,-0.055878907442092896,256.7321472167969
qwen2.5-7b,C,17,27,random,R_role,-0.25,0.25,-0.030678607523441315,-0.036156562808901074,-0.025123170018196108,0.0020000040531158447,0.01531657949090004,0.024407941848039627,0.017570258933119476,1.3891623305579919,-0.055878907442092896,98.78836059570312
qwen2.5-7b,C,17,18,random,R_harm,0.5,0.5,-0.04175587743520737,-0.05120434733107686,-0.032796312123537064,-0.0007999539375305176,0.04651303589344025,0.07150490581989288,0.06713841343298554,1.0650371696862597,-0.10181640833616257,32.9244384765625
qwen2.5-7b,C,17,18,random,R_control,0.5,0.5,-0.02762325294315815,-0.035697351954877374,-0.020055392291396856,-0.006399989128112793,0.04651303589344025,0.07150490581989288,0.06713841343298554,1.0650371696862597,-0.10181640833616257,37.98037338256836
qwen2.5-7b,C,17,18,random,R_role,0.5,0.5,0.017590023577213287,0.015732683660462498,0.019391255686059594,-0.016800016164779663,0.04651303589344025,0.07150490581989288,0.06713841343298554,1.0650371696862597,-0.10181640833616257,24.556556701660156
qwen2.5-7b,C,17,22,random,R_harm,0.5,0.5,-0.03873858228325844,-0.04563632681965828,-0.0317201471887529,-0.0012000203132629395,0.04651303589344025,0.07150490581989288,0.06713841343298554,1.0650371696862597,-0.10181640833616257,91.50300598144531
qwen2.5-7b,C,17,22,random,R_control,0.5,0.5,-0.023444028571248055,-0.029198834113776682,-0.01760853170417249,-0.011199951171875,0.04651303589344025,0.07150490581989288,0.06713841343298554,1.0650371696862597,-0.10181640833616257,112.28807067871094
qwen2.5-7b,C,17,22,random,R_role,0.5,0.5,0.03671475127339363,0.030555447144433857,0.04271913841366767,-0.009199976921081543,0.04651303589344025,0.07150490581989288,0.06713841343298554,1.0650371696862597,-0.10181640833616257,44.506900787353516
qwen2.5-7b,C,17,27,random,R_harm,0.5,0.5,-0.04173912853002548,-0.04889447679743171,-0.03484833911061288,-0.0020000338554382324,0.04651303589344025,0.07150490581989288,0.06713841343298554,1.0650371696862597,-0.10181640833616257,206.79986572265625
qwen2.5-7b,C,17,27,random,R_control,0.5,0.5,-0.023785701021552086,-0.02911962429061532,-0.018468765821307898,-0.0067999958992004395,0.04651303589344025,0.07150490581989288,0.06713841343298554,1.0650371696862597,-0.10181640833616257,256.7321472167969
qwen2.5-7b,C,17,27,random,R_role,0.5,0.5,0.059766173362731934,0.049518040660768745,0.06964697912335395,0.0004000067710876465,0.04651303589344025,0.07150490581989288,0.06713841343298554,1.0650371696862597,-0.10181640833616257,98.78836059570312
qwen2.5-7b,C,17,18,random,R_harm,-0.5,0.5,0.030313966795802116,0.025121451076120137,0.03568188771605491,0.0,0.05540122091770172,0.08646790683269501,0.06713841343298554,1.287905126310488,-0.15724609792232513,32.9244384765625
qwen2.5-7b,C,17,18,random,R_control,-0.5,0.5,0.020774608477950096,0.016354466136544944,0.025201451545581215,0.000800013542175293,0.05540122091770172,0.08646790683269501,0.06713841343298554,1.287905126310488,-0.15724609792232513,37.98037338256836
qwen2.5-7b,C,17,18,random,R_role,-0.5,0.5,-0.005685619078576565,-0.006841357075609266,-0.0045680329320020975,0.0015999972820281982,0.05540122091770172,0.08646790683269501,0.06713841343298554,1.287905126310488,-0.15724609792232513,24.556556701660156
qwen2.5-7b,C,17,22,random,R_harm,-0.5,0.5,0.011209964752197266,0.007920761848799885,0.014446244155988096,0.0023999810218811035,0.05540122091770172,0.08646790683269501,0.06713841343298554,1.287905126310488,-0.15724609792232513,91.50300598144531
qwen2.5-7b,C,17,22,random,R_control,-0.5,0.5,0.002907821210101247,-0.00023667264322284608,0.005835265107452869,0.011200010776519775,0.05540122091770172,0.08646790683269501,0.06713841343298554,1.287905126310488,-0.15724609792232513,112.28807067871094
qwen2.5-7b,C,17,22,random,R_role,-0.5,0.5,-0.019306546077132225,-0.026222385559231044,-0.012339119543321434,0.008400022983551025,0.05540122091770172,0.08646790683269501,0.06713841343298554,1.287905126310488,-0.15724609792232513,44.506900787353516
qwen2.5-7b,C,17,27,random,R_harm,-0.5,0.5,0.01877162605524063,0.015244039054960013,0.022594049293547868,0.0023999810218811035,0.05540122091770172,0.08646790683269501,0.06713841343298554,1.287905126310488,-0.15724609792232513,206.79986572265625
qwen2.5-7b,C,17,27,random,R_control,-0.5,0.5,0.004351535812020302,0.0009671683481428772,0.007708510127849876,0.004799962043762207,0.05540122091770172,0.08646790683269501,0.06713841343298554,1.287905126310488,-0.15724609792232513,256.7321472167969
qwen2.5-7b,C,17,27,random,R_role,-0.5,0.5,-0.06106721982359886,-0.07169071678072214,-0.05002970732748509,0.004799991846084595,0.05540122091770172,0.08646790683269501,0.06713841343298554,1.287905126310488,-0.15724609792232513,98.78836059570312
qwen2.5-7b,C,17,18,random,R_harm,1.0,1.0,-0.08903235197067261,-0.10997665617614985,-0.06953740660101176,-0.001199960708618164,0.2589014172554016,0.39801234006881714,0.3017879221588373,1.3188478094870042,-0.630566418170929,32.9244384765625
qwen2.5-7b,C,17,18,random,R_control,1.0,1.0,-0.05729730427265167,-0.07499926667660475,-0.04069808963686229,-0.013199985027313232,0.2589014172554016,0.39801234006881714,0.3017879221588373,1.3188478094870042,-0.630566418170929,37.98037338256836
qwen2.5-7b,C,17,18,random,R_role,1.0,1.0,0.0442129522562027,0.03961668349802494,0.04862369168549776,-0.04240000247955322,0.2589014172554016,0.39801234006881714,0.3017879221588373,1.3188478094870042,-0.630566418170929,24.556556701660156
qwen2.5-7b,C,17,22,random,R_harm,1.0,1.0,-0.10679314285516739,-0.127556973695755,-0.08779142890125514,-0.001999974250793457,0.2589014172554016,0.39801234006881714,0.3017879221588373,1.3188478094870042,-0.630566418170929,91.50300598144531
qwen2.5-7b,C,17,22,random,R_control,1.0,1.0,-0.06793460994958878,-0.08453747779130935,-0.052362949308007965,-0.02399998903274536,0.2589014172554016,0.39801234006881714,0.3017879221588373,1.3188478094870042,-0.630566418170929,112.28807067871094
qwen2.5-7b,C,17,22,random,R_role,1.0,1.0,0.10751399397850037,0.09559975881129504,0.11951329298317431,0.003600001335144043,0.2589014172554016,0.39801234006881714,0.3017879221588373,1.3188478094870042,-0.630566418170929,44.506900787353516
qwen2.5-7b,C,17,27,random,R_harm,1.0,1.0,-0.10718727111816406,-0.12543846666812897,-0.08997287917882205,-0.003600001335144043,0.2589014172554016,0.39801234006881714,0.3017879221588373,1.3188478094870042,-0.630566418170929,206.79986572265625
qwen2.5-7b,C,17,27,random,R_control,1.0,1.0,-0.06376247853040695,-0.07735380213707685,-0.05076339440420271,-0.011200010776519775,0.2589014172554016,0.39801234006881714,0.3017879221588373,1.3188478094870042,-0.630566418170929,256.7321472167969
qwen2.5-7b,C,17,27,random,R_role,1.0,1.0,0.15115779638290405,0.1297804642468691,0.1711439061909914,0.02799999713897705,0.2589014172554016,0.39801234006881714,0.3017879221588373,1.3188478094870042,-0.630566418170929,98.78836059570312
qwen2.5-7b,C,17,18,random,R_harm,-1.0,1.0,0.04814274236559868,0.041521763801574706,0.054612607695162296,0.0,0.19321590662002563,0.28500860929489136,0.3017879221588373,0.9444003168055392,-0.38837891817092896,32.9244384765625
qwen2.5-7b,C,17,18,random,R_control,-1.0,1.0,0.03314851596951485,0.02785411518998444,0.038577921595424405,0.0004000067710876465,0.19321590662002563,0.28500860929489136,0.3017879221588373,0.9444003168055392,-0.38837891817092896,37.98037338256836
qwen2.5-7b,C,17,18,random,R_role,-1.0,1.0,-0.00011293936404399574,-0.002877802710281685,0.0025947583315428335,-0.014400005340576172,0.19321590662002563,0.28500860929489136,0.3017879221588373,0.9444003168055392,-0.38837891817092896,24.556556701660156
qwen2.5-7b,C,17,22,random,R_harm,-1.0,1.0,-0.0006479938165284693,-0.010214735730551183,0.008776337001472711,0.003600001335144043,0.19321590662002563,0.28500860929489136,0.3017879221588373,0.9444003168055392,-0.38837891817092896,91.50300598144531
qwen2.5-7b,C,17,22,random,R_control,-1.0,1.0,-0.00896981917321682,-0.017503622500225902,-0.0007195404468802879,0.016400039196014404,0.19321590662002563,0.28500860929489136,0.3017879221588373,0.9444003168055392,-0.38837891817092896,112.28807067871094
qwen2.5-7b,C,17,22,random,R_role,-1.0,1.0,-0.024995530024170876,-0.039517073333263396,-0.010391116235405212,0.0,0.19321590662002563,0.28500860929489136,0.3017879221588373,0.9444003168055392,-0.38837891817092896,44.506900787353516
qwen2.5-7b,C,17,27,random,R_harm,-1.0,1.0,0.012172055430710316,0.0044625017559155825,0.019832495087757706,0.0040000081062316895,0.19321590662002563,0.28500860929489136,0.3017879221588373,0.9444003168055392,-0.38837891817092896,206.79986572265625
qwen2.5-7b,C,17,27,random,R_control,-1.0,1.0,-0.01336872112005949,-0.019594587665051223,-0.00722697349265218,0.010800004005432129,0.19321590662002563,0.28500860929489136,0.3017879221588373,0.9444003168055392,-0.38837891817092896,256.7321472167969
qwen2.5-7b,C,17,27,random,R_role,-1.0,1.0,-0.12931764125823975,-0.15084607079625129,-0.10630071628838779,0.01199999451637268,0.19321590662002563,0.28500860929489136,0.3017879221588373,0.9444003168055392,-0.38837891817092896,98.78836059570312
qwen2.5-7b,C,17,18,random,R_harm,2.0,2.0,-0.16888204216957092,-0.2086658250540495,-0.13150502368807793,0.002400040626525879,1.5142799615859985,1.8461300134658813,1.2487489953637123,1.4783835825454859,-3.3033788204193115,32.9244384765625
qwen2.5-7b,C,17,18,random,R_control,2.0,2.0,-0.0993461012840271,-0.1330819122493267,-0.06761473678052426,-0.028400003910064697,1.5142799615859985,1.8461300134658813,1.2487489953637123,1.4783835825454859,-3.3033788204193115,37.98037338256836
qwen2.5-7b,C,17,18,random,R_role,2.0,2.0,0.11120948195457458,0.10188712123781443,0.12065910566598177,-0.0828000009059906,1.5142799615859985,1.8461300134658813,1.2487489953637123,1.4783835825454859,-3.3033788204193115,24.556556701660156
qwen2.5-7b,C,17,22,random,R_harm,2.0,2.0,-0.2851375341415405,-0.3460226483643055,-0.22824686989188198,-0.005200028419494629,1.5142799615859985,1.8461300134658813,1.2487489953637123,1.4783835825454859,-3.3033788204193115,91.50300598144531
qwen2.5-7b,C,17,22,random,R_control,2.0,2.0,-0.16938938200473785,-0.21681897565722466,-0.12422303501516582,-0.04799997806549072,1.5142799615859985,1.8461300134658813,1.2487489953637123,1.4783835825454859,-3.3033788204193115,112.28807067871094
qwen2.5-7b,C,17,22,random,R_role,2.0,2.0,0.3038981556892395,0.2718195989727974,0.3368489511311054,0.06839999556541443,1.5142799615859985,1.8461300134658813,1.2487489953637123,1.4783835825454859,-3.3033788204193115,44.506900787353516
qwen2.5-7b,C,17,27,random,R_harm,2.0,2.0,-0.30294856429100037,-0.359841863065958,-0.24986076802015306,-0.013199985027313232,1.5142799615859985,1.8461300134658813,1.2487489953637123,1.4783835825454859,-3.3033788204193115,206.79986572265625
qwen2.5-7b,C,17,27,random,R_control,2.0,2.0,-0.1775353103876114,-0.2216786891222,-0.13636767901480204,-0.03440004587173462,1.5142799615859985,1.8461300134658813,1.2487489953637123,1.4783835825454859,-3.3033788204193115,256.7321472167969
qwen2.5-7b,C,17,27,random,R_role,2.0,2.0,0.41781795024871826,0.36439264714717867,0.4721983328461647,0.04240000247955322,1.5142799615859985,1.8461300134658813,1.2487489953637123,1.4783835825454859,-3.3033788204193115,98.78836059570312
qwen2.5-7b,C,17,18,random,R_harm,-2.0,2.0,0.05185889080166817,0.044543061219155786,0.05860647512599826,0.0020000338554382324,0.6296455264091492,0.8213644623756409,1.2487489953637123,0.6577498483883938,-0.47837889194488525,32.9244384765625
qwen2.5-7b,C,17,18,random,R_control,-2.0,2.0,0.032256316393613815,0.024547865381464362,0.039196189399808644,-0.001999974250793457,0.6296455264091492,0.8213644623756409,1.2487489953637123,0.6577498483883938,-0.47837889194488525,37.98037338256836
qwen2.5-7b,C,17,18,random,R_role,-2.0,2.0,0.021420791745185852,0.013778270478360355,0.029217301588505506,-0.06760001182556152,0.6296455264091492,0.8213644623756409,1.2487489953637123,0.6577498483883938,-0.47837889194488525,24.556556701660156
qwen2.5-7b,C,17,22,random,R_harm,-2.0,2.0,-0.06254440546035767,-0.09888674765825271,-0.027612027991563082,0.007200002670288086,0.6296455264091492,0.8213644623756409,1.2487489953637123,0.6577498483883938,-0.47837889194488525,91.50300598144531
qwen2.5-7b,C,17,22,random,R_control,-2.0,2.0,-0.040788259357213974,-0.06967921257019043,-0.011752925626933601,0.018800020217895508,0.6296455264091492,0.8213644623756409,1.2487489953637123,0.6577498483883938,-0.47837889194488525,112.28807067871094
qwen2.5-7b,C,17,22,random,R_role,-2.0,2.0,0.03240160271525383,0.002510714530944825,0.062256185337901115,-0.07400000095367432,0.6296455264091492,0.8213644623756409,1.2487489953637123,0.6577498483883938,-0.47837889194488525,44.506900787353516
qwen2.5-7b,C,17,27,random,R_harm,-2.0,2.0,-0.06389372050762177,-0.09332017470151185,-0.03574147615581753,0.00959998369216919,0.6296455264091492,0.8213644623756409,1.2487489953637123,0.6577498483883938,-0.47837889194488525,206.79986572265625
qwen2.5-7b,C,17,27,random,R_control,-2.0,2.0,-0.08239930123090744,-0.10489243771880866,-0.05978692779317498,0.016799986362457275,0.6296455264091492,0.8213644623756409,1.2487489953637123,0.6577498483883938,-0.47837889194488525,256.7321472167969
qwen2.5-7b,C,17,27,random,R_role,-2.0,2.0,-0.16101756691932678,-0.2079401805996895,-0.11291030850261452,-0.04999998211860657,0.6296455264091492,0.8213644623756409,1.2487489953637123,0.6577498483883938,-0.47837889194488525,98.78836059570312
qwen2.5-7b,C,17,18,random,R_harm,4.0,4.0,-0.2585541605949402,-0.3126532703638077,-0.2070622354745865,0.004800021648406982,4.500062942504883,4.4763078689575195,5.302513659000397,0.8441860138086604,-2.069941520690918,32.9244384765625
qwen2.5-7b,C,17,18,random,R_control,4.0,4.0,-0.13328509032726288,-0.17867662571370602,-0.08985888622701169,-0.04640001058578491,4.500062942504883,4.4763078689575195,5.302513659000397,0.8441860138086604,-2.069941520690918,37.98037338256836
qwen2.5-7b,C,17,18,random,R_role,4.0,4.0,0.1945938915014267,0.18051194585859776,0.20921069756150246,-0.13280001282691956,4.500062942504883,4.4763078689575195,5.302513659000397,0.8441860138086604,-2.069941520690918,24.556556701660156
qwen2.5-7b,C,17,22,random,R_harm,4.0,4.0,-0.3519359827041626,-0.45224100798368455,-0.2561663396656514,-0.015999972820281982,4.500062942504883,4.4763078689575195,5.302513659000397,0.8441860138086604,-2.069941520690918,91.50300598144531
qwen2.5-7b,C,17,22,random,R_control,4.0,4.0,-0.10910968482494354,-0.18720179833471776,-0.03489079987630249,-0.11319994926452637,4.500062942504883,4.4763078689575195,5.302513659000397,0.8441860138086604,-2.069941520690918,112.28807067871094
qwen2.5-7b,C,17,22,random,R_role,4.0,4.0,0.5556128025054932,0.503190316259861,0.6066168010234833,-0.07799997925758362,4.500062942504883,4.4763078689575195,5.302513659000397,0.8441860138086604,-2.069941520690918,44.506900787353516
qwen2.5-7b,C,17,27,random,R_harm,4.0,4.0,-0.5036813616752625,-0.606718721985817,-0.40555235147476204,-0.0196000337600708,4.500062942504883,4.4763078689575195,5.302513659000397,0.8441860138086604,-2.069941520690918,206.79986572265625
qwen2.5-7b,C,17,27,random,R_control,4.0,4.0,-0.2085774540901184,-0.2842384234070778,-0.1361534167081118,-0.07600003480911255,4.500062942504883,4.4763078689575195,5.302513659000397,0.8441860138086604,-2.069941520690918,256.7321472167969
qwen2.5-7b,C,17,27,random,R_role,4.0,4.0,0.7850496172904968,0.691686925292015,0.8781811848282813,-0.10679998993873596,4.500062942504883,4.4763078689575195,5.302513659000397,0.8441860138086604,-2.069941520690918,98.78836059570312
qwen2.5-7b,C,17,18,random,R_harm,-4.0,4.0,0.044859301298856735,0.01852016253396869,0.07081657107919455,0.005600035190582275,2.926138401031494,3.630070209503174,5.302513659000397,0.6845942213353009,-0.07994140684604645,32.9244384765625
qwen2.5-7b,C,17,18,random,R_control,-4.0,4.0,0.014589427970349789,-0.009760929038748145,0.03840743824839592,-0.013599991798400879,2.926138401031494,3.630070209503174,5.302513659000397,0.6845942213353009,-0.07994140684604645,37.98037338256836
qwen2.5-7b,C,17,18,random,R_role,-4.0,4.0,0.06592753529548645,0.050425032060593365,0.0810101021081209,-0.16840001940727234,2.926138401031494,3.630070209503174,5.302513659000397,0.6845942213353009,-0.07994140684604645,24.556556701660156
qwen2.5-7b,C,17,22,random,R_harm,-4.0,4.0,-0.17004290223121643,-0.2543457247316837,-0.0927035510540009,0.0051999688148498535,2.926138401031494,3.630070209503174,5.302513659000397,0.6845942213353009,-0.07994140684604645,91.50300598144531
qwen2.5-7b,C,17,22,random,R_control,-4.0,4.0,-0.013509314507246017,-0.07855260372161865,0.04803048614412546,-0.010799944400787354,2.926138401031494,3.630070209503174,5.302513659000397,0.6845942213353009,-0.07994140684604645,112.28807067871094
qwen2.5-7b,C,17,22,random,R_role,-4.0,4.0,0.3359163701534271,0.2846338912844658,0.38802262842655183,-0.2979999929666519,2.926138401031494,3.630070209503174,5.302513659000397,0.6845942213353009,-0.07994140684604645,44.506900787353516
qwen2.5-7b,C,17,27,random,R_harm,-4.0,4.0,-0.32585209608078003,-0.4075254455208778,-0.24787202626466753,0.0067999958992004395,2.926138401031494,3.630070209503174,5.302513659000397,0.6845942213353009,-0.07994140684604645,206.79986572265625
qwen2.5-7b,C,17,27,random,R_control,-4.0,4.0,-0.21066536009311676,-0.2763066470623016,-0.14785803072154524,-0.01759999990463257,2.926138401031494,3.630070209503174,5.302513659000397,0.6845942213353009,-0.07994140684604645,256.7321472167969
qwen2.5-7b,C,17,27,random,R_role,-4.0,4.0,0.18377692997455597,0.10135354213416577,0.269278734922409,-0.2963999956846237,2.926138401031494,3.630070209503174,5.302513659000397,0.6845942213353009,-0.07994140684604645,98.78836059570312
qwen2.5-7b,C,20,21,R_harm,R_harm,0.25,0.25,0.23707464337348938,0.2335824929177761,0.24053292907774448,-0.0015999674797058105,0.11391162872314453,0.17057834565639496,0.029660006519407034,5.751122999409414,2.0580272674560547,73.05516815185547
qwen2.5-7b,C,20,21,R_harm,R_control,0.25,0.25,0.15350520610809326,0.15002794787287713,0.157112992182374,0.003600001335144043,0.11391162872314453,0.17057834565639496,0.029660006519407034,5.751122999409414,2.0580272674560547,89.58804321289062
qwen2.5-7b,C,20,21,R_harm,R_role,0.25,0.25,-0.008994795382022858,-0.011171100893989205,-0.006804593221750111,0.008799970149993896,0.11391162872314453,0.17057834565639496,0.029660006519407034,5.751122999409414,2.0580272674560547,37.5247917175293
qwen2.5-7b,C,20,24,R_harm,R_harm,0.25,0.25,0.17642328143119812,0.16772165708243847,0.1854620698839426,-0.0007999539375305176,0.11391162872314453,0.17057834565639496,0.029660006519407034,5.751122999409414,2.0580272674560547,131.63490295410156
qwen2.5-7b,C,20,24,R_harm,R_control,0.25,0.25,0.12044648081064224,0.11169649697840214,0.12944656126201154,0.01639997959136963,0.11391162872314453,0.17057834565639496,0.029660006519407034,5.751122999409414,2.0580272674560547,165.8619384765625
qwen2.5-7b,C,20,24,R_harm,R_role,0.25,0.25,0.031972575932741165,0.022204742347821594,0.042063405923545356,0.057199954986572266,0.11391162872314453,0.17057834565639496,0.029660006519407034,5.751122999409414,2.0580272674560547,58.253273010253906
qwen2.5-7b,C,20,27,R_harm,R_harm,0.25,0.25,0.15618057548999786,0.1479129869490862,0.1651301383972168,-0.0012000203132629395,0.11391162872314453,0.17057834565639496,0.029660006519407034,5.751122999409414,2.0580272674560547,206.79986572265625
qwen2.5-7b,C,20,27,R_harm,R_control,0.25,0.25,0.09863097965717316,0.09067221023142338,0.10691609475761651,0.018000006675720215,0.11391162872314453,0.17057834565639496,0.029660006519407034,5.751122999409414,2.0580272674560547,256.7321472167969
qwen2.5-7b,C,20,27,R_harm,R_role,0.25,0.25,-0.039249297231435776,-0.047136449906975034,-0.03140275878831744,-0.005600005388259888,0.11391162872314453,0.17057834565639496,0.029660006519407034,5.751122999409414,2.0580272674560547,98.78836059570312
qwen2.5-7b,C,20,21,R_harm,R_harm,-0.25,0.25,-0.23354364931583405,-0.23913593031466007,-0.22820699997246266,0.0004000067710876465,0.1040741428732872,0.13828426599502563,0.029660006519407034,4.662314079551667,-1.8759570121765137,73.05516815185547
qwen2.5-7b,C,20,21,R_harm,R_control,-0.25,0.25,-0.14955902099609375,-0.15470182225108148,-0.1446044072508812,-0.004400014877319336,0.1040741428732872,0.13828426599502563,0.029660006519407034,4.662314079551667,-1.8759570121765137,89.58804321289062
qwen2.5-7b,C,20,21,R_harm,R_role,-0.25,0.25,0.012098368257284164,0.00961128999479115,0.014691268862225113,-0.007600009441375732,0.1040741428732872,0.13828426599502563,0.029660006519407034,4.662314079551667,-1.8759570121765137,37.5247917175293
qwen2.5-7b,C,20,24,R_harm,R_harm,-0.25,0.25,-0.17582355439662933,-0.18995495848357677,-0.16287014447152617,0.0004000067710876465,0.1040741428732872,0.13828426599502563,0.029660006519407034,4.662314079551667,-1.8759570121765137,131.63490295410156
qwen2.5-7b,C,20,24,R_harm,R_control,-0.25,0.25,-0.1188112199306488,-0.1323007445782423,-0.10607683584094049,-0.018800020217895508,0.1040741428732872,0.13828426599502563,0.029660006519407034,4.662314079551667,-1.8759570121765137,165.8619384765625
qwen2.5-7b,C,20,24,R_harm,R_role,-0.25,0.25,-0.023669788613915443,-0.034788865223526956,-0.013105893647298219,-0.048400044441223145,0.1040741428732872,0.13828426599502563,0.029660006519407034,4.662314079551667,-1.8759570121765137,58.253273010253906
qwen2.5-7b,C,20,27,R_harm,R_harm,-0.25,0.25,-0.15702484548091888,-0.1693111289292574,-0.1450470805168152,0.0015999674797058105,0.1040741428732872,0.13828426599502563,0.029660006519407034,4.662314079551667,-1.8759570121765137,206.79986572265625
qwen2.5-7b,C,20,27,R_harm,R_control,-0.25,0.25,-0.10106971114873886,-0.11286110877990722,-0.09011981505900622,-0.016400039196014404,0.1040741428732872,0.13828426599502563,0.029660006519407034,4.662314079551667,-1.8759570121765137,256.7321472167969
qwen2.5-7b,C,20,27,R_harm,R_role,-0.25,0.25,0.04098440334200859,0.03264475455507636,0.04966696174815296,-0.002400010824203491,0.1040741428732872,0.13828426599502563,0.029660006519407034,4.662314079551667,-1.8759570121765137,98.78836059570312
qwen2.5-7b,C,20,21,R_harm,R_harm,0.5,0.5,0.47716251015663147,0.4719792552292347,0.4825391754508018,-0.0015999674797058105,0.43527382612228394,0.5840418338775635,0.11085746809840202,5.2684031477170485,4.706308364868164,73.05516815185547
qwen2.5-7b,C,20,21,R_harm,R_control,0.5,0.5,0.31085583567619324,0.3055656492710114,0.31631607860326766,0.007200002670288086,0.43527382612228394,0.5840418338775635,0.11085746809840202,5.2684031477170485,4.706308364868164,89.58804321289062
qwen2.5-7b,C,20,21,R_harm,R_role,0.5,0.5,-0.014573965221643448,-0.018138879723846913,-0.010949750826694074,0.015200018882751465,0.43527382612228394,0.5840418338775635,0.11085746809840202,5.2684031477170485,4.706308364868164,37.5247917175293
qwen2.5-7b,C,20,24,R_harm,R_harm,0.5,0.5,0.3590396046638489,0.34560756534338,0.373951156437397,-0.0031999945640563965,0.43527382612228394,0.5840418338775635,0.11085746809840202,5.2684031477170485,4.706308364868164,131.63490295410156
qwen2.5-7b,C,20,24,R_harm,R_control,0.5,0.5,0.24657608568668365,0.2329195536673069,0.2604304410517216,0.022799968719482422,0.43527382612228394,0.5840418338775635,0.11085746809840202,5.2684031477170485,4.706308364868164,165.8619384765625
qwen2.5-7b,C,20,24,R_harm,R_role,0.5,0.5,0.0692996010184288,0.051208002306520936,0.0879495484754443,0.09999996423721313,0.43527382612228394,0.5840418338775635,0.11085746809840202,5.2684031477170485,4.706308364868164,58.253273010253906
qwen2.5-7b,C,20,27,R_harm,R_harm,0.5,0.5,0.3179999887943268,0.3035173356533051,0.33322149366140363,-0.001600027084350586,0.43527382612228394,0.5840418338775635,0.11085746809840202,5.2684031477170485,4.706308364868164,206.79986572265625
qwen2.5-7b,C,20,27,R_harm,R_control,0.5,0.5,0.20005226135253906,0.1877873919904232,0.21324481703341006,0.026399970054626465,0.43527382612228394,0.5840418338775635,0.11085746809840202,5.2684031477170485,4.706308364868164,256.7321472167969
qwen2.5-7b,C,20,27,R_harm,R_role,0.5,0.5,-0.0767047256231308,-0.09194433223456144,-0.061588547937572,-0.013999998569488525,0.43527382612228394,0.5840418338775635,0.11085746809840202,5.2684031477170485,4.706308364868164,98.78836059570312
qwen2.5-7b,C,20,21,R_harm,R_harm,-0.5,0.5,-0.4626386761665344,-0.4752540893852711,-0.45051407963037493,0.0012000203132629395,0.48400622606277466,0.48885172605514526,0.11085746809840202,4.4097320139155505,-4.129550933837891,73.05516815185547
qwen2.5-7b,C,20,21,R_harm,R_control,-0.5,0.5,-0.2946956157684326,-0.3057724334299564,-0.28392601683735846,-0.00959998369216919,0.48400622606277466,0.48885172605514526,0.11085746809840202,4.4097320139155505,-4.129550933837891,89.58804321289062
qwen2.5-7b,C,20,21,R_harm,R_role,-0.5,0.5,0.02700234018266201,0.021660788962617517,0.03245875490829348,-0.013999998569488525,0.48400622606277466,0.48885172605514526,0.11085746809840202,4.4097320139155505,-4.129550933837891,37.5247917175293
qwen2.5-7b,C,20,24,R_harm,R_harm,-0.5,0.5,-0.35428595542907715,-0.38785427808761597,-0.32331508845090867,-0.001199960708618164,0.48400622606277466,0.48885172605514526,0.11085746809840202,4.4097320139155505,-4.129550933837891,131.63490295410156
qwen2.5-7b,C,20,24,R_harm,R_control,-0.5,0.5,-0.23761433362960815,-0.2683159880340099,-0.20923736542463306,-0.031199991703033447,0.48400622606277466,0.48885172605514526,0.11085746809840202,4.4097320139155505,-4.129550933837891,165.8619384765625
qwen2.5-7b,C,20,24,R_harm,R_role,-0.5,0.5,-0.03924261033535004,-0.061429389752447605,-0.01774686630815268,-0.10680001974105835,0.48400622606277466,0.48885172605514526,0.11085746809840202,4.4097320139155505,-4.129550933837891,58.253273010253906
qwen2.5-7b,C,20,27,R_harm,R_harm,-0.5,0.5,-0.32229945063591003,-0.3524902820587158,-0.29422517493367195,0.004400014877319336,0.48400622606277466,0.48885172605514526,0.11085746809840202,4.4097320139155505,-4.129550933837891,206.79986572265625
qwen2.5-7b,C,20,27,R_harm,R_control,-0.5,0.5,-0.20973214507102966,-0.2375773087143898,-0.18390442840754986,-0.040400028228759766,0.48400622606277466,0.48885172605514526,0.11085746809840202,4.4097320139155505,-4.129550933837891,256.7321472167969
qwen2.5-7b,C,20,27,R_harm,R_role,-0.5,0.5,0.07918547838926315,0.061723667476326224,0.09804688412696123,-0.021600008010864258,0.48400622606277466,0.48885172605514526,0.11085746809840202,4.4097320139155505,-4.129550933837891,98.78836059570312
qwen2.5-7b,C,20,21,R_harm,R_harm,1.0,1.0,0.9567989110946655,0.949027968943119,0.964461499452591,-0.001999974250793457,2.095498561859131,3.232794761657715,0.47084084153175354,6.866003278604061,9.883808135986328,73.05516815185547
qwen2.5-7b,C,20,21,R_harm,R_control,1.0,1.0,0.6312050223350525,0.6254610881209374,0.6372656270861625,0.007600009441375732,2.095498561859131,3.232794761657715,0.47084084153175354,6.866003278604061,9.883808135986328,89.58804321289062
qwen2.5-7b,C,20,21,R_harm,R_role,1.0,1.0,-0.02022608555853367,-0.025276025151833893,-0.015210885298438372,0.013999998569488525,2.095498561859131,3.232794761657715,0.47084084153175354,6.866003278604061,9.883808135986328,37.5247917175293
qwen2.5-7b,C,20,24,R_harm,R_harm,1.0,1.0,0.7421212792396545,0.7161304265260696,0.7674493506550789,-0.008799970149993896,2.095498561859131,3.232794761657715,0.47084084153175354,6.866003278604061,9.883808135986328,131.63490295410156
qwen2.5-7b,C,20,24,R_harm,R_control,1.0,1.0,0.5218620896339417,0.5050761088728905,0.5389238834381104,0.022000014781951904,2.095498561859131,3.232794761657715,0.47084084153175354,6.866003278604061,9.883808135986328,165.8619384765625
qwen2.5-7b,C,20,24,R_harm,R_role,1.0,1.0,0.16314145922660828,0.13424459137022496,0.1929590582847595,0.147599995136261,2.095498561859131,3.232794761657715,0.47084084153175354,6.866003278604061,9.883808135986328,58.253273010253906
qwen2.5-7b,C,20,27,R_harm,R_harm,1.0,1.0,0.6543556451797485,0.6168384283781052,0.689590398967266,-0.008000016212463379,2.095498561859131,3.232794761657715,0.47084084153175354,6.866003278604061,9.883808135986328,206.79986572265625
qwen2.5-7b,C,20,27,R_harm,R_control,1.0,1.0,0.41622763872146606,0.39360503032803534,0.4388943761587143,0.02879995107650757,2.095498561859131,3.232794761657715,0.47084084153175354,6.866003278604061,9.883808135986328,256.7321472167969
qwen2.5-7b,C,20,27,R_harm,R_role,1.0,1.0,-0.16610915958881378,-0.19623561576008797,-0.1359879057854414,0.0015999972820281982,2.095498561859131,3.232794761657715,0.47084084153175354,6.866003278604061,9.883808135986328,98.78836059570312
qwen2.5-7b,C,20,21,R_harm,R_harm,-1.0,1.0,-0.8975659012794495,-0.9244958743453026,-0.8721713840961456,0.001600027084350586,2.9355459213256836,1.5813244581222534,0.47084084153175354,3.3585116638944092,-9.91275405883789,73.05516815185547
qwen2.5-7b,C,20,21,R_harm,R_control,-1.0,1.0,-0.5662709474563599,-0.5884759351611137,-0.5452428162097931,-0.014400005340576172,2.9355459213256836,1.5813244581222534,0.47084084153175354,3.3585116638944092,-9.91275405883789,89.58804321289062
qwen2.5-7b,C,20,21,R_harm,R_role,-1.0,1.0,0.060734592378139496,0.04961668755859137,0.07149628568440676,-0.0252000093460083,2.9355459213256836,1.5813244581222534,0.47084084153175354,3.3585116638944092,-9.91275405883789,37.5247917175293
qwen2.5-7b,C,20,24,R_harm,R_harm,-1.0,1.0,-0.6742352247238159,-0.7471985876560211,-0.6045905634760858,-0.006399989128112793,2.9355459213256836,1.5813244581222534,0.47084084153175354,3.3585116638944092,-9.91275405883789,131.63490295410156
qwen2.5-7b,C,20,24,R_harm,R_control,-1.0,1.0,-0.4328594505786896,-0.49414903819561007,-0.3743032939732075,-0.08399999141693115,2.9355459213256836,1.5813244581222534,0.47084084153175354,3.3585116638944092,-9.91275405883789,165.8619384765625
qwen2.5-7b,C,20,24,R_harm,R_role,-1.0,1.0,-0.022274892777204514,-0.06273729037493467,0.018282305588945738,-0.23160001635551453,2.9355459213256836,1.5813244581222534,0.47084084153175354,3.3585116638944092,-9.91275405883789,58.253273010253906
qwen2.5-7b,C,20,27,R_harm,R_harm,-1.0,1.0,-0.6567656993865967,-0.7302385196089745,-0.5874180838465691,0.0040000081062316895,2.9355459213256836,1.5813244581222534,0.47084084153175354,3.3585116638944092,-9.91275405883789,206.79986572265625
qwen2.5-7b,C,20,27,R_harm,R_control,-1.0,1.0,-0.4162108302116394,-0.479130869358778,-0.3574323333799839,-0.13680005073547363,2.9355459213256836,1.5813244581222534,0.47084084153175354,3.3585116638944092,-9.91275405883789,256.7321472167969
qwen2.5-7b,C,20,27,R_harm,R_role,-1.0,1.0,0.1853657215833664,0.14695174098014832,0.225922005623579,-0.05640000104904175,2.9355459213256836,1.5813244581222534,0.47084084153175354,3.3585116638944092,-9.91275405883789,98.78836059570312
qwen2.5-7b,C,20,21,R_harm,R_harm,2.0,2.0,1.8505290746688843,1.8317433983087539,1.8680720537900926,-0.003999948501586914,7.265484809875488,12.66189193725586,2.1266203820705414,5.953997264395567,12.11880874633789,73.05516815185547
qwen2.5-7b,C,20,21,R_harm,R_control,2.0,2.0,1.2345980405807495,1.223216512799263,1.245415535569191,0.0020000338554382324,7.265484809875488,12.66189193725586,2.1266203820705414,5.953997264395567,12.11880874633789,89.58804321289062
qwen2.5-7b,C,20,21,R_harm,R_role,2.0,2.0,-0.029897119849920273,-0.03713451651856303,-0.02313078190200031,-0.004400014877319336,7.265484809875488,12.66189193725586,2.1266203820705414,5.953997264395567,12.11880874633789,37.5247917175293
qwen2.5-7b,C,20,24,R_harm,R_harm,2.0,2.0,1.3477550745010376,1.2853547304868698,1.406072187423706,-0.02799999713897705,7.265484809875488,12.66189193725586,2.1266203820705414,5.953997264395567,12.11880874633789,131.63490295410156
qwen2.5-7b,C,20,24,R_harm,R_control,2.0,2.0,0.985736608505249,0.9465680092573165,1.0219816267490387,0.004400014877319336,7.265484809875488,12.66189193725586,2.1266203820705414,5.953997264395567,12.11880874633789,165.8619384765625
qwen2.5-7b,C,20,24,R_harm,R_role,2.0,2.0,0.378986120223999,0.3503088541328907,0.4088460549712181,0.09999996423721313,7.265484809875488,12.66189193725586,2.1266203820705414,5.953997264395567,12.11880874633789,58.253273010253906
qwen2.5-7b,C,20,27,R_harm,R_harm,2.0,2.0,1.1038446426391602,1.0188070744276048,1.1836031019687652,-0.033600032329559326,7.265484809875488,12.66189193725586,2.1266203820705414,5.953997264395567,12.11880874633789,206.79986572265625
qwen2.5-7b,C,20,27,R_harm,R_control,2.0,2.0,0.7284451127052307,0.6737326428294181,0.7806461378931999,-0.005600035190582275,7.265484809875488,12.66189193725586,2.1266203820705414,5.953997264395567,12.11880874633789,256.7321472167969
qwen2.5-7b,C,20,27,R_harm,R_role,2.0,2.0,-0.30234456062316895,-0.3557313643395901,-0.24865813031792644,0.10719999670982361,7.265484809875488,12.66189193725586,2.1266203820705414,5.953997264395567,12.11880874633789,98.78836059570312
qwen2.5-7b,C,20,21,R_harm,R_harm,-2.0,2.0,-1.654800534248352,-1.690960431098938,-1.6208713889122008,0.000800013542175293,8.495503425598145,3.4267630577087402,2.1266203820705414,1.611365661027071,-13.194316864013672,73.05516815185547
qwen2.5-7b,C,20,21,R_harm,R_control,-2.0,2.0,-1.032209038734436,-1.0595059245824814,-1.0068109631538391,-0.008799970149993896,8.495503425598145,3.4267630577087402,2.1266203820705414,1.611365661027071,-13.194316864013672,89.58804321289062
qwen2.5-7b,C,20,21,R_harm,R_role,-2.0,2.0,0.1274983137845993,0.11032018586993217,0.1441960085183382,-0.01840001344680786,8.495503425598145,3.4267630577087402,2.1266203820705414,1.611365661027071,-13.194316864013672,37.5247917175293
qwen2.5-7b,C,20,24,R_harm,R_harm,-2.0,2.0,-0.9890954494476318,-1.0874831914901733,-0.8965796992182732,-0.013199985027313232,8.495503425598145,3.4267630577087402,2.1266203820705414,1.611365661027071,-13.194316864013672,131.63490295410156
qwen2.5-7b,C,20,24,R_harm,R_control,-2.0,2.0,-0.5627725124359131,-0.6381607860326767,-0.49196578487753867,-0.1467999815940857,8.495503425598145,3.4267630577087402,2.1266203820705414,1.611365661027071,-13.194316864013672,165.8619384765625
qwen2.5-7b,C,20,24,R_harm,R_role,-2.0,2.0,0.17155933380126953,0.1143764927983284,0.22399730011820784,-0.254800021648407,8.495503425598145,3.4267630577087402,2.1266203820705414,1.611365661027071,-13.194316864013672,58.253273010253906
qwen2.5-7b,C,20,27,R_harm,R_harm,-2.0,2.0,-1.0086084604263306,-1.1123172342777252,-0.9096567198634148,-0.009600043296813965,8.495503425598145,3.4267630577087402,2.1266203820705414,1.611365661027071,-13.194316864013672,206.79986572265625
qwen2.5-7b,C,20,27,R_harm,R_control,-2.0,2.0,-0.550555408000946,-0.6267083808779716,-0.4776290632784367,-0.2524000406265259,8.495503425598145,3.4267630577087402,2.1266203820705414,1.611365661027071,-13.194316864013672,256.7321472167969
qwen2.5-7b,C,20,27,R_harm,R_role,-2.0,2.0,0.525611162185669,0.45330512896180153,0.5984637022018432,0.031199991703033447,8.495503425598145,3.4267630577087402,2.1266203820705414,1.611365661027071,-13.194316864013672,98.78836059570312
qwen2.5-7b,C,20,21,R_harm,R_harm,4.0,4.0,3.411696672439575,3.38252329826355,3.439540374279022,-0.0031999945640563965,7.810584545135498,13.389623641967773,6.621843576431274,2.0220386494215368,10.84537124633789,73.05516815185547
qwen2.5-7b,C,20,21,R_harm,R_control,4.0,4.0,2.2623698711395264,2.2413930773735045,2.2823663353919983,-0.003600001335144043,7.810584545135498,13.389623641967773,6.621843576431274,2.0220386494215368,10.84537124633789,89.58804321289062
qwen2.5-7b,C,20,21,R_harm,R_role,4.0,4.0,-0.07911653816699982,-0.09238155744969845,-0.06713357660919429,-0.017199993133544922,7.810584545135498,13.389623641967773,6.621843576431274,2.0220386494215368,10.84537124633789,37.5247917175293
qwen2.5-7b,C,20,24,R_harm,R_harm,4.0,4.0,2.0479836463928223,1.9649689018726348,2.1238376080989836,-0.03519999980926514,7.810584545135498,13.389623641967773,6.621843576431274,2.0220386494215368,10.84537124633789,131.63490295410156
qwen2.5-7b,C,20,24,R_harm,R_control,4.0,4.0,1.494860053062439,1.434063509106636,1.5507480561733247,-0.012400031089782715,7.810584545135498,13.389623641967773,6.621843576431274,2.0220386494215368,10.84537124633789,165.8619384765625
qwen2.5-7b,C,20,24,R_harm,R_role,4.0,4.0,0.5385226607322693,0.49869395419955254,0.5782409101724625,-0.033600032329559326,7.810584545135498,13.389623641967773,6.621843576431274,2.0220386494215368,10.84537124633789,58.253273010253906
qwen2.5-7b,C,20,27,R_harm,R_harm,4.0,4.0,1.3507484197616577,1.2355616420507431,1.4586183160543442,-0.3116000294685364,7.810584545135498,13.389623641967773,6.621843576431274,2.0220386494215368,10.84537124633789,206.79986572265625
qwen2.5-7b,C,20,27,R_harm,R_control,4.0,4.0,0.9094303250312805,0.8286577835679054,0.9840246349573135,-0.160800039768219,7.810584545135498,13.389623641967773,6.621843576431274,2.0220386494215368,10.84537124633789,256.7321472167969
qwen2.5-7b,C,20,27,R_harm,R_role,4.0,4.0,-0.26469579339027405,-0.350223358720541,-0.17562931552529337,0.35839998722076416,7.810584545135498,13.389623641967773,6.621843576431274,2.0220386494215368,10.84537124633789,98.78836059570312
qwen2.5-7b,C,20,21,R_harm,R_harm,-4.0,4.0,-3.085186719894409,-3.1191358983516695,-3.0533405959606172,-0.0007999539375305176,10.238186836242676,8.56077766418457,6.621843576431274,1.2928088024692135,-9.605688095092773,73.05516815185547
qwen2.5-7b,C,20,21,R_harm,R_control,-4.0,4.0,-1.9423344135284424,-1.9672815710306168,-1.9188245832920074,-0.00279998779296875,10.238186836242676,8.56077766418457,6.621843576431274,1.2928088024692135,-9.605688095092773,89.58804321289062
qwen2.5-7b,C,20,21,R_harm,R_role,-4.0,4.0,0.21088360249996185,0.18954578191041946,0.2313771765679121,-0.024800002574920654,10.238186836242676,8.56077766418457,6.621843576431274,1.2928088024692135,-9.605688095092773,37.5247917175293
qwen2.5-7b,C,20,24,R_harm,R_harm,-4.0,4.0,-1.4101213216781616,-1.5023968070745468,-1.3227777719497682,-0.008799970149993896,10.238186836242676,8.56077766418457,6.621843576431274,1.2928088024692135,-9.605688095092773,131.63490295410156
qwen2.5-7b,C,20,24,R_harm,R_control,-4.0,4.0,-0.7524226307868958,-0.8235725998878479,-0.6865038812160492,-0.03799998760223389,10.238186836242676,8.56077766418457,6.621843576431274,1.2928088024692135,-9.605688095092773,165.8619384765625
qwen2.5-7b,C,20,24,R_harm,R_role,-4.0,4.0,0.46364957094192505,0.40327621921896933,0.5228083521127701,-0.2468000054359436,10.238186836242676,8.56077766418457,6.621843576431274,1.2928088024692135,-9.605688095092773,58.253273010253906
qwen2.5-7b,C,20,27,R_harm,R_harm,-4.0,4.0,-1.2680988311767578,-1.382290843129158,-1.160104674100876,-0.11239999532699585,10.238186836242676,8.56077766418457,6.621843576431274,1.2928088024692135,-9.605688095092773,206.79986572265625
qwen2.5-7b,C,20,27,R_harm,R_control,-4.0,4.0,-0.6090178489685059,-0.6938670009374619,-0.5311951339244843,-0.4068000316619873,10.238186836242676,8.56077766418457,6.621843576431274,1.2928088024692135,-9.605688095092773,256.7321472167969
qwen2.5-7b,C,20,27,R_harm,R_role,-4.0,4.0,1.1289689540863037,1.0365871161222457,1.222680217027664,-0.1679999977350235,10.238186836242676,8.56077766418457,6.621843576431274,1.2928088024692135,-9.605688095092773,98.78836059570312
qwen2.5-7b,C,20,21,R_control,R_harm,0.25,0.25,0.22537389397621155,0.22206434346735476,0.22883716747164726,-0.0015999674797058105,0.14194422960281372,0.1960603892803192,0.029660006519407034,6.610261166059881,3.195488214492798,73.05516815185547
qwen2.5-7b,C,20,21,R_control,R_control,0.25,0.25,0.2313552051782608,0.22754008024930955,0.23549914583563805,0.0040000081062316895,0.14194422960281372,0.1960603892803192,0.029660006519407034,6.610261166059881,3.195488214492798,89.58804321289062
qwen2.5-7b,C,20,21,R_control,R_role,0.25,0.25,0.08532822877168655,0.08244372028857469,0.08830586280673743,0.014800012111663818,0.14194422960281372,0.1960603892803192,0.029660006519407034,6.610261166059881,3.195488214492798,37.5247917175293
qwen2.5-7b,C,20,24,R_control,R_harm,0.25,0.25,0.1672094315290451,0.15841258130967617,0.17673678211867808,-0.0007999539375305176,0.14194422960281372,0.1960603892803192,0.029660006519407034,6.610261166059881,3.195488214492798,131.63490295410156
qwen2.5-7b,C,20,24,R_control,R_control,0.25,0.25,0.16806447505950928,0.1588061235845089,0.17760020568966867,0.016799986362457275,0.14194422960281372,0.1960603892803192,0.029660006519407034,6.610261166059881,3.195488214492798,165.8619384765625
qwen2.5-7b,C,20,24,R_control,R_role,0.25,0.25,0.10745558142662048,0.09519449602812528,0.1197783399373293,0.07159996032714844,0.14194422960281372,0.1960603892803192,0.029660006519407034,6.610261166059881,3.195488214492798,58.253273010253906
qwen2.5-7b,C,20,27,R_control,R_harm,0.25,0.25,0.12396406382322311,0.11564448438584804,0.132821936160326,0.0004000067710876465,0.14194422960281372,0.1960603892803192,0.029660006519407034,6.610261166059881,3.195488214492798,206.79986572265625
qwen2.5-7b,C,20,27,R_control,R_control,0.25,0.25,0.1356484442949295,0.1274160470813513,0.1443602956831455,0.018000006675720215,0.14194422960281372,0.1960603892803192,0.029660006519407034,6.610261166059881,3.195488214492798,256.7321472167969
qwen2.5-7b,C,20,27,R_control,R_role,0.25,0.25,0.08622106909751892,0.07851919047534466,0.09365605916827917,0.005600005388259888,0.14194422960281372,0.1960603892803192,0.029660006519407034,6.610261166059881,3.195488214492798,98.78836059570312
qwen2.5-7b,C,20,21,R_control,R_harm,-0.25,0.25,-0.2227327972650528,-0.22816015593707561,-0.21743680350482464,0.0004000067710876465,0.12370562553405762,0.12301329523324966,0.029660006519407034,4.147446668724096,-3.3234570026397705,73.05516815185547
qwen2.5-7b,C,20,21,R_control,R_control,-0.25,0.25,-0.22813375294208527,-0.2340760812163353,-0.2223930049687624,-0.0059999823570251465,0.12370562553405762,0.12301329523324966,0.029660006519407034,4.147446668724096,-3.3234570026397705,89.58804321289062
qwen2.5-7b,C,20,21,R_control,R_role,-0.25,0.25,-0.07907837629318237,-0.08286672569811344,-0.07534105349332094,-0.019200026988983154,0.12370562553405762,0.12301329523324966,0.029660006519407034,4.147446668724096,-3.3234570026397705,37.5247917175293
qwen2.5-7b,C,20,24,R_control,R_harm,-0.25,0.25,-0.17405956983566284,-0.1886474683880806,-0.16045714132487776,0.002400040626525879,0.12370562553405762,0.12301329523324966,0.029660006519407034,4.147446668724096,-3.3234570026397705,131.63490295410156
qwen2.5-7b,C,20,24,R_control,R_control,-0.25,0.25,-0.172530859708786,-0.1877486664801836,-0.15872729606926442,-0.013599991798400879,0.12370562553405762,0.12301329523324966,0.029660006519407034,4.147446668724096,-3.3234570026397705,165.8619384765625
qwen2.5-7b,C,20,24,R_control,R_role,-0.25,0.25,-0.09444164484739304,-0.10885791871696711,-0.08090841304510832,-0.07039999961853027,0.12370562553405762,0.12301329523324966,0.029660006519407034,4.147446668724096,-3.3234570026397705,58.253273010253906
qwen2.5-7b,C,20,27,R_control,R_harm,-0.25,0.25,-0.13866807520389557,-0.15066031776368619,-0.1274726413190365,0.000800013542175293,0.12370562553405762,0.12301329523324966,0.029660006519407034,4.147446668724096,-3.3234570026397705,206.79986572265625
qwen2.5-7b,C,20,27,R_control,R_control,-0.25,0.25,-0.15292420983314514,-0.16565156504511833,-0.14126672334969045,-0.021600008010864258,0.12370562553405762,0.12301329523324966,0.029660006519407034,4.147446668724096,-3.3234570026397705,256.7321472167969
qwen2.5-7b,C,20,27,R_control,R_role,-0.25,0.25,-0.08404160290956497,-0.09297659751027823,-0.07486426625400781,-0.028400003910064697,0.12370562553405762,0.12301329523324966,0.029660006519407034,4.147446668724096,-3.3234570026397705,98.78836059570312
qwen2.5-7b,C,20,21,R_control,R_harm,0.5,0.5,0.4518228769302368,0.4469644382596016,0.4569874905049801,-0.0015999674797058105,0.6257744431495667,0.8481602668762207,0.11085746809840202,7.65090779561514,6.466933727264404,73.05516815185547
qwen2.5-7b,C,20,21,R_control,R_control,0.5,0.5,0.46345970034599304,0.45767081528902054,0.4695653609931469,0.008800029754638672,0.6257744431495667,0.8481602668762207,0.11085746809840202,7.65090779561514,6.466933727264404,89.58804321289062
qwen2.5-7b,C,20,21,R_control,R_role,0.5,0.5,0.17371852695941925,0.16919220574200153,0.1783353179693222,0.019999980926513672,0.6257744431495667,0.8481602668762207,0.11085746809840202,7.65090779561514,6.466933727264404,37.5247917175293
qwen2.5-7b,C,20,24,R_control,R_harm,0.5,0.5,0.33204570412635803,0.31731014177203176,0.34750930443406103,-0.0007999539375305176,0.6257744431495667,0.8481602668762207,0.11085746809840202,7.65090779561514,6.466933727264404,131.63490295410156
qwen2.5-7b,C,20,24,R_control,R_control,0.5,0.5,0.33379611372947693,0.31926521733403207,0.3489566117525101,0.023599982261657715,0.6257744431495667,0.8481602668762207,0.11085746809840202,7.65090779561514,6.466933727264404,165.8619384765625
qwen2.5-7b,C,20,24,R_control,R_role,0.5,0.5,0.22397278249263763,0.20135049745440484,0.24733677133917803,0.1207999587059021,0.6257744431495667,0.8481602668762207,0.11085746809840202,7.65090779561514,6.466933727264404,58.253273010253906
qwen2.5-7b,C,20,27,R_control,R_harm,0.5,0.5,0.24051736295223236,0.22307432405650615,0.25772523432970046,0.0004000067710876465,0.6257744431495667,0.8481602668762207,0.11085746809840202,7.65090779561514,6.466933727264404,206.79986572265625
qwen2.5-7b,C,20,27,R_control,R_control,0.5,0.5,0.2599223852157593,0.24449352771043778,0.2754425801336765,0.034399986267089844,0.6257744431495667,0.8481602668762207,0.11085746809840202,7.65090779561514,6.466933727264404,256.7321472167969
qwen2.5-7b,C,20,27,R_control,R_role,0.5,0.5,0.16610807180404663,0.15065957568585872,0.18065613880753517,0.000800013542175293,0.6257744431495667,0.8481602668762207,0.11085746809840202,7.65090779561514,6.466933727264404,98.78836059570312
qwen2.5-7b,C,20,21,R_control,R_harm,-0.5,0.5,-0.441348671913147,-0.45358905717730524,-0.4295824199914932,0.0012000203132629395,0.574894905090332,0.43287286162376404,0.11085746809840202,3.904769512140822,-7.075644493103027,73.05516815185547
qwen2.5-7b,C,20,21,R_control,R_control,-0.5,0.5,-0.45081788301467896,-0.4635057091712952,-0.4385935142636299,-0.00959998369216919,0.574894905090332,0.43287286162376404,0.11085746809840202,3.904769512140822,-7.075644493103027,89.58804321289062
qwen2.5-7b,C,20,21,R_control,R_role,-0.5,0.5,-0.15010420978069305,-0.15777371190488337,-0.14265345148742198,-0.03839999437332153,0.574894905090332,0.43287286162376404,0.11085746809840202,3.904769512140822,-7.075644493103027,37.5247917175293
qwen2.5-7b,C,20,24,R_control,R_harm,-0.5,0.5,-0.3532741069793701,-0.3879375264048576,-0.3206868052482605,0.003600001335144043,0.574894905090332,0.43287286162376404,0.11085746809840202,3.904769512140822,-7.075644493103027,131.63490295410156
qwen2.5-7b,C,20,24,R_control,R_control,-0.5,0.5,-0.34570637345314026,-0.37994886860251426,-0.3133856631815434,-0.029600024223327637,0.574894905090332,0.43287286162376404,0.11085746809840202,3.904769512140822,-7.075644493103027,165.8619384765625
qwen2.5-7b,C,20,24,R_control,R_role,-0.5,0.5,-0.1706516593694687,-0.19904469810426234,-0.14334425404667855,-0.1568000316619873,0.574894905090332,0.43287286162376404,0.11085746809840202,3.904769512140822,-7.075644493103027,58.253273010253906
qwen2.5-7b,C,20,27,R_control,R_harm,-0.5,0.5,-0.29549655318260193,-0.3251674197614193,-0.2689463645219803,0.0055999755859375,0.574894905090332,0.43287286162376404,0.11085746809840202,3.904769512140822,-7.075644493103027,206.79986572265625
qwen2.5-7b,C,20,27,R_control,R_control,-0.5,0.5,-0.32284554839134216,-0.35426333025097845,-0.2941104494035244,-0.03600001335144043,0.574894905090332,0.43287286162376404,0.11085746809840202,3.904769512140822,-7.075644493103027,256.7321472167969
qwen2.5-7b,C,20,27,R_control,R_role,-0.5,0.5,-0.15714997053146362,-0.1778987918049097,-0.1364527888596058,-0.06479999423027039,0.574894905090332,0.43287286162376404,0.11085746809840202,3.904769512140822,-7.075644493103027,98.78836059570312
qwen2.5-7b,C,20,21,R_control,R_harm,1.0,1.0,0.897625207901001,0.8893762364983558,0.9056966125965118,-0.0015999674797058105,3.0040552616119385,4.63623571395874,0.47084084153175354,9.846715291043996,12.445058822631836,73.05516815185547
qwen2.5-7b,C,20,21,R_control,R_control,1.0,1.0,0.919125497341156,0.9113366097211838,0.9270607262849808,0.016799986362457275,3.0040552616119385,4.63623571395874,0.47084084153175354,9.846715291043996,12.445058822631836,89.58804321289062
qwen2.5-7b,C,20,21,R_control,R_role,1.0,1.0,0.35226234793663025,0.3463768348097801,0.3580812692642212,0.007600009441375732,3.0040552616119385,4.63623571395874,0.47084084153175354,9.846715291043996,12.445058822631836,37.5247917175293
qwen2.5-7b,C,20,24,R_control,R_harm,1.0,1.0,0.6576052308082581,0.6261410355567932,0.6878819346427917,-0.0015999674797058105,3.0040552616119385,4.63623571395874,0.47084084153175354,9.846715291043996,12.445058822631836,131.63490295410156
qwen2.5-7b,C,20,24,R_control,R_control,1.0,1.0,0.6610993146896362,0.6386635005474091,0.6846642315387725,0.033199965953826904,3.0040552616119385,4.63623571395874,0.47084084153175354,9.846715291043996,12.445058822631836,165.8619384765625
qwen2.5-7b,C,20,24,R_control,R_role,1.0,1.0,0.48036980628967285,0.4472109295427799,0.5142327815294265,0.16319996118545532,3.0040552616119385,4.63623571395874,0.47084084153175354,9.846715291043996,12.445058822631836,58.253273010253906
qwen2.5-7b,C,20,27,R_control,R_harm,1.0,1.0,0.4461367726325989,0.4023395210504532,0.4872764579951763,0.001999974250793457,3.0040552616119385,4.63623571395874,0.47084084153175354,9.846715291043996,12.445058822631836,206.79986572265625
qwen2.5-7b,C,20,27,R_control,R_control,1.0,1.0,0.47234246134757996,0.4369902953505516,0.5067752882838249,0.05359995365142822,3.0040552616119385,4.63623571395874,0.47084084153175354,9.846715291043996,12.445058822631836,256.7321472167969
qwen2.5-7b,C,20,27,R_control,R_role,1.0,1.0,0.2859850525856018,0.25269425585865973,0.3175550490617752,-0.031199991703033447,3.0040552616119385,4.63623571395874,0.47084084153175354,9.846715291043996,12.445058822631836,98.78836059570312
qwen2.5-7b,C,20,21,R_control,R_harm,-1.0,1.0,-0.8530181646347046,-0.8776985719799996,-0.8295860514044762,0.001600027084350586,4.4553728103637695,1.4152575731277466,0.47084084153175354,3.005808860003708,-14.548066139221191,73.05516815185547
qwen2.5-7b,C,20,21,R_control,R_control,-1.0,1.0,-0.8672168850898743,-0.8912316203117371,-0.8442423209547997,-0.01639997959136963,4.4553728103637695,1.4152575731277466,0.47084084153175354,3.005808860003708,-14.548066139221191,89.58804321289062
qwen2.5-7b,C,20,21,R_control,R_role,-1.0,1.0,-0.27347952127456665,-0.2874681368470192,-0.2602342441678047,-0.06760001182556152,4.4553728103637695,1.4152575731277466,0.47084084153175354,3.005808860003708,-14.548066139221191,37.5247917175293
qwen2.5-7b,C,20,24,R_control,R_harm,-1.0,1.0,-0.6538612842559814,-0.7254462122917176,-0.5858878031373025,0.006000041961669922,4.4553728103637695,1.4152575731277466,0.47084084153175354,3.005808860003708,-14.548066139221191,131.63490295410156
qwen2.5-7b,C,20,24,R_control,R_control,-1.0,1.0,-0.6219829320907593,-0.6885493084788322,-0.558638970553875,-0.06599998474121094,4.4553728103637695,1.4152575731277466,0.47084084153175354,3.005808860003708,-14.548066139221191,165.8619384765625
qwen2.5-7b,C,20,24,R_control,R_role,-1.0,1.0,-0.2455575317144394,-0.29644145965576174,-0.1978956047445536,-0.2896000146865845,4.4553728103637695,1.4152575731277466,0.47084084153175354,3.005808860003708,-14.548066139221191,58.253273010253906
qwen2.5-7b,C,20,27,R_control,R_harm,-1.0,1.0,-0.6127811670303345,-0.6825285986065864,-0.5458103358745575,0.006399989128112793,4.4553728103637695,1.4152575731277466,0.47084084153175354,3.005808860003708,-14.548066139221191,206.79986572265625
qwen2.5-7b,C,20,27,R_control,R_control,-1.0,1.0,-0.6325305700302124,-0.7021373808383942,-0.5671699672937394,-0.19600003957748413,4.4553728103637695,1.4152575731277466,0.47084084153175354,3.005808860003708,-14.548066139221191,256.7321472167969
qwen2.5-7b,C,20,27,R_control,R_role,-1.0,1.0,-0.23133939504623413,-0.27583359479904174,-0.18738691359758378,-0.14959999918937683,4.4553728103637695,1.4152575731277466,0.47084084153175354,3.005808860003708,-14.548066139221191,98.78836059570312
qwen2.5-7b,C,20,21,R_control,R_harm,2.0,2.0,1.71356201171875,1.6942791372537613,1.73152557015419,-0.001199960708618164,8.407800674438477,14.277475357055664,2.1266203820705414,6.7136925223836545,15.186308860778809,73.05516815185547
qwen2.5-7b,C,20,21,R_control,R_control,2.0,2.0,1.744174838066101,1.7280569225549698,1.7597590774297713,0.020000040531158447,8.407800674438477,14.277475357055664,2.1266203820705414,6.7136925223836545,15.186308860778809,89.58804321289062
qwen2.5-7b,C,20,21,R_control,R_role,2.0,2.0,0.6517006158828735,0.639052040874958,0.6633193865418434,-0.039200007915496826,8.407800674438477,14.277475357055664,2.1266203820705414,6.7136925223836545,15.186308860778809,37.5247917175293
qwen2.5-7b,C,20,24,R_control,R_harm,2.0,2.0,1.1281319856643677,1.063059103488922,1.1875764816999435,-0.001999974250793457,8.407800674438477,14.277475357055664,2.1266203820705414,6.7136925223836545,15.186308860778809,131.63490295410156
qwen2.5-7b,C,20,24,R_control,R_control,2.0,2.0,1.148177981376648,1.1011532485485076,1.1935896098613739,0.04119998216629028,8.407800674438477,14.277475357055664,2.1266203820705414,6.7136925223836545,15.186308860778809,165.8619384765625
qwen2.5-7b,C,20,24,R_control,R_role,2.0,2.0,0.9458402991294861,0.9088738605380058,0.9827690973877906,0.09399998188018799,8.407800674438477,14.277475357055664,2.1266203820705414,6.7136925223836545,15.186308860778809,58.253273010253906
qwen2.5-7b,C,20,27,R_control,R_harm,2.0,2.0,0.6349306702613831,0.5467544659972191,0.7182409837841986,-0.014800012111663818,8.407800674438477,14.277475357055664,2.1266203820705414,6.7136925223836545,15.186308860778809,206.79986572265625
qwen2.5-7b,C,20,27,R_control,R_control,2.0,2.0,0.6797348856925964,0.6124728485941887,0.7445048362016677,0.044799983501434326,8.407800674438477,14.277475357055664,2.1266203820705414,6.7136925223836545,15.186308860778809,256.7321472167969
qwen2.5-7b,C,20,27,R_control,R_role,2.0,2.0,0.41137781739234924,0.348532672226429,0.47286606952548027,0.020400017499923706,8.407800674438477,14.277475357055664,2.1266203820705414,6.7136925223836545,15.186308860778809,98.78836059570312
qwen2.5-7b,C,20,21,R_control,R_harm,-2.0,2.0,-1.5851011276245117,-1.6171925574541093,-1.5546792924404145,0.000800013542175293,9.557707786560059,3.7970526218414307,2.1266203820705414,1.7854868004906952,-18.28369140625,73.05516815185547
qwen2.5-7b,C,20,21,R_control,R_control,-2.0,2.0,-1.6033073663711548,-1.632553043961525,-1.5756610304117202,-0.013999998569488525,9.557707786560059,3.7970526218414307,2.1266203820705414,1.7854868004906952,-18.28369140625,89.58804321289062
qwen2.5-7b,C,20,21,R_control,R_role,-2.0,2.0,-0.481565922498703,-0.5003502771258355,-0.46343326792120937,-0.06999999284744263,9.557707786560059,3.7970526218414307,2.1266203820705414,1.7854868004906952,-18.28369140625,37.5247917175293
qwen2.5-7b,C,20,24,R_control,R_harm,-2.0,2.0,-0.9589923024177551,-1.0497157901525498,-0.8729514047503472,0.004800021648406982,9.557707786560059,3.7970526218414307,2.1266203820705414,1.7854868004906952,-18.28369140625,131.63490295410156
qwen2.5-7b,C,20,24,R_control,R_control,-2.0,2.0,-0.8807604312896729,-0.9604225888848305,-0.805158580839634,-0.16839998960494995,9.557707786560059,3.7970526218414307,2.1266203820705414,1.7854868004906952,-18.28369140625,165.8619384765625
qwen2.5-7b,C,20,24,R_control,R_role,-2.0,2.0,-0.2037215381860733,-0.2658991299569607,-0.14560876339673998,-0.38440001010894775,9.557707786560059,3.7970526218414307,2.1266203820705414,1.7854868004906952,-18.28369140625,58.253273010253906
qwen2.5-7b,C,20,27,R_control,R_harm,-2.0,2.0,-0.9231814742088318,-1.0170883297920228,-0.8330566808581352,0.0059999823570251465,9.557707786560059,3.7970526218414307,2.1266203820705414,1.7854868004906952,-18.28369140625,206.79986572265625
qwen2.5-7b,C,20,27,R_control,R_control,-2.0,2.0,-0.863401472568512,-0.9495723754167557,-0.7818522095680237,-0.5384000241756439,9.557707786560059,3.7970526218414307,2.1266203820705414,1.7854868004906952,-18.28369140625,256.7321472167969
qwen2.5-7b,C,20,27,R_control,R_role,-2.0,2.0,-0.09261611104011536,-0.16659092530608177,-0.019922899547964404,-0.27159999310970306,9.557707786560059,3.7970526218414307,2.1266203820705414,1.7854868004906952,-18.28369140625,98.78836059570312
qwen2.5-7b,C,20,21,R_control,R_harm,4.0,4.0,3.1477832794189453,3.120178592205048,3.173557698726654,-0.001199960708618164,7.812411308288574,12.784802436828613,6.621843576431274,1.9307013657545133,11.634223937988281,73.05516815185547
qwen2.5-7b,C,20,21,R_control,R_control,4.0,4.0,3.1763410568237305,3.154238110780716,3.1980975329875947,0.017199993133544922,7.812411308288574,12.784802436828613,6.621843576431274,1.9307013657545133,11.634223937988281,89.58804321289062
qwen2.5-7b,C,20,21,R_control,R_role,4.0,4.0,1.0901066064834595,1.071211650967598,1.107398223876953,-0.043599992990493774,7.812411308288574,12.784802436828613,6.621843576431274,1.9307013657545133,11.634223937988281,37.5247917175293
qwen2.5-7b,C,20,24,R_control,R_harm,4.0,4.0,1.6965440511703491,1.6173730939626694,1.7694148451089857,-0.0040000081062316895,7.812411308288574,12.784802436828613,6.621843576431274,1.9307013657545133,11.634223937988281,131.63490295410156
qwen2.5-7b,C,20,24,R_control,R_control,4.0,4.0,1.7122310400009155,1.6504700273275374,1.7693121939897536,0.04159998893737793,7.812411308288574,12.784802436828613,6.621843576431274,1.9307013657545133,11.634223937988281,165.8619384765625
qwen2.5-7b,C,20,24,R_control,R_role,4.0,4.0,1.320679783821106,1.2682433664798736,1.372154089808464,-0.0764000415802002,7.812411308288574,12.784802436828613,6.621843576431274,1.9307013657545133,11.634223937988281,58.253273010253906
qwen2.5-7b,C,20,27,R_control,R_harm,4.0,4.0,0.6567903161048889,0.5540654912590981,0.7513469532132149,-0.024399995803833008,7.812411308288574,12.784802436828613,6.621843576431274,1.9307013657545133,11.634223937988281,206.79986572265625
qwen2.5-7b,C,20,27,R_control,R_control,4.0,4.0,0.7792741656303406,0.7029148414731026,0.8523998320102691,0.03359997272491455,7.812411308288574,12.784802436828613,6.621843576431274,1.9307013657545133,11.634223937988281,256.7321472167969
qwen2.5-7b,C,20,27,R_control,R_role,4.0,4.0,0.6823942065238953,0.5955449640750885,0.7696320101618764,0.03880000114440918,7.812411308288574,12.784802436828613,6.621843576431274,1.9307013657545133,11.634223937988281,98.78836059570312
qwen2.5-7b,C,20,21,R_control,R_harm,-4.0,4.0,-2.9960436820983887,-3.029188174009323,-2.9648781955242156,-0.0007999539375305176,10.485393524169922,7.079860210418701,6.621843576431274,1.0691675405347263,-14.8063383102417,73.05516815185547
qwen2.5-7b,C,20,21,R_control,R_control,-4.0,4.0,-3.0162415504455566,-3.044612294435501,-2.990184283256531,-0.009199976921081543,10.485393524169922,7.079860210418701,6.621843576431274,1.0691675405347263,-14.8063383102417,89.58804321289062
qwen2.5-7b,C,20,21,R_control,R_role,-4.0,4.0,-0.8840083479881287,-0.9050917282700539,-0.8637688294053077,-0.05640000104904175,10.485393524169922,7.079860210418701,6.621843576431274,1.0691675405347263,-14.8063383102417,37.5247917175293
qwen2.5-7b,C,20,24,R_control,R_harm,-4.0,4.0,-1.4487344026565552,-1.539835450053215,-1.3623052895069123,-0.003600001335144043,10.485393524169922,7.079860210418701,6.621843576431274,1.0691675405347263,-14.8063383102417,131.63490295410156
qwen2.5-7b,C,20,24,R_control,R_control,-4.0,4.0,-1.2876827716827393,-1.361344799399376,-1.2181912600994111,-0.055599987506866455,10.485393524169922,7.079860210418701,6.621843576431274,1.0691675405347263,-14.8063383102417,165.8619384765625
qwen2.5-7b,C,20,24,R_control,R_role,-4.0,4.0,-0.1593630164861679,-0.2175099179148674,-0.10250169299542905,-0.2568000257015228,10.485393524169922,7.079860210418701,6.621843576431274,1.0691675405347263,-14.8063383102417,58.253273010253906
qwen2.5-7b,C,20,27,R_control,R_harm,-4.0,4.0,-1.2577067613601685,-1.364904633164406,-1.1560738384723663,-0.02240002155303955,10.485393524169922,7.079860210418701,6.621843576431274,1.0691675405347263,-14.8063383102417,206.79986572265625
qwen2.5-7b,C,20,27,R_control,R_control,-4.0,4.0,-0.9840588569641113,-1.071225854754448,-0.9020922645926476,-0.6592000126838684,10.485393524169922,7.079860210418701,6.621843576431274,1.0691675405347263,-14.8063383102417,256.7321472167969
qwen2.5-7b,C,20,27,R_control,R_role,-4.0,4.0,0.625558078289032,0.5319858193397522,0.7195434734225273,-0.2791999951004982,10.485393524169922,7.079860210418701,6.621843576431274,1.0691675405347263,-14.8063383102417,98.78836059570312
qwen2.5-7b,C,20,21,R_role,R_harm,0.25,0.25,0.001494859461672604,0.0005561470854445361,0.002413329540286213,0.0,0.01973879709839821,0.03585204482078552,0.029660006519407034,1.2087672602946644,0.24378906190395355,73.05516815185547
qwen2.5-7b,C,20,21,R_role,R_control,0.25,0.25,0.016540899872779846,0.015727574517950416,0.017333580879494548,0.0,0.01973879709839821,0.03585204482078552,0.029660006519407034,1.2087672602946644,0.24378906190395355,89.58804321289062
qwen2.5-7b,C,20,21,R_role,R_role,0.25,0.25,0.22955772280693054,0.22625009007751942,0.23270809687674046,0.020799994468688965,0.01973879709839821,0.03585204482078552,0.029660006519407034,1.2087672602946644,0.24378906190395355,37.5247917175293
qwen2.5-7b,C,20,24,R_role,R_harm,0.25,0.25,0.0069497269578278065,0.0053071948699653145,0.00865924775134772,0.0004000067710876465,0.01973879709839821,0.03585204482078552,0.029660006519407034,1.2087672602946644,0.24378906190395355,131.63490295410156
qwen2.5-7b,C,20,24,R_role,R_control,0.25,0.25,0.01591481640934944,0.014405310456641018,0.01743913902901113,-0.0012000203132629395,0.01973879709839821,0.03585204482078552,0.029660006519407034,1.2087672602946644,0.24378906190395355,165.8619384765625
qwen2.5-7b,C,20,24,R_role,R_role,0.25,0.25,0.19856703281402588,0.19011753052473068,0.20698057301342487,0.046000003814697266,0.01973879709839821,0.03585204482078552,0.029660006519407034,1.2087672602946644,0.24378906190395355,58.253273010253906
qwen2.5-7b,C,20,27,R_role,R_harm,0.25,0.25,-0.009761521592736244,-0.011523487349040806,-0.008042659796774388,-0.000800013542175293,0.01973879709839821,0.03585204482078552,0.029660006519407034,1.2087672602946644,0.24378906190395355,206.79986572265625
qwen2.5-7b,C,20,27,R_role,R_control,0.25,0.25,0.011761708185076714,0.010261650173924863,0.013289541169069706,0.0,0.01973879709839821,0.03585204482078552,0.029660006519407034,1.2087672602946644,0.24378906190395355,256.7321472167969
qwen2.5-7b,C,20,27,R_role,R_role,0.25,0.25,0.1964491903781891,0.1852357964962721,0.20743536949157715,0.04280000925064087,0.01973879709839821,0.03585204482078552,0.029660006519407034,1.2087672602946644,0.24378906190395355,98.78836059570312
qwen2.5-7b,C,20,21,R_role,R_harm,-0.25,0.25,-0.0019503426738083363,-0.0030790192540735006,-0.0008310880293720403,-0.0003999471664428711,0.015942519530653954,0.02637355402112007,0.029660006519407034,0.8891958268405443,-0.20308594405651093,73.05516815185547
qwen2.5-7b,C,20,21,R_role,R_control,-0.25,0.25,-0.01657387800514698,-0.017533390363678337,-0.015631625428795815,-0.0004000067710876465,0.015942519530653954,0.02637355402112007,0.029660006519407034,0.8891958268405443,-0.20308594405651093,89.58804321289062
qwen2.5-7b,C,20,21,R_role,R_role,-0.25,0.25,-0.22527018189430237,-0.2284598559141159,-0.22201485373079777,-0.01840001344680786,0.015942519530653954,0.02637355402112007,0.029660006519407034,0.8891958268405443,-0.20308594405651093,37.5247917175293
qwen2.5-7b,C,20,24,R_role,R_harm,-0.25,0.25,-0.00905479397624731,-0.011375666363164783,-0.0068418895010836445,0.0004000067710876465,0.015942519530653954,0.02637355402112007,0.029660006519407034,0.8891958268405443,-0.20308594405651093,131.63490295410156
qwen2.5-7b,C,20,24,R_role,R_control,-0.25,0.25,-0.01683744415640831,-0.01881190100684762,-0.014899424347095193,0.001199960708618164,0.015942519530653954,0.02637355402112007,0.029660006519407034,0.8891958268405443,-0.20308594405651093,165.8619384765625
qwen2.5-7b,C,20,24,R_role,R_role,-0.25,0.25,-0.18992756307125092,-0.19868053086102008,-0.1814503613859415,-0.03799998760223389,0.015942519530653954,0.02637355402112007,0.029660006519407034,0.8891958268405443,-0.20308594405651093,58.253273010253906
qwen2.5-7b,C,20,27,R_role,R_harm,-0.25,0.25,0.005931951571255922,0.00407201333437115,0.0077946532401256255,-0.0004000067710876465,0.015942519530653954,0.02637355402112007,0.029660006519407034,0.8891958268405443,-0.20308594405651093,206.79986572265625
qwen2.5-7b,C,20,27,R_role,R_control,-0.25,0.25,-0.01437828317284584,-0.016107505187392235,-0.012625926500186324,0.0,0.015942519530653954,0.02637355402112007,0.029660006519407034,0.8891958268405443,-0.20308594405651093,256.7321472167969
qwen2.5-7b,C,20,27,R_role,R_role,-0.25,0.25,-0.18694525957107544,-0.19734923727810383,-0.1767137099057436,-0.043599992990493774,0.015942519530653954,0.02637355402112007,0.029660006519407034,0.8891958268405443,-0.20308594405651093,98.78836059570312
qwen2.5-7b,C,20,21,R_role,R_harm,0.5,0.5,0.002476743422448635,0.000919563791831024,0.0040164205129258335,-0.0003999471664428711,0.08524823188781738,0.1553601771593094,0.11085746809840202,1.4014407854002653,0.5390820503234863,73.05516815185547
qwen2.5-7b,C,20,21,R_role,R_control,0.5,0.5,0.033190738409757614,0.0317935423925519,0.03452969025820494,0.0,0.08524823188781738,0.1553601771593094,0.11085746809840202,1.4014407854002653,0.5390820503234863,89.58804321289062
qwen2.5-7b,C,20,21,R_role,R_role,0.5,0.5,0.46296992897987366,0.4566076211631298,0.46922192871570584,0.039200007915496826,0.08524823188781738,0.1553601771593094,0.11085746809840202,1.4014407854002653,0.5390820503234863,37.5247917175293
qwen2.5-7b,C,20,24,R_role,R_harm,0.5,0.5,0.010980200953781605,0.00792523215059191,0.014019753690809007,0.000800013542175293,0.08524823188781738,0.1553601771593094,0.11085746809840202,1.4014407854002653,0.5390820503234863,131.63490295410156
qwen2.5-7b,C,20,24,R_role,R_control,0.5,0.5,0.03000967763364315,0.027360352082177998,0.03278083950281143,-0.002400040626525879,0.08524823188781738,0.1553601771593094,0.11085746809840202,1.4014407854002653,0.5390820503234863,165.8619384765625
qwen2.5-7b,C,20,24,R_role,R_role,0.5,0.5,0.4013056457042694,0.38434294834733007,0.4180831491947174,0.08719998598098755,0.08524823188781738,0.1553601771593094,0.11085746809840202,1.4014407854002653,0.5390820503234863,58.253273010253906
qwen2.5-7b,C,20,27,R_role,R_harm,0.5,0.5,-0.023380089551210403,-0.027042010519653558,-0.01993995509110391,-0.0004000067710876465,0.08524823188781738,0.1553601771593094,0.11085746809840202,1.4014407854002653,0.5390820503234863,206.79986572265625
qwen2.5-7b,C,20,27,R_role,R_control,0.5,0.5,0.02122688852250576,0.018459769245237113,0.024139895197004078,-0.0012000203132629395,0.08524823188781738,0.1553601771593094,0.11085746809840202,1.4014407854002653,0.5390820503234863,256.7321472167969
qwen2.5-7b,C,20,27,R_role,R_role,0.5,0.5,0.39955684542655945,0.3769334599375725,0.4220017299056053,0.08840000629425049,0.08524823188781738,0.1553601771593094,0.11085746809840202,1.4014407854002653,0.5390820503234863,98.78836059570312
qwen2.5-7b,C,20,21,R_role,R_harm,-0.5,0.5,-0.0045622410252690315,-0.007017341640312225,-0.0020796939614228915,-0.0003999471664428711,0.05681281536817551,0.08942519128322601,0.11085746809840202,0.8066681732605352,-0.34400391578674316,73.05516815185547
qwen2.5-7b,C,20,21,R_role,R_control,-0.5,0.5,-0.03340504318475723,-0.035538009088486436,-0.03139647711068392,0.0004000067710876465,0.05681281536817551,0.08942519128322601,0.11085746809840202,0.8066681732605352,-0.34400391578674316,89.58804321289062
qwen2.5-7b,C,20,21,R_role,R_role,-0.5,0.5,-0.44536125659942627,-0.4516181893646717,-0.4390681482851505,-0.03799998760223389,0.05681281536817551,0.08942519128322601,0.11085746809840202,0.8066681732605352,-0.34400391578674316,37.5247917175293
qwen2.5-7b,C,20,24,R_role,R_harm,-0.5,0.5,-0.020349981263279915,-0.025534958858042956,-0.015377254108898342,0.0,0.05681281536817551,0.08942519128322601,0.11085746809840202,0.8066681732605352,-0.34400391578674316,131.63490295410156
qwen2.5-7b,C,20,24,R_role,R_control,-0.5,0.5,-0.03506344556808472,-0.03932155994698405,-0.030735557852312925,0.001199960708618164,0.05681281536817551,0.08942519128322601,0.11085746809840202,0.8066681732605352,-0.34400391578674316,165.8619384765625
qwen2.5-7b,C,20,24,R_role,R_role,-0.5,0.5,-0.3713524639606476,-0.3888398714363575,-0.35468349754810335,-0.08160001039505005,0.05681281536817551,0.08942519128322601,0.11085746809840202,0.8066681732605352,-0.34400391578674316,58.253273010253906
qwen2.5-7b,C,20,27,R_role,R_harm,-0.5,0.5,0.008486853912472725,0.0045190768549218776,0.01216766301076859,-0.0004000067710876465,0.05681281536817551,0.08942519128322601,0.11085746809840202,0.8066681732605352,-0.34400391578674316,206.79986572265625
qwen2.5-7b,C,20,27,R_role,R_control,-0.5,0.5,-0.03149295225739479,-0.035018921736627816,-0.02797551173716784,-0.0004000067710876465,0.05681281536817551,0.08942519128322601,0.11085746809840202,0.8066681732605352,-0.34400391578674316,256.7321472167969
qwen2.5-7b,C,20,27,R_role,R_role,-0.5,0.5,-0.36688944697380066,-0.386188530176878,-0.34737651497125627,-0.07440000772476196,0.05681281536817551,0.08942519128322601,0.11085746809840202,0.8066681732605352,-0.34400391578674316,98.78836059570312
qwen2.5-7b,C,20,21,R_role,R_harm,1.0,1.0,0.0019965386018157005,-5.552927696044207e-05,0.004016048996709287,-0.0007999539375305176,0.4201253056526184,0.7648128271102905,0.47084084153175354,1.6243553227502068,1.2318164110183716,73.05516815185547
qwen2.5-7b,C,20,21,R_role,R_control,1.0,1.0,0.06478678435087204,0.06287487540394068,0.06668288316577672,-0.001199960708618164,0.4201253056526184,0.7648128271102905,0.47084084153175354,1.6243553227502068,1.2318164110183716,89.58804321289062
qwen2.5-7b,C,20,21,R_role,R_role,1.0,1.0,0.934832751750946,0.9228665441274643,0.9465460866689682,0.07520002126693726,0.4201253056526184,0.7648128271102905,0.47084084153175354,1.6243553227502068,1.2318164110183716,37.5247917175293
qwen2.5-7b,C,20,24,R_role,R_harm,1.0,1.0,0.010521579533815384,0.004022541851736605,0.016629033442586656,0.0004000067710876465,0.4201253056526184,0.7648128271102905,0.47084084153175354,1.6243553227502068,1.2318164110183716,131.63490295410156
qwen2.5-7b,C,20,24,R_role,R_control,1.0,1.0,0.05275605991482735,0.04795480882748961,0.05735812233760953,-0.0020000338554382324,0.4201253056526184,0.7648128271102905,0.47084084153175354,1.6243553227502068,1.2318164110183716,165.8619384765625
qwen2.5-7b,C,20,24,R_role,R_role,1.0,1.0,0.8114018440246582,0.7799857720732689,0.842032752931118,0.15399998426437378,0.4201253056526184,0.7648128271102905,0.47084084153175354,1.6243553227502068,1.2318164110183716,58.253273010253906
qwen2.5-7b,C,20,27,R_role,R_harm,1.0,1.0,-0.0604177750647068,-0.06932234931737184,-0.05212656864896417,0.0004000067710876465,0.4201253056526184,0.7648128271102905,0.47084084153175354,1.6243553227502068,1.2318164110183716,206.79986572265625
qwen2.5-7b,C,20,27,R_role,R_control,1.0,1.0,0.03014872781932354,0.02403896264731884,0.036307873018085954,0.001199960708618164,0.4201253056526184,0.7648128271102905,0.47084084153175354,1.6243553227502068,1.2318164110183716,256.7321472167969
qwen2.5-7b,C,20,27,R_role,R_role,1.0,1.0,0.7988806366920471,0.7507473871111869,0.8428607016801833,0.18080002069473267,0.4201253056526184,0.7648128271102905,0.47084084153175354,1.6243553227502068,1.2318164110183716,98.78836059570312
qwen2.5-7b,C,20,21,R_role,R_harm,-1.0,1.0,-0.010668594390153885,-0.01628099726513028,-0.005182661558501423,-0.0003999471664428711,0.20165711641311646,0.2782236337661743,0.47084084153175354,0.5909080292632407,-0.5274413824081421,73.05516815185547
qwen2.5-7b,C,20,21,R_role,R_control,-1.0,1.0,-0.06630324572324753,-0.07084361128509045,-0.06197031158953905,0.0,0.20165711641311646,0.2782236337661743,0.47084084153175354,0.5909080292632407,-0.5274413824081421,89.58804321289062
qwen2.5-7b,C,20,21,R_role,R_role,-1.0,1.0,-0.8702681660652161,-0.8820345491170883,-0.8584588900208473,-0.07840001583099365,0.20165711641311646,0.2782236337661743,0.47084084153175354,0.5909080292632407,-0.5274413824081421,37.5247917175293
qwen2.5-7b,C,20,24,R_role,R_harm,-1.0,1.0,-0.04834116995334625,-0.06071567833423615,-0.036558214109390974,-0.0004000067710876465,0.20165711641311646,0.2782236337661743,0.47084084153175354,0.5909080292632407,-0.5274413824081421,131.63490295410156
qwen2.5-7b,C,20,24,R_role,R_control,-1.0,1.0,-0.07427144795656204,-0.08427243977785111,-0.06459507383406163,0.0023999810218811035,0.20165711641311646,0.2782236337661743,0.47084084153175354,0.5909080292632407,-0.5274413824081421,165.8619384765625
qwen2.5-7b,C,20,24,R_role,R_role,-1.0,1.0,-0.7048991322517395,-0.737414576113224,-0.6733649984002114,-0.17080003023147583,0.20165711641311646,0.2782236337661743,0.47084084153175354,0.5909080292632407,-0.5274413824081421,58.253273010253906
qwen2.5-7b,C,20,27,R_role,R_harm,-1.0,1.0,0.002678957302123308,-0.006928261904977262,0.011980385868810116,-0.0012000203132629395,0.20165711641311646,0.2782236337661743,0.47084084153175354,0.5909080292632407,-0.5274413824081421,206.79986572265625
qwen2.5-7b,C,20,27,R_role,R_control,-1.0,1.0,-0.07226220518350601,-0.08065902311354875,-0.06391924899071455,0.00279998779296875,0.20165711641311646,0.2782236337661743,0.47084084153175354,0.5909080292632407,-0.5274413824081421,256.7321472167969
qwen2.5-7b,C,20,27,R_role,R_role,-1.0,1.0,-0.6917481422424316,-0.7248127892613411,-0.6591506972908974,-0.11800000071525574,0.20165711641311646,0.2782236337661743,0.47084084153175354,0.5909080292632407,-0.5274413824081421,98.78836059570312
qwen2.5-7b,C,20,21,R_role,R_harm,2.0,2.0,-0.00742314150556922,-0.012112558889202773,-0.0031425401568412783,-0.001199960708618164,2.1155600547790527,3.6926815509796143,2.1266203820705414,1.736408426305173,2.8656835556030273,73.05516815185547
qwen2.5-7b,C,20,21,R_role,R_control,2.0,2.0,0.12156005948781967,0.11828982755541802,0.12456076275557279,-0.00279998779296875,2.1155600547790527,3.6926815509796143,2.1266203820705414,1.736408426305173,2.8656835556030273,89.58804321289062
qwen2.5-7b,C,20,21,R_role,R_role,2.0,2.0,1.8620047569274902,1.8423926085233688,1.881743949651718,0.12720000743865967,2.1155600547790527,3.6926815509796143,2.1266203820705414,1.736408426305173,2.8656835556030273,37.5247917175293
qwen2.5-7b,C,20,24,R_role,R_harm,2.0,2.0,-0.010409797541797161,-0.030851099314168094,0.00864651908632367,-0.0004000067710876465,2.1155600547790527,3.6926815509796143,2.1266203820705414,1.736408426305173,2.8656835556030273,131.63490295410156
qwen2.5-7b,C,20,24,R_role,R_control,2.0,2.0,0.08833468705415726,0.07529731802642345,0.10092915128916502,0.001199960708618164,2.1155600547790527,3.6926815509796143,2.1266203820705414,1.736408426305173,2.8656835556030273,165.8619384765625
qwen2.5-7b,C,20,24,R_role,R_role,2.0,2.0,1.5723164081573486,1.522444376349449,1.6210332721471785,0.2468000054359436,2.1155600547790527,3.6926815509796143,2.1266203820705414,1.736408426305173,2.8656835556030273,58.253273010253906
qwen2.5-7b,C,20,27,R_role,R_harm,2.0,2.0,-0.15545111894607544,-0.17993129566311836,-0.13226801939308644,-0.0004000067710876465,2.1155600547790527,3.6926815509796143,2.1266203820705414,1.736408426305173,2.8656835556030273,206.79986572265625
qwen2.5-7b,C,20,27,R_role,R_control,2.0,2.0,0.016032442450523376,-0.000496175135776866,0.03194808242842555,0.009199976921081543,2.1155600547790527,3.6926815509796143,2.1266203820705414,1.736408426305173,2.8656835556030273,256.7321472167969
qwen2.5-7b,C,20,27,R_role,R_role,2.0,2.0,1.4547646045684814,1.3631152361631393,1.5414850741624833,0.37959998846054077,2.1155600547790527,3.6926815509796143,2.1266203820705414,1.736408426305173,2.8656835556030273,98.78836059570312
qwen2.5-7b,C,20,21,R_role,R_harm,-2.0,2.0,-0.025003325194120407,-0.03721482548862696,-0.013126594573259369,-0.0007999539375305176,0.7142290472984314,0.775967538356781,2.1266203820705414,0.36488295931842607,-0.9997851848602295,73.05516815185547
qwen2.5-7b,C,20,21,R_role,R_control,-2.0,2.0,-0.1310797780752182,-0.1407906237989664,-0.12177396155893802,0.000800013542175293,0.7142290472984314,0.775967538356781,2.1266203820705414,0.36488295931842607,-0.9997851848602295,89.58804321289062
qwen2.5-7b,C,20,21,R_role,R_role,-2.0,2.0,-1.668898582458496,-1.688153502345085,-1.649713745713234,-0.12799999117851257,0.7142290472984314,0.775967538356781,2.1266203820705414,0.36488295931842607,-0.9997851848602295,37.5247917175293
qwen2.5-7b,C,20,24,R_role,R_harm,-2.0,2.0,-0.11147487908601761,-0.13971288204193116,-0.08464072421193124,0.0012000203132629395,0.7142290472984314,0.775967538356781,2.1266203820705414,0.36488295931842607,-0.9997851848602295,131.63490295410156
qwen2.5-7b,C,20,24,R_role,R_control,-2.0,2.0,-0.15180784463882446,-0.17456680350005627,-0.13048197068274023,0.0051999688148498535,0.7142290472984314,0.775967538356781,2.1266203820705414,0.36488295931842607,-0.9997851848602295,165.8619384765625
qwen2.5-7b,C,20,24,R_role,R_role,-2.0,2.0,-1.2485727071762085,-1.3010825365781784,-1.1992926955223084,-0.2916000187397003,0.7142290472984314,0.775967538356781,2.1266203820705414,0.36488295931842607,-0.9997851848602295,58.253273010253906
qwen2.5-7b,C,20,27,R_role,R_harm,-2.0,2.0,-0.043951090425252914,-0.06897711716592311,-0.020408411929383894,0.0023999810218811035,0.7142290472984314,0.775967538356781,2.1266203820705414,0.36488295931842607,-0.9997851848602295,206.79986572265625
qwen2.5-7b,C,20,27,R_role,R_control,-2.0,2.0,-0.16937901079654694,-0.18925798460841178,-0.1502256229519844,0.00959998369216919,0.7142290472984314,0.775967538356781,2.1266203820705414,0.36488295931842607,-0.9997851848602295,256.7321472167969
qwen2.5-7b,C,20,27,R_role,R_role,-2.0,2.0,-1.1960105895996094,-1.245945432782173,-1.1469791918992998,-0.1931999921798706,0.7142290472984314,0.775967538356781,2.1266203820705414,0.36488295931842607,-0.9997851848602295,98.78836059570312
qwen2.5-7b,C,20,21,R_role,R_harm,4.0,4.0,-0.04734017699956894,-0.06218198146671057,-0.03340240856632591,-0.001999974250793457,5.3780412673950195,8.367683410644531,6.621843576431274,1.2636486069267958,6.051308631896973,73.05516815185547
qwen2.5-7b,C,20,21,R_role,R_control,4.0,4.0,0.20747074484825134,0.197963460162282,0.21688260957598687,-0.0015999674797058105,5.3780412673950195,8.367683410644531,6.621843576431274,1.2636486069267958,6.051308631896973,89.58804321289062
qwen2.5-7b,C,20,21,R_role,R_role,4.0,4.0,3.5301666259765625,3.50345264673233,3.556126195192337,0.16519999504089355,5.3780412673950195,8.367683410644531,6.621843576431274,1.2636486069267958,6.051308631896973,37.5247917175293
qwen2.5-7b,C,20,24,R_role,R_harm,4.0,4.0,-0.035597678273916245,-0.09029287286102772,0.015901778638362882,-0.0015999674797058105,5.3780412673950195,8.367683410644531,6.621843576431274,1.2636486069267958,6.051308631896973,131.63490295410156
qwen2.5-7b,C,20,24,R_role,R_control,4.0,4.0,0.16759245097637177,0.1288204737007618,0.20419041849672787,0.0055999755859375,5.3780412673950195,8.367683410644531,6.621843576431274,1.2636486069267958,6.051308631896973,165.8619384765625
qwen2.5-7b,C,20,24,R_role,R_role,4.0,4.0,2.5782549381256104,2.515594631433487,2.641166424751282,0.3219999670982361,5.3780412673950195,8.367683410644531,6.621843576431274,1.2636486069267958,6.051308631896973,58.253273010253906
qwen2.5-7b,C,20,27,R_role,R_harm,4.0,4.0,-0.296379417181015,-0.3587287612259388,-0.23918094635009768,-0.008800029754638672,5.3780412673950195,8.367683410644531,6.621843576431274,1.2636486069267958,6.051308631896973,206.79986572265625
qwen2.5-7b,C,20,27,R_role,R_control,4.0,4.0,-0.05973881855607033,-0.10344718992710114,-0.01772284172475341,0.030399978160858154,5.3780412673950195,8.367683410644531,6.621843576431274,1.2636486069267958,6.051308631896973,256.7321472167969
qwen2.5-7b,C,20,27,R_role,R_role,4.0,4.0,1.9068586826324463,1.7947150409221648,2.021879416704178,0.5199999809265137,5.3780412673950195,8.367683410644531,6.621843576431274,1.2636486069267958,6.051308631896973,98.78836059570312
qwen2.5-7b,C,20,21,R_role,R_harm,-4.0,4.0,-0.052685271948575974,-0.07431797496974468,-0.03223422979936005,-0.001199960708618164,3.5087273120880127,2.4444892406463623,6.621843576431274,0.36915538889303945,-2.7721288204193115,73.05516815185547
qwen2.5-7b,C,20,21,R_role,R_control,-4.0,4.0,-0.258063942193985,-0.27472045719623567,-0.24240554571151735,0.001600027084350586,3.5087273120880127,2.4444892406463623,6.621843576431274,0.36915538889303945,-2.7721288204193115,89.58804321289062
qwen2.5-7b,C,20,21,R_role,R_role,-4.0,4.0,-3.1721296310424805,-3.195788860321045,-3.1486439764499665,-0.14919999241828918,3.5087273120880127,2.4444892406463623,6.621843576431274,0.36915538889303945,-2.7721288204193115,37.5247917175293
qwen2.5-7b,C,20,24,R_role,R_harm,-4.0,4.0,-0.21353167295455933,-0.26753432527184484,-0.16299970857799068,0.003600001335144043,3.5087273120880127,2.4444892406463623,6.621843576431274,0.36915538889303945,-2.7721288204193115,131.63490295410156
qwen2.5-7b,C,20,24,R_role,R_control,-4.0,4.0,-0.2626838982105255,-0.30532301068305967,-0.22292511649429797,0.008799970149993896,3.5087273120880127,2.4444892406463623,6.621843576431274,0.36915538889303945,-2.7721288204193115,165.8619384765625
qwen2.5-7b,C,20,24,R_role,R_role,-4.0,4.0,-2.008985996246338,-2.0719990611076353,-1.9480215579271318,-0.39000001549720764,3.5087273120880127,2.4444892406463623,6.621843576431274,0.36915538889303945,-2.7721288204193115,58.253273010253906
qwen2.5-7b,C,20,27,R_role,R_harm,-4.0,4.0,-0.20083023607730865,-0.25495266243815423,-0.14856534041464328,0.004799962043762207,3.5087273120880127,2.4444892406463623,6.621843576431274,0.36915538889303945,-2.7721288204193115,206.79986572265625
qwen2.5-7b,C,20,27,R_role,R_control,-4.0,4.0,-0.3416873812675476,-0.3836072854697704,-0.3017779000103474,0.02039998769760132,3.5087273120880127,2.4444892406463623,6.621843576431274,0.36915538889303945,-2.7721288204193115,256.7321472167969
qwen2.5-7b,C,20,27,R_role,R_role,-4.0,4.0,-1.7154743671417236,-1.7864686250686646,-1.6433526992797851,-0.2751999944448471,3.5087273120880127,2.4444892406463623,6.621843576431274,0.36915538889303945,-2.7721288204193115,98.78836059570312
qwen2.5-7b,C,20,21,random,R_harm,0.25,0.25,-0.003919205628335476,-0.004480123997200281,-0.003310539911035449,-0.0003999471664428711,0.021288221701979637,0.03806760162115097,0.029660006519407034,1.2834657199499504,0.05380859225988388,73.05516815185547
qwen2.5-7b,C,20,21,random,R_control,0.25,0.25,-0.0008226592908613384,-0.0012370690325042232,-0.00040634027245687324,-0.0004000067710876465,0.021288221701979637,0.03806760162115097,0.029660006519407034,1.2834657199499504,0.05380859225988388,89.58804321289062
qwen2.5-7b,C,20,21,random,R_role,0.25,0.25,0.004272548947483301,0.003220329381292686,0.005252339784055948,0.00279998779296875,0.021288221701979637,0.03806760162115097,0.029660006519407034,1.2834657199499504,0.05380859225988388,37.5247917175293
qwen2.5-7b,C,20,24,random,R_harm,0.25,0.25,-0.011180994100868702,-0.012859513727016747,-0.009564287681132554,0.000800013542175293,0.021288221701979637,0.03806760162115097,0.029660006519407034,1.2834657199499504,0.05380859225988388,131.63490295410156
qwen2.5-7b,C,20,24,random,R_control,0.25,0.25,-0.0050519052892923355,-0.0063015477731823925,-0.003832804737612606,0.0,0.021288221701979637,0.03806760162115097,0.029660006519407034,1.2834657199499504,0.05380859225988388,165.8619384765625
qwen2.5-7b,C,20,24,random,R_role,0.25,0.25,0.005831648595631123,0.0033977514132857325,0.00832352999132126,0.01239997148513794,0.021288221701979637,0.03806760162115097,0.029660006519407034,1.2834657199499504,0.05380859225988388,58.253273010253906
qwen2.5-7b,C,20,27,random,R_harm,0.25,0.25,-0.009786823764443398,-0.012049623765051365,-0.007640845293644816,-0.0020000338554382324,0.021288221701979637,0.03806760162115097,0.029660006519407034,1.2834657199499504,0.05380859225988388,206.79986572265625
qwen2.5-7b,C,20,27,random,R_control,0.25,0.25,-0.004841117188334465,-0.006267792813014239,-0.003497224964667112,-0.0004000067710876465,0.021288221701979637,0.03806760162115097,0.029660006519407034,1.2834657199499504,0.05380859225988388,256.7321472167969
qwen2.5-7b,C,20,27,random,R_role,0.25,0.25,0.007673847023397684,0.0026766381633933634,0.013104993011802435,0.01759999990463257,0.021288221701979637,0.03806760162115097,0.029660006519407034,1.2834657199499504,0.05380859225988388,98.78836059570312
qwen2.5-7b,C,20,21,random,R_harm,-0.25,0.25,-0.00045229389797896147,-0.0013187506207032128,0.0003377614404598716,0.0,0.016894754022359848,0.029735170304775238,0.029660006519407034,1.0025341796644254,-0.09236328303813934,73.05516815185547
qwen2.5-7b,C,20,21,random,R_control,-0.25,0.25,-0.001395107014104724,-0.002091195312095806,-0.0007230988921946864,0.0,0.016894754022359848,0.029735170304775238,0.029660006519407034,1.0025341796644254,-0.09236328303813934,89.58804321289062
qwen2.5-7b,C,20,21,random,R_role,-0.25,0.25,-7.472289780707797e-06,-0.0009813568001845851,0.0009214167832396912,-0.000800013542175293,0.016894754022359848,0.029735170304775238,0.029660006519407034,1.0025341796644254,-0.09236328303813934,37.5247917175293
qwen2.5-7b,C,20,24,random,R_harm,-0.25,0.25,0.002352888463065028,0.000619737985834945,0.004021808062680065,0.0004000067710876465,0.016894754022359848,0.029735170304775238,0.029660006519407034,1.0025341796644254,-0.09236328303813934,131.63490295410156
qwen2.5-7b,C,20,24,random,R_control,-0.25,0.25,0.0007067815167829394,-0.0007252411378431134,0.0021156225295271723,-0.000800013542175293,0.016894754022359848,0.029735170304775238,0.029660006519407034,1.0025341796644254,-0.09236328303813934,165.8619384765625
qwen2.5-7b,C,20,24,random,R_role,-0.25,0.25,-0.0022366587072610855,-0.005879933142568916,0.0014037137530976877,-0.011200010776519775,0.016894754022359848,0.029735170304775238,0.029660006519407034,1.0025341796644254,-0.09236328303813934,58.253273010253906
qwen2.5-7b,C,20,27,random,R_harm,-0.25,0.25,-0.002951245289295912,-0.005120538698974997,-0.0008530044273356922,0.0004000067710876465,0.016894754022359848,0.029735170304775238,0.029660006519407034,1.0025341796644254,-0.09236328303813934,206.79986572265625
qwen2.5-7b,C,20,27,random,R_control,-0.25,0.25,-0.0036168552469462156,-0.005390890326816588,-0.0019400610821321612,-0.0004000067710876465,0.016894754022359848,0.029735170304775238,0.029660006519407034,1.0025341796644254,-0.09236328303813934,256.7321472167969
qwen2.5-7b,C,20,27,random,R_role,-0.25,0.25,-0.0023766006343066692,-0.008546653669327497,0.003379554598359379,-0.022399991750717163,0.016894754022359848,0.029735170304775238,0.029660006519407034,1.0025341796644254,-0.09236328303813934,98.78836059570312
qwen2.5-7b,C,20,21,random,R_harm,0.5,0.5,-0.012200092896819115,-0.014453736529685558,-0.010053436434827747,-0.0003999471664428711,0.07065808027982712,0.11840631812810898,0.11085746809840202,1.0680950968770662,0.06208984553813934,73.05516815185547
qwen2.5-7b,C,20,21,random,R_control,0.5,0.5,-0.004275982733815908,-0.005882271961309016,-0.0027117588149849327,0.0,0.07065808027982712,0.11840631812810898,0.11085746809840202,1.0680950968770662,0.06208984553813934,89.58804321289062
qwen2.5-7b,C,20,21,random,R_role,0.5,0.5,0.011538177728652954,0.009319826681166887,0.013821019371971487,-0.001600027084350586,0.07065808027982712,0.11840631812810898,0.11085746809840202,1.0680950968770662,0.06208984553813934,37.5247917175293
qwen2.5-7b,C,20,24,random,R_harm,0.5,0.5,-0.031237808987498283,-0.03682844685390592,-0.02580092679709196,0.000800013542175293,0.07065808027982712,0.11840631812810898,0.11085746809840202,1.0680950968770662,0.06208984553813934,131.63490295410156
qwen2.5-7b,C,20,24,random,R_control,0.5,0.5,-0.015437912195920944,-0.01956743011251092,-0.0113333958433941,0.0004000067710876465,0.07065808027982712,0.11840631812810898,0.11085746809840202,1.0680950968770662,0.06208984553813934,165.8619384765625
qwen2.5-7b,C,20,24,random,R_role,0.5,0.5,0.012738164514303207,0.007865719473920762,0.017705882154405116,0.013999998569488525,0.07065808027982712,0.11840631812810898,0.11085746809840202,1.0680950968770662,0.06208984553813934,58.253273010253906
qwen2.5-7b,C,20,27,random,R_harm,0.5,0.5,-0.031332336366176605,-0.0374842100776732,-0.025274975411593913,-0.001600027084350586,0.07065808027982712,0.11840631812810898,0.11085746809840202,1.0680950968770662,0.06208984553813934,206.79986572265625
qwen2.5-7b,C,20,27,random,R_control,0.5,0.5,-0.01778527721762657,-0.02189692286774516,-0.01381597137078643,0.0004000067710876465,0.07065808027982712,0.11840631812810898,0.11085746809840202,1.0680950968770662,0.06208984553813934,256.7321472167969
qwen2.5-7b,C,20,27,random,R_role,0.5,0.5,0.01765061542391777,0.008067437401041388,0.02749760667793451,0.03479999303817749,0.07065808027982712,0.11840631812810898,0.11085746809840202,1.0680950968770662,0.06208984553813934,98.78836059570312
qwen2.5-7b,C,20,21,random,R_harm,-0.5,0.5,-0.004037424456328154,-0.006633344886358828,-0.0016109308460727334,-0.0003999471664428711,0.04772676154971123,0.08224058151245117,0.11085746809840202,0.741858739182558,-0.2135351598262787,73.05516815185547
qwen2.5-7b,C,20,21,random,R_control,-0.5,0.5,-0.0036497442051768303,-0.005607237142976373,-0.0018297796981642039,-0.0004000067710876465,0.04772676154971123,0.08224058151245117,0.11085746809840202,0.741858739182558,-0.2135351598262787,89.58804321289062
qwen2.5-7b,C,20,21,random,R_role,-0.5,0.5,0.0063846721313893795,0.004203326092101634,0.008485624636523425,-0.00279998779296875,0.04772676154971123,0.08224058151245117,0.11085746809840202,0.741858739182558,-0.2135351598262787,37.5247917175293
qwen2.5-7b,C,20,24,random,R_harm,-0.5,0.5,-0.003504277439787984,-0.009065231727436184,0.0016967994539299927,0.0004000067710876465,0.04772676154971123,0.08224058151245117,0.11085746809840202,0.741858739182558,-0.2135351598262787,131.63490295410156
qwen2.5-7b,C,20,24,random,R_control,-0.5,0.5,-0.002200688701122999,-0.006562704255338758,0.002007071662228553,-0.000800013542175293,0.04772676154971123,0.08224058151245117,0.11085746809840202,0.741858739182558,-0.2135351598262787,165.8619384765625
qwen2.5-7b,C,20,24,random,R_role,-0.5,0.5,5.129858254804276e-05,-0.008198851766064764,0.008080410747788844,-0.02399998903274536,0.04772676154971123,0.08224058151245117,0.11085746809840202,0.741858739182558,-0.2135351598262787,58.253273010253906
qwen2.5-7b,C,20,27,random,R_harm,-0.5,0.5,-0.017182284966111183,-0.022547041112557054,-0.012039347668178381,0.0004000067710876465,0.04772676154971123,0.08224058151245117,0.11085746809840202,0.741858739182558,-0.2135351598262787,206.79986572265625
qwen2.5-7b,C,20,27,random,R_control,-0.5,0.5,-0.01430682186037302,-0.0190483495593071,-0.00990116479806602,-0.000800013542175293,0.04772676154971123,0.08224058151245117,0.11085746809840202,0.741858739182558,-0.2135351598262787,256.7321472167969
qwen2.5-7b,C,20,27,random,R_role,-0.5,0.5,0.0027582019101828337,-0.00988836430478841,0.01371652029920369,-0.039599984884262085,0.04772676154971123,0.08224058151245117,0.11085746809840202,0.741858739182558,-0.2135351598262787,98.78836059570312
qwen2.5-7b,C,20,21,random,R_harm,1.0,1.0,-0.032910820096731186,-0.040196912735700606,-0.02600340927019716,-0.0007999539375305176,0.2770189046859741,0.40970268845558167,0.47084084153175354,0.8701511260635857,-0.1052539050579071,73.05516815185547
qwen2.5-7b,C,20,21,random,R_control,1.0,1.0,-0.012311935424804688,-0.017519260989502072,-0.007360199175309391,-0.0004000067710876465,0.2770189046859741,0.40970268845558167,0.47084084153175354,0.8701511260635857,-0.1052539050579071,89.58804321289062
qwen2.5-7b,C,20,21,random,R_role,1.0,1.0,0.03668323531746864,0.031042323866859078,0.042249664571136235,-0.0059999823570251465,0.2770189046859741,0.40970268845558167,0.47084084153175354,0.8701511260635857,-0.1052539050579071,37.5247917175293
qwen2.5-7b,C,20,24,random,R_harm,1.0,1.0,-0.08104177564382553,-0.09964337926357984,-0.06290683504194022,0.001600027084350586,0.2770189046859741,0.40970268845558167,0.47084084153175354,0.8701511260635857,-0.1052539050579071,131.63490295410156
qwen2.5-7b,C,20,24,random,R_control,1.0,1.0,-0.03970307484269142,-0.053594216052442786,-0.026214605337008857,0.0023999810218811035,0.2770189046859741,0.40970268845558167,0.47084084153175354,0.8701511260635857,-0.1052539050579071,165.8619384765625
qwen2.5-7b,C,20,24,random,R_role,1.0,1.0,0.043968427926301956,0.03245118297636509,0.05571208875626325,0.014800012111663818,0.2770189046859741,0.40970268845558167,0.47084084153175354,0.8701511260635857,-0.1052539050579071,58.253273010253906
qwen2.5-7b,C,20,27,random,R_harm,1.0,1.0,-0.09867990761995316,-0.11812664605677128,-0.07984416093677282,-0.001600027084350586,0.2770189046859741,0.40970268845558167,0.47084084153175354,0.8701511260635857,-0.1052539050579071,206.79986572265625
qwen2.5-7b,C,20,27,random,R_control,1.0,1.0,-0.06140613928437233,-0.07563829850405454,-0.047634527459740644,0.0031999945640563965,0.2770189046859741,0.40970268845558167,0.47084084153175354,0.8701511260635857,-0.1052539050579071,256.7321472167969
qwen2.5-7b,C,20,27,random,R_role,1.0,1.0,0.0479387491941452,0.028553143655881286,0.06668501049280166,0.043599992990493774,0.2770189046859741,0.40970268845558167,0.47084084153175354,0.8701511260635857,-0.1052539050579071,98.78836059570312
qwen2.5-7b,C,20,21,random,R_harm,-1.0,1.0,-0.01821134425699711,-0.025989020150154828,-0.010903506004251542,-0.0007999539375305176,0.1441543996334076,0.24085398018360138,0.47084084153175354,0.5115401191622375,-0.5306445360183716,73.05516815185547
qwen2.5-7b,C,20,21,random,R_control,-1.0,1.0,-0.010635018348693848,-0.01649020044133067,-0.0050945738330483445,-0.0015999674797058105,0.1441543996334076,0.24085398018360138,0.47084084153175354,0.5115401191622375,-0.5306445360183716,89.58804321289062
qwen2.5-7b,C,20,21,random,R_role,-1.0,1.0,0.029326140880584717,0.023714140709489583,0.03453981019556522,-0.00959998369216919,0.1441543996334076,0.24085398018360138,0.47084084153175354,0.5115401191622375,-0.5306445360183716,37.5247917175293
qwen2.5-7b,C,20,24,random,R_harm,-1.0,1.0,-0.030442440882325172,-0.048397873714566234,-0.014001275040209295,0.001600027084350586,0.1441543996334076,0.24085398018360138,0.47084084153175354,0.5115401191622375,-0.5306445360183716,131.63490295410156
qwen2.5-7b,C,20,24,random,R_control,-1.0,1.0,-0.011915737763047218,-0.02598667060956359,0.00118962498381733,-0.000800013542175293,0.1441543996334076,0.24085398018360138,0.47084084153175354,0.5115401191622375,-0.5306445360183716,165.8619384765625
qwen2.5-7b,C,20,24,random,R_role,-1.0,1.0,0.020708847790956497,0.00038730523883714354,0.03965378692373633,-0.06160002946853638,0.1441543996334076,0.24085398018360138,0.47084084153175354,0.5115401191622375,-0.5306445360183716,58.253273010253906
qwen2.5-7b,C,20,27,random,R_harm,-1.0,1.0,-0.07520252466201782,-0.09197531379759312,-0.059468915686011314,0.0004000067710876465,0.1441543996334076,0.24085398018360138,0.47084084153175354,0.5115401191622375,-0.5306445360183716,206.79986572265625
qwen2.5-7b,C,20,27,random,R_control,-1.0,1.0,-0.053642258048057556,-0.06867361143231392,-0.039419838227331645,-0.004400014877319336,0.1441543996334076,0.24085398018360138,0.47084084153175354,0.5115401191622375,-0.5306445360183716,256.7321472167969
qwen2.5-7b,C,20,27,random,R_role,-1.0,1.0,0.02232424169778824,-0.004531156807206571,0.04637842532247304,-0.08160001039505005,0.1441543996334076,0.24085398018360138,0.47084084153175354,0.5115401191622375,-0.5306445360183716,98.78836059570312
qwen2.5-7b,C,20,21,random,R_harm,2.0,2.0,-0.07440588623285294,-0.0913924153894186,-0.05842462489381432,-0.001199960708618164,1.055393934249878,1.4332233667373657,2.1266203820705414,0.6739441504561978,0.11162109673023224,73.05516815185547
qwen2.5-7b,C,20,21,random,R_control,2.0,2.0,-0.02836417593061924,-0.04071667520329356,-0.01679433924145997,-0.0015999674797058105,1.055393934249878,1.4332233667373657,2.1266203820705414,0.6739441504561978,0.11162109673023224,89.58804321289062
qwen2.5-7b,C,20,21,random,R_role,2.0,2.0,0.09045815467834473,0.07888952009379864,0.1017037346959114,-0.013599991798400879,1.055393934249878,1.4332233667373657,2.1266203820705414,0.6739441504561978,0.11162109673023224,37.5247917175293
qwen2.5-7b,C,20,24,random,R_harm,2.0,2.0,-0.14154785871505737,-0.188757136836648,-0.09557904396206145,0.002400040626525879,1.055393934249878,1.4332233667373657,2.1266203820705414,0.6739441504561978,0.11162109673023224,131.63490295410156
qwen2.5-7b,C,20,24,random,R_control,2.0,2.0,-0.04000505432486534,-0.07536525540053844,-0.005288231163285699,0.0023999810218811035,1.055393934249878,1.4332233667373657,2.1266203820705414,0.6739441504561978,0.11162109673023224,165.8619384765625
qwen2.5-7b,C,20,24,random,R_role,2.0,2.0,0.2411843091249466,0.2134113609790802,0.2675875209271908,0.00959998369216919,1.055393934249878,1.4332233667373657,2.1266203820705414,0.6739441504561978,0.11162109673023224,58.253273010253906
qwen2.5-7b,C,20,27,random,R_harm,2.0,2.0,-0.265764057636261,-0.31937538683414457,-0.21454673521220688,-0.003600001335144043,1.055393934249878,1.4332233667373657,2.1266203820705414,0.6739441504561978,0.11162109673023224,206.79986572265625
qwen2.5-7b,C,20,27,random,R_control,2.0,2.0,-0.16058674454689026,-0.20026381127536297,-0.12258717659860852,0.009199976921081543,1.055393934249878,1.4332233667373657,2.1266203820705414,0.6739441504561978,0.11162109673023224,256.7321472167969
qwen2.5-7b,C,20,27,random,R_role,2.0,2.0,0.21763700246810913,0.17607466131448746,0.2595280013978481,0.06880000233650208,1.055393934249878,1.4332233667373657,2.1266203820705414,0.6739441504561978,0.11162109673023224,98.78836059570312
qwen2.5-7b,C,20,21,random,R_harm,-2.0,2.0,-0.04448426142334938,-0.06163093242794275,-0.028123977640643717,-0.001199960708618164,1.0114977359771729,1.3859919309616089,2.1266203820705414,0.651734528008316,-1.2365039587020874,73.05516815185547
qwen2.5-7b,C,20,21,random,R_control,-2.0,2.0,-0.01995137892663479,-0.03293877653777599,-0.007743325526826089,-0.0023999810218811035,1.0114977359771729,1.3859919309616089,2.1266203820705414,0.651734528008316,-1.2365039587020874,89.58804321289062
qwen2.5-7b,C,20,21,random,R_role,-2.0,2.0,0.08589135110378265,0.07385611571371556,0.09727286119014024,-0.025600016117095947,1.0114977359771729,1.3859919309616089,2.1266203820705414,0.651734528008316,-1.2365039587020874,37.5247917175293
qwen2.5-7b,C,20,24,random,R_harm,-2.0,2.0,-0.07721533626317978,-0.12138705588877201,-0.036417938861995965,-0.0015999674797058105,1.0114977359771729,1.3859919309616089,2.1266203820705414,0.651734528008316,-1.2365039587020874,131.63490295410156
qwen2.5-7b,C,20,24,random,R_control,-2.0,2.0,-0.005778231658041477,-0.03992643812671304,0.025812462624162293,-0.0031999945640563965,1.0114977359771729,1.3859919309616089,2.1266203820705414,0.651734528008316,-1.2365039587020874,165.8619384765625
qwen2.5-7b,C,20,24,random,R_role,-2.0,2.0,0.15964145958423615,0.12392684016376734,0.1930362954735756,-0.09520003199577332,1.0114977359771729,1.3859919309616089,2.1266203820705414,0.651734528008316,-1.2365039587020874,58.253273010253906
qwen2.5-7b,C,20,27,random,R_harm,-2.0,2.0,-0.247909814119339,-0.2923876285552979,-0.20636686980724336,-0.0020000338554382324,1.0114977359771729,1.3859919309616089,2.1266203820705414,0.651734528008316,-1.2365039587020874,206.79986572265625
qwen2.5-7b,C,20,27,random,R_control,-2.0,2.0,-0.14963559806346893,-0.18921470195055007,-0.11256192158907655,-0.007600009441375732,1.0114977359771729,1.3859919309616089,2.1266203820705414,0.651734528008316,-1.2365039587020874,256.7321472167969
qwen2.5-7b,C,20,27,random,R_role,-2.0,2.0,0.11208199709653854,0.06085014278069138,0.1627911299467086,-0.1648000031709671,1.0114977359771729,1.3859919309616089,2.1266203820705414,0.651734528008316,-1.2365039587020874,98.78836059570312
qwen2.5-7b,C,20,21,random,R_harm,4.0,4.0,-0.14263613522052765,-0.16817411817610264,-0.11850991882383824,-0.001199960708618164,6.235931873321533,6.8168864250183105,6.621843576431274,1.0294544632979916,-0.4483398497104645,73.05516815185547
qwen2.5-7b,C,20,21,random,R_control,4.0,4.0,-0.07283715903759003,-0.09196816422045231,-0.05478701535612345,0.0,6.235931873321533,6.8168864250183105,6.621843576431274,1.0294544632979916,-0.4483398497104645,89.58804321289062
qwen2.5-7b,C,20,21,random,R_role,4.0,4.0,0.10086996108293533,0.08312344811856746,0.11773682832717895,-0.015600025653839111,6.235931873321533,6.8168864250183105,6.621843576431274,1.0294544632979916,-0.4483398497104645,37.5247917175293
qwen2.5-7b,C,20,24,random,R_harm,4.0,4.0,-0.15415383875370026,-0.22882401570677757,-0.08382505867630247,0.0004000067710876465,6.235931873321533,6.8168864250183105,6.621843576431274,1.0294544632979916,-0.4483398497104645,131.63490295410156
qwen2.5-7b,C,20,24,random,R_control,4.0,4.0,0.01779920607805252,-0.037426987383514645,0.07067461162805556,-0.003600001335144043,6.235931873321533,6.8168864250183105,6.621843576431274,1.0294544632979916,-0.4483398497104645,165.8619384765625
qwen2.5-7b,C,20,24,random,R_role,4.0,4.0,0.593101978302002,0.5471679538488388,0.6384992152452469,0.0007999539375305176,6.235931873321533,6.8168864250183105,6.621843576431274,1.0294544632979916,-0.4483398497104645,58.253273010253906
qwen2.5-7b,C,20,27,random,R_harm,4.0,4.0,-0.3880193829536438,-0.4766754493117332,-0.30375789254903807,-0.01840001344680786,6.235931873321533,6.8168864250183105,6.621843576431274,1.0294544632979916,-0.4483398497104645,206.79986572265625
qwen2.5-7b,C,20,27,random,R_control,4.0,4.0,-0.16224302351474762,-0.2284455183893442,-0.09919027723371986,0.006399989128112793,6.235931873321533,6.8168864250183105,6.621843576431274,1.0294544632979916,-0.4483398497104645,256.7321472167969
qwen2.5-7b,C,20,27,random,R_role,4.0,4.0,0.46909961104393005,0.3894737496972084,0.5500775575637817,-0.13319998979568481,6.235931873321533,6.8168864250183105,6.621843576431274,1.0294544632979916,-0.4483398497104645,98.78836059570312
qwen2.5-7b,C,20,21,random,R_harm,-4.0,4.0,-0.06408029794692993,-0.08991792555898429,-0.03957891985774041,-0.0015999674797058105,4.928544521331787,5.493671894073486,6.621843576431274,0.8296287628458605,-1.756503939628601,73.05516815185547
qwen2.5-7b,C,20,21,random,R_control,-4.0,4.0,-0.023557988926768303,-0.04292509462684393,-0.005190304142888642,-0.0004000067710876465,4.928544521331787,5.493671894073486,6.621843576431274,0.8296287628458605,-1.756503939628601,89.58804321289062
qwen2.5-7b,C,20,21,random,R_role,-4.0,4.0,0.16488006711006165,0.14689146690070629,0.18195198103785515,-0.0307999849319458,4.928544521331787,5.493671894073486,6.621843576431274,0.8296287628458605,-1.756503939628601,37.5247917175293
qwen2.5-7b,C,20,24,random,R_harm,-4.0,4.0,-0.1396520584821701,-0.21002900265157223,-0.07391124460846189,-0.0031999945640563965,4.928544521331787,5.493671894073486,6.621843576431274,0.8296287628458605,-1.756503939628601,131.63490295410156
qwen2.5-7b,C,20,24,random,R_control,-4.0,4.0,0.010657476261258125,-0.0434146529994905,0.06137498999014495,-0.0012000203132629395,4.928544521331787,5.493671894073486,6.621843576431274,0.8296287628458605,-1.756503939628601,165.8619384765625
qwen2.5-7b,C,20,24,random,R_role,-4.0,4.0,0.41678178310394287,0.36894379928708076,0.4645988963544368,-0.06440001726150513,4.928544521331787,5.493671894073486,6.621843576431274,0.8296287628458605,-1.756503939628601,58.253273010253906
qwen2.5-7b,C,20,27,random,R_harm,-4.0,4.0,-0.5101906061172485,-0.5907793387770652,-0.43253006413578987,0.0,4.928544521331787,5.493671894073486,6.621843576431274,0.8296287628458605,-1.756503939628601,206.79986572265625
qwen2.5-7b,C,20,27,random,R_control,-4.0,4.0,-0.2247728705406189,-0.28728303089737894,-0.1649991422891617,-0.001600027084350586,4.928544521331787,5.493671894073486,6.621843576431274,0.8296287628458605,-1.756503939628601,256.7321472167969
qwen2.5-7b,C,20,27,random,R_role,-4.0,4.0,0.4568680226802826,0.3771381750702858,0.5387091130018233,-0.21159999072551727,4.928544521331787,5.493671894073486,6.621843576431274,0.8296287628458605,-1.756503939628601,98.78836059570312
qwen2.5-7b,C,25,26,R_harm,R_harm,0.25,0.25,0.24274785816669464,0.24132454097270967,0.24412493631243706,0.0007999539375305176,0.05662748962640762,0.0805608257651329,0.007208200637251139,11.176274054970664,4.226230621337891,179.0168914794922
qwen2.5-7b,C,25,26,R_harm,R_control,0.25,0.25,0.15950126945972443,0.15769781544804573,0.16132291741669177,0.0031999945640563965,0.05662748962640762,0.0805608257651329,0.007208200637251139,11.176274054970664,4.226230621337891,222.24468994140625
qwen2.5-7b,C,25,26,R_harm,R_role,0.25,0.25,0.01939694583415985,0.014701065770350397,0.02442093496210873,0.02559998631477356,0.05662748962640762,0.0805608257651329,0.007208200637251139,11.176274054970664,4.226230621337891,80.83958435058594
qwen2.5-7b,C,25,27,R_harm,R_harm,0.25,0.25,0.2411368191242218,0.23859364055097104,0.24368505291640757,0.0,0.05662748962640762,0.0805608257651329,0.007208200637251139,11.176274054970664,4.226230621337891,206.79986572265625
qwen2.5-7b,C,25,27,R_harm,R_control,0.25,0.25,0.14837822318077087,0.14680561944842338,0.14999380931258202,0.0023999810218811035,0.05662748962640762,0.0805608257651329,0.007208200637251139,11.176274054970664,4.226230621337891,256.7321472167969
qwen2.5-7b,C,25,27,R_harm,R_role,0.25,0.25,-0.07213979959487915,-0.08098943382501603,-0.06329655312001706,-0.04440000653266907,0.05662748962640762,0.0805608257651329,0.007208200637251139,11.176274054970664,4.226230621337891,98.78836059570312
qwen2.5-7b,C,25,26,R_harm,R_harm,-0.25,0.25,-0.2415839582681656,-0.2443335197865963,-0.23884275741875172,0.0004000067710876465,0.04229643940925598,0.050375498831272125,0.007208200637251139,6.988637160144715,-2.9283788204193115,179.0168914794922
qwen2.5-7b,C,25,26,R_harm,R_control,-0.25,0.25,-0.15754371881484985,-0.16039740927517415,-0.15471877083182334,-0.003600001335144043,0.04229643940925598,0.050375498831272125,0.007208200637251139,6.988637160144715,-2.9283788204193115,222.24468994140625
qwen2.5-7b,C,25,26,R_harm,R_role,-0.25,0.25,-0.0126429982483387,-0.017749072099104524,-0.0077394602121785335,-0.0307999849319458,0.04229643940925598,0.050375498831272125,0.007208200637251139,6.988637160144715,-2.9283788204193115,80.83958435058594
qwen2.5-7b,C,25,27,R_harm,R_harm,-0.25,0.25,-0.2330518513917923,-0.23849632479250432,-0.22753723263740538,0.001999974250793457,0.04229643940925598,0.050375498831272125,0.007208200637251139,6.988637160144715,-2.9283788204193115,206.79986572265625
qwen2.5-7b,C,25,27,R_harm,R_control,-0.25,0.25,-0.1443866491317749,-0.14761129915714263,-0.14097905196249486,-0.0031999945640563965,0.04229643940925598,0.050375498831272125,0.007208200637251139,6.988637160144715,-2.9283788204193115,256.7321472167969
qwen2.5-7b,C,25,27,R_harm,R_role,-0.25,0.25,0.06763307005167007,0.057559164427220824,0.07793927546590566,0.047600001096725464,0.04229643940925598,0.050375498831272125,0.007208200637251139,6.988637160144715,-2.9283788204193115,98.78836059570312
qwen2.5-7b,C,25,26,R_harm,R_harm,0.5,0.5,0.4851808249950409,0.48317617997527124,0.4871607556939125,0.0007999539375305176,0.2236398309469223,0.31384289264678955,0.029788915067911148,10.53555968491325,7.886620998382568,179.0168914794922
qwen2.5-7b,C,25,26,R_harm,R_control,0.5,0.5,0.3201695680618286,0.31760243922472,0.3227540723979473,0.0067999958992004395,0.2236398309469223,0.31384289264678955,0.029788915067911148,10.53555968491325,7.886620998382568,222.24468994140625
qwen2.5-7b,C,25,26,R_harm,R_role,0.5,0.5,0.04494313895702362,0.036034890450537205,0.054242228530347346,0.05280002951622009,0.2236398309469223,0.31384289264678955,0.029788915067911148,10.53555968491325,7.886620998382568,80.83958435058594
qwen2.5-7b,C,25,27,R_harm,R_harm,0.5,0.5,0.47892364859580994,0.4751838967204094,0.48251263573765757,0.0,0.2236398309469223,0.31384289264678955,0.029788915067911148,10.53555968491325,7.886620998382568,206.79986572265625
qwen2.5-7b,C,25,27,R_harm,R_control,0.5,0.5,0.2944401502609253,0.2919669196009636,0.2967488199472427,0.007999956607818604,0.2236398309469223,0.31384289264678955,0.029788915067911148,10.53555968491325,7.886620998382568,256.7321472167969
qwen2.5-7b,C,25,27,R_harm,R_role,0.5,0.5,-0.14773884415626526,-0.16216545067727567,-0.13323388658463955,-0.06360000371932983,0.2236398309469223,0.31384289264678955,0.029788915067911148,10.53555968491325,7.886620998382568,98.78836059570312
qwen2.5-7b,C,25,26,R_harm,R_harm,-0.5,0.5,-0.4803294241428375,-0.4870574906468391,-0.47373420745134354,0.0007999539375305176,0.20636224746704102,0.18757185339927673,0.029788915067911148,6.296699727790039,-4.67556619644165,179.0168914794922
qwen2.5-7b,C,25,26,R_harm,R_control,-0.5,0.5,-0.31198424100875854,-0.3184862144291401,-0.3055548034608364,-0.0059999823570251465,0.20636224746704102,0.18757185339927673,0.029788915067911148,6.296699727790039,-4.67556619644165,222.24468994140625
qwen2.5-7b,C,25,26,R_harm,R_role,-0.5,0.5,-0.017899081110954285,-0.027258379105478524,-0.008967053913511335,-0.055599987506866455,0.20636224746704102,0.18757185339927673,0.029788915067911148,6.296699727790039,-4.67556619644165,80.83958435058594
qwen2.5-7b,C,25,27,R_harm,R_harm,-0.5,0.5,-0.45418792963027954,-0.4675191767513752,-0.4408075831830502,0.00279998779296875,0.20636224746704102,0.18757185339927673,0.029788915067911148,6.296699727790039,-4.67556619644165,206.79986572265625
qwen2.5-7b,C,25,27,R_harm,R_control,-0.5,0.5,-0.28298503160476685,-0.2910774417221546,-0.27477169632911685,-0.005200028419494629,0.20636224746704102,0.18757185339927673,0.029788915067911148,6.296699727790039,-4.67556619644165,256.7321472167969
qwen2.5-7b,C,25,27,R_harm,R_role,-0.5,0.5,0.12139695882797241,0.10098078642040491,0.14252012893557547,0.09880000352859497,0.20636224746704102,0.18757185339927673,0.029788915067911148,6.296699727790039,-4.67556619644165,98.78836059570312
qwen2.5-7b,C,25,26,R_harm,R_harm,1.0,1.0,0.9611022472381592,0.955068726837635,0.9667602226138114,0.001199960708618164,1.4490431547164917,2.426323652267456,0.15904179401695728,15.255887090966526,12.082558631896973,179.0168914794922
qwen2.5-7b,C,25,26,R_harm,R_control,1.0,1.0,0.6392619013786316,0.6362940356135368,0.6422705218195915,0.007600009441375732,1.4490431547164917,2.426323652267456,0.15904179401695728,15.255887090966526,12.082558631896973,222.24468994140625
qwen2.5-7b,C,25,26,R_harm,R_role,1.0,1.0,0.10692895203828812,0.09307195413857698,0.12162285968661307,0.08239999413490295,1.4490431547164917,2.426323652267456,0.15904179401695728,15.255887090966526,12.082558631896973,80.83958435058594
qwen2.5-7b,C,25,27,R_harm,R_harm,1.0,1.0,0.9253674149513245,0.913941502571106,0.9363030359148979,0.000800013542175293,1.4490431547164917,2.426323652267456,0.15904179401695728,15.255887090966526,12.082558631896973,206.79986572265625
qwen2.5-7b,C,25,27,R_harm,R_control,1.0,1.0,0.5704241394996643,0.5625406607985497,0.5778520539402962,0.008799970149993896,1.4490431547164917,2.426323652267456,0.15904179401695728,15.255887090966526,12.082558631896973,256.7321472167969
qwen2.5-7b,C,25,27,R_harm,R_role,1.0,1.0,-0.2876341938972473,-0.3022850327193737,-0.2731474988162518,-0.050399988889694214,1.4490431547164917,2.426323652267456,0.15904179401695728,15.255887090966526,12.082558631896973,98.78836059570312
qwen2.5-7b,C,25,26,R_harm,R_harm,-1.0,1.0,-0.9408712983131409,-0.9575402766466141,-0.9247459843754768,0.001999974250793457,1.685366153717041,0.6651749610900879,0.15904179401695728,4.182390957053502,-7.744316577911377,179.0168914794922
qwen2.5-7b,C,25,26,R_harm,R_control,-1.0,1.0,-0.6057165265083313,-0.6203899830579758,-0.5915298998355866,-0.008000016212463379,1.685366153717041,0.6651749610900879,0.15904179401695728,4.182390957053502,-7.744316577911377,222.24468994140625
qwen2.5-7b,C,25,26,R_harm,R_role,-1.0,1.0,-0.00699461717158556,-0.022662226017564534,0.007635568745899941,-0.08479997515678406,1.685366153717041,0.6651749610900879,0.15904179401695728,4.182390957053502,-7.744316577911377,80.83958435058594
qwen2.5-7b,C,25,27,R_harm,R_harm,-1.0,1.0,-0.8652031421661377,-0.8977870836853981,-0.8326964139938355,-0.0020000338554382324,1.685366153717041,0.6651749610900879,0.15904179401695728,4.182390957053502,-7.744316577911377,206.79986572265625
qwen2.5-7b,C,25,27,R_harm,R_control,-1.0,1.0,-0.5453044772148132,-0.5650466099381447,-0.5257341027259826,-0.020400047302246094,1.685366153717041,0.6651749610900879,0.15904179401695728,4.182390957053502,-7.744316577911377,256.7321472167969
qwen2.5-7b,C,25,27,R_harm,R_role,-1.0,1.0,0.1766510158777237,0.1382790856063366,0.21572087258100509,0.1812000274658203,1.685366153717041,0.6651749610900879,0.15904179401695728,4.182390957053502,-7.744316577911377,98.78836059570312
qwen2.5-7b,C,25,26,R_harm,R_harm,2.0,2.0,1.8478878736495972,1.8291355460882186,1.8655930042266846,0.0015999674797058105,4.69444465637207,8.284294128417969,0.8332153111696243,9.942561085188062,14.571464538574219,179.0168914794922
qwen2.5-7b,C,25,26,R_harm,R_control,2.0,2.0,1.2392033338546753,1.228392907977104,1.2492023944854735,0.00279998779296875,4.69444465637207,8.284294128417969,0.8332153111696243,9.942561085188062,14.571464538574219,222.24468994140625
qwen2.5-7b,C,25,26,R_harm,R_role,2.0,2.0,0.2441803365945816,0.22778283953666686,0.2618970863521099,0.09880003333091736,4.69444465637207,8.284294128417969,0.8332153111696243,9.942561085188062,14.571464538574219,80.83958435058594
qwen2.5-7b,C,25,27,R_harm,R_harm,2.0,2.0,1.6585187911987305,1.6135406076908112,1.7004801124334334,-0.0012000203132629395,4.69444465637207,8.284294128417969,0.8332153111696243,9.942561085188062,14.571464538574219,206.79986572265625
qwen2.5-7b,C,25,27,R_harm,R_control,2.0,2.0,1.0360727310180664,1.007996252179146,1.0623768806457519,-0.0004000067710876465,4.69444465637207,8.284294128417969,0.8332153111696243,9.942561085188062,14.571464538574219,256.7321472167969
qwen2.5-7b,C,25,27,R_harm,R_role,2.0,2.0,-0.3969029188156128,-0.4302877373993397,-0.36153273433446886,0.14520001411437988,4.69444465637207,8.284294128417969,0.8332153111696243,9.942561085188062,14.571464538574219,98.78836059570312
qwen2.5-7b,C,25,26,R_harm,R_harm,-2.0,2.0,-1.7672511339187622,-1.7994488298892974,-1.7358464002609253,0.001999974250793457,8.715673446655273,2.403019428253174,0.8332153111696243,2.88403176950738,-10.375253677368164,179.0168914794922
qwen2.5-7b,C,25,26,R_harm,R_control,-2.0,2.0,-1.1244900226593018,-1.1494398087263107,-1.100724348425865,-0.008000016212463379,8.715673446655273,2.403019428253174,0.8332153111696243,2.88403176950738,-10.375253677368164,222.24468994140625
qwen2.5-7b,C,25,26,R_harm,R_role,-2.0,2.0,0.05042658746242523,0.032495313603430984,0.0678134912624955,-0.06359997391700745,8.715673446655273,2.403019428253174,0.8332153111696243,2.88403176950738,-10.375253677368164,80.83958435058594
qwen2.5-7b,C,25,27,R_harm,R_harm,-2.0,2.0,-1.5801997184753418,-1.6382125556468963,-1.524114543199539,-0.016000032424926758,8.715673446655273,2.403019428253174,0.8332153111696243,2.88403176950738,-10.375253677368164,206.79986572265625
qwen2.5-7b,C,25,27,R_harm,R_control,-2.0,2.0,-1.0101971626281738,-1.046078634262085,-0.9766248255968094,-0.03040003776550293,8.715673446655273,2.403019428253174,0.8332153111696243,2.88403176950738,-10.375253677368164,256.7321472167969
qwen2.5-7b,C,25,27,R_harm,R_role,-2.0,2.0,0.19898708164691925,0.15299863331019878,0.2439584080129861,0.1940000057220459,8.715673446655273,2.403019428253174,0.8332153111696243,2.88403176950738,-10.375253677368164,98.78836059570312
qwen2.5-7b,C,25,26,R_harm,R_harm,4.0,4.0,3.441593885421753,3.4149732887744904,3.46633038520813,-0.0031999945640563965,6.768502235412598,10.813249588012695,4.734945148229599,2.283711690315099,14.643525123596191,179.0168914794922
qwen2.5-7b,C,25,26,R_harm,R_control,4.0,4.0,2.305706262588501,2.2880215525627134,2.3223678529262544,0.0,6.768502235412598,10.813249588012695,4.734945148229599,2.283711690315099,14.643525123596191,222.24468994140625
qwen2.5-7b,C,25,26,R_harm,R_role,4.0,4.0,0.48197048902511597,0.4635201066732407,0.5016328796744347,0.09160003066062927,6.768502235412598,10.813249588012695,4.734945148229599,2.283711690315099,14.643525123596191,80.83958435058594
qwen2.5-7b,C,25,27,R_harm,R_harm,4.0,4.0,2.5632708072662354,2.4882288753986357,2.6331314146518707,-0.018000006675720215,6.768502235412598,10.813249588012695,4.734945148229599,2.283711690315099,14.643525123596191,206.79986572265625
qwen2.5-7b,C,25,27,R_harm,R_control,4.0,4.0,1.6567400693893433,1.6099736511707305,1.7010158956050874,-0.02240002155303955,6.768502235412598,10.813249588012695,4.734945148229599,2.283711690315099,14.643525123596191,256.7321472167969
qwen2.5-7b,C,25,27,R_harm,R_role,4.0,4.0,0.049433209002017975,-0.013703568000346422,0.11683148406445977,0.33480000495910645,6.768502235412598,10.813249588012695,4.734945148229599,2.283711690315099,14.643525123596191,98.78836059570312
qwen2.5-7b,C,25,26,R_harm,R_harm,-4.0,4.0,-3.2196593284606934,-3.254812216758728,-3.185399180650711,-0.0012000203132629395,4.550265312194824,5.323548793792725,4.734945148229599,1.1243105521049606,-2.6836915016174316,179.0168914794922
qwen2.5-7b,C,25,26,R_harm,R_control,-4.0,4.0,-2.04795503616333,-2.0728883028030394,-2.023941880464554,-0.0004000067710876465,4.550265312194824,5.323548793792725,4.734945148229599,1.1243105521049606,-2.6836915016174316,222.24468994140625
qwen2.5-7b,C,25,26,R_harm,R_role,-4.0,4.0,0.07746633887290955,0.05784995090216398,0.09730871003121136,0.02240002155303955,4.550265312194824,5.323548793792725,4.734945148229599,1.1243105521049606,-2.6836915016174316,80.83958435058594
qwen2.5-7b,C,25,27,R_harm,R_harm,-4.0,4.0,-2.7481985092163086,-2.808275264501572,-2.69013888835907,-0.02640002965927124,4.550265312194824,5.323548793792725,4.734945148229599,1.1243105521049606,-2.6836915016174316,206.79986572265625
qwen2.5-7b,C,25,27,R_harm,R_control,-4.0,4.0,-1.7508087158203125,-1.7934890329837798,-1.7117797523736953,-0.031599998474121094,4.550265312194824,5.323548793792725,4.734945148229599,1.1243105521049606,-2.6836915016174316,256.7321472167969
qwen2.5-7b,C,25,27,R_harm,R_role,-4.0,4.0,0.6517717838287354,0.593144528567791,0.7083745509386062,-0.20479999482631683,4.550265312194824,5.323548793792725,4.734945148229599,1.1243105521049606,-2.6836915016174316,98.78836059570312
qwen2.5-7b,C,25,26,R_control,R_harm,0.25,0.25,0.24063125252723694,0.2393531385809183,0.24195375479757786,0.0004000067710876465,0.09112896025180817,0.1260794699192047,0.007208200637251139,17.491115503589167,6.04397439956665,179.0168914794922
qwen2.5-7b,C,25,26,R_control,R_control,0.25,0.25,0.24042774736881256,0.23844113238155842,0.24250077381730079,0.0023999810218811035,0.09112896025180817,0.1260794699192047,0.007208200637251139,17.491115503589167,6.04397439956665,222.24468994140625
qwen2.5-7b,C,25,26,R_control,R_role,0.25,0.25,0.11832745373249054,0.1119914347305894,0.12470420747995377,0.02880004048347473,0.09112896025180817,0.1260794699192047,0.007208200637251139,17.491115503589167,6.04397439956665,80.83958435058594
qwen2.5-7b,C,25,27,R_control,R_harm,0.25,0.25,0.22700555622577667,0.2246172081679106,0.22932467833161355,-0.0004000067710876465,0.09112896025180817,0.1260794699192047,0.007208200637251139,17.491115503589167,6.04397439956665,206.79986572265625
qwen2.5-7b,C,25,27,R_control,R_control,0.25,0.25,0.22710300981998444,0.22460064217448233,0.229502871632576,0.0067999958992004395,0.09112896025180817,0.1260794699192047,0.007208200637251139,17.491115503589167,6.04397439956665,256.7321472167969
qwen2.5-7b,C,25,27,R_control,R_role,0.25,0.25,0.07337860763072968,0.0649042185395956,0.08212694022804498,-0.04280000925064087,0.09112896025180817,0.1260794699192047,0.007208200637251139,17.491115503589167,6.04397439956665,98.78836059570312
qwen2.5-7b,C,25,26,R_control,R_harm,-0.25,0.25,-0.2398303598165512,-0.24261716306209563,-0.23711944967508317,0.0004000067710876465,0.07925030589103699,0.07791988551616669,0.007208200637251139,10.80989409666066,-4.762128829956055,179.0168914794922
qwen2.5-7b,C,25,26,R_control,R_control,-0.25,0.25,-0.23851355910301208,-0.24208401478827,-0.23503042571246624,-0.0031999945640563965,0.07925030589103699,0.07791988551616669,0.007208200637251139,10.80989409666066,-4.762128829956055,222.24468994140625
qwen2.5-7b,C,25,26,R_control,R_role,-0.25,0.25,-0.10481864959001541,-0.11164844781160355,-0.09829036686569453,-0.04039999842643738,0.07925030589103699,0.07791988551616669,0.007208200637251139,10.80989409666066,-4.762128829956055,80.83958435058594
qwen2.5-7b,C,25,27,R_control,R_harm,-0.25,0.25,-0.2217809557914734,-0.2266902904957533,-0.21672962047159672,0.001999974250793457,0.07925030589103699,0.07791988551616669,0.007208200637251139,10.80989409666066,-4.762128829956055,206.79986572265625
qwen2.5-7b,C,25,27,R_control,R_control,-0.25,0.25,-0.22878755629062653,-0.23263339810073375,-0.22467510141432287,-0.005600035190582275,0.07925030589103699,0.07791988551616669,0.007208200637251139,10.80989409666066,-4.762128829956055,256.7321472167969
qwen2.5-7b,C,25,27,R_control,R_role,-0.25,0.25,-0.08314407616853714,-0.09137285184115171,-0.07466847095638514,0.03999999165534973,0.07925030589103699,0.07791988551616669,0.007208200637251139,10.80989409666066,-4.762128829956055,98.78836059570312
qwen2.5-7b,C,25,26,R_control,R_harm,0.5,0.5,0.47916626930236816,0.47691968977451327,0.48150143399834633,0.0004000067710876465,0.4221455454826355,0.5822982788085938,0.029788915067911148,19.547481923430304,11.350839614868164,179.0168914794922
qwen2.5-7b,C,25,26,R_control,R_control,0.5,0.5,0.4797128736972809,0.4770680442452431,0.4823852226138115,0.004400014877319336,0.4221455454826355,0.5822982788085938,0.029788915067911148,19.547481923430304,11.350839614868164,222.24468994140625
qwen2.5-7b,C,25,26,R_control,R_role,0.5,0.5,0.24815545976161957,0.23688174597918987,0.2597634196281433,0.056400030851364136,0.4221455454826355,0.5822982788085938,0.029788915067911148,19.547481923430304,11.350839614868164,80.83958435058594
qwen2.5-7b,C,25,27,R_control,R_harm,0.5,0.5,0.4474567770957947,0.44356118738651273,0.45126315131783484,0.0,0.4221455454826355,0.5822982788085938,0.029788915067911148,19.547481923430304,11.350839614868164,206.79986572265625
qwen2.5-7b,C,25,27,R_control,R_control,0.5,0.5,0.4454282522201538,0.4407950423657894,0.45002815052866935,0.01239997148513794,0.4221455454826355,0.5822982788085938,0.029788915067911148,19.547481923430304,11.350839614868164,256.7321472167969
qwen2.5-7b,C,25,27,R_control,R_role,0.5,0.5,0.13331981003284454,0.11846583783626556,0.148349317535758,-0.06959998607635498,0.4221455454826355,0.5822982788085938,0.029788915067911148,19.547481923430304,11.350839614868164,98.78836059570312
qwen2.5-7b,C,25,26,R_control,R_harm,-0.5,0.5,-0.4761599004268646,-0.4828102566301823,-0.4696906335651875,0.001199960708618164,0.38247084617614746,0.27702218294143677,0.029788915067911148,9.299505615088588,-8.423691749572754,179.0168914794922
qwen2.5-7b,C,25,26,R_control,R_control,-0.5,0.5,-0.4719272553920746,-0.4799612894654274,-0.4641126021742821,-0.004400014877319336,0.38247084617614746,0.27702218294143677,0.029788915067911148,9.299505615088588,-8.423691749572754,222.24468994140625
qwen2.5-7b,C,25,26,R_control,R_role,-0.5,0.5,-0.19523374736309052,-0.20771984718739986,-0.18324869461357593,-0.06359997391700745,0.38247084617614746,0.27702218294143677,0.029788915067911148,9.299505615088588,-8.423691749572754,80.83958435058594
qwen2.5-7b,C,25,27,R_control,R_harm,-0.5,0.5,-0.4361196458339691,-0.4481390915811062,-0.42399515882134436,0.00279998779296875,0.38247084617614746,0.27702218294143677,0.029788915067911148,9.299505615088588,-8.423691749572754,206.79986572265625
qwen2.5-7b,C,25,27,R_control,R_control,-0.5,0.5,-0.4571163058280945,-0.46637986823916433,-0.44763856157660487,-0.009200036525726318,0.38247084617614746,0.27702218294143677,0.029788915067911148,9.299505615088588,-8.423691749572754,256.7321472167969
qwen2.5-7b,C,25,27,R_control,R_role,-0.5,0.5,-0.1782858520746231,-0.1930814765393734,-0.1634838603436947,0.07080000638961792,0.38247084617614746,0.27702218294143677,0.029788915067911148,9.299505615088588,-8.423691749572754,98.78836059570312
qwen2.5-7b,C,25,26,R_control,R_harm,1.0,1.0,0.9372130632400513,0.9282678693532944,0.9455765977501869,0.0007999539375305176,3.0696098804473877,5.084602355957031,0.15904179401695728,31.970227620891293,18.2030086517334,179.0168914794922
qwen2.5-7b,C,25,26,R_control,R_control,1.0,1.0,0.9404964447021484,0.9346061244606971,0.9461287677288055,0.0067999958992004395,3.0696098804473877,5.084602355957031,0.15904179401695728,31.970227620891293,18.2030086517334,222.24468994140625
qwen2.5-7b,C,25,26,R_control,R_role,1.0,1.0,0.5185109376907349,0.5046175017952919,0.5328270405530929,0.07280001044273376,3.0696098804473877,5.084602355957031,0.15904179401695728,31.970227620891293,18.2030086517334,80.83958435058594
qwen2.5-7b,C,25,27,R_control,R_harm,1.0,1.0,0.8444056510925293,0.8278303772211075,0.8599797397851944,0.0015999674797058105,3.0696098804473877,5.084602355957031,0.15904179401695728,31.970227620891293,18.2030086517334,206.79986572265625
qwen2.5-7b,C,25,27,R_control,R_control,1.0,1.0,0.8392273187637329,0.8243375137448311,0.8532712042331696,0.015999972820281982,3.0696098804473877,5.084602355957031,0.15904179401695728,31.970227620891293,18.2030086517334,256.7321472167969
qwen2.5-7b,C,25,27,R_control,R_role,1.0,1.0,0.2215879112482071,0.20289366282522678,0.2406953766942024,-0.07319998741149902,3.0696098804473877,5.084602355957031,0.15904179401695728,31.970227620891293,18.2030086517334,98.78836059570312
qwen2.5-7b,C,25,26,R_control,R_harm,-1.0,1.0,-0.9294700622558594,-0.9449006512761116,-0.9145087689161301,0.00279998779296875,3.844080924987793,0.8739462494850159,0.15904179401695728,5.495072882489205,-13.710253715515137,179.0168914794922
qwen2.5-7b,C,25,26,R_control,R_control,-1.0,1.0,-0.9128950238227844,-0.9298601672053337,-0.8966799840331078,-0.006399989128112793,3.844080924987793,0.8739462494850159,0.15904179401695728,5.495072882489205,-13.710253715515137,222.24468994140625
qwen2.5-7b,C,25,26,R_control,R_role,-1.0,1.0,-0.33902275562286377,-0.3579861827194691,-0.32109853699803353,-0.09160000085830688,3.844080924987793,0.8739462494850159,0.15904179401695728,5.495072882489205,-13.710253715515137,80.83958435058594
qwen2.5-7b,C,25,27,R_control,R_harm,-1.0,1.0,-0.8480772972106934,-0.8752744004130364,-0.8212234869599342,-0.0020000338554382324,3.844080924987793,0.8739462494850159,0.15904179401695728,5.495072882489205,-13.710253715515137,206.79986572265625
qwen2.5-7b,C,25,27,R_control,R_control,-1.0,1.0,-0.9000495076179504,-0.9215540632605552,-0.8783647656440735,-0.024399995803833008,3.844080924987793,0.8739462494850159,0.15904179401695728,5.495072882489205,-13.710253715515137,256.7321472167969
qwen2.5-7b,C,25,27,R_control,R_role,-1.0,1.0,-0.3676522374153137,-0.3870447985827923,-0.3484561428427696,0.06760001182556152,3.844080924987793,0.8739462494850159,0.15904179401695728,5.495072882489205,-13.710253715515137,98.78836059570312
qwen2.5-7b,C,25,26,R_control,R_harm,2.0,2.0,1.7589716911315918,1.7381008327007295,1.7788651943206788,0.0,7.434018611907959,12.790903091430664,0.8332153111696243,15.351257856118197,22.705541610717773,179.0168914794922
qwen2.5-7b,C,25,26,R_control,R_control,2.0,2.0,1.7633640766143799,1.747512537240982,1.7791536569595336,0.01840001344680786,7.434018611907959,12.790903091430664,0.8332153111696243,15.351257856118197,22.705541610717773,222.24468994140625
qwen2.5-7b,C,25,26,R_control,R_role,2.0,2.0,1.0141630172729492,1.0005980551242828,1.0284328758716583,0.06240001320838928,7.434018611907959,12.790903091430664,0.8332153111696243,15.351257856118197,22.705541610717773,80.83958435058594
qwen2.5-7b,C,25,27,R_control,R_harm,2.0,2.0,1.4120532274246216,1.3591242879629135,1.4607361882925034,-0.0040000081062316895,7.434018611907959,12.790903091430664,0.8332153111696243,15.351257856118197,22.705541610717773,206.79986572265625
qwen2.5-7b,C,25,27,R_control,R_control,2.0,2.0,1.4283561706542969,1.38812013566494,1.4676275819540023,0.03839999437332153,7.434018611907959,12.790903091430664,0.8332153111696243,15.351257856118197,22.705541610717773,256.7321472167969
qwen2.5-7b,C,25,27,R_control,R_role,2.0,2.0,0.4483618438243866,0.41633084416389465,0.48089209124445914,0.07919999957084656,7.434018611907959,12.790903091430664,0.8332153111696243,15.351257856118197,22.705541610717773,98.78836059570312
qwen2.5-7b,C,25,26,R_control,R_harm,-2.0,2.0,-1.7562768459320068,-1.7825835525989533,-1.7308112293481828,0.0031999945640563965,9.788851737976074,3.1458089351654053,0.8332153111696243,3.775505434183011,-16.811817169189453,179.0168914794922
qwen2.5-7b,C,25,26,R_control,R_control,-2.0,2.0,-1.702671766281128,-1.727190652489662,-1.678910019993782,-0.004400014877319336,9.788851737976074,3.1458089351654053,0.8332153111696243,3.775505434183011,-16.811817169189453,222.24468994140625
qwen2.5-7b,C,25,26,R_control,R_role,-2.0,2.0,-0.5790382623672485,-0.5983686879277229,-0.5608484342694283,-0.057999998331069946,9.788851737976074,3.1458089351654053,0.8332153111696243,3.775505434183011,-16.811817169189453,80.83958435058594
qwen2.5-7b,C,25,27,R_control,R_harm,-2.0,2.0,-1.6394320726394653,-1.6837388843297958,-1.5959896445274353,-0.011200010776519775,9.788851737976074,3.1458089351654053,0.8332153111696243,3.775505434183011,-16.811817169189453,206.79986572265625
qwen2.5-7b,C,25,27,R_control,R_control,-2.0,2.0,-1.6946049928665161,-1.7344545513391494,-1.656035652756691,-0.03519999980926514,9.788851737976074,3.1458089351654053,0.8332153111696243,3.775505434183011,-16.811817169189453,256.7321472167969
qwen2.5-7b,C,25,27,R_control,R_role,-2.0,2.0,-0.4401770830154419,-0.48527304381132125,-0.3953043803572655,-0.15399999916553497,9.788851737976074,3.1458089351654053,0.8332153111696243,3.775505434183011,-16.811817169189453,98.78836059570312
qwen2.5-7b,C,25,26,R_control,R_harm,4.0,4.0,3.287081003189087,3.262553358078003,3.3097335934638976,-0.002400040626525879,9.181689262390137,13.530993461608887,4.734945148229599,2.8576874785272093,21.733652114868164,179.0168914794922
qwen2.5-7b,C,25,26,R_control,R_control,4.0,4.0,3.265561103820801,3.2469368457794188,3.284346967935562,0.02039998769760132,9.181689262390137,13.530993461608887,4.734945148229599,2.8576874785272093,21.733652114868164,222.24468994140625
qwen2.5-7b,C,25,26,R_control,R_role,4.0,4.0,1.8238434791564941,1.8041921615600587,1.8440917253494262,0.05399999022483826,9.181689262390137,13.530993461608887,4.734945148229599,2.8576874785272093,21.733652114868164,80.83958435058594
qwen2.5-7b,C,25,27,R_control,R_harm,4.0,4.0,2.0922183990478516,2.0253068149089812,2.155639225244522,-0.012400031089782715,9.181689262390137,13.530993461608887,4.734945148229599,2.8576874785272093,21.733652114868164,206.79986572265625
qwen2.5-7b,C,25,27,R_control,R_control,4.0,4.0,2.2142865657806396,2.1640935957431795,2.2635705411434173,0.02679997682571411,9.181689262390137,13.530993461608887,4.734945148229599,2.8576874785272093,21.733652114868164,256.7321472167969
qwen2.5-7b,C,25,27,R_control,R_role,4.0,4.0,1.1434686183929443,1.0816299796104432,1.2021747827529907,0.16040003299713135,9.181689262390137,13.530993461608887,4.734945148229599,2.8576874785272093,21.733652114868164,98.78836059570312
qwen2.5-7b,C,25,26,R_control,R_harm,-4.0,4.0,-3.3029181957244873,-3.3332481384277344,-3.273448330163956,0.0004000067710876465,8.604235649108887,6.283109664916992,4.734945148229599,1.3269656708201263,-12.680253982543945,179.0168914794922
qwen2.5-7b,C,25,26,R_control,R_control,-4.0,4.0,-3.1817705631256104,-3.2063908696174623,-3.158252274990082,-0.003600001335144043,8.604235649108887,6.283109664916992,4.734945148229599,1.3269656708201263,-12.680253982543945,222.24468994140625
qwen2.5-7b,C,25,26,R_control,R_role,-4.0,4.0,-1.1440876722335815,-1.1638185143470765,-1.1244362592697144,0.014800012111663818,8.604235649108887,6.283109664916992,4.734945148229599,1.3269656708201263,-12.680253982543945,80.83958435058594
qwen2.5-7b,C,25,27,R_control,R_harm,-4.0,4.0,-2.987372636795044,-3.0454860866069793,-2.9313207447528837,-0.012800037860870361,8.604235649108887,6.283109664916992,4.734945148229599,1.3269656708201263,-12.680253982543945,206.79986572265625
qwen2.5-7b,C,25,27,R_control,R_control,-4.0,4.0,-2.8822693824768066,-2.931694728136063,-2.8361615002155305,-0.02360004186630249,8.604235649108887,6.283109664916992,4.734945148229599,1.3269656708201263,-12.680253982543945,256.7321472167969
qwen2.5-7b,C,25,27,R_control,R_role,-4.0,4.0,0.3511448800563812,0.28275677263736726,0.4172912694513796,-0.20919999480247498,8.604235649108887,6.283109664916992,4.734945148229599,1.3269656708201263,-12.680253982543945,98.78836059570312
qwen2.5-7b,C,25,26,R_role,R_harm,0.25,0.25,0.0031345554161816835,0.0027589257399085907,0.003508815594250336,-0.0004000067710876465,0.004595492966473103,0.007430523633956909,0.007208200637251139,1.0308430644336994,0.14539062976837158,179.0168914794922
qwen2.5-7b,C,25,26,R_role,R_control,0.25,0.25,0.016175173223018646,0.01591748050414026,0.016432038368657233,0.0,0.004595492966473103,0.007430523633956909,0.007208200637251139,1.0308430644336994,0.14539062976837158,222.24468994140625
qwen2.5-7b,C,25,26,R_role,R_role,0.25,0.25,0.24159687757492065,0.23943177349865435,0.24380515851080417,0.010399997234344482,0.004595492966473103,0.007430523633956909,0.007208200637251139,1.0308430644336994,0.14539062976837158,80.83958435058594
qwen2.5-7b,C,25,27,R_role,R_harm,0.25,0.25,-0.0076716188341379166,-0.008653731527738273,-0.006647020275704563,-0.000800013542175293,0.004595492966473103,0.007430523633956909,0.007208200637251139,1.0308430644336994,0.14539062976837158,206.79986572265625
qwen2.5-7b,C,25,27,R_role,R_control,0.25,0.25,0.015044138766825199,0.0143461505882442,0.015783744025975467,0.0007999539375305176,0.004595492966473103,0.007430523633956909,0.007208200637251139,1.0308430644336994,0.14539062976837158,256.7321472167969
qwen2.5-7b,C,25,27,R_role,R_role,0.25,0.25,0.23362022638320923,0.22940877676010132,0.23762411549687384,0.009600013494491577,0.004595492966473103,0.007430523633956909,0.007208200637251139,1.0308430644336994,0.14539062976837158,98.78836059570312
qwen2.5-7b,C,25,26,R_role,R_harm,-0.25,0.25,-0.0029673301614820957,-0.003259326715487987,-0.0026740109839010987,0.0,0.003509742906317115,0.005603712052106857,0.007208200637251139,0.7774078905555886,-0.12744140625,179.0168914794922
qwen2.5-7b,C,25,26,R_role,R_control,-0.25,0.25,-0.015909848734736443,-0.01618139543570578,-0.01563625722192228,0.0004000067710876465,0.003509742906317115,0.005603712052106857,0.007208200637251139,0.7774078905555886,-0.12744140625,222.24468994140625
qwen2.5-7b,C,25,26,R_role,R_role,-0.25,0.25,-0.23998336493968964,-0.24225657805800438,-0.23781159780919553,-0.014399975538253784,0.003509742906317115,0.005603712052106857,0.007208200637251139,0.7774078905555886,-0.12744140625,80.83958435058594
qwen2.5-7b,C,25,27,R_role,R_harm,-0.25,0.25,0.0076750158332288265,0.0067940687178634105,0.008610675460658967,0.0,0.003509742906317115,0.005603712052106857,0.007208200637251139,0.7774078905555886,-0.12744140625,206.79986572265625
qwen2.5-7b,C,25,27,R_role,R_control,-0.25,0.25,-0.01565035991370678,-0.01636982522904873,-0.014902909332886339,-0.001600027084350586,0.003509742906317115,0.005603712052106857,0.007208200637251139,0.7774078905555886,-0.12744140625,256.7321472167969
qwen2.5-7b,C,25,27,R_role,R_role,-0.25,0.25,-0.23644252121448517,-0.2403150960803032,-0.23242908380925656,-0.010399997234344482,0.003509742906317115,0.005603712052106857,0.007208200637251139,0.7774078905555886,-0.12744140625,98.78836059570312
qwen2.5-7b,C,25,26,R_role,R_harm,0.5,0.5,0.005642873700708151,0.004874361073598265,0.006414191541261971,-0.0004000067710876465,0.019414352253079414,0.03127668797969818,0.029788915067911148,1.0499438434865884,0.3250195384025574,179.0168914794922
qwen2.5-7b,C,25,26,R_role,R_control,0.5,0.5,0.03181621432304382,0.03140364093706012,0.03222437473013997,-0.001199960708618164,0.019414352253079414,0.03127668797969818,0.029788915067911148,1.0499438434865884,0.3250195384025574,222.24468994140625
qwen2.5-7b,C,25,26,R_role,R_role,0.5,0.5,0.48297882080078125,0.4786575958132744,0.4875123605132103,0.02240002155303955,0.019414352253079414,0.03127668797969818,0.029788915067911148,1.0499438434865884,0.3250195384025574,80.83958435058594
qwen2.5-7b,C,25,27,R_role,R_harm,0.5,0.5,-0.014956047758460045,-0.01650126650929451,-0.013357875170186164,-0.000800013542175293,0.019414352253079414,0.03127668797969818,0.029788915067911148,1.0499438434865884,0.3250195384025574,206.79986572265625
qwen2.5-7b,C,25,27,R_role,R_control,0.5,0.5,0.029538236558437347,0.02840824448503554,0.030737151810899376,0.0015999674797058105,0.019414352253079414,0.03127668797969818,0.029788915067911148,1.0499438434865884,0.3250195384025574,256.7321472167969
qwen2.5-7b,C,25,27,R_role,R_role,0.5,0.5,0.4630735516548157,0.45445979833602906,0.4713543154299259,0.02120000123977661,0.019414352253079414,0.03127668797969818,0.029788915067911148,1.0499438434865884,0.3250195384025574,98.78836059570312
qwen2.5-7b,C,25,26,R_role,R_harm,-0.5,0.5,-0.004943915642797947,-0.005417921766638756,-0.004447606566827744,0.0004000067710876465,0.012908535078167915,0.019565444439649582,0.029788915067911148,0.6568028541840261,-0.22767578065395355,179.0168914794922
qwen2.5-7b,C,25,26,R_role,R_control,-0.5,0.5,-0.030824143439531326,-0.031280014850199225,-0.030342809529975055,0.000800013542175293,0.012908535078167915,0.019565444439649582,0.029788915067911148,0.6568028541840261,-0.22767578065395355,222.24468994140625
qwen2.5-7b,C,25,26,R_role,R_role,-0.5,0.5,-0.47646763920783997,-0.4807645283639431,-0.472417239099741,-0.02559998631477356,0.012908535078167915,0.019565444439649582,0.029788915067911148,0.6568028541840261,-0.22767578065395355,80.83958435058594
qwen2.5-7b,C,25,27,R_role,R_harm,-0.5,0.5,0.016829276457428932,0.01557131998706609,0.018096492439508435,0.0,0.012908535078167915,0.019565444439649582,0.029788915067911148,0.6568028541840261,-0.22767578065395355,206.79986572265625
qwen2.5-7b,C,25,27,R_role,R_control,-0.5,0.5,-0.030947601422667503,-0.03207329344004393,-0.029825817793607712,-0.000800013542175293,0.012908535078167915,0.019565444439649582,0.029788915067911148,0.6568028541840261,-0.22767578065395355,256.7321472167969
qwen2.5-7b,C,25,27,R_role,R_role,-0.5,0.5,-0.47995442152023315,-0.4868651442229748,-0.47270560413599017,-0.016400009393692017,0.012908535078167915,0.019565444439649582,0.029788915067911148,0.6568028541840261,-0.22767578065395355,98.78836059570312
qwen2.5-7b,C,25,26,R_role,R_harm,1.0,1.0,0.012751961126923561,0.010816332744434476,0.014683127542957664,-0.0012000203132629395,0.08629581332206726,0.13834096491336823,0.15904179401695728,0.8698403194484721,0.6853711009025574,179.0168914794922
qwen2.5-7b,C,25,26,R_role,R_control,1.0,1.0,0.06489807367324829,0.06401996444910765,0.06571333557367325,-0.0023999810218811035,0.08629581332206726,0.13834096491336823,0.15904179401695728,0.8698403194484721,0.6853711009025574,222.24468994140625
qwen2.5-7b,C,25,26,R_role,R_role,1.0,1.0,0.9697732329368591,0.961398757994175,0.9783452913165093,0.04240003228187561,0.08629581332206726,0.13834096491336823,0.15904179401695728,0.8698403194484721,0.6853711009025574,80.83958435058594
qwen2.5-7b,C,25,27,R_role,R_harm,1.0,1.0,-0.02434740774333477,-0.027616634219884872,-0.020878770481795074,-0.0012000203132629395,0.08629581332206726,0.13834096491336823,0.15904179401695728,0.8698403194484721,0.6853711009025574,206.79986572265625
qwen2.5-7b,C,25,27,R_role,R_control,1.0,1.0,0.05945361778140068,0.05745916124433279,0.06148617099970579,-0.0004000067710876465,0.08629581332206726,0.13834096491336823,0.15904179401695728,0.8698403194484721,0.6853711009025574,256.7321472167969
qwen2.5-7b,C,25,27,R_role,R_role,1.0,1.0,0.8982256054878235,0.8797518849372864,0.9154046609997749,0.03839999437332153,0.08629581332206726,0.13834096491336823,0.15904179401695728,0.8698403194484721,0.6853711009025574,98.78836059570312
qwen2.5-7b,C,25,26,R_role,R_harm,-1.0,1.0,-0.00945349596440792,-0.010237406636588276,-0.008620190923102202,0.0007999539375305176,0.04328152537345886,0.06145555526018143,0.15904179401695728,0.3864113558328507,-0.3280664086341858,179.0168914794922
qwen2.5-7b,C,25,26,R_role,R_control,-1.0,1.0,-0.060435861349105835,-0.061508473195135596,-0.05933819254860282,0.0020000338554382324,0.04328152537345886,0.06145555526018143,0.15904179401695728,0.3864113558328507,-0.3280664086341858,222.24468994140625
qwen2.5-7b,C,25,26,R_role,R_role,-1.0,1.0,-0.9429112076759338,-0.9510177746415138,-0.9353630378842354,-0.04599997401237488,0.04328152537345886,0.06145555526018143,0.15904179401695728,0.3864113558328507,-0.3280664086341858,80.83958435058594
qwen2.5-7b,C,25,27,R_role,R_harm,-1.0,1.0,0.03471875563263893,0.03267842987552285,0.03668824136257172,0.0015999674797058105,0.04328152537345886,0.06145555526018143,0.15904179401695728,0.3864113558328507,-0.3280664086341858,206.79986572265625
qwen2.5-7b,C,25,27,R_role,R_control,-1.0,1.0,-0.06265857070684433,-0.064666498452425,-0.060723792668432,0.0,0.04328152537345886,0.06145555526018143,0.15904179401695728,0.3864113558328507,-0.3280664086341858,256.7321472167969
qwen2.5-7b,C,25,27,R_role,R_role,-1.0,1.0,-0.9689513444900513,-0.9805421575903892,-0.9571145549416542,-0.02799999713897705,0.04328152537345886,0.06145555526018143,0.15904179401695728,0.3864113558328507,-0.3280664086341858,98.78836059570312
qwen2.5-7b,C,25,26,R_role,R_harm,2.0,2.0,0.026750633493065834,0.02154024289920926,0.03197047375142574,-0.000800013542175293,0.37427574396133423,0.5733405947685242,0.8332153111696243,0.6881061678567794,1.5864648818969727,179.0168914794922
qwen2.5-7b,C,25,26,R_role,R_control,2.0,2.0,0.13030463457107544,0.12761564403772355,0.1328976284712553,-0.0040000081062316895,0.37427574396133423,0.5733405947685242,0.8332153111696243,0.6881061678567794,1.5864648818969727,222.24468994140625
qwen2.5-7b,C,25,26,R_role,R_role,2.0,2.0,1.9248203039169312,1.908568212389946,1.9410960048437118,0.08959999680519104,0.37427574396133423,0.5733405947685242,0.8332153111696243,0.6881061678567794,1.5864648818969727,80.83958435058594
qwen2.5-7b,C,25,27,R_role,R_harm,2.0,2.0,-0.02867300994694233,-0.0365376153960824,-0.020610737474635252,-0.000800013542175293,0.37427574396133423,0.5733405947685242,0.8332153111696243,0.6881061678567794,1.5864648818969727,206.79986572265625
qwen2.5-7b,C,25,27,R_role,R_control,2.0,2.0,0.12115907669067383,0.11691362392157316,0.12534096240997314,0.0023999810218811035,0.37427574396133423,0.5733405947685242,0.8332153111696243,0.6881061678567794,1.5864648818969727,256.7321472167969
qwen2.5-7b,C,25,27,R_role,R_role,2.0,2.0,1.6944091320037842,1.655505406856537,1.7311421841382981,0.09040001034736633,0.37427574396133423,0.5733405947685242,0.8332153111696243,0.6881061678567794,1.5864648818969727,98.78836059570312
qwen2.5-7b,C,25,26,R_role,R_harm,-2.0,2.0,-0.016322528943419456,-0.01837539621628821,-0.014309797948226339,0.0004000067710876465,0.13565436005592346,0.1672167032957077,0.8332153111696243,0.20068846677934613,-0.2930664122104645,179.0168914794922
qwen2.5-7b,C,25,26,R_role,R_control,-2.0,2.0,-0.11509518325328827,-0.11770130954682827,-0.11254034582525492,0.003600001335144043,0.13565436005592346,0.1672167032957077,0.8332153111696243,0.20068846677934613,-0.2930664122104645,222.24468994140625
qwen2.5-7b,C,25,26,R_role,R_role,-2.0,2.0,-1.8401108980178833,-1.8541174530982971,-1.827360424399376,-0.06599998474121094,0.13565436005592346,0.1672167032957077,0.8332153111696243,0.20068846677934613,-0.2930664122104645,80.83958435058594
qwen2.5-7b,C,25,27,R_role,R_harm,-2.0,2.0,0.06945013254880905,0.06597489770501852,0.07312770746648312,0.0015999674797058105,0.13565436005592346,0.1672167032957077,0.8332153111696243,0.20068846677934613,-0.2930664122104645,206.79986572265625
qwen2.5-7b,C,25,27,R_role,R_control,-2.0,2.0,-0.1304835081100464,-0.13394666016101836,-0.1269732553511858,0.001199960708618164,0.13565436005592346,0.1672167032957077,0.8332153111696243,0.20068846677934613,-0.2930664122104645,256.7321472167969
qwen2.5-7b,C,25,27,R_role,R_role,-2.0,2.0,-1.9645934104919434,-1.9805410206317902,-1.9482777416706085,-0.03479999303817749,0.13565436005592346,0.1672167032957077,0.8332153111696243,0.20068846677934613,-0.2930664122104645,98.78836059570312
qwen2.5-7b,C,25,26,R_role,R_harm,4.0,4.0,0.041558071970939636,0.027913933014497162,0.054468013718724236,-0.0012000203132629395,1.5790035724639893,2.2675843238830566,4.734945148229599,0.4789040322316952,2.6051366329193115,179.0168914794922
qwen2.5-7b,C,25,26,R_role,R_control,4.0,4.0,0.2384568452835083,0.22954320758581162,0.24709714241325856,-0.001199960708618164,1.5790035724639893,2.2675843238830566,4.734945148229599,0.4789040322316952,2.6051366329193115,222.24468994140625
qwen2.5-7b,C,25,26,R_role,R_role,4.0,4.0,3.616476535797119,3.587202626466751,3.646180546283722,0.1372000277042389,1.5790035724639893,2.2675843238830566,4.734945148229599,0.4789040322316952,2.6051366329193115,80.83958435058594
qwen2.5-7b,C,25,27,R_role,R_harm,4.0,4.0,-0.02691248431801796,-0.045976543333381414,-0.00852179413195701,0.000800013542175293,1.5790035724639893,2.2675843238830566,4.734945148229599,0.4789040322316952,2.6051366329193115,206.79986572265625
qwen2.5-7b,C,25,27,R_role,R_control,4.0,4.0,0.22231511771678925,0.2086828600615263,0.23532410860061645,0.012799978256225586,1.5790035724639893,2.2675843238830566,4.734945148229599,0.4789040322316952,2.6051366329193115,256.7321472167969
qwen2.5-7b,C,25,27,R_role,R_role,4.0,4.0,2.980665922164917,2.9119098126888274,3.0472692370414736,0.1940000057220459,1.5790035724639893,2.2675843238830566,4.734945148229599,0.4789040322316952,2.6051366329193115,98.78836059570312
qwen2.5-7b,C,25,26,R_role,R_harm,-4.0,4.0,-0.03603149577975273,-0.04242483386769891,-0.02993635018356145,0.0007999539375305176,0.500460147857666,0.5262540578842163,4.734945148229599,0.11114258801519238,0.19318360090255737,179.0168914794922
qwen2.5-7b,C,25,26,R_role,R_control,-4.0,4.0,-0.214767187833786,-0.2204830553382635,-0.20907567739486696,0.0031999945640563965,0.500460147857666,0.5262540578842163,4.734945148229599,0.11114258801519238,0.19318360090255737,222.24468994140625
qwen2.5-7b,C,25,26,R_role,R_role,-4.0,4.0,-3.501424789428711,-3.520133101940155,-3.484690409898758,-0.07039999961853027,0.500460147857666,0.5262540578842163,4.734945148229599,0.11114258801519238,0.19318360090255737,80.83958435058594
qwen2.5-7b,C,25,27,R_role,R_harm,-4.0,4.0,0.0909232497215271,0.0811494367197156,0.10082689262926578,-0.000800013542175293,0.500460147857666,0.5262540578842163,4.734945148229599,0.11114258801519238,0.19318360090255737,206.79986572265625
qwen2.5-7b,C,25,27,R_role,R_control,-4.0,4.0,-0.2826008200645447,-0.2890672102570534,-0.27566718533635143,0.0004000067710876465,0.500460147857666,0.5262540578842163,4.734945148229599,0.11114258801519238,0.19318360090255737,256.7321472167969
qwen2.5-7b,C,25,27,R_role,R_role,-4.0,4.0,-3.7676689624786377,-3.7918348252773284,-3.7417908310890198,-0.055599987506866455,0.500460147857666,0.5262540578842163,4.734945148229599,0.11114258801519238,0.19318360090255737,98.78836059570312
qwen2.5-7b,C,25,26,random,R_harm,0.25,0.25,0.005518939346075058,0.00508378183003515,0.005924393434543162,0.0,0.003859769320115447,0.0055467914789915085,0.007208200637251139,0.7695112494963497,0.2586914002895355,179.0168914794922
qwen2.5-7b,C,25,26,random,R_control,0.25,0.25,0.004160286393016577,0.003783580817980692,0.0045353813911788166,-0.001199960708618164,0.003859769320115447,0.0055467914789915085,0.007208200637251139,0.7695112494963497,0.2586914002895355,222.24468994140625
qwen2.5-7b,C,25,26,random,R_role,0.25,0.25,0.01344464160501957,0.012465083063580096,0.01440932450350374,-0.0011999905109405518,0.003859769320115447,0.0055467914789915085,0.007208200637251139,0.7695112494963497,0.2586914002895355,80.83958435058594
qwen2.5-7b,C,25,27,random,R_harm,0.25,0.25,0.021845215931534767,0.020870997244492172,0.022770666470751166,-0.000800013542175293,0.003859769320115447,0.0055467914789915085,0.007208200637251139,0.7695112494963497,0.2586914002895355,206.79986572265625
qwen2.5-7b,C,25,27,random,R_control,0.25,0.25,0.01665831170976162,0.01590556255541742,0.01739204372279346,-0.000800013542175293,0.003859769320115447,0.0055467914789915085,0.007208200637251139,0.7695112494963497,0.2586914002895355,256.7321472167969
qwen2.5-7b,C,25,27,random,R_role,0.25,0.25,-0.017397064715623856,-0.019753345847129823,-0.015079346392303707,-0.0067999958992004395,0.003859769320115447,0.0055467914789915085,0.007208200637251139,0.7695112494963497,0.2586914002895355,98.78836059570312
qwen2.5-7b,C,25,26,random,R_harm,-0.25,0.25,-0.004582992289215326,-0.0050903056631796065,-0.004091383470222354,0.0004000067710876465,0.0024828233290463686,0.0034242758993059397,0.007208200637251139,0.4750528005019286,-0.21509765088558197,179.0168914794922
qwen2.5-7b,C,25,26,random,R_control,-0.25,0.25,-0.0017516468651592731,-0.0022059669834561648,-0.0012854835105827079,0.0012000203132629395,0.0024828233290463686,0.0034242758993059397,0.007208200637251139,0.4750528005019286,-0.21509765088558197,222.24468994140625
qwen2.5-7b,C,25,26,random,R_role,-0.25,0.25,0.0007337615825235844,-0.0002110542463924503,0.0016519320779480025,-0.0003999769687652588,0.0024828233290463686,0.0034242758993059397,0.007208200637251139,0.4750528005019286,-0.21509765088558197,80.83958435058594
qwen2.5-7b,C,25,27,random,R_harm,-0.25,0.25,-0.02072257548570633,-0.022006392339244486,-0.019402701128274205,0.0,0.0024828233290463686,0.0034242758993059397,0.007208200637251139,0.4750528005019286,-0.21509765088558197,206.79986572265625
qwen2.5-7b,C,25,27,random,R_control,-0.25,0.25,-0.01589055359363556,-0.01684972723014653,-0.0149070811457932,0.0004000067710876465,0.0024828233290463686,0.0034242758993059397,0.007208200637251139,0.4750528005019286,-0.21509765088558197,256.7321472167969
qwen2.5-7b,C,25,27,random,R_role,-0.25,0.25,0.0082526421174407,0.005452189547941089,0.010982151771895586,0.005600005388259888,0.0024828233290463686,0.0034242758993059397,0.007208200637251139,0.4750528005019286,-0.21509765088558197,98.78836059570312
qwen2.5-7b,C,25,26,random,R_harm,0.5,0.5,0.010878583416342735,0.009668409964069724,0.012007837649434803,0.0,0.016193125396966934,0.021797196939587593,0.029788915067911148,0.731721745820401,0.5786523222923279,179.0168914794922
qwen2.5-7b,C,25,26,random,R_control,0.5,0.5,0.00979527086019516,0.008819013438187539,0.010681292903609573,-0.001199960708618164,0.016193125396966934,0.021797196939587593,0.029788915067911148,0.731721745820401,0.5786523222923279,222.24468994140625
qwen2.5-7b,C,25,26,random,R_role,0.5,0.5,0.03940719738602638,0.03748985752463341,0.041283846087753776,-0.0011999905109405518,0.016193125396966934,0.021797196939587593,0.029788915067911148,0.731721745820401,0.5786523222923279,80.83958435058594
qwen2.5-7b,C,25,27,random,R_harm,0.5,0.5,0.04193953052163124,0.04018381340429187,0.04357312060892582,-0.0004000067710876465,0.016193125396966934,0.021797196939587593,0.029788915067911148,0.731721745820401,0.5786523222923279,206.79986572265625
qwen2.5-7b,C,25,27,random,R_control,0.5,0.5,0.03297315910458565,0.031504003889858724,0.03445907821878791,-0.0020000338554382324,0.016193125396966934,0.021797196939587593,0.029788915067911148,0.731721745820401,0.5786523222923279,256.7321472167969
qwen2.5-7b,C,25,27,random,R_role,0.5,0.5,-0.03468390926718712,-0.038277285639196634,-0.031030818447470666,-0.008399993181228638,0.016193125396966934,0.021797196939587593,0.029788915067911148,0.731721745820401,0.5786523222923279,98.78836059570312
qwen2.5-7b,C,25,26,random,R_harm,-0.5,0.5,-0.007622266188263893,-0.009031414845958352,-0.006277891527861358,0.0007999539375305176,0.009524974040687084,0.013757496140897274,0.029788915067911148,0.4618327357519964,-0.36134764552116394,179.0168914794922
qwen2.5-7b,C,25,26,random,R_control,-0.5,0.5,-0.0007593229529447854,-0.0018177359568653628,0.0003238182864151891,0.001600027084350586,0.009524974040687084,0.013757496140897274,0.029788915067911148,0.4618327357519964,-0.36134764552116394,222.24468994140625
qwen2.5-7b,C,25,26,random,R_role,-0.5,0.5,0.015373386442661285,0.013594118040055036,0.017046979907900096,0.0004000067710876465,0.009524974040687084,0.013757496140897274,0.029788915067911148,0.4618327357519964,-0.36134764552116394,80.83958435058594
qwen2.5-7b,C,25,27,random,R_harm,-0.5,0.5,-0.03946400061249733,-0.04195606373250484,-0.036756160669028766,0.000800013542175293,0.009524974040687084,0.013757496140897274,0.029788915067911148,0.4618327357519964,-0.36134764552116394,206.79986572265625
qwen2.5-7b,C,25,27,random,R_control,-0.5,0.5,-0.03095107525587082,-0.032870870735496285,-0.02900737444870174,0.0007999539375305176,0.009524974040687084,0.013757496140897274,0.029788915067911148,0.4618327357519964,-0.36134764552116394,256.7321472167969
qwen2.5-7b,C,25,27,random,R_role,-0.5,0.5,0.002171674743294716,-0.003397051035426557,0.007339966134168201,0.006000012159347534,0.009524974040687084,0.013757496140897274,0.029788915067911148,0.4618327357519964,-0.36134764552116394,98.78836059570312
qwen2.5-7b,C,25,26,random,R_harm,1.0,1.0,0.018049689009785652,0.014035075949504972,0.02200961336493492,-0.0004000067710876465,0.09304565191268921,0.11711150407791138,0.15904179401695728,0.7363567847167567,1.104433536529541,179.0168914794922
qwen2.5-7b,C,25,26,random,R_control,1.0,1.0,0.02038733661174774,0.01733103170990944,0.023330801399424672,0.0,0.09304565191268921,0.11711150407791138,0.15904179401695728,0.7363567847167567,1.104433536529541,222.24468994140625
qwen2.5-7b,C,25,26,random,R_role,1.0,1.0,0.11027022451162338,0.1050948703661561,0.11541230585426092,0.012400001287460327,0.09304565191268921,0.11711150407791138,0.15904179401695728,0.7363567847167567,1.104433536529541,80.83958435058594
qwen2.5-7b,C,25,27,random,R_harm,1.0,1.0,0.0673709511756897,0.06090010162442923,0.07349923551082611,0.000800013542175293,0.09304565191268921,0.11711150407791138,0.15904179401695728,0.7363567847167567,1.104433536529541,206.79986572265625
qwen2.5-7b,C,25,27,random,R_control,1.0,1.0,0.05668514594435692,0.05168042508885264,0.06146144587546587,-0.0004000067710876465,0.09304565191268921,0.11711150407791138,0.15904179401695728,0.7363567847167567,1.104433536529541,256.7321472167969
qwen2.5-7b,C,25,27,random,R_role,1.0,1.0,-0.05695988982915878,-0.06469132136553526,-0.04929039068520069,0.0015999972820281982,0.09304565191268921,0.11711150407791138,0.15904179401695728,0.7363567847167567,1.104433536529541,98.78836059570312
qwen2.5-7b,C,25,26,random,R_harm,-1.0,1.0,-0.00925994198769331,-0.013342203898355364,-0.005452826339751493,0.0015999674797058105,0.04265529289841652,0.06550084799528122,0.15904179401695728,0.41184676267105874,-0.4532226622104645,179.0168914794922
qwen2.5-7b,C,25,26,random,R_control,-1.0,1.0,0.008254814893007278,0.005287937598768622,0.011273717298172413,0.00279998779296875,0.04265529289841652,0.06550084799528122,0.15904179401695728,0.41184676267105874,-0.4532226622104645,222.24468994140625
qwen2.5-7b,C,25,26,random,R_role,-1.0,1.0,0.07778985053300858,0.0737353315576911,0.08169889561831951,0.006000012159347534,0.04265529289841652,0.06550084799528122,0.15904179401695728,0.41184676267105874,-0.4532226622104645,80.83958435058594
qwen2.5-7b,C,25,27,random,R_harm,-1.0,1.0,-0.06671099364757538,-0.07260939758270979,-0.06052758572623134,0.0015999674797058105,0.04265529289841652,0.06550084799528122,0.15904179401695728,0.41184676267105874,-0.4532226622104645,206.79986572265625
qwen2.5-7b,C,25,27,random,R_control,-1.0,1.0,-0.05463134124875069,-0.05933436993509531,-0.050006912741810086,0.0043999552726745605,0.04265529289841652,0.06550084799528122,0.15904179401695728,0.41184676267105874,-0.4532226622104645,256.7321472167969
qwen2.5-7b,C,25,27,random,R_role,-1.0,1.0,-0.047503694891929626,-0.05836345357820392,-0.03686239020898938,0.015199989080429077,0.04265529289841652,0.06550084799528122,0.15904179401695728,0.41184676267105874,-0.4532226622104645,98.78836059570312
qwen2.5-7b,C,25,26,random,R_harm,2.0,2.0,0.02137516252696514,0.010207385709509253,0.031905494816601265,-0.0004000067710876465,0.5120089054107666,0.6787709593772888,0.8332153111696243,0.8146405260177774,0.7943164110183716,179.0168914794922
qwen2.5-7b,C,25,26,random,R_control,2.0,2.0,0.03233819082379341,0.023991267243400217,0.04013434257358312,0.0031999945640563965,0.5120089054107666,0.6787709593772888,0.8332153111696243,0.8146405260177774,0.7943164110183716,222.24468994140625
qwen2.5-7b,C,25,26,random,R_role,2.0,2.0,0.2413146048784256,0.22728458903729915,0.2553362429141998,0.03599998354911804,0.5120089054107666,0.6787709593772888,0.8332153111696243,0.8146405260177774,0.7943164110183716,80.83958435058594
qwen2.5-7b,C,25,27,random,R_harm,2.0,2.0,-0.015445622615516186,-0.037289760913699864,0.005337590258568499,-0.000800013542175293,0.5120089054107666,0.6787709593772888,0.8332153111696243,0.8146405260177774,0.7943164110183716,206.79986572265625
qwen2.5-7b,C,25,27,random,R_control,2.0,2.0,0.023049091920256615,0.007556611718609929,0.037908617593348015,0.0,0.5120089054107666,0.6787709593772888,0.8332153111696243,0.8146405260177774,0.7943164110183716,256.7321472167969
qwen2.5-7b,C,25,27,random,R_role,2.0,2.0,0.16110683977603912,0.13541739508509637,0.18587707839906212,0.04240000247955322,0.5120089054107666,0.6787709593772888,0.8332153111696243,0.8146405260177774,0.7943164110183716,98.78836059570312
qwen2.5-7b,C,25,26,random,R_harm,-2.0,2.0,-0.006899195723235607,-0.017049631802365184,0.0027102341700810883,0.0015999674797058105,0.3212541937828064,0.5265656113624573,0.8332153111696243,0.6319682371454407,-0.4493164122104645,179.0168914794922
qwen2.5-7b,C,25,26,random,R_control,-2.0,2.0,0.03340786695480347,0.02611629730090499,0.040645610913634285,0.00279998779296875,0.3212541937828064,0.5265656113624573,0.8332153111696243,0.6319682371454407,-0.4493164122104645,222.24468994140625
qwen2.5-7b,C,25,26,random,R_role,-2.0,2.0,0.24032734334468842,0.23077638298273087,0.249778650701046,0.020400017499923706,0.3212541937828064,0.5265656113624573,0.8332153111696243,0.6319682371454407,-0.4493164122104645,80.83958435058594
qwen2.5-7b,C,25,27,random,R_harm,-2.0,2.0,-0.12016401439905167,-0.1347383290529251,-0.10600866768509153,0.0004000067710876465,0.3212541937828064,0.5265656113624573,0.8332153111696243,0.6319682371454407,-0.4493164122104645,206.79986572265625
qwen2.5-7b,C,25,27,random,R_control,-2.0,2.0,-0.09910152107477188,-0.1102275064215064,-0.08851821124553681,0.007599949836730957,0.3212541937828064,0.5265656113624573,0.8332153111696243,0.6319682371454407,-0.4493164122104645,256.7321472167969
qwen2.5-7b,C,25,27,random,R_role,-2.0,2.0,-0.1553308665752411,-0.177171191573143,-0.13325015120208264,0.03600001335144043,0.3212541937828064,0.5265656113624573,0.8332153111696243,0.6319682371454407,-0.4493164122104645,98.78836059570312
qwen2.5-7b,C,25,26,random,R_harm,4.0,4.0,0.026501379907131195,0.006315659719984978,0.04565307889133689,-0.0020000338554382324,6.43874979019165,6.318316459655762,4.734945148229599,1.3344011940704714,-1.7213183641433716,179.0168914794922
qwen2.5-7b,C,25,26,random,R_control,4.0,4.0,0.04048052430152893,0.02530483203008771,0.05476827677339315,0.0031999945640563965,6.43874979019165,6.318316459655762,4.734945148229599,1.3344011940704714,-1.7213183641433716,222.24468994140625
qwen2.5-7b,C,25,26,random,R_role,4.0,4.0,0.3574928343296051,0.33466394171118735,0.3806761495769024,0.060799986124038696,6.43874979019165,6.318316459655762,4.734945148229599,1.3344011940704714,-1.7213183641433716,80.83958435058594
qwen2.5-7b,C,25,27,random,R_harm,4.0,4.0,-0.35896816849708557,-0.4000763282179832,-0.319550921022892,-0.005600035190582275,6.43874979019165,6.318316459655762,4.734945148229599,1.3344011940704714,-1.7213183641433716,206.79986572265625
qwen2.5-7b,C,25,27,random,R_control,4.0,4.0,-0.15141534805297852,-0.17952598966658115,-0.12446775026619435,-0.0012000203132629395,6.43874979019165,6.318316459655762,4.734945148229599,1.3344011940704714,-1.7213183641433716,256.7321472167969
qwen2.5-7b,C,25,27,random,R_role,4.0,4.0,0.996559739112854,0.9440159395337104,1.0494125247001647,0.04919999837875366,6.43874979019165,6.318316459655762,4.734945148229599,1.3344011940704714,-1.7213183641433716,98.78836059570312
qwen2.5-7b,C,25,26,random,R_harm,-4.0,4.0,-0.029376333579421043,-0.0473753378726542,-0.01263107259292156,0.0,1.9328068494796753,2.748957872390747,4.734945148229599,0.5805680501744747,-1.4405664205551147,179.0168914794922
qwen2.5-7b,C,25,26,random,R_control,-4.0,4.0,0.044663310050964355,0.03130509681068361,0.05779544534161687,0.00279998779296875,1.9328068494796753,2.748957872390747,4.734945148229599,0.5805680501744747,-1.4405664205551147,222.24468994140625
qwen2.5-7b,C,25,26,random,R_role,-4.0,4.0,0.4065870940685272,0.38835655674338343,0.42479892596602437,0.03999999165534973,1.9328068494796753,2.748957872390747,4.734945148229599,0.5805680501744747,-1.4405664205551147,80.83958435058594
qwen2.5-7b,C,25,27,random,R_harm,-4.0,4.0,-0.3180027902126312,-0.35178083926439285,-0.2854907937347889,0.0015999674797058105,1.9328068494796753,2.748957872390747,4.734945148229599,0.5805680501744747,-1.4405664205551147,206.79986572265625
qwen2.5-7b,C,25,27,random,R_control,-4.0,4.0,-0.18498292565345764,-0.20830075889825822,-0.16204670555889608,0.00959998369216919,1.9328068494796753,2.748957872390747,4.734945148229599,0.5805680501744747,-1.4405664205551147,256.7321472167969
qwen2.5-7b,C,25,27,random,R_role,-4.0,4.0,0.33659085631370544,0.2902512289583683,0.38086408004164696,0.046000003814697266,1.9328068494796753,2.748957872390747,4.734945148229599,0.5805680501744747,-1.4405664205551147,98.78836059570312
