concept_a,concept_b,layer,relative_depth,cosine,abs_cosine,null_p97_5,split_half_floor,beyond_null,position_a,position_b,same_position
R_control_harmless,R_control_preguard,0,0.0,-0.1689717322587967,0.1689717322587967,0.029401296749711037,0.4370768070220947,True,t_post_inst,t_post_inst,True
R_control_harmless,R_control_preguard,1,0.0323,0.1674387902021408,0.1674387902021408,0.029401296749711037,0.5746245384216309,True,t_post_inst,t_post_inst,True
R_control_harmless,R_control_preguard,2,0.0645,0.2584058940410614,0.2584058940410614,0.029401296749711037,0.532403826713562,True,t_post_inst,t_post_inst,True
R_control_harmless,R_control_preguard,3,0.0968,0.23543334007263184,0.23543334007263184,0.029401296749711037,0.5263203978538513,True,t_post_inst,t_post_inst,True
R_control_harmless,R_control_preguard,4,0.129,0.2290496826171875,0.2290496826171875,0.029401296749711037,0.5705342292785645,True,t_post_inst,t_post_inst,True
R_control_harmless,R_control_preguard,5,0.1613,0.2698139548301697,0.2698139548301697,0.029401296749711037,0.5934829115867615,True,t_post_inst,t_post_inst,True
R_control_harmless,R_control_preguard,6,0.1935,0.2673054337501526,0.2673054337501526,0.029401296749711037,0.6263803839683533,True,t_post_inst,t_post_inst,True
R_control_harmless,R_control_preguard,7,0.2258,0.2592853307723999,0.2592853307723999,0.029401296749711037,0.6805707216262817,True,t_post_inst,t_post_inst,True
R_control_harmless,R_control_preguard,8,0.2581,0.29365450143814087,0.29365450143814087,0.029401296749711037,0.7156590819358826,True,t_post_inst,t_post_inst,True
R_control_harmless,R_control_preguard,9,0.2903,0.3908914625644684,0.3908914625644684,0.029401296749711037,0.7488994002342224,True,t_post_inst,t_post_inst,True
R_control_harmless,R_control_preguard,10,0.3226,0.5098899602890015,0.5098899602890015,0.029401296749711037,0.7735151052474976,True,t_post_inst,t_post_inst,True
R_control_harmless,R_control_preguard,11,0.3548,0.6550217270851135,0.6550217270851135,0.029401296749711037,0.8714947700500488,True,t_post_inst,t_post_inst,True
R_control_harmless,R_control_preguard,12,0.3871,0.744092583656311,0.744092583656311,0.029401296749711037,0.9111163020133972,True,t_post_inst,t_post_inst,True
R_control_harmless,R_control_preguard,13,0.4194,0.7373454570770264,0.7373454570770264,0.029401296749711037,0.9222758412361144,True,t_post_inst,t_post_inst,True
R_control_harmless,R_control_preguard,14,0.4516,0.7451708912849426,0.7451708912849426,0.029401296749711037,0.9242736101150512,True,t_post_inst,t_post_inst,True
R_control_harmless,R_control_preguard,15,0.4839,0.6996201276779175,0.6996201276779175,0.029401296749711037,0.9319589734077454,True,t_post_inst,t_post_inst,True
R_control_harmless,R_control_preguard,16,0.5161,0.6593838930130005,0.6593838930130005,0.029401296749711037,0.9359189867973328,True,t_post_inst,t_post_inst,True
R_control_harmless,R_control_preguard,17,0.5484,0.6592422127723694,0.6592422127723694,0.029401296749711037,0.9383619427680968,True,t_post_inst,t_post_inst,True
R_control_harmless,R_control_preguard,18,0.5806,0.6485292315483093,0.6485292315483093,0.029401296749711037,0.9394214749336244,True,t_post_inst,t_post_inst,True
R_control_harmless,R_control_preguard,19,0.6129,0.633112907409668,0.633112907409668,0.029401296749711037,0.9477901458740234,True,t_post_inst,t_post_inst,True
R_control_harmless,R_control_preguard,20,0.6452,0.6390079855918884,0.6390079855918884,0.029401296749711037,0.9514010548591614,True,t_post_inst,t_post_inst,True
R_control_harmless,R_control_preguard,21,0.6774,0.613020658493042,0.613020658493042,0.029401296749711037,0.9508455395698548,True,t_post_inst,t_post_inst,True
R_control_harmless,R_control_preguard,22,0.7097,0.6010432243347168,0.6010432243347168,0.029401296749711037,0.9537132382392884,True,t_post_inst,t_post_inst,True
R_control_harmless,R_control_preguard,23,0.7419,0.5986948609352112,0.5986948609352112,0.029401296749711037,0.9462960958480836,True,t_post_inst,t_post_inst,True
R_control_harmless,R_control_preguard,24,0.7742,0.6078061461448669,0.6078061461448669,0.029401296749711037,0.9441182017326356,True,t_post_inst,t_post_inst,True
R_control_harmless,R_control_preguard,25,0.8065,0.5874038934707642,0.5874038934707642,0.029401296749711037,0.9404407739639282,True,t_post_inst,t_post_inst,True
R_control_harmless,R_control_preguard,26,0.8387,0.5628427863121033,0.5628427863121033,0.029401296749711037,0.9360135793685912,True,t_post_inst,t_post_inst,True
R_control_harmless,R_control_preguard,27,0.871,0.5775816440582275,0.5775816440582275,0.029401296749711037,0.93154776096344,True,t_post_inst,t_post_inst,True
R_control_harmless,R_control_preguard,28,0.9032,0.6140550374984741,0.6140550374984741,0.029401296749711037,0.9380781054496764,True,t_post_inst,t_post_inst,True
R_control_harmless,R_control_preguard,29,0.9355,0.5987045168876648,0.5987045168876648,0.029401296749711037,0.9342635273933412,True,t_post_inst,t_post_inst,True
R_control_harmless,R_control_preguard,30,0.9677,0.5873311161994934,0.5873311161994934,0.029401296749711037,0.9309350848197936,True,t_post_inst,t_post_inst,True
R_control_harmless,R_control_preguard,31,1.0,0.5181667804718018,0.5181667804718018,0.029401296749711037,0.9133211374282836,True,t_post_inst,t_post_inst,True
R_control_harmless,R_harm,0,0.0,-0.2754306197166443,0.2754306197166443,0.029401296749711037,0.5619450807571411,True,t_post_inst,t_inst,False
R_control_harmless,R_harm,1,0.0323,-0.2146955132484436,0.2146955132484436,0.029401296749711037,0.7190729975700378,True,t_post_inst,t_inst,False
R_control_harmless,R_harm,2,0.0645,-0.2100573033094406,0.2100573033094406,0.029401296749711037,0.7281871438026428,True,t_post_inst,t_inst,False
R_control_harmless,R_harm,3,0.0968,-0.03301779925823212,0.03301779925823212,0.029401296749711037,0.7522071003913879,True,t_post_inst,t_inst,False
R_control_harmless,R_harm,4,0.129,-0.040342312306165695,0.040342312306165695,0.029401296749711037,0.7544872164726257,True,t_post_inst,t_inst,False
R_control_harmless,R_harm,5,0.1613,0.010278221219778061,0.010278221219778061,0.029401296749711037,0.7491363286972046,False,t_post_inst,t_inst,False
R_control_harmless,R_harm,6,0.1935,0.02826118841767311,0.02826118841767311,0.029401296749711037,0.7403454184532166,False,t_post_inst,t_inst,False
R_control_harmless,R_harm,7,0.2258,0.0405450314283371,0.0405450314283371,0.029401296749711037,0.7624374628067017,True,t_post_inst,t_inst,False
R_control_harmless,R_harm,8,0.2581,0.03030461259186268,0.03030461259186268,0.029401296749711037,0.7749667763710022,True,t_post_inst,t_inst,False
R_control_harmless,R_harm,9,0.2903,0.06503672152757645,0.06503672152757645,0.029401296749711037,0.8042399287223816,True,t_post_inst,t_inst,False
R_control_harmless,R_harm,10,0.3226,0.0676129162311554,0.0676129162311554,0.029401296749711037,0.8306758999824524,True,t_post_inst,t_inst,False
R_control_harmless,R_harm,11,0.3548,0.08335669338703156,0.08335669338703156,0.029401296749711037,0.8781849145889282,True,t_post_inst,t_inst,False
R_control_harmless,R_harm,12,0.3871,0.09849527478218079,0.09849527478218079,0.029401296749711037,0.9111163020133972,True,t_post_inst,t_inst,False
R_control_harmless,R_harm,13,0.4194,0.1331384927034378,0.1331384927034378,0.029401296749711037,0.9222758412361144,True,t_post_inst,t_inst,False
R_control_harmless,R_harm,14,0.4516,0.0959518626332283,0.0959518626332283,0.029401296749711037,0.9242736101150512,True,t_post_inst,t_inst,False
R_control_harmless,R_harm,15,0.4839,0.10765855014324188,0.10765855014324188,0.029401296749711037,0.9319589734077454,True,t_post_inst,t_inst,False
R_control_harmless,R_harm,16,0.5161,0.1347069889307022,0.1347069889307022,0.029401296749711037,0.9405256509780884,True,t_post_inst,t_inst,False
R_control_harmless,R_harm,17,0.5484,0.1484309732913971,0.1484309732913971,0.029401296749711037,0.9473454356193542,True,t_post_inst,t_inst,False
R_control_harmless,R_harm,18,0.5806,0.1607251763343811,0.1607251763343811,0.029401296749711037,0.9538916349411012,True,t_post_inst,t_inst,False
R_control_harmless,R_harm,19,0.6129,0.18001201748847961,0.18001201748847961,0.029401296749711037,0.9509928822517396,True,t_post_inst,t_inst,False
R_control_harmless,R_harm,20,0.6452,0.16428439319133759,0.16428439319133759,0.029401296749711037,0.9520844221115112,True,t_post_inst,t_inst,False
R_control_harmless,R_harm,21,0.6774,0.15327034890651703,0.15327034890651703,0.029401296749711037,0.9508455395698548,True,t_post_inst,t_inst,False
R_control_harmless,R_harm,22,0.7097,0.15708482265472412,0.15708482265472412,0.029401296749711037,0.9537132382392884,True,t_post_inst,t_inst,False
R_control_harmless,R_harm,23,0.7419,0.13853585720062256,0.13853585720062256,0.029401296749711037,0.9462960958480836,True,t_post_inst,t_inst,False
R_control_harmless,R_harm,24,0.7742,0.1432337462902069,0.1432337462902069,0.029401296749711037,0.9441182017326356,True,t_post_inst,t_inst,False
R_control_harmless,R_harm,25,0.8065,0.14541950821876526,0.14541950821876526,0.029401296749711037,0.9404407739639282,True,t_post_inst,t_inst,False
R_control_harmless,R_harm,26,0.8387,0.11826964467763901,0.11826964467763901,0.029401296749711037,0.9360135793685912,True,t_post_inst,t_inst,False
R_control_harmless,R_harm,27,0.871,0.12274782359600067,0.12274782359600067,0.029401296749711037,0.93154776096344,True,t_post_inst,t_inst,False
R_control_harmless,R_harm,28,0.9032,0.12607912719249725,0.12607912719249725,0.029401296749711037,0.9380781054496764,True,t_post_inst,t_inst,False
R_control_harmless,R_harm,29,0.9355,0.12843935191631317,0.12843935191631317,0.029401296749711037,0.9342635273933412,True,t_post_inst,t_inst,False
R_control_harmless,R_harm,30,0.9677,0.1255020946264267,0.1255020946264267,0.029401296749711037,0.9309350848197936,True,t_post_inst,t_inst,False
R_control_harmless,R_harm,31,1.0,0.14249180257320404,0.14249180257320404,0.029401296749711037,0.9133211374282836,True,t_post_inst,t_inst,False
R_control_harmless,R_harm_at_post,0,0.0,-0.24432586133480072,0.24432586133480072,0.029401296749711037,0.5619450807571411,True,t_post_inst,t_post_inst,True
R_control_harmless,R_harm_at_post,1,0.0323,-0.02973742038011551,0.02973742038011551,0.029401296749711037,0.7190729975700378,True,t_post_inst,t_post_inst,True
R_control_harmless,R_harm_at_post,2,0.0645,-0.01061941497027874,0.01061941497027874,0.029401296749711037,0.7281871438026428,False,t_post_inst,t_post_inst,True
R_control_harmless,R_harm_at_post,3,0.0968,-0.13000252842903137,0.13000252842903137,0.029401296749711037,0.7522071003913879,True,t_post_inst,t_post_inst,True
R_control_harmless,R_harm_at_post,4,0.129,-0.1430877149105072,0.1430877149105072,0.029401296749711037,0.7544872164726257,True,t_post_inst,t_post_inst,True
R_control_harmless,R_harm_at_post,5,0.1613,-0.12908481061458588,0.12908481061458588,0.029401296749711037,0.7491363286972046,True,t_post_inst,t_post_inst,True
R_control_harmless,R_harm_at_post,6,0.1935,-0.1204330176115036,0.1204330176115036,0.029401296749711037,0.7403454184532166,True,t_post_inst,t_post_inst,True
R_control_harmless,R_harm_at_post,7,0.2258,-0.016950540244579315,0.016950540244579315,0.029401296749711037,0.7624374628067017,False,t_post_inst,t_post_inst,True
R_control_harmless,R_harm_at_post,8,0.2581,-0.06570522487163544,0.06570522487163544,0.029401296749711037,0.7749667763710022,True,t_post_inst,t_post_inst,True
R_control_harmless,R_harm_at_post,9,0.2903,0.10184785723686218,0.10184785723686218,0.029401296749711037,0.8042399287223816,True,t_post_inst,t_post_inst,True
R_control_harmless,R_harm_at_post,10,0.3226,0.2792122960090637,0.2792122960090637,0.029401296749711037,0.8306758999824524,True,t_post_inst,t_post_inst,True
R_control_harmless,R_harm_at_post,11,0.3548,0.5163075923919678,0.5163075923919678,0.029401296749711037,0.8781849145889282,True,t_post_inst,t_post_inst,True
R_control_harmless,R_harm_at_post,12,0.3871,0.6633731126785278,0.6633731126785278,0.029401296749711037,0.9111163020133972,True,t_post_inst,t_post_inst,True
R_control_harmless,R_harm_at_post,13,0.4194,0.7376338243484497,0.7376338243484497,0.029401296749711037,0.9222758412361144,True,t_post_inst,t_post_inst,True
R_control_harmless,R_harm_at_post,14,0.4516,0.7406264543533325,0.7406264543533325,0.029401296749711037,0.9242736101150512,True,t_post_inst,t_post_inst,True
R_control_harmless,R_harm_at_post,15,0.4839,0.7764275074005127,0.7764275074005127,0.029401296749711037,0.9319589734077454,True,t_post_inst,t_post_inst,True
R_control_harmless,R_harm_at_post,16,0.5161,0.7864116430282593,0.7864116430282593,0.029401296749711037,0.9405256509780884,True,t_post_inst,t_post_inst,True
R_control_harmless,R_harm_at_post,17,0.5484,0.8047362565994263,0.8047362565994263,0.029401296749711037,0.9473454356193542,True,t_post_inst,t_post_inst,True
R_control_harmless,R_harm_at_post,18,0.5806,0.8149543404579163,0.8149543404579163,0.029401296749711037,0.9538916349411012,True,t_post_inst,t_post_inst,True
R_control_harmless,R_harm_at_post,19,0.6129,0.7815818786621094,0.7815818786621094,0.029401296749711037,0.9509928822517396,True,t_post_inst,t_post_inst,True
R_control_harmless,R_harm_at_post,20,0.6452,0.782405436038971,0.782405436038971,0.029401296749711037,0.9520844221115112,True,t_post_inst,t_post_inst,True
R_control_harmless,R_harm_at_post,21,0.6774,0.7598870396614075,0.7598870396614075,0.029401296749711037,0.9508455395698548,True,t_post_inst,t_post_inst,True
R_control_harmless,R_harm_at_post,22,0.7097,0.7691211700439453,0.7691211700439453,0.029401296749711037,0.9537132382392884,True,t_post_inst,t_post_inst,True
R_control_harmless,R_harm_at_post,23,0.7419,0.7543243169784546,0.7543243169784546,0.029401296749711037,0.9462960958480836,True,t_post_inst,t_post_inst,True
R_control_harmless,R_harm_at_post,24,0.7742,0.7483328580856323,0.7483328580856323,0.029401296749711037,0.9441182017326356,True,t_post_inst,t_post_inst,True
R_control_harmless,R_harm_at_post,25,0.8065,0.7295466661453247,0.7295466661453247,0.029401296749711037,0.9404407739639282,True,t_post_inst,t_post_inst,True
R_control_harmless,R_harm_at_post,26,0.8387,0.7234278917312622,0.7234278917312622,0.029401296749711037,0.9360135793685912,True,t_post_inst,t_post_inst,True
R_control_harmless,R_harm_at_post,27,0.871,0.7234135866165161,0.7234135866165161,0.029401296749711037,0.93154776096344,True,t_post_inst,t_post_inst,True
R_control_harmless,R_harm_at_post,28,0.9032,0.7544314861297607,0.7544314861297607,0.029401296749711037,0.9380781054496764,True,t_post_inst,t_post_inst,True
R_control_harmless,R_harm_at_post,29,0.9355,0.7419583797454834,0.7419583797454834,0.029401296749711037,0.9342635273933412,True,t_post_inst,t_post_inst,True
R_control_harmless,R_harm_at_post,30,0.9677,0.7347591519355774,0.7347591519355774,0.029401296749711037,0.9309350848197936,True,t_post_inst,t_post_inst,True
R_control_harmless,R_harm_at_post,31,1.0,0.6749035716056824,0.6749035716056824,0.029401296749711037,0.9133211374282836,True,t_post_inst,t_post_inst,True
R_control_harmless,R_harm_user,0,0.0,-0.27480146288871765,0.27480146288871765,0.029401296749711037,0.5619450807571411,True,t_post_inst,t_inst,False
R_control_harmless,R_harm_user,1,0.0323,-0.20981745421886444,0.20981745421886444,0.029401296749711037,0.7190729975700378,True,t_post_inst,t_inst,False
R_control_harmless,R_harm_user,2,0.0645,-0.16754306852817535,0.16754306852817535,0.029401296749711037,0.7281871438026428,True,t_post_inst,t_inst,False
R_control_harmless,R_harm_user,3,0.0968,-0.027425499632954597,0.027425499632954597,0.029401296749711037,0.7522071003913879,False,t_post_inst,t_inst,False
R_control_harmless,R_harm_user,4,0.129,-0.036002472043037415,0.036002472043037415,0.029401296749711037,0.7544872164726257,True,t_post_inst,t_inst,False
R_control_harmless,R_harm_user,5,0.1613,0.020908262580633163,0.020908262580633163,0.029401296749711037,0.7491363286972046,False,t_post_inst,t_inst,False
R_control_harmless,R_harm_user,6,0.1935,0.03978480026125908,0.03978480026125908,0.029401296749711037,0.7403454184532166,True,t_post_inst,t_inst,False
R_control_harmless,R_harm_user,7,0.2258,0.04935082793235779,0.04935082793235779,0.029401296749711037,0.7624374628067017,True,t_post_inst,t_inst,False
R_control_harmless,R_harm_user,8,0.2581,0.036369018256664276,0.036369018256664276,0.029401296749711037,0.7749667763710022,True,t_post_inst,t_inst,False
R_control_harmless,R_harm_user,9,0.2903,0.06446631252765656,0.06446631252765656,0.029401296749711037,0.8042399287223816,True,t_post_inst,t_inst,False
R_control_harmless,R_harm_user,10,0.3226,0.06807758659124374,0.06807758659124374,0.029401296749711037,0.8306758999824524,True,t_post_inst,t_inst,False
R_control_harmless,R_harm_user,11,0.3548,0.08744816482067108,0.08744816482067108,0.029401296749711037,0.8781849145889282,True,t_post_inst,t_inst,False
R_control_harmless,R_harm_user,12,0.3871,0.10173071175813675,0.10173071175813675,0.029401296749711037,0.9111163020133972,True,t_post_inst,t_inst,False
R_control_harmless,R_harm_user,13,0.4194,0.12714678049087524,0.12714678049087524,0.029401296749711037,0.9222758412361144,True,t_post_inst,t_inst,False
R_control_harmless,R_harm_user,14,0.4516,0.09396448731422424,0.09396448731422424,0.029401296749711037,0.9242736101150512,True,t_post_inst,t_inst,False
R_control_harmless,R_harm_user,15,0.4839,0.10642903298139572,0.10642903298139572,0.029401296749711037,0.9319589734077454,True,t_post_inst,t_inst,False
R_control_harmless,R_harm_user,16,0.5161,0.13119755685329437,0.13119755685329437,0.029401296749711037,0.9405256509780884,True,t_post_inst,t_inst,False
R_control_harmless,R_harm_user,17,0.5484,0.1404849737882614,0.1404849737882614,0.029401296749711037,0.9473454356193542,True,t_post_inst,t_inst,False
R_control_harmless,R_harm_user,18,0.5806,0.15402790904045105,0.15402790904045105,0.029401296749711037,0.9538916349411012,True,t_post_inst,t_inst,False
R_control_harmless,R_harm_user,19,0.6129,0.17690344154834747,0.17690344154834747,0.029401296749711037,0.9509928822517396,True,t_post_inst,t_inst,False
R_control_harmless,R_harm_user,20,0.6452,0.16248884797096252,0.16248884797096252,0.029401296749711037,0.9520844221115112,True,t_post_inst,t_inst,False
R_control_harmless,R_harm_user,21,0.6774,0.14961040019989014,0.14961040019989014,0.029401296749711037,0.9508455395698548,True,t_post_inst,t_inst,False
R_control_harmless,R_harm_user,22,0.7097,0.15352696180343628,0.15352696180343628,0.029401296749711037,0.9537132382392884,True,t_post_inst,t_inst,False
R_control_harmless,R_harm_user,23,0.7419,0.13181935250759125,0.13181935250759125,0.029401296749711037,0.9462960958480836,True,t_post_inst,t_inst,False
R_control_harmless,R_harm_user,24,0.7742,0.13717110455036163,0.13717110455036163,0.029401296749711037,0.9441182017326356,True,t_post_inst,t_inst,False
R_control_harmless,R_harm_user,25,0.8065,0.1407986283302307,0.1407986283302307,0.029401296749711037,0.9404407739639282,True,t_post_inst,t_inst,False
R_control_harmless,R_harm_user,26,0.8387,0.11156237125396729,0.11156237125396729,0.029401296749711037,0.9360135793685912,True,t_post_inst,t_inst,False
R_control_harmless,R_harm_user,27,0.871,0.11504430323839188,0.11504430323839188,0.029401296749711037,0.93154776096344,True,t_post_inst,t_inst,False
R_control_harmless,R_harm_user,28,0.9032,0.11447572708129883,0.11447572708129883,0.029401296749711037,0.9380781054496764,True,t_post_inst,t_inst,False
R_control_harmless,R_harm_user,29,0.9355,0.11778102070093155,0.11778102070093155,0.029401296749711037,0.9342635273933412,True,t_post_inst,t_inst,False
R_control_harmless,R_harm_user,30,0.9677,0.11539113521575928,0.11539113521575928,0.029401296749711037,0.9309350848197936,True,t_post_inst,t_inst,False
R_control_harmless,R_harm_user,31,1.0,0.13902857899665833,0.13902857899665833,0.029401296749711037,0.9133211374282836,True,t_post_inst,t_inst,False
R_control_harmless,R_role_assistant_vs_user@t_inst,0,0.0,-0.03157338500022888,0.03157338500022888,0.029401296749711037,0.5619450807571411,True,t_post_inst,t_inst,False
R_control_harmless,R_role_assistant_vs_user@t_inst,1,0.0323,0.1603003889322281,0.1603003889322281,0.029401296749711037,0.7190729975700378,True,t_post_inst,t_inst,False
R_control_harmless,R_role_assistant_vs_user@t_inst,2,0.0645,0.28067389130592346,0.28067389130592346,0.029401296749711037,0.7281871438026428,True,t_post_inst,t_inst,False
R_control_harmless,R_role_assistant_vs_user@t_inst,3,0.0968,0.0564032644033432,0.0564032644033432,0.029401296749711037,0.7522071003913879,True,t_post_inst,t_inst,False
R_control_harmless,R_role_assistant_vs_user@t_inst,4,0.129,0.08308080583810806,0.08308080583810806,0.029401296749711037,0.7544872164726257,True,t_post_inst,t_inst,False
R_control_harmless,R_role_assistant_vs_user@t_inst,5,0.1613,0.07286204397678375,0.07286204397678375,0.029401296749711037,0.7491363286972046,True,t_post_inst,t_inst,False
R_control_harmless,R_role_assistant_vs_user@t_inst,6,0.1935,0.1195666491985321,0.1195666491985321,0.029401296749711037,0.7403454184532166,True,t_post_inst,t_inst,False
R_control_harmless,R_role_assistant_vs_user@t_inst,7,0.2258,0.04790415242314339,0.04790415242314339,0.029401296749711037,0.7624374628067017,True,t_post_inst,t_inst,False
R_control_harmless,R_role_assistant_vs_user@t_inst,8,0.2581,0.04645282402634621,0.04645282402634621,0.029401296749711037,0.7749667763710022,True,t_post_inst,t_inst,False
R_control_harmless,R_role_assistant_vs_user@t_inst,9,0.2903,0.02574082463979721,0.02574082463979721,0.029401296749711037,0.8042399287223816,False,t_post_inst,t_inst,False
R_control_harmless,R_role_assistant_vs_user@t_inst,10,0.3226,0.060637034475803375,0.060637034475803375,0.029401296749711037,0.8306758999824524,True,t_post_inst,t_inst,False
R_control_harmless,R_role_assistant_vs_user@t_inst,11,0.3548,0.07474368810653687,0.07474368810653687,0.029401296749711037,0.8781849145889282,True,t_post_inst,t_inst,False
R_control_harmless,R_role_assistant_vs_user@t_inst,12,0.3871,0.10546238720417023,0.10546238720417023,0.029401296749711037,0.9111163020133972,True,t_post_inst,t_inst,False
R_control_harmless,R_role_assistant_vs_user@t_inst,13,0.4194,0.08664657175540924,0.08664657175540924,0.029401296749711037,0.9222758412361144,True,t_post_inst,t_inst,False
R_control_harmless,R_role_assistant_vs_user@t_inst,14,0.4516,0.0976509153842926,0.0976509153842926,0.029401296749711037,0.9242736101150512,True,t_post_inst,t_inst,False
R_control_harmless,R_role_assistant_vs_user@t_inst,15,0.4839,0.06996814906597137,0.06996814906597137,0.029401296749711037,0.9319589734077454,True,t_post_inst,t_inst,False
R_control_harmless,R_role_assistant_vs_user@t_inst,16,0.5161,0.03744202479720116,0.03744202479720116,0.029401296749711037,0.9405256509780884,True,t_post_inst,t_inst,False
R_control_harmless,R_role_assistant_vs_user@t_inst,17,0.5484,0.023922640830278397,0.023922640830278397,0.029401296749711037,0.9473454356193542,False,t_post_inst,t_inst,False
R_control_harmless,R_role_assistant_vs_user@t_inst,18,0.5806,0.0798005536198616,0.0798005536198616,0.029401296749711037,0.9538916349411012,True,t_post_inst,t_inst,False
R_control_harmless,R_role_assistant_vs_user@t_inst,19,0.6129,0.0549430325627327,0.0549430325627327,0.029401296749711037,0.9509928822517396,True,t_post_inst,t_inst,False
R_control_harmless,R_role_assistant_vs_user@t_inst,20,0.6452,0.04133570194244385,0.04133570194244385,0.029401296749711037,0.9520844221115112,True,t_post_inst,t_inst,False
R_control_harmless,R_role_assistant_vs_user@t_inst,21,0.6774,0.058556269854307175,0.058556269854307175,0.029401296749711037,0.9508455395698548,True,t_post_inst,t_inst,False
R_control_harmless,R_role_assistant_vs_user@t_inst,22,0.7097,0.04240180924534798,0.04240180924534798,0.029401296749711037,0.9537132382392884,True,t_post_inst,t_inst,False
R_control_harmless,R_role_assistant_vs_user@t_inst,23,0.7419,0.06575377285480499,0.06575377285480499,0.029401296749711037,0.9462960958480836,True,t_post_inst,t_inst,False
R_control_harmless,R_role_assistant_vs_user@t_inst,24,0.7742,0.06841890513896942,0.06841890513896942,0.029401296749711037,0.9441182017326356,True,t_post_inst,t_inst,False
R_control_harmless,R_role_assistant_vs_user@t_inst,25,0.8065,0.07289797067642212,0.07289797067642212,0.029401296749711037,0.9404407739639282,True,t_post_inst,t_inst,False
R_control_harmless,R_role_assistant_vs_user@t_inst,26,0.8387,0.06077834218740463,0.06077834218740463,0.029401296749711037,0.9360135793685912,True,t_post_inst,t_inst,False
R_control_harmless,R_role_assistant_vs_user@t_inst,27,0.871,0.06066260486841202,0.06066260486841202,0.029401296749711037,0.93154776096344,True,t_post_inst,t_inst,False
R_control_harmless,R_role_assistant_vs_user@t_inst,28,0.9032,0.04331016167998314,0.04331016167998314,0.029401296749711037,0.9380781054496764,True,t_post_inst,t_inst,False
R_control_harmless,R_role_assistant_vs_user@t_inst,29,0.9355,0.0513274148106575,0.0513274148106575,0.029401296749711037,0.9342635273933412,True,t_post_inst,t_inst,False
R_control_harmless,R_role_assistant_vs_user@t_inst,30,0.9677,0.029625844210386276,0.029625844210386276,0.029401296749711037,0.9309350848197936,True,t_post_inst,t_inst,False
R_control_harmless,R_role_assistant_vs_user@t_inst,31,1.0,0.16980555653572083,0.16980555653572083,0.029401296749711037,0.9133211374282836,True,t_post_inst,t_inst,False
R_control_harmless,R_role_assistant_vs_user@t_post_inst,0,0.0,-0.23883292078971863,0.23883292078971863,0.029401296749711037,0.5619450807571411,True,t_post_inst,t_post_inst,True
R_control_harmless,R_role_assistant_vs_user@t_post_inst,1,0.0323,-0.0928030014038086,0.0928030014038086,0.029401296749711037,0.7190729975700378,True,t_post_inst,t_post_inst,True
R_control_harmless,R_role_assistant_vs_user@t_post_inst,2,0.0645,0.00454755499958992,0.00454755499958992,0.029401296749711037,0.7281871438026428,False,t_post_inst,t_post_inst,True
R_control_harmless,R_role_assistant_vs_user@t_post_inst,3,0.0968,-0.1658361554145813,0.1658361554145813,0.029401296749711037,0.7522071003913879,True,t_post_inst,t_post_inst,True
R_control_harmless,R_role_assistant_vs_user@t_post_inst,4,0.129,-0.11892586201429367,0.11892586201429367,0.029401296749711037,0.7544872164726257,True,t_post_inst,t_post_inst,True
R_control_harmless,R_role_assistant_vs_user@t_post_inst,5,0.1613,-0.1558619737625122,0.1558619737625122,0.029401296749711037,0.7491363286972046,True,t_post_inst,t_post_inst,True
R_control_harmless,R_role_assistant_vs_user@t_post_inst,6,0.1935,-0.16178283095359802,0.16178283095359802,0.029401296749711037,0.7403454184532166,True,t_post_inst,t_post_inst,True
R_control_harmless,R_role_assistant_vs_user@t_post_inst,7,0.2258,-0.16681095957756042,0.16681095957756042,0.029401296749711037,0.7624374628067017,True,t_post_inst,t_post_inst,True
R_control_harmless,R_role_assistant_vs_user@t_post_inst,8,0.2581,-0.1075916737318039,0.1075916737318039,0.029401296749711037,0.7749667763710022,True,t_post_inst,t_post_inst,True
R_control_harmless,R_role_assistant_vs_user@t_post_inst,9,0.2903,-0.04855562001466751,0.04855562001466751,0.029401296749711037,0.8042399287223816,True,t_post_inst,t_post_inst,True
R_control_harmless,R_role_assistant_vs_user@t_post_inst,10,0.3226,-0.03735017031431198,0.03735017031431198,0.029401296749711037,0.8306758999824524,True,t_post_inst,t_post_inst,True
R_control_harmless,R_role_assistant_vs_user@t_post_inst,11,0.3548,0.04499979317188263,0.04499979317188263,0.029401296749711037,0.8781849145889282,True,t_post_inst,t_post_inst,True
R_control_harmless,R_role_assistant_vs_user@t_post_inst,12,0.3871,0.16622552275657654,0.16622552275657654,0.029401296749711037,0.9111163020133972,True,t_post_inst,t_post_inst,True
R_control_harmless,R_role_assistant_vs_user@t_post_inst,13,0.4194,0.16355358064174652,0.16355358064174652,0.029401296749711037,0.9222758412361144,True,t_post_inst,t_post_inst,True
R_control_harmless,R_role_assistant_vs_user@t_post_inst,14,0.4516,0.16391664743423462,0.16391664743423462,0.029401296749711037,0.9242736101150512,True,t_post_inst,t_post_inst,True
R_control_harmless,R_role_assistant_vs_user@t_post_inst,15,0.4839,0.20761683583259583,0.20761683583259583,0.029401296749711037,0.9319589734077454,True,t_post_inst,t_post_inst,True
R_control_harmless,R_role_assistant_vs_user@t_post_inst,16,0.5161,0.27161121368408203,0.27161121368408203,0.029401296749711037,0.9405256509780884,True,t_post_inst,t_post_inst,True
R_control_harmless,R_role_assistant_vs_user@t_post_inst,17,0.5484,0.24703308939933777,0.24703308939933777,0.029401296749711037,0.9473454356193542,True,t_post_inst,t_post_inst,True
R_control_harmless,R_role_assistant_vs_user@t_post_inst,18,0.5806,0.2583312690258026,0.2583312690258026,0.029401296749711037,0.9538916349411012,True,t_post_inst,t_post_inst,True
R_control_harmless,R_role_assistant_vs_user@t_post_inst,19,0.6129,0.23155277967453003,0.23155277967453003,0.029401296749711037,0.9509928822517396,True,t_post_inst,t_post_inst,True
R_control_harmless,R_role_assistant_vs_user@t_post_inst,20,0.6452,0.282725989818573,0.282725989818573,0.029401296749711037,0.9520844221115112,True,t_post_inst,t_post_inst,True
R_control_harmless,R_role_assistant_vs_user@t_post_inst,21,0.6774,0.23574751615524292,0.23574751615524292,0.029401296749711037,0.9508455395698548,True,t_post_inst,t_post_inst,True
R_control_harmless,R_role_assistant_vs_user@t_post_inst,22,0.7097,0.18844352662563324,0.18844352662563324,0.029401296749711037,0.9537132382392884,True,t_post_inst,t_post_inst,True
R_control_harmless,R_role_assistant_vs_user@t_post_inst,23,0.7419,0.19995972514152527,0.19995972514152527,0.029401296749711037,0.9462960958480836,True,t_post_inst,t_post_inst,True
R_control_harmless,R_role_assistant_vs_user@t_post_inst,24,0.7742,0.21068063378334045,0.21068063378334045,0.029401296749711037,0.9441182017326356,True,t_post_inst,t_post_inst,True
R_control_harmless,R_role_assistant_vs_user@t_post_inst,25,0.8065,0.19236499071121216,0.19236499071121216,0.029401296749711037,0.9404407739639282,True,t_post_inst,t_post_inst,True
R_control_harmless,R_role_assistant_vs_user@t_post_inst,26,0.8387,0.16091683506965637,0.16091683506965637,0.029401296749711037,0.9360135793685912,True,t_post_inst,t_post_inst,True
R_control_harmless,R_role_assistant_vs_user@t_post_inst,27,0.871,0.18822336196899414,0.18822336196899414,0.029401296749711037,0.93154776096344,True,t_post_inst,t_post_inst,True
R_control_harmless,R_role_assistant_vs_user@t_post_inst,28,0.9032,0.19516083598136902,0.19516083598136902,0.029401296749711037,0.9380781054496764,True,t_post_inst,t_post_inst,True
R_control_harmless,R_role_assistant_vs_user@t_post_inst,29,0.9355,0.19177456200122833,0.19177456200122833,0.029401296749711037,0.9342635273933412,True,t_post_inst,t_post_inst,True
R_control_harmless,R_role_assistant_vs_user@t_post_inst,30,0.9677,0.18622899055480957,0.18622899055480957,0.029401296749711037,0.9309350848197936,True,t_post_inst,t_post_inst,True
R_control_harmless,R_role_assistant_vs_user@t_post_inst,31,1.0,0.11722075939178467,0.11722075939178467,0.029401296749711037,0.9133211374282836,True,t_post_inst,t_post_inst,True
R_control_harmless,R_role_system_vs_user@t_inst,0,0.0,-0.03312736377120018,0.03312736377120018,0.029401296749711037,0.5619450807571411,True,t_post_inst,t_inst,False
R_control_harmless,R_role_system_vs_user@t_inst,1,0.0323,0.01740582101047039,0.01740582101047039,0.029401296749711037,0.7190729975700378,False,t_post_inst,t_inst,False
R_control_harmless,R_role_system_vs_user@t_inst,2,0.0645,0.05422591790556908,0.05422591790556908,0.029401296749711037,0.7281871438026428,True,t_post_inst,t_inst,False
R_control_harmless,R_role_system_vs_user@t_inst,3,0.0968,0.037783049046993256,0.037783049046993256,0.029401296749711037,0.7522071003913879,True,t_post_inst,t_inst,False
R_control_harmless,R_role_system_vs_user@t_inst,4,0.129,0.06423450261354446,0.06423450261354446,0.029401296749711037,0.7544872164726257,True,t_post_inst,t_inst,False
R_control_harmless,R_role_system_vs_user@t_inst,5,0.1613,0.081757552921772,0.081757552921772,0.029401296749711037,0.7491363286972046,True,t_post_inst,t_inst,False
R_control_harmless,R_role_system_vs_user@t_inst,6,0.1935,0.13075999915599823,0.13075999915599823,0.029401296749711037,0.7403454184532166,True,t_post_inst,t_inst,False
R_control_harmless,R_role_system_vs_user@t_inst,7,0.2258,0.048441994935274124,0.048441994935274124,0.029401296749711037,0.7624374628067017,True,t_post_inst,t_inst,False
R_control_harmless,R_role_system_vs_user@t_inst,8,0.2581,0.07347045838832855,0.07347045838832855,0.029401296749711037,0.7749667763710022,True,t_post_inst,t_inst,False
R_control_harmless,R_role_system_vs_user@t_inst,9,0.2903,0.03719352185726166,0.03719352185726166,0.029401296749711037,0.8042399287223816,True,t_post_inst,t_inst,False
R_control_harmless,R_role_system_vs_user@t_inst,10,0.3226,0.02288009226322174,0.02288009226322174,0.029401296749711037,0.8306758999824524,False,t_post_inst,t_inst,False
R_control_harmless,R_role_system_vs_user@t_inst,11,0.3548,0.05480653792619705,0.05480653792619705,0.029401296749711037,0.8781849145889282,True,t_post_inst,t_inst,False
R_control_harmless,R_role_system_vs_user@t_inst,12,0.3871,0.025638580322265625,0.025638580322265625,0.029401296749711037,0.9111163020133972,False,t_post_inst,t_inst,False
R_control_harmless,R_role_system_vs_user@t_inst,13,0.4194,0.0006055813282728195,0.0006055813282728195,0.029401296749711037,0.9222758412361144,False,t_post_inst,t_inst,False
R_control_harmless,R_role_system_vs_user@t_inst,14,0.4516,0.017262769863009453,0.017262769863009453,0.029401296749711037,0.9242736101150512,False,t_post_inst,t_inst,False
R_control_harmless,R_role_system_vs_user@t_inst,15,0.4839,-0.012301774695515633,0.012301774695515633,0.029401296749711037,0.9319589734077454,False,t_post_inst,t_inst,False
R_control_harmless,R_role_system_vs_user@t_inst,16,0.5161,-0.015044363215565681,0.015044363215565681,0.029401296749711037,0.9405256509780884,False,t_post_inst,t_inst,False
R_control_harmless,R_role_system_vs_user@t_inst,17,0.5484,-0.01741832122206688,0.01741832122206688,0.029401296749711037,0.9473454356193542,False,t_post_inst,t_inst,False
R_control_harmless,R_role_system_vs_user@t_inst,18,0.5806,0.013415631838142872,0.013415631838142872,0.029401296749711037,0.9538916349411012,False,t_post_inst,t_inst,False
R_control_harmless,R_role_system_vs_user@t_inst,19,0.6129,-0.02110419236123562,0.02110419236123562,0.029401296749711037,0.9509928822517396,False,t_post_inst,t_inst,False
R_control_harmless,R_role_system_vs_user@t_inst,20,0.6452,0.0018651867285370827,0.0018651867285370827,0.029401296749711037,0.9520844221115112,False,t_post_inst,t_inst,False
R_control_harmless,R_role_system_vs_user@t_inst,21,0.6774,-0.004670652095228434,0.004670652095228434,0.029401296749711037,0.9508455395698548,False,t_post_inst,t_inst,False
R_control_harmless,R_role_system_vs_user@t_inst,22,0.7097,0.003978623077273369,0.003978623077273369,0.029401296749711037,0.9537132382392884,False,t_post_inst,t_inst,False
R_control_harmless,R_role_system_vs_user@t_inst,23,0.7419,0.000964948907494545,0.000964948907494545,0.029401296749711037,0.9462960958480836,False,t_post_inst,t_inst,False
R_control_harmless,R_role_system_vs_user@t_inst,24,0.7742,-0.011672903783619404,0.011672903783619404,0.029401296749711037,0.9441182017326356,False,t_post_inst,t_inst,False
R_control_harmless,R_role_system_vs_user@t_inst,25,0.8065,-0.017427146434783936,0.017427146434783936,0.029401296749711037,0.9404407739639282,False,t_post_inst,t_inst,False
R_control_harmless,R_role_system_vs_user@t_inst,26,0.8387,-0.028101224452257156,0.028101224452257156,0.029401296749711037,0.9360135793685912,False,t_post_inst,t_inst,False
R_control_harmless,R_role_system_vs_user@t_inst,27,0.871,-0.006158359348773956,0.006158359348773956,0.029401296749711037,0.93154776096344,False,t_post_inst,t_inst,False
R_control_harmless,R_role_system_vs_user@t_inst,28,0.9032,-0.02282509207725525,0.02282509207725525,0.029401296749711037,0.9380781054496764,False,t_post_inst,t_inst,False
R_control_harmless,R_role_system_vs_user@t_inst,29,0.9355,-0.01949237659573555,0.01949237659573555,0.029401296749711037,0.9342635273933412,False,t_post_inst,t_inst,False
R_control_harmless,R_role_system_vs_user@t_inst,30,0.9677,-0.013596603646874428,0.013596603646874428,0.029401296749711037,0.9309350848197936,False,t_post_inst,t_inst,False
R_control_harmless,R_role_system_vs_user@t_inst,31,1.0,0.01306790392845869,0.01306790392845869,0.029401296749711037,0.9133211374282836,False,t_post_inst,t_inst,False
R_control_harmless,R_role_system_vs_user@t_post_inst,0,0.0,-0.3565429747104645,0.3565429747104645,0.029401296749711037,0.5619450807571411,True,t_post_inst,t_post_inst,True
R_control_harmless,R_role_system_vs_user@t_post_inst,1,0.0323,-0.06886354088783264,0.06886354088783264,0.029401296749711037,0.7190729975700378,True,t_post_inst,t_post_inst,True
R_control_harmless,R_role_system_vs_user@t_post_inst,2,0.0645,-0.03701244294643402,0.03701244294643402,0.029401296749711037,0.7281871438026428,True,t_post_inst,t_post_inst,True
R_control_harmless,R_role_system_vs_user@t_post_inst,3,0.0968,-0.23512688279151917,0.23512688279151917,0.029401296749711037,0.7522071003913879,True,t_post_inst,t_post_inst,True
R_control_harmless,R_role_system_vs_user@t_post_inst,4,0.129,-0.24378487467765808,0.24378487467765808,0.029401296749711037,0.7544872164726257,True,t_post_inst,t_post_inst,True
R_control_harmless,R_role_system_vs_user@t_post_inst,5,0.1613,-0.24829816818237305,0.24829816818237305,0.029401296749711037,0.7491363286972046,True,t_post_inst,t_post_inst,True
R_control_harmless,R_role_system_vs_user@t_post_inst,6,0.1935,-0.272625207901001,0.272625207901001,0.029401296749711037,0.7403454184532166,True,t_post_inst,t_post_inst,True
R_control_harmless,R_role_system_vs_user@t_post_inst,7,0.2258,-0.30431458353996277,0.30431458353996277,0.029401296749711037,0.7624374628067017,True,t_post_inst,t_post_inst,True
R_control_harmless,R_role_system_vs_user@t_post_inst,8,0.2581,-0.28741708397865295,0.28741708397865295,0.029401296749711037,0.7749667763710022,True,t_post_inst,t_post_inst,True
R_control_harmless,R_role_system_vs_user@t_post_inst,9,0.2903,-0.2852194011211395,0.2852194011211395,0.029401296749711037,0.8042399287223816,True,t_post_inst,t_post_inst,True
R_control_harmless,R_role_system_vs_user@t_post_inst,10,0.3226,-0.33233362436294556,0.33233362436294556,0.029401296749711037,0.8306758999824524,True,t_post_inst,t_post_inst,True
R_control_harmless,R_role_system_vs_user@t_post_inst,11,0.3548,-0.3137674331665039,0.3137674331665039,0.029401296749711037,0.8781849145889282,True,t_post_inst,t_post_inst,True
R_control_harmless,R_role_system_vs_user@t_post_inst,12,0.3871,-0.26849061250686646,0.26849061250686646,0.029401296749711037,0.9111163020133972,True,t_post_inst,t_post_inst,True
R_control_harmless,R_role_system_vs_user@t_post_inst,13,0.4194,-0.26838088035583496,0.26838088035583496,0.029401296749711037,0.9222758412361144,True,t_post_inst,t_post_inst,True
R_control_harmless,R_role_system_vs_user@t_post_inst,14,0.4516,-0.2821703255176544,0.2821703255176544,0.029401296749711037,0.9242736101150512,True,t_post_inst,t_post_inst,True
R_control_harmless,R_role_system_vs_user@t_post_inst,15,0.4839,-0.2878914475440979,0.2878914475440979,0.029401296749711037,0.9319589734077454,True,t_post_inst,t_post_inst,True
R_control_harmless,R_role_system_vs_user@t_post_inst,16,0.5161,-0.22354534268379211,0.22354534268379211,0.029401296749711037,0.9405256509780884,True,t_post_inst,t_post_inst,True
R_control_harmless,R_role_system_vs_user@t_post_inst,17,0.5484,-0.18756811320781708,0.18756811320781708,0.029401296749711037,0.9473454356193542,True,t_post_inst,t_post_inst,True
R_control_harmless,R_role_system_vs_user@t_post_inst,18,0.5806,-0.14970779418945312,0.14970779418945312,0.029401296749711037,0.9538916349411012,True,t_post_inst,t_post_inst,True
R_control_harmless,R_role_system_vs_user@t_post_inst,19,0.6129,-0.1109856590628624,0.1109856590628624,0.029401296749711037,0.9509928822517396,True,t_post_inst,t_post_inst,True
R_control_harmless,R_role_system_vs_user@t_post_inst,20,0.6452,-0.13008460402488708,0.13008460402488708,0.029401296749711037,0.9520844221115112,True,t_post_inst,t_post_inst,True
R_control_harmless,R_role_system_vs_user@t_post_inst,21,0.6774,-0.07883679121732712,0.07883679121732712,0.029401296749711037,0.9508455395698548,True,t_post_inst,t_post_inst,True
R_control_harmless,R_role_system_vs_user@t_post_inst,22,0.7097,-0.05478479713201523,0.05478479713201523,0.029401296749711037,0.9537132382392884,True,t_post_inst,t_post_inst,True
R_control_harmless,R_role_system_vs_user@t_post_inst,23,0.7419,-0.026641245931386948,0.026641245931386948,0.029401296749711037,0.9462960958480836,False,t_post_inst,t_post_inst,True
R_control_harmless,R_role_system_vs_user@t_post_inst,24,0.7742,-0.0438431017100811,0.0438431017100811,0.029401296749711037,0.9441182017326356,True,t_post_inst,t_post_inst,True
R_control_harmless,R_role_system_vs_user@t_post_inst,25,0.8065,-0.04715707153081894,0.04715707153081894,0.029401296749711037,0.9404407739639282,True,t_post_inst,t_post_inst,True
R_control_harmless,R_role_system_vs_user@t_post_inst,26,0.8387,-0.03928400203585625,0.03928400203585625,0.029401296749711037,0.9360135793685912,True,t_post_inst,t_post_inst,True
R_control_harmless,R_role_system_vs_user@t_post_inst,27,0.871,-0.05565742403268814,0.05565742403268814,0.029401296749711037,0.93154776096344,True,t_post_inst,t_post_inst,True
R_control_harmless,R_role_system_vs_user@t_post_inst,28,0.9032,0.009311096742749214,0.009311096742749214,0.029401296749711037,0.9380781054496764,False,t_post_inst,t_post_inst,True
R_control_harmless,R_role_system_vs_user@t_post_inst,29,0.9355,0.009625439532101154,0.009625439532101154,0.029401296749711037,0.9342635273933412,False,t_post_inst,t_post_inst,True
R_control_harmless,R_role_system_vs_user@t_post_inst,30,0.9677,0.024595219641923904,0.024595219641923904,0.029401296749711037,0.9309350848197936,False,t_post_inst,t_post_inst,True
R_control_harmless,R_role_system_vs_user@t_post_inst,31,1.0,-0.07218622416257858,0.07218622416257858,0.029401296749711037,0.9133211374282836,True,t_post_inst,t_post_inst,True
R_control_harmless,R_role_tool_vs_user@t_inst,0,0.0,-0.06343130767345428,0.06343130767345428,0.029401296749711037,0.5619450807571411,True,t_post_inst,t_inst,False
R_control_harmless,R_role_tool_vs_user@t_inst,1,0.0323,0.09149957448244095,0.09149957448244095,0.029401296749711037,0.7190729975700378,True,t_post_inst,t_inst,False
R_control_harmless,R_role_tool_vs_user@t_inst,2,0.0645,0.25763949751853943,0.25763949751853943,0.029401296749711037,0.7281871438026428,True,t_post_inst,t_inst,False
R_control_harmless,R_role_tool_vs_user@t_inst,3,0.0968,0.025790682062506676,0.025790682062506676,0.029401296749711037,0.7522071003913879,False,t_post_inst,t_inst,False
R_control_harmless,R_role_tool_vs_user@t_inst,4,0.129,0.05173182487487793,0.05173182487487793,0.029401296749711037,0.7544872164726257,True,t_post_inst,t_inst,False
R_control_harmless,R_role_tool_vs_user@t_inst,5,0.1613,0.060548990964889526,0.060548990964889526,0.029401296749711037,0.7491363286972046,True,t_post_inst,t_inst,False
R_control_harmless,R_role_tool_vs_user@t_inst,6,0.1935,0.04629279300570488,0.04629279300570488,0.029401296749711037,0.7403454184532166,True,t_post_inst,t_inst,False
R_control_harmless,R_role_tool_vs_user@t_inst,7,0.2258,0.003762590466067195,0.003762590466067195,0.029401296749711037,0.7624374628067017,False,t_post_inst,t_inst,False
R_control_harmless,R_role_tool_vs_user@t_inst,8,0.2581,0.010321207344532013,0.010321207344532013,0.029401296749711037,0.7749667763710022,False,t_post_inst,t_inst,False
R_control_harmless,R_role_tool_vs_user@t_inst,9,0.2903,-0.00017944816499948502,0.00017944816499948502,0.029401296749711037,0.8042399287223816,False,t_post_inst,t_inst,False
R_control_harmless,R_role_tool_vs_user@t_inst,10,0.3226,0.007211093325167894,0.007211093325167894,0.029401296749711037,0.8306758999824524,False,t_post_inst,t_inst,False
R_control_harmless,R_role_tool_vs_user@t_inst,11,0.3548,0.04236798360943794,0.04236798360943794,0.029401296749711037,0.8781849145889282,True,t_post_inst,t_inst,False
R_control_harmless,R_role_tool_vs_user@t_inst,12,0.3871,0.04773370176553726,0.04773370176553726,0.029401296749711037,0.9111163020133972,True,t_post_inst,t_inst,False
R_control_harmless,R_role_tool_vs_user@t_inst,13,0.4194,0.011149823665618896,0.011149823665618896,0.029401296749711037,0.9222758412361144,False,t_post_inst,t_inst,False
R_control_harmless,R_role_tool_vs_user@t_inst,14,0.4516,0.0015070890076458454,0.0015070890076458454,0.029401296749711037,0.9242736101150512,False,t_post_inst,t_inst,False
R_control_harmless,R_role_tool_vs_user@t_inst,15,0.4839,0.014691155403852463,0.014691155403852463,0.029401296749711037,0.9319589734077454,False,t_post_inst,t_inst,False
R_control_harmless,R_role_tool_vs_user@t_inst,16,0.5161,0.044413331896066666,0.044413331896066666,0.029401296749711037,0.9405256509780884,True,t_post_inst,t_inst,False
R_control_harmless,R_role_tool_vs_user@t_inst,17,0.5484,0.044647831469774246,0.044647831469774246,0.029401296749711037,0.9473454356193542,True,t_post_inst,t_inst,False
R_control_harmless,R_role_tool_vs_user@t_inst,18,0.5806,0.047775134444236755,0.047775134444236755,0.029401296749711037,0.9538916349411012,True,t_post_inst,t_inst,False
R_control_harmless,R_role_tool_vs_user@t_inst,19,0.6129,0.0489499606192112,0.0489499606192112,0.029401296749711037,0.9509928822517396,True,t_post_inst,t_inst,False
R_control_harmless,R_role_tool_vs_user@t_inst,20,0.6452,0.05513319373130798,0.05513319373130798,0.029401296749711037,0.9520844221115112,True,t_post_inst,t_inst,False
R_control_harmless,R_role_tool_vs_user@t_inst,21,0.6774,0.03352486342191696,0.03352486342191696,0.029401296749711037,0.9508455395698548,True,t_post_inst,t_inst,False
R_control_harmless,R_role_tool_vs_user@t_inst,22,0.7097,-0.00351663026958704,0.00351663026958704,0.029401296749711037,0.9537132382392884,False,t_post_inst,t_inst,False
R_control_harmless,R_role_tool_vs_user@t_inst,23,0.7419,-0.005482801236212254,0.005482801236212254,0.029401296749711037,0.9462960958480836,False,t_post_inst,t_inst,False
R_control_harmless,R_role_tool_vs_user@t_inst,24,0.7742,-0.014862962067127228,0.014862962067127228,0.029401296749711037,0.9441182017326356,False,t_post_inst,t_inst,False
R_control_harmless,R_role_tool_vs_user@t_inst,25,0.8065,-0.0080066854134202,0.0080066854134202,0.029401296749711037,0.9404407739639282,False,t_post_inst,t_inst,False
R_control_harmless,R_role_tool_vs_user@t_inst,26,0.8387,-0.0044324384070932865,0.0044324384070932865,0.029401296749711037,0.9360135793685912,False,t_post_inst,t_inst,False
R_control_harmless,R_role_tool_vs_user@t_inst,27,0.871,-0.006034471560269594,0.006034471560269594,0.029401296749711037,0.93154776096344,False,t_post_inst,t_inst,False
R_control_harmless,R_role_tool_vs_user@t_inst,28,0.9032,0.009242335334420204,0.009242335334420204,0.029401296749711037,0.9380781054496764,False,t_post_inst,t_inst,False
R_control_harmless,R_role_tool_vs_user@t_inst,29,0.9355,0.00592047581449151,0.00592047581449151,0.029401296749711037,0.9342635273933412,False,t_post_inst,t_inst,False
R_control_harmless,R_role_tool_vs_user@t_inst,30,0.9677,0.018642153590917587,0.018642153590917587,0.029401296749711037,0.9309350848197936,False,t_post_inst,t_inst,False
R_control_harmless,R_role_tool_vs_user@t_inst,31,1.0,-0.07513494789600372,0.07513494789600372,0.029401296749711037,0.9133211374282836,True,t_post_inst,t_inst,False
R_control_harmless,R_role_tool_vs_user@t_post_inst,0,0.0,-0.09802982211112976,0.09802982211112976,0.029401296749711037,0.5619450807571411,True,t_post_inst,t_post_inst,True
R_control_harmless,R_role_tool_vs_user@t_post_inst,1,0.0323,0.03519810736179352,0.03519810736179352,0.029401296749711037,0.7190729975700378,True,t_post_inst,t_post_inst,True
R_control_harmless,R_role_tool_vs_user@t_post_inst,2,0.0645,0.11583767086267471,0.11583767086267471,0.029401296749711037,0.7281871438026428,True,t_post_inst,t_post_inst,True
R_control_harmless,R_role_tool_vs_user@t_post_inst,3,0.0968,-0.17542754113674164,0.17542754113674164,0.029401296749711037,0.7522071003913879,True,t_post_inst,t_post_inst,True
R_control_harmless,R_role_tool_vs_user@t_post_inst,4,0.129,-0.11902393400669098,0.11902393400669098,0.029401296749711037,0.7544872164726257,True,t_post_inst,t_post_inst,True
R_control_harmless,R_role_tool_vs_user@t_post_inst,5,0.1613,-0.12892422080039978,0.12892422080039978,0.029401296749711037,0.7491363286972046,True,t_post_inst,t_post_inst,True
R_control_harmless,R_role_tool_vs_user@t_post_inst,6,0.1935,-0.12705282866954803,0.12705282866954803,0.029401296749711037,0.7403454184532166,True,t_post_inst,t_post_inst,True
R_control_harmless,R_role_tool_vs_user@t_post_inst,7,0.2258,-0.1412941962480545,0.1412941962480545,0.029401296749711037,0.7624374628067017,True,t_post_inst,t_post_inst,True
R_control_harmless,R_role_tool_vs_user@t_post_inst,8,0.2581,-0.0853496640920639,0.0853496640920639,0.029401296749711037,0.7749667763710022,True,t_post_inst,t_post_inst,True
R_control_harmless,R_role_tool_vs_user@t_post_inst,9,0.2903,-0.0345766507089138,0.0345766507089138,0.029401296749711037,0.8042399287223816,True,t_post_inst,t_post_inst,True
R_control_harmless,R_role_tool_vs_user@t_post_inst,10,0.3226,-0.06730300188064575,0.06730300188064575,0.029401296749711037,0.8306758999824524,True,t_post_inst,t_post_inst,True
R_control_harmless,R_role_tool_vs_user@t_post_inst,11,0.3548,-0.030106106773018837,0.030106106773018837,0.029401296749711037,0.8781849145889282,True,t_post_inst,t_post_inst,True
R_control_harmless,R_role_tool_vs_user@t_post_inst,12,0.3871,0.055618491023778915,0.055618491023778915,0.029401296749711037,0.9111163020133972,True,t_post_inst,t_post_inst,True
R_control_harmless,R_role_tool_vs_user@t_post_inst,13,0.4194,0.13089746236801147,0.13089746236801147,0.029401296749711037,0.9222758412361144,True,t_post_inst,t_post_inst,True
R_control_harmless,R_role_tool_vs_user@t_post_inst,14,0.4516,0.1430748552083969,0.1430748552083969,0.029401296749711037,0.9242736101150512,True,t_post_inst,t_post_inst,True
R_control_harmless,R_role_tool_vs_user@t_post_inst,15,0.4839,0.17166881263256073,0.17166881263256073,0.029401296749711037,0.9319589734077454,True,t_post_inst,t_post_inst,True
R_control_harmless,R_role_tool_vs_user@t_post_inst,16,0.5161,0.2156507968902588,0.2156507968902588,0.029401296749711037,0.9405256509780884,True,t_post_inst,t_post_inst,True
R_control_harmless,R_role_tool_vs_user@t_post_inst,17,0.5484,0.20703355967998505,0.20703355967998505,0.029401296749711037,0.9473454356193542,True,t_post_inst,t_post_inst,True
R_control_harmless,R_role_tool_vs_user@t_post_inst,18,0.5806,0.19718515872955322,0.19718515872955322,0.029401296749711037,0.9538916349411012,True,t_post_inst,t_post_inst,True
R_control_harmless,R_role_tool_vs_user@t_post_inst,19,0.6129,0.1885950267314911,0.1885950267314911,0.029401296749711037,0.9509928822517396,True,t_post_inst,t_post_inst,True
R_control_harmless,R_role_tool_vs_user@t_post_inst,20,0.6452,0.2443520575761795,0.2443520575761795,0.029401296749711037,0.9520844221115112,True,t_post_inst,t_post_inst,True
R_control_harmless,R_role_tool_vs_user@t_post_inst,21,0.6774,0.23574621975421906,0.23574621975421906,0.029401296749711037,0.9508455395698548,True,t_post_inst,t_post_inst,True
R_control_harmless,R_role_tool_vs_user@t_post_inst,22,0.7097,0.20727775990962982,0.20727775990962982,0.029401296749711037,0.9537132382392884,True,t_post_inst,t_post_inst,True
R_control_harmless,R_role_tool_vs_user@t_post_inst,23,0.7419,0.1895928978919983,0.1895928978919983,0.029401296749711037,0.9462960958480836,True,t_post_inst,t_post_inst,True
R_control_harmless,R_role_tool_vs_user@t_post_inst,24,0.7742,0.17997342348098755,0.17997342348098755,0.029401296749711037,0.9441182017326356,True,t_post_inst,t_post_inst,True
R_control_harmless,R_role_tool_vs_user@t_post_inst,25,0.8065,0.16719770431518555,0.16719770431518555,0.029401296749711037,0.9404407739639282,True,t_post_inst,t_post_inst,True
R_control_harmless,R_role_tool_vs_user@t_post_inst,26,0.8387,0.14890460669994354,0.14890460669994354,0.029401296749711037,0.9360135793685912,True,t_post_inst,t_post_inst,True
R_control_harmless,R_role_tool_vs_user@t_post_inst,27,0.871,0.14895713329315186,0.14895713329315186,0.029401296749711037,0.93154776096344,True,t_post_inst,t_post_inst,True
R_control_harmless,R_role_tool_vs_user@t_post_inst,28,0.9032,0.10964726656675339,0.10964726656675339,0.029401296749711037,0.9380781054496764,True,t_post_inst,t_post_inst,True
R_control_harmless,R_role_tool_vs_user@t_post_inst,29,0.9355,0.1016504243016243,0.1016504243016243,0.029401296749711037,0.9342635273933412,True,t_post_inst,t_post_inst,True
R_control_harmless,R_role_tool_vs_user@t_post_inst,30,0.9677,0.10214509069919586,0.10214509069919586,0.029401296749711037,0.9309350848197936,True,t_post_inst,t_post_inst,True
R_control_harmless,R_role_tool_vs_user@t_post_inst,31,1.0,0.029974527657032013,0.029974527657032013,0.029401296749711037,0.9133211374282836,True,t_post_inst,t_post_inst,True
R_control_preguard,R_harm,0,0.0,0.26130276918411255,0.26130276918411255,0.029401296749711037,0.4370768070220947,True,t_post_inst,t_inst,False
R_control_preguard,R_harm,1,0.0323,0.11403530836105347,0.11403530836105347,0.029401296749711037,0.5746245384216309,True,t_post_inst,t_inst,False
R_control_preguard,R_harm,2,0.0645,0.00304137310013175,0.00304137310013175,0.029401296749711037,0.532403826713562,False,t_post_inst,t_inst,False
R_control_preguard,R_harm,3,0.0968,0.021363113075494766,0.021363113075494766,0.029401296749711037,0.5263203978538513,False,t_post_inst,t_inst,False
R_control_preguard,R_harm,4,0.129,0.002497939858585596,0.002497939858585596,0.029401296749711037,0.5705342292785645,False,t_post_inst,t_inst,False
R_control_preguard,R_harm,5,0.1613,0.011354256421327591,0.011354256421327591,0.029401296749711037,0.5934829115867615,False,t_post_inst,t_inst,False
R_control_preguard,R_harm,6,0.1935,-0.013167375698685646,0.013167375698685646,0.029401296749711037,0.6263803839683533,False,t_post_inst,t_inst,False
R_control_preguard,R_harm,7,0.2258,0.0006459411233663559,0.0006459411233663559,0.029401296749711037,0.6805707216262817,False,t_post_inst,t_inst,False
R_control_preguard,R_harm,8,0.2581,-0.016497844830155373,0.016497844830155373,0.029401296749711037,0.7156590819358826,False,t_post_inst,t_inst,False
R_control_preguard,R_harm,9,0.2903,0.039908140897750854,0.039908140897750854,0.029401296749711037,0.7488994002342224,True,t_post_inst,t_inst,False
R_control_preguard,R_harm,10,0.3226,0.05618564784526825,0.05618564784526825,0.029401296749711037,0.7735151052474976,True,t_post_inst,t_inst,False
R_control_preguard,R_harm,11,0.3548,0.08940823376178741,0.08940823376178741,0.029401296749711037,0.8714947700500488,True,t_post_inst,t_inst,False
R_control_preguard,R_harm,12,0.3871,0.08721664547920227,0.08721664547920227,0.029401296749711037,0.9261474609375,True,t_post_inst,t_inst,False
R_control_preguard,R_harm,13,0.4194,0.06682974845170975,0.06682974845170975,0.029401296749711037,0.9328032732009888,True,t_post_inst,t_inst,False
R_control_preguard,R_harm,14,0.4516,0.044125329703092575,0.044125329703092575,0.029401296749711037,0.9288031458854676,True,t_post_inst,t_inst,False
R_control_preguard,R_harm,15,0.4839,0.05792257934808731,0.05792257934808731,0.029401296749711037,0.9328150749206544,True,t_post_inst,t_inst,False
R_control_preguard,R_harm,16,0.5161,0.10205014795064926,0.10205014795064926,0.029401296749711037,0.9359189867973328,True,t_post_inst,t_inst,False
R_control_preguard,R_harm,17,0.5484,0.12080666422843933,0.12080666422843933,0.029401296749711037,0.9383619427680968,True,t_post_inst,t_inst,False
R_control_preguard,R_harm,18,0.5806,0.13662652671337128,0.13662652671337128,0.029401296749711037,0.9394214749336244,True,t_post_inst,t_inst,False
R_control_preguard,R_harm,19,0.6129,0.15050667524337769,0.15050667524337769,0.029401296749711037,0.9477901458740234,True,t_post_inst,t_inst,False
R_control_preguard,R_harm,20,0.6452,0.1372472196817398,0.1372472196817398,0.029401296749711037,0.9514010548591614,True,t_post_inst,t_inst,False
R_control_preguard,R_harm,21,0.6774,0.1359862983226776,0.1359862983226776,0.029401296749711037,0.9521071314811708,True,t_post_inst,t_inst,False
R_control_preguard,R_harm,22,0.7097,0.1249573677778244,0.1249573677778244,0.029401296749711037,0.9553969502449036,True,t_post_inst,t_inst,False
R_control_preguard,R_harm,23,0.7419,0.13378186523914337,0.13378186523914337,0.029401296749711037,0.9554499387741088,True,t_post_inst,t_inst,False
R_control_preguard,R_harm,24,0.7742,0.13608106970787048,0.13608106970787048,0.029401296749711037,0.9571277499198914,True,t_post_inst,t_inst,False
R_control_preguard,R_harm,25,0.8065,0.13120462000370026,0.13120462000370026,0.029401296749711037,0.9580988883972168,True,t_post_inst,t_inst,False
R_control_preguard,R_harm,26,0.8387,0.2339121401309967,0.2339121401309967,0.029401296749711037,0.958875298500061,True,t_post_inst,t_inst,False
R_control_preguard,R_harm,27,0.871,0.10750189423561096,0.10750189423561096,0.029401296749711037,0.9565235376358032,True,t_post_inst,t_inst,False
R_control_preguard,R_harm,28,0.9032,0.1080000102519989,0.1080000102519989,0.029401296749711037,0.9587808847427368,True,t_post_inst,t_inst,False
R_control_preguard,R_harm,29,0.9355,0.10436641424894333,0.10436641424894333,0.029401296749711037,0.9587553143501282,True,t_post_inst,t_inst,False
R_control_preguard,R_harm,30,0.9677,0.09160414338111877,0.09160414338111877,0.029401296749711037,0.9585607647895812,True,t_post_inst,t_inst,False
R_control_preguard,R_harm,31,1.0,0.012874126434326172,0.012874126434326172,0.029401296749711037,0.9533090591430664,False,t_post_inst,t_inst,False
R_control_preguard,R_harm_at_post,0,0.0,0.22533836960792542,0.22533836960792542,0.029401296749711037,0.4370768070220947,True,t_post_inst,t_post_inst,True
R_control_preguard,R_harm_at_post,1,0.0323,0.284134179353714,0.284134179353714,0.029401296749711037,0.5746245384216309,True,t_post_inst,t_post_inst,True
R_control_preguard,R_harm_at_post,2,0.0645,0.26111099123954773,0.26111099123954773,0.029401296749711037,0.532403826713562,True,t_post_inst,t_post_inst,True
R_control_preguard,R_harm_at_post,3,0.0968,0.1289125680923462,0.1289125680923462,0.029401296749711037,0.5263203978538513,True,t_post_inst,t_post_inst,True
R_control_preguard,R_harm_at_post,4,0.129,0.04014518857002258,0.04014518857002258,0.029401296749711037,0.5705342292785645,True,t_post_inst,t_post_inst,True
R_control_preguard,R_harm_at_post,5,0.1613,-0.008119426667690277,0.008119426667690277,0.029401296749711037,0.5934829115867615,False,t_post_inst,t_post_inst,True
R_control_preguard,R_harm_at_post,6,0.1935,-0.06641705334186554,0.06641705334186554,0.029401296749711037,0.6263803839683533,True,t_post_inst,t_post_inst,True
R_control_preguard,R_harm_at_post,7,0.2258,0.007844191044569016,0.007844191044569016,0.029401296749711037,0.6805707216262817,False,t_post_inst,t_post_inst,True
R_control_preguard,R_harm_at_post,8,0.2581,-0.04788917303085327,0.04788917303085327,0.029401296749711037,0.7156590819358826,True,t_post_inst,t_post_inst,True
R_control_preguard,R_harm_at_post,9,0.2903,0.12824368476867676,0.12824368476867676,0.029401296749711037,0.7488994002342224,True,t_post_inst,t_post_inst,True
R_control_preguard,R_harm_at_post,10,0.3226,0.2587810754776001,0.2587810754776001,0.029401296749711037,0.7735151052474976,True,t_post_inst,t_post_inst,True
R_control_preguard,R_harm_at_post,11,0.3548,0.53046715259552,0.53046715259552,0.029401296749711037,0.8714947700500488,True,t_post_inst,t_post_inst,True
R_control_preguard,R_harm_at_post,12,0.3871,0.6984502077102661,0.6984502077102661,0.029401296749711037,0.9261474609375,True,t_post_inst,t_post_inst,True
R_control_preguard,R_harm_at_post,13,0.4194,0.7253691554069519,0.7253691554069519,0.029401296749711037,0.9328032732009888,True,t_post_inst,t_post_inst,True
R_control_preguard,R_harm_at_post,14,0.4516,0.7182855606079102,0.7182855606079102,0.029401296749711037,0.9288031458854676,True,t_post_inst,t_post_inst,True
R_control_preguard,R_harm_at_post,15,0.4839,0.7095812559127808,0.7095812559127808,0.029401296749711037,0.9328150749206544,True,t_post_inst,t_post_inst,True
R_control_preguard,R_harm_at_post,16,0.5161,0.7067063450813293,0.7067063450813293,0.029401296749711037,0.9359189867973328,True,t_post_inst,t_post_inst,True
R_control_preguard,R_harm_at_post,17,0.5484,0.7189030647277832,0.7189030647277832,0.029401296749711037,0.9383619427680968,True,t_post_inst,t_post_inst,True
R_control_preguard,R_harm_at_post,18,0.5806,0.7179754972457886,0.7179754972457886,0.029401296749711037,0.9394214749336244,True,t_post_inst,t_post_inst,True
R_control_preguard,R_harm_at_post,19,0.6129,0.734583854675293,0.734583854675293,0.029401296749711037,0.9477901458740234,True,t_post_inst,t_post_inst,True
R_control_preguard,R_harm_at_post,20,0.6452,0.7461557984352112,0.7461557984352112,0.029401296749711037,0.9514010548591614,True,t_post_inst,t_post_inst,True
R_control_preguard,R_harm_at_post,21,0.6774,0.744661808013916,0.744661808013916,0.029401296749711037,0.9521071314811708,True,t_post_inst,t_post_inst,True
R_control_preguard,R_harm_at_post,22,0.7097,0.752793550491333,0.752793550491333,0.029401296749711037,0.9553969502449036,True,t_post_inst,t_post_inst,True
R_control_preguard,R_harm_at_post,23,0.7419,0.7607870101928711,0.7607870101928711,0.029401296749711037,0.9554499387741088,True,t_post_inst,t_post_inst,True
R_control_preguard,R_harm_at_post,24,0.7742,0.7739522457122803,0.7739522457122803,0.029401296749711037,0.9571277499198914,True,t_post_inst,t_post_inst,True
R_control_preguard,R_harm_at_post,25,0.8065,0.775475025177002,0.775475025177002,0.029401296749711037,0.9580988883972168,True,t_post_inst,t_post_inst,True
R_control_preguard,R_harm_at_post,26,0.8387,0.7739071846008301,0.7739071846008301,0.029401296749711037,0.958875298500061,True,t_post_inst,t_post_inst,True
R_control_preguard,R_harm_at_post,27,0.871,0.7725944519042969,0.7725944519042969,0.029401296749711037,0.9565235376358032,True,t_post_inst,t_post_inst,True
R_control_preguard,R_harm_at_post,28,0.9032,0.7886682748794556,0.7886682748794556,0.029401296749711037,0.9587808847427368,True,t_post_inst,t_post_inst,True
R_control_preguard,R_harm_at_post,29,0.9355,0.7880421876907349,0.7880421876907349,0.029401296749711037,0.9587553143501282,True,t_post_inst,t_post_inst,True
R_control_preguard,R_harm_at_post,30,0.9677,0.7860533595085144,0.7860533595085144,0.029401296749711037,0.9585607647895812,True,t_post_inst,t_post_inst,True
R_control_preguard,R_harm_at_post,31,1.0,0.7468066215515137,0.7468066215515137,0.029401296749711037,0.9533090591430664,True,t_post_inst,t_post_inst,True
R_control_preguard,R_harm_user,0,0.0,0.2608475983142853,0.2608475983142853,0.029401296749711037,0.4370768070220947,True,t_post_inst,t_inst,False
R_control_preguard,R_harm_user,1,0.0323,0.11353012174367905,0.11353012174367905,0.029401296749711037,0.5746245384216309,True,t_post_inst,t_inst,False
R_control_preguard,R_harm_user,2,0.0645,0.00909253116697073,0.00909253116697073,0.029401296749711037,0.532403826713562,False,t_post_inst,t_inst,False
R_control_preguard,R_harm_user,3,0.0968,0.022417638450860977,0.022417638450860977,0.029401296749711037,0.5263203978538513,False,t_post_inst,t_inst,False
R_control_preguard,R_harm_user,4,0.129,0.0033800655510276556,0.0033800655510276556,0.029401296749711037,0.5705342292785645,False,t_post_inst,t_inst,False
R_control_preguard,R_harm_user,5,0.1613,0.018432173877954483,0.018432173877954483,0.029401296749711037,0.5934829115867615,False,t_post_inst,t_inst,False
R_control_preguard,R_harm_user,6,0.1935,-0.006833681836724281,0.006833681836724281,0.029401296749711037,0.6263803839683533,False,t_post_inst,t_inst,False
R_control_preguard,R_harm_user,7,0.2258,0.004831405356526375,0.004831405356526375,0.029401296749711037,0.6805707216262817,False,t_post_inst,t_inst,False
R_control_preguard,R_harm_user,8,0.2581,-0.005683612078428268,0.005683612078428268,0.029401296749711037,0.7156590819358826,False,t_post_inst,t_inst,False
R_control_preguard,R_harm_user,9,0.2903,0.037784382700920105,0.037784382700920105,0.029401296749711037,0.7488994002342224,True,t_post_inst,t_inst,False
R_control_preguard,R_harm_user,10,0.3226,0.05852869898080826,0.05852869898080826,0.029401296749711037,0.7735151052474976,True,t_post_inst,t_inst,False
R_control_preguard,R_harm_user,11,0.3548,0.09291960299015045,0.09291960299015045,0.029401296749711037,0.8714947700500488,True,t_post_inst,t_inst,False
R_control_preguard,R_harm_user,12,0.3871,0.08749733865261078,0.08749733865261078,0.029401296749711037,0.9261474609375,True,t_post_inst,t_inst,False
R_control_preguard,R_harm_user,13,0.4194,0.0684276670217514,0.0684276670217514,0.029401296749711037,0.9328032732009888,True,t_post_inst,t_inst,False
R_control_preguard,R_harm_user,14,0.4516,0.04523754119873047,0.04523754119873047,0.029401296749711037,0.9288031458854676,True,t_post_inst,t_inst,False
R_control_preguard,R_harm_user,15,0.4839,0.057103004306554794,0.057103004306554794,0.029401296749711037,0.9328150749206544,True,t_post_inst,t_inst,False
R_control_preguard,R_harm_user,16,0.5161,0.10011152923107147,0.10011152923107147,0.029401296749711037,0.9359189867973328,True,t_post_inst,t_inst,False
R_control_preguard,R_harm_user,17,0.5484,0.11108071357011795,0.11108071357011795,0.029401296749711037,0.9383619427680968,True,t_post_inst,t_inst,False
R_control_preguard,R_harm_user,18,0.5806,0.12817296385765076,0.12817296385765076,0.029401296749711037,0.9394214749336244,True,t_post_inst,t_inst,False
R_control_preguard,R_harm_user,19,0.6129,0.14539939165115356,0.14539939165115356,0.029401296749711037,0.9477901458740234,True,t_post_inst,t_inst,False
R_control_preguard,R_harm_user,20,0.6452,0.13035929203033447,0.13035929203033447,0.029401296749711037,0.9514010548591614,True,t_post_inst,t_inst,False
R_control_preguard,R_harm_user,21,0.6774,0.12902355194091797,0.12902355194091797,0.029401296749711037,0.9521071314811708,True,t_post_inst,t_inst,False
R_control_preguard,R_harm_user,22,0.7097,0.11477743834257126,0.11477743834257126,0.029401296749711037,0.9538796544075012,True,t_post_inst,t_inst,False
R_control_preguard,R_harm_user,23,0.7419,0.12415331602096558,0.12415331602096558,0.029401296749711037,0.9473074078559875,True,t_post_inst,t_inst,False
R_control_preguard,R_harm_user,24,0.7742,0.12565940618515015,0.12565940618515015,0.029401296749711037,0.9460396766662598,True,t_post_inst,t_inst,False
R_control_preguard,R_harm_user,25,0.8065,0.12154820561408997,0.12154820561408997,0.029401296749711037,0.9432503581047058,True,t_post_inst,t_inst,False
R_control_preguard,R_harm_user,26,0.8387,0.22876006364822388,0.22876006364822388,0.029401296749711037,0.95539391040802,True,t_post_inst,t_inst,False
R_control_preguard,R_harm_user,27,0.871,0.10156837850809097,0.10156837850809097,0.029401296749711037,0.9429971575737,True,t_post_inst,t_inst,False
R_control_preguard,R_harm_user,28,0.9032,0.09924294799566269,0.09924294799566269,0.029401296749711037,0.9465797543525696,True,t_post_inst,t_inst,False
R_control_preguard,R_harm_user,29,0.9355,0.09881232678890228,0.09881232678890228,0.029401296749711037,0.9492502212524414,True,t_post_inst,t_inst,False
R_control_preguard,R_harm_user,30,0.9677,0.08905687928199768,0.08905687928199768,0.029401296749711037,0.953811526298523,True,t_post_inst,t_inst,False
R_control_preguard,R_harm_user,31,1.0,0.02185889706015587,0.02185889706015587,0.029401296749711037,0.9533090591430664,False,t_post_inst,t_inst,False
R_control_preguard,R_role_assistant_vs_user@t_inst,0,0.0,0.09477553516626358,0.09477553516626358,0.029401296749711037,0.4370768070220947,True,t_post_inst,t_inst,False
R_control_preguard,R_role_assistant_vs_user@t_inst,1,0.0323,-0.03530512750148773,0.03530512750148773,0.029401296749711037,0.5746245384216309,True,t_post_inst,t_inst,False
R_control_preguard,R_role_assistant_vs_user@t_inst,2,0.0645,0.009048924781382084,0.009048924781382084,0.029401296749711037,0.532403826713562,False,t_post_inst,t_inst,False
R_control_preguard,R_role_assistant_vs_user@t_inst,3,0.0968,-0.010860661044716835,0.010860661044716835,0.029401296749711037,0.5263203978538513,False,t_post_inst,t_inst,False
R_control_preguard,R_role_assistant_vs_user@t_inst,4,0.129,0.003730479162186384,0.003730479162186384,0.029401296749711037,0.5705342292785645,False,t_post_inst,t_inst,False
R_control_preguard,R_role_assistant_vs_user@t_inst,5,0.1613,0.016974035650491714,0.016974035650491714,0.029401296749711037,0.5934829115867615,False,t_post_inst,t_inst,False
R_control_preguard,R_role_assistant_vs_user@t_inst,6,0.1935,0.07262210547924042,0.07262210547924042,0.029401296749711037,0.6263803839683533,True,t_post_inst,t_inst,False
R_control_preguard,R_role_assistant_vs_user@t_inst,7,0.2258,0.0326174721121788,0.0326174721121788,0.029401296749711037,0.6805707216262817,True,t_post_inst,t_inst,False
R_control_preguard,R_role_assistant_vs_user@t_inst,8,0.2581,0.0970134511590004,0.0970134511590004,0.029401296749711037,0.7156590819358826,True,t_post_inst,t_inst,False
R_control_preguard,R_role_assistant_vs_user@t_inst,9,0.2903,0.06350182741880417,0.06350182741880417,0.029401296749711037,0.7488994002342224,True,t_post_inst,t_inst,False
R_control_preguard,R_role_assistant_vs_user@t_inst,10,0.3226,0.08435583114624023,0.08435583114624023,0.029401296749711037,0.7735151052474976,True,t_post_inst,t_inst,False
R_control_preguard,R_role_assistant_vs_user@t_inst,11,0.3548,0.08552342653274536,0.08552342653274536,0.029401296749711037,0.8714947700500488,True,t_post_inst,t_inst,False
R_control_preguard,R_role_assistant_vs_user@t_inst,12,0.3871,0.1145298182964325,0.1145298182964325,0.029401296749711037,0.9261474609375,True,t_post_inst,t_inst,False
R_control_preguard,R_role_assistant_vs_user@t_inst,13,0.4194,0.13966026902198792,0.13966026902198792,0.029401296749711037,0.9328032732009888,True,t_post_inst,t_inst,False
R_control_preguard,R_role_assistant_vs_user@t_inst,14,0.4516,0.14421282708644867,0.14421282708644867,0.029401296749711037,0.9288031458854676,True,t_post_inst,t_inst,False
R_control_preguard,R_role_assistant_vs_user@t_inst,15,0.4839,0.09675783663988113,0.09675783663988113,0.029401296749711037,0.9328150749206544,True,t_post_inst,t_inst,False
R_control_preguard,R_role_assistant_vs_user@t_inst,16,0.5161,0.08257701992988586,0.08257701992988586,0.029401296749711037,0.9359189867973328,True,t_post_inst,t_inst,False
R_control_preguard,R_role_assistant_vs_user@t_inst,17,0.5484,0.05332504212856293,0.05332504212856293,0.029401296749711037,0.9383619427680968,True,t_post_inst,t_inst,False
R_control_preguard,R_role_assistant_vs_user@t_inst,18,0.5806,0.062098171561956406,0.062098171561956406,0.029401296749711037,0.9394214749336244,True,t_post_inst,t_inst,False
R_control_preguard,R_role_assistant_vs_user@t_inst,19,0.6129,0.03617945313453674,0.03617945313453674,0.029401296749711037,0.9477901458740234,True,t_post_inst,t_inst,False
R_control_preguard,R_role_assistant_vs_user@t_inst,20,0.6452,0.03792538866400719,0.03792538866400719,0.029401296749711037,0.9514010548591614,True,t_post_inst,t_inst,False
R_control_preguard,R_role_assistant_vs_user@t_inst,21,0.6774,0.031385041773319244,0.031385041773319244,0.029401296749711037,0.9521071314811708,True,t_post_inst,t_inst,False
R_control_preguard,R_role_assistant_vs_user@t_inst,22,0.7097,0.004010439850389957,0.004010439850389957,0.029401296749711037,0.9553969502449036,False,t_post_inst,t_inst,False
R_control_preguard,R_role_assistant_vs_user@t_inst,23,0.7419,0.022923089563846588,0.022923089563846588,0.029401296749711037,0.9554499387741088,False,t_post_inst,t_inst,False
R_control_preguard,R_role_assistant_vs_user@t_inst,24,0.7742,0.026602694764733315,0.026602694764733315,0.029401296749711037,0.9571277499198914,False,t_post_inst,t_inst,False
R_control_preguard,R_role_assistant_vs_user@t_inst,25,0.8065,0.02136676385998726,0.02136676385998726,0.029401296749711037,0.9580988883972168,False,t_post_inst,t_inst,False
R_control_preguard,R_role_assistant_vs_user@t_inst,26,0.8387,-0.05884397402405739,0.05884397402405739,0.029401296749711037,0.958875298500061,True,t_post_inst,t_inst,False
R_control_preguard,R_role_assistant_vs_user@t_inst,27,0.871,0.05154014378786087,0.05154014378786087,0.029401296749711037,0.9565235376358032,True,t_post_inst,t_inst,False
R_control_preguard,R_role_assistant_vs_user@t_inst,28,0.9032,0.02088264748454094,0.02088264748454094,0.029401296749711037,0.9587808847427368,False,t_post_inst,t_inst,False
R_control_preguard,R_role_assistant_vs_user@t_inst,29,0.9355,0.025228161364793777,0.025228161364793777,0.029401296749711037,0.9587553143501282,False,t_post_inst,t_inst,False
R_control_preguard,R_role_assistant_vs_user@t_inst,30,0.9677,0.01360232662409544,0.01360232662409544,0.029401296749711037,0.9585607647895812,False,t_post_inst,t_inst,False
R_control_preguard,R_role_assistant_vs_user@t_inst,31,1.0,-0.06339018046855927,0.06339018046855927,0.029401296749711037,0.9533090591430664,True,t_post_inst,t_inst,False
R_control_preguard,R_role_assistant_vs_user@t_post_inst,0,0.0,0.15558257699012756,0.15558257699012756,0.029401296749711037,0.4370768070220947,True,t_post_inst,t_post_inst,True
R_control_preguard,R_role_assistant_vs_user@t_post_inst,1,0.0323,0.0228569358587265,0.0228569358587265,0.029401296749711037,0.5746245384216309,False,t_post_inst,t_post_inst,True
R_control_preguard,R_role_assistant_vs_user@t_post_inst,2,0.0645,-0.05562395229935646,0.05562395229935646,0.029401296749711037,0.532403826713562,True,t_post_inst,t_post_inst,True
R_control_preguard,R_role_assistant_vs_user@t_post_inst,3,0.0968,-0.14080728590488434,0.14080728590488434,0.029401296749711037,0.5263203978538513,True,t_post_inst,t_post_inst,True
R_control_preguard,R_role_assistant_vs_user@t_post_inst,4,0.129,0.0170779749751091,0.0170779749751091,0.029401296749711037,0.5705342292785645,False,t_post_inst,t_post_inst,True
R_control_preguard,R_role_assistant_vs_user@t_post_inst,5,0.1613,-0.0059996359050273895,0.0059996359050273895,0.029401296749711037,0.5934829115867615,False,t_post_inst,t_post_inst,True
R_control_preguard,R_role_assistant_vs_user@t_post_inst,6,0.1935,0.05051680654287338,0.05051680654287338,0.029401296749711037,0.6263803839683533,True,t_post_inst,t_post_inst,True
R_control_preguard,R_role_assistant_vs_user@t_post_inst,7,0.2258,0.05275700241327286,0.05275700241327286,0.029401296749711037,0.6805707216262817,True,t_post_inst,t_post_inst,True
R_control_preguard,R_role_assistant_vs_user@t_post_inst,8,0.2581,0.12471097707748413,0.12471097707748413,0.029401296749711037,0.7156590819358826,True,t_post_inst,t_post_inst,True
R_control_preguard,R_role_assistant_vs_user@t_post_inst,9,0.2903,0.0814049243927002,0.0814049243927002,0.029401296749711037,0.7488994002342224,True,t_post_inst,t_post_inst,True
R_control_preguard,R_role_assistant_vs_user@t_post_inst,10,0.3226,0.08967609703540802,0.08967609703540802,0.029401296749711037,0.7735151052474976,True,t_post_inst,t_post_inst,True
R_control_preguard,R_role_assistant_vs_user@t_post_inst,11,0.3548,0.13342294096946716,0.13342294096946716,0.029401296749711037,0.8714947700500488,True,t_post_inst,t_post_inst,True
R_control_preguard,R_role_assistant_vs_user@t_post_inst,12,0.3871,0.21888446807861328,0.21888446807861328,0.029401296749711037,0.9261474609375,True,t_post_inst,t_post_inst,True
R_control_preguard,R_role_assistant_vs_user@t_post_inst,13,0.4194,0.2616593539714813,0.2616593539714813,0.029401296749711037,0.9328032732009888,True,t_post_inst,t_post_inst,True
R_control_preguard,R_role_assistant_vs_user@t_post_inst,14,0.4516,0.23833568394184113,0.23833568394184113,0.029401296749711037,0.9288031458854676,True,t_post_inst,t_post_inst,True
R_control_preguard,R_role_assistant_vs_user@t_post_inst,15,0.4839,0.2844799757003784,0.2844799757003784,0.029401296749711037,0.9328150749206544,True,t_post_inst,t_post_inst,True
R_control_preguard,R_role_assistant_vs_user@t_post_inst,16,0.5161,0.3072289228439331,0.3072289228439331,0.029401296749711037,0.9359189867973328,True,t_post_inst,t_post_inst,True
R_control_preguard,R_role_assistant_vs_user@t_post_inst,17,0.5484,0.31574636697769165,0.31574636697769165,0.029401296749711037,0.9383619427680968,True,t_post_inst,t_post_inst,True
R_control_preguard,R_role_assistant_vs_user@t_post_inst,18,0.5806,0.30668485164642334,0.30668485164642334,0.029401296749711037,0.9394214749336244,True,t_post_inst,t_post_inst,True
R_control_preguard,R_role_assistant_vs_user@t_post_inst,19,0.6129,0.2952691316604614,0.2952691316604614,0.029401296749711037,0.9477901458740234,True,t_post_inst,t_post_inst,True
R_control_preguard,R_role_assistant_vs_user@t_post_inst,20,0.6452,0.36892467737197876,0.36892467737197876,0.029401296749711037,0.9514010548591614,True,t_post_inst,t_post_inst,True
R_control_preguard,R_role_assistant_vs_user@t_post_inst,21,0.6774,0.33659934997558594,0.33659934997558594,0.029401296749711037,0.9521071314811708,True,t_post_inst,t_post_inst,True
R_control_preguard,R_role_assistant_vs_user@t_post_inst,22,0.7097,0.2755448520183563,0.2755448520183563,0.029401296749711037,0.9553969502449036,True,t_post_inst,t_post_inst,True
R_control_preguard,R_role_assistant_vs_user@t_post_inst,23,0.7419,0.2670949101448059,0.2670949101448059,0.029401296749711037,0.9554499387741088,True,t_post_inst,t_post_inst,True
R_control_preguard,R_role_assistant_vs_user@t_post_inst,24,0.7742,0.26035594940185547,0.26035594940185547,0.029401296749711037,0.9571277499198914,True,t_post_inst,t_post_inst,True
R_control_preguard,R_role_assistant_vs_user@t_post_inst,25,0.8065,0.24040721356868744,0.24040721356868744,0.029401296749711037,0.9580988883972168,True,t_post_inst,t_post_inst,True
R_control_preguard,R_role_assistant_vs_user@t_post_inst,26,0.8387,0.3235214352607727,0.3235214352607727,0.029401296749711037,0.958875298500061,True,t_post_inst,t_post_inst,True
R_control_preguard,R_role_assistant_vs_user@t_post_inst,27,0.871,0.22053655982017517,0.22053655982017517,0.029401296749711037,0.9565235376358032,True,t_post_inst,t_post_inst,True
R_control_preguard,R_role_assistant_vs_user@t_post_inst,28,0.9032,0.1896917074918747,0.1896917074918747,0.029401296749711037,0.9587808847427368,True,t_post_inst,t_post_inst,True
R_control_preguard,R_role_assistant_vs_user@t_post_inst,29,0.9355,0.17674009501934052,0.17674009501934052,0.029401296749711037,0.9587553143501282,True,t_post_inst,t_post_inst,True
R_control_preguard,R_role_assistant_vs_user@t_post_inst,30,0.9677,0.16069519519805908,0.16069519519805908,0.029401296749711037,0.9585607647895812,True,t_post_inst,t_post_inst,True
R_control_preguard,R_role_assistant_vs_user@t_post_inst,31,1.0,0.22858916223049164,0.22858916223049164,0.029401296749711037,0.9533090591430664,True,t_post_inst,t_post_inst,True
R_control_preguard,R_role_system_vs_user@t_inst,0,0.0,0.07773833721876144,0.07773833721876144,0.029401296749711037,0.4370768070220947,True,t_post_inst,t_inst,False
R_control_preguard,R_role_system_vs_user@t_inst,1,0.0323,-0.016184085980057716,0.016184085980057716,0.029401296749711037,0.5746245384216309,False,t_post_inst,t_inst,False
R_control_preguard,R_role_system_vs_user@t_inst,2,0.0645,0.02198150008916855,0.02198150008916855,0.029401296749711037,0.532403826713562,False,t_post_inst,t_inst,False
R_control_preguard,R_role_system_vs_user@t_inst,3,0.0968,-0.017376601696014404,0.017376601696014404,0.029401296749711037,0.5263203978538513,False,t_post_inst,t_inst,False
R_control_preguard,R_role_system_vs_user@t_inst,4,0.129,-0.032984659075737,0.032984659075737,0.029401296749711037,0.5705342292785645,True,t_post_inst,t_inst,False
R_control_preguard,R_role_system_vs_user@t_inst,5,0.1613,0.010893004015088081,0.010893004015088081,0.029401296749711037,0.5934829115867615,False,t_post_inst,t_inst,False
R_control_preguard,R_role_system_vs_user@t_inst,6,0.1935,0.08110801875591278,0.08110801875591278,0.029401296749711037,0.6263803839683533,True,t_post_inst,t_inst,False
R_control_preguard,R_role_system_vs_user@t_inst,7,0.2258,0.019885823130607605,0.019885823130607605,0.029401296749711037,0.6805707216262817,False,t_post_inst,t_inst,False
R_control_preguard,R_role_system_vs_user@t_inst,8,0.2581,0.13141900300979614,0.13141900300979614,0.029401296749711037,0.7156590819358826,True,t_post_inst,t_inst,False
R_control_preguard,R_role_system_vs_user@t_inst,9,0.2903,0.07230518758296967,0.07230518758296967,0.029401296749711037,0.7488994002342224,True,t_post_inst,t_inst,False
R_control_preguard,R_role_system_vs_user@t_inst,10,0.3226,0.06667637079954147,0.06667637079954147,0.029401296749711037,0.7735151052474976,True,t_post_inst,t_inst,False
R_control_preguard,R_role_system_vs_user@t_inst,11,0.3548,0.06202544644474983,0.06202544644474983,0.029401296749711037,0.8714947700500488,True,t_post_inst,t_inst,False
R_control_preguard,R_role_system_vs_user@t_inst,12,0.3871,0.031828466802835464,0.031828466802835464,0.029401296749711037,0.9261474609375,True,t_post_inst,t_inst,False
R_control_preguard,R_role_system_vs_user@t_inst,13,0.4194,0.07458889484405518,0.07458889484405518,0.029401296749711037,0.9328032732009888,True,t_post_inst,t_inst,False
R_control_preguard,R_role_system_vs_user@t_inst,14,0.4516,0.044389162212610245,0.044389162212610245,0.029401296749711037,0.9288031458854676,True,t_post_inst,t_inst,False
R_control_preguard,R_role_system_vs_user@t_inst,15,0.4839,0.04319414123892784,0.04319414123892784,0.029401296749711037,0.9328150749206544,True,t_post_inst,t_inst,False
R_control_preguard,R_role_system_vs_user@t_inst,16,0.5161,0.029058486223220825,0.029058486223220825,0.029401296749711037,0.9359189867973328,False,t_post_inst,t_inst,False
R_control_preguard,R_role_system_vs_user@t_inst,17,0.5484,0.02081437036395073,0.02081437036395073,0.029401296749711037,0.9383619427680968,False,t_post_inst,t_inst,False
R_control_preguard,R_role_system_vs_user@t_inst,18,0.5806,0.029740959405899048,0.029740959405899048,0.029401296749711037,0.9394214749336244,True,t_post_inst,t_inst,False
R_control_preguard,R_role_system_vs_user@t_inst,19,0.6129,0.01379057951271534,0.01379057951271534,0.029401296749711037,0.9477901458740234,False,t_post_inst,t_inst,False
R_control_preguard,R_role_system_vs_user@t_inst,20,0.6452,0.015146737918257713,0.015146737918257713,0.029401296749711037,0.9514010548591614,False,t_post_inst,t_inst,False
R_control_preguard,R_role_system_vs_user@t_inst,21,0.6774,0.020419485867023468,0.020419485867023468,0.029401296749711037,0.9521071314811708,False,t_post_inst,t_inst,False
R_control_preguard,R_role_system_vs_user@t_inst,22,0.7097,0.02427484840154648,0.02427484840154648,0.029401296749711037,0.9553969502449036,False,t_post_inst,t_inst,False
R_control_preguard,R_role_system_vs_user@t_inst,23,0.7419,0.01901247911155224,0.01901247911155224,0.029401296749711037,0.9554499387741088,False,t_post_inst,t_inst,False
R_control_preguard,R_role_system_vs_user@t_inst,24,0.7742,0.003511158749461174,0.003511158749461174,0.029401296749711037,0.9571277499198914,False,t_post_inst,t_inst,False
R_control_preguard,R_role_system_vs_user@t_inst,25,0.8065,-0.010599672794342041,0.010599672794342041,0.029401296749711037,0.9580988883972168,False,t_post_inst,t_inst,False
R_control_preguard,R_role_system_vs_user@t_inst,26,0.8387,-0.04355551674962044,0.04355551674962044,0.029401296749711037,0.958875298500061,True,t_post_inst,t_inst,False
R_control_preguard,R_role_system_vs_user@t_inst,27,0.871,0.029559506103396416,0.029559506103396416,0.029401296749711037,0.9565235376358032,True,t_post_inst,t_inst,False
R_control_preguard,R_role_system_vs_user@t_inst,28,0.9032,0.01423495914787054,0.01423495914787054,0.029401296749711037,0.9587808847427368,False,t_post_inst,t_inst,False
R_control_preguard,R_role_system_vs_user@t_inst,29,0.9355,0.02979065105319023,0.02979065105319023,0.029401296749711037,0.9587553143501282,True,t_post_inst,t_inst,False
R_control_preguard,R_role_system_vs_user@t_inst,30,0.9677,0.02528967335820198,0.02528967335820198,0.029401296749711037,0.9585607647895812,False,t_post_inst,t_inst,False
R_control_preguard,R_role_system_vs_user@t_inst,31,1.0,0.1223280280828476,0.1223280280828476,0.029401296749711037,0.9533090591430664,True,t_post_inst,t_inst,False
R_control_preguard,R_role_system_vs_user@t_post_inst,0,0.0,0.2001110464334488,0.2001110464334488,0.029401296749711037,0.4370768070220947,True,t_post_inst,t_post_inst,True
R_control_preguard,R_role_system_vs_user@t_post_inst,1,0.0323,-0.11607455462217331,0.11607455462217331,0.029401296749711037,0.5746245384216309,True,t_post_inst,t_post_inst,True
R_control_preguard,R_role_system_vs_user@t_post_inst,2,0.0645,-0.1443282514810562,0.1443282514810562,0.029401296749711037,0.532403826713562,True,t_post_inst,t_post_inst,True
R_control_preguard,R_role_system_vs_user@t_post_inst,3,0.0968,-0.24113601446151733,0.24113601446151733,0.029401296749711037,0.5263203978538513,True,t_post_inst,t_post_inst,True
R_control_preguard,R_role_system_vs_user@t_post_inst,4,0.129,-0.24153533577919006,0.24153533577919006,0.029401296749711037,0.5705342292785645,True,t_post_inst,t_post_inst,True
R_control_preguard,R_role_system_vs_user@t_post_inst,5,0.1613,-0.2977660298347473,0.2977660298347473,0.029401296749711037,0.5934829115867615,True,t_post_inst,t_post_inst,True
R_control_preguard,R_role_system_vs_user@t_post_inst,6,0.1935,-0.373022198677063,0.373022198677063,0.029401296749711037,0.6263803839683533,True,t_post_inst,t_post_inst,True
R_control_preguard,R_role_system_vs_user@t_post_inst,7,0.2258,-0.34220415353775024,0.34220415353775024,0.029401296749711037,0.6805707216262817,True,t_post_inst,t_post_inst,True
R_control_preguard,R_role_system_vs_user@t_post_inst,8,0.2581,-0.32478174567222595,0.32478174567222595,0.029401296749711037,0.7156590819358826,True,t_post_inst,t_post_inst,True
R_control_preguard,R_role_system_vs_user@t_post_inst,9,0.2903,-0.3457626700401306,0.3457626700401306,0.029401296749711037,0.7488994002342224,True,t_post_inst,t_post_inst,True
R_control_preguard,R_role_system_vs_user@t_post_inst,10,0.3226,-0.3482053577899933,0.3482053577899933,0.029401296749711037,0.7735151052474976,True,t_post_inst,t_post_inst,True
R_control_preguard,R_role_system_vs_user@t_post_inst,11,0.3548,-0.289614737033844,0.289614737033844,0.029401296749711037,0.8714947700500488,True,t_post_inst,t_post_inst,True
R_control_preguard,R_role_system_vs_user@t_post_inst,12,0.3871,-0.21699556708335876,0.21699556708335876,0.029401296749711037,0.9261474609375,True,t_post_inst,t_post_inst,True
R_control_preguard,R_role_system_vs_user@t_post_inst,13,0.4194,-0.2921241223812103,0.2921241223812103,0.029401296749711037,0.9328032732009888,True,t_post_inst,t_post_inst,True
R_control_preguard,R_role_system_vs_user@t_post_inst,14,0.4516,-0.28433045744895935,0.28433045744895935,0.029401296749711037,0.9288031458854676,True,t_post_inst,t_post_inst,True
R_control_preguard,R_role_system_vs_user@t_post_inst,15,0.4839,-0.2874992787837982,0.2874992787837982,0.029401296749711037,0.9328150749206544,True,t_post_inst,t_post_inst,True
R_control_preguard,R_role_system_vs_user@t_post_inst,16,0.5161,-0.2408927083015442,0.2408927083015442,0.029401296749711037,0.9359189867973328,True,t_post_inst,t_post_inst,True
R_control_preguard,R_role_system_vs_user@t_post_inst,17,0.5484,-0.2354031503200531,0.2354031503200531,0.029401296749711037,0.9383619427680968,True,t_post_inst,t_post_inst,True
R_control_preguard,R_role_system_vs_user@t_post_inst,18,0.5806,-0.18399573862552643,0.18399573862552643,0.029401296749711037,0.9394214749336244,True,t_post_inst,t_post_inst,True
R_control_preguard,R_role_system_vs_user@t_post_inst,19,0.6129,-0.13283230364322662,0.13283230364322662,0.029401296749711037,0.9477901458740234,True,t_post_inst,t_post_inst,True
R_control_preguard,R_role_system_vs_user@t_post_inst,20,0.6452,-0.15803426504135132,0.15803426504135132,0.029401296749711037,0.9514010548591614,True,t_post_inst,t_post_inst,True
R_control_preguard,R_role_system_vs_user@t_post_inst,21,0.6774,-0.10582812875509262,0.10582812875509262,0.029401296749711037,0.9521071314811708,True,t_post_inst,t_post_inst,True
R_control_preguard,R_role_system_vs_user@t_post_inst,22,0.7097,-0.02415625751018524,0.02415625751018524,0.029401296749711037,0.9553969502449036,False,t_post_inst,t_post_inst,True
R_control_preguard,R_role_system_vs_user@t_post_inst,23,0.7419,-0.024653445929288864,0.024653445929288864,0.029401296749711037,0.9554499387741088,False,t_post_inst,t_post_inst,True
R_control_preguard,R_role_system_vs_user@t_post_inst,24,0.7742,-0.03378875553607941,0.03378875553607941,0.029401296749711037,0.9571277499198914,True,t_post_inst,t_post_inst,True
R_control_preguard,R_role_system_vs_user@t_post_inst,25,0.8065,-0.013445677235722542,0.013445677235722542,0.029401296749711037,0.9580988883972168,False,t_post_inst,t_post_inst,True
R_control_preguard,R_role_system_vs_user@t_post_inst,26,0.8387,0.12646853923797607,0.12646853923797607,0.029401296749711037,0.958875298500061,True,t_post_inst,t_post_inst,True
R_control_preguard,R_role_system_vs_user@t_post_inst,27,0.871,-0.020395096391439438,0.020395096391439438,0.029401296749711037,0.9565235376358032,False,t_post_inst,t_post_inst,True
R_control_preguard,R_role_system_vs_user@t_post_inst,28,0.9032,0.036382026970386505,0.036382026970386505,0.029401296749711037,0.9587808847427368,True,t_post_inst,t_post_inst,True
R_control_preguard,R_role_system_vs_user@t_post_inst,29,0.9355,0.03577205166220665,0.03577205166220665,0.029401296749711037,0.9587553143501282,True,t_post_inst,t_post_inst,True
R_control_preguard,R_role_system_vs_user@t_post_inst,30,0.9677,0.07907238602638245,0.07907238602638245,0.029401296749711037,0.9585607647895812,True,t_post_inst,t_post_inst,True
R_control_preguard,R_role_system_vs_user@t_post_inst,31,1.0,0.045579440891742706,0.045579440891742706,0.029401296749711037,0.9533090591430664,True,t_post_inst,t_post_inst,True
R_control_preguard,R_role_tool_vs_user@t_inst,0,0.0,0.019825860857963562,0.019825860857963562,0.029401296749711037,0.4370768070220947,False,t_post_inst,t_inst,False
R_control_preguard,R_role_tool_vs_user@t_inst,1,0.0323,-0.09110811352729797,0.09110811352729797,0.029401296749711037,0.5746245384216309,True,t_post_inst,t_inst,False
R_control_preguard,R_role_tool_vs_user@t_inst,2,0.0645,-0.013849936425685883,0.013849936425685883,0.029401296749711037,0.532403826713562,False,t_post_inst,t_inst,False
R_control_preguard,R_role_tool_vs_user@t_inst,3,0.0968,-0.015942461788654327,0.015942461788654327,0.029401296749711037,0.5263203978538513,False,t_post_inst,t_inst,False
R_control_preguard,R_role_tool_vs_user@t_inst,4,0.129,0.0024052883964031935,0.0024052883964031935,0.029401296749711037,0.5705342292785645,False,t_post_inst,t_inst,False
R_control_preguard,R_role_tool_vs_user@t_inst,5,0.1613,0.027376962825655937,0.027376962825655937,0.029401296749711037,0.5934829115867615,False,t_post_inst,t_inst,False
R_control_preguard,R_role_tool_vs_user@t_inst,6,0.1935,0.03678090497851372,0.03678090497851372,0.029401296749711037,0.6263803839683533,True,t_post_inst,t_inst,False
R_control_preguard,R_role_tool_vs_user@t_inst,7,0.2258,0.028453949838876724,0.028453949838876724,0.029401296749711037,0.6805707216262817,False,t_post_inst,t_inst,False
R_control_preguard,R_role_tool_vs_user@t_inst,8,0.2581,0.05415721610188484,0.05415721610188484,0.029401296749711037,0.7156590819358826,True,t_post_inst,t_inst,False
R_control_preguard,R_role_tool_vs_user@t_inst,9,0.2903,0.027542687952518463,0.027542687952518463,0.029401296749711037,0.7488994002342224,False,t_post_inst,t_inst,False
R_control_preguard,R_role_tool_vs_user@t_inst,10,0.3226,0.00985751673579216,0.00985751673579216,0.029401296749711037,0.7735151052474976,False,t_post_inst,t_inst,False
R_control_preguard,R_role_tool_vs_user@t_inst,11,0.3548,0.03649403899908066,0.03649403899908066,0.029401296749711037,0.8714947700500488,True,t_post_inst,t_inst,False
R_control_preguard,R_role_tool_vs_user@t_inst,12,0.3871,0.045933786779642105,0.045933786779642105,0.029401296749711037,0.9261474609375,True,t_post_inst,t_inst,False
R_control_preguard,R_role_tool_vs_user@t_inst,13,0.4194,0.01367807574570179,0.01367807574570179,0.029401296749711037,0.9328032732009888,False,t_post_inst,t_inst,False
R_control_preguard,R_role_tool_vs_user@t_inst,14,0.4516,-0.024854563176631927,0.024854563176631927,0.029401296749711037,0.9288031458854676,False,t_post_inst,t_inst,False
R_control_preguard,R_role_tool_vs_user@t_inst,15,0.4839,-0.01142071932554245,0.01142071932554245,0.029401296749711037,0.9328150749206544,False,t_post_inst,t_inst,False
R_control_preguard,R_role_tool_vs_user@t_inst,16,0.5161,0.024063007906079292,0.024063007906079292,0.029401296749711037,0.9359189867973328,False,t_post_inst,t_inst,False
R_control_preguard,R_role_tool_vs_user@t_inst,17,0.5484,0.011594300158321857,0.011594300158321857,0.029401296749711037,0.9383619427680968,False,t_post_inst,t_inst,False
R_control_preguard,R_role_tool_vs_user@t_inst,18,0.5806,0.034455038607120514,0.034455038607120514,0.029401296749711037,0.9394214749336244,True,t_post_inst,t_inst,False
R_control_preguard,R_role_tool_vs_user@t_inst,19,0.6129,0.054281819611787796,0.054281819611787796,0.029401296749711037,0.9477901458740234,True,t_post_inst,t_inst,False
R_control_preguard,R_role_tool_vs_user@t_inst,20,0.6452,0.048109546303749084,0.048109546303749084,0.029401296749711037,0.9514010548591614,True,t_post_inst,t_inst,False
R_control_preguard,R_role_tool_vs_user@t_inst,21,0.6774,0.03523705154657364,0.03523705154657364,0.029401296749711037,0.9521071314811708,True,t_post_inst,t_inst,False
R_control_preguard,R_role_tool_vs_user@t_inst,22,0.7097,0.04556410759687424,0.04556410759687424,0.029401296749711037,0.9553969502449036,True,t_post_inst,t_inst,False
R_control_preguard,R_role_tool_vs_user@t_inst,23,0.7419,0.03241710364818573,0.03241710364818573,0.029401296749711037,0.9554499387741088,True,t_post_inst,t_inst,False
R_control_preguard,R_role_tool_vs_user@t_inst,24,0.7742,0.03608214855194092,0.03608214855194092,0.029401296749711037,0.9571277499198914,True,t_post_inst,t_inst,False
R_control_preguard,R_role_tool_vs_user@t_inst,25,0.8065,0.052773360162973404,0.052773360162973404,0.029401296749711037,0.9580988883972168,True,t_post_inst,t_inst,False
R_control_preguard,R_role_tool_vs_user@t_inst,26,0.8387,0.20550322532653809,0.20550322532653809,0.029401296749711037,0.958875298500061,True,t_post_inst,t_inst,False
R_control_preguard,R_role_tool_vs_user@t_inst,27,0.871,0.03234502673149109,0.03234502673149109,0.029401296749711037,0.9565235376358032,True,t_post_inst,t_inst,False
R_control_preguard,R_role_tool_vs_user@t_inst,28,0.9032,0.05188637226819992,0.05188637226819992,0.029401296749711037,0.9587808847427368,True,t_post_inst,t_inst,False
R_control_preguard,R_role_tool_vs_user@t_inst,29,0.9355,0.06128385663032532,0.06128385663032532,0.029401296749711037,0.9587553143501282,True,t_post_inst,t_inst,False
R_control_preguard,R_role_tool_vs_user@t_inst,30,0.9677,0.06454760581254959,0.06454760581254959,0.029401296749711037,0.9585607647895812,True,t_post_inst,t_inst,False
R_control_preguard,R_role_tool_vs_user@t_inst,31,1.0,0.16549883782863617,0.16549883782863617,0.029401296749711037,0.9533090591430664,True,t_post_inst,t_inst,False
R_control_preguard,R_role_tool_vs_user@t_post_inst,0,0.0,0.00021789222955703735,0.00021789222955703735,0.029401296749711037,0.4370768070220947,False,t_post_inst,t_post_inst,True
R_control_preguard,R_role_tool_vs_user@t_post_inst,1,0.0323,-0.05181128904223442,0.05181128904223442,0.029401296749711037,0.5746245384216309,True,t_post_inst,t_post_inst,True
R_control_preguard,R_role_tool_vs_user@t_post_inst,2,0.0645,-0.015259240753948689,0.015259240753948689,0.029401296749711037,0.532403826713562,False,t_post_inst,t_post_inst,True
R_control_preguard,R_role_tool_vs_user@t_post_inst,3,0.0968,-0.07745406031608582,0.07745406031608582,0.029401296749711037,0.5263203978538513,True,t_post_inst,t_post_inst,True
R_control_preguard,R_role_tool_vs_user@t_post_inst,4,0.129,0.06966482102870941,0.06966482102870941,0.029401296749711037,0.5705342292785645,True,t_post_inst,t_post_inst,True
R_control_preguard,R_role_tool_vs_user@t_post_inst,5,0.1613,0.035472288727760315,0.035472288727760315,0.029401296749711037,0.5934829115867615,True,t_post_inst,t_post_inst,True
R_control_preguard,R_role_tool_vs_user@t_post_inst,6,0.1935,0.10716430842876434,0.10716430842876434,0.029401296749711037,0.6263803839683533,True,t_post_inst,t_post_inst,True
R_control_preguard,R_role_tool_vs_user@t_post_inst,7,0.2258,0.09113071113824844,0.09113071113824844,0.029401296749711037,0.6805707216262817,True,t_post_inst,t_post_inst,True
R_control_preguard,R_role_tool_vs_user@t_post_inst,8,0.2581,0.14099538326263428,0.14099538326263428,0.029401296749711037,0.7156590819358826,True,t_post_inst,t_post_inst,True
R_control_preguard,R_role_tool_vs_user@t_post_inst,9,0.2903,0.11204782128334045,0.11204782128334045,0.029401296749711037,0.7488994002342224,True,t_post_inst,t_post_inst,True
R_control_preguard,R_role_tool_vs_user@t_post_inst,10,0.3226,0.0992516279220581,0.0992516279220581,0.029401296749711037,0.7735151052474976,True,t_post_inst,t_post_inst,True
R_control_preguard,R_role_tool_vs_user@t_post_inst,11,0.3548,0.08531046658754349,0.08531046658754349,0.029401296749711037,0.8714947700500488,True,t_post_inst,t_post_inst,True
R_control_preguard,R_role_tool_vs_user@t_post_inst,12,0.3871,0.13633286952972412,0.13633286952972412,0.029401296749711037,0.9261474609375,True,t_post_inst,t_post_inst,True
R_control_preguard,R_role_tool_vs_user@t_post_inst,13,0.4194,0.22483515739440918,0.22483515739440918,0.029401296749711037,0.9328032732009888,True,t_post_inst,t_post_inst,True
R_control_preguard,R_role_tool_vs_user@t_post_inst,14,0.4516,0.22670978307724,0.22670978307724,0.029401296749711037,0.9288031458854676,True,t_post_inst,t_post_inst,True
R_control_preguard,R_role_tool_vs_user@t_post_inst,15,0.4839,0.2543235719203949,0.2543235719203949,0.029401296749711037,0.9328150749206544,True,t_post_inst,t_post_inst,True
R_control_preguard,R_role_tool_vs_user@t_post_inst,16,0.5161,0.28575599193573,0.28575599193573,0.029401296749711037,0.9359189867973328,True,t_post_inst,t_post_inst,True
R_control_preguard,R_role_tool_vs_user@t_post_inst,17,0.5484,0.27382445335388184,0.27382445335388184,0.029401296749711037,0.9383619427680968,True,t_post_inst,t_post_inst,True
R_control_preguard,R_role_tool_vs_user@t_post_inst,18,0.5806,0.2693783640861511,0.2693783640861511,0.029401296749711037,0.9394214749336244,True,t_post_inst,t_post_inst,True
R_control_preguard,R_role_tool_vs_user@t_post_inst,19,0.6129,0.2645685374736786,0.2645685374736786,0.029401296749711037,0.9477901458740234,True,t_post_inst,t_post_inst,True
R_control_preguard,R_role_tool_vs_user@t_post_inst,20,0.6452,0.3220059275627136,0.3220059275627136,0.029401296749711037,0.9514010548591614,True,t_post_inst,t_post_inst,True
R_control_preguard,R_role_tool_vs_user@t_post_inst,21,0.6774,0.3267485499382019,0.3267485499382019,0.029401296749711037,0.9521071314811708,True,t_post_inst,t_post_inst,True
R_control_preguard,R_role_tool_vs_user@t_post_inst,22,0.7097,0.28246405720710754,0.28246405720710754,0.029401296749711037,0.9553969502449036,True,t_post_inst,t_post_inst,True
R_control_preguard,R_role_tool_vs_user@t_post_inst,23,0.7419,0.26798224449157715,0.26798224449157715,0.029401296749711037,0.9554499387741088,True,t_post_inst,t_post_inst,True
R_control_preguard,R_role_tool_vs_user@t_post_inst,24,0.7742,0.23215217888355255,0.23215217888355255,0.029401296749711037,0.9571277499198914,True,t_post_inst,t_post_inst,True
R_control_preguard,R_role_tool_vs_user@t_post_inst,25,0.8065,0.20707350969314575,0.20707350969314575,0.029401296749711037,0.9580988883972168,True,t_post_inst,t_post_inst,True
R_control_preguard,R_role_tool_vs_user@t_post_inst,26,0.8387,0.19795845448970795,0.19795845448970795,0.029401296749711037,0.958875298500061,True,t_post_inst,t_post_inst,True
R_control_preguard,R_role_tool_vs_user@t_post_inst,27,0.871,0.1924722045660019,0.1924722045660019,0.029401296749711037,0.9565235376358032,True,t_post_inst,t_post_inst,True
R_control_preguard,R_role_tool_vs_user@t_post_inst,28,0.9032,0.12824556231498718,0.12824556231498718,0.029401296749711037,0.9587808847427368,True,t_post_inst,t_post_inst,True
R_control_preguard,R_role_tool_vs_user@t_post_inst,29,0.9355,0.10401786863803864,0.10401786863803864,0.029401296749711037,0.9587553143501282,True,t_post_inst,t_post_inst,True
R_control_preguard,R_role_tool_vs_user@t_post_inst,30,0.9677,0.0901843011379242,0.0901843011379242,0.029401296749711037,0.9585607647895812,True,t_post_inst,t_post_inst,True
R_control_preguard,R_role_tool_vs_user@t_post_inst,31,1.0,0.1288272589445114,0.1288272589445114,0.029401296749711037,0.9533090591430664,True,t_post_inst,t_post_inst,True
R_harm,R_harm_at_post,0,0.0,-0.24909847974777222,0.24909847974777222,0.029401296749711037,0.9797555804252625,True,t_inst,t_post_inst,False
R_harm,R_harm_at_post,1,0.0323,0.02903483808040619,0.02903483808040619,0.029401296749711037,0.9807329177856444,False,t_inst,t_post_inst,False
R_harm,R_harm_at_post,2,0.0645,0.08808323740959167,0.08808323740959167,0.029401296749711037,0.980282187461853,True,t_inst,t_post_inst,False
R_harm,R_harm_at_post,3,0.0968,0.009569106623530388,0.009569106623530388,0.029401296749711037,0.981499195098877,False,t_inst,t_post_inst,False
R_harm,R_harm_at_post,4,0.129,0.06625481694936752,0.06625481694936752,0.029401296749711037,0.9830498695373536,True,t_inst,t_post_inst,False
R_harm,R_harm_at_post,5,0.1613,0.013204103335738182,0.013204103335738182,0.029401296749711037,0.9838279485702516,False,t_inst,t_post_inst,False
R_harm,R_harm_at_post,6,0.1935,0.024355221539735794,0.024355221539735794,0.029401296749711037,0.9830635190010072,False,t_inst,t_post_inst,False
R_harm,R_harm_at_post,7,0.2258,0.07670237123966217,0.07670237123966217,0.029401296749711037,0.9844490885734558,True,t_inst,t_post_inst,False
R_harm,R_harm_at_post,8,0.2581,0.114994116127491,0.114994116127491,0.029401296749711037,0.9844201803207396,True,t_inst,t_post_inst,False
R_harm,R_harm_at_post,9,0.2903,0.11603552103042603,0.11603552103042603,0.029401296749711037,0.9850994348526,True,t_inst,t_post_inst,False
R_harm,R_harm_at_post,10,0.3226,0.21358054876327515,0.21358054876327515,0.029401296749711037,0.986039936542511,True,t_inst,t_post_inst,False
R_harm,R_harm_at_post,11,0.3548,0.17618544399738312,0.17618544399738312,0.029401296749711037,0.9868602752685548,True,t_inst,t_post_inst,False
R_harm,R_harm_at_post,12,0.3871,0.16207380592823029,0.16207380592823029,0.029401296749711037,0.9884082674980164,True,t_inst,t_post_inst,False
R_harm,R_harm_at_post,13,0.4194,0.1496230512857437,0.1496230512857437,0.029401296749711037,0.988928198814392,True,t_inst,t_post_inst,False
R_harm,R_harm_at_post,14,0.4516,0.16589532792568207,0.16589532792568207,0.029401296749711037,0.9900223016738892,True,t_inst,t_post_inst,False
R_harm,R_harm_at_post,15,0.4839,0.1475169062614441,0.1475169062614441,0.029401296749711037,0.9898489713668824,True,t_inst,t_post_inst,False
R_harm,R_harm_at_post,16,0.5161,0.19468781352043152,0.19468781352043152,0.029401296749711037,0.9905144572257996,True,t_inst,t_post_inst,False
R_harm,R_harm_at_post,17,0.5484,0.2096610963344574,0.2096610963344574,0.029401296749711037,0.9910403490066528,True,t_inst,t_post_inst,False
R_harm,R_harm_at_post,18,0.5806,0.2104310840368271,0.2104310840368271,0.029401296749711037,0.9914063215255736,True,t_inst,t_post_inst,False
R_harm,R_harm_at_post,19,0.6129,0.2522789537906647,0.2522789537906647,0.029401296749711037,0.9900060892105104,True,t_inst,t_post_inst,False
R_harm,R_harm_at_post,20,0.6452,0.2271806001663208,0.2271806001663208,0.029401296749711037,0.9894895553588868,True,t_inst,t_post_inst,False
R_harm,R_harm_at_post,21,0.6774,0.22691243886947632,0.22691243886947632,0.029401296749711037,0.9889916181564332,True,t_inst,t_post_inst,False
R_harm,R_harm_at_post,22,0.7097,0.21527661383152008,0.21527661383152008,0.029401296749711037,0.9880410432815552,True,t_inst,t_post_inst,False
R_harm,R_harm_at_post,23,0.7419,0.2131790816783905,0.2131790816783905,0.029401296749711037,0.9866676330566406,True,t_inst,t_post_inst,False
R_harm,R_harm_at_post,24,0.7742,0.2158685177564621,0.2158685177564621,0.029401296749711037,0.9867380857467652,True,t_inst,t_post_inst,False
R_harm,R_harm_at_post,25,0.8065,0.20811574161052704,0.20811574161052704,0.029401296749711037,0.9862659573554992,True,t_inst,t_post_inst,False
R_harm,R_harm_at_post,26,0.8387,0.24795597791671753,0.24795597791671753,0.029401296749711037,0.9890115857124328,True,t_inst,t_post_inst,False
R_harm,R_harm_at_post,27,0.871,0.18622761964797974,0.18622761964797974,0.029401296749711037,0.9857560396194458,True,t_inst,t_post_inst,False
R_harm,R_harm_at_post,28,0.9032,0.1763858199119568,0.1763858199119568,0.029401296749711037,0.9866334795951844,True,t_inst,t_post_inst,False
R_harm,R_harm_at_post,29,0.9355,0.17560704052448273,0.17560704052448273,0.029401296749711037,0.9873052835464478,True,t_inst,t_post_inst,False
R_harm,R_harm_at_post,30,0.9677,0.17927050590515137,0.17927050590515137,0.029401296749711037,0.9884601831436156,True,t_inst,t_post_inst,False
R_harm,R_harm_at_post,31,1.0,0.16070163249969482,0.16070163249969482,0.029401296749711037,0.993017554283142,True,t_inst,t_post_inst,False
R_harm,R_harm_user,0,0.0,0.9988791346549988,0.9988791346549988,0.029401296749711037,0.9917111396789552,True,t_inst,t_inst,True
R_harm,R_harm_user,1,0.0323,0.9967901706695557,0.9967901706695557,0.029401296749711037,0.9868729710578918,True,t_inst,t_inst,True
R_harm,R_harm_user,2,0.0645,0.9827134609222412,0.9827134609222412,0.029401296749711037,0.9500358700752258,True,t_inst,t_inst,True
R_harm,R_harm_user,3,0.0968,0.9905097484588623,0.9905097484588623,0.029401296749711037,0.9657729268074036,True,t_inst,t_inst,True
R_harm,R_harm_user,4,0.129,0.991438090801239,0.991438090801239,0.029401296749711037,0.9643405079841614,True,t_inst,t_inst,True
R_harm,R_harm_user,5,0.1613,0.9879468083381653,0.9879468083381653,0.029401296749711037,0.9511004686355592,True,t_inst,t_inst,True
R_harm,R_harm_user,6,0.1935,0.9886434078216553,0.9886434078216553,0.029401296749711037,0.938425362110138,True,t_inst,t_inst,True
R_harm,R_harm_user,7,0.2258,0.9896605014801025,0.9896605014801025,0.029401296749711037,0.9380353689193726,True,t_inst,t_inst,True
R_harm,R_harm_user,8,0.2581,0.9909189939498901,0.9909189939498901,0.029401296749711037,0.9397829174995422,True,t_inst,t_inst,True
R_harm,R_harm_user,9,0.2903,0.9898179769515991,0.9898179769515991,0.029401296749711037,0.9406668543815612,True,t_inst,t_inst,True
R_harm,R_harm_user,10,0.3226,0.9876015186309814,0.9876015186309814,0.029401296749711037,0.943841814994812,True,t_inst,t_inst,True
R_harm,R_harm_user,11,0.3548,0.9854575395584106,0.9854575395584106,0.029401296749711037,0.946647047996521,True,t_inst,t_inst,True
R_harm,R_harm_user,12,0.3871,0.9840246438980103,0.9840246438980103,0.029401296749711037,0.9525097012519836,True,t_inst,t_inst,True
R_harm,R_harm_user,13,0.4194,0.9820705652236938,0.9820705652236938,0.029401296749711037,0.955252766609192,True,t_inst,t_inst,True
R_harm,R_harm_user,14,0.4516,0.9826245903968811,0.9826245903968811,0.029401296749711037,0.9605939984321594,True,t_inst,t_inst,True
R_harm,R_harm_user,15,0.4839,0.9814938306808472,0.9814938306808472,0.029401296749711037,0.9597479104995728,True,t_inst,t_inst,True
R_harm,R_harm_user,16,0.5161,0.9816910624504089,0.9816910624504089,0.029401296749711037,0.9632683992385864,True,t_inst,t_inst,True
R_harm,R_harm_user,17,0.5484,0.9810599684715271,0.9810599684715271,0.029401296749711037,0.9661420583724976,True,t_inst,t_inst,True
R_harm,R_harm_user,18,0.5806,0.983100175857544,0.983100175857544,0.029401296749711037,0.9683402180671692,True,t_inst,t_inst,True
R_harm,R_harm_user,19,0.6129,0.9832066297531128,0.9832066297531128,0.029401296749711037,0.9622381329536438,True,t_inst,t_inst,True
R_harm,R_harm_user,20,0.6452,0.9824880361557007,0.9824880361557007,0.029401296749711037,0.9604061245918274,True,t_inst,t_inst,True
R_harm,R_harm_user,21,0.6774,0.9822947978973389,0.9822947978973389,0.029401296749711037,0.9582497477531432,True,t_inst,t_inst,True
R_harm,R_harm_user,22,0.7097,0.9821734428405762,0.9821734428405762,0.029401296749711037,0.9538796544075012,True,t_inst,t_inst,True
R_harm,R_harm_user,23,0.7419,0.982782781124115,0.982782781124115,0.029401296749711037,0.9473074078559875,True,t_inst,t_inst,True
R_harm,R_harm_user,24,0.7742,0.9833821654319763,0.9833821654319763,0.029401296749711037,0.9460396766662598,True,t_inst,t_inst,True
R_harm,R_harm_user,25,0.8065,0.9839900732040405,0.9839900732040405,0.029401296749711037,0.9432503581047058,True,t_inst,t_inst,True
R_harm,R_harm_user,26,0.8387,0.9881646037101746,0.9881646037101746,0.029401296749711037,0.95539391040802,True,t_inst,t_inst,True
R_harm,R_harm_user,27,0.871,0.9819085001945496,0.9819085001945496,0.029401296749711037,0.9429971575737,True,t_inst,t_inst,True
R_harm,R_harm_user,28,0.9032,0.9830549955368042,0.9830549955368042,0.029401296749711037,0.9465797543525696,True,t_inst,t_inst,True
R_harm,R_harm_user,29,0.9355,0.9832781553268433,0.9832781553268433,0.029401296749711037,0.9492502212524414,True,t_inst,t_inst,True
R_harm,R_harm_user,30,0.9677,0.982893705368042,0.982893705368042,0.029401296749711037,0.953811526298523,True,t_inst,t_inst,True
R_harm,R_harm_user,31,1.0,0.9863706827163696,0.9863706827163696,0.029401296749711037,0.973361611366272,True,t_inst,t_inst,True
R_harm,R_role_assistant_vs_user@t_inst,0,0.0,0.22947660088539124,0.22947660088539124,0.029401296749711037,0.9979158639907836,True,t_inst,t_inst,True
R_harm,R_role_assistant_vs_user@t_inst,1,0.0323,-0.3530404567718506,0.3530404567718506,0.029401296749711037,0.9967150688171388,True,t_inst,t_inst,True
R_harm,R_role_assistant_vs_user@t_inst,2,0.0645,-0.3076941668987274,0.3076941668987274,0.029401296749711037,0.9872397184371948,True,t_inst,t_inst,True
R_harm,R_role_assistant_vs_user@t_inst,3,0.0968,-0.4125176668167114,0.4125176668167114,0.029401296749711037,0.991634488105774,True,t_inst,t_inst,True
R_harm,R_role_assistant_vs_user@t_inst,4,0.129,-0.3715207874774933,0.3715207874774933,0.029401296749711037,0.9911446571350098,True,t_inst,t_inst,True
R_harm,R_role_assistant_vs_user@t_inst,5,0.1613,-0.1839466691017151,0.1839466691017151,0.029401296749711037,0.9871988296508788,True,t_inst,t_inst,True
R_harm,R_role_assistant_vs_user@t_inst,6,0.1935,-0.14133073389530182,0.14133073389530182,0.029401296749711037,0.9840590357780457,True,t_inst,t_inst,True
R_harm,R_role_assistant_vs_user@t_inst,7,0.2258,-0.16772547364234924,0.16772547364234924,0.029401296749711037,0.9844490885734558,True,t_inst,t_inst,True
R_harm,R_role_assistant_vs_user@t_inst,8,0.2581,-0.2118338942527771,0.2118338942527771,0.029401296749711037,0.984946608543396,True,t_inst,t_inst,True
R_harm,R_role_assistant_vs_user@t_inst,9,0.2903,-0.1993497610092163,0.1993497610092163,0.029401296749711037,0.9853283762931824,True,t_inst,t_inst,True
R_harm,R_role_assistant_vs_user@t_inst,10,0.3226,-0.25995439291000366,0.25995439291000366,0.029401296749711037,0.986039936542511,True,t_inst,t_inst,True
R_harm,R_role_assistant_vs_user@t_inst,11,0.3548,-0.213455930352211,0.213455930352211,0.029401296749711037,0.9868602752685548,True,t_inst,t_inst,True
R_harm,R_role_assistant_vs_user@t_inst,12,0.3871,-0.19555479288101196,0.19555479288101196,0.029401296749711037,0.9884082674980164,True,t_inst,t_inst,True
R_harm,R_role_assistant_vs_user@t_inst,13,0.4194,-0.17831195890903473,0.17831195890903473,0.029401296749711037,0.988928198814392,True,t_inst,t_inst,True
R_harm,R_role_assistant_vs_user@t_inst,14,0.4516,-0.26286929845809937,0.26286929845809937,0.029401296749711037,0.9900223016738892,True,t_inst,t_inst,True
R_harm,R_role_assistant_vs_user@t_inst,15,0.4839,-0.16881683468818665,0.16881683468818665,0.029401296749711037,0.9898489713668824,True,t_inst,t_inst,True
R_harm,R_role_assistant_vs_user@t_inst,16,0.5161,-0.13859540224075317,0.13859540224075317,0.029401296749711037,0.9905144572257996,True,t_inst,t_inst,True
R_harm,R_role_assistant_vs_user@t_inst,17,0.5484,-0.13920357823371887,0.13920357823371887,0.029401296749711037,0.9910403490066528,True,t_inst,t_inst,True
R_harm,R_role_assistant_vs_user@t_inst,18,0.5806,-0.1830359250307083,0.1830359250307083,0.029401296749711037,0.9914063215255736,True,t_inst,t_inst,True
R_harm,R_role_assistant_vs_user@t_inst,19,0.6129,-0.09918629378080368,0.09918629378080368,0.029401296749711037,0.9900060892105104,True,t_inst,t_inst,True
R_harm,R_role_assistant_vs_user@t_inst,20,0.6452,-0.14737796783447266,0.14737796783447266,0.029401296749711037,0.9894895553588868,True,t_inst,t_inst,True
R_harm,R_role_assistant_vs_user@t_inst,21,0.6774,-0.1570168435573578,0.1570168435573578,0.029401296749711037,0.9889916181564332,True,t_inst,t_inst,True
R_harm,R_role_assistant_vs_user@t_inst,22,0.7097,-0.18780440092086792,0.18780440092086792,0.029401296749711037,0.9880410432815552,True,t_inst,t_inst,True
R_harm,R_role_assistant_vs_user@t_inst,23,0.7419,-0.18013638257980347,0.18013638257980347,0.029401296749711037,0.9866676330566406,True,t_inst,t_inst,True
R_harm,R_role_assistant_vs_user@t_inst,24,0.7742,-0.1748725175857544,0.1748725175857544,0.029401296749711037,0.9867380857467652,True,t_inst,t_inst,True
R_harm,R_role_assistant_vs_user@t_inst,25,0.8065,-0.17358948290348053,0.17358948290348053,0.029401296749711037,0.9862659573554992,True,t_inst,t_inst,True
R_harm,R_role_assistant_vs_user@t_inst,26,0.8387,-0.3233555257320404,0.3233555257320404,0.029401296749711037,0.9890115857124328,True,t_inst,t_inst,True
R_harm,R_role_assistant_vs_user@t_inst,27,0.871,-0.17218968272209167,0.17218968272209167,0.029401296749711037,0.9857560396194458,True,t_inst,t_inst,True
R_harm,R_role_assistant_vs_user@t_inst,28,0.9032,-0.12119439989328384,0.12119439989328384,0.029401296749711037,0.9866334795951844,True,t_inst,t_inst,True
R_harm,R_role_assistant_vs_user@t_inst,29,0.9355,-0.09698334336280823,0.09698334336280823,0.029401296749711037,0.9873052835464478,True,t_inst,t_inst,True
R_harm,R_role_assistant_vs_user@t_inst,30,0.9677,-0.058765958994627,0.058765958994627,0.029401296749711037,0.9884601831436156,True,t_inst,t_inst,True
R_harm,R_role_assistant_vs_user@t_inst,31,1.0,0.2304183691740036,0.2304183691740036,0.029401296749711037,0.993017554283142,True,t_inst,t_inst,True
R_harm,R_role_assistant_vs_user@t_post_inst,0,0.0,0.301909476518631,0.301909476518631,0.029401296749711037,0.9979158639907836,True,t_inst,t_post_inst,False
R_harm,R_role_assistant_vs_user@t_post_inst,1,0.0323,0.2002120167016983,0.2002120167016983,0.029401296749711037,0.9967150688171388,True,t_inst,t_post_inst,False
R_harm,R_role_assistant_vs_user@t_post_inst,2,0.0645,-0.062353916466236115,0.062353916466236115,0.029401296749711037,0.9872397184371948,True,t_inst,t_post_inst,False
R_harm,R_role_assistant_vs_user@t_post_inst,3,0.0968,0.09343405067920685,0.09343405067920685,0.029401296749711037,0.991634488105774,True,t_inst,t_post_inst,False
R_harm,R_role_assistant_vs_user@t_post_inst,4,0.129,0.019703174009919167,0.019703174009919167,0.029401296749711037,0.9911446571350098,False,t_inst,t_post_inst,False
R_harm,R_role_assistant_vs_user@t_post_inst,5,0.1613,0.027615420520305634,0.027615420520305634,0.029401296749711037,0.9871988296508788,False,t_inst,t_post_inst,False
R_harm,R_role_assistant_vs_user@t_post_inst,6,0.1935,0.0018502771854400635,0.0018502771854400635,0.029401296749711037,0.9840590357780457,False,t_inst,t_post_inst,False
R_harm,R_role_assistant_vs_user@t_post_inst,7,0.2258,0.003023289144039154,0.003023289144039154,0.029401296749711037,0.9844490885734558,False,t_inst,t_post_inst,False
R_harm,R_role_assistant_vs_user@t_post_inst,8,0.2581,-0.03567339852452278,0.03567339852452278,0.029401296749711037,0.984946608543396,True,t_inst,t_post_inst,False
R_harm,R_role_assistant_vs_user@t_post_inst,9,0.2903,-0.029456716030836105,0.029456716030836105,0.029401296749711037,0.9853283762931824,True,t_inst,t_post_inst,False
R_harm,R_role_assistant_vs_user@t_post_inst,10,0.3226,-0.08300581574440002,0.08300581574440002,0.029401296749711037,0.986039936542511,True,t_inst,t_post_inst,False
R_harm,R_role_assistant_vs_user@t_post_inst,11,0.3548,-0.0385989211499691,0.0385989211499691,0.029401296749711037,0.9868602752685548,True,t_inst,t_post_inst,False
R_harm,R_role_assistant_vs_user@t_post_inst,12,0.3871,-0.032513704150915146,0.032513704150915146,0.029401296749711037,0.9884082674980164,True,t_inst,t_post_inst,False
R_harm,R_role_assistant_vs_user@t_post_inst,13,0.4194,-0.028765080496668816,0.028765080496668816,0.029401296749711037,0.988928198814392,False,t_inst,t_post_inst,False
R_harm,R_role_assistant_vs_user@t_post_inst,14,0.4516,-0.012268388643860817,0.012268388643860817,0.029401296749711037,0.9900223016738892,False,t_inst,t_post_inst,False
R_harm,R_role_assistant_vs_user@t_post_inst,15,0.4839,-0.018957756459712982,0.018957756459712982,0.029401296749711037,0.9898489713668824,False,t_inst,t_post_inst,False
R_harm,R_role_assistant_vs_user@t_post_inst,16,0.5161,-0.02510537952184677,0.02510537952184677,0.029401296749711037,0.9905144572257996,False,t_inst,t_post_inst,False
R_harm,R_role_assistant_vs_user@t_post_inst,17,0.5484,-0.02841520868241787,0.02841520868241787,0.029401296749711037,0.9910403490066528,False,t_inst,t_post_inst,False
R_harm,R_role_assistant_vs_user@t_post_inst,18,0.5806,-0.046150583773851395,0.046150583773851395,0.029401296749711037,0.9914063215255736,True,t_inst,t_post_inst,False
R_harm,R_role_assistant_vs_user@t_post_inst,19,0.6129,-0.03421667590737343,0.03421667590737343,0.029401296749711037,0.9900060892105104,True,t_inst,t_post_inst,False
R_harm,R_role_assistant_vs_user@t_post_inst,20,0.6452,-0.03588155657052994,0.03588155657052994,0.029401296749711037,0.9894895553588868,True,t_inst,t_post_inst,False
R_harm,R_role_assistant_vs_user@t_post_inst,21,0.6774,-0.03588097542524338,0.03588097542524338,0.029401296749711037,0.9889916181564332,True,t_inst,t_post_inst,False
R_harm,R_role_assistant_vs_user@t_post_inst,22,0.7097,-0.08145420253276825,0.08145420253276825,0.029401296749711037,0.9880410432815552,True,t_inst,t_post_inst,False
R_harm,R_role_assistant_vs_user@t_post_inst,23,0.7419,-0.03744194284081459,0.03744194284081459,0.029401296749711037,0.9866676330566406,True,t_inst,t_post_inst,False
R_harm,R_role_assistant_vs_user@t_post_inst,24,0.7742,-0.03471764177083969,0.03471764177083969,0.029401296749711037,0.9867380857467652,True,t_inst,t_post_inst,False
R_harm,R_role_assistant_vs_user@t_post_inst,25,0.8065,-0.026756223291158676,0.026756223291158676,0.029401296749711037,0.9862659573554992,False,t_inst,t_post_inst,False
R_harm,R_role_assistant_vs_user@t_post_inst,26,0.8387,0.2257845103740692,0.2257845103740692,0.029401296749711037,0.9890115857124328,True,t_inst,t_post_inst,False
R_harm,R_role_assistant_vs_user@t_post_inst,27,0.871,-0.02590177394449711,0.02590177394449711,0.029401296749711037,0.9857560396194458,False,t_inst,t_post_inst,False
R_harm,R_role_assistant_vs_user@t_post_inst,28,0.9032,-0.049647293984889984,0.049647293984889984,0.029401296749711037,0.9866334795951844,True,t_inst,t_post_inst,False
R_harm,R_role_assistant_vs_user@t_post_inst,29,0.9355,-0.044801726937294006,0.044801726937294006,0.029401296749711037,0.9873052835464478,True,t_inst,t_post_inst,False
R_harm,R_role_assistant_vs_user@t_post_inst,30,0.9677,-0.05582650750875473,0.05582650750875473,0.029401296749711037,0.9884601831436156,True,t_inst,t_post_inst,False
R_harm,R_role_assistant_vs_user@t_post_inst,31,1.0,-0.15915434062480927,0.15915434062480927,0.029401296749711037,0.993017554283142,True,t_inst,t_post_inst,False
R_harm,R_role_system_vs_user@t_inst,0,0.0,0.26487165689468384,0.26487165689468384,0.029401296749711037,0.9979158639907836,True,t_inst,t_inst,True
R_harm,R_role_system_vs_user@t_inst,1,0.0323,0.06065613031387329,0.06065613031387329,0.029401296749711037,0.9967150688171388,True,t_inst,t_inst,True
R_harm,R_role_system_vs_user@t_inst,2,0.0645,-0.06668815016746521,0.06668815016746521,0.029401296749711037,0.9872397184371948,True,t_inst,t_inst,True
R_harm,R_role_system_vs_user@t_inst,3,0.0968,-0.04378052055835724,0.04378052055835724,0.029401296749711037,0.991634488105774,True,t_inst,t_inst,True
R_harm,R_role_system_vs_user@t_inst,4,0.129,-0.23540867865085602,0.23540867865085602,0.029401296749711037,0.9911446571350098,True,t_inst,t_inst,True
R_harm,R_role_system_vs_user@t_inst,5,0.1613,-0.06597693264484406,0.06597693264484406,0.029401296749711037,0.9871988296508788,True,t_inst,t_inst,True
R_harm,R_role_system_vs_user@t_inst,6,0.1935,-0.012334592640399933,0.012334592640399933,0.029401296749711037,0.9840590357780457,False,t_inst,t_inst,True
R_harm,R_role_system_vs_user@t_inst,7,0.2258,-0.039566848427057266,0.039566848427057266,0.029401296749711037,0.9844490885734558,True,t_inst,t_inst,True
R_harm,R_role_system_vs_user@t_inst,8,0.2581,-0.08652090281248093,0.08652090281248093,0.029401296749711037,0.984946608543396,True,t_inst,t_inst,True
R_harm,R_role_system_vs_user@t_inst,9,0.2903,-0.1259993314743042,0.1259993314743042,0.029401296749711037,0.9853283762931824,True,t_inst,t_inst,True
R_harm,R_role_system_vs_user@t_inst,10,0.3226,-0.15812553465366364,0.15812553465366364,0.029401296749711037,0.986039936542511,True,t_inst,t_inst,True
R_harm,R_role_system_vs_user@t_inst,11,0.3548,-0.12168848514556885,0.12168848514556885,0.029401296749711037,0.9868602752685548,True,t_inst,t_inst,True
R_harm,R_role_system_vs_user@t_inst,12,0.3871,-0.14119088649749756,0.14119088649749756,0.029401296749711037,0.9884082674980164,True,t_inst,t_inst,True
R_harm,R_role_system_vs_user@t_inst,13,0.4194,-0.13208124041557312,0.13208124041557312,0.029401296749711037,0.988928198814392,True,t_inst,t_inst,True
R_harm,R_role_system_vs_user@t_inst,14,0.4516,-0.1799764484167099,0.1799764484167099,0.029401296749711037,0.9900223016738892,True,t_inst,t_inst,True
R_harm,R_role_system_vs_user@t_inst,15,0.4839,-0.09359986335039139,0.09359986335039139,0.029401296749711037,0.9898489713668824,True,t_inst,t_inst,True
R_harm,R_role_system_vs_user@t_inst,16,0.5161,-0.035606008023023605,0.035606008023023605,0.029401296749711037,0.9905144572257996,True,t_inst,t_inst,True
R_harm,R_role_system_vs_user@t_inst,17,0.5484,-0.01952008530497551,0.01952008530497551,0.029401296749711037,0.9910403490066528,False,t_inst,t_inst,True
R_harm,R_role_system_vs_user@t_inst,18,0.5806,-0.011598877608776093,0.011598877608776093,0.029401296749711037,0.9914063215255736,False,t_inst,t_inst,True
R_harm,R_role_system_vs_user@t_inst,19,0.6129,0.027311360463500023,0.027311360463500023,0.029401296749711037,0.9900060892105104,False,t_inst,t_inst,True
R_harm,R_role_system_vs_user@t_inst,20,0.6452,0.03285372257232666,0.03285372257232666,0.029401296749711037,0.9894895553588868,True,t_inst,t_inst,True
R_harm,R_role_system_vs_user@t_inst,21,0.6774,0.024936778470873833,0.024936778470873833,0.029401296749711037,0.9889916181564332,False,t_inst,t_inst,True
R_harm,R_role_system_vs_user@t_inst,22,0.7097,0.07480674237012863,0.07480674237012863,0.029401296749711037,0.9880410432815552,True,t_inst,t_inst,True
R_harm,R_role_system_vs_user@t_inst,23,0.7419,0.040426842868328094,0.040426842868328094,0.029401296749711037,0.9866676330566406,True,t_inst,t_inst,True
R_harm,R_role_system_vs_user@t_inst,24,0.7742,0.011687543243169785,0.011687543243169785,0.029401296749711037,0.9867380857467652,False,t_inst,t_inst,True
R_harm,R_role_system_vs_user@t_inst,25,0.8065,0.026085255667567253,0.026085255667567253,0.029401296749711037,0.9862659573554992,False,t_inst,t_inst,True
R_harm,R_role_system_vs_user@t_inst,26,0.8387,-0.04958486557006836,0.04958486557006836,0.029401296749711037,0.9890115857124328,True,t_inst,t_inst,True
R_harm,R_role_system_vs_user@t_inst,27,0.871,0.06445974111557007,0.06445974111557007,0.029401296749711037,0.9857560396194458,True,t_inst,t_inst,True
R_harm,R_role_system_vs_user@t_inst,28,0.9032,0.06698530167341232,0.06698530167341232,0.029401296749711037,0.9866334795951844,True,t_inst,t_inst,True
R_harm,R_role_system_vs_user@t_inst,29,0.9355,0.05815957486629486,0.05815957486629486,0.029401296749711037,0.9873052835464478,True,t_inst,t_inst,True
R_harm,R_role_system_vs_user@t_inst,30,0.9677,0.042488209903240204,0.042488209903240204,0.029401296749711037,0.9884601831436156,True,t_inst,t_inst,True
R_harm,R_role_system_vs_user@t_inst,31,1.0,0.1064625084400177,0.1064625084400177,0.029401296749711037,0.993017554283142,True,t_inst,t_inst,True
R_harm,R_role_system_vs_user@t_post_inst,0,0.0,0.4654718339443207,0.4654718339443207,0.029401296749711037,0.9979158639907836,True,t_inst,t_post_inst,False
R_harm,R_role_system_vs_user@t_post_inst,1,0.0323,-0.005030889064073563,0.005030889064073563,0.029401296749711037,0.9967150688171388,False,t_inst,t_post_inst,False
R_harm,R_role_system_vs_user@t_post_inst,2,0.0645,-0.05152815207839012,0.05152815207839012,0.029401296749711037,0.9872397184371948,True,t_inst,t_post_inst,False
R_harm,R_role_system_vs_user@t_post_inst,3,0.0968,-0.07441124320030212,0.07441124320030212,0.029401296749711037,0.991634488105774,True,t_inst,t_post_inst,False
R_harm,R_role_system_vs_user@t_post_inst,4,0.129,-0.04990427568554878,0.04990427568554878,0.029401296749711037,0.9911446571350098,True,t_inst,t_post_inst,False
R_harm,R_role_system_vs_user@t_post_inst,5,0.1613,-0.021439891308546066,0.021439891308546066,0.029401296749711037,0.9871988296508788,False,t_inst,t_post_inst,False
R_harm,R_role_system_vs_user@t_post_inst,6,0.1935,0.01421237364411354,0.01421237364411354,0.029401296749711037,0.9840590357780457,False,t_inst,t_post_inst,False
R_harm,R_role_system_vs_user@t_post_inst,7,0.2258,0.048406556248664856,0.048406556248664856,0.029401296749711037,0.9844490885734558,True,t_inst,t_post_inst,False
R_harm,R_role_system_vs_user@t_post_inst,8,0.2581,0.037684887647628784,0.037684887647628784,0.029401296749711037,0.984946608543396,True,t_inst,t_post_inst,False
R_harm,R_role_system_vs_user@t_post_inst,9,0.2903,0.032938942313194275,0.032938942313194275,0.029401296749711037,0.9853283762931824,True,t_inst,t_post_inst,False
R_harm,R_role_system_vs_user@t_post_inst,10,0.3226,-0.0024848170578479767,0.0024848170578479767,0.029401296749711037,0.986039936542511,False,t_inst,t_post_inst,False
R_harm,R_role_system_vs_user@t_post_inst,11,0.3548,0.053435713052749634,0.053435713052749634,0.029401296749711037,0.9868602752685548,True,t_inst,t_post_inst,False
R_harm,R_role_system_vs_user@t_post_inst,12,0.3871,0.035879939794540405,0.035879939794540405,0.029401296749711037,0.9884082674980164,True,t_inst,t_post_inst,False
R_harm,R_role_system_vs_user@t_post_inst,13,0.4194,0.03447861596941948,0.03447861596941948,0.029401296749711037,0.988928198814392,True,t_inst,t_post_inst,False
R_harm,R_role_system_vs_user@t_post_inst,14,0.4516,0.08596445620059967,0.08596445620059967,0.029401296749711037,0.9900223016738892,True,t_inst,t_post_inst,False
R_harm,R_role_system_vs_user@t_post_inst,15,0.4839,0.045785970985889435,0.045785970985889435,0.029401296749711037,0.9898489713668824,True,t_inst,t_post_inst,False
R_harm,R_role_system_vs_user@t_post_inst,16,0.5161,0.020269954577088356,0.020269954577088356,0.029401296749711037,0.9905144572257996,False,t_inst,t_post_inst,False
R_harm,R_role_system_vs_user@t_post_inst,17,0.5484,0.002177257090806961,0.002177257090806961,0.029401296749711037,0.9910403490066528,False,t_inst,t_post_inst,False
R_harm,R_role_system_vs_user@t_post_inst,18,0.5806,0.017624586820602417,0.017624586820602417,0.029401296749711037,0.9914063215255736,False,t_inst,t_post_inst,False
R_harm,R_role_system_vs_user@t_post_inst,19,0.6129,0.02619505673646927,0.02619505673646927,0.029401296749711037,0.9900060892105104,False,t_inst,t_post_inst,False
R_harm,R_role_system_vs_user@t_post_inst,20,0.6452,0.04267978295683861,0.04267978295683861,0.029401296749711037,0.9894895553588868,True,t_inst,t_post_inst,False
R_harm,R_role_system_vs_user@t_post_inst,21,0.6774,0.0355362631380558,0.0355362631380558,0.029401296749711037,0.9889916181564332,True,t_inst,t_post_inst,False
R_harm,R_role_system_vs_user@t_post_inst,22,0.7097,-0.015342873521149158,0.015342873521149158,0.029401296749711037,0.9880410432815552,False,t_inst,t_post_inst,False
R_harm,R_role_system_vs_user@t_post_inst,23,0.7419,0.04376281797885895,0.04376281797885895,0.029401296749711037,0.9866676330566406,True,t_inst,t_post_inst,False
R_harm,R_role_system_vs_user@t_post_inst,24,0.7742,0.05346417427062988,0.05346417427062988,0.029401296749711037,0.9867380857467652,True,t_inst,t_post_inst,False
R_harm,R_role_system_vs_user@t_post_inst,25,0.8065,0.04524609446525574,0.04524609446525574,0.029401296749711037,0.9862659573554992,True,t_inst,t_post_inst,False
R_harm,R_role_system_vs_user@t_post_inst,26,0.8387,0.2951641380786896,0.2951641380786896,0.029401296749711037,0.9890115857124328,True,t_inst,t_post_inst,False
R_harm,R_role_system_vs_user@t_post_inst,27,0.871,0.0541827566921711,0.0541827566921711,0.029401296749711037,0.9857560396194458,True,t_inst,t_post_inst,False
R_harm,R_role_system_vs_user@t_post_inst,28,0.9032,0.032321445643901825,0.032321445643901825,0.029401296749711037,0.9866334795951844,True,t_inst,t_post_inst,False
R_harm,R_role_system_vs_user@t_post_inst,29,0.9355,0.03501281142234802,0.03501281142234802,0.029401296749711037,0.9873052835464478,True,t_inst,t_post_inst,False
R_harm,R_role_system_vs_user@t_post_inst,30,0.9677,0.04035647213459015,0.04035647213459015,0.029401296749711037,0.9884601831436156,True,t_inst,t_post_inst,False
R_harm,R_role_system_vs_user@t_post_inst,31,1.0,-0.12310494482517242,0.12310494482517242,0.029401296749711037,0.993017554283142,True,t_inst,t_post_inst,False
R_harm,R_role_tool_vs_user@t_inst,0,0.0,0.1654234230518341,0.1654234230518341,0.029401296749711037,0.9979158639907836,True,t_inst,t_inst,True
R_harm,R_role_tool_vs_user@t_inst,1,0.0323,-0.3711176812648773,0.3711176812648773,0.029401296749711037,0.9967150688171388,True,t_inst,t_inst,True
R_harm,R_role_tool_vs_user@t_inst,2,0.0645,-0.3168105483055115,0.3168105483055115,0.029401296749711037,0.9872397184371948,True,t_inst,t_inst,True
R_harm,R_role_tool_vs_user@t_inst,3,0.0968,-0.39253664016723633,0.39253664016723633,0.029401296749711037,0.991634488105774,True,t_inst,t_inst,True
R_harm,R_role_tool_vs_user@t_inst,4,0.129,-0.36280426383018494,0.36280426383018494,0.029401296749711037,0.9911446571350098,True,t_inst,t_inst,True
R_harm,R_role_tool_vs_user@t_inst,5,0.1613,-0.1806781142950058,0.1806781142950058,0.029401296749711037,0.9871988296508788,True,t_inst,t_inst,True
R_harm,R_role_tool_vs_user@t_inst,6,0.1935,-0.1523965299129486,0.1523965299129486,0.029401296749711037,0.9840590357780457,True,t_inst,t_inst,True
R_harm,R_role_tool_vs_user@t_inst,7,0.2258,-0.12029679119586945,0.12029679119586945,0.029401296749711037,0.9844490885734558,True,t_inst,t_inst,True
R_harm,R_role_tool_vs_user@t_inst,8,0.2581,-0.10611913353204727,0.10611913353204727,0.029401296749711037,0.984946608543396,True,t_inst,t_inst,True
R_harm,R_role_tool_vs_user@t_inst,9,0.2903,-0.12316950410604477,0.12316950410604477,0.029401296749711037,0.9853283762931824,True,t_inst,t_inst,True
R_harm,R_role_tool_vs_user@t_inst,10,0.3226,-0.15885496139526367,0.15885496139526367,0.029401296749711037,0.986039936542511,True,t_inst,t_inst,True
R_harm,R_role_tool_vs_user@t_inst,11,0.3548,-0.14866885542869568,0.14866885542869568,0.029401296749711037,0.9868602752685548,True,t_inst,t_inst,True
R_harm,R_role_tool_vs_user@t_inst,12,0.3871,-0.12485335767269135,0.12485335767269135,0.029401296749711037,0.9884082674980164,True,t_inst,t_inst,True
R_harm,R_role_tool_vs_user@t_inst,13,0.4194,-0.06991167366504669,0.06991167366504669,0.029401296749711037,0.988928198814392,True,t_inst,t_inst,True
R_harm,R_role_tool_vs_user@t_inst,14,0.4516,-0.014625104144215584,0.014625104144215584,0.029401296749711037,0.9900223016738892,False,t_inst,t_inst,True
R_harm,R_role_tool_vs_user@t_inst,15,0.4839,-0.06010134518146515,0.06010134518146515,0.029401296749711037,0.9898489713668824,True,t_inst,t_inst,True
R_harm,R_role_tool_vs_user@t_inst,16,0.5161,-0.03703513368964195,0.03703513368964195,0.029401296749711037,0.9905144572257996,True,t_inst,t_inst,True
R_harm,R_role_tool_vs_user@t_inst,17,0.5484,-0.006493549793958664,0.006493549793958664,0.029401296749711037,0.9910403490066528,False,t_inst,t_inst,True
R_harm,R_role_tool_vs_user@t_inst,18,0.5806,0.008151517249643803,0.008151517249643803,0.029401296749711037,0.9914063215255736,False,t_inst,t_inst,True
R_harm,R_role_tool_vs_user@t_inst,19,0.6129,-0.01213955506682396,0.01213955506682396,0.029401296749711037,0.9900060892105104,False,t_inst,t_inst,True
R_harm,R_role_tool_vs_user@t_inst,20,0.6452,0.07398020476102829,0.07398020476102829,0.029401296749711037,0.9894895553588868,True,t_inst,t_inst,True
R_harm,R_role_tool_vs_user@t_inst,21,0.6774,0.06561961770057678,0.06561961770057678,0.029401296749711037,0.9889916181564332,True,t_inst,t_inst,True
R_harm,R_role_tool_vs_user@t_inst,22,0.7097,0.06482800841331482,0.06482800841331482,0.029401296749711037,0.9880410432815552,True,t_inst,t_inst,True
R_harm,R_role_tool_vs_user@t_inst,23,0.7419,0.11511600017547607,0.11511600017547607,0.029401296749711037,0.9866676330566406,True,t_inst,t_inst,True
R_harm,R_role_tool_vs_user@t_inst,24,0.7742,0.12333697080612183,0.12333697080612183,0.029401296749711037,0.9867380857467652,True,t_inst,t_inst,True
R_harm,R_role_tool_vs_user@t_inst,25,0.8065,0.13272574543952942,0.13272574543952942,0.029401296749711037,0.9862659573554992,True,t_inst,t_inst,True
R_harm,R_role_tool_vs_user@t_inst,26,0.8387,0.41084200143814087,0.41084200143814087,0.029401296749711037,0.9890115857124328,True,t_inst,t_inst,True
R_harm,R_role_tool_vs_user@t_inst,27,0.871,0.14877313375473022,0.14877313375473022,0.029401296749711037,0.9857560396194458,True,t_inst,t_inst,True
R_harm,R_role_tool_vs_user@t_inst,28,0.9032,0.11670347303152084,0.11670347303152084,0.029401296749711037,0.9866334795951844,True,t_inst,t_inst,True
R_harm,R_role_tool_vs_user@t_inst,29,0.9355,0.08069144189357758,0.08069144189357758,0.029401296749711037,0.9873052835464478,True,t_inst,t_inst,True
R_harm,R_role_tool_vs_user@t_inst,30,0.9677,0.03630562126636505,0.03630562126636505,0.029401296749711037,0.9884601831436156,True,t_inst,t_inst,True
R_harm,R_role_tool_vs_user@t_inst,31,1.0,-0.16161173582077026,0.16161173582077026,0.029401296749711037,0.993017554283142,True,t_inst,t_inst,True
R_harm,R_role_tool_vs_user@t_post_inst,0,0.0,0.37460580468177795,0.37460580468177795,0.029401296749711037,0.9979158639907836,True,t_inst,t_post_inst,False
R_harm,R_role_tool_vs_user@t_post_inst,1,0.0323,-0.11099633574485779,0.11099633574485779,0.029401296749711037,0.9967150688171388,True,t_inst,t_post_inst,False
R_harm,R_role_tool_vs_user@t_post_inst,2,0.0645,-0.12259756028652191,0.12259756028652191,0.029401296749711037,0.9872397184371948,True,t_inst,t_post_inst,False
R_harm,R_role_tool_vs_user@t_post_inst,3,0.0968,0.0469515360891819,0.0469515360891819,0.029401296749711037,0.991634488105774,True,t_inst,t_post_inst,False
R_harm,R_role_tool_vs_user@t_post_inst,4,0.129,-0.004675514064729214,0.004675514064729214,0.029401296749711037,0.9911446571350098,False,t_inst,t_post_inst,False
R_harm,R_role_tool_vs_user@t_post_inst,5,0.1613,-0.005073981359601021,0.005073981359601021,0.029401296749711037,0.9871988296508788,False,t_inst,t_post_inst,False
R_harm,R_role_tool_vs_user@t_post_inst,6,0.1935,-0.020254259929060936,0.020254259929060936,0.029401296749711037,0.9840590357780457,False,t_inst,t_post_inst,False
R_harm,R_role_tool_vs_user@t_post_inst,7,0.2258,-0.002512195147573948,0.002512195147573948,0.029401296749711037,0.9844490885734558,False,t_inst,t_post_inst,False
R_harm,R_role_tool_vs_user@t_post_inst,8,0.2581,-0.02600988745689392,0.02600988745689392,0.029401296749711037,0.984946608543396,False,t_inst,t_post_inst,False
R_harm,R_role_tool_vs_user@t_post_inst,9,0.2903,-0.02089633047580719,0.02089633047580719,0.029401296749711037,0.9853283762931824,False,t_inst,t_post_inst,False
R_harm,R_role_tool_vs_user@t_post_inst,10,0.3226,-0.09798869490623474,0.09798869490623474,0.029401296749711037,0.986039936542511,True,t_inst,t_post_inst,False
R_harm,R_role_tool_vs_user@t_post_inst,11,0.3548,-0.044493481516838074,0.044493481516838074,0.029401296749711037,0.9868602752685548,True,t_inst,t_post_inst,False
R_harm,R_role_tool_vs_user@t_post_inst,12,0.3871,-0.05875682085752487,0.05875682085752487,0.029401296749711037,0.9884082674980164,True,t_inst,t_post_inst,False
R_harm,R_role_tool_vs_user@t_post_inst,13,0.4194,-0.029547832906246185,0.029547832906246185,0.029401296749711037,0.988928198814392,True,t_inst,t_post_inst,False
R_harm,R_role_tool_vs_user@t_post_inst,14,0.4516,-0.062018342316150665,0.062018342316150665,0.029401296749711037,0.9900223016738892,True,t_inst,t_post_inst,False
R_harm,R_role_tool_vs_user@t_post_inst,15,0.4839,-0.02413233369588852,0.02413233369588852,0.029401296749711037,0.9898489713668824,False,t_inst,t_post_inst,False
R_harm,R_role_tool_vs_user@t_post_inst,16,0.5161,-0.04483284428715706,0.04483284428715706,0.029401296749711037,0.9905144572257996,True,t_inst,t_post_inst,False
R_harm,R_role_tool_vs_user@t_post_inst,17,0.5484,-0.044169843196868896,0.044169843196868896,0.029401296749711037,0.9910403490066528,True,t_inst,t_post_inst,False
R_harm,R_role_tool_vs_user@t_post_inst,18,0.5806,-0.06470928341150284,0.06470928341150284,0.029401296749711037,0.9914063215255736,True,t_inst,t_post_inst,False
R_harm,R_role_tool_vs_user@t_post_inst,19,0.6129,-0.10078480839729309,0.10078480839729309,0.029401296749711037,0.9900060892105104,True,t_inst,t_post_inst,False
R_harm,R_role_tool_vs_user@t_post_inst,20,0.6452,-0.07882291078567505,0.07882291078567505,0.029401296749711037,0.9894895553588868,True,t_inst,t_post_inst,False
R_harm,R_role_tool_vs_user@t_post_inst,21,0.6774,-0.06350848823785782,0.06350848823785782,0.029401296749711037,0.9889916181564332,True,t_inst,t_post_inst,False
R_harm,R_role_tool_vs_user@t_post_inst,22,0.7097,-0.055481649935245514,0.055481649935245514,0.029401296749711037,0.9880410432815552,True,t_inst,t_post_inst,False
R_harm,R_role_tool_vs_user@t_post_inst,23,0.7419,-0.08353564143180847,0.08353564143180847,0.029401296749711037,0.9866676330566406,True,t_inst,t_post_inst,False
R_harm,R_role_tool_vs_user@t_post_inst,24,0.7742,-0.08135876804590225,0.08135876804590225,0.029401296749711037,0.9867380857467652,True,t_inst,t_post_inst,False
R_harm,R_role_tool_vs_user@t_post_inst,25,0.8065,-0.07455924898386002,0.07455924898386002,0.029401296749711037,0.9862659573554992,True,t_inst,t_post_inst,False
R_harm,R_role_tool_vs_user@t_post_inst,26,0.8387,-0.043536655604839325,0.043536655604839325,0.029401296749711037,0.9890115857124328,True,t_inst,t_post_inst,False
R_harm,R_role_tool_vs_user@t_post_inst,27,0.871,-0.06951925903558731,0.06951925903558731,0.029401296749711037,0.9857560396194458,True,t_inst,t_post_inst,False
R_harm,R_role_tool_vs_user@t_post_inst,28,0.9032,-0.07278415560722351,0.07278415560722351,0.029401296749711037,0.9866334795951844,True,t_inst,t_post_inst,False
R_harm,R_role_tool_vs_user@t_post_inst,29,0.9355,-0.06650365889072418,0.06650365889072418,0.029401296749711037,0.9873052835464478,True,t_inst,t_post_inst,False
R_harm,R_role_tool_vs_user@t_post_inst,30,0.9677,-0.08553154021501541,0.08553154021501541,0.029401296749711037,0.9884601831436156,True,t_inst,t_post_inst,False
R_harm,R_role_tool_vs_user@t_post_inst,31,1.0,-0.21268761157989502,0.21268761157989502,0.029401296749711037,0.993017554283142,True,t_inst,t_post_inst,False
R_harm_at_post,R_harm_user,0,0.0,-0.24616305530071259,0.24616305530071259,0.029401296749711037,0.9797555804252625,True,t_post_inst,t_inst,False
R_harm_at_post,R_harm_user,1,0.0323,0.0282167699187994,0.0282167699187994,0.029401296749711037,0.9807329177856444,False,t_post_inst,t_inst,False
R_harm_at_post,R_harm_user,2,0.0645,0.09140431880950928,0.09140431880950928,0.029401296749711037,0.9500358700752258,True,t_post_inst,t_inst,False
R_harm_at_post,R_harm_user,3,0.0968,0.007367108948528767,0.007367108948528767,0.029401296749711037,0.9657729268074036,False,t_post_inst,t_inst,False
R_harm_at_post,R_harm_user,4,0.129,0.05880790203809738,0.05880790203809738,0.029401296749711037,0.9643405079841614,True,t_post_inst,t_inst,False
R_harm_at_post,R_harm_user,5,0.1613,0.008455579169094563,0.008455579169094563,0.029401296749711037,0.9511004686355592,False,t_post_inst,t_inst,False
R_harm_at_post,R_harm_user,6,0.1935,0.013116911984980106,0.013116911984980106,0.029401296749711037,0.938425362110138,False,t_post_inst,t_inst,False
R_harm_at_post,R_harm_user,7,0.2258,0.06334598362445831,0.06334598362445831,0.029401296749711037,0.9380353689193726,True,t_post_inst,t_inst,False
R_harm_at_post,R_harm_user,8,0.2581,0.10030166804790497,0.10030166804790497,0.029401296749711037,0.9397829174995422,True,t_post_inst,t_inst,False
R_harm_at_post,R_harm_user,9,0.2903,0.10258854925632477,0.10258854925632477,0.029401296749711037,0.9406668543815612,True,t_post_inst,t_inst,False
R_harm_at_post,R_harm_user,10,0.3226,0.1887248307466507,0.1887248307466507,0.029401296749711037,0.943841814994812,True,t_post_inst,t_inst,False
R_harm_at_post,R_harm_user,11,0.3548,0.1568325012922287,0.1568325012922287,0.029401296749711037,0.946647047996521,True,t_post_inst,t_inst,False
R_harm_at_post,R_harm_user,12,0.3871,0.14603427052497864,0.14603427052497864,0.029401296749711037,0.9525097012519836,True,t_post_inst,t_inst,False
R_harm_at_post,R_harm_user,13,0.4194,0.13831700384616852,0.13831700384616852,0.029401296749711037,0.955252766609192,True,t_post_inst,t_inst,False
R_harm_at_post,R_harm_user,14,0.4516,0.15525685250759125,0.15525685250759125,0.029401296749711037,0.9605939984321594,True,t_post_inst,t_inst,False
R_harm_at_post,R_harm_user,15,0.4839,0.13803716003894806,0.13803716003894806,0.029401296749711037,0.9597479104995728,True,t_post_inst,t_inst,False
R_harm_at_post,R_harm_user,16,0.5161,0.18420907855033875,0.18420907855033875,0.029401296749711037,0.9632683992385864,True,t_post_inst,t_inst,False
R_harm_at_post,R_harm_user,17,0.5484,0.19507376849651337,0.19507376849651337,0.029401296749711037,0.9661420583724976,True,t_post_inst,t_inst,False
R_harm_at_post,R_harm_user,18,0.5806,0.19636192917823792,0.19636192917823792,0.029401296749711037,0.9683402180671692,True,t_post_inst,t_inst,False
R_harm_at_post,R_harm_user,19,0.6129,0.24128344655036926,0.24128344655036926,0.029401296749711037,0.9622381329536438,True,t_post_inst,t_inst,False
R_harm_at_post,R_harm_user,20,0.6452,0.21677497029304504,0.21677497029304504,0.029401296749711037,0.9604061245918274,True,t_post_inst,t_inst,False
R_harm_at_post,R_harm_user,21,0.6774,0.21471738815307617,0.21471738815307617,0.029401296749711037,0.9582497477531432,True,t_post_inst,t_inst,False
R_harm_at_post,R_harm_user,22,0.7097,0.20165987312793732,0.20165987312793732,0.029401296749711037,0.9538796544075012,True,t_post_inst,t_inst,False
R_harm_at_post,R_harm_user,23,0.7419,0.1997019648551941,0.1997019648551941,0.029401296749711037,0.9473074078559875,True,t_post_inst,t_inst,False
R_harm_at_post,R_harm_user,24,0.7742,0.20148992538452148,0.20148992538452148,0.029401296749711037,0.9460396766662598,True,t_post_inst,t_inst,False
R_harm_at_post,R_harm_user,25,0.8065,0.19428139925003052,0.19428139925003052,0.029401296749711037,0.9432503581047058,True,t_post_inst,t_inst,False
R_harm_at_post,R_harm_user,26,0.8387,0.236354798078537,0.236354798078537,0.029401296749711037,0.95539391040802,True,t_post_inst,t_inst,False
R_harm_at_post,R_harm_user,27,0.871,0.17176970839500427,0.17176970839500427,0.029401296749711037,0.9429971575737,True,t_post_inst,t_inst,False
R_harm_at_post,R_harm_user,28,0.9032,0.15682226419448853,0.15682226419448853,0.029401296749711037,0.9465797543525696,True,t_post_inst,t_inst,False
R_harm_at_post,R_harm_user,29,0.9355,0.15835091471672058,0.15835091471672058,0.029401296749711037,0.9492502212524414,True,t_post_inst,t_inst,False
R_harm_at_post,R_harm_user,30,0.9677,0.16515226662158966,0.16515226662158966,0.029401296749711037,0.953811526298523,True,t_post_inst,t_inst,False
R_harm_at_post,R_harm_user,31,1.0,0.147212415933609,0.147212415933609,0.029401296749711037,0.973361611366272,True,t_post_inst,t_inst,False
R_harm_at_post,R_role_assistant_vs_user@t_inst,0,0.0,-0.020388541743159294,0.020388541743159294,0.029401296749711037,0.9797555804252625,False,t_post_inst,t_inst,False
R_harm_at_post,R_role_assistant_vs_user@t_inst,1,0.0323,-0.004985863342881203,0.004985863342881203,0.029401296749711037,0.9807329177856444,False,t_post_inst,t_inst,False
R_harm_at_post,R_role_assistant_vs_user@t_inst,2,0.0645,-0.0007137942593544722,0.0007137942593544722,0.029401296749711037,0.980282187461853,False,t_post_inst,t_inst,False
R_harm_at_post,R_role_assistant_vs_user@t_inst,3,0.0968,0.007426292635500431,0.007426292635500431,0.029401296749711037,0.981499195098877,False,t_post_inst,t_inst,False
R_harm_at_post,R_role_assistant_vs_user@t_inst,4,0.129,-0.0701056718826294,0.0701056718826294,0.029401296749711037,0.9830498695373536,True,t_post_inst,t_inst,False
R_harm_at_post,R_role_assistant_vs_user@t_inst,5,0.1613,-0.02780579961836338,0.02780579961836338,0.029401296749711037,0.9838279485702516,False,t_post_inst,t_inst,False
R_harm_at_post,R_role_assistant_vs_user@t_inst,6,0.1935,-0.0741003155708313,0.0741003155708313,0.029401296749711037,0.9830635190010072,True,t_post_inst,t_inst,False
R_harm_at_post,R_role_assistant_vs_user@t_inst,7,0.2258,-0.030240550637245178,0.030240550637245178,0.029401296749711037,0.9844700694084167,True,t_post_inst,t_inst,False
R_harm_at_post,R_role_assistant_vs_user@t_inst,8,0.2581,-0.06529505550861359,0.06529505550861359,0.029401296749711037,0.9844201803207396,True,t_post_inst,t_inst,False
R_harm_at_post,R_role_assistant_vs_user@t_inst,9,0.2903,-0.022309403866529465,0.022309403866529465,0.029401296749711037,0.9850994348526,False,t_post_inst,t_inst,False
R_harm_at_post,R_role_assistant_vs_user@t_inst,10,0.3226,-0.12445634603500366,0.12445634603500366,0.029401296749711037,0.9895904660224916,True,t_post_inst,t_inst,False
R_harm_at_post,R_role_assistant_vs_user@t_inst,11,0.3548,-0.004659280180931091,0.004659280180931091,0.029401296749711037,0.9919952154159546,False,t_post_inst,t_inst,False
R_harm_at_post,R_role_assistant_vs_user@t_inst,12,0.3871,0.030109092593193054,0.030109092593193054,0.029401296749711037,0.9941493272781372,True,t_post_inst,t_inst,False
R_harm_at_post,R_role_assistant_vs_user@t_inst,13,0.4194,0.05311216413974762,0.05311216413974762,0.029401296749711037,0.9944960474967957,True,t_post_inst,t_inst,False
R_harm_at_post,R_role_assistant_vs_user@t_inst,14,0.4516,0.011750549077987671,0.011750549077987671,0.029401296749711037,0.9943158030509948,False,t_post_inst,t_inst,False
R_harm_at_post,R_role_assistant_vs_user@t_inst,15,0.4839,0.03798794746398926,0.03798794746398926,0.029401296749711037,0.994768500328064,True,t_post_inst,t_inst,False
R_harm_at_post,R_role_assistant_vs_user@t_inst,16,0.5161,0.02784259244799614,0.02784259244799614,0.029401296749711037,0.9952634572982788,False,t_post_inst,t_inst,False
R_harm_at_post,R_role_assistant_vs_user@t_inst,17,0.5484,0.023305201902985573,0.023305201902985573,0.029401296749711037,0.9964505434036256,False,t_post_inst,t_inst,False
R_harm_at_post,R_role_assistant_vs_user@t_inst,18,0.5806,0.07827267795801163,0.07827267795801163,0.029401296749711037,0.9969871640205384,True,t_post_inst,t_inst,False
R_harm_at_post,R_role_assistant_vs_user@t_inst,19,0.6129,0.052130166441202164,0.052130166441202164,0.029401296749711037,0.9968698620796204,True,t_post_inst,t_inst,False
R_harm_at_post,R_role_assistant_vs_user@t_inst,20,0.6452,0.046270206570625305,0.046270206570625305,0.029401296749711037,0.9968277215957642,True,t_post_inst,t_inst,False
R_harm_at_post,R_role_assistant_vs_user@t_inst,21,0.6774,0.05664218217134476,0.05664218217134476,0.029401296749711037,0.9969868659973145,True,t_post_inst,t_inst,False
R_harm_at_post,R_role_assistant_vs_user@t_inst,22,0.7097,0.03879661113023758,0.03879661113023758,0.029401296749711037,0.9971458315849304,True,t_post_inst,t_inst,False
R_harm_at_post,R_role_assistant_vs_user@t_inst,23,0.7419,0.05870877951383591,0.05870877951383591,0.029401296749711037,0.9968315958976746,True,t_post_inst,t_inst,False
R_harm_at_post,R_role_assistant_vs_user@t_inst,24,0.7742,0.05388307943940163,0.05388307943940163,0.029401296749711037,0.996777355670929,True,t_post_inst,t_inst,False
R_harm_at_post,R_role_assistant_vs_user@t_inst,25,0.8065,0.05133388191461563,0.05133388191461563,0.029401296749711037,0.9967182874679564,True,t_post_inst,t_inst,False
R_harm_at_post,R_role_assistant_vs_user@t_inst,26,0.8387,0.01044970192015171,0.01044970192015171,0.029401296749711037,0.9966157674789428,False,t_post_inst,t_inst,False
R_harm_at_post,R_role_assistant_vs_user@t_inst,27,0.871,0.07528628408908844,0.07528628408908844,0.029401296749711037,0.9963158369064332,True,t_post_inst,t_inst,False
R_harm_at_post,R_role_assistant_vs_user@t_inst,28,0.9032,0.021588774397969246,0.021588774397969246,0.029401296749711037,0.9966425895690918,False,t_post_inst,t_inst,False
R_harm_at_post,R_role_assistant_vs_user@t_inst,29,0.9355,0.0452507883310318,0.0452507883310318,0.029401296749711037,0.9964438676834106,True,t_post_inst,t_inst,False
R_harm_at_post,R_role_assistant_vs_user@t_inst,30,0.9677,0.006998211145401001,0.006998211145401001,0.029401296749711037,0.9963407516479492,False,t_post_inst,t_inst,False
R_harm_at_post,R_role_assistant_vs_user@t_inst,31,1.0,0.06947552412748337,0.06947552412748337,0.029401296749711037,0.9956731796264648,True,t_post_inst,t_inst,False
R_harm_at_post,R_role_assistant_vs_user@t_post_inst,0,0.0,-0.14535807073116302,0.14535807073116302,0.029401296749711037,0.9797555804252625,True,t_post_inst,t_post_inst,True
R_harm_at_post,R_role_assistant_vs_user@t_post_inst,1,0.0323,-0.11072324216365814,0.11072324216365814,0.029401296749711037,0.9807329177856444,True,t_post_inst,t_post_inst,True
R_harm_at_post,R_role_assistant_vs_user@t_post_inst,2,0.0645,-0.08710113167762756,0.08710113167762756,0.029401296749711037,0.980282187461853,True,t_post_inst,t_post_inst,True
R_harm_at_post,R_role_assistant_vs_user@t_post_inst,3,0.0968,-0.17049357295036316,0.17049357295036316,0.029401296749711037,0.981499195098877,True,t_post_inst,t_post_inst,True
R_harm_at_post,R_role_assistant_vs_user@t_post_inst,4,0.129,-0.203952357172966,0.203952357172966,0.029401296749711037,0.9830498695373536,True,t_post_inst,t_post_inst,True
R_harm_at_post,R_role_assistant_vs_user@t_post_inst,5,0.1613,-0.17684943974018097,0.17684943974018097,0.029401296749711037,0.9838279485702516,True,t_post_inst,t_post_inst,True
R_harm_at_post,R_role_assistant_vs_user@t_post_inst,6,0.1935,-0.2012968361377716,0.2012968361377716,0.029401296749711037,0.9830635190010072,True,t_post_inst,t_post_inst,True
R_harm_at_post,R_role_assistant_vs_user@t_post_inst,7,0.2258,-0.22137834131717682,0.22137834131717682,0.029401296749711037,0.9844700694084167,True,t_post_inst,t_post_inst,True
R_harm_at_post,R_role_assistant_vs_user@t_post_inst,8,0.2581,-0.23797602951526642,0.23797602951526642,0.029401296749711037,0.9844201803207396,True,t_post_inst,t_post_inst,True
R_harm_at_post,R_role_assistant_vs_user@t_post_inst,9,0.2903,-0.19516593217849731,0.19516593217849731,0.029401296749711037,0.9850994348526,True,t_post_inst,t_post_inst,True
R_harm_at_post,R_role_assistant_vs_user@t_post_inst,10,0.3226,-0.20154964923858643,0.20154964923858643,0.029401296749711037,0.9895904660224916,True,t_post_inst,t_post_inst,True
R_harm_at_post,R_role_assistant_vs_user@t_post_inst,11,0.3548,-0.03052474744617939,0.03052474744617939,0.029401296749711037,0.9919952154159546,True,t_post_inst,t_post_inst,True
R_harm_at_post,R_role_assistant_vs_user@t_post_inst,12,0.3871,0.08594262599945068,0.08594262599945068,0.029401296749711037,0.9941493272781372,True,t_post_inst,t_post_inst,True
R_harm_at_post,R_role_assistant_vs_user@t_post_inst,13,0.4194,0.12867560982704163,0.12867560982704163,0.029401296749711037,0.9944960474967957,True,t_post_inst,t_post_inst,True
R_harm_at_post,R_role_assistant_vs_user@t_post_inst,14,0.4516,0.13056647777557373,0.13056647777557373,0.029401296749711037,0.9943158030509948,True,t_post_inst,t_post_inst,True
R_harm_at_post,R_role_assistant_vs_user@t_post_inst,15,0.4839,0.15884222090244293,0.15884222090244293,0.029401296749711037,0.994768500328064,True,t_post_inst,t_post_inst,True
R_harm_at_post,R_role_assistant_vs_user@t_post_inst,16,0.5161,0.20867133140563965,0.20867133140563965,0.029401296749711037,0.9952634572982788,True,t_post_inst,t_post_inst,True
R_harm_at_post,R_role_assistant_vs_user@t_post_inst,17,0.5484,0.18611031770706177,0.18611031770706177,0.029401296749711037,0.9964505434036256,True,t_post_inst,t_post_inst,True
R_harm_at_post,R_role_assistant_vs_user@t_post_inst,18,0.5806,0.1892605423927307,0.1892605423927307,0.029401296749711037,0.9969871640205384,True,t_post_inst,t_post_inst,True
R_harm_at_post,R_role_assistant_vs_user@t_post_inst,19,0.6129,0.19488543272018433,0.19488543272018433,0.029401296749711037,0.9968698620796204,True,t_post_inst,t_post_inst,True
R_harm_at_post,R_role_assistant_vs_user@t_post_inst,20,0.6452,0.24410057067871094,0.24410057067871094,0.029401296749711037,0.9968277215957642,True,t_post_inst,t_post_inst,True
R_harm_at_post,R_role_assistant_vs_user@t_post_inst,21,0.6774,0.20980927348136902,0.20980927348136902,0.029401296749711037,0.9969868659973145,True,t_post_inst,t_post_inst,True
R_harm_at_post,R_role_assistant_vs_user@t_post_inst,22,0.7097,0.1485917568206787,0.1485917568206787,0.029401296749711037,0.9971458315849304,True,t_post_inst,t_post_inst,True
R_harm_at_post,R_role_assistant_vs_user@t_post_inst,23,0.7419,0.14439278841018677,0.14439278841018677,0.029401296749711037,0.9968315958976746,True,t_post_inst,t_post_inst,True
R_harm_at_post,R_role_assistant_vs_user@t_post_inst,24,0.7742,0.14961199462413788,0.14961199462413788,0.029401296749711037,0.996777355670929,True,t_post_inst,t_post_inst,True
R_harm_at_post,R_role_assistant_vs_user@t_post_inst,25,0.8065,0.14172634482383728,0.14172634482383728,0.029401296749711037,0.9967182874679564,True,t_post_inst,t_post_inst,True
R_harm_at_post,R_role_assistant_vs_user@t_post_inst,26,0.8387,0.18252840638160706,0.18252840638160706,0.029401296749711037,0.9966157674789428,True,t_post_inst,t_post_inst,True
R_harm_at_post,R_role_assistant_vs_user@t_post_inst,27,0.871,0.13438177108764648,0.13438177108764648,0.029401296749711037,0.9963158369064332,True,t_post_inst,t_post_inst,True
R_harm_at_post,R_role_assistant_vs_user@t_post_inst,28,0.9032,0.1438305675983429,0.1438305675983429,0.029401296749711037,0.9966425895690918,True,t_post_inst,t_post_inst,True
R_harm_at_post,R_role_assistant_vs_user@t_post_inst,29,0.9355,0.1330585479736328,0.1330585479736328,0.029401296749711037,0.9964438676834106,True,t_post_inst,t_post_inst,True
R_harm_at_post,R_role_assistant_vs_user@t_post_inst,30,0.9677,0.14307618141174316,0.14307618141174316,0.029401296749711037,0.9963407516479492,True,t_post_inst,t_post_inst,True
R_harm_at_post,R_role_assistant_vs_user@t_post_inst,31,1.0,0.056840404868125916,0.056840404868125916,0.029401296749711037,0.9956731796264648,True,t_post_inst,t_post_inst,True
R_harm_at_post,R_role_system_vs_user@t_inst,0,0.0,-0.03525904193520546,0.03525904193520546,0.029401296749711037,0.9797555804252625,True,t_post_inst,t_inst,False
R_harm_at_post,R_role_system_vs_user@t_inst,1,0.0323,0.035692837089300156,0.035692837089300156,0.029401296749711037,0.9807329177856444,True,t_post_inst,t_inst,False
R_harm_at_post,R_role_system_vs_user@t_inst,2,0.0645,0.02509297989308834,0.02509297989308834,0.029401296749711037,0.980282187461853,False,t_post_inst,t_inst,False
R_harm_at_post,R_role_system_vs_user@t_inst,3,0.0968,0.00031608506105840206,0.00031608506105840206,0.029401296749711037,0.981499195098877,False,t_post_inst,t_inst,False
R_harm_at_post,R_role_system_vs_user@t_inst,4,0.129,-0.012763562612235546,0.012763562612235546,0.029401296749711037,0.9830498695373536,False,t_post_inst,t_inst,False
R_harm_at_post,R_role_system_vs_user@t_inst,5,0.1613,0.06209069490432739,0.06209069490432739,0.029401296749711037,0.9838279485702516,True,t_post_inst,t_inst,False
R_harm_at_post,R_role_system_vs_user@t_inst,6,0.1935,-0.027398953214287758,0.027398953214287758,0.029401296749711037,0.9830635190010072,False,t_post_inst,t_inst,False
R_harm_at_post,R_role_system_vs_user@t_inst,7,0.2258,-0.029079284518957138,0.029079284518957138,0.029401296749711037,0.9844700694084167,False,t_post_inst,t_inst,False
R_harm_at_post,R_role_system_vs_user@t_inst,8,0.2581,-0.11005884408950806,0.11005884408950806,0.029401296749711037,0.9844201803207396,True,t_post_inst,t_inst,False
R_harm_at_post,R_role_system_vs_user@t_inst,9,0.2903,-0.0629209578037262,0.0629209578037262,0.029401296749711037,0.9850994348526,True,t_post_inst,t_inst,False
R_harm_at_post,R_role_system_vs_user@t_inst,10,0.3226,-0.13362529873847961,0.13362529873847961,0.029401296749711037,0.9895904660224916,True,t_post_inst,t_inst,False
R_harm_at_post,R_role_system_vs_user@t_inst,11,0.3548,0.014067484065890312,0.014067484065890312,0.029401296749711037,0.9919952154159546,False,t_post_inst,t_inst,False
R_harm_at_post,R_role_system_vs_user@t_inst,12,0.3871,0.0016673645004630089,0.0016673645004630089,0.029401296749711037,0.9941493272781372,False,t_post_inst,t_inst,False
R_harm_at_post,R_role_system_vs_user@t_inst,13,0.4194,0.025030629709362984,0.025030629709362984,0.029401296749711037,0.9944960474967957,False,t_post_inst,t_inst,False
R_harm_at_post,R_role_system_vs_user@t_inst,14,0.4516,-0.019910594448447227,0.019910594448447227,0.029401296749711037,0.9943158030509948,False,t_post_inst,t_inst,False
R_harm_at_post,R_role_system_vs_user@t_inst,15,0.4839,-0.00602373294532299,0.00602373294532299,0.029401296749711037,0.994768500328064,False,t_post_inst,t_inst,False
R_harm_at_post,R_role_system_vs_user@t_inst,16,0.5161,0.019579553976655006,0.019579553976655006,0.029401296749711037,0.9952634572982788,False,t_post_inst,t_inst,False
R_harm_at_post,R_role_system_vs_user@t_inst,17,0.5484,0.020086200907826424,0.020086200907826424,0.029401296749711037,0.9964505434036256,False,t_post_inst,t_inst,False
R_harm_at_post,R_role_system_vs_user@t_inst,18,0.5806,0.053253598511219025,0.053253598511219025,0.029401296749711037,0.9969871640205384,True,t_post_inst,t_inst,False
R_harm_at_post,R_role_system_vs_user@t_inst,19,0.6129,0.026335468515753746,0.026335468515753746,0.029401296749711037,0.9968698620796204,False,t_post_inst,t_inst,False
R_harm_at_post,R_role_system_vs_user@t_inst,20,0.6452,0.03820131719112396,0.03820131719112396,0.029401296749711037,0.9968277215957642,True,t_post_inst,t_inst,False
R_harm_at_post,R_role_system_vs_user@t_inst,21,0.6774,0.03398536890745163,0.03398536890745163,0.029401296749711037,0.9969868659973145,True,t_post_inst,t_inst,False
R_harm_at_post,R_role_system_vs_user@t_inst,22,0.7097,0.042894553393125534,0.042894553393125534,0.029401296749711037,0.9971458315849304,True,t_post_inst,t_inst,False
R_harm_at_post,R_role_system_vs_user@t_inst,23,0.7419,0.03614024817943573,0.03614024817943573,0.029401296749711037,0.9968315958976746,True,t_post_inst,t_inst,False
R_harm_at_post,R_role_system_vs_user@t_inst,24,0.7742,0.016809232532978058,0.016809232532978058,0.029401296749711037,0.996777355670929,False,t_post_inst,t_inst,False
R_harm_at_post,R_role_system_vs_user@t_inst,25,0.8065,0.007094889879226685,0.007094889879226685,0.029401296749711037,0.9967182874679564,False,t_post_inst,t_inst,False
R_harm_at_post,R_role_system_vs_user@t_inst,26,0.8387,-0.0089212441816926,0.0089212441816926,0.029401296749711037,0.9966157674789428,False,t_post_inst,t_inst,False
R_harm_at_post,R_role_system_vs_user@t_inst,27,0.871,0.026367157697677612,0.026367157697677612,0.029401296749711037,0.9963158369064332,False,t_post_inst,t_inst,False
R_harm_at_post,R_role_system_vs_user@t_inst,28,0.9032,-3.249396104365587e-05,3.249396104365587e-05,0.029401296749711037,0.9966425895690918,False,t_post_inst,t_inst,False
R_harm_at_post,R_role_system_vs_user@t_inst,29,0.9355,0.013865839689970016,0.013865839689970016,0.029401296749711037,0.9964438676834106,False,t_post_inst,t_inst,False
R_harm_at_post,R_role_system_vs_user@t_inst,30,0.9677,0.007411573082208633,0.007411573082208633,0.029401296749711037,0.9963407516479492,False,t_post_inst,t_inst,False
R_harm_at_post,R_role_system_vs_user@t_inst,31,1.0,0.09575755894184113,0.09575755894184113,0.029401296749711037,0.9956731796264648,True,t_post_inst,t_inst,False
R_harm_at_post,R_role_system_vs_user@t_post_inst,0,0.0,-0.3379877805709839,0.3379877805709839,0.029401296749711037,0.9797555804252625,True,t_post_inst,t_post_inst,True
R_harm_at_post,R_role_system_vs_user@t_post_inst,1,0.0323,-0.2748519778251648,0.2748519778251648,0.029401296749711037,0.9807329177856444,True,t_post_inst,t_post_inst,True
R_harm_at_post,R_role_system_vs_user@t_post_inst,2,0.0645,-0.11161981523036957,0.11161981523036957,0.029401296749711037,0.980282187461853,True,t_post_inst,t_post_inst,True
R_harm_at_post,R_role_system_vs_user@t_post_inst,3,0.0968,-0.038008756935596466,0.038008756935596466,0.029401296749711037,0.981499195098877,True,t_post_inst,t_post_inst,True
R_harm_at_post,R_role_system_vs_user@t_post_inst,4,0.129,0.009290918707847595,0.009290918707847595,0.029401296749711037,0.9830498695373536,False,t_post_inst,t_post_inst,True
R_harm_at_post,R_role_system_vs_user@t_post_inst,5,0.1613,0.09742927551269531,0.09742927551269531,0.029401296749711037,0.9838279485702516,True,t_post_inst,t_post_inst,True
R_harm_at_post,R_role_system_vs_user@t_post_inst,6,0.1935,0.19496235251426697,0.19496235251426697,0.029401296749711037,0.9830635190010072,True,t_post_inst,t_post_inst,True
R_harm_at_post,R_role_system_vs_user@t_post_inst,7,0.2258,0.1912812888622284,0.1912812888622284,0.029401296749711037,0.9844700694084167,True,t_post_inst,t_post_inst,True
R_harm_at_post,R_role_system_vs_user@t_post_inst,8,0.2581,0.14288973808288574,0.14288973808288574,0.029401296749711037,0.9844201803207396,True,t_post_inst,t_post_inst,True
R_harm_at_post,R_role_system_vs_user@t_post_inst,9,0.2903,0.10163290798664093,0.10163290798664093,0.029401296749711037,0.9850994348526,True,t_post_inst,t_post_inst,True
R_harm_at_post,R_role_system_vs_user@t_post_inst,10,0.3226,0.03037119470536709,0.03037119470536709,0.029401296749711037,0.9895904660224916,True,t_post_inst,t_post_inst,True
R_harm_at_post,R_role_system_vs_user@t_post_inst,11,0.3548,0.0004654480144381523,0.0004654480144381523,0.029401296749711037,0.9919952154159546,False,t_post_inst,t_post_inst,True
R_harm_at_post,R_role_system_vs_user@t_post_inst,12,0.3871,-0.007962003350257874,0.007962003350257874,0.029401296749711037,0.9941493272781372,False,t_post_inst,t_post_inst,True
R_harm_at_post,R_role_system_vs_user@t_post_inst,13,0.4194,-0.0893232524394989,0.0893232524394989,0.029401296749711037,0.9944960474967957,True,t_post_inst,t_post_inst,True
R_harm_at_post,R_role_system_vs_user@t_post_inst,14,0.4516,-0.08242128789424896,0.08242128789424896,0.029401296749711037,0.9943158030509948,True,t_post_inst,t_post_inst,True
R_harm_at_post,R_role_system_vs_user@t_post_inst,15,0.4839,-0.15191519260406494,0.15191519260406494,0.029401296749711037,0.994768500328064,True,t_post_inst,t_post_inst,True
R_harm_at_post,R_role_system_vs_user@t_post_inst,16,0.5161,-0.1462930142879486,0.1462930142879486,0.029401296749711037,0.9952634572982788,True,t_post_inst,t_post_inst,True
R_harm_at_post,R_role_system_vs_user@t_post_inst,17,0.5484,-0.12583069503307343,0.12583069503307343,0.029401296749711037,0.9964505434036256,True,t_post_inst,t_post_inst,True
R_harm_at_post,R_role_system_vs_user@t_post_inst,18,0.5806,-0.0874112993478775,0.0874112993478775,0.029401296749711037,0.9969871640205384,True,t_post_inst,t_post_inst,True
R_harm_at_post,R_role_system_vs_user@t_post_inst,19,0.6129,-0.056735165417194366,0.056735165417194366,0.029401296749711037,0.9968698620796204,True,t_post_inst,t_post_inst,True
R_harm_at_post,R_role_system_vs_user@t_post_inst,20,0.6452,-0.07836610823869705,0.07836610823869705,0.029401296749711037,0.9968277215957642,True,t_post_inst,t_post_inst,True
R_harm_at_post,R_role_system_vs_user@t_post_inst,21,0.6774,-0.019753172993659973,0.019753172993659973,0.029401296749711037,0.9969868659973145,False,t_post_inst,t_post_inst,True
R_harm_at_post,R_role_system_vs_user@t_post_inst,22,0.7097,0.021585259586572647,0.021585259586572647,0.029401296749711037,0.9971458315849304,False,t_post_inst,t_post_inst,True
R_harm_at_post,R_role_system_vs_user@t_post_inst,23,0.7419,0.04108811169862747,0.04108811169862747,0.029401296749711037,0.9968315958976746,True,t_post_inst,t_post_inst,True
R_harm_at_post,R_role_system_vs_user@t_post_inst,24,0.7742,0.030035873875021935,0.030035873875021935,0.029401296749711037,0.996777355670929,True,t_post_inst,t_post_inst,True
R_harm_at_post,R_role_system_vs_user@t_post_inst,25,0.8065,0.04422362893819809,0.04422362893819809,0.029401296749711037,0.9967182874679564,True,t_post_inst,t_post_inst,True
R_harm_at_post,R_role_system_vs_user@t_post_inst,26,0.8387,0.1087021753191948,0.1087021753191948,0.029401296749711037,0.9966157674789428,True,t_post_inst,t_post_inst,True
R_harm_at_post,R_role_system_vs_user@t_post_inst,27,0.871,0.03872503340244293,0.03872503340244293,0.029401296749711037,0.9963158369064332,True,t_post_inst,t_post_inst,True
R_harm_at_post,R_role_system_vs_user@t_post_inst,28,0.9032,0.10488931089639664,0.10488931089639664,0.029401296749711037,0.9966425895690918,True,t_post_inst,t_post_inst,True
R_harm_at_post,R_role_system_vs_user@t_post_inst,29,0.9355,0.09311707317829132,0.09311707317829132,0.029401296749711037,0.9964438676834106,True,t_post_inst,t_post_inst,True
R_harm_at_post,R_role_system_vs_user@t_post_inst,30,0.9677,0.12986522912979126,0.12986522912979126,0.029401296749711037,0.9963407516479492,True,t_post_inst,t_post_inst,True
R_harm_at_post,R_role_system_vs_user@t_post_inst,31,1.0,-0.07038276642560959,0.07038276642560959,0.029401296749711037,0.9956731796264648,True,t_post_inst,t_post_inst,True
R_harm_at_post,R_role_tool_vs_user@t_inst,0,0.0,-0.03758740797638893,0.03758740797638893,0.029401296749711037,0.9797555804252625,True,t_post_inst,t_inst,False
R_harm_at_post,R_role_tool_vs_user@t_inst,1,0.0323,-0.04091183841228485,0.04091183841228485,0.029401296749711037,0.9807329177856444,True,t_post_inst,t_inst,False
R_harm_at_post,R_role_tool_vs_user@t_inst,2,0.0645,-0.04169636219739914,0.04169636219739914,0.029401296749711037,0.980282187461853,True,t_post_inst,t_inst,False
R_harm_at_post,R_role_tool_vs_user@t_inst,3,0.0968,-0.02698575332760811,0.02698575332760811,0.029401296749711037,0.981499195098877,False,t_post_inst,t_inst,False
R_harm_at_post,R_role_tool_vs_user@t_inst,4,0.129,-0.057440005242824554,0.057440005242824554,0.029401296749711037,0.9830498695373536,True,t_post_inst,t_inst,False
R_harm_at_post,R_role_tool_vs_user@t_inst,5,0.1613,-0.00868314504623413,0.00868314504623413,0.029401296749711037,0.9838279485702516,False,t_post_inst,t_inst,False
R_harm_at_post,R_role_tool_vs_user@t_inst,6,0.1935,-0.04027273878455162,0.04027273878455162,0.029401296749711037,0.9830635190010072,True,t_post_inst,t_inst,False
R_harm_at_post,R_role_tool_vs_user@t_inst,7,0.2258,-0.013133464381098747,0.013133464381098747,0.029401296749711037,0.9844700694084167,False,t_post_inst,t_inst,False
R_harm_at_post,R_role_tool_vs_user@t_inst,8,0.2581,-0.0394006073474884,0.0394006073474884,0.029401296749711037,0.9844201803207396,True,t_post_inst,t_inst,False
R_harm_at_post,R_role_tool_vs_user@t_inst,9,0.2903,-0.03302030265331268,0.03302030265331268,0.029401296749711037,0.9850994348526,True,t_post_inst,t_inst,False
R_harm_at_post,R_role_tool_vs_user@t_inst,10,0.3226,-0.04701928421854973,0.04701928421854973,0.029401296749711037,0.9895904660224916,True,t_post_inst,t_inst,False
R_harm_at_post,R_role_tool_vs_user@t_inst,11,0.3548,-0.0423557311296463,0.0423557311296463,0.029401296749711037,0.9919952154159546,True,t_post_inst,t_inst,False
R_harm_at_post,R_role_tool_vs_user@t_inst,12,0.3871,-0.022236239165067673,0.022236239165067673,0.029401296749711037,0.9941493272781372,False,t_post_inst,t_inst,False
R_harm_at_post,R_role_tool_vs_user@t_inst,13,0.4194,-0.024834977462887764,0.024834977462887764,0.029401296749711037,0.9944960474967957,False,t_post_inst,t_inst,False
R_harm_at_post,R_role_tool_vs_user@t_inst,14,0.4516,-0.003839748678728938,0.003839748678728938,0.029401296749711037,0.9943158030509948,False,t_post_inst,t_inst,False
R_harm_at_post,R_role_tool_vs_user@t_inst,15,0.4839,-0.014809269458055496,0.014809269458055496,0.029401296749711037,0.994768500328064,False,t_post_inst,t_inst,False
R_harm_at_post,R_role_tool_vs_user@t_inst,16,0.5161,0.007561013102531433,0.007561013102531433,0.029401296749711037,0.9952634572982788,False,t_post_inst,t_inst,False
R_harm_at_post,R_role_tool_vs_user@t_inst,17,0.5484,0.00935152918100357,0.00935152918100357,0.029401296749711037,0.9964505434036256,False,t_post_inst,t_inst,False
R_harm_at_post,R_role_tool_vs_user@t_inst,18,0.5806,0.0023926100693643093,0.0023926100693643093,0.029401296749711037,0.9969871640205384,False,t_post_inst,t_inst,False
R_harm_at_post,R_role_tool_vs_user@t_inst,19,0.6129,0.00435980036854744,0.00435980036854744,0.029401296749711037,0.9968698620796204,False,t_post_inst,t_inst,False
R_harm_at_post,R_role_tool_vs_user@t_inst,20,0.6452,0.01642650179564953,0.01642650179564953,0.029401296749711037,0.9968277215957642,False,t_post_inst,t_inst,False
R_harm_at_post,R_role_tool_vs_user@t_inst,21,0.6774,0.012954342179000378,0.012954342179000378,0.029401296749711037,0.9969868659973145,False,t_post_inst,t_inst,False
R_harm_at_post,R_role_tool_vs_user@t_inst,22,0.7097,0.001911429688334465,0.001911429688334465,0.029401296749711037,0.9971458315849304,False,t_post_inst,t_inst,False
R_harm_at_post,R_role_tool_vs_user@t_inst,23,0.7419,-0.011634052731096745,0.011634052731096745,0.029401296749711037,0.9968315958976746,False,t_post_inst,t_inst,False
R_harm_at_post,R_role_tool_vs_user@t_inst,24,0.7742,-0.002937675453722477,0.002937675453722477,0.029401296749711037,0.996777355670929,False,t_post_inst,t_inst,False
R_harm_at_post,R_role_tool_vs_user@t_inst,25,0.8065,0.010836094617843628,0.010836094617843628,0.029401296749711037,0.9967182874679564,False,t_post_inst,t_inst,False
R_harm_at_post,R_role_tool_vs_user@t_inst,26,0.8387,0.09262453019618988,0.09262453019618988,0.029401296749711037,0.9966157674789428,True,t_post_inst,t_inst,False
R_harm_at_post,R_role_tool_vs_user@t_inst,27,0.871,-0.00887362938374281,0.00887362938374281,0.029401296749711037,0.9963158369064332,False,t_post_inst,t_inst,False
R_harm_at_post,R_role_tool_vs_user@t_inst,28,0.9032,0.02517067827284336,0.02517067827284336,0.029401296749711037,0.9966425895690918,False,t_post_inst,t_inst,False
R_harm_at_post,R_role_tool_vs_user@t_inst,29,0.9355,0.014885560609400272,0.014885560609400272,0.029401296749711037,0.9964438676834106,False,t_post_inst,t_inst,False
R_harm_at_post,R_role_tool_vs_user@t_inst,30,0.9677,0.044435739517211914,0.044435739517211914,0.029401296749711037,0.9963407516479492,True,t_post_inst,t_inst,False
R_harm_at_post,R_role_tool_vs_user@t_inst,31,1.0,0.017299631610512733,0.017299631610512733,0.029401296749711037,0.9956731796264648,False,t_post_inst,t_inst,False
R_harm_at_post,R_role_tool_vs_user@t_post_inst,0,0.0,-0.15894801914691925,0.15894801914691925,0.029401296749711037,0.9797555804252625,True,t_post_inst,t_post_inst,True
R_harm_at_post,R_role_tool_vs_user@t_post_inst,1,0.0323,-0.15411987900733948,0.15411987900733948,0.029401296749711037,0.9807329177856444,True,t_post_inst,t_post_inst,True
R_harm_at_post,R_role_tool_vs_user@t_post_inst,2,0.0645,-0.1806759089231491,0.1806759089231491,0.029401296749711037,0.980282187461853,True,t_post_inst,t_post_inst,True
R_harm_at_post,R_role_tool_vs_user@t_post_inst,3,0.0968,-0.15140400826931,0.15140400826931,0.029401296749711037,0.981499195098877,True,t_post_inst,t_post_inst,True
R_harm_at_post,R_role_tool_vs_user@t_post_inst,4,0.129,-0.17909125983715057,0.17909125983715057,0.029401296749711037,0.9830498695373536,True,t_post_inst,t_post_inst,True
R_harm_at_post,R_role_tool_vs_user@t_post_inst,5,0.1613,-0.16142088174819946,0.16142088174819946,0.029401296749711037,0.9838279485702516,True,t_post_inst,t_post_inst,True
R_harm_at_post,R_role_tool_vs_user@t_post_inst,6,0.1935,-0.20998165011405945,0.20998165011405945,0.029401296749711037,0.9830635190010072,True,t_post_inst,t_post_inst,True
R_harm_at_post,R_role_tool_vs_user@t_post_inst,7,0.2258,-0.25585341453552246,0.25585341453552246,0.029401296749711037,0.9844700694084167,True,t_post_inst,t_post_inst,True
R_harm_at_post,R_role_tool_vs_user@t_post_inst,8,0.2581,-0.269112765789032,0.269112765789032,0.029401296749711037,0.9844201803207396,True,t_post_inst,t_post_inst,True
R_harm_at_post,R_role_tool_vs_user@t_post_inst,9,0.2903,-0.2771320939064026,0.2771320939064026,0.029401296749711037,0.9850994348526,True,t_post_inst,t_post_inst,True
R_harm_at_post,R_role_tool_vs_user@t_post_inst,10,0.3226,-0.33453240990638733,0.33453240990638733,0.029401296749711037,0.9895904660224916,True,t_post_inst,t_post_inst,True
R_harm_at_post,R_role_tool_vs_user@t_post_inst,11,0.3548,-0.16873836517333984,0.16873836517333984,0.029401296749711037,0.9919952154159546,True,t_post_inst,t_post_inst,True
R_harm_at_post,R_role_tool_vs_user@t_post_inst,12,0.3871,-0.08874721080064774,0.08874721080064774,0.029401296749711037,0.9941493272781372,True,t_post_inst,t_post_inst,True
R_harm_at_post,R_role_tool_vs_user@t_post_inst,13,0.4194,0.025742948055267334,0.025742948055267334,0.029401296749711037,0.9944960474967957,False,t_post_inst,t_post_inst,True
R_harm_at_post,R_role_tool_vs_user@t_post_inst,14,0.4516,0.034020572900772095,0.034020572900772095,0.029401296749711037,0.9943158030509948,True,t_post_inst,t_post_inst,True
R_harm_at_post,R_role_tool_vs_user@t_post_inst,15,0.4839,0.0790763795375824,0.0790763795375824,0.029401296749711037,0.994768500328064,True,t_post_inst,t_post_inst,True
R_harm_at_post,R_role_tool_vs_user@t_post_inst,16,0.5161,0.12229111045598984,0.12229111045598984,0.029401296749711037,0.9952634572982788,True,t_post_inst,t_post_inst,True
R_harm_at_post,R_role_tool_vs_user@t_post_inst,17,0.5484,0.10318616032600403,0.10318616032600403,0.029401296749711037,0.9964505434036256,True,t_post_inst,t_post_inst,True
R_harm_at_post,R_role_tool_vs_user@t_post_inst,18,0.5806,0.08493413031101227,0.08493413031101227,0.029401296749711037,0.9969871640205384,True,t_post_inst,t_post_inst,True
R_harm_at_post,R_role_tool_vs_user@t_post_inst,19,0.6129,0.11206994205713272,0.11206994205713272,0.029401296749711037,0.9968698620796204,True,t_post_inst,t_post_inst,True
R_harm_at_post,R_role_tool_vs_user@t_post_inst,20,0.6452,0.16961769759655,0.16961769759655,0.029401296749711037,0.9968277215957642,True,t_post_inst,t_post_inst,True
R_harm_at_post,R_role_tool_vs_user@t_post_inst,21,0.6774,0.17549175024032593,0.17549175024032593,0.029401296749711037,0.9969868659973145,True,t_post_inst,t_post_inst,True
R_harm_at_post,R_role_tool_vs_user@t_post_inst,22,0.7097,0.13797172904014587,0.13797172904014587,0.029401296749711037,0.9971458315849304,True,t_post_inst,t_post_inst,True
R_harm_at_post,R_role_tool_vs_user@t_post_inst,23,0.7419,0.12862913310527802,0.12862913310527802,0.029401296749711037,0.9968315958976746,True,t_post_inst,t_post_inst,True
R_harm_at_post,R_role_tool_vs_user@t_post_inst,24,0.7742,0.10824887454509735,0.10824887454509735,0.029401296749711037,0.996777355670929,True,t_post_inst,t_post_inst,True
R_harm_at_post,R_role_tool_vs_user@t_post_inst,25,0.8065,0.09669572114944458,0.09669572114944458,0.029401296749711037,0.9967182874679564,True,t_post_inst,t_post_inst,True
R_harm_at_post,R_role_tool_vs_user@t_post_inst,26,0.8387,0.08251530677080154,0.08251530677080154,0.029401296749711037,0.9966157674789428,True,t_post_inst,t_post_inst,True
R_harm_at_post,R_role_tool_vs_user@t_post_inst,27,0.871,0.08081550151109695,0.08081550151109695,0.029401296749711037,0.9963158369064332,True,t_post_inst,t_post_inst,True
R_harm_at_post,R_role_tool_vs_user@t_post_inst,28,0.9032,0.046082302927970886,0.046082302927970886,0.029401296749711037,0.9966425895690918,True,t_post_inst,t_post_inst,True
R_harm_at_post,R_role_tool_vs_user@t_post_inst,29,0.9355,0.029601505026221275,0.029601505026221275,0.029401296749711037,0.9964438676834106,True,t_post_inst,t_post_inst,True
R_harm_at_post,R_role_tool_vs_user@t_post_inst,30,0.9677,0.027270665392279625,0.027270665392279625,0.029401296749711037,0.9963407516479492,False,t_post_inst,t_post_inst,True
R_harm_at_post,R_role_tool_vs_user@t_post_inst,31,1.0,-0.09765902161598206,0.09765902161598206,0.029401296749711037,0.9956731796264648,True,t_post_inst,t_post_inst,True
R_harm_user,R_role_assistant_vs_user@t_inst,0,0.0,0.255763977766037,0.255763977766037,0.029401296749711037,0.9917111396789552,True,t_inst,t_inst,True
R_harm_user,R_role_assistant_vs_user@t_inst,1,0.0323,-0.3018624782562256,0.3018624782562256,0.029401296749711037,0.9868729710578918,True,t_inst,t_inst,True
R_harm_user,R_role_assistant_vs_user@t_inst,2,0.0645,-0.1772526651620865,0.1772526651620865,0.029401296749711037,0.9500358700752258,True,t_inst,t_inst,True
R_harm_user,R_role_assistant_vs_user@t_inst,3,0.0968,-0.3206931948661804,0.3206931948661804,0.029401296749711037,0.9657729268074036,True,t_inst,t_inst,True
R_harm_user,R_role_assistant_vs_user@t_inst,4,0.129,-0.28628718852996826,0.28628718852996826,0.029401296749711037,0.9643405079841614,True,t_inst,t_inst,True
R_harm_user,R_role_assistant_vs_user@t_inst,5,0.1613,-0.08617118000984192,0.08617118000984192,0.029401296749711037,0.9511004686355592,True,t_inst,t_inst,True
R_harm_user,R_role_assistant_vs_user@t_inst,6,0.1935,-0.06208028271794319,0.06208028271794319,0.029401296749711037,0.938425362110138,True,t_inst,t_inst,True
R_harm_user,R_role_assistant_vs_user@t_inst,7,0.2258,-0.09017245471477509,0.09017245471477509,0.029401296749711037,0.9380353689193726,True,t_inst,t_inst,True
R_harm_user,R_role_assistant_vs_user@t_inst,8,0.2581,-0.13967685401439667,0.13967685401439667,0.029401296749711037,0.9397829174995422,True,t_inst,t_inst,True
R_harm_user,R_role_assistant_vs_user@t_inst,9,0.2903,-0.12063327431678772,0.12063327431678772,0.029401296749711037,0.9406668543815612,True,t_inst,t_inst,True
R_harm_user,R_role_assistant_vs_user@t_inst,10,0.3226,-0.1679670512676239,0.1679670512676239,0.029401296749711037,0.943841814994812,True,t_inst,t_inst,True
R_harm_user,R_role_assistant_vs_user@t_inst,11,0.3548,-0.10688398033380508,0.10688398033380508,0.029401296749711037,0.946647047996521,True,t_inst,t_inst,True
R_harm_user,R_role_assistant_vs_user@t_inst,12,0.3871,-0.07823756337165833,0.07823756337165833,0.029401296749711037,0.9525097012519836,True,t_inst,t_inst,True
R_harm_user,R_role_assistant_vs_user@t_inst,13,0.4194,-0.054286543279886246,0.054286543279886246,0.029401296749711037,0.955252766609192,True,t_inst,t_inst,True
R_harm_user,R_role_assistant_vs_user@t_inst,14,0.4516,-0.16156484186649323,0.16156484186649323,0.029401296749711037,0.9605939984321594,True,t_inst,t_inst,True
R_harm_user,R_role_assistant_vs_user@t_inst,15,0.4839,-0.05983143672347069,0.05983143672347069,0.029401296749711037,0.9597479104995728,True,t_inst,t_inst,True
R_harm_user,R_role_assistant_vs_user@t_inst,16,0.5161,-0.03679277002811432,0.03679277002811432,0.029401296749711037,0.9632683992385864,True,t_inst,t_inst,True
R_harm_user,R_role_assistant_vs_user@t_inst,17,0.5484,-0.05729695409536362,0.05729695409536362,0.029401296749711037,0.9661420583724976,True,t_inst,t_inst,True
R_harm_user,R_role_assistant_vs_user@t_inst,18,0.5806,-0.12805522978305817,0.12805522978305817,0.029401296749711037,0.9683402180671692,True,t_inst,t_inst,True
R_harm_user,R_role_assistant_vs_user@t_inst,19,0.6129,-0.05307696759700775,0.05307696759700775,0.029401296749711037,0.9622381329536438,True,t_inst,t_inst,True
R_harm_user,R_role_assistant_vs_user@t_inst,20,0.6452,-0.11043542623519897,0.11043542623519897,0.029401296749711037,0.9604061245918274,True,t_inst,t_inst,True
R_harm_user,R_role_assistant_vs_user@t_inst,21,0.6774,-0.11842809617519379,0.11842809617519379,0.029401296749711037,0.9582497477531432,True,t_inst,t_inst,True
R_harm_user,R_role_assistant_vs_user@t_inst,22,0.7097,-0.1470513492822647,0.1470513492822647,0.029401296749711037,0.9538796544075012,True,t_inst,t_inst,True
R_harm_user,R_role_assistant_vs_user@t_inst,23,0.7419,-0.14080695807933807,0.14080695807933807,0.029401296749711037,0.9473074078559875,True,t_inst,t_inst,True
R_harm_user,R_role_assistant_vs_user@t_inst,24,0.7742,-0.13613945245742798,0.13613945245742798,0.029401296749711037,0.9460396766662598,True,t_inst,t_inst,True
R_harm_user,R_role_assistant_vs_user@t_inst,25,0.8065,-0.13781540095806122,0.13781540095806122,0.029401296749711037,0.9432503581047058,True,t_inst,t_inst,True
R_harm_user,R_role_assistant_vs_user@t_inst,26,0.8387,-0.30301719903945923,0.30301719903945923,0.029401296749711037,0.95539391040802,True,t_inst,t_inst,True
R_harm_user,R_role_assistant_vs_user@t_inst,27,0.871,-0.13966496288776398,0.13966496288776398,0.029401296749711037,0.9429971575737,True,t_inst,t_inst,True
R_harm_user,R_role_assistant_vs_user@t_inst,28,0.9032,-0.08820986747741699,0.08820986747741699,0.029401296749711037,0.9465797543525696,True,t_inst,t_inst,True
R_harm_user,R_role_assistant_vs_user@t_inst,29,0.9355,-0.06899896264076233,0.06899896264076233,0.029401296749711037,0.9492502212524414,True,t_inst,t_inst,True
R_harm_user,R_role_assistant_vs_user@t_inst,30,0.9677,-0.042100585997104645,0.042100585997104645,0.029401296749711037,0.953811526298523,True,t_inst,t_inst,True
R_harm_user,R_role_assistant_vs_user@t_inst,31,1.0,0.2445780336856842,0.2445780336856842,0.029401296749711037,0.973361611366272,True,t_inst,t_inst,True
R_harm_user,R_role_assistant_vs_user@t_post_inst,0,0.0,0.3052714169025421,0.3052714169025421,0.029401296749711037,0.9917111396789552,True,t_inst,t_post_inst,False
R_harm_user,R_role_assistant_vs_user@t_post_inst,1,0.0323,0.2030714601278305,0.2030714601278305,0.029401296749711037,0.9868729710578918,True,t_inst,t_post_inst,False
R_harm_user,R_role_assistant_vs_user@t_post_inst,2,0.0645,-0.03851878643035889,0.03851878643035889,0.029401296749711037,0.9500358700752258,True,t_inst,t_post_inst,False
R_harm_user,R_role_assistant_vs_user@t_post_inst,3,0.0968,0.09085869789123535,0.09085869789123535,0.029401296749711037,0.9657729268074036,True,t_inst,t_post_inst,False
R_harm_user,R_role_assistant_vs_user@t_post_inst,4,0.129,0.021057922393083572,0.021057922393083572,0.029401296749711037,0.9643405079841614,False,t_inst,t_post_inst,False
R_harm_user,R_role_assistant_vs_user@t_post_inst,5,0.1613,0.027910802513360977,0.027910802513360977,0.029401296749711037,0.9511004686355592,False,t_inst,t_post_inst,False
R_harm_user,R_role_assistant_vs_user@t_post_inst,6,0.1935,0.0056961048394441605,0.0056961048394441605,0.029401296749711037,0.938425362110138,False,t_inst,t_post_inst,False
R_harm_user,R_role_assistant_vs_user@t_post_inst,7,0.2258,0.006420988589525223,0.006420988589525223,0.029401296749711037,0.9380353689193726,False,t_inst,t_post_inst,False
R_harm_user,R_role_assistant_vs_user@t_post_inst,8,0.2581,-0.02412569895386696,0.02412569895386696,0.029401296749711037,0.9397829174995422,False,t_inst,t_post_inst,False
R_harm_user,R_role_assistant_vs_user@t_post_inst,9,0.2903,-0.022012289613485336,0.022012289613485336,0.029401296749711037,0.9406668543815612,False,t_inst,t_post_inst,False
R_harm_user,R_role_assistant_vs_user@t_post_inst,10,0.3226,-0.06432868540287018,0.06432868540287018,0.029401296749711037,0.943841814994812,True,t_inst,t_post_inst,False
R_harm_user,R_role_assistant_vs_user@t_post_inst,11,0.3548,-0.023165326565504074,0.023165326565504074,0.029401296749711037,0.946647047996521,False,t_inst,t_post_inst,False
R_harm_user,R_role_assistant_vs_user@t_post_inst,12,0.3871,-0.021068189293146133,0.021068189293146133,0.029401296749711037,0.9525097012519836,False,t_inst,t_post_inst,False
R_harm_user,R_role_assistant_vs_user@t_post_inst,13,0.4194,-0.019591595977544785,0.019591595977544785,0.029401296749711037,0.955252766609192,False,t_inst,t_post_inst,False
R_harm_user,R_role_assistant_vs_user@t_post_inst,14,0.4516,-0.010595246218144894,0.010595246218144894,0.029401296749711037,0.9605939984321594,False,t_inst,t_post_inst,False
R_harm_user,R_role_assistant_vs_user@t_post_inst,15,0.4839,-0.012938112951815128,0.012938112951815128,0.029401296749711037,0.9597479104995728,False,t_inst,t_post_inst,False
R_harm_user,R_role_assistant_vs_user@t_post_inst,16,0.5161,-0.020752497017383575,0.020752497017383575,0.029401296749711037,0.9632683992385864,False,t_inst,t_post_inst,False
R_harm_user,R_role_assistant_vs_user@t_post_inst,17,0.5484,-0.023223847150802612,0.023223847150802612,0.029401296749711037,0.9661420583724976,False,t_inst,t_post_inst,False
R_harm_user,R_role_assistant_vs_user@t_post_inst,18,0.5806,-0.03840900957584381,0.03840900957584381,0.029401296749711037,0.9683402180671692,True,t_inst,t_post_inst,False
R_harm_user,R_role_assistant_vs_user@t_post_inst,19,0.6129,-0.024990271776914597,0.024990271776914597,0.029401296749711037,0.9622381329536438,False,t_inst,t_post_inst,False
R_harm_user,R_role_assistant_vs_user@t_post_inst,20,0.6452,-0.025881847366690636,0.025881847366690636,0.029401296749711037,0.9604061245918274,False,t_inst,t_post_inst,False
R_harm_user,R_role_assistant_vs_user@t_post_inst,21,0.6774,-0.02851061336696148,0.02851061336696148,0.029401296749711037,0.9582497477531432,False,t_inst,t_post_inst,False
R_harm_user,R_role_assistant_vs_user@t_post_inst,22,0.7097,-0.08057831972837448,0.08057831972837448,0.029401296749711037,0.9538796544075012,True,t_inst,t_post_inst,False
R_harm_user,R_role_assistant_vs_user@t_post_inst,23,0.7419,-0.03054977022111416,0.03054977022111416,0.029401296749711037,0.9473074078559875,True,t_inst,t_post_inst,False
R_harm_user,R_role_assistant_vs_user@t_post_inst,24,0.7742,-0.028296910226345062,0.028296910226345062,0.029401296749711037,0.9460396766662598,False,t_inst,t_post_inst,False
R_harm_user,R_role_assistant_vs_user@t_post_inst,25,0.8065,-0.02341088280081749,0.02341088280081749,0.029401296749711037,0.9432503581047058,False,t_inst,t_post_inst,False
R_harm_user,R_role_assistant_vs_user@t_post_inst,26,0.8387,0.2327507585287094,0.2327507585287094,0.029401296749711037,0.95539391040802,True,t_inst,t_post_inst,False
R_harm_user,R_role_assistant_vs_user@t_post_inst,27,0.871,-0.017222102731466293,0.017222102731466293,0.029401296749711037,0.9429971575737,False,t_inst,t_post_inst,False
R_harm_user,R_role_assistant_vs_user@t_post_inst,28,0.9032,-0.039625316858291626,0.039625316858291626,0.029401296749711037,0.9465797543525696,True,t_inst,t_post_inst,False
R_harm_user,R_role_assistant_vs_user@t_post_inst,29,0.9355,-0.030983420088887215,0.030983420088887215,0.029401296749711037,0.9492502212524414,True,t_inst,t_post_inst,False
R_harm_user,R_role_assistant_vs_user@t_post_inst,30,0.9677,-0.041670285165309906,0.041670285165309906,0.029401296749711037,0.953811526298523,True,t_inst,t_post_inst,False
R_harm_user,R_role_assistant_vs_user@t_post_inst,31,1.0,-0.1107063740491867,0.1107063740491867,0.029401296749711037,0.973361611366272,True,t_inst,t_post_inst,False
R_harm_user,R_role_system_vs_user@t_inst,0,0.0,0.27874326705932617,0.27874326705932617,0.029401296749711037,0.9917111396789552,True,t_inst,t_inst,True
R_harm_user,R_role_system_vs_user@t_inst,1,0.0323,0.09507844597101212,0.09507844597101212,0.029401296749711037,0.9868729710578918,True,t_inst,t_inst,True
R_harm_user,R_role_system_vs_user@t_inst,2,0.0645,-0.006408499553799629,0.006408499553799629,0.029401296749711037,0.9500358700752258,False,t_inst,t_inst,True
R_harm_user,R_role_system_vs_user@t_inst,3,0.0968,-0.020604191347956657,0.020604191347956657,0.029401296749711037,0.9657729268074036,False,t_inst,t_inst,True
R_harm_user,R_role_system_vs_user@t_inst,4,0.129,-0.1931125968694687,0.1931125968694687,0.029401296749711037,0.9643405079841614,True,t_inst,t_inst,True
R_harm_user,R_role_system_vs_user@t_inst,5,0.1613,-0.028110627084970474,0.028110627084970474,0.029401296749711037,0.9511004686355592,False,t_inst,t_inst,True
R_harm_user,R_role_system_vs_user@t_inst,6,0.1935,0.018472671508789062,0.018472671508789062,0.029401296749711037,0.938425362110138,False,t_inst,t_inst,True
R_harm_user,R_role_system_vs_user@t_inst,7,0.2258,-0.014091014862060547,0.014091014862060547,0.029401296749711037,0.9380353689193726,False,t_inst,t_inst,True
R_harm_user,R_role_system_vs_user@t_inst,8,0.2581,-0.06408115476369858,0.06408115476369858,0.029401296749711037,0.9397829174995422,True,t_inst,t_inst,True
R_harm_user,R_role_system_vs_user@t_inst,9,0.2903,-0.11692061275243759,0.11692061275243759,0.029401296749711037,0.9406668543815612,True,t_inst,t_inst,True
R_harm_user,R_role_system_vs_user@t_inst,10,0.3226,-0.12777924537658691,0.12777924537658691,0.029401296749711037,0.943841814994812,True,t_inst,t_inst,True
R_harm_user,R_role_system_vs_user@t_inst,11,0.3548,-0.09646516293287277,0.09646516293287277,0.029401296749711037,0.946647047996521,True,t_inst,t_inst,True
R_harm_user,R_role_system_vs_user@t_inst,12,0.3871,-0.11328333616256714,0.11328333616256714,0.029401296749711037,0.9525097012519836,True,t_inst,t_inst,True
R_harm_user,R_role_system_vs_user@t_inst,13,0.4194,-0.10842673480510712,0.10842673480510712,0.029401296749711037,0.955252766609192,True,t_inst,t_inst,True
R_harm_user,R_role_system_vs_user@t_inst,14,0.4516,-0.1661980003118515,0.1661980003118515,0.029401296749711037,0.9605939984321594,True,t_inst,t_inst,True
R_harm_user,R_role_system_vs_user@t_inst,15,0.4839,-0.08745180070400238,0.08745180070400238,0.029401296749711037,0.9597479104995728,True,t_inst,t_inst,True
R_harm_user,R_role_system_vs_user@t_inst,16,0.5161,-0.019445352256298065,0.019445352256298065,0.029401296749711037,0.9632683992385864,False,t_inst,t_inst,True
R_harm_user,R_role_system_vs_user@t_inst,17,0.5484,0.015993762761354446,0.015993762761354446,0.029401296749711037,0.9661420583724976,False,t_inst,t_inst,True
R_harm_user,R_role_system_vs_user@t_inst,18,0.5806,0.021831003949046135,0.021831003949046135,0.029401296749711037,0.9683402180671692,False,t_inst,t_inst,True
R_harm_user,R_role_system_vs_user@t_inst,19,0.6129,0.06459641456604004,0.06459641456604004,0.029401296749711037,0.9622381329536438,True,t_inst,t_inst,True
R_harm_user,R_role_system_vs_user@t_inst,20,0.6452,0.07978789508342743,0.07978789508342743,0.029401296749711037,0.9604061245918274,True,t_inst,t_inst,True
R_harm_user,R_role_system_vs_user@t_inst,21,0.6774,0.07735730707645416,0.07735730707645416,0.029401296749711037,0.9582497477531432,True,t_inst,t_inst,True
R_harm_user,R_role_system_vs_user@t_inst,22,0.7097,0.1271398514509201,0.1271398514509201,0.029401296749711037,0.9538796544075012,True,t_inst,t_inst,True
R_harm_user,R_role_system_vs_user@t_inst,23,0.7419,0.09223845601081848,0.09223845601081848,0.029401296749711037,0.9473074078559875,True,t_inst,t_inst,True
R_harm_user,R_role_system_vs_user@t_inst,24,0.7742,0.060092993080616,0.060092993080616,0.029401296749711037,0.9460396766662598,True,t_inst,t_inst,True
R_harm_user,R_role_system_vs_user@t_inst,25,0.8065,0.07321638613939285,0.07321638613939285,0.029401296749711037,0.9432503581047058,True,t_inst,t_inst,True
R_harm_user,R_role_system_vs_user@t_inst,26,0.8387,-0.01785406470298767,0.01785406470298767,0.029401296749711037,0.95539391040802,False,t_inst,t_inst,True
R_harm_user,R_role_system_vs_user@t_inst,27,0.871,0.138663649559021,0.138663649559021,0.029401296749711037,0.9429971575737,True,t_inst,t_inst,True
R_harm_user,R_role_system_vs_user@t_inst,28,0.9032,0.13981086015701294,0.13981086015701294,0.029401296749711037,0.9465797543525696,True,t_inst,t_inst,True
R_harm_user,R_role_system_vs_user@t_inst,29,0.9355,0.1266089379787445,0.1266089379787445,0.029401296749711037,0.9492502212524414,True,t_inst,t_inst,True
R_harm_user,R_role_system_vs_user@t_inst,30,0.9677,0.08418312668800354,0.08418312668800354,0.029401296749711037,0.953811526298523,True,t_inst,t_inst,True
R_harm_user,R_role_system_vs_user@t_inst,31,1.0,0.14448735117912292,0.14448735117912292,0.029401296749711037,0.973361611366272,True,t_inst,t_inst,True
R_harm_user,R_role_system_vs_user@t_post_inst,0,0.0,0.4639287292957306,0.4639287292957306,0.029401296749711037,0.9917111396789552,True,t_inst,t_post_inst,False
R_harm_user,R_role_system_vs_user@t_post_inst,1,0.0323,-0.004391034133732319,0.004391034133732319,0.029401296749711037,0.9868729710578918,False,t_inst,t_post_inst,False
R_harm_user,R_role_system_vs_user@t_post_inst,2,0.0645,-0.03879576548933983,0.03879576548933983,0.029401296749711037,0.9500358700752258,True,t_inst,t_post_inst,False
R_harm_user,R_role_system_vs_user@t_post_inst,3,0.0968,-0.06310412287712097,0.06310412287712097,0.029401296749711037,0.9657729268074036,True,t_inst,t_post_inst,False
R_harm_user,R_role_system_vs_user@t_post_inst,4,0.129,-0.042812518775463104,0.042812518775463104,0.029401296749711037,0.9643405079841614,True,t_inst,t_post_inst,False
R_harm_user,R_role_system_vs_user@t_post_inst,5,0.1613,-0.020409833639860153,0.020409833639860153,0.029401296749711037,0.9511004686355592,False,t_inst,t_post_inst,False
R_harm_user,R_role_system_vs_user@t_post_inst,6,0.1935,0.011858345940709114,0.011858345940709114,0.029401296749711037,0.938425362110138,False,t_inst,t_post_inst,False
R_harm_user,R_role_system_vs_user@t_post_inst,7,0.2258,0.039149537682533264,0.039149537682533264,0.029401296749711037,0.9380353689193726,True,t_inst,t_post_inst,False
R_harm_user,R_role_system_vs_user@t_post_inst,8,0.2581,0.031075824052095413,0.031075824052095413,0.029401296749711037,0.9397829174995422,True,t_inst,t_post_inst,False
R_harm_user,R_role_system_vs_user@t_post_inst,9,0.2903,0.03093305602669716,0.03093305602669716,0.029401296749711037,0.9406668543815612,True,t_inst,t_post_inst,False
R_harm_user,R_role_system_vs_user@t_post_inst,10,0.3226,-0.0038038818165659904,0.0038038818165659904,0.029401296749711037,0.943841814994812,False,t_inst,t_post_inst,False
R_harm_user,R_role_system_vs_user@t_post_inst,11,0.3548,0.03738382086157799,0.03738382086157799,0.029401296749711037,0.946647047996521,True,t_inst,t_post_inst,False
R_harm_user,R_role_system_vs_user@t_post_inst,12,0.3871,0.02434653416275978,0.02434653416275978,0.029401296749711037,0.9525097012519836,False,t_inst,t_post_inst,False
R_harm_user,R_role_system_vs_user@t_post_inst,13,0.4194,0.026205681264400482,0.026205681264400482,0.029401296749711037,0.955252766609192,False,t_inst,t_post_inst,False
R_harm_user,R_role_system_vs_user@t_post_inst,14,0.4516,0.07952926307916641,0.07952926307916641,0.029401296749711037,0.9605939984321594,True,t_inst,t_post_inst,False
R_harm_user,R_role_system_vs_user@t_post_inst,15,0.4839,0.04023464769124985,0.04023464769124985,0.029401296749711037,0.9597479104995728,True,t_inst,t_post_inst,False
R_harm_user,R_role_system_vs_user@t_post_inst,16,0.5161,0.019386043772101402,0.019386043772101402,0.029401296749711037,0.9632683992385864,False,t_inst,t_post_inst,False
R_harm_user,R_role_system_vs_user@t_post_inst,17,0.5484,0.007660588249564171,0.007660588249564171,0.029401296749711037,0.9661420583724976,False,t_inst,t_post_inst,False
R_harm_user,R_role_system_vs_user@t_post_inst,18,0.5806,0.023150179535150528,0.023150179535150528,0.029401296749711037,0.9683402180671692,False,t_inst,t_post_inst,False
R_harm_user,R_role_system_vs_user@t_post_inst,19,0.6129,0.028847718611359596,0.028847718611359596,0.029401296749711037,0.9622381329536438,False,t_inst,t_post_inst,False
R_harm_user,R_role_system_vs_user@t_post_inst,20,0.6452,0.04317163676023483,0.04317163676023483,0.029401296749711037,0.9604061245918274,True,t_inst,t_post_inst,False
R_harm_user,R_role_system_vs_user@t_post_inst,21,0.6774,0.03166058287024498,0.03166058287024498,0.029401296749711037,0.9582497477531432,True,t_inst,t_post_inst,False
R_harm_user,R_role_system_vs_user@t_post_inst,22,0.7097,-0.0254882350564003,0.0254882350564003,0.029401296749711037,0.9538796544075012,False,t_inst,t_post_inst,False
R_harm_user,R_role_system_vs_user@t_post_inst,23,0.7419,0.03933287039399147,0.03933287039399147,0.029401296749711037,0.9473074078559875,True,t_inst,t_post_inst,False
R_harm_user,R_role_system_vs_user@t_post_inst,24,0.7742,0.03867418318986893,0.03867418318986893,0.029401296749711037,0.9460396766662598,True,t_inst,t_post_inst,False
R_harm_user,R_role_system_vs_user@t_post_inst,25,0.8065,0.03169850632548332,0.03169850632548332,0.029401296749711037,0.9432503581047058,True,t_inst,t_post_inst,False
R_harm_user,R_role_system_vs_user@t_post_inst,26,0.8387,0.29523324966430664,0.29523324966430664,0.029401296749711037,0.95539391040802,True,t_inst,t_post_inst,False
R_harm_user,R_role_system_vs_user@t_post_inst,27,0.871,0.051363587379455566,0.051363587379455566,0.029401296749711037,0.9429971575737,True,t_inst,t_post_inst,False
R_harm_user,R_role_system_vs_user@t_post_inst,28,0.9032,0.026249563321471214,0.026249563321471214,0.029401296749711037,0.9465797543525696,False,t_inst,t_post_inst,False
R_harm_user,R_role_system_vs_user@t_post_inst,29,0.9355,0.02916169911623001,0.02916169911623001,0.029401296749711037,0.9492502212524414,False,t_inst,t_post_inst,False
R_harm_user,R_role_system_vs_user@t_post_inst,30,0.9677,0.036448992788791656,0.036448992788791656,0.029401296749711037,0.953811526298523,True,t_inst,t_post_inst,False
R_harm_user,R_role_system_vs_user@t_post_inst,31,1.0,-0.10044848918914795,0.10044848918914795,0.029401296749711037,0.973361611366272,True,t_inst,t_post_inst,False
R_harm_user,R_role_tool_vs_user@t_inst,0,0.0,0.19124391674995422,0.19124391674995422,0.029401296749711037,0.9917111396789552,True,t_inst,t_inst,True
R_harm_user,R_role_tool_vs_user@t_inst,1,0.0323,-0.31819188594818115,0.31819188594818115,0.029401296749711037,0.9868729710578918,True,t_inst,t_inst,True
R_harm_user,R_role_tool_vs_user@t_inst,2,0.0645,-0.18393582105636597,0.18393582105636597,0.029401296749711037,0.9500358700752258,True,t_inst,t_inst,True
R_harm_user,R_role_tool_vs_user@t_inst,3,0.0968,-0.29885512590408325,0.29885512590408325,0.029401296749711037,0.9657729268074036,True,t_inst,t_inst,True
R_harm_user,R_role_tool_vs_user@t_inst,4,0.129,-0.2740653455257416,0.2740653455257416,0.029401296749711037,0.9643405079841614,True,t_inst,t_inst,True
R_harm_user,R_role_tool_vs_user@t_inst,5,0.1613,-0.07052472978830338,0.07052472978830338,0.029401296749711037,0.9511004686355592,True,t_inst,t_inst,True
R_harm_user,R_role_tool_vs_user@t_inst,6,0.1935,-0.05479404330253601,0.05479404330253601,0.029401296749711037,0.938425362110138,True,t_inst,t_inst,True
R_harm_user,R_role_tool_vs_user@t_inst,7,0.2258,-0.029771417379379272,0.029771417379379272,0.029401296749711037,0.9380353689193726,True,t_inst,t_inst,True
R_harm_user,R_role_tool_vs_user@t_inst,8,0.2581,-0.02104165405035019,0.02104165405035019,0.029401296749711037,0.9397829174995422,False,t_inst,t_inst,True
R_harm_user,R_role_tool_vs_user@t_inst,9,0.2903,-0.03686506673693657,0.03686506673693657,0.029401296749711037,0.9406668543815612,True,t_inst,t_inst,True
R_harm_user,R_role_tool_vs_user@t_inst,10,0.3226,-0.07194499671459198,0.07194499671459198,0.029401296749711037,0.943841814994812,True,t_inst,t_inst,True
R_harm_user,R_role_tool_vs_user@t_inst,11,0.3548,-0.05483155697584152,0.05483155697584152,0.029401296749711037,0.946647047996521,True,t_inst,t_inst,True
R_harm_user,R_role_tool_vs_user@t_inst,12,0.3871,-0.03130350634455681,0.03130350634455681,0.029401296749711037,0.9525097012519836,True,t_inst,t_inst,True
R_harm_user,R_role_tool_vs_user@t_inst,13,0.4194,0.012937061488628387,0.012937061488628387,0.029401296749711037,0.955252766609192,False,t_inst,t_inst,True
R_harm_user,R_role_tool_vs_user@t_inst,14,0.4516,0.056523047387599945,0.056523047387599945,0.029401296749711037,0.9605939984321594,True,t_inst,t_inst,True
R_harm_user,R_role_tool_vs_user@t_inst,15,0.4839,0.01824786514043808,0.01824786514043808,0.029401296749711037,0.9597479104995728,False,t_inst,t_inst,True
R_harm_user,R_role_tool_vs_user@t_inst,16,0.5161,0.04141762852668762,0.04141762852668762,0.029401296749711037,0.9632683992385864,True,t_inst,t_inst,True
R_harm_user,R_role_tool_vs_user@t_inst,17,0.5484,0.07787280529737473,0.07787280529737473,0.029401296749711037,0.9661420583724976,True,t_inst,t_inst,True
R_harm_user,R_role_tool_vs_user@t_inst,18,0.5806,0.08992935717105865,0.08992935717105865,0.029401296749711037,0.9683402180671692,True,t_inst,t_inst,True
R_harm_user,R_role_tool_vs_user@t_inst,19,0.6129,0.0640413835644722,0.0640413835644722,0.029401296749711037,0.9622381329536438,True,t_inst,t_inst,True
R_harm_user,R_role_tool_vs_user@t_inst,20,0.6452,0.15051090717315674,0.15051090717315674,0.029401296749711037,0.9604061245918274,True,t_inst,t_inst,True
R_harm_user,R_role_tool_vs_user@t_inst,21,0.6774,0.13531753420829773,0.13531753420829773,0.029401296749711037,0.9582497477531432,True,t_inst,t_inst,True
R_harm_user,R_role_tool_vs_user@t_inst,22,0.7097,0.12323912233114243,0.12323912233114243,0.029401296749711037,0.9538796544075012,True,t_inst,t_inst,True
R_harm_user,R_role_tool_vs_user@t_inst,23,0.7419,0.18363426625728607,0.18363426625728607,0.029401296749711037,0.9473074078559875,True,t_inst,t_inst,True
R_harm_user,R_role_tool_vs_user@t_inst,24,0.7742,0.18213993310928345,0.18213993310928345,0.029401296749711037,0.9460396766662598,True,t_inst,t_inst,True
R_harm_user,R_role_tool_vs_user@t_inst,25,0.8065,0.18529173731803894,0.18529173731803894,0.029401296749711037,0.9432503581047058,True,t_inst,t_inst,True
R_harm_user,R_role_tool_vs_user@t_inst,26,0.8387,0.4579659402370453,0.4579659402370453,0.029401296749711037,0.95539391040802,True,t_inst,t_inst,True
R_harm_user,R_role_tool_vs_user@t_inst,27,0.871,0.23564626276493073,0.23564626276493073,0.029401296749711037,0.9429971575737,True,t_inst,t_inst,True
R_harm_user,R_role_tool_vs_user@t_inst,28,0.9032,0.19549310207366943,0.19549310207366943,0.029401296749711037,0.9465797543525696,True,t_inst,t_inst,True
R_harm_user,R_role_tool_vs_user@t_inst,29,0.9355,0.1638929545879364,0.1638929545879364,0.029401296749711037,0.9492502212524414,True,t_inst,t_inst,True
R_harm_user,R_role_tool_vs_user@t_inst,30,0.9677,0.09070396423339844,0.09070396423339844,0.029401296749711037,0.953811526298523,True,t_inst,t_inst,True
R_harm_user,R_role_tool_vs_user@t_inst,31,1.0,-0.11897017061710358,0.11897017061710358,0.029401296749711037,0.973361611366272,True,t_inst,t_inst,True
R_harm_user,R_role_tool_vs_user@t_post_inst,0,0.0,0.3721681535243988,0.3721681535243988,0.029401296749711037,0.9917111396789552,True,t_inst,t_post_inst,False
R_harm_user,R_role_tool_vs_user@t_post_inst,1,0.0323,-0.10708413273096085,0.10708413273096085,0.029401296749711037,0.9868729710578918,True,t_inst,t_post_inst,False
R_harm_user,R_role_tool_vs_user@t_post_inst,2,0.0645,-0.09038868546485901,0.09038868546485901,0.029401296749711037,0.9500358700752258,True,t_inst,t_post_inst,False
R_harm_user,R_role_tool_vs_user@t_post_inst,3,0.0968,0.049203816801309586,0.049203816801309586,0.029401296749711037,0.9657729268074036,True,t_inst,t_post_inst,False
R_harm_user,R_role_tool_vs_user@t_post_inst,4,0.129,0.001681061927229166,0.001681061927229166,0.029401296749711037,0.9643405079841614,False,t_inst,t_post_inst,False
R_harm_user,R_role_tool_vs_user@t_post_inst,5,0.1613,0.00255533866584301,0.00255533866584301,0.029401296749711037,0.9511004686355592,False,t_inst,t_post_inst,False
R_harm_user,R_role_tool_vs_user@t_post_inst,6,0.1935,-0.00912969559431076,0.00912969559431076,0.029401296749711037,0.938425362110138,False,t_inst,t_post_inst,False
R_harm_user,R_role_tool_vs_user@t_post_inst,7,0.2258,0.002640223130583763,0.002640223130583763,0.029401296749711037,0.9380353689193726,False,t_inst,t_post_inst,False
R_harm_user,R_role_tool_vs_user@t_post_inst,8,0.2581,-0.02027939446270466,0.02027939446270466,0.029401296749711037,0.9397829174995422,False,t_inst,t_post_inst,False
R_harm_user,R_role_tool_vs_user@t_post_inst,9,0.2903,-0.013935202732682228,0.013935202732682228,0.029401296749711037,0.9406668543815612,False,t_inst,t_post_inst,False
R_harm_user,R_role_tool_vs_user@t_post_inst,10,0.3226,-0.0794626995921135,0.0794626995921135,0.029401296749711037,0.943841814994812,True,t_inst,t_post_inst,False
R_harm_user,R_role_tool_vs_user@t_post_inst,11,0.3548,-0.029819412156939507,0.029819412156939507,0.029401296749711037,0.946647047996521,True,t_inst,t_post_inst,False
R_harm_user,R_role_tool_vs_user@t_post_inst,12,0.3871,-0.04272286593914032,0.04272286593914032,0.029401296749711037,0.9525097012519836,True,t_inst,t_post_inst,False
R_harm_user,R_role_tool_vs_user@t_post_inst,13,0.4194,-0.017044711858034134,0.017044711858034134,0.029401296749711037,0.955252766609192,False,t_inst,t_post_inst,False
R_harm_user,R_role_tool_vs_user@t_post_inst,14,0.4516,-0.05151214450597763,0.05151214450597763,0.029401296749711037,0.9605939984321594,True,t_inst,t_post_inst,False
R_harm_user,R_role_tool_vs_user@t_post_inst,15,0.4839,-0.013422058895230293,0.013422058895230293,0.029401296749711037,0.9597479104995728,False,t_inst,t_post_inst,False
R_harm_user,R_role_tool_vs_user@t_post_inst,16,0.5161,-0.03204670548439026,0.03204670548439026,0.029401296749711037,0.9632683992385864,True,t_inst,t_post_inst,False
R_harm_user,R_role_tool_vs_user@t_post_inst,17,0.5484,-0.0331067256629467,0.0331067256629467,0.029401296749711037,0.9661420583724976,True,t_inst,t_post_inst,False
R_harm_user,R_role_tool_vs_user@t_post_inst,18,0.5806,-0.05069435015320778,0.05069435015320778,0.029401296749711037,0.9683402180671692,True,t_inst,t_post_inst,False
R_harm_user,R_role_tool_vs_user@t_post_inst,19,0.6129,-0.08238676190376282,0.08238676190376282,0.029401296749711037,0.9622381329536438,True,t_inst,t_post_inst,False
R_harm_user,R_role_tool_vs_user@t_post_inst,20,0.6452,-0.06070394814014435,0.06070394814014435,0.029401296749711037,0.9604061245918274,True,t_inst,t_post_inst,False
R_harm_user,R_role_tool_vs_user@t_post_inst,21,0.6774,-0.049159422516822815,0.049159422516822815,0.029401296749711037,0.9582497477531432,True,t_inst,t_post_inst,False
R_harm_user,R_role_tool_vs_user@t_post_inst,22,0.7097,-0.04170285910367966,0.04170285910367966,0.029401296749711037,0.9538796544075012,True,t_inst,t_post_inst,False
R_harm_user,R_role_tool_vs_user@t_post_inst,23,0.7419,-0.07206740230321884,0.07206740230321884,0.029401296749711037,0.9473074078559875,True,t_inst,t_post_inst,False
R_harm_user,R_role_tool_vs_user@t_post_inst,24,0.7742,-0.0681767463684082,0.0681767463684082,0.029401296749711037,0.9460396766662598,True,t_inst,t_post_inst,False
R_harm_user,R_role_tool_vs_user@t_post_inst,25,0.8065,-0.06396165490150452,0.06396165490150452,0.029401296749711037,0.9432503581047058,True,t_inst,t_post_inst,False
R_harm_user,R_role_tool_vs_user@t_post_inst,26,0.8387,-0.038579441606998444,0.038579441606998444,0.029401296749711037,0.95539391040802,True,t_inst,t_post_inst,False
R_harm_user,R_role_tool_vs_user@t_post_inst,27,0.871,-0.06165185570716858,0.06165185570716858,0.029401296749711037,0.9429971575737,True,t_inst,t_post_inst,False
R_harm_user,R_role_tool_vs_user@t_post_inst,28,0.9032,-0.06408841907978058,0.06408841907978058,0.029401296749711037,0.9465797543525696,True,t_inst,t_post_inst,False
R_harm_user,R_role_tool_vs_user@t_post_inst,29,0.9355,-0.05623123049736023,0.05623123049736023,0.029401296749711037,0.9492502212524414,True,t_inst,t_post_inst,False
R_harm_user,R_role_tool_vs_user@t_post_inst,30,0.9677,-0.07333021610975266,0.07333021610975266,0.029401296749711037,0.953811526298523,True,t_inst,t_post_inst,False
R_harm_user,R_role_tool_vs_user@t_post_inst,31,1.0,-0.1617506891489029,0.1617506891489029,0.029401296749711037,0.973361611366272,True,t_inst,t_post_inst,False
R_role_assistant_vs_user@t_inst,R_role_assistant_vs_user@t_post_inst,0,0.0,0.23745927214622498,0.23745927214622498,0.029401296749711037,,True,t_inst,t_post_inst,False
R_role_assistant_vs_user@t_inst,R_role_assistant_vs_user@t_post_inst,1,0.0323,0.0360441654920578,0.0360441654920578,0.029401296749711037,,True,t_inst,t_post_inst,False
R_role_assistant_vs_user@t_inst,R_role_assistant_vs_user@t_post_inst,2,0.0645,0.2526535987854004,0.2526535987854004,0.029401296749711037,,True,t_inst,t_post_inst,False
R_role_assistant_vs_user@t_inst,R_role_assistant_vs_user@t_post_inst,3,0.0968,-0.02448025718331337,0.02448025718331337,0.029401296749711037,,False,t_inst,t_post_inst,False
R_role_assistant_vs_user@t_inst,R_role_assistant_vs_user@t_post_inst,4,0.129,0.024786116555333138,0.024786116555333138,0.029401296749711037,,False,t_inst,t_post_inst,False
R_role_assistant_vs_user@t_inst,R_role_assistant_vs_user@t_post_inst,5,0.1613,0.027114439755678177,0.027114439755678177,0.029401296749711037,,False,t_inst,t_post_inst,False
R_role_assistant_vs_user@t_inst,R_role_assistant_vs_user@t_post_inst,6,0.1935,0.11258521676063538,0.11258521676063538,0.029401296749711037,,True,t_inst,t_post_inst,False
R_role_assistant_vs_user@t_inst,R_role_assistant_vs_user@t_post_inst,7,0.2258,0.06308908760547638,0.06308908760547638,0.029401296749711037,,True,t_inst,t_post_inst,False
R_role_assistant_vs_user@t_inst,R_role_assistant_vs_user@t_post_inst,8,0.2581,0.11139197647571564,0.11139197647571564,0.029401296749711037,,True,t_inst,t_post_inst,False
R_role_assistant_vs_user@t_inst,R_role_assistant_vs_user@t_post_inst,9,0.2903,0.09110189974308014,0.09110189974308014,0.029401296749711037,,True,t_inst,t_post_inst,False
R_role_assistant_vs_user@t_inst,R_role_assistant_vs_user@t_post_inst,10,0.3226,0.18449708819389343,0.18449708819389343,0.029401296749711037,,True,t_inst,t_post_inst,False
R_role_assistant_vs_user@t_inst,R_role_assistant_vs_user@t_post_inst,11,0.3548,0.12183821201324463,0.12183821201324463,0.029401296749711037,,True,t_inst,t_post_inst,False
R_role_assistant_vs_user@t_inst,R_role_assistant_vs_user@t_post_inst,12,0.3871,0.11022622883319855,0.11022622883319855,0.029401296749711037,,True,t_inst,t_post_inst,False
R_role_assistant_vs_user@t_inst,R_role_assistant_vs_user@t_post_inst,13,0.4194,0.09165135025978088,0.09165135025978088,0.029401296749711037,,True,t_inst,t_post_inst,False
R_role_assistant_vs_user@t_inst,R_role_assistant_vs_user@t_post_inst,14,0.4516,0.0396500788629055,0.0396500788629055,0.029401296749711037,,True,t_inst,t_post_inst,False
R_role_assistant_vs_user@t_inst,R_role_assistant_vs_user@t_post_inst,15,0.4839,0.090497225522995,0.090497225522995,0.029401296749711037,,True,t_inst,t_post_inst,False
R_role_assistant_vs_user@t_inst,R_role_assistant_vs_user@t_post_inst,16,0.5161,0.07613766193389893,0.07613766193389893,0.029401296749711037,,True,t_inst,t_post_inst,False
R_role_assistant_vs_user@t_inst,R_role_assistant_vs_user@t_post_inst,17,0.5484,0.06362815201282501,0.06362815201282501,0.029401296749711037,,True,t_inst,t_post_inst,False
R_role_assistant_vs_user@t_inst,R_role_assistant_vs_user@t_post_inst,18,0.5806,0.12952306866645813,0.12952306866645813,0.029401296749711037,,True,t_inst,t_post_inst,False
R_role_assistant_vs_user@t_inst,R_role_assistant_vs_user@t_post_inst,19,0.6129,0.15847612917423248,0.15847612917423248,0.029401296749711037,,True,t_inst,t_post_inst,False
R_role_assistant_vs_user@t_inst,R_role_assistant_vs_user@t_post_inst,20,0.6452,0.13392630219459534,0.13392630219459534,0.029401296749711037,,True,t_inst,t_post_inst,False
R_role_assistant_vs_user@t_inst,R_role_assistant_vs_user@t_post_inst,21,0.6774,0.13919341564178467,0.13919341564178467,0.029401296749711037,,True,t_inst,t_post_inst,False
R_role_assistant_vs_user@t_inst,R_role_assistant_vs_user@t_post_inst,22,0.7097,0.1668386459350586,0.1668386459350586,0.029401296749711037,,True,t_inst,t_post_inst,False
R_role_assistant_vs_user@t_inst,R_role_assistant_vs_user@t_post_inst,23,0.7419,0.16704204678535461,0.16704204678535461,0.029401296749711037,,True,t_inst,t_post_inst,False
R_role_assistant_vs_user@t_inst,R_role_assistant_vs_user@t_post_inst,24,0.7742,0.1438203752040863,0.1438203752040863,0.029401296749711037,,True,t_inst,t_post_inst,False
R_role_assistant_vs_user@t_inst,R_role_assistant_vs_user@t_post_inst,25,0.8065,0.10829448699951172,0.10829448699951172,0.029401296749711037,,True,t_inst,t_post_inst,False
R_role_assistant_vs_user@t_inst,R_role_assistant_vs_user@t_post_inst,26,0.8387,-0.057548463344573975,0.057548463344573975,0.029401296749711037,,True,t_inst,t_post_inst,False
R_role_assistant_vs_user@t_inst,R_role_assistant_vs_user@t_post_inst,27,0.871,0.1500016152858734,0.1500016152858734,0.029401296749711037,,True,t_inst,t_post_inst,False
R_role_assistant_vs_user@t_inst,R_role_assistant_vs_user@t_post_inst,28,0.9032,0.1419203132390976,0.1419203132390976,0.029401296749711037,,True,t_inst,t_post_inst,False
R_role_assistant_vs_user@t_inst,R_role_assistant_vs_user@t_post_inst,29,0.9355,0.18183477222919464,0.18183477222919464,0.029401296749711037,,True,t_inst,t_post_inst,False
R_role_assistant_vs_user@t_inst,R_role_assistant_vs_user@t_post_inst,30,0.9677,0.13188889622688293,0.13188889622688293,0.029401296749711037,,True,t_inst,t_post_inst,False
R_role_assistant_vs_user@t_inst,R_role_assistant_vs_user@t_post_inst,31,1.0,0.0034638792276382446,0.0034638792276382446,0.029401296749711037,,False,t_inst,t_post_inst,False
R_role_assistant_vs_user@t_inst,R_role_system_vs_user@t_inst,0,0.0,0.23226207494735718,0.23226207494735718,0.029401296749711037,,True,t_inst,t_inst,True
R_role_assistant_vs_user@t_inst,R_role_system_vs_user@t_inst,1,0.0323,0.25683045387268066,0.25683045387268066,0.029401296749711037,,True,t_inst,t_inst,True
R_role_assistant_vs_user@t_inst,R_role_system_vs_user@t_inst,2,0.0645,0.1623697727918625,0.1623697727918625,0.029401296749711037,,True,t_inst,t_inst,True
R_role_assistant_vs_user@t_inst,R_role_system_vs_user@t_inst,3,0.0968,0.027904145419597626,0.027904145419597626,0.029401296749711037,,False,t_inst,t_inst,True
R_role_assistant_vs_user@t_inst,R_role_system_vs_user@t_inst,4,0.129,0.37865012884140015,0.37865012884140015,0.029401296749711037,,True,t_inst,t_inst,True
R_role_assistant_vs_user@t_inst,R_role_system_vs_user@t_inst,5,0.1613,0.2853793203830719,0.2853793203830719,0.029401296749711037,,True,t_inst,t_inst,True
R_role_assistant_vs_user@t_inst,R_role_system_vs_user@t_inst,6,0.1935,0.30412349104881287,0.30412349104881287,0.029401296749711037,,True,t_inst,t_inst,True
R_role_assistant_vs_user@t_inst,R_role_system_vs_user@t_inst,7,0.2258,0.1379345804452896,0.1379345804452896,0.029401296749711037,,True,t_inst,t_inst,True
R_role_assistant_vs_user@t_inst,R_role_system_vs_user@t_inst,8,0.2581,0.1867993324995041,0.1867993324995041,0.029401296749711037,,True,t_inst,t_inst,True
R_role_assistant_vs_user@t_inst,R_role_system_vs_user@t_inst,9,0.2903,0.12374120950698853,0.12374120950698853,0.029401296749711037,,True,t_inst,t_inst,True
R_role_assistant_vs_user@t_inst,R_role_system_vs_user@t_inst,10,0.3226,0.2939487397670746,0.2939487397670746,0.029401296749711037,,True,t_inst,t_inst,True
R_role_assistant_vs_user@t_inst,R_role_system_vs_user@t_inst,11,0.3548,0.18264734745025635,0.18264734745025635,0.029401296749711037,,True,t_inst,t_inst,True
R_role_assistant_vs_user@t_inst,R_role_system_vs_user@t_inst,12,0.3871,0.20404505729675293,0.20404505729675293,0.029401296749711037,,True,t_inst,t_inst,True
R_role_assistant_vs_user@t_inst,R_role_system_vs_user@t_inst,13,0.4194,0.19370892643928528,0.19370892643928528,0.029401296749711037,,True,t_inst,t_inst,True
R_role_assistant_vs_user@t_inst,R_role_system_vs_user@t_inst,14,0.4516,0.24140998721122742,0.24140998721122742,0.029401296749711037,,True,t_inst,t_inst,True
R_role_assistant_vs_user@t_inst,R_role_system_vs_user@t_inst,15,0.4839,0.09614868462085724,0.09614868462085724,0.029401296749711037,,True,t_inst,t_inst,True
R_role_assistant_vs_user@t_inst,R_role_system_vs_user@t_inst,16,0.5161,0.03129149228334427,0.03129149228334427,0.029401296749711037,,True,t_inst,t_inst,True
R_role_assistant_vs_user@t_inst,R_role_system_vs_user@t_inst,17,0.5484,0.0473204106092453,0.0473204106092453,0.029401296749711037,,True,t_inst,t_inst,True
R_role_assistant_vs_user@t_inst,R_role_system_vs_user@t_inst,18,0.5806,0.048901669681072235,0.048901669681072235,0.029401296749711037,,True,t_inst,t_inst,True
R_role_assistant_vs_user@t_inst,R_role_system_vs_user@t_inst,19,0.6129,-0.07150488346815109,0.07150488346815109,0.029401296749711037,,True,t_inst,t_inst,True
R_role_assistant_vs_user@t_inst,R_role_system_vs_user@t_inst,20,0.6452,-0.1167168989777565,0.1167168989777565,0.029401296749711037,,True,t_inst,t_inst,True
R_role_assistant_vs_user@t_inst,R_role_system_vs_user@t_inst,21,0.6774,-0.11731022596359253,0.11731022596359253,0.029401296749711037,,True,t_inst,t_inst,True
R_role_assistant_vs_user@t_inst,R_role_system_vs_user@t_inst,22,0.7097,-0.14149287343025208,0.14149287343025208,0.029401296749711037,,True,t_inst,t_inst,True
R_role_assistant_vs_user@t_inst,R_role_system_vs_user@t_inst,23,0.7419,-0.12169831246137619,0.12169831246137619,0.029401296749711037,,True,t_inst,t_inst,True
R_role_assistant_vs_user@t_inst,R_role_system_vs_user@t_inst,24,0.7742,-0.08261282742023468,0.08261282742023468,0.029401296749711037,,True,t_inst,t_inst,True
R_role_assistant_vs_user@t_inst,R_role_system_vs_user@t_inst,25,0.8065,-0.06657160818576813,0.06657160818576813,0.029401296749711037,,True,t_inst,t_inst,True
R_role_assistant_vs_user@t_inst,R_role_system_vs_user@t_inst,26,0.8387,-0.07249436527490616,0.07249436527490616,0.029401296749711037,,True,t_inst,t_inst,True
R_role_assistant_vs_user@t_inst,R_role_system_vs_user@t_inst,27,0.871,-0.026368770748376846,0.026368770748376846,0.029401296749711037,,False,t_inst,t_inst,True
R_role_assistant_vs_user@t_inst,R_role_system_vs_user@t_inst,28,0.9032,-0.009941302239894867,0.009941302239894867,0.029401296749711037,,False,t_inst,t_inst,True
R_role_assistant_vs_user@t_inst,R_role_system_vs_user@t_inst,29,0.9355,-0.01308257132768631,0.01308257132768631,0.029401296749711037,,False,t_inst,t_inst,True
R_role_assistant_vs_user@t_inst,R_role_system_vs_user@t_inst,30,0.9677,0.029056373983621597,0.029056373983621597,0.029401296749711037,,False,t_inst,t_inst,True
R_role_assistant_vs_user@t_inst,R_role_system_vs_user@t_inst,31,1.0,-0.0055213794112205505,0.0055213794112205505,0.029401296749711037,,False,t_inst,t_inst,True
R_role_assistant_vs_user@t_inst,R_role_system_vs_user@t_post_inst,0,0.0,0.13425302505493164,0.13425302505493164,0.029401296749711037,,True,t_inst,t_post_inst,False
R_role_assistant_vs_user@t_inst,R_role_system_vs_user@t_post_inst,1,0.0323,-0.010736953467130661,0.010736953467130661,0.029401296749711037,,False,t_inst,t_post_inst,False
R_role_assistant_vs_user@t_inst,R_role_system_vs_user@t_post_inst,2,0.0645,0.08781901746988297,0.08781901746988297,0.029401296749711037,,True,t_inst,t_post_inst,False
R_role_assistant_vs_user@t_inst,R_role_system_vs_user@t_post_inst,3,0.0968,0.12066952139139175,0.12066952139139175,0.029401296749711037,,True,t_inst,t_post_inst,False
R_role_assistant_vs_user@t_inst,R_role_system_vs_user@t_post_inst,4,0.129,0.07222431898117065,0.07222431898117065,0.029401296749711037,,True,t_inst,t_post_inst,False
R_role_assistant_vs_user@t_inst,R_role_system_vs_user@t_post_inst,5,0.1613,0.034059181809425354,0.034059181809425354,0.029401296749711037,,True,t_inst,t_post_inst,False
R_role_assistant_vs_user@t_inst,R_role_system_vs_user@t_post_inst,6,0.1935,-0.03365204110741615,0.03365204110741615,0.029401296749711037,,True,t_inst,t_post_inst,False
R_role_assistant_vs_user@t_inst,R_role_system_vs_user@t_post_inst,7,0.2258,-0.0593767911195755,0.0593767911195755,0.029401296749711037,,True,t_inst,t_post_inst,False
R_role_assistant_vs_user@t_inst,R_role_system_vs_user@t_post_inst,8,0.2581,-0.07052601128816605,0.07052601128816605,0.029401296749711037,,True,t_inst,t_post_inst,False
R_role_assistant_vs_user@t_inst,R_role_system_vs_user@t_post_inst,9,0.2903,-0.06244196742773056,0.06244196742773056,0.029401296749711037,,True,t_inst,t_post_inst,False
R_role_assistant_vs_user@t_inst,R_role_system_vs_user@t_post_inst,10,0.3226,-0.04263865575194359,0.04263865575194359,0.029401296749711037,,True,t_inst,t_post_inst,False
R_role_assistant_vs_user@t_inst,R_role_system_vs_user@t_post_inst,11,0.3548,-0.09125125408172607,0.09125125408172607,0.029401296749711037,,True,t_inst,t_post_inst,False
R_role_assistant_vs_user@t_inst,R_role_system_vs_user@t_post_inst,12,0.3871,-0.08422669023275375,0.08422669023275375,0.029401296749711037,,True,t_inst,t_post_inst,False
R_role_assistant_vs_user@t_inst,R_role_system_vs_user@t_post_inst,13,0.4194,-0.08092956990003586,0.08092956990003586,0.029401296749711037,,True,t_inst,t_post_inst,False
R_role_assistant_vs_user@t_inst,R_role_system_vs_user@t_post_inst,14,0.4516,-0.13172489404678345,0.13172489404678345,0.029401296749711037,,True,t_inst,t_post_inst,False
R_role_assistant_vs_user@t_inst,R_role_system_vs_user@t_post_inst,15,0.4839,-0.05109283700585365,0.05109283700585365,0.029401296749711037,,True,t_inst,t_post_inst,False
R_role_assistant_vs_user@t_inst,R_role_system_vs_user@t_post_inst,16,0.5161,3.0297785997390747e-05,3.0297785997390747e-05,0.029401296749711037,,False,t_inst,t_post_inst,False
R_role_assistant_vs_user@t_inst,R_role_system_vs_user@t_post_inst,17,0.5484,0.01962030865252018,0.01962030865252018,0.029401296749711037,,False,t_inst,t_post_inst,False
R_role_assistant_vs_user@t_inst,R_role_system_vs_user@t_post_inst,18,0.5806,0.00685526616871357,0.00685526616871357,0.029401296749711037,,False,t_inst,t_post_inst,False
R_role_assistant_vs_user@t_inst,R_role_system_vs_user@t_post_inst,19,0.6129,0.03899192810058594,0.03899192810058594,0.029401296749711037,,True,t_inst,t_post_inst,False
R_role_assistant_vs_user@t_inst,R_role_system_vs_user@t_post_inst,20,0.6452,0.018396425992250443,0.018396425992250443,0.029401296749711037,,False,t_inst,t_post_inst,False
R_role_assistant_vs_user@t_inst,R_role_system_vs_user@t_post_inst,21,0.6774,0.04269019514322281,0.04269019514322281,0.029401296749711037,,True,t_inst,t_post_inst,False
R_role_assistant_vs_user@t_inst,R_role_system_vs_user@t_post_inst,22,0.7097,-0.0010132924653589725,0.0010132924653589725,0.029401296749711037,,False,t_inst,t_post_inst,False
R_role_assistant_vs_user@t_inst,R_role_system_vs_user@t_post_inst,23,0.7419,0.0006408677436411381,0.0006408677436411381,0.029401296749711037,,False,t_inst,t_post_inst,False
R_role_assistant_vs_user@t_inst,R_role_system_vs_user@t_post_inst,24,0.7742,-0.0712277814745903,0.0712277814745903,0.029401296749711037,,True,t_inst,t_post_inst,False
R_role_assistant_vs_user@t_inst,R_role_system_vs_user@t_post_inst,25,0.8065,-0.10296273976564407,0.10296273976564407,0.029401296749711037,,True,t_inst,t_post_inst,False
R_role_assistant_vs_user@t_inst,R_role_system_vs_user@t_post_inst,26,0.8387,-0.1949901133775711,0.1949901133775711,0.029401296749711037,,True,t_inst,t_post_inst,False
R_role_assistant_vs_user@t_inst,R_role_system_vs_user@t_post_inst,27,0.871,0.007489953190088272,0.007489953190088272,0.029401296749711037,,False,t_inst,t_post_inst,False
R_role_assistant_vs_user@t_inst,R_role_system_vs_user@t_post_inst,28,0.9032,-0.020918285474181175,0.020918285474181175,0.029401296749711037,,False,t_inst,t_post_inst,False
R_role_assistant_vs_user@t_inst,R_role_system_vs_user@t_post_inst,29,0.9355,0.02797270379960537,0.02797270379960537,0.029401296749711037,,False,t_inst,t_post_inst,False
R_role_assistant_vs_user@t_inst,R_role_system_vs_user@t_post_inst,30,0.9677,0.022099919617176056,0.022099919617176056,0.029401296749711037,,False,t_inst,t_post_inst,False
R_role_assistant_vs_user@t_inst,R_role_system_vs_user@t_post_inst,31,1.0,-0.21098744869232178,0.21098744869232178,0.029401296749711037,,True,t_inst,t_post_inst,False
R_role_assistant_vs_user@t_inst,R_role_tool_vs_user@t_inst,0,0.0,0.6465072631835938,0.6465072631835938,0.029401296749711037,,True,t_inst,t_inst,True
R_role_assistant_vs_user@t_inst,R_role_tool_vs_user@t_inst,1,0.0323,0.7270323038101196,0.7270323038101196,0.029401296749711037,,True,t_inst,t_inst,True
R_role_assistant_vs_user@t_inst,R_role_tool_vs_user@t_inst,2,0.0645,0.7891589999198914,0.7891589999198914,0.029401296749711037,,True,t_inst,t_inst,True
R_role_assistant_vs_user@t_inst,R_role_tool_vs_user@t_inst,3,0.0968,0.7680744528770447,0.7680744528770447,0.029401296749711037,,True,t_inst,t_inst,True
R_role_assistant_vs_user@t_inst,R_role_tool_vs_user@t_inst,4,0.129,0.7475005984306335,0.7475005984306335,0.029401296749711037,,True,t_inst,t_inst,True
R_role_assistant_vs_user@t_inst,R_role_tool_vs_user@t_inst,5,0.1613,0.6375454068183899,0.6375454068183899,0.029401296749711037,,True,t_inst,t_inst,True
R_role_assistant_vs_user@t_inst,R_role_tool_vs_user@t_inst,6,0.1935,0.644896388053894,0.644896388053894,0.029401296749711037,,True,t_inst,t_inst,True
R_role_assistant_vs_user@t_inst,R_role_tool_vs_user@t_inst,7,0.2258,0.6027246117591858,0.6027246117591858,0.029401296749711037,,True,t_inst,t_inst,True
R_role_assistant_vs_user@t_inst,R_role_tool_vs_user@t_inst,8,0.2581,0.5781021118164062,0.5781021118164062,0.029401296749711037,,True,t_inst,t_inst,True
R_role_assistant_vs_user@t_inst,R_role_tool_vs_user@t_inst,9,0.2903,0.5156109929084778,0.5156109929084778,0.029401296749711037,,True,t_inst,t_inst,True
R_role_assistant_vs_user@t_inst,R_role_tool_vs_user@t_inst,10,0.3226,0.5062634944915771,0.5062634944915771,0.029401296749711037,,True,t_inst,t_inst,True
R_role_assistant_vs_user@t_inst,R_role_tool_vs_user@t_inst,11,0.3548,0.5386261940002441,0.5386261940002441,0.029401296749711037,,True,t_inst,t_inst,True
R_role_assistant_vs_user@t_inst,R_role_tool_vs_user@t_inst,12,0.3871,0.5089787244796753,0.5089787244796753,0.029401296749711037,,True,t_inst,t_inst,True
R_role_assistant_vs_user@t_inst,R_role_tool_vs_user@t_inst,13,0.4194,0.44057783484458923,0.44057783484458923,0.029401296749711037,,True,t_inst,t_inst,True
R_role_assistant_vs_user@t_inst,R_role_tool_vs_user@t_inst,14,0.4516,0.24708403646945953,0.24708403646945953,0.029401296749711037,,True,t_inst,t_inst,True
R_role_assistant_vs_user@t_inst,R_role_tool_vs_user@t_inst,15,0.4839,0.3311346769332886,0.3311346769332886,0.029401296749711037,,True,t_inst,t_inst,True
R_role_assistant_vs_user@t_inst,R_role_tool_vs_user@t_inst,16,0.5161,0.2705901563167572,0.2705901563167572,0.029401296749711037,,True,t_inst,t_inst,True
R_role_assistant_vs_user@t_inst,R_role_tool_vs_user@t_inst,17,0.5484,0.06585430353879929,0.06585430353879929,0.029401296749711037,,True,t_inst,t_inst,True
R_role_assistant_vs_user@t_inst,R_role_tool_vs_user@t_inst,18,0.5806,-0.03895934298634529,0.03895934298634529,0.029401296749711037,,True,t_inst,t_inst,True
R_role_assistant_vs_user@t_inst,R_role_tool_vs_user@t_inst,19,0.6129,-0.14086288213729858,0.14086288213729858,0.029401296749711037,,True,t_inst,t_inst,True
R_role_assistant_vs_user@t_inst,R_role_tool_vs_user@t_inst,20,0.6452,-0.20112282037734985,0.20112282037734985,0.029401296749711037,,True,t_inst,t_inst,True
R_role_assistant_vs_user@t_inst,R_role_tool_vs_user@t_inst,21,0.6774,-0.21921229362487793,0.21921229362487793,0.029401296749711037,,True,t_inst,t_inst,True
R_role_assistant_vs_user@t_inst,R_role_tool_vs_user@t_inst,22,0.7097,-0.2221578061580658,0.2221578061580658,0.029401296749711037,,True,t_inst,t_inst,True
R_role_assistant_vs_user@t_inst,R_role_tool_vs_user@t_inst,23,0.7419,-0.24476969242095947,0.24476969242095947,0.029401296749711037,,True,t_inst,t_inst,True
R_role_assistant_vs_user@t_inst,R_role_tool_vs_user@t_inst,24,0.7742,-0.26780104637145996,0.26780104637145996,0.029401296749711037,,True,t_inst,t_inst,True
R_role_assistant_vs_user@t_inst,R_role_tool_vs_user@t_inst,25,0.8065,-0.32496094703674316,0.32496094703674316,0.029401296749711037,,True,t_inst,t_inst,True
R_role_assistant_vs_user@t_inst,R_role_tool_vs_user@t_inst,26,0.8387,-0.4187466502189636,0.4187466502189636,0.029401296749711037,,True,t_inst,t_inst,True
R_role_assistant_vs_user@t_inst,R_role_tool_vs_user@t_inst,27,0.871,-0.2347932755947113,0.2347932755947113,0.029401296749711037,,True,t_inst,t_inst,True
R_role_assistant_vs_user@t_inst,R_role_tool_vs_user@t_inst,28,0.9032,-0.27344974875450134,0.27344974875450134,0.029401296749711037,,True,t_inst,t_inst,True
R_role_assistant_vs_user@t_inst,R_role_tool_vs_user@t_inst,29,0.9355,-0.22040314972400665,0.22040314972400665,0.029401296749711037,,True,t_inst,t_inst,True
R_role_assistant_vs_user@t_inst,R_role_tool_vs_user@t_inst,30,0.9677,-0.1831468641757965,0.1831468641757965,0.029401296749711037,,True,t_inst,t_inst,True
R_role_assistant_vs_user@t_inst,R_role_tool_vs_user@t_inst,31,1.0,-0.42404377460479736,0.42404377460479736,0.029401296749711037,,True,t_inst,t_inst,True
R_role_assistant_vs_user@t_inst,R_role_tool_vs_user@t_post_inst,0,0.0,0.07188931852579117,0.07188931852579117,0.029401296749711037,,True,t_inst,t_post_inst,False
R_role_assistant_vs_user@t_inst,R_role_tool_vs_user@t_post_inst,1,0.0323,0.10206039249897003,0.10206039249897003,0.029401296749711037,,True,t_inst,t_post_inst,False
R_role_assistant_vs_user@t_inst,R_role_tool_vs_user@t_post_inst,2,0.0645,0.22730517387390137,0.22730517387390137,0.029401296749711037,,True,t_inst,t_post_inst,False
R_role_assistant_vs_user@t_inst,R_role_tool_vs_user@t_post_inst,3,0.0968,-0.00850832462310791,0.00850832462310791,0.029401296749711037,,False,t_inst,t_post_inst,False
R_role_assistant_vs_user@t_inst,R_role_tool_vs_user@t_post_inst,4,0.129,0.026475032791495323,0.026475032791495323,0.029401296749711037,,False,t_inst,t_post_inst,False
R_role_assistant_vs_user@t_inst,R_role_tool_vs_user@t_post_inst,5,0.1613,0.029935941100120544,0.029935941100120544,0.029401296749711037,,True,t_inst,t_post_inst,False
R_role_assistant_vs_user@t_inst,R_role_tool_vs_user@t_post_inst,6,0.1935,0.11468280851840973,0.11468280851840973,0.029401296749711037,,True,t_inst,t_post_inst,False
R_role_assistant_vs_user@t_inst,R_role_tool_vs_user@t_post_inst,7,0.2258,0.03150840103626251,0.03150840103626251,0.029401296749711037,,True,t_inst,t_post_inst,False
R_role_assistant_vs_user@t_inst,R_role_tool_vs_user@t_post_inst,8,0.2581,0.04384741932153702,0.04384741932153702,0.029401296749711037,,True,t_inst,t_post_inst,False
R_role_assistant_vs_user@t_inst,R_role_tool_vs_user@t_post_inst,9,0.2903,0.05241648107767105,0.05241648107767105,0.029401296749711037,,True,t_inst,t_post_inst,False
R_role_assistant_vs_user@t_inst,R_role_tool_vs_user@t_post_inst,10,0.3226,0.1614324301481247,0.1614324301481247,0.029401296749711037,,True,t_inst,t_post_inst,False
R_role_assistant_vs_user@t_inst,R_role_tool_vs_user@t_post_inst,11,0.3548,0.07698840647935867,0.07698840647935867,0.029401296749711037,,True,t_inst,t_post_inst,False
R_role_assistant_vs_user@t_inst,R_role_tool_vs_user@t_post_inst,12,0.3871,0.10454930365085602,0.10454930365085602,0.029401296749711037,,True,t_inst,t_post_inst,False
R_role_assistant_vs_user@t_inst,R_role_tool_vs_user@t_post_inst,13,0.4194,0.09168650954961777,0.09168650954961777,0.029401296749711037,,True,t_inst,t_post_inst,False
R_role_assistant_vs_user@t_inst,R_role_tool_vs_user@t_post_inst,14,0.4516,0.08689668774604797,0.08689668774604797,0.029401296749711037,,True,t_inst,t_post_inst,False
R_role_assistant_vs_user@t_inst,R_role_tool_vs_user@t_post_inst,15,0.4839,0.0652485191822052,0.0652485191822052,0.029401296749711037,,True,t_inst,t_post_inst,False
R_role_assistant_vs_user@t_inst,R_role_tool_vs_user@t_post_inst,16,0.5161,0.08670230209827423,0.08670230209827423,0.029401296749711037,,True,t_inst,t_post_inst,False
R_role_assistant_vs_user@t_inst,R_role_tool_vs_user@t_post_inst,17,0.5484,0.06757663190364838,0.06757663190364838,0.029401296749711037,,True,t_inst,t_post_inst,False
R_role_assistant_vs_user@t_inst,R_role_tool_vs_user@t_post_inst,18,0.5806,0.09756121039390564,0.09756121039390564,0.029401296749711037,,True,t_inst,t_post_inst,False
R_role_assistant_vs_user@t_inst,R_role_tool_vs_user@t_post_inst,19,0.6129,0.14131177961826324,0.14131177961826324,0.029401296749711037,,True,t_inst,t_post_inst,False
R_role_assistant_vs_user@t_inst,R_role_tool_vs_user@t_post_inst,20,0.6452,0.13681241869926453,0.13681241869926453,0.029401296749711037,,True,t_inst,t_post_inst,False
R_role_assistant_vs_user@t_inst,R_role_tool_vs_user@t_post_inst,21,0.6774,0.13983111083507538,0.13983111083507538,0.029401296749711037,,True,t_inst,t_post_inst,False
R_role_assistant_vs_user@t_inst,R_role_tool_vs_user@t_post_inst,22,0.7097,0.1818694770336151,0.1818694770336151,0.029401296749711037,,True,t_inst,t_post_inst,False
R_role_assistant_vs_user@t_inst,R_role_tool_vs_user@t_post_inst,23,0.7419,0.19225862622261047,0.19225862622261047,0.029401296749711037,,True,t_inst,t_post_inst,False
R_role_assistant_vs_user@t_inst,R_role_tool_vs_user@t_post_inst,24,0.7742,0.2054571509361267,0.2054571509361267,0.029401296749711037,,True,t_inst,t_post_inst,False
R_role_assistant_vs_user@t_inst,R_role_tool_vs_user@t_post_inst,25,0.8065,0.20673306286334991,0.20673306286334991,0.029401296749711037,,True,t_inst,t_post_inst,False
R_role_assistant_vs_user@t_inst,R_role_tool_vs_user@t_post_inst,26,0.8387,0.15148916840553284,0.15148916840553284,0.029401296749711037,,True,t_inst,t_post_inst,False
R_role_assistant_vs_user@t_inst,R_role_tool_vs_user@t_post_inst,27,0.871,0.18279917538166046,0.18279917538166046,0.029401296749711037,,True,t_inst,t_post_inst,False
R_role_assistant_vs_user@t_inst,R_role_tool_vs_user@t_post_inst,28,0.9032,0.18835511803627014,0.18835511803627014,0.029401296749711037,,True,t_inst,t_post_inst,False
R_role_assistant_vs_user@t_inst,R_role_tool_vs_user@t_post_inst,29,0.9355,0.1594686210155487,0.1594686210155487,0.029401296749711037,,True,t_inst,t_post_inst,False
R_role_assistant_vs_user@t_inst,R_role_tool_vs_user@t_post_inst,30,0.9677,0.11662358045578003,0.11662358045578003,0.029401296749711037,,True,t_inst,t_post_inst,False
R_role_assistant_vs_user@t_inst,R_role_tool_vs_user@t_post_inst,31,1.0,-0.08656015247106552,0.08656015247106552,0.029401296749711037,,True,t_inst,t_post_inst,False
R_role_assistant_vs_user@t_post_inst,R_role_system_vs_user@t_inst,0,0.0,0.07013680040836334,0.07013680040836334,0.029401296749711037,,True,t_post_inst,t_inst,False
R_role_assistant_vs_user@t_post_inst,R_role_system_vs_user@t_inst,1,0.0323,0.0024122539907693863,0.0024122539907693863,0.029401296749711037,,False,t_post_inst,t_inst,False
R_role_assistant_vs_user@t_post_inst,R_role_system_vs_user@t_inst,2,0.0645,-0.021663855761289597,0.021663855761289597,0.029401296749711037,,False,t_post_inst,t_inst,False
R_role_assistant_vs_user@t_post_inst,R_role_system_vs_user@t_inst,3,0.0968,-0.05291128158569336,0.05291128158569336,0.029401296749711037,,True,t_post_inst,t_inst,False
R_role_assistant_vs_user@t_post_inst,R_role_system_vs_user@t_inst,4,0.129,-0.05176551640033722,0.05176551640033722,0.029401296749711037,,True,t_post_inst,t_inst,False
R_role_assistant_vs_user@t_post_inst,R_role_system_vs_user@t_inst,5,0.1613,-0.05704735592007637,0.05704735592007637,0.029401296749711037,,True,t_post_inst,t_inst,False
R_role_assistant_vs_user@t_post_inst,R_role_system_vs_user@t_inst,6,0.1935,-0.01679481565952301,0.01679481565952301,0.029401296749711037,,False,t_post_inst,t_inst,False
R_role_assistant_vs_user@t_post_inst,R_role_system_vs_user@t_inst,7,0.2258,-0.017379041761159897,0.017379041761159897,0.029401296749711037,,False,t_post_inst,t_inst,False
R_role_assistant_vs_user@t_post_inst,R_role_system_vs_user@t_inst,8,0.2581,0.04787452518939972,0.04787452518939972,0.029401296749711037,,True,t_post_inst,t_inst,False
R_role_assistant_vs_user@t_post_inst,R_role_system_vs_user@t_inst,9,0.2903,0.0014499900862574577,0.0014499900862574577,0.029401296749711037,,False,t_post_inst,t_inst,False
R_role_assistant_vs_user@t_post_inst,R_role_system_vs_user@t_inst,10,0.3226,0.05986812338232994,0.05986812338232994,0.029401296749711037,,True,t_post_inst,t_inst,False
R_role_assistant_vs_user@t_post_inst,R_role_system_vs_user@t_inst,11,0.3548,-0.02400398626923561,0.02400398626923561,0.029401296749711037,,False,t_post_inst,t_inst,False
R_role_assistant_vs_user@t_post_inst,R_role_system_vs_user@t_inst,12,0.3871,-0.03522852063179016,0.03522852063179016,0.029401296749711037,,True,t_post_inst,t_inst,False
R_role_assistant_vs_user@t_post_inst,R_role_system_vs_user@t_inst,13,0.4194,-0.02958662249147892,0.02958662249147892,0.029401296749711037,,True,t_post_inst,t_inst,False
R_role_assistant_vs_user@t_post_inst,R_role_system_vs_user@t_inst,14,0.4516,-0.06472776085138321,0.06472776085138321,0.029401296749711037,,True,t_post_inst,t_inst,False
R_role_assistant_vs_user@t_post_inst,R_role_system_vs_user@t_inst,15,0.4839,-0.030704844743013382,0.030704844743013382,0.029401296749711037,,True,t_post_inst,t_inst,False
R_role_assistant_vs_user@t_post_inst,R_role_system_vs_user@t_inst,16,0.5161,-0.05450207740068436,0.05450207740068436,0.029401296749711037,,True,t_post_inst,t_inst,False
R_role_assistant_vs_user@t_post_inst,R_role_system_vs_user@t_inst,17,0.5484,-0.04521562531590462,0.04521562531590462,0.029401296749711037,,True,t_post_inst,t_inst,False
R_role_assistant_vs_user@t_post_inst,R_role_system_vs_user@t_inst,18,0.5806,-0.0651087760925293,0.0651087760925293,0.029401296749711037,,True,t_post_inst,t_inst,False
R_role_assistant_vs_user@t_post_inst,R_role_system_vs_user@t_inst,19,0.6129,-0.10160462558269501,0.10160462558269501,0.029401296749711037,,True,t_post_inst,t_inst,False
R_role_assistant_vs_user@t_post_inst,R_role_system_vs_user@t_inst,20,0.6452,-0.06866654753684998,0.06866654753684998,0.029401296749711037,,True,t_post_inst,t_inst,False
R_role_assistant_vs_user@t_post_inst,R_role_system_vs_user@t_inst,21,0.6774,-0.06140628084540367,0.06140628084540367,0.029401296749711037,,True,t_post_inst,t_inst,False
R_role_assistant_vs_user@t_post_inst,R_role_system_vs_user@t_inst,22,0.7097,-0.09088504314422607,0.09088504314422607,0.029401296749711037,,True,t_post_inst,t_inst,False
R_role_assistant_vs_user@t_post_inst,R_role_system_vs_user@t_inst,23,0.7419,-0.08760464191436768,0.08760464191436768,0.029401296749711037,,True,t_post_inst,t_inst,False
R_role_assistant_vs_user@t_post_inst,R_role_system_vs_user@t_inst,24,0.7742,-0.07483409345149994,0.07483409345149994,0.029401296749711037,,True,t_post_inst,t_inst,False
R_role_assistant_vs_user@t_post_inst,R_role_system_vs_user@t_inst,25,0.8065,-0.09561082720756531,0.09561082720756531,0.029401296749711037,,True,t_post_inst,t_inst,False
R_role_assistant_vs_user@t_post_inst,R_role_system_vs_user@t_inst,26,0.8387,-0.15979234874248505,0.15979234874248505,0.029401296749711037,,True,t_post_inst,t_inst,False
R_role_assistant_vs_user@t_post_inst,R_role_system_vs_user@t_inst,27,0.871,-0.06596748530864716,0.06596748530864716,0.029401296749711037,,True,t_post_inst,t_inst,False
R_role_assistant_vs_user@t_post_inst,R_role_system_vs_user@t_inst,28,0.9032,-0.06561531126499176,0.06561531126499176,0.029401296749711037,,True,t_post_inst,t_inst,False
R_role_assistant_vs_user@t_post_inst,R_role_system_vs_user@t_inst,29,0.9355,-0.044741272926330566,0.044741272926330566,0.029401296749711037,,True,t_post_inst,t_inst,False
R_role_assistant_vs_user@t_post_inst,R_role_system_vs_user@t_inst,30,0.9677,-0.09148020297288895,0.09148020297288895,0.029401296749711037,,True,t_post_inst,t_inst,False
R_role_assistant_vs_user@t_post_inst,R_role_system_vs_user@t_inst,31,1.0,-0.032190222293138504,0.032190222293138504,0.029401296749711037,,True,t_post_inst,t_inst,False
R_role_assistant_vs_user@t_post_inst,R_role_system_vs_user@t_post_inst,0,0.0,0.35591334104537964,0.35591334104537964,0.029401296749711037,,True,t_post_inst,t_post_inst,True
R_role_assistant_vs_user@t_post_inst,R_role_system_vs_user@t_post_inst,1,0.0323,0.1995522528886795,0.1995522528886795,0.029401296749711037,,True,t_post_inst,t_post_inst,True
R_role_assistant_vs_user@t_post_inst,R_role_system_vs_user@t_post_inst,2,0.0645,0.21024835109710693,0.21024835109710693,0.029401296749711037,,True,t_post_inst,t_post_inst,True
R_role_assistant_vs_user@t_post_inst,R_role_system_vs_user@t_post_inst,3,0.0968,0.17032992839813232,0.17032992839813232,0.029401296749711037,,True,t_post_inst,t_post_inst,True
R_role_assistant_vs_user@t_post_inst,R_role_system_vs_user@t_post_inst,4,0.129,0.07795663177967072,0.07795663177967072,0.029401296749711037,,True,t_post_inst,t_post_inst,True
R_role_assistant_vs_user@t_post_inst,R_role_system_vs_user@t_post_inst,5,0.1613,0.0811435878276825,0.0811435878276825,0.029401296749711037,,True,t_post_inst,t_post_inst,True
R_role_assistant_vs_user@t_post_inst,R_role_system_vs_user@t_post_inst,6,0.1935,0.003816676326096058,0.003816676326096058,0.029401296749711037,,False,t_post_inst,t_post_inst,True
R_role_assistant_vs_user@t_post_inst,R_role_system_vs_user@t_post_inst,7,0.2258,0.06361933797597885,0.06361933797597885,0.029401296749711037,,True,t_post_inst,t_post_inst,True
R_role_assistant_vs_user@t_post_inst,R_role_system_vs_user@t_post_inst,8,0.2581,0.10695764422416687,0.10695764422416687,0.029401296749711037,,True,t_post_inst,t_post_inst,True
R_role_assistant_vs_user@t_post_inst,R_role_system_vs_user@t_post_inst,9,0.2903,0.08067913353443146,0.08067913353443146,0.029401296749711037,,True,t_post_inst,t_post_inst,True
R_role_assistant_vs_user@t_post_inst,R_role_system_vs_user@t_post_inst,10,0.3226,0.08733886480331421,0.08733886480331421,0.029401296749711037,,True,t_post_inst,t_post_inst,True
R_role_assistant_vs_user@t_post_inst,R_role_system_vs_user@t_post_inst,11,0.3548,0.046542517840862274,0.046542517840862274,0.029401296749711037,,True,t_post_inst,t_post_inst,True
R_role_assistant_vs_user@t_post_inst,R_role_system_vs_user@t_post_inst,12,0.3871,0.002220811555162072,0.002220811555162072,0.029401296749711037,,False,t_post_inst,t_post_inst,True
R_role_assistant_vs_user@t_post_inst,R_role_system_vs_user@t_post_inst,13,0.4194,-0.0875997394323349,0.0875997394323349,0.029401296749711037,,True,t_post_inst,t_post_inst,True
R_role_assistant_vs_user@t_post_inst,R_role_system_vs_user@t_post_inst,14,0.4516,-0.08396467566490173,0.08396467566490173,0.029401296749711037,,True,t_post_inst,t_post_inst,True
R_role_assistant_vs_user@t_post_inst,R_role_system_vs_user@t_post_inst,15,0.4839,-0.15149904787540436,0.15149904787540436,0.029401296749711037,,True,t_post_inst,t_post_inst,True
R_role_assistant_vs_user@t_post_inst,R_role_system_vs_user@t_post_inst,16,0.5161,-0.15758821368217468,0.15758821368217468,0.029401296749711037,,True,t_post_inst,t_post_inst,True
R_role_assistant_vs_user@t_post_inst,R_role_system_vs_user@t_post_inst,17,0.5484,-0.18426238000392914,0.18426238000392914,0.029401296749711037,,True,t_post_inst,t_post_inst,True
R_role_assistant_vs_user@t_post_inst,R_role_system_vs_user@t_post_inst,18,0.5806,-0.19978633522987366,0.19978633522987366,0.029401296749711037,,True,t_post_inst,t_post_inst,True
R_role_assistant_vs_user@t_post_inst,R_role_system_vs_user@t_post_inst,19,0.6129,-0.2072143852710724,0.2072143852710724,0.029401296749711037,,True,t_post_inst,t_post_inst,True
R_role_assistant_vs_user@t_post_inst,R_role_system_vs_user@t_post_inst,20,0.6452,-0.3299831449985504,0.3299831449985504,0.029401296749711037,,True,t_post_inst,t_post_inst,True
R_role_assistant_vs_user@t_post_inst,R_role_system_vs_user@t_post_inst,21,0.6774,-0.31407156586647034,0.31407156586647034,0.029401296749711037,,True,t_post_inst,t_post_inst,True
R_role_assistant_vs_user@t_post_inst,R_role_system_vs_user@t_post_inst,22,0.7097,-0.19158634543418884,0.19158634543418884,0.029401296749711037,,True,t_post_inst,t_post_inst,True
R_role_assistant_vs_user@t_post_inst,R_role_system_vs_user@t_post_inst,23,0.7419,-0.2419142872095108,0.2419142872095108,0.029401296749711037,,True,t_post_inst,t_post_inst,True
R_role_assistant_vs_user@t_post_inst,R_role_system_vs_user@t_post_inst,24,0.7742,-0.22758318483829498,0.22758318483829498,0.029401296749711037,,True,t_post_inst,t_post_inst,True
R_role_assistant_vs_user@t_post_inst,R_role_system_vs_user@t_post_inst,25,0.8065,-0.1744820773601532,0.1744820773601532,0.029401296749711037,,True,t_post_inst,t_post_inst,True
R_role_assistant_vs_user@t_post_inst,R_role_system_vs_user@t_post_inst,26,0.8387,0.10914139449596405,0.10914139449596405,0.029401296749711037,,True,t_post_inst,t_post_inst,True
R_role_assistant_vs_user@t_post_inst,R_role_system_vs_user@t_post_inst,27,0.871,-0.20403072237968445,0.20403072237968445,0.029401296749711037,,True,t_post_inst,t_post_inst,True
R_role_assistant_vs_user@t_post_inst,R_role_system_vs_user@t_post_inst,28,0.9032,-0.08914978802204132,0.08914978802204132,0.029401296749711037,,True,t_post_inst,t_post_inst,True
R_role_assistant_vs_user@t_post_inst,R_role_system_vs_user@t_post_inst,29,0.9355,-0.08886076509952545,0.08886076509952545,0.029401296749711037,,True,t_post_inst,t_post_inst,True
R_role_assistant_vs_user@t_post_inst,R_role_system_vs_user@t_post_inst,30,0.9677,0.028692584484815598,0.028692584484815598,0.029401296749711037,,False,t_post_inst,t_post_inst,True
R_role_assistant_vs_user@t_post_inst,R_role_system_vs_user@t_post_inst,31,1.0,0.18569302558898926,0.18569302558898926,0.029401296749711037,,True,t_post_inst,t_post_inst,True
R_role_assistant_vs_user@t_post_inst,R_role_tool_vs_user@t_inst,0,0.0,0.21777355670928955,0.21777355670928955,0.029401296749711037,,True,t_post_inst,t_inst,False
R_role_assistant_vs_user@t_post_inst,R_role_tool_vs_user@t_inst,1,0.0323,0.01898994669318199,0.01898994669318199,0.029401296749711037,,False,t_post_inst,t_inst,False
R_role_assistant_vs_user@t_post_inst,R_role_tool_vs_user@t_inst,2,0.0645,0.23111644387245178,0.23111644387245178,0.029401296749711037,,True,t_post_inst,t_inst,False
R_role_assistant_vs_user@t_post_inst,R_role_tool_vs_user@t_inst,3,0.0968,-0.013002132996916771,0.013002132996916771,0.029401296749711037,,False,t_post_inst,t_inst,False
R_role_assistant_vs_user@t_post_inst,R_role_tool_vs_user@t_inst,4,0.129,0.024415379390120506,0.024415379390120506,0.029401296749711037,,False,t_post_inst,t_inst,False
R_role_assistant_vs_user@t_post_inst,R_role_tool_vs_user@t_inst,5,0.1613,0.027071265503764153,0.027071265503764153,0.029401296749711037,,False,t_post_inst,t_inst,False
R_role_assistant_vs_user@t_post_inst,R_role_tool_vs_user@t_inst,6,0.1935,0.11190541833639145,0.11190541833639145,0.029401296749711037,,True,t_post_inst,t_inst,False
R_role_assistant_vs_user@t_post_inst,R_role_tool_vs_user@t_inst,7,0.2258,0.08263617753982544,0.08263617753982544,0.029401296749711037,,True,t_post_inst,t_inst,False
R_role_assistant_vs_user@t_post_inst,R_role_tool_vs_user@t_inst,8,0.2581,0.11213478446006775,0.11213478446006775,0.029401296749711037,,True,t_post_inst,t_inst,False
R_role_assistant_vs_user@t_post_inst,R_role_tool_vs_user@t_inst,9,0.2903,0.10953065752983093,0.10953065752983093,0.029401296749711037,,True,t_post_inst,t_inst,False
R_role_assistant_vs_user@t_post_inst,R_role_tool_vs_user@t_inst,10,0.3226,0.12207750976085663,0.12207750976085663,0.029401296749711037,,True,t_post_inst,t_inst,False
R_role_assistant_vs_user@t_post_inst,R_role_tool_vs_user@t_inst,11,0.3548,0.13749821484088898,0.13749821484088898,0.029401296749711037,,True,t_post_inst,t_inst,False
R_role_assistant_vs_user@t_post_inst,R_role_tool_vs_user@t_inst,12,0.3871,0.1321628987789154,0.1321628987789154,0.029401296749711037,,True,t_post_inst,t_inst,False
R_role_assistant_vs_user@t_post_inst,R_role_tool_vs_user@t_inst,13,0.4194,0.08485887199640274,0.08485887199640274,0.029401296749711037,,True,t_post_inst,t_inst,False
R_role_assistant_vs_user@t_post_inst,R_role_tool_vs_user@t_inst,14,0.4516,0.0913064181804657,0.0913064181804657,0.029401296749711037,,True,t_post_inst,t_inst,False
R_role_assistant_vs_user@t_post_inst,R_role_tool_vs_user@t_inst,15,0.4839,0.08486475050449371,0.08486475050449371,0.029401296749711037,,True,t_post_inst,t_inst,False
R_role_assistant_vs_user@t_post_inst,R_role_tool_vs_user@t_inst,16,0.5161,0.08681079745292664,0.08681079745292664,0.029401296749711037,,True,t_post_inst,t_inst,False
R_role_assistant_vs_user@t_post_inst,R_role_tool_vs_user@t_inst,17,0.5484,0.08081746101379395,0.08081746101379395,0.029401296749711037,,True,t_post_inst,t_inst,False
R_role_assistant_vs_user@t_post_inst,R_role_tool_vs_user@t_inst,18,0.5806,0.10272403806447983,0.10272403806447983,0.029401296749711037,,True,t_post_inst,t_inst,False
R_role_assistant_vs_user@t_post_inst,R_role_tool_vs_user@t_inst,19,0.6129,0.09609834104776382,0.09609834104776382,0.029401296749711037,,True,t_post_inst,t_inst,False
R_role_assistant_vs_user@t_post_inst,R_role_tool_vs_user@t_inst,20,0.6452,0.07801242917776108,0.07801242917776108,0.029401296749711037,,True,t_post_inst,t_inst,False
R_role_assistant_vs_user@t_post_inst,R_role_tool_vs_user@t_inst,21,0.6774,0.04078498110175133,0.04078498110175133,0.029401296749711037,,True,t_post_inst,t_inst,False
R_role_assistant_vs_user@t_post_inst,R_role_tool_vs_user@t_inst,22,0.7097,0.08444883674383163,0.08444883674383163,0.029401296749711037,,True,t_post_inst,t_inst,False
R_role_assistant_vs_user@t_post_inst,R_role_tool_vs_user@t_inst,23,0.7419,0.05417090281844139,0.05417090281844139,0.029401296749711037,,True,t_post_inst,t_inst,False
R_role_assistant_vs_user@t_post_inst,R_role_tool_vs_user@t_inst,24,0.7742,0.04869052767753601,0.04869052767753601,0.029401296749711037,,True,t_post_inst,t_inst,False
R_role_assistant_vs_user@t_post_inst,R_role_tool_vs_user@t_inst,25,0.8065,0.06863267719745636,0.06863267719745636,0.029401296749711037,,True,t_post_inst,t_inst,False
R_role_assistant_vs_user@t_post_inst,R_role_tool_vs_user@t_inst,26,0.8387,0.3503013253211975,0.3503013253211975,0.029401296749711037,,True,t_post_inst,t_inst,False
R_role_assistant_vs_user@t_post_inst,R_role_tool_vs_user@t_inst,27,0.871,0.0511733703315258,0.0511733703315258,0.029401296749711037,,True,t_post_inst,t_inst,False
R_role_assistant_vs_user@t_post_inst,R_role_tool_vs_user@t_inst,28,0.9032,0.05051405727863312,0.05051405727863312,0.029401296749711037,,True,t_post_inst,t_inst,False
R_role_assistant_vs_user@t_post_inst,R_role_tool_vs_user@t_inst,29,0.9355,0.026044975966215134,0.026044975966215134,0.029401296749711037,,False,t_post_inst,t_inst,False
R_role_assistant_vs_user@t_post_inst,R_role_tool_vs_user@t_inst,30,0.9677,-0.005452040582895279,0.005452040582895279,0.029401296749711037,,False,t_post_inst,t_inst,False
R_role_assistant_vs_user@t_post_inst,R_role_tool_vs_user@t_inst,31,1.0,0.11388348042964935,0.11388348042964935,0.029401296749711037,,True,t_post_inst,t_inst,False
R_role_assistant_vs_user@t_post_inst,R_role_tool_vs_user@t_post_inst,0,0.0,0.3142981231212616,0.3142981231212616,0.029401296749711037,,True,t_post_inst,t_post_inst,True
R_role_assistant_vs_user@t_post_inst,R_role_tool_vs_user@t_post_inst,1,0.0323,0.3656175136566162,0.3656175136566162,0.029401296749711037,,True,t_post_inst,t_post_inst,True
R_role_assistant_vs_user@t_post_inst,R_role_tool_vs_user@t_post_inst,2,0.0645,0.5388693809509277,0.5388693809509277,0.029401296749711037,,True,t_post_inst,t_post_inst,True
R_role_assistant_vs_user@t_post_inst,R_role_tool_vs_user@t_post_inst,3,0.0968,0.496174156665802,0.496174156665802,0.029401296749711037,,True,t_post_inst,t_post_inst,True
R_role_assistant_vs_user@t_post_inst,R_role_tool_vs_user@t_post_inst,4,0.129,0.5719906091690063,0.5719906091690063,0.029401296749711037,,True,t_post_inst,t_post_inst,True
R_role_assistant_vs_user@t_post_inst,R_role_tool_vs_user@t_post_inst,5,0.1613,0.6112668514251709,0.6112668514251709,0.029401296749711037,,True,t_post_inst,t_post_inst,True
R_role_assistant_vs_user@t_post_inst,R_role_tool_vs_user@t_post_inst,6,0.1935,0.7045883536338806,0.7045883536338806,0.029401296749711037,,True,t_post_inst,t_post_inst,True
R_role_assistant_vs_user@t_post_inst,R_role_tool_vs_user@t_post_inst,7,0.2258,0.7192543745040894,0.7192543745040894,0.029401296749711037,,True,t_post_inst,t_post_inst,True
R_role_assistant_vs_user@t_post_inst,R_role_tool_vs_user@t_post_inst,8,0.2581,0.7013221979141235,0.7013221979141235,0.029401296749711037,,True,t_post_inst,t_post_inst,True
R_role_assistant_vs_user@t_post_inst,R_role_tool_vs_user@t_post_inst,9,0.2903,0.6942105293273926,0.6942105293273926,0.029401296749711037,,True,t_post_inst,t_post_inst,True
R_role_assistant_vs_user@t_post_inst,R_role_tool_vs_user@t_post_inst,10,0.3226,0.7101948261260986,0.7101948261260986,0.029401296749711037,,True,t_post_inst,t_post_inst,True
R_role_assistant_vs_user@t_post_inst,R_role_tool_vs_user@t_post_inst,11,0.3548,0.6901981830596924,0.6901981830596924,0.029401296749711037,,True,t_post_inst,t_post_inst,True
R_role_assistant_vs_user@t_post_inst,R_role_tool_vs_user@t_post_inst,12,0.3871,0.660733699798584,0.660733699798584,0.029401296749711037,,True,t_post_inst,t_post_inst,True
R_role_assistant_vs_user@t_post_inst,R_role_tool_vs_user@t_post_inst,13,0.4194,0.6980888843536377,0.6980888843536377,0.029401296749711037,,True,t_post_inst,t_post_inst,True
R_role_assistant_vs_user@t_post_inst,R_role_tool_vs_user@t_post_inst,14,0.4516,0.706754744052887,0.706754744052887,0.029401296749711037,,True,t_post_inst,t_post_inst,True
R_role_assistant_vs_user@t_post_inst,R_role_tool_vs_user@t_post_inst,15,0.4839,0.7138082981109619,0.7138082981109619,0.029401296749711037,,True,t_post_inst,t_post_inst,True
R_role_assistant_vs_user@t_post_inst,R_role_tool_vs_user@t_post_inst,16,0.5161,0.7309048175811768,0.7309048175811768,0.029401296749711037,,True,t_post_inst,t_post_inst,True
R_role_assistant_vs_user@t_post_inst,R_role_tool_vs_user@t_post_inst,17,0.5484,0.7560328245162964,0.7560328245162964,0.029401296749711037,,True,t_post_inst,t_post_inst,True
R_role_assistant_vs_user@t_post_inst,R_role_tool_vs_user@t_post_inst,18,0.5806,0.7552043795585632,0.7552043795585632,0.029401296749711037,,True,t_post_inst,t_post_inst,True
R_role_assistant_vs_user@t_post_inst,R_role_tool_vs_user@t_post_inst,19,0.6129,0.7529550194740295,0.7529550194740295,0.029401296749711037,,True,t_post_inst,t_post_inst,True
R_role_assistant_vs_user@t_post_inst,R_role_tool_vs_user@t_post_inst,20,0.6452,0.7859363555908203,0.7859363555908203,0.029401296749711037,,True,t_post_inst,t_post_inst,True
R_role_assistant_vs_user@t_post_inst,R_role_tool_vs_user@t_post_inst,21,0.6774,0.7737851142883301,0.7737851142883301,0.029401296749711037,,True,t_post_inst,t_post_inst,True
R_role_assistant_vs_user@t_post_inst,R_role_tool_vs_user@t_post_inst,22,0.7097,0.7283676862716675,0.7283676862716675,0.029401296749711037,,True,t_post_inst,t_post_inst,True
R_role_assistant_vs_user@t_post_inst,R_role_tool_vs_user@t_post_inst,23,0.7419,0.7520109415054321,0.7520109415054321,0.029401296749711037,,True,t_post_inst,t_post_inst,True
R_role_assistant_vs_user@t_post_inst,R_role_tool_vs_user@t_post_inst,24,0.7742,0.7240256071090698,0.7240256071090698,0.029401296749711037,,True,t_post_inst,t_post_inst,True
R_role_assistant_vs_user@t_post_inst,R_role_tool_vs_user@t_post_inst,25,0.8065,0.7080249786376953,0.7080249786376953,0.029401296749711037,,True,t_post_inst,t_post_inst,True
R_role_assistant_vs_user@t_post_inst,R_role_tool_vs_user@t_post_inst,26,0.8387,0.6514042615890503,0.6514042615890503,0.029401296749711037,,True,t_post_inst,t_post_inst,True
R_role_assistant_vs_user@t_post_inst,R_role_tool_vs_user@t_post_inst,27,0.871,0.7149916887283325,0.7149916887283325,0.029401296749711037,,True,t_post_inst,t_post_inst,True
R_role_assistant_vs_user@t_post_inst,R_role_tool_vs_user@t_post_inst,28,0.9032,0.6785829663276672,0.6785829663276672,0.029401296749711037,,True,t_post_inst,t_post_inst,True
R_role_assistant_vs_user@t_post_inst,R_role_tool_vs_user@t_post_inst,29,0.9355,0.6701052784919739,0.6701052784919739,0.029401296749711037,,True,t_post_inst,t_post_inst,True
R_role_assistant_vs_user@t_post_inst,R_role_tool_vs_user@t_post_inst,30,0.9677,0.6794888973236084,0.6794888973236084,0.029401296749711037,,True,t_post_inst,t_post_inst,True
R_role_assistant_vs_user@t_post_inst,R_role_tool_vs_user@t_post_inst,31,1.0,0.7845953106880188,0.7845953106880188,0.029401296749711037,,True,t_post_inst,t_post_inst,True
R_role_system_vs_user@t_inst,R_role_system_vs_user@t_post_inst,0,0.0,0.1259606033563614,0.1259606033563614,0.029401296749711037,,True,t_inst,t_post_inst,False
R_role_system_vs_user@t_inst,R_role_system_vs_user@t_post_inst,1,0.0323,0.019789356738328934,0.019789356738328934,0.029401296749711037,,False,t_inst,t_post_inst,False
R_role_system_vs_user@t_inst,R_role_system_vs_user@t_post_inst,2,0.0645,0.037075698375701904,0.037075698375701904,0.029401296749711037,,True,t_inst,t_post_inst,False
R_role_system_vs_user@t_inst,R_role_system_vs_user@t_post_inst,3,0.0968,-0.025931047275662422,0.025931047275662422,0.029401296749711037,,False,t_inst,t_post_inst,False
R_role_system_vs_user@t_inst,R_role_system_vs_user@t_post_inst,4,0.129,0.036187876015901566,0.036187876015901566,0.029401296749711037,,True,t_inst,t_post_inst,False
R_role_system_vs_user@t_inst,R_role_system_vs_user@t_post_inst,5,0.1613,0.019660037010908127,0.019660037010908127,0.029401296749711037,,False,t_inst,t_post_inst,False
R_role_system_vs_user@t_inst,R_role_system_vs_user@t_post_inst,6,0.1935,-0.03870844095945358,0.03870844095945358,0.029401296749711037,,True,t_inst,t_post_inst,False
R_role_system_vs_user@t_inst,R_role_system_vs_user@t_post_inst,7,0.2258,-0.043078791350126266,0.043078791350126266,0.029401296749711037,,True,t_inst,t_post_inst,False
R_role_system_vs_user@t_inst,R_role_system_vs_user@t_post_inst,8,0.2581,-0.07583979517221451,0.07583979517221451,0.029401296749711037,,True,t_inst,t_post_inst,False
R_role_system_vs_user@t_inst,R_role_system_vs_user@t_post_inst,9,0.2903,-0.0910959392786026,0.0910959392786026,0.029401296749711037,,True,t_inst,t_post_inst,False
R_role_system_vs_user@t_inst,R_role_system_vs_user@t_post_inst,10,0.3226,-0.016751885414123535,0.016751885414123535,0.029401296749711037,,False,t_inst,t_post_inst,False
R_role_system_vs_user@t_inst,R_role_system_vs_user@t_post_inst,11,0.3548,-0.07107771933078766,0.07107771933078766,0.029401296749711037,,True,t_inst,t_post_inst,False
R_role_system_vs_user@t_inst,R_role_system_vs_user@t_post_inst,12,0.3871,-0.06677940487861633,0.06677940487861633,0.029401296749711037,,True,t_inst,t_post_inst,False
R_role_system_vs_user@t_inst,R_role_system_vs_user@t_post_inst,13,0.4194,-0.057168204337358475,0.057168204337358475,0.029401296749711037,,True,t_inst,t_post_inst,False
R_role_system_vs_user@t_inst,R_role_system_vs_user@t_post_inst,14,0.4516,-0.06356032192707062,0.06356032192707062,0.029401296749711037,,True,t_inst,t_post_inst,False
R_role_system_vs_user@t_inst,R_role_system_vs_user@t_post_inst,15,0.4839,0.0017627384513616562,0.0017627384513616562,0.029401296749711037,,False,t_inst,t_post_inst,False
R_role_system_vs_user@t_inst,R_role_system_vs_user@t_post_inst,16,0.5161,0.012469913810491562,0.012469913810491562,0.029401296749711037,,False,t_inst,t_post_inst,False
R_role_system_vs_user@t_inst,R_role_system_vs_user@t_post_inst,17,0.5484,0.008720234036445618,0.008720234036445618,0.029401296749711037,,False,t_inst,t_post_inst,False
R_role_system_vs_user@t_inst,R_role_system_vs_user@t_post_inst,18,0.5806,0.030289817601442337,0.030289817601442337,0.029401296749711037,,True,t_inst,t_post_inst,False
R_role_system_vs_user@t_inst,R_role_system_vs_user@t_post_inst,19,0.6129,0.04545251280069351,0.04545251280069351,0.029401296749711037,,True,t_inst,t_post_inst,False
R_role_system_vs_user@t_inst,R_role_system_vs_user@t_post_inst,20,0.6452,0.03240859881043434,0.03240859881043434,0.029401296749711037,,True,t_inst,t_post_inst,False
R_role_system_vs_user@t_inst,R_role_system_vs_user@t_post_inst,21,0.6774,0.012028361670672894,0.012028361670672894,0.029401296749711037,,False,t_inst,t_post_inst,False
R_role_system_vs_user@t_inst,R_role_system_vs_user@t_post_inst,22,0.7097,0.022618312388658524,0.022618312388658524,0.029401296749711037,,False,t_inst,t_post_inst,False
R_role_system_vs_user@t_inst,R_role_system_vs_user@t_post_inst,23,0.7419,-0.030656225979328156,0.030656225979328156,0.029401296749711037,,True,t_inst,t_post_inst,False
R_role_system_vs_user@t_inst,R_role_system_vs_user@t_post_inst,24,0.7742,-0.044352948665618896,0.044352948665618896,0.029401296749711037,,True,t_inst,t_post_inst,False
R_role_system_vs_user@t_inst,R_role_system_vs_user@t_post_inst,25,0.8065,-0.06299895793199539,0.06299895793199539,0.029401296749711037,,True,t_inst,t_post_inst,False
R_role_system_vs_user@t_inst,R_role_system_vs_user@t_post_inst,26,0.8387,-0.08271824568510056,0.08271824568510056,0.029401296749711037,,True,t_inst,t_post_inst,False
R_role_system_vs_user@t_inst,R_role_system_vs_user@t_post_inst,27,0.871,-0.038144297897815704,0.038144297897815704,0.029401296749711037,,True,t_inst,t_post_inst,False
R_role_system_vs_user@t_inst,R_role_system_vs_user@t_post_inst,28,0.9032,-0.04437835514545441,0.04437835514545441,0.029401296749711037,,True,t_inst,t_post_inst,False
R_role_system_vs_user@t_inst,R_role_system_vs_user@t_post_inst,29,0.9355,-0.04221291467547417,0.04221291467547417,0.029401296749711037,,True,t_inst,t_post_inst,False
R_role_system_vs_user@t_inst,R_role_system_vs_user@t_post_inst,30,0.9677,-0.027106614783406258,0.027106614783406258,0.029401296749711037,,False,t_inst,t_post_inst,False
R_role_system_vs_user@t_inst,R_role_system_vs_user@t_post_inst,31,1.0,-0.08310781419277191,0.08310781419277191,0.029401296749711037,,True,t_inst,t_post_inst,False
R_role_system_vs_user@t_inst,R_role_tool_vs_user@t_inst,0,0.0,0.027654575183987617,0.027654575183987617,0.029401296749711037,,False,t_inst,t_inst,True
R_role_system_vs_user@t_inst,R_role_tool_vs_user@t_inst,1,0.0323,0.3045424818992615,0.3045424818992615,0.029401296749711037,,True,t_inst,t_inst,True
R_role_system_vs_user@t_inst,R_role_tool_vs_user@t_inst,2,0.0645,0.14426478743553162,0.14426478743553162,0.029401296749711037,,True,t_inst,t_inst,True
R_role_system_vs_user@t_inst,R_role_tool_vs_user@t_inst,3,0.0968,0.004195458255708218,0.004195458255708218,0.029401296749711037,,False,t_inst,t_inst,True
R_role_system_vs_user@t_inst,R_role_tool_vs_user@t_inst,4,0.129,0.24886929988861084,0.24886929988861084,0.029401296749711037,,True,t_inst,t_inst,True
R_role_system_vs_user@t_inst,R_role_tool_vs_user@t_inst,5,0.1613,0.17296743392944336,0.17296743392944336,0.029401296749711037,,True,t_inst,t_inst,True
R_role_system_vs_user@t_inst,R_role_tool_vs_user@t_inst,6,0.1935,0.026072047650814056,0.026072047650814056,0.029401296749711037,,False,t_inst,t_inst,True
R_role_system_vs_user@t_inst,R_role_tool_vs_user@t_inst,7,0.2258,-0.12470503151416779,0.12470503151416779,0.029401296749711037,,True,t_inst,t_inst,True
R_role_system_vs_user@t_inst,R_role_tool_vs_user@t_inst,8,0.2581,-0.08515775203704834,0.08515775203704834,0.029401296749711037,,True,t_inst,t_inst,True
R_role_system_vs_user@t_inst,R_role_tool_vs_user@t_inst,9,0.2903,-0.19303947687149048,0.19303947687149048,0.029401296749711037,,True,t_inst,t_inst,True
R_role_system_vs_user@t_inst,R_role_tool_vs_user@t_inst,10,0.3226,-0.1754748523235321,0.1754748523235321,0.029401296749711037,,True,t_inst,t_inst,True
R_role_system_vs_user@t_inst,R_role_tool_vs_user@t_inst,11,0.3548,-0.22266101837158203,0.22266101837158203,0.029401296749711037,,True,t_inst,t_inst,True
R_role_system_vs_user@t_inst,R_role_tool_vs_user@t_inst,12,0.3871,-0.21177329123020172,0.21177329123020172,0.029401296749711037,,True,t_inst,t_inst,True
R_role_system_vs_user@t_inst,R_role_tool_vs_user@t_inst,13,0.4194,-0.22841335833072662,0.22841335833072662,0.029401296749711037,,True,t_inst,t_inst,True
R_role_system_vs_user@t_inst,R_role_tool_vs_user@t_inst,14,0.4516,-0.38108840584754944,0.38108840584754944,0.029401296749711037,,True,t_inst,t_inst,True
R_role_system_vs_user@t_inst,R_role_tool_vs_user@t_inst,15,0.4839,-0.3975646197795868,0.3975646197795868,0.029401296749711037,,True,t_inst,t_inst,True
R_role_system_vs_user@t_inst,R_role_tool_vs_user@t_inst,16,0.5161,-0.21404126286506653,0.21404126286506653,0.029401296749711037,,True,t_inst,t_inst,True
R_role_system_vs_user@t_inst,R_role_tool_vs_user@t_inst,17,0.5484,-0.12719792127609253,0.12719792127609253,0.029401296749711037,,True,t_inst,t_inst,True
R_role_system_vs_user@t_inst,R_role_tool_vs_user@t_inst,18,0.5806,-0.1457890272140503,0.1457890272140503,0.029401296749711037,,True,t_inst,t_inst,True
R_role_system_vs_user@t_inst,R_role_tool_vs_user@t_inst,19,0.6129,-0.09851737320423126,0.09851737320423126,0.029401296749711037,,True,t_inst,t_inst,True
R_role_system_vs_user@t_inst,R_role_tool_vs_user@t_inst,20,0.6452,-0.00908608827739954,0.00908608827739954,0.029401296749711037,,False,t_inst,t_inst,True
R_role_system_vs_user@t_inst,R_role_tool_vs_user@t_inst,21,0.6774,0.07411831617355347,0.07411831617355347,0.029401296749711037,,True,t_inst,t_inst,True
R_role_system_vs_user@t_inst,R_role_tool_vs_user@t_inst,22,0.7097,0.11946260184049606,0.11946260184049606,0.029401296749711037,,True,t_inst,t_inst,True
R_role_system_vs_user@t_inst,R_role_tool_vs_user@t_inst,23,0.7419,0.10100031644105911,0.10100031644105911,0.029401296749711037,,True,t_inst,t_inst,True
R_role_system_vs_user@t_inst,R_role_tool_vs_user@t_inst,24,0.7742,0.11506972461938858,0.11506972461938858,0.029401296749711037,,True,t_inst,t_inst,True
R_role_system_vs_user@t_inst,R_role_tool_vs_user@t_inst,25,0.8065,0.09410157799720764,0.09410157799720764,0.029401296749711037,,True,t_inst,t_inst,True
R_role_system_vs_user@t_inst,R_role_tool_vs_user@t_inst,26,0.8387,0.008993763476610184,0.008993763476610184,0.029401296749711037,,False,t_inst,t_inst,True
R_role_system_vs_user@t_inst,R_role_tool_vs_user@t_inst,27,0.871,0.29668474197387695,0.29668474197387695,0.029401296749711037,,True,t_inst,t_inst,True
R_role_system_vs_user@t_inst,R_role_tool_vs_user@t_inst,28,0.9032,0.3271106481552124,0.3271106481552124,0.029401296749711037,,True,t_inst,t_inst,True
R_role_system_vs_user@t_inst,R_role_tool_vs_user@t_inst,29,0.9355,0.39497601985931396,0.39497601985931396,0.029401296749711037,,True,t_inst,t_inst,True
R_role_system_vs_user@t_inst,R_role_tool_vs_user@t_inst,30,0.9677,0.4146653413772583,0.4146653413772583,0.029401296749711037,,True,t_inst,t_inst,True
R_role_system_vs_user@t_inst,R_role_tool_vs_user@t_inst,31,1.0,0.4338228106498718,0.4338228106498718,0.029401296749711037,,True,t_inst,t_inst,True
R_role_system_vs_user@t_inst,R_role_tool_vs_user@t_post_inst,0,0.0,0.10545456409454346,0.10545456409454346,0.029401296749711037,,True,t_inst,t_post_inst,False
R_role_system_vs_user@t_inst,R_role_tool_vs_user@t_post_inst,1,0.0323,0.00319958059117198,0.00319958059117198,0.029401296749711037,,False,t_inst,t_post_inst,False
R_role_system_vs_user@t_inst,R_role_tool_vs_user@t_post_inst,2,0.0645,0.0014877649955451488,0.0014877649955451488,0.029401296749711037,,False,t_inst,t_post_inst,False
R_role_system_vs_user@t_inst,R_role_tool_vs_user@t_post_inst,3,0.0968,-0.0384053997695446,0.0384053997695446,0.029401296749711037,,True,t_inst,t_post_inst,False
R_role_system_vs_user@t_inst,R_role_tool_vs_user@t_post_inst,4,0.129,-0.021672630682587624,0.021672630682587624,0.029401296749711037,,False,t_inst,t_post_inst,False
R_role_system_vs_user@t_inst,R_role_tool_vs_user@t_post_inst,5,0.1613,-0.004458073526620865,0.004458073526620865,0.029401296749711037,,False,t_inst,t_post_inst,False
R_role_system_vs_user@t_inst,R_role_tool_vs_user@t_post_inst,6,0.1935,0.06282485276460648,0.06282485276460648,0.029401296749711037,,True,t_inst,t_post_inst,False
R_role_system_vs_user@t_inst,R_role_tool_vs_user@t_post_inst,7,0.2258,0.0015865745954215527,0.0015865745954215527,0.029401296749711037,,False,t_inst,t_post_inst,False
R_role_system_vs_user@t_inst,R_role_tool_vs_user@t_post_inst,8,0.2581,0.04349302500486374,0.04349302500486374,0.029401296749711037,,True,t_inst,t_post_inst,False
R_role_system_vs_user@t_inst,R_role_tool_vs_user@t_post_inst,9,0.2903,0.005649220664054155,0.005649220664054155,0.029401296749711037,,False,t_inst,t_post_inst,False
R_role_system_vs_user@t_inst,R_role_tool_vs_user@t_post_inst,10,0.3226,0.11509513854980469,0.11509513854980469,0.029401296749711037,,True,t_inst,t_post_inst,False
R_role_system_vs_user@t_inst,R_role_tool_vs_user@t_post_inst,11,0.3548,0.014481646940112114,0.014481646940112114,0.029401296749711037,,False,t_inst,t_post_inst,False
R_role_system_vs_user@t_inst,R_role_tool_vs_user@t_post_inst,12,0.3871,-0.0031657814979553223,0.0031657814979553223,0.029401296749711037,,False,t_inst,t_post_inst,False
R_role_system_vs_user@t_inst,R_role_tool_vs_user@t_post_inst,13,0.4194,-0.039447151124477386,0.039447151124477386,0.029401296749711037,,True,t_inst,t_post_inst,False
R_role_system_vs_user@t_inst,R_role_tool_vs_user@t_post_inst,14,0.4516,-0.01186920702457428,0.01186920702457428,0.029401296749711037,,False,t_inst,t_post_inst,False
R_role_system_vs_user@t_inst,R_role_tool_vs_user@t_post_inst,15,0.4839,-0.05152808129787445,0.05152808129787445,0.029401296749711037,,True,t_inst,t_post_inst,False
R_role_system_vs_user@t_inst,R_role_tool_vs_user@t_post_inst,16,0.5161,-0.07394398748874664,0.07394398748874664,0.029401296749711037,,True,t_inst,t_post_inst,False
R_role_system_vs_user@t_inst,R_role_tool_vs_user@t_post_inst,17,0.5484,-0.06557582318782806,0.06557582318782806,0.029401296749711037,,True,t_inst,t_post_inst,False
R_role_system_vs_user@t_inst,R_role_tool_vs_user@t_post_inst,18,0.5806,-0.10257558524608612,0.10257558524608612,0.029401296749711037,,True,t_inst,t_post_inst,False
R_role_system_vs_user@t_inst,R_role_tool_vs_user@t_post_inst,19,0.6129,-0.11269954591989517,0.11269954591989517,0.029401296749711037,,True,t_inst,t_post_inst,False
R_role_system_vs_user@t_inst,R_role_tool_vs_user@t_post_inst,20,0.6452,-0.08779431879520416,0.08779431879520416,0.029401296749711037,,True,t_inst,t_post_inst,False
R_role_system_vs_user@t_inst,R_role_tool_vs_user@t_post_inst,21,0.6774,-0.10025942325592041,0.10025942325592041,0.029401296749711037,,True,t_inst,t_post_inst,False
R_role_system_vs_user@t_inst,R_role_tool_vs_user@t_post_inst,22,0.7097,-0.13566909730434418,0.13566909730434418,0.029401296749711037,,True,t_inst,t_post_inst,False
R_role_system_vs_user@t_inst,R_role_tool_vs_user@t_post_inst,23,0.7419,-0.11303731799125671,0.11303731799125671,0.029401296749711037,,True,t_inst,t_post_inst,False
R_role_system_vs_user@t_inst,R_role_tool_vs_user@t_post_inst,24,0.7742,-0.09518717974424362,0.09518717974424362,0.029401296749711037,,True,t_inst,t_post_inst,False
R_role_system_vs_user@t_inst,R_role_tool_vs_user@t_post_inst,25,0.8065,-0.10279610753059387,0.10279610753059387,0.029401296749711037,,True,t_inst,t_post_inst,False
R_role_system_vs_user@t_inst,R_role_tool_vs_user@t_post_inst,26,0.8387,-0.1506054401397705,0.1506054401397705,0.029401296749711037,,True,t_inst,t_post_inst,False
R_role_system_vs_user@t_inst,R_role_tool_vs_user@t_post_inst,27,0.871,-0.10813726484775543,0.10813726484775543,0.029401296749711037,,True,t_inst,t_post_inst,False
R_role_system_vs_user@t_inst,R_role_tool_vs_user@t_post_inst,28,0.9032,-0.1285567581653595,0.1285567581653595,0.029401296749711037,,True,t_inst,t_post_inst,False
R_role_system_vs_user@t_inst,R_role_tool_vs_user@t_post_inst,29,0.9355,-0.1358272284269333,0.1358272284269333,0.029401296749711037,,True,t_inst,t_post_inst,False
R_role_system_vs_user@t_inst,R_role_tool_vs_user@t_post_inst,30,0.9677,-0.1397370994091034,0.1397370994091034,0.029401296749711037,,True,t_inst,t_post_inst,False
R_role_system_vs_user@t_inst,R_role_tool_vs_user@t_post_inst,31,1.0,-0.16626094281673431,0.16626094281673431,0.029401296749711037,,True,t_inst,t_post_inst,False
R_role_system_vs_user@t_post_inst,R_role_tool_vs_user@t_inst,0,0.0,0.08698810636997223,0.08698810636997223,0.029401296749711037,,True,t_post_inst,t_inst,False
R_role_system_vs_user@t_post_inst,R_role_tool_vs_user@t_inst,1,0.0323,0.024744680151343346,0.024744680151343346,0.029401296749711037,,False,t_post_inst,t_inst,False
R_role_system_vs_user@t_post_inst,R_role_tool_vs_user@t_inst,2,0.0645,0.0908447727560997,0.0908447727560997,0.029401296749711037,,True,t_post_inst,t_inst,False
R_role_system_vs_user@t_post_inst,R_role_tool_vs_user@t_inst,3,0.0968,0.10983829200267792,0.10983829200267792,0.029401296749711037,,True,t_post_inst,t_inst,False
R_role_system_vs_user@t_post_inst,R_role_tool_vs_user@t_inst,4,0.129,0.09304273128509521,0.09304273128509521,0.029401296749711037,,True,t_post_inst,t_inst,False
R_role_system_vs_user@t_post_inst,R_role_tool_vs_user@t_inst,5,0.1613,0.02629944309592247,0.02629944309592247,0.029401296749711037,,False,t_post_inst,t_inst,False
R_role_system_vs_user@t_post_inst,R_role_tool_vs_user@t_inst,6,0.1935,-0.009910203516483307,0.009910203516483307,0.029401296749711037,,False,t_post_inst,t_inst,False
R_role_system_vs_user@t_post_inst,R_role_tool_vs_user@t_inst,7,0.2258,-0.009838517755270004,0.009838517755270004,0.029401296749711037,,False,t_post_inst,t_inst,False
R_role_system_vs_user@t_post_inst,R_role_tool_vs_user@t_inst,8,0.2581,0.0027694059535861015,0.0027694059535861015,0.029401296749711037,,False,t_post_inst,t_inst,False
R_role_system_vs_user@t_post_inst,R_role_tool_vs_user@t_inst,9,0.2903,0.011742808856070042,0.011742808856070042,0.029401296749711037,,False,t_post_inst,t_inst,False
R_role_system_vs_user@t_post_inst,R_role_tool_vs_user@t_inst,10,0.3226,0.022675400599837303,0.022675400599837303,0.029401296749711037,,False,t_post_inst,t_inst,False
R_role_system_vs_user@t_post_inst,R_role_tool_vs_user@t_inst,11,0.3548,-0.06117285043001175,0.06117285043001175,0.029401296749711037,,True,t_post_inst,t_inst,False
R_role_system_vs_user@t_post_inst,R_role_tool_vs_user@t_inst,12,0.3871,-0.04989064112305641,0.04989064112305641,0.029401296749711037,,True,t_post_inst,t_inst,False
R_role_system_vs_user@t_post_inst,R_role_tool_vs_user@t_inst,13,0.4194,0.0028347824700176716,0.0028347824700176716,0.029401296749711037,,False,t_post_inst,t_inst,False
R_role_system_vs_user@t_post_inst,R_role_tool_vs_user@t_inst,14,0.4516,0.05407702922821045,0.05407702922821045,0.029401296749711037,,True,t_post_inst,t_inst,False
R_role_system_vs_user@t_post_inst,R_role_tool_vs_user@t_inst,15,0.4839,0.0015238383784890175,0.0015238383784890175,0.029401296749711037,,False,t_post_inst,t_inst,False
R_role_system_vs_user@t_post_inst,R_role_tool_vs_user@t_inst,16,0.5161,-0.0027781142853200436,0.0027781142853200436,0.029401296749711037,,False,t_post_inst,t_inst,False
R_role_system_vs_user@t_post_inst,R_role_tool_vs_user@t_inst,17,0.5484,0.017481163144111633,0.017481163144111633,0.029401296749711037,,False,t_post_inst,t_inst,False
R_role_system_vs_user@t_post_inst,R_role_tool_vs_user@t_inst,18,0.5806,0.009211799129843712,0.009211799129843712,0.029401296749711037,,False,t_post_inst,t_inst,False
R_role_system_vs_user@t_post_inst,R_role_tool_vs_user@t_inst,19,0.6129,-0.016429850831627846,0.016429850831627846,0.029401296749711037,,False,t_post_inst,t_inst,False
R_role_system_vs_user@t_post_inst,R_role_tool_vs_user@t_inst,20,0.6452,0.014153104275465012,0.014153104275465012,0.029401296749711037,,False,t_post_inst,t_inst,False
R_role_system_vs_user@t_post_inst,R_role_tool_vs_user@t_inst,21,0.6774,0.023036234080791473,0.023036234080791473,0.029401296749711037,,False,t_post_inst,t_inst,False
R_role_system_vs_user@t_post_inst,R_role_tool_vs_user@t_inst,22,0.7097,0.11110453307628632,0.11110453307628632,0.029401296749711037,,True,t_post_inst,t_inst,False
R_role_system_vs_user@t_post_inst,R_role_tool_vs_user@t_inst,23,0.7419,0.062959685921669,0.062959685921669,0.029401296749711037,,True,t_post_inst,t_inst,False
R_role_system_vs_user@t_post_inst,R_role_tool_vs_user@t_inst,24,0.7742,0.07739459723234177,0.07739459723234177,0.029401296749711037,,True,t_post_inst,t_inst,False
R_role_system_vs_user@t_post_inst,R_role_tool_vs_user@t_inst,25,0.8065,0.12874311208724976,0.12874311208724976,0.029401296749711037,,True,t_post_inst,t_inst,False
R_role_system_vs_user@t_post_inst,R_role_tool_vs_user@t_inst,26,0.8387,0.3785408139228821,0.3785408139228821,0.029401296749711037,,True,t_post_inst,t_inst,False
R_role_system_vs_user@t_post_inst,R_role_tool_vs_user@t_inst,27,0.871,0.06269719451665878,0.06269719451665878,0.029401296749711037,,True,t_post_inst,t_inst,False
R_role_system_vs_user@t_post_inst,R_role_tool_vs_user@t_inst,28,0.9032,0.08570480346679688,0.08570480346679688,0.029401296749711037,,True,t_post_inst,t_inst,False
R_role_system_vs_user@t_post_inst,R_role_tool_vs_user@t_inst,29,0.9355,0.04072237014770508,0.04072237014770508,0.029401296749711037,,True,t_post_inst,t_inst,False
R_role_system_vs_user@t_post_inst,R_role_tool_vs_user@t_inst,30,0.9677,0.08226451277732849,0.08226451277732849,0.029401296749711037,,True,t_post_inst,t_inst,False
R_role_system_vs_user@t_post_inst,R_role_tool_vs_user@t_inst,31,1.0,0.22848530113697052,0.22848530113697052,0.029401296749711037,,True,t_post_inst,t_inst,False
R_role_system_vs_user@t_post_inst,R_role_tool_vs_user@t_post_inst,0,0.0,0.15056902170181274,0.15056902170181274,0.029401296749711037,,True,t_post_inst,t_post_inst,True
R_role_system_vs_user@t_post_inst,R_role_tool_vs_user@t_post_inst,1,0.0323,0.020770467817783356,0.020770467817783356,0.029401296749711037,,False,t_post_inst,t_post_inst,True
R_role_system_vs_user@t_post_inst,R_role_tool_vs_user@t_post_inst,2,0.0645,0.0666435956954956,0.0666435956954956,0.029401296749711037,,True,t_post_inst,t_post_inst,True
R_role_system_vs_user@t_post_inst,R_role_tool_vs_user@t_post_inst,3,0.0968,0.08729256689548492,0.08729256689548492,0.029401296749711037,,True,t_post_inst,t_post_inst,True
R_role_system_vs_user@t_post_inst,R_role_tool_vs_user@t_post_inst,4,0.129,-0.028013788163661957,0.028013788163661957,0.029401296749711037,,False,t_post_inst,t_post_inst,True
R_role_system_vs_user@t_post_inst,R_role_tool_vs_user@t_post_inst,5,0.1613,-0.050374895334243774,0.050374895334243774,0.029401296749711037,,True,t_post_inst,t_post_inst,True
R_role_system_vs_user@t_post_inst,R_role_tool_vs_user@t_post_inst,6,0.1935,-0.12492464482784271,0.12492464482784271,0.029401296749711037,,True,t_post_inst,t_post_inst,True
R_role_system_vs_user@t_post_inst,R_role_tool_vs_user@t_post_inst,7,0.2258,-0.04275323078036308,0.04275323078036308,0.029401296749711037,,True,t_post_inst,t_post_inst,True
R_role_system_vs_user@t_post_inst,R_role_tool_vs_user@t_post_inst,8,0.2581,0.006669836118817329,0.006669836118817329,0.029401296749711037,,False,t_post_inst,t_post_inst,True
R_role_system_vs_user@t_post_inst,R_role_tool_vs_user@t_post_inst,9,0.2903,-0.0359591469168663,0.0359591469168663,0.029401296749711037,,True,t_post_inst,t_post_inst,True
R_role_system_vs_user@t_post_inst,R_role_tool_vs_user@t_post_inst,10,0.3226,-0.041314635425806046,0.041314635425806046,0.029401296749711037,,True,t_post_inst,t_post_inst,True
R_role_system_vs_user@t_post_inst,R_role_tool_vs_user@t_post_inst,11,0.3548,-0.07273036986589432,0.07273036986589432,0.029401296749711037,,True,t_post_inst,t_post_inst,True
R_role_system_vs_user@t_post_inst,R_role_tool_vs_user@t_post_inst,12,0.3871,-0.11823201924562454,0.11823201924562454,0.029401296749711037,,True,t_post_inst,t_post_inst,True
R_role_system_vs_user@t_post_inst,R_role_tool_vs_user@t_post_inst,13,0.4194,-0.1886964589357376,0.1886964589357376,0.029401296749711037,,True,t_post_inst,t_post_inst,True
R_role_system_vs_user@t_post_inst,R_role_tool_vs_user@t_post_inst,14,0.4516,-0.22678536176681519,0.22678536176681519,0.029401296749711037,,True,t_post_inst,t_post_inst,True
R_role_system_vs_user@t_post_inst,R_role_tool_vs_user@t_post_inst,15,0.4839,-0.2447778880596161,0.2447778880596161,0.029401296749711037,,True,t_post_inst,t_post_inst,True
R_role_system_vs_user@t_post_inst,R_role_tool_vs_user@t_post_inst,16,0.5161,-0.22457696497440338,0.22457696497440338,0.029401296749711037,,True,t_post_inst,t_post_inst,True
R_role_system_vs_user@t_post_inst,R_role_tool_vs_user@t_post_inst,17,0.5484,-0.2138759195804596,0.2138759195804596,0.029401296749711037,,True,t_post_inst,t_post_inst,True
R_role_system_vs_user@t_post_inst,R_role_tool_vs_user@t_post_inst,18,0.5806,-0.21185390651226044,0.21185390651226044,0.029401296749711037,,True,t_post_inst,t_post_inst,True
R_role_system_vs_user@t_post_inst,R_role_tool_vs_user@t_post_inst,19,0.6129,-0.2141401469707489,0.2141401469707489,0.029401296749711037,,True,t_post_inst,t_post_inst,True
R_role_system_vs_user@t_post_inst,R_role_tool_vs_user@t_post_inst,20,0.6452,-0.2952340841293335,0.2952340841293335,0.029401296749711037,,True,t_post_inst,t_post_inst,True
R_role_system_vs_user@t_post_inst,R_role_tool_vs_user@t_post_inst,21,0.6774,-0.2614023685455322,0.2614023685455322,0.029401296749711037,,True,t_post_inst,t_post_inst,True
R_role_system_vs_user@t_post_inst,R_role_tool_vs_user@t_post_inst,22,0.7097,-0.2282499074935913,0.2282499074935913,0.029401296749711037,,True,t_post_inst,t_post_inst,True
R_role_system_vs_user@t_post_inst,R_role_tool_vs_user@t_post_inst,23,0.7419,-0.23451055586338043,0.23451055586338043,0.029401296749711037,,True,t_post_inst,t_post_inst,True
R_role_system_vs_user@t_post_inst,R_role_tool_vs_user@t_post_inst,24,0.7742,-0.24130886793136597,0.24130886793136597,0.029401296749711037,,True,t_post_inst,t_post_inst,True
R_role_system_vs_user@t_post_inst,R_role_tool_vs_user@t_post_inst,25,0.8065,-0.20798055827617645,0.20798055827617645,0.029401296749711037,,True,t_post_inst,t_post_inst,True
R_role_system_vs_user@t_post_inst,R_role_tool_vs_user@t_post_inst,26,0.8387,-0.12360800057649612,0.12360800057649612,0.029401296749711037,,True,t_post_inst,t_post_inst,True
R_role_system_vs_user@t_post_inst,R_role_tool_vs_user@t_post_inst,27,0.871,-0.16068217158317566,0.16068217158317566,0.029401296749711037,,True,t_post_inst,t_post_inst,True
R_role_system_vs_user@t_post_inst,R_role_tool_vs_user@t_post_inst,28,0.9032,-0.0587463304400444,0.0587463304400444,0.029401296749711037,,True,t_post_inst,t_post_inst,True
R_role_system_vs_user@t_post_inst,R_role_tool_vs_user@t_post_inst,29,0.9355,-0.02850566804409027,0.02850566804409027,0.029401296749711037,,False,t_post_inst,t_post_inst,True
R_role_system_vs_user@t_post_inst,R_role_tool_vs_user@t_post_inst,30,0.9677,0.05718054994940758,0.05718054994940758,0.029401296749711037,,True,t_post_inst,t_post_inst,True
R_role_system_vs_user@t_post_inst,R_role_tool_vs_user@t_post_inst,31,1.0,0.3197011351585388,0.3197011351585388,0.029401296749711037,,True,t_post_inst,t_post_inst,True
R_role_tool_vs_user@t_inst,R_role_tool_vs_user@t_post_inst,0,0.0,0.14433211088180542,0.14433211088180542,0.029401296749711037,,True,t_inst,t_post_inst,False
R_role_tool_vs_user@t_inst,R_role_tool_vs_user@t_post_inst,1,0.0323,0.1417163908481598,0.1417163908481598,0.029401296749711037,,True,t_inst,t_post_inst,False
R_role_tool_vs_user@t_inst,R_role_tool_vs_user@t_post_inst,2,0.0645,0.2752450108528137,0.2752450108528137,0.029401296749711037,,True,t_inst,t_post_inst,False
R_role_tool_vs_user@t_inst,R_role_tool_vs_user@t_post_inst,3,0.0968,0.03274565935134888,0.03274565935134888,0.029401296749711037,,True,t_inst,t_post_inst,False
R_role_tool_vs_user@t_inst,R_role_tool_vs_user@t_post_inst,4,0.129,0.05697719007730484,0.05697719007730484,0.029401296749711037,,True,t_inst,t_post_inst,False
R_role_tool_vs_user@t_inst,R_role_tool_vs_user@t_post_inst,5,0.1613,0.07364051789045334,0.07364051789045334,0.029401296749711037,,True,t_inst,t_post_inst,False
R_role_tool_vs_user@t_inst,R_role_tool_vs_user@t_post_inst,6,0.1935,0.10771056264638901,0.10771056264638901,0.029401296749711037,,True,t_inst,t_post_inst,False
R_role_tool_vs_user@t_inst,R_role_tool_vs_user@t_post_inst,7,0.2258,0.055506110191345215,0.055506110191345215,0.029401296749711037,,True,t_inst,t_post_inst,False
R_role_tool_vs_user@t_inst,R_role_tool_vs_user@t_post_inst,8,0.2581,0.04750094935297966,0.04750094935297966,0.029401296749711037,,True,t_inst,t_post_inst,False
R_role_tool_vs_user@t_inst,R_role_tool_vs_user@t_post_inst,9,0.2903,0.08487752825021744,0.08487752825021744,0.029401296749711037,,True,t_inst,t_post_inst,False
R_role_tool_vs_user@t_inst,R_role_tool_vs_user@t_post_inst,10,0.3226,0.08884777128696442,0.08884777128696442,0.029401296749711037,,True,t_inst,t_post_inst,False
R_role_tool_vs_user@t_inst,R_role_tool_vs_user@t_post_inst,11,0.3548,0.1012500673532486,0.1012500673532486,0.029401296749711037,,True,t_inst,t_post_inst,False
R_role_tool_vs_user@t_inst,R_role_tool_vs_user@t_post_inst,12,0.3871,0.13335371017456055,0.13335371017456055,0.029401296749711037,,True,t_inst,t_post_inst,False
R_role_tool_vs_user@t_inst,R_role_tool_vs_user@t_post_inst,13,0.4194,0.09233072400093079,0.09233072400093079,0.029401296749711037,,True,t_inst,t_post_inst,False
R_role_tool_vs_user@t_inst,R_role_tool_vs_user@t_post_inst,14,0.4516,0.07607612013816833,0.07607612013816833,0.029401296749711037,,True,t_inst,t_post_inst,False
R_role_tool_vs_user@t_inst,R_role_tool_vs_user@t_post_inst,15,0.4839,0.09833298623561859,0.09833298623561859,0.029401296749711037,,True,t_inst,t_post_inst,False
R_role_tool_vs_user@t_inst,R_role_tool_vs_user@t_post_inst,16,0.5161,0.10453824698925018,0.10453824698925018,0.029401296749711037,,True,t_inst,t_post_inst,False
R_role_tool_vs_user@t_inst,R_role_tool_vs_user@t_post_inst,17,0.5484,0.0987611636519432,0.0987611636519432,0.029401296749711037,,True,t_inst,t_post_inst,False
R_role_tool_vs_user@t_inst,R_role_tool_vs_user@t_post_inst,18,0.5806,0.11375714838504791,0.11375714838504791,0.029401296749711037,,True,t_inst,t_post_inst,False
R_role_tool_vs_user@t_inst,R_role_tool_vs_user@t_post_inst,19,0.6129,0.13285520672798157,0.13285520672798157,0.029401296749711037,,True,t_inst,t_post_inst,False
R_role_tool_vs_user@t_inst,R_role_tool_vs_user@t_post_inst,20,0.6452,0.09081238508224487,0.09081238508224487,0.029401296749711037,,True,t_inst,t_post_inst,False
R_role_tool_vs_user@t_inst,R_role_tool_vs_user@t_post_inst,21,0.6774,0.041669197380542755,0.041669197380542755,0.029401296749711037,,True,t_inst,t_post_inst,False
R_role_tool_vs_user@t_inst,R_role_tool_vs_user@t_post_inst,22,0.7097,-0.0057790642604231834,0.0057790642604231834,0.029401296749711037,,False,t_inst,t_post_inst,False
R_role_tool_vs_user@t_inst,R_role_tool_vs_user@t_post_inst,23,0.7419,0.013232192024588585,0.013232192024588585,0.029401296749711037,,False,t_inst,t_post_inst,False
R_role_tool_vs_user@t_inst,R_role_tool_vs_user@t_post_inst,24,0.7742,-0.022112615406513214,0.022112615406513214,0.029401296749711037,,False,t_inst,t_post_inst,False
R_role_tool_vs_user@t_inst,R_role_tool_vs_user@t_post_inst,25,0.8065,-0.04115947335958481,0.04115947335958481,0.029401296749711037,,True,t_inst,t_post_inst,False
R_role_tool_vs_user@t_inst,R_role_tool_vs_user@t_post_inst,26,0.8387,0.022458886727690697,0.022458886727690697,0.029401296749711037,,False,t_inst,t_post_inst,False
R_role_tool_vs_user@t_inst,R_role_tool_vs_user@t_post_inst,27,0.871,-0.0038954217452555895,0.0038954217452555895,0.029401296749711037,,False,t_inst,t_post_inst,False
R_role_tool_vs_user@t_inst,R_role_tool_vs_user@t_post_inst,28,0.9032,-0.00877782516181469,0.00877782516181469,0.029401296749711037,,False,t_inst,t_post_inst,False
R_role_tool_vs_user@t_inst,R_role_tool_vs_user@t_post_inst,29,0.9355,-0.019073599949479103,0.019073599949479103,0.029401296749711037,,False,t_inst,t_post_inst,False
R_role_tool_vs_user@t_inst,R_role_tool_vs_user@t_post_inst,30,0.9677,-0.04314424470067024,0.04314424470067024,0.029401296749711037,,True,t_inst,t_post_inst,False
R_role_tool_vs_user@t_inst,R_role_tool_vs_user@t_post_inst,31,1.0,0.12838895618915558,0.12838895618915558,0.029401296749711037,,True,t_inst,t_post_inst,False
