model,kind,uid,source,harmful,split,role,design,n_tokens,content_tokens,t_inst,t_post_inst,slot_is_fixed
qwen2.5-7b,fitting,22d86f50daae,advbench,True,test,system,fixed_slot,25,8,10,24,False
qwen2.5-7b,fitting,22d86f50daae,advbench,True,test,user,fixed_slot,36,8,30,35,True
qwen2.5-7b,fitting,22d86f50daae,advbench,True,test,tool,fixed_slot,45,8,34,44,True
qwen2.5-7b,fitting,22d86f50daae,advbench,True,test,assistant,fixed_slot,36,8,30,35,True
qwen2.5-7b,fitting,22d86f50daae,advbench,True,test,system,natural_slot,25,8,10,24,False
qwen2.5-7b,fitting,22d86f50daae,advbench,True,test,user,natural_slot,27,8,21,26,False
qwen2.5-7b,fitting,22d86f50daae,advbench,True,test,tool,natural_slot,53,8,42,52,False
qwen2.5-7b,fitting,22d86f50daae,advbench,True,test,assistant,natural_slot,36,8,30,35,False
qwen2.5-7b,fitting,d02118ea2a73,jbb,True,test,system,fixed_slot,35,18,20,34,False
qwen2.5-7b,fitting,d02118ea2a73,jbb,True,test,user,fixed_slot,46,18,40,45,True
qwen2.5-7b,fitting,d02118ea2a73,jbb,True,test,tool,fixed_slot,55,18,44,54,True
qwen2.5-7b,fitting,d02118ea2a73,jbb,True,test,assistant,fixed_slot,46,18,40,45,True
qwen2.5-7b,fitting,d02118ea2a73,jbb,True,test,system,natural_slot,35,18,20,34,False
qwen2.5-7b,fitting,d02118ea2a73,jbb,True,test,user,natural_slot,37,18,31,36,False
qwen2.5-7b,fitting,d02118ea2a73,jbb,True,test,tool,natural_slot,63,18,52,62,False
qwen2.5-7b,fitting,d02118ea2a73,jbb,True,test,assistant,natural_slot,46,18,40,45,False
qwen2.5-7b,fitting,b3cfc3442251,sorry-bench,True,train,system,fixed_slot,36,19,21,35,False
qwen2.5-7b,fitting,b3cfc3442251,sorry-bench,True,train,user,fixed_slot,47,19,41,46,True
qwen2.5-7b,fitting,b3cfc3442251,sorry-bench,True,train,tool,fixed_slot,55,19,45,54,True
qwen2.5-7b,fitting,b3cfc3442251,sorry-bench,True,train,assistant,fixed_slot,47,19,41,46,True
qwen2.5-7b,fitting,b3cfc3442251,sorry-bench,True,train,system,natural_slot,36,19,21,35,False
qwen2.5-7b,fitting,b3cfc3442251,sorry-bench,True,train,user,natural_slot,38,19,32,37,False
qwen2.5-7b,fitting,b3cfc3442251,sorry-bench,True,train,tool,natural_slot,63,19,53,62,False
qwen2.5-7b,fitting,b3cfc3442251,sorry-bench,True,train,assistant,natural_slot,47,19,41,46,False
qwen2.5-7b,fitting,57f955bb8e58,advbench,True,train,system,fixed_slot,26,9,11,25,False
qwen2.5-7b,fitting,57f955bb8e58,advbench,True,train,user,fixed_slot,37,9,31,36,True
qwen2.5-7b,fitting,57f955bb8e58,advbench,True,train,tool,fixed_slot,46,9,35,45,True
qwen2.5-7b,fitting,57f955bb8e58,advbench,True,train,assistant,fixed_slot,37,9,31,36,True
qwen2.5-7b,fitting,57f955bb8e58,advbench,True,train,system,natural_slot,26,9,11,25,False
qwen2.5-7b,fitting,57f955bb8e58,advbench,True,train,user,natural_slot,28,9,22,27,False
qwen2.5-7b,fitting,57f955bb8e58,advbench,True,train,tool,natural_slot,54,9,43,53,False
qwen2.5-7b,fitting,57f955bb8e58,advbench,True,train,assistant,natural_slot,37,9,31,36,False
qwen2.5-7b,fitting,bcc1a01ec76f,jbb,True,train,system,fixed_slot,32,15,17,31,False
qwen2.5-7b,fitting,bcc1a01ec76f,jbb,True,train,user,fixed_slot,43,15,37,42,True
qwen2.5-7b,fitting,bcc1a01ec76f,jbb,True,train,tool,fixed_slot,52,15,41,51,True
qwen2.5-7b,fitting,bcc1a01ec76f,jbb,True,train,assistant,fixed_slot,43,15,37,42,True
qwen2.5-7b,fitting,bcc1a01ec76f,jbb,True,train,system,natural_slot,32,15,17,31,False
qwen2.5-7b,fitting,bcc1a01ec76f,jbb,True,train,user,natural_slot,34,15,28,33,False
qwen2.5-7b,fitting,bcc1a01ec76f,jbb,True,train,tool,natural_slot,60,15,49,59,False
qwen2.5-7b,fitting,bcc1a01ec76f,jbb,True,train,assistant,natural_slot,43,15,37,42,False
qwen2.5-7b,fitting,ce9727c0c05e,sorry-bench,True,train,system,fixed_slot,31,14,16,30,False
qwen2.5-7b,fitting,ce9727c0c05e,sorry-bench,True,train,user,fixed_slot,42,14,36,41,True
qwen2.5-7b,fitting,ce9727c0c05e,sorry-bench,True,train,tool,fixed_slot,50,14,40,49,True
qwen2.5-7b,fitting,ce9727c0c05e,sorry-bench,True,train,assistant,fixed_slot,42,14,36,41,True
qwen2.5-7b,fitting,ce9727c0c05e,sorry-bench,True,train,system,natural_slot,31,14,16,30,False
qwen2.5-7b,fitting,ce9727c0c05e,sorry-bench,True,train,user,natural_slot,33,14,27,32,False
qwen2.5-7b,fitting,ce9727c0c05e,sorry-bench,True,train,tool,natural_slot,58,14,48,57,False
qwen2.5-7b,fitting,ce9727c0c05e,sorry-bench,True,train,assistant,natural_slot,42,14,36,41,False
qwen2.5-7b,fitting,44bf7cbdcd86,advbench,True,train,system,fixed_slot,31,14,16,30,False
qwen2.5-7b,fitting,44bf7cbdcd86,advbench,True,train,user,fixed_slot,42,14,36,41,True
qwen2.5-7b,fitting,44bf7cbdcd86,advbench,True,train,tool,fixed_slot,51,14,40,50,True
qwen2.5-7b,fitting,44bf7cbdcd86,advbench,True,train,assistant,fixed_slot,42,14,36,41,True
qwen2.5-7b,fitting,44bf7cbdcd86,advbench,True,train,system,natural_slot,31,14,16,30,False
qwen2.5-7b,fitting,44bf7cbdcd86,advbench,True,train,user,natural_slot,33,14,27,32,False
qwen2.5-7b,fitting,44bf7cbdcd86,advbench,True,train,tool,natural_slot,59,14,48,58,False
qwen2.5-7b,fitting,44bf7cbdcd86,advbench,True,train,assistant,natural_slot,42,14,36,41,False
qwen2.5-7b,fitting,89c14b5d0ce8,jbb,True,train,system,fixed_slot,35,18,20,34,False
qwen2.5-7b,fitting,89c14b5d0ce8,jbb,True,train,user,fixed_slot,46,18,40,45,True
qwen2.5-7b,fitting,89c14b5d0ce8,jbb,True,train,tool,fixed_slot,55,18,44,54,True
qwen2.5-7b,fitting,89c14b5d0ce8,jbb,True,train,assistant,fixed_slot,46,18,40,45,True
qwen2.5-7b,fitting,89c14b5d0ce8,jbb,True,train,system,natural_slot,35,18,20,34,False
qwen2.5-7b,fitting,89c14b5d0ce8,jbb,True,train,user,natural_slot,37,18,31,36,False
qwen2.5-7b,fitting,89c14b5d0ce8,jbb,True,train,tool,natural_slot,63,18,52,62,False
qwen2.5-7b,fitting,89c14b5d0ce8,jbb,True,train,assistant,natural_slot,46,18,40,45,False
qwen2.5-7b,fitting,e3eb0677aedd,sorry-bench,True,train,system,fixed_slot,84,67,69,83,False
qwen2.5-7b,fitting,e3eb0677aedd,sorry-bench,True,train,user,fixed_slot,95,67,89,94,True
qwen2.5-7b,fitting,e3eb0677aedd,sorry-bench,True,train,tool,fixed_slot,103,67,93,102,True
qwen2.5-7b,fitting,e3eb0677aedd,sorry-bench,True,train,assistant,fixed_slot,95,67,89,94,True
qwen2.5-7b,fitting,e3eb0677aedd,sorry-bench,True,train,system,natural_slot,84,67,69,83,False
qwen2.5-7b,fitting,e3eb0677aedd,sorry-bench,True,train,user,natural_slot,86,67,80,85,False
qwen2.5-7b,fitting,e3eb0677aedd,sorry-bench,True,train,tool,natural_slot,111,67,101,110,False
qwen2.5-7b,fitting,e3eb0677aedd,sorry-bench,True,train,assistant,natural_slot,95,67,89,94,False
qwen2.5-7b,fitting,c1a34a9afbfd,advbench,True,test,system,fixed_slot,29,12,14,28,False
qwen2.5-7b,fitting,c1a34a9afbfd,advbench,True,test,user,fixed_slot,40,12,34,39,True
qwen2.5-7b,fitting,c1a34a9afbfd,advbench,True,test,tool,fixed_slot,49,12,38,48,True
qwen2.5-7b,fitting,c1a34a9afbfd,advbench,True,test,assistant,fixed_slot,40,12,34,39,True
qwen2.5-7b,fitting,c1a34a9afbfd,advbench,True,test,system,natural_slot,29,12,14,28,False
qwen2.5-7b,fitting,c1a34a9afbfd,advbench,True,test,user,natural_slot,31,12,25,30,False
qwen2.5-7b,fitting,c1a34a9afbfd,advbench,True,test,tool,natural_slot,57,12,46,56,False
qwen2.5-7b,fitting,c1a34a9afbfd,advbench,True,test,assistant,natural_slot,40,12,34,39,False
qwen2.5-7b,fitting,712f240d752b,jbb,True,train,system,fixed_slot,32,15,17,31,False
qwen2.5-7b,fitting,712f240d752b,jbb,True,train,user,fixed_slot,43,15,37,42,True
qwen2.5-7b,fitting,712f240d752b,jbb,True,train,tool,fixed_slot,52,15,41,51,True
qwen2.5-7b,fitting,712f240d752b,jbb,True,train,assistant,fixed_slot,43,15,37,42,True
qwen2.5-7b,fitting,712f240d752b,jbb,True,train,system,natural_slot,32,15,17,31,False
qwen2.5-7b,fitting,712f240d752b,jbb,True,train,user,natural_slot,34,15,28,33,False
qwen2.5-7b,fitting,712f240d752b,jbb,True,train,tool,natural_slot,60,15,49,59,False
qwen2.5-7b,fitting,712f240d752b,jbb,True,train,assistant,natural_slot,43,15,37,42,False
qwen2.5-7b,fitting,3a8270b0bd41,sorry-bench,True,train,system,fixed_slot,33,16,18,32,False
qwen2.5-7b,fitting,3a8270b0bd41,sorry-bench,True,train,user,fixed_slot,44,16,38,43,True
qwen2.5-7b,fitting,3a8270b0bd41,sorry-bench,True,train,tool,fixed_slot,52,16,42,51,True
qwen2.5-7b,fitting,3a8270b0bd41,sorry-bench,True,train,assistant,fixed_slot,44,16,38,43,True
qwen2.5-7b,fitting,3a8270b0bd41,sorry-bench,True,train,system,natural_slot,33,16,18,32,False
qwen2.5-7b,fitting,3a8270b0bd41,sorry-bench,True,train,user,natural_slot,35,16,29,34,False
qwen2.5-7b,fitting,3a8270b0bd41,sorry-bench,True,train,tool,natural_slot,60,16,50,59,False
qwen2.5-7b,fitting,3a8270b0bd41,sorry-bench,True,train,assistant,natural_slot,44,16,38,43,False
qwen2.5-7b,fitting,54f074704a90,advbench,True,train,system,fixed_slot,33,16,18,32,False
qwen2.5-7b,fitting,54f074704a90,advbench,True,train,user,fixed_slot,44,16,38,43,True
qwen2.5-7b,fitting,54f074704a90,advbench,True,train,tool,fixed_slot,53,16,42,52,True
qwen2.5-7b,fitting,54f074704a90,advbench,True,train,assistant,fixed_slot,44,16,38,43,True
qwen2.5-7b,fitting,54f074704a90,advbench,True,train,system,natural_slot,33,16,18,32,False
qwen2.5-7b,fitting,54f074704a90,advbench,True,train,user,natural_slot,35,16,29,34,False
qwen2.5-7b,fitting,54f074704a90,advbench,True,train,tool,natural_slot,61,16,50,60,False
qwen2.5-7b,fitting,54f074704a90,advbench,True,train,assistant,natural_slot,44,16,38,43,False
qwen2.5-7b,fitting,484ea44df7a7,jbb,True,test,system,fixed_slot,38,21,23,37,False
qwen2.5-7b,fitting,484ea44df7a7,jbb,True,test,user,fixed_slot,49,21,43,48,True
qwen2.5-7b,fitting,484ea44df7a7,jbb,True,test,tool,fixed_slot,58,21,47,57,True
qwen2.5-7b,fitting,484ea44df7a7,jbb,True,test,assistant,fixed_slot,49,21,43,48,True
qwen2.5-7b,fitting,484ea44df7a7,jbb,True,test,system,natural_slot,38,21,23,37,False
qwen2.5-7b,fitting,484ea44df7a7,jbb,True,test,user,natural_slot,40,21,34,39,False
qwen2.5-7b,fitting,484ea44df7a7,jbb,True,test,tool,natural_slot,66,21,55,65,False
qwen2.5-7b,fitting,484ea44df7a7,jbb,True,test,assistant,natural_slot,49,21,43,48,False
qwen2.5-7b,fitting,751ee0765ae8,sorry-bench,True,train,system,fixed_slot,34,17,19,33,False
qwen2.5-7b,fitting,751ee0765ae8,sorry-bench,True,train,user,fixed_slot,45,17,39,44,True
qwen2.5-7b,fitting,751ee0765ae8,sorry-bench,True,train,tool,fixed_slot,53,17,43,52,True
qwen2.5-7b,fitting,751ee0765ae8,sorry-bench,True,train,assistant,fixed_slot,45,17,39,44,True
qwen2.5-7b,fitting,751ee0765ae8,sorry-bench,True,train,system,natural_slot,34,17,19,33,False
qwen2.5-7b,fitting,751ee0765ae8,sorry-bench,True,train,user,natural_slot,36,17,30,35,False
qwen2.5-7b,fitting,751ee0765ae8,sorry-bench,True,train,tool,natural_slot,61,17,51,60,False
qwen2.5-7b,fitting,751ee0765ae8,sorry-bench,True,train,assistant,natural_slot,45,17,39,44,False
qwen2.5-7b,fitting,6c757e9d0138,advbench,True,train,system,fixed_slot,36,19,21,35,False
qwen2.5-7b,fitting,6c757e9d0138,advbench,True,train,user,fixed_slot,47,19,41,46,True
qwen2.5-7b,fitting,6c757e9d0138,advbench,True,train,tool,fixed_slot,56,19,45,55,True
qwen2.5-7b,fitting,6c757e9d0138,advbench,True,train,assistant,fixed_slot,47,19,41,46,True
qwen2.5-7b,fitting,6c757e9d0138,advbench,True,train,system,natural_slot,36,19,21,35,False
qwen2.5-7b,fitting,6c757e9d0138,advbench,True,train,user,natural_slot,38,19,32,37,False
qwen2.5-7b,fitting,6c757e9d0138,advbench,True,train,tool,natural_slot,64,19,53,63,False
qwen2.5-7b,fitting,6c757e9d0138,advbench,True,train,assistant,natural_slot,47,19,41,46,False
qwen2.5-7b,fitting,98a9d0fc2421,jbb,True,train,system,fixed_slot,32,15,17,31,False
qwen2.5-7b,fitting,98a9d0fc2421,jbb,True,train,user,fixed_slot,43,15,37,42,True
qwen2.5-7b,fitting,98a9d0fc2421,jbb,True,train,tool,fixed_slot,52,15,41,51,True
qwen2.5-7b,fitting,98a9d0fc2421,jbb,True,train,assistant,fixed_slot,43,15,37,42,True
qwen2.5-7b,fitting,98a9d0fc2421,jbb,True,train,system,natural_slot,32,15,17,31,False
qwen2.5-7b,fitting,98a9d0fc2421,jbb,True,train,user,natural_slot,34,15,28,33,False
qwen2.5-7b,fitting,98a9d0fc2421,jbb,True,train,tool,natural_slot,60,15,49,59,False
qwen2.5-7b,fitting,98a9d0fc2421,jbb,True,train,assistant,natural_slot,43,15,37,42,False
qwen2.5-7b,fitting,f4ff569bc744,sorry-bench,True,test,system,fixed_slot,42,25,27,41,False
qwen2.5-7b,fitting,f4ff569bc744,sorry-bench,True,test,user,fixed_slot,53,25,47,52,True
qwen2.5-7b,fitting,f4ff569bc744,sorry-bench,True,test,tool,fixed_slot,61,25,51,60,True
qwen2.5-7b,fitting,f4ff569bc744,sorry-bench,True,test,assistant,fixed_slot,53,25,47,52,True
qwen2.5-7b,fitting,f4ff569bc744,sorry-bench,True,test,system,natural_slot,42,25,27,41,False
qwen2.5-7b,fitting,f4ff569bc744,sorry-bench,True,test,user,natural_slot,44,25,38,43,False
qwen2.5-7b,fitting,f4ff569bc744,sorry-bench,True,test,tool,natural_slot,69,25,59,68,False
qwen2.5-7b,fitting,f4ff569bc744,sorry-bench,True,test,assistant,natural_slot,53,25,47,52,False
qwen2.5-7b,fitting,38b2fb39b46b,advbench,True,train,system,fixed_slot,30,13,15,29,False
qwen2.5-7b,fitting,38b2fb39b46b,advbench,True,train,user,fixed_slot,41,13,35,40,True
qwen2.5-7b,fitting,38b2fb39b46b,advbench,True,train,tool,fixed_slot,50,13,39,49,True
qwen2.5-7b,fitting,38b2fb39b46b,advbench,True,train,assistant,fixed_slot,41,13,35,40,True
qwen2.5-7b,fitting,38b2fb39b46b,advbench,True,train,system,natural_slot,30,13,15,29,False
qwen2.5-7b,fitting,38b2fb39b46b,advbench,True,train,user,natural_slot,32,13,26,31,False
qwen2.5-7b,fitting,38b2fb39b46b,advbench,True,train,tool,natural_slot,58,13,47,57,False
qwen2.5-7b,fitting,38b2fb39b46b,advbench,True,train,assistant,natural_slot,41,13,35,40,False
qwen2.5-7b,fitting,05ef1424f5c9,jbb,True,train,system,fixed_slot,32,15,17,31,False
qwen2.5-7b,fitting,05ef1424f5c9,jbb,True,train,user,fixed_slot,43,15,37,42,True
qwen2.5-7b,fitting,05ef1424f5c9,jbb,True,train,tool,fixed_slot,52,15,41,51,True
qwen2.5-7b,fitting,05ef1424f5c9,jbb,True,train,assistant,fixed_slot,43,15,37,42,True
qwen2.5-7b,fitting,05ef1424f5c9,jbb,True,train,system,natural_slot,32,15,17,31,False
qwen2.5-7b,fitting,05ef1424f5c9,jbb,True,train,user,natural_slot,34,15,28,33,False
qwen2.5-7b,fitting,05ef1424f5c9,jbb,True,train,tool,natural_slot,60,15,49,59,False
qwen2.5-7b,fitting,05ef1424f5c9,jbb,True,train,assistant,natural_slot,43,15,37,42,False
qwen2.5-7b,fitting,91f8bd51a516,sorry-bench,True,train,system,fixed_slot,64,47,49,63,False
qwen2.5-7b,fitting,91f8bd51a516,sorry-bench,True,train,user,fixed_slot,75,47,69,74,True
qwen2.5-7b,fitting,91f8bd51a516,sorry-bench,True,train,tool,fixed_slot,83,47,73,82,True
qwen2.5-7b,fitting,91f8bd51a516,sorry-bench,True,train,assistant,fixed_slot,75,47,69,74,True
qwen2.5-7b,fitting,91f8bd51a516,sorry-bench,True,train,system,natural_slot,64,47,49,63,False
qwen2.5-7b,fitting,91f8bd51a516,sorry-bench,True,train,user,natural_slot,66,47,60,65,False
qwen2.5-7b,fitting,91f8bd51a516,sorry-bench,True,train,tool,natural_slot,91,47,81,90,False
qwen2.5-7b,fitting,91f8bd51a516,sorry-bench,True,train,assistant,natural_slot,75,47,69,74,False
qwen2.5-7b,fitting,8f58f7973dd9,advbench,True,test,system,fixed_slot,26,9,11,25,False
qwen2.5-7b,fitting,8f58f7973dd9,advbench,True,test,user,fixed_slot,37,9,31,36,True
qwen2.5-7b,fitting,8f58f7973dd9,advbench,True,test,tool,fixed_slot,46,9,35,45,True
qwen2.5-7b,fitting,8f58f7973dd9,advbench,True,test,assistant,fixed_slot,37,9,31,36,True
qwen2.5-7b,fitting,8f58f7973dd9,advbench,True,test,system,natural_slot,26,9,11,25,False
qwen2.5-7b,fitting,8f58f7973dd9,advbench,True,test,user,natural_slot,28,9,22,27,False
qwen2.5-7b,fitting,8f58f7973dd9,advbench,True,test,tool,natural_slot,54,9,43,53,False
qwen2.5-7b,fitting,8f58f7973dd9,advbench,True,test,assistant,natural_slot,37,9,31,36,False
qwen2.5-7b,fitting,d147de3ea3a7,jbb,True,train,system,fixed_slot,26,9,11,25,False
qwen2.5-7b,fitting,d147de3ea3a7,jbb,True,train,user,fixed_slot,37,9,31,36,True
qwen2.5-7b,fitting,d147de3ea3a7,jbb,True,train,tool,fixed_slot,46,9,35,45,True
qwen2.5-7b,fitting,d147de3ea3a7,jbb,True,train,assistant,fixed_slot,37,9,31,36,True
qwen2.5-7b,fitting,d147de3ea3a7,jbb,True,train,system,natural_slot,26,9,11,25,False
qwen2.5-7b,fitting,d147de3ea3a7,jbb,True,train,user,natural_slot,28,9,22,27,False
qwen2.5-7b,fitting,d147de3ea3a7,jbb,True,train,tool,natural_slot,54,9,43,53,False
qwen2.5-7b,fitting,d147de3ea3a7,jbb,True,train,assistant,natural_slot,37,9,31,36,False
qwen2.5-7b,fitting,23ba1e2db5d5,sorry-bench,True,train,system,fixed_slot,29,12,14,28,False
qwen2.5-7b,fitting,23ba1e2db5d5,sorry-bench,True,train,user,fixed_slot,40,12,34,39,True
qwen2.5-7b,fitting,23ba1e2db5d5,sorry-bench,True,train,tool,fixed_slot,48,12,38,47,True
qwen2.5-7b,fitting,23ba1e2db5d5,sorry-bench,True,train,assistant,fixed_slot,40,12,34,39,True
qwen2.5-7b,fitting,23ba1e2db5d5,sorry-bench,True,train,system,natural_slot,29,12,14,28,False
qwen2.5-7b,fitting,23ba1e2db5d5,sorry-bench,True,train,user,natural_slot,31,12,25,30,False
qwen2.5-7b,fitting,23ba1e2db5d5,sorry-bench,True,train,tool,natural_slot,56,12,46,55,False
qwen2.5-7b,fitting,23ba1e2db5d5,sorry-bench,True,train,assistant,natural_slot,40,12,34,39,False
qwen2.5-7b,fitting,91940b572182,advbench,True,train,system,fixed_slot,25,8,10,24,False
qwen2.5-7b,fitting,91940b572182,advbench,True,train,user,fixed_slot,36,8,30,35,True
qwen2.5-7b,fitting,91940b572182,advbench,True,train,tool,fixed_slot,45,8,34,44,True
qwen2.5-7b,fitting,91940b572182,advbench,True,train,assistant,fixed_slot,36,8,30,35,True
qwen2.5-7b,fitting,91940b572182,advbench,True,train,system,natural_slot,25,8,10,24,False
qwen2.5-7b,fitting,91940b572182,advbench,True,train,user,natural_slot,27,8,21,26,False
qwen2.5-7b,fitting,91940b572182,advbench,True,train,tool,natural_slot,53,8,42,52,False
qwen2.5-7b,fitting,91940b572182,advbench,True,train,assistant,natural_slot,36,8,30,35,False
qwen2.5-7b,fitting,4e9e752935ba,jbb,True,train,system,fixed_slot,28,11,13,27,False
qwen2.5-7b,fitting,4e9e752935ba,jbb,True,train,user,fixed_slot,39,11,33,38,True
qwen2.5-7b,fitting,4e9e752935ba,jbb,True,train,tool,fixed_slot,48,11,37,47,True
qwen2.5-7b,fitting,4e9e752935ba,jbb,True,train,assistant,fixed_slot,39,11,33,38,True
qwen2.5-7b,fitting,4e9e752935ba,jbb,True,train,system,natural_slot,28,11,13,27,False
qwen2.5-7b,fitting,4e9e752935ba,jbb,True,train,user,natural_slot,30,11,24,29,False
qwen2.5-7b,fitting,4e9e752935ba,jbb,True,train,tool,natural_slot,56,11,45,55,False
qwen2.5-7b,fitting,4e9e752935ba,jbb,True,train,assistant,natural_slot,39,11,33,38,False
qwen2.5-7b,fitting,fe1f50a10d30,sorry-bench,True,train,system,fixed_slot,31,14,16,30,False
qwen2.5-7b,fitting,fe1f50a10d30,sorry-bench,True,train,user,fixed_slot,42,14,36,41,True
qwen2.5-7b,fitting,fe1f50a10d30,sorry-bench,True,train,tool,fixed_slot,50,14,40,49,True
qwen2.5-7b,fitting,fe1f50a10d30,sorry-bench,True,train,assistant,fixed_slot,42,14,36,41,True
qwen2.5-7b,fitting,fe1f50a10d30,sorry-bench,True,train,system,natural_slot,31,14,16,30,False
qwen2.5-7b,fitting,fe1f50a10d30,sorry-bench,True,train,user,natural_slot,33,14,27,32,False
qwen2.5-7b,fitting,fe1f50a10d30,sorry-bench,True,train,tool,natural_slot,58,14,48,57,False
qwen2.5-7b,fitting,fe1f50a10d30,sorry-bench,True,train,assistant,natural_slot,42,14,36,41,False
qwen2.5-7b,fitting,74dcc43e0319,advbench,True,train,system,fixed_slot,27,10,12,26,False
qwen2.5-7b,fitting,74dcc43e0319,advbench,True,train,user,fixed_slot,38,10,32,37,True
qwen2.5-7b,fitting,74dcc43e0319,advbench,True,train,tool,fixed_slot,47,10,36,46,True
qwen2.5-7b,fitting,74dcc43e0319,advbench,True,train,assistant,fixed_slot,38,10,32,37,True
qwen2.5-7b,fitting,74dcc43e0319,advbench,True,train,system,natural_slot,27,10,12,26,False
qwen2.5-7b,fitting,74dcc43e0319,advbench,True,train,user,natural_slot,29,10,23,28,False
qwen2.5-7b,fitting,74dcc43e0319,advbench,True,train,tool,natural_slot,55,10,44,54,False
qwen2.5-7b,fitting,74dcc43e0319,advbench,True,train,assistant,natural_slot,38,10,32,37,False
qwen2.5-7b,fitting,0cfbde273fdb,jbb,True,test,system,fixed_slot,33,16,18,32,False
qwen2.5-7b,fitting,0cfbde273fdb,jbb,True,test,user,fixed_slot,44,16,38,43,True
qwen2.5-7b,fitting,0cfbde273fdb,jbb,True,test,tool,fixed_slot,53,16,42,52,True
qwen2.5-7b,fitting,0cfbde273fdb,jbb,True,test,assistant,fixed_slot,44,16,38,43,True
qwen2.5-7b,fitting,0cfbde273fdb,jbb,True,test,system,natural_slot,33,16,18,32,False
qwen2.5-7b,fitting,0cfbde273fdb,jbb,True,test,user,natural_slot,35,16,29,34,False
qwen2.5-7b,fitting,0cfbde273fdb,jbb,True,test,tool,natural_slot,61,16,50,60,False
qwen2.5-7b,fitting,0cfbde273fdb,jbb,True,test,assistant,natural_slot,44,16,38,43,False
qwen2.5-7b,fitting,faf3b41d336c,sorry-bench,True,train,system,fixed_slot,51,34,36,50,False
qwen2.5-7b,fitting,faf3b41d336c,sorry-bench,True,train,user,fixed_slot,62,34,56,61,True
qwen2.5-7b,fitting,faf3b41d336c,sorry-bench,True,train,tool,fixed_slot,70,34,60,69,True
qwen2.5-7b,fitting,faf3b41d336c,sorry-bench,True,train,assistant,fixed_slot,62,34,56,61,True
qwen2.5-7b,fitting,faf3b41d336c,sorry-bench,True,train,system,natural_slot,51,34,36,50,False
qwen2.5-7b,fitting,faf3b41d336c,sorry-bench,True,train,user,natural_slot,53,34,47,52,False
qwen2.5-7b,fitting,faf3b41d336c,sorry-bench,True,train,tool,natural_slot,78,34,68,77,False
qwen2.5-7b,fitting,faf3b41d336c,sorry-bench,True,train,assistant,natural_slot,62,34,56,61,False
qwen2.5-7b,fitting,05f22220bc06,advbench,True,train,system,fixed_slot,29,12,14,28,False
qwen2.5-7b,fitting,05f22220bc06,advbench,True,train,user,fixed_slot,40,12,34,39,True
qwen2.5-7b,fitting,05f22220bc06,advbench,True,train,tool,fixed_slot,49,12,38,48,True
qwen2.5-7b,fitting,05f22220bc06,advbench,True,train,assistant,fixed_slot,40,12,34,39,True
qwen2.5-7b,fitting,05f22220bc06,advbench,True,train,system,natural_slot,29,12,14,28,False
qwen2.5-7b,fitting,05f22220bc06,advbench,True,train,user,natural_slot,31,12,25,30,False
qwen2.5-7b,fitting,05f22220bc06,advbench,True,train,tool,natural_slot,57,12,46,56,False
qwen2.5-7b,fitting,05f22220bc06,advbench,True,train,assistant,natural_slot,40,12,34,39,False
qwen2.5-7b,fitting,8963fd086bad,jbb,True,test,system,fixed_slot,28,11,13,27,False
qwen2.5-7b,fitting,8963fd086bad,jbb,True,test,user,fixed_slot,39,11,33,38,True
qwen2.5-7b,fitting,8963fd086bad,jbb,True,test,tool,fixed_slot,48,11,37,47,True
qwen2.5-7b,fitting,8963fd086bad,jbb,True,test,assistant,fixed_slot,39,11,33,38,True
qwen2.5-7b,fitting,8963fd086bad,jbb,True,test,system,natural_slot,28,11,13,27,False
qwen2.5-7b,fitting,8963fd086bad,jbb,True,test,user,natural_slot,30,11,24,29,False
qwen2.5-7b,fitting,8963fd086bad,jbb,True,test,tool,natural_slot,56,11,45,55,False
qwen2.5-7b,fitting,8963fd086bad,jbb,True,test,assistant,natural_slot,39,11,33,38,False
qwen2.5-7b,fitting,976a6eff603a,sorry-bench,True,test,system,fixed_slot,29,12,14,28,False
qwen2.5-7b,fitting,976a6eff603a,sorry-bench,True,test,user,fixed_slot,40,12,34,39,True
qwen2.5-7b,fitting,976a6eff603a,sorry-bench,True,test,tool,fixed_slot,48,12,38,47,True
qwen2.5-7b,fitting,976a6eff603a,sorry-bench,True,test,assistant,fixed_slot,40,12,34,39,True
qwen2.5-7b,fitting,976a6eff603a,sorry-bench,True,test,system,natural_slot,29,12,14,28,False
qwen2.5-7b,fitting,976a6eff603a,sorry-bench,True,test,user,natural_slot,31,12,25,30,False
qwen2.5-7b,fitting,976a6eff603a,sorry-bench,True,test,tool,natural_slot,56,12,46,55,False
qwen2.5-7b,fitting,976a6eff603a,sorry-bench,True,test,assistant,natural_slot,40,12,34,39,False
qwen2.5-7b,fitting,12d95c01bf00,advbench,True,train,system,fixed_slot,28,11,13,27,False
qwen2.5-7b,fitting,12d95c01bf00,advbench,True,train,user,fixed_slot,39,11,33,38,True
qwen2.5-7b,fitting,12d95c01bf00,advbench,True,train,tool,fixed_slot,48,11,37,47,True
qwen2.5-7b,fitting,12d95c01bf00,advbench,True,train,assistant,fixed_slot,39,11,33,38,True
qwen2.5-7b,fitting,12d95c01bf00,advbench,True,train,system,natural_slot,28,11,13,27,False
qwen2.5-7b,fitting,12d95c01bf00,advbench,True,train,user,natural_slot,30,11,24,29,False
qwen2.5-7b,fitting,12d95c01bf00,advbench,True,train,tool,natural_slot,56,11,45,55,False
qwen2.5-7b,fitting,12d95c01bf00,advbench,True,train,assistant,natural_slot,39,11,33,38,False
qwen2.5-7b,fitting,b812e6f874ba,jbb,True,train,system,fixed_slot,40,23,25,39,False
qwen2.5-7b,fitting,b812e6f874ba,jbb,True,train,user,fixed_slot,51,23,45,50,True
qwen2.5-7b,fitting,b812e6f874ba,jbb,True,train,tool,fixed_slot,60,23,49,59,True
qwen2.5-7b,fitting,b812e6f874ba,jbb,True,train,assistant,fixed_slot,51,23,45,50,True
qwen2.5-7b,fitting,b812e6f874ba,jbb,True,train,system,natural_slot,40,23,25,39,False
qwen2.5-7b,fitting,b812e6f874ba,jbb,True,train,user,natural_slot,42,23,36,41,False
qwen2.5-7b,fitting,b812e6f874ba,jbb,True,train,tool,natural_slot,68,23,57,67,False
qwen2.5-7b,fitting,b812e6f874ba,jbb,True,train,assistant,natural_slot,51,23,45,50,False
qwen2.5-7b,fitting,0efbdb6381cc,sorry-bench,True,train,system,fixed_slot,47,30,32,46,False
qwen2.5-7b,fitting,0efbdb6381cc,sorry-bench,True,train,user,fixed_slot,58,30,52,57,True
qwen2.5-7b,fitting,0efbdb6381cc,sorry-bench,True,train,tool,fixed_slot,66,30,56,65,True
qwen2.5-7b,fitting,0efbdb6381cc,sorry-bench,True,train,assistant,fixed_slot,58,30,52,57,True
qwen2.5-7b,fitting,0efbdb6381cc,sorry-bench,True,train,system,natural_slot,47,30,32,46,False
qwen2.5-7b,fitting,0efbdb6381cc,sorry-bench,True,train,user,natural_slot,49,30,43,48,False
qwen2.5-7b,fitting,0efbdb6381cc,sorry-bench,True,train,tool,natural_slot,74,30,64,73,False
qwen2.5-7b,fitting,0efbdb6381cc,sorry-bench,True,train,assistant,natural_slot,58,30,52,57,False
qwen2.5-7b,fitting,8216f5afd681,advbench,True,train,system,fixed_slot,27,10,12,26,False
qwen2.5-7b,fitting,8216f5afd681,advbench,True,train,user,fixed_slot,38,10,32,37,True
qwen2.5-7b,fitting,8216f5afd681,advbench,True,train,tool,fixed_slot,47,10,36,46,True
qwen2.5-7b,fitting,8216f5afd681,advbench,True,train,assistant,fixed_slot,38,10,32,37,True
qwen2.5-7b,fitting,8216f5afd681,advbench,True,train,system,natural_slot,27,10,12,26,False
qwen2.5-7b,fitting,8216f5afd681,advbench,True,train,user,natural_slot,29,10,23,28,False
qwen2.5-7b,fitting,8216f5afd681,advbench,True,train,tool,natural_slot,55,10,44,54,False
qwen2.5-7b,fitting,8216f5afd681,advbench,True,train,assistant,natural_slot,38,10,32,37,False
qwen2.5-7b,fitting,f1e260620370,jbb,True,train,system,fixed_slot,28,11,13,27,False
qwen2.5-7b,fitting,f1e260620370,jbb,True,train,user,fixed_slot,39,11,33,38,True
qwen2.5-7b,fitting,f1e260620370,jbb,True,train,tool,fixed_slot,48,11,37,47,True
qwen2.5-7b,fitting,f1e260620370,jbb,True,train,assistant,fixed_slot,39,11,33,38,True
qwen2.5-7b,fitting,f1e260620370,jbb,True,train,system,natural_slot,28,11,13,27,False
qwen2.5-7b,fitting,f1e260620370,jbb,True,train,user,natural_slot,30,11,24,29,False
qwen2.5-7b,fitting,f1e260620370,jbb,True,train,tool,natural_slot,56,11,45,55,False
qwen2.5-7b,fitting,f1e260620370,jbb,True,train,assistant,natural_slot,39,11,33,38,False
qwen2.5-7b,fitting,450d0e2f16d7,sorry-bench,True,test,system,fixed_slot,59,42,44,58,False
qwen2.5-7b,fitting,450d0e2f16d7,sorry-bench,True,test,user,fixed_slot,70,42,64,69,True
qwen2.5-7b,fitting,450d0e2f16d7,sorry-bench,True,test,tool,fixed_slot,78,42,68,77,True
qwen2.5-7b,fitting,450d0e2f16d7,sorry-bench,True,test,assistant,fixed_slot,70,42,64,69,True
qwen2.5-7b,fitting,450d0e2f16d7,sorry-bench,True,test,system,natural_slot,59,42,44,58,False
qwen2.5-7b,fitting,450d0e2f16d7,sorry-bench,True,test,user,natural_slot,61,42,55,60,False
qwen2.5-7b,fitting,450d0e2f16d7,sorry-bench,True,test,tool,natural_slot,86,42,76,85,False
qwen2.5-7b,fitting,450d0e2f16d7,sorry-bench,True,test,assistant,natural_slot,70,42,64,69,False
qwen2.5-7b,fitting,eaf7c3977210,advbench,True,test,system,fixed_slot,32,15,17,31,False
qwen2.5-7b,fitting,eaf7c3977210,advbench,True,test,user,fixed_slot,43,15,37,42,True
qwen2.5-7b,fitting,eaf7c3977210,advbench,True,test,tool,fixed_slot,52,15,41,51,True
qwen2.5-7b,fitting,eaf7c3977210,advbench,True,test,assistant,fixed_slot,43,15,37,42,True
qwen2.5-7b,fitting,eaf7c3977210,advbench,True,test,system,natural_slot,32,15,17,31,False
qwen2.5-7b,fitting,eaf7c3977210,advbench,True,test,user,natural_slot,34,15,28,33,False
qwen2.5-7b,fitting,eaf7c3977210,advbench,True,test,tool,natural_slot,60,15,49,59,False
qwen2.5-7b,fitting,eaf7c3977210,advbench,True,test,assistant,natural_slot,43,15,37,42,False
qwen2.5-7b,fitting,f96d115d45f3,jbb,True,train,system,fixed_slot,30,13,15,29,False
qwen2.5-7b,fitting,f96d115d45f3,jbb,True,train,user,fixed_slot,41,13,35,40,True
qwen2.5-7b,fitting,f96d115d45f3,jbb,True,train,tool,fixed_slot,50,13,39,49,True
qwen2.5-7b,fitting,f96d115d45f3,jbb,True,train,assistant,fixed_slot,41,13,35,40,True
qwen2.5-7b,fitting,f96d115d45f3,jbb,True,train,system,natural_slot,30,13,15,29,False
qwen2.5-7b,fitting,f96d115d45f3,jbb,True,train,user,natural_slot,32,13,26,31,False
qwen2.5-7b,fitting,f96d115d45f3,jbb,True,train,tool,natural_slot,58,13,47,57,False
qwen2.5-7b,fitting,f96d115d45f3,jbb,True,train,assistant,natural_slot,41,13,35,40,False
qwen2.5-7b,fitting,77924cd75c03,sorry-bench,True,train,system,fixed_slot,62,45,47,61,False
qwen2.5-7b,fitting,77924cd75c03,sorry-bench,True,train,user,fixed_slot,73,45,67,72,True
qwen2.5-7b,fitting,77924cd75c03,sorry-bench,True,train,tool,fixed_slot,81,45,71,80,True
qwen2.5-7b,fitting,77924cd75c03,sorry-bench,True,train,assistant,fixed_slot,73,45,67,72,True
qwen2.5-7b,fitting,77924cd75c03,sorry-bench,True,train,system,natural_slot,62,45,47,61,False
qwen2.5-7b,fitting,77924cd75c03,sorry-bench,True,train,user,natural_slot,64,45,58,63,False
qwen2.5-7b,fitting,77924cd75c03,sorry-bench,True,train,tool,natural_slot,89,45,79,88,False
qwen2.5-7b,fitting,77924cd75c03,sorry-bench,True,train,assistant,natural_slot,73,45,67,72,False
qwen2.5-7b,fitting,421ed532d733,advbench,True,train,system,fixed_slot,30,13,15,29,False
qwen2.5-7b,fitting,421ed532d733,advbench,True,train,user,fixed_slot,41,13,35,40,True
qwen2.5-7b,fitting,421ed532d733,advbench,True,train,tool,fixed_slot,50,13,39,49,True
qwen2.5-7b,fitting,421ed532d733,advbench,True,train,assistant,fixed_slot,41,13,35,40,True
qwen2.5-7b,fitting,421ed532d733,advbench,True,train,system,natural_slot,30,13,15,29,False
qwen2.5-7b,fitting,421ed532d733,advbench,True,train,user,natural_slot,32,13,26,31,False
qwen2.5-7b,fitting,421ed532d733,advbench,True,train,tool,natural_slot,58,13,47,57,False
qwen2.5-7b,fitting,421ed532d733,advbench,True,train,assistant,natural_slot,41,13,35,40,False
qwen2.5-7b,fitting,4a2f7ea3c6bc,jbb,True,train,system,fixed_slot,32,15,17,31,False
qwen2.5-7b,fitting,4a2f7ea3c6bc,jbb,True,train,user,fixed_slot,43,15,37,42,True
qwen2.5-7b,fitting,4a2f7ea3c6bc,jbb,True,train,tool,fixed_slot,52,15,41,51,True
qwen2.5-7b,fitting,4a2f7ea3c6bc,jbb,True,train,assistant,fixed_slot,43,15,37,42,True
qwen2.5-7b,fitting,4a2f7ea3c6bc,jbb,True,train,system,natural_slot,32,15,17,31,False
qwen2.5-7b,fitting,4a2f7ea3c6bc,jbb,True,train,user,natural_slot,34,15,28,33,False
qwen2.5-7b,fitting,4a2f7ea3c6bc,jbb,True,train,tool,natural_slot,60,15,49,59,False
qwen2.5-7b,fitting,4a2f7ea3c6bc,jbb,True,train,assistant,natural_slot,43,15,37,42,False
qwen2.5-7b,fitting,191476e5b234,sorry-bench,True,train,system,fixed_slot,27,10,12,26,False
qwen2.5-7b,fitting,191476e5b234,sorry-bench,True,train,user,fixed_slot,38,10,32,37,True
qwen2.5-7b,fitting,191476e5b234,sorry-bench,True,train,tool,fixed_slot,46,10,36,45,True
qwen2.5-7b,fitting,191476e5b234,sorry-bench,True,train,assistant,fixed_slot,38,10,32,37,True
qwen2.5-7b,fitting,191476e5b234,sorry-bench,True,train,system,natural_slot,27,10,12,26,False
qwen2.5-7b,fitting,191476e5b234,sorry-bench,True,train,user,natural_slot,29,10,23,28,False
qwen2.5-7b,fitting,191476e5b234,sorry-bench,True,train,tool,natural_slot,54,10,44,53,False
qwen2.5-7b,fitting,191476e5b234,sorry-bench,True,train,assistant,natural_slot,38,10,32,37,False
qwen2.5-7b,fitting,d5393b933872,advbench,True,train,system,fixed_slot,34,17,19,33,False
qwen2.5-7b,fitting,d5393b933872,advbench,True,train,user,fixed_slot,45,17,39,44,True
qwen2.5-7b,fitting,d5393b933872,advbench,True,train,tool,fixed_slot,54,17,43,53,True
qwen2.5-7b,fitting,d5393b933872,advbench,True,train,assistant,fixed_slot,45,17,39,44,True
qwen2.5-7b,fitting,d5393b933872,advbench,True,train,system,natural_slot,34,17,19,33,False
qwen2.5-7b,fitting,d5393b933872,advbench,True,train,user,natural_slot,36,17,30,35,False
qwen2.5-7b,fitting,d5393b933872,advbench,True,train,tool,natural_slot,62,17,51,61,False
qwen2.5-7b,fitting,d5393b933872,advbench,True,train,assistant,natural_slot,45,17,39,44,False
qwen2.5-7b,fitting,2bf03afa1a5d,jbb,True,train,system,fixed_slot,27,10,12,26,False
qwen2.5-7b,fitting,2bf03afa1a5d,jbb,True,train,user,fixed_slot,38,10,32,37,True
qwen2.5-7b,fitting,2bf03afa1a5d,jbb,True,train,tool,fixed_slot,47,10,36,46,True
qwen2.5-7b,fitting,2bf03afa1a5d,jbb,True,train,assistant,fixed_slot,38,10,32,37,True
qwen2.5-7b,fitting,2bf03afa1a5d,jbb,True,train,system,natural_slot,27,10,12,26,False
qwen2.5-7b,fitting,2bf03afa1a5d,jbb,True,train,user,natural_slot,29,10,23,28,False
qwen2.5-7b,fitting,2bf03afa1a5d,jbb,True,train,tool,natural_slot,55,10,44,54,False
qwen2.5-7b,fitting,2bf03afa1a5d,jbb,True,train,assistant,natural_slot,38,10,32,37,False
qwen2.5-7b,fitting,d61a408b47b3,sorry-bench,True,train,system,fixed_slot,27,10,12,26,False
qwen2.5-7b,fitting,d61a408b47b3,sorry-bench,True,train,user,fixed_slot,38,10,32,37,True
qwen2.5-7b,fitting,d61a408b47b3,sorry-bench,True,train,tool,fixed_slot,46,10,36,45,True
qwen2.5-7b,fitting,d61a408b47b3,sorry-bench,True,train,assistant,fixed_slot,38,10,32,37,True
qwen2.5-7b,fitting,d61a408b47b3,sorry-bench,True,train,system,natural_slot,27,10,12,26,False
qwen2.5-7b,fitting,d61a408b47b3,sorry-bench,True,train,user,natural_slot,29,10,23,28,False
qwen2.5-7b,fitting,d61a408b47b3,sorry-bench,True,train,tool,natural_slot,54,10,44,53,False
qwen2.5-7b,fitting,d61a408b47b3,sorry-bench,True,train,assistant,natural_slot,38,10,32,37,False
qwen2.5-7b,fitting,913e08641f82,advbench,True,train,system,fixed_slot,30,13,15,29,False
qwen2.5-7b,fitting,913e08641f82,advbench,True,train,user,fixed_slot,41,13,35,40,True
qwen2.5-7b,fitting,913e08641f82,advbench,True,train,tool,fixed_slot,50,13,39,49,True
qwen2.5-7b,fitting,913e08641f82,advbench,True,train,assistant,fixed_slot,41,13,35,40,True
qwen2.5-7b,fitting,913e08641f82,advbench,True,train,system,natural_slot,30,13,15,29,False
qwen2.5-7b,fitting,913e08641f82,advbench,True,train,user,natural_slot,32,13,26,31,False
qwen2.5-7b,fitting,913e08641f82,advbench,True,train,tool,natural_slot,58,13,47,57,False
qwen2.5-7b,fitting,913e08641f82,advbench,True,train,assistant,natural_slot,41,13,35,40,False
qwen2.5-7b,fitting,d3bb7f952e27,jbb,True,train,system,fixed_slot,37,20,22,36,False
qwen2.5-7b,fitting,d3bb7f952e27,jbb,True,train,user,fixed_slot,48,20,42,47,True
qwen2.5-7b,fitting,d3bb7f952e27,jbb,True,train,tool,fixed_slot,57,20,46,56,True
qwen2.5-7b,fitting,d3bb7f952e27,jbb,True,train,assistant,fixed_slot,48,20,42,47,True
qwen2.5-7b,fitting,d3bb7f952e27,jbb,True,train,system,natural_slot,37,20,22,36,False
qwen2.5-7b,fitting,d3bb7f952e27,jbb,True,train,user,natural_slot,39,20,33,38,False
qwen2.5-7b,fitting,d3bb7f952e27,jbb,True,train,tool,natural_slot,65,20,54,64,False
qwen2.5-7b,fitting,d3bb7f952e27,jbb,True,train,assistant,natural_slot,48,20,42,47,False
qwen2.5-7b,fitting,be2f571d9e0e,sorry-bench,True,train,system,fixed_slot,52,35,37,51,False
qwen2.5-7b,fitting,be2f571d9e0e,sorry-bench,True,train,user,fixed_slot,63,35,57,62,True
qwen2.5-7b,fitting,be2f571d9e0e,sorry-bench,True,train,tool,fixed_slot,71,35,61,70,True
qwen2.5-7b,fitting,be2f571d9e0e,sorry-bench,True,train,assistant,fixed_slot,63,35,57,62,True
qwen2.5-7b,fitting,be2f571d9e0e,sorry-bench,True,train,system,natural_slot,52,35,37,51,False
qwen2.5-7b,fitting,be2f571d9e0e,sorry-bench,True,train,user,natural_slot,54,35,48,53,False
qwen2.5-7b,fitting,be2f571d9e0e,sorry-bench,True,train,tool,natural_slot,79,35,69,78,False
qwen2.5-7b,fitting,be2f571d9e0e,sorry-bench,True,train,assistant,natural_slot,63,35,57,62,False
qwen2.5-7b,fitting,c1fe6a7120c1,advbench,True,train,system,fixed_slot,33,16,18,32,False
qwen2.5-7b,fitting,c1fe6a7120c1,advbench,True,train,user,fixed_slot,44,16,38,43,True
qwen2.5-7b,fitting,c1fe6a7120c1,advbench,True,train,tool,fixed_slot,53,16,42,52,True
qwen2.5-7b,fitting,c1fe6a7120c1,advbench,True,train,assistant,fixed_slot,44,16,38,43,True
qwen2.5-7b,fitting,c1fe6a7120c1,advbench,True,train,system,natural_slot,33,16,18,32,False
qwen2.5-7b,fitting,c1fe6a7120c1,advbench,True,train,user,natural_slot,35,16,29,34,False
qwen2.5-7b,fitting,c1fe6a7120c1,advbench,True,train,tool,natural_slot,61,16,50,60,False
qwen2.5-7b,fitting,c1fe6a7120c1,advbench,True,train,assistant,natural_slot,44,16,38,43,False
qwen2.5-7b,fitting,7d28eb52f637,jbb,True,train,system,fixed_slot,47,30,32,46,False
qwen2.5-7b,fitting,7d28eb52f637,jbb,True,train,user,fixed_slot,58,30,52,57,True
qwen2.5-7b,fitting,7d28eb52f637,jbb,True,train,tool,fixed_slot,67,30,56,66,True
qwen2.5-7b,fitting,7d28eb52f637,jbb,True,train,assistant,fixed_slot,58,30,52,57,True
qwen2.5-7b,fitting,7d28eb52f637,jbb,True,train,system,natural_slot,47,30,32,46,False
qwen2.5-7b,fitting,7d28eb52f637,jbb,True,train,user,natural_slot,49,30,43,48,False
qwen2.5-7b,fitting,7d28eb52f637,jbb,True,train,tool,natural_slot,75,30,64,74,False
qwen2.5-7b,fitting,7d28eb52f637,jbb,True,train,assistant,natural_slot,58,30,52,57,False
qwen2.5-7b,fitting,093e5cf540f8,sorry-bench,True,test,system,fixed_slot,44,27,29,43,False
qwen2.5-7b,fitting,093e5cf540f8,sorry-bench,True,test,user,fixed_slot,55,27,49,54,True
qwen2.5-7b,fitting,093e5cf540f8,sorry-bench,True,test,tool,fixed_slot,63,27,53,62,True
qwen2.5-7b,fitting,093e5cf540f8,sorry-bench,True,test,assistant,fixed_slot,55,27,49,54,True
qwen2.5-7b,fitting,093e5cf540f8,sorry-bench,True,test,system,natural_slot,44,27,29,43,False
qwen2.5-7b,fitting,093e5cf540f8,sorry-bench,True,test,user,natural_slot,46,27,40,45,False
qwen2.5-7b,fitting,093e5cf540f8,sorry-bench,True,test,tool,natural_slot,71,27,61,70,False
qwen2.5-7b,fitting,093e5cf540f8,sorry-bench,True,test,assistant,natural_slot,55,27,49,54,False
qwen2.5-7b,fitting,0109611a6845,advbench,True,train,system,fixed_slot,28,11,13,27,False
qwen2.5-7b,fitting,0109611a6845,advbench,True,train,user,fixed_slot,39,11,33,38,True
qwen2.5-7b,fitting,0109611a6845,advbench,True,train,tool,fixed_slot,48,11,37,47,True
qwen2.5-7b,fitting,0109611a6845,advbench,True,train,assistant,fixed_slot,39,11,33,38,True
qwen2.5-7b,fitting,0109611a6845,advbench,True,train,system,natural_slot,28,11,13,27,False
qwen2.5-7b,fitting,0109611a6845,advbench,True,train,user,natural_slot,30,11,24,29,False
qwen2.5-7b,fitting,0109611a6845,advbench,True,train,tool,natural_slot,56,11,45,55,False
qwen2.5-7b,fitting,0109611a6845,advbench,True,train,assistant,natural_slot,39,11,33,38,False
qwen2.5-7b,fitting,711b5ce2f890,jbb,True,train,system,fixed_slot,42,25,27,41,False
qwen2.5-7b,fitting,711b5ce2f890,jbb,True,train,user,fixed_slot,53,25,47,52,True
qwen2.5-7b,fitting,711b5ce2f890,jbb,True,train,tool,fixed_slot,62,25,51,61,True
qwen2.5-7b,fitting,711b5ce2f890,jbb,True,train,assistant,fixed_slot,53,25,47,52,True
qwen2.5-7b,fitting,711b5ce2f890,jbb,True,train,system,natural_slot,42,25,27,41,False
qwen2.5-7b,fitting,711b5ce2f890,jbb,True,train,user,natural_slot,44,25,38,43,False
qwen2.5-7b,fitting,711b5ce2f890,jbb,True,train,tool,natural_slot,70,25,59,69,False
qwen2.5-7b,fitting,711b5ce2f890,jbb,True,train,assistant,natural_slot,53,25,47,52,False
qwen2.5-7b,fitting,cf8bdf5df9e1,sorry-bench,True,train,system,fixed_slot,27,10,12,26,False
qwen2.5-7b,fitting,cf8bdf5df9e1,sorry-bench,True,train,user,fixed_slot,38,10,32,37,True
qwen2.5-7b,fitting,cf8bdf5df9e1,sorry-bench,True,train,tool,fixed_slot,46,10,36,45,True
qwen2.5-7b,fitting,cf8bdf5df9e1,sorry-bench,True,train,assistant,fixed_slot,38,10,32,37,True
qwen2.5-7b,fitting,cf8bdf5df9e1,sorry-bench,True,train,system,natural_slot,27,10,12,26,False
qwen2.5-7b,fitting,cf8bdf5df9e1,sorry-bench,True,train,user,natural_slot,29,10,23,28,False
qwen2.5-7b,fitting,cf8bdf5df9e1,sorry-bench,True,train,tool,natural_slot,54,10,44,53,False
qwen2.5-7b,fitting,cf8bdf5df9e1,sorry-bench,True,train,assistant,natural_slot,38,10,32,37,False
qwen2.5-7b,fitting,dc4f21b430b6,advbench,True,train,system,fixed_slot,26,9,11,25,False
qwen2.5-7b,fitting,dc4f21b430b6,advbench,True,train,user,fixed_slot,37,9,31,36,True
qwen2.5-7b,fitting,dc4f21b430b6,advbench,True,train,tool,fixed_slot,46,9,35,45,True
qwen2.5-7b,fitting,dc4f21b430b6,advbench,True,train,assistant,fixed_slot,37,9,31,36,True
qwen2.5-7b,fitting,dc4f21b430b6,advbench,True,train,system,natural_slot,26,9,11,25,False
qwen2.5-7b,fitting,dc4f21b430b6,advbench,True,train,user,natural_slot,28,9,22,27,False
qwen2.5-7b,fitting,dc4f21b430b6,advbench,True,train,tool,natural_slot,54,9,43,53,False
qwen2.5-7b,fitting,dc4f21b430b6,advbench,True,train,assistant,natural_slot,37,9,31,36,False
qwen2.5-7b,fitting,d66a8a582ce0,jbb,True,train,system,fixed_slot,30,13,15,29,False
qwen2.5-7b,fitting,d66a8a582ce0,jbb,True,train,user,fixed_slot,41,13,35,40,True
qwen2.5-7b,fitting,d66a8a582ce0,jbb,True,train,tool,fixed_slot,50,13,39,49,True
qwen2.5-7b,fitting,d66a8a582ce0,jbb,True,train,assistant,fixed_slot,41,13,35,40,True
qwen2.5-7b,fitting,d66a8a582ce0,jbb,True,train,system,natural_slot,30,13,15,29,False
qwen2.5-7b,fitting,d66a8a582ce0,jbb,True,train,user,natural_slot,32,13,26,31,False
qwen2.5-7b,fitting,d66a8a582ce0,jbb,True,train,tool,natural_slot,58,13,47,57,False
qwen2.5-7b,fitting,d66a8a582ce0,jbb,True,train,assistant,natural_slot,41,13,35,40,False
qwen2.5-7b,fitting,783002f81bf5,sorry-bench,True,train,system,fixed_slot,36,19,21,35,False
qwen2.5-7b,fitting,783002f81bf5,sorry-bench,True,train,user,fixed_slot,47,19,41,46,True
qwen2.5-7b,fitting,783002f81bf5,sorry-bench,True,train,tool,fixed_slot,55,19,45,54,True
qwen2.5-7b,fitting,783002f81bf5,sorry-bench,True,train,assistant,fixed_slot,47,19,41,46,True
qwen2.5-7b,fitting,783002f81bf5,sorry-bench,True,train,system,natural_slot,36,19,21,35,False
qwen2.5-7b,fitting,783002f81bf5,sorry-bench,True,train,user,natural_slot,38,19,32,37,False
qwen2.5-7b,fitting,783002f81bf5,sorry-bench,True,train,tool,natural_slot,63,19,53,62,False
qwen2.5-7b,fitting,783002f81bf5,sorry-bench,True,train,assistant,natural_slot,47,19,41,46,False
qwen2.5-7b,fitting,dba92a2a5b38,advbench,True,test,system,fixed_slot,32,15,17,31,False
qwen2.5-7b,fitting,dba92a2a5b38,advbench,True,test,user,fixed_slot,43,15,37,42,True
qwen2.5-7b,fitting,dba92a2a5b38,advbench,True,test,tool,fixed_slot,52,15,41,51,True
qwen2.5-7b,fitting,dba92a2a5b38,advbench,True,test,assistant,fixed_slot,43,15,37,42,True
qwen2.5-7b,fitting,dba92a2a5b38,advbench,True,test,system,natural_slot,32,15,17,31,False
qwen2.5-7b,fitting,dba92a2a5b38,advbench,True,test,user,natural_slot,34,15,28,33,False
qwen2.5-7b,fitting,dba92a2a5b38,advbench,True,test,tool,natural_slot,60,15,49,59,False
qwen2.5-7b,fitting,dba92a2a5b38,advbench,True,test,assistant,natural_slot,43,15,37,42,False
qwen2.5-7b,fitting,cb9888f1cdd2,jbb,True,train,system,fixed_slot,33,16,18,32,False
qwen2.5-7b,fitting,cb9888f1cdd2,jbb,True,train,user,fixed_slot,44,16,38,43,True
qwen2.5-7b,fitting,cb9888f1cdd2,jbb,True,train,tool,fixed_slot,53,16,42,52,True
qwen2.5-7b,fitting,cb9888f1cdd2,jbb,True,train,assistant,fixed_slot,44,16,38,43,True
qwen2.5-7b,fitting,cb9888f1cdd2,jbb,True,train,system,natural_slot,33,16,18,32,False
qwen2.5-7b,fitting,cb9888f1cdd2,jbb,True,train,user,natural_slot,35,16,29,34,False
qwen2.5-7b,fitting,cb9888f1cdd2,jbb,True,train,tool,natural_slot,61,16,50,60,False
qwen2.5-7b,fitting,cb9888f1cdd2,jbb,True,train,assistant,natural_slot,44,16,38,43,False
qwen2.5-7b,fitting,c550b6122621,sorry-bench,True,test,system,fixed_slot,38,21,23,37,False
qwen2.5-7b,fitting,c550b6122621,sorry-bench,True,test,user,fixed_slot,49,21,43,48,True
qwen2.5-7b,fitting,c550b6122621,sorry-bench,True,test,tool,fixed_slot,57,21,47,56,True
qwen2.5-7b,fitting,c550b6122621,sorry-bench,True,test,assistant,fixed_slot,49,21,43,48,True
qwen2.5-7b,fitting,c550b6122621,sorry-bench,True,test,system,natural_slot,38,21,23,37,False
qwen2.5-7b,fitting,c550b6122621,sorry-bench,True,test,user,natural_slot,40,21,34,39,False
qwen2.5-7b,fitting,c550b6122621,sorry-bench,True,test,tool,natural_slot,65,21,55,64,False
qwen2.5-7b,fitting,c550b6122621,sorry-bench,True,test,assistant,natural_slot,49,21,43,48,False
qwen2.5-7b,fitting,f53736e9eb6f,advbench,True,train,system,fixed_slot,30,13,15,29,False
qwen2.5-7b,fitting,f53736e9eb6f,advbench,True,train,user,fixed_slot,41,13,35,40,True
qwen2.5-7b,fitting,f53736e9eb6f,advbench,True,train,tool,fixed_slot,50,13,39,49,True
qwen2.5-7b,fitting,f53736e9eb6f,advbench,True,train,assistant,fixed_slot,41,13,35,40,True
qwen2.5-7b,fitting,f53736e9eb6f,advbench,True,train,system,natural_slot,30,13,15,29,False
qwen2.5-7b,fitting,f53736e9eb6f,advbench,True,train,user,natural_slot,32,13,26,31,False
qwen2.5-7b,fitting,f53736e9eb6f,advbench,True,train,tool,natural_slot,58,13,47,57,False
qwen2.5-7b,fitting,f53736e9eb6f,advbench,True,train,assistant,natural_slot,41,13,35,40,False
qwen2.5-7b,fitting,79d2217d5c8a,jbb,True,train,system,fixed_slot,29,12,14,28,False
qwen2.5-7b,fitting,79d2217d5c8a,jbb,True,train,user,fixed_slot,40,12,34,39,True
qwen2.5-7b,fitting,79d2217d5c8a,jbb,True,train,tool,fixed_slot,49,12,38,48,True
qwen2.5-7b,fitting,79d2217d5c8a,jbb,True,train,assistant,fixed_slot,40,12,34,39,True
qwen2.5-7b,fitting,79d2217d5c8a,jbb,True,train,system,natural_slot,29,12,14,28,False
qwen2.5-7b,fitting,79d2217d5c8a,jbb,True,train,user,natural_slot,31,12,25,30,False
qwen2.5-7b,fitting,79d2217d5c8a,jbb,True,train,tool,natural_slot,57,12,46,56,False
qwen2.5-7b,fitting,79d2217d5c8a,jbb,True,train,assistant,natural_slot,40,12,34,39,False
qwen2.5-7b,fitting,3dfdc37ac978,sorry-bench,True,test,system,fixed_slot,41,24,26,40,False
qwen2.5-7b,fitting,3dfdc37ac978,sorry-bench,True,test,user,fixed_slot,52,24,46,51,True
qwen2.5-7b,fitting,3dfdc37ac978,sorry-bench,True,test,tool,fixed_slot,60,24,50,59,True
qwen2.5-7b,fitting,3dfdc37ac978,sorry-bench,True,test,assistant,fixed_slot,52,24,46,51,True
qwen2.5-7b,fitting,3dfdc37ac978,sorry-bench,True,test,system,natural_slot,41,24,26,40,False
qwen2.5-7b,fitting,3dfdc37ac978,sorry-bench,True,test,user,natural_slot,43,24,37,42,False
qwen2.5-7b,fitting,3dfdc37ac978,sorry-bench,True,test,tool,natural_slot,68,24,58,67,False
qwen2.5-7b,fitting,3dfdc37ac978,sorry-bench,True,test,assistant,natural_slot,52,24,46,51,False
qwen2.5-7b,fitting,938438ec2827,advbench,True,train,system,fixed_slot,24,7,9,23,False
qwen2.5-7b,fitting,938438ec2827,advbench,True,train,user,fixed_slot,35,7,29,34,True
qwen2.5-7b,fitting,938438ec2827,advbench,True,train,tool,fixed_slot,44,7,33,43,True
qwen2.5-7b,fitting,938438ec2827,advbench,True,train,assistant,fixed_slot,35,7,29,34,True
qwen2.5-7b,fitting,938438ec2827,advbench,True,train,system,natural_slot,24,7,9,23,False
qwen2.5-7b,fitting,938438ec2827,advbench,True,train,user,natural_slot,26,7,20,25,False
qwen2.5-7b,fitting,938438ec2827,advbench,True,train,tool,natural_slot,52,7,41,51,False
qwen2.5-7b,fitting,938438ec2827,advbench,True,train,assistant,natural_slot,35,7,29,34,False
qwen2.5-7b,fitting,e8cbb6d6aa18,jbb,True,train,system,fixed_slot,34,17,19,33,False
qwen2.5-7b,fitting,e8cbb6d6aa18,jbb,True,train,user,fixed_slot,45,17,39,44,True
qwen2.5-7b,fitting,e8cbb6d6aa18,jbb,True,train,tool,fixed_slot,54,17,43,53,True
qwen2.5-7b,fitting,e8cbb6d6aa18,jbb,True,train,assistant,fixed_slot,45,17,39,44,True
qwen2.5-7b,fitting,e8cbb6d6aa18,jbb,True,train,system,natural_slot,34,17,19,33,False
qwen2.5-7b,fitting,e8cbb6d6aa18,jbb,True,train,user,natural_slot,36,17,30,35,False
qwen2.5-7b,fitting,e8cbb6d6aa18,jbb,True,train,tool,natural_slot,62,17,51,61,False
qwen2.5-7b,fitting,e8cbb6d6aa18,jbb,True,train,assistant,natural_slot,45,17,39,44,False
qwen2.5-7b,fitting,fa16b4361175,sorry-bench,True,train,system,fixed_slot,33,16,18,32,False
qwen2.5-7b,fitting,fa16b4361175,sorry-bench,True,train,user,fixed_slot,44,16,38,43,True
qwen2.5-7b,fitting,fa16b4361175,sorry-bench,True,train,tool,fixed_slot,52,16,42,51,True
qwen2.5-7b,fitting,fa16b4361175,sorry-bench,True,train,assistant,fixed_slot,44,16,38,43,True
qwen2.5-7b,fitting,fa16b4361175,sorry-bench,True,train,system,natural_slot,33,16,18,32,False
qwen2.5-7b,fitting,fa16b4361175,sorry-bench,True,train,user,natural_slot,35,16,29,34,False
qwen2.5-7b,fitting,fa16b4361175,sorry-bench,True,train,tool,natural_slot,60,16,50,59,False
qwen2.5-7b,fitting,fa16b4361175,sorry-bench,True,train,assistant,natural_slot,44,16,38,43,False
qwen2.5-7b,fitting,72fdbf89d0c9,advbench,True,train,system,fixed_slot,27,10,12,26,False
qwen2.5-7b,fitting,72fdbf89d0c9,advbench,True,train,user,fixed_slot,38,10,32,37,True
qwen2.5-7b,fitting,72fdbf89d0c9,advbench,True,train,tool,fixed_slot,47,10,36,46,True
qwen2.5-7b,fitting,72fdbf89d0c9,advbench,True,train,assistant,fixed_slot,38,10,32,37,True
qwen2.5-7b,fitting,72fdbf89d0c9,advbench,True,train,system,natural_slot,27,10,12,26,False
qwen2.5-7b,fitting,72fdbf89d0c9,advbench,True,train,user,natural_slot,29,10,23,28,False
qwen2.5-7b,fitting,72fdbf89d0c9,advbench,True,train,tool,natural_slot,55,10,44,54,False
qwen2.5-7b,fitting,72fdbf89d0c9,advbench,True,train,assistant,natural_slot,38,10,32,37,False
qwen2.5-7b,fitting,2d8ae23d8ede,jbb,True,train,system,fixed_slot,27,10,12,26,False
qwen2.5-7b,fitting,2d8ae23d8ede,jbb,True,train,user,fixed_slot,38,10,32,37,True
qwen2.5-7b,fitting,2d8ae23d8ede,jbb,True,train,tool,fixed_slot,47,10,36,46,True
qwen2.5-7b,fitting,2d8ae23d8ede,jbb,True,train,assistant,fixed_slot,38,10,32,37,True
qwen2.5-7b,fitting,2d8ae23d8ede,jbb,True,train,system,natural_slot,27,10,12,26,False
qwen2.5-7b,fitting,2d8ae23d8ede,jbb,True,train,user,natural_slot,29,10,23,28,False
qwen2.5-7b,fitting,2d8ae23d8ede,jbb,True,train,tool,natural_slot,55,10,44,54,False
qwen2.5-7b,fitting,2d8ae23d8ede,jbb,True,train,assistant,natural_slot,38,10,32,37,False
qwen2.5-7b,fitting,ad1be43394a7,sorry-bench,True,train,system,fixed_slot,37,20,22,36,False
qwen2.5-7b,fitting,ad1be43394a7,sorry-bench,True,train,user,fixed_slot,48,20,42,47,True
qwen2.5-7b,fitting,ad1be43394a7,sorry-bench,True,train,tool,fixed_slot,56,20,46,55,True
qwen2.5-7b,fitting,ad1be43394a7,sorry-bench,True,train,assistant,fixed_slot,48,20,42,47,True
qwen2.5-7b,fitting,ad1be43394a7,sorry-bench,True,train,system,natural_slot,37,20,22,36,False
qwen2.5-7b,fitting,ad1be43394a7,sorry-bench,True,train,user,natural_slot,39,20,33,38,False
qwen2.5-7b,fitting,ad1be43394a7,sorry-bench,True,train,tool,natural_slot,64,20,54,63,False
qwen2.5-7b,fitting,ad1be43394a7,sorry-bench,True,train,assistant,natural_slot,48,20,42,47,False
qwen2.5-7b,fitting,8edcd4bfa459,advbench,True,train,system,fixed_slot,33,16,18,32,False
qwen2.5-7b,fitting,8edcd4bfa459,advbench,True,train,user,fixed_slot,44,16,38,43,True
qwen2.5-7b,fitting,8edcd4bfa459,advbench,True,train,tool,fixed_slot,53,16,42,52,True
qwen2.5-7b,fitting,8edcd4bfa459,advbench,True,train,assistant,fixed_slot,44,16,38,43,True
qwen2.5-7b,fitting,8edcd4bfa459,advbench,True,train,system,natural_slot,33,16,18,32,False
qwen2.5-7b,fitting,8edcd4bfa459,advbench,True,train,user,natural_slot,35,16,29,34,False
qwen2.5-7b,fitting,8edcd4bfa459,advbench,True,train,tool,natural_slot,61,16,50,60,False
qwen2.5-7b,fitting,8edcd4bfa459,advbench,True,train,assistant,natural_slot,44,16,38,43,False
qwen2.5-7b,fitting,673d2bdfdec7,jbb,True,train,system,fixed_slot,29,12,14,28,False
qwen2.5-7b,fitting,673d2bdfdec7,jbb,True,train,user,fixed_slot,40,12,34,39,True
qwen2.5-7b,fitting,673d2bdfdec7,jbb,True,train,tool,fixed_slot,49,12,38,48,True
qwen2.5-7b,fitting,673d2bdfdec7,jbb,True,train,assistant,fixed_slot,40,12,34,39,True
qwen2.5-7b,fitting,673d2bdfdec7,jbb,True,train,system,natural_slot,29,12,14,28,False
qwen2.5-7b,fitting,673d2bdfdec7,jbb,True,train,user,natural_slot,31,12,25,30,False
qwen2.5-7b,fitting,673d2bdfdec7,jbb,True,train,tool,natural_slot,57,12,46,56,False
qwen2.5-7b,fitting,673d2bdfdec7,jbb,True,train,assistant,natural_slot,40,12,34,39,False
qwen2.5-7b,fitting,b5eed6f2fba8,sorry-bench,True,train,system,fixed_slot,32,15,17,31,False
qwen2.5-7b,fitting,b5eed6f2fba8,sorry-bench,True,train,user,fixed_slot,43,15,37,42,True
qwen2.5-7b,fitting,b5eed6f2fba8,sorry-bench,True,train,tool,fixed_slot,51,15,41,50,True
qwen2.5-7b,fitting,b5eed6f2fba8,sorry-bench,True,train,assistant,fixed_slot,43,15,37,42,True
qwen2.5-7b,fitting,b5eed6f2fba8,sorry-bench,True,train,system,natural_slot,32,15,17,31,False
qwen2.5-7b,fitting,b5eed6f2fba8,sorry-bench,True,train,user,natural_slot,34,15,28,33,False
qwen2.5-7b,fitting,b5eed6f2fba8,sorry-bench,True,train,tool,natural_slot,59,15,49,58,False
qwen2.5-7b,fitting,b5eed6f2fba8,sorry-bench,True,train,assistant,natural_slot,43,15,37,42,False
qwen2.5-7b,fitting,54a74b00f02f,advbench,True,train,system,fixed_slot,30,13,15,29,False
qwen2.5-7b,fitting,54a74b00f02f,advbench,True,train,user,fixed_slot,41,13,35,40,True
qwen2.5-7b,fitting,54a74b00f02f,advbench,True,train,tool,fixed_slot,50,13,39,49,True
qwen2.5-7b,fitting,54a74b00f02f,advbench,True,train,assistant,fixed_slot,41,13,35,40,True
qwen2.5-7b,fitting,54a74b00f02f,advbench,True,train,system,natural_slot,30,13,15,29,False
qwen2.5-7b,fitting,54a74b00f02f,advbench,True,train,user,natural_slot,32,13,26,31,False
qwen2.5-7b,fitting,54a74b00f02f,advbench,True,train,tool,natural_slot,58,13,47,57,False
qwen2.5-7b,fitting,54a74b00f02f,advbench,True,train,assistant,natural_slot,41,13,35,40,False
qwen2.5-7b,fitting,72f94b91f18b,jbb,True,test,system,fixed_slot,35,18,20,34,False
qwen2.5-7b,fitting,72f94b91f18b,jbb,True,test,user,fixed_slot,46,18,40,45,True
qwen2.5-7b,fitting,72f94b91f18b,jbb,True,test,tool,fixed_slot,55,18,44,54,True
qwen2.5-7b,fitting,72f94b91f18b,jbb,True,test,assistant,fixed_slot,46,18,40,45,True
qwen2.5-7b,fitting,72f94b91f18b,jbb,True,test,system,natural_slot,35,18,20,34,False
qwen2.5-7b,fitting,72f94b91f18b,jbb,True,test,user,natural_slot,37,18,31,36,False
qwen2.5-7b,fitting,72f94b91f18b,jbb,True,test,tool,natural_slot,63,18,52,62,False
qwen2.5-7b,fitting,72f94b91f18b,jbb,True,test,assistant,natural_slot,46,18,40,45,False
qwen2.5-7b,fitting,ce732fee40aa,sorry-bench,True,train,system,fixed_slot,32,15,17,31,False
qwen2.5-7b,fitting,ce732fee40aa,sorry-bench,True,train,user,fixed_slot,43,15,37,42,True
qwen2.5-7b,fitting,ce732fee40aa,sorry-bench,True,train,tool,fixed_slot,51,15,41,50,True
qwen2.5-7b,fitting,ce732fee40aa,sorry-bench,True,train,assistant,fixed_slot,43,15,37,42,True
qwen2.5-7b,fitting,ce732fee40aa,sorry-bench,True,train,system,natural_slot,32,15,17,31,False
qwen2.5-7b,fitting,ce732fee40aa,sorry-bench,True,train,user,natural_slot,34,15,28,33,False
qwen2.5-7b,fitting,ce732fee40aa,sorry-bench,True,train,tool,natural_slot,59,15,49,58,False
qwen2.5-7b,fitting,ce732fee40aa,sorry-bench,True,train,assistant,natural_slot,43,15,37,42,False
qwen2.5-7b,fitting,4a6dff63bb95,advbench,True,train,system,fixed_slot,29,12,14,28,False
qwen2.5-7b,fitting,4a6dff63bb95,advbench,True,train,user,fixed_slot,40,12,34,39,True
qwen2.5-7b,fitting,4a6dff63bb95,advbench,True,train,tool,fixed_slot,49,12,38,48,True
qwen2.5-7b,fitting,4a6dff63bb95,advbench,True,train,assistant,fixed_slot,40,12,34,39,True
qwen2.5-7b,fitting,4a6dff63bb95,advbench,True,train,system,natural_slot,29,12,14,28,False
qwen2.5-7b,fitting,4a6dff63bb95,advbench,True,train,user,natural_slot,31,12,25,30,False
qwen2.5-7b,fitting,4a6dff63bb95,advbench,True,train,tool,natural_slot,57,12,46,56,False
qwen2.5-7b,fitting,4a6dff63bb95,advbench,True,train,assistant,natural_slot,40,12,34,39,False
qwen2.5-7b,fitting,04936aff0cac,jbb,True,train,system,fixed_slot,30,13,15,29,False
qwen2.5-7b,fitting,04936aff0cac,jbb,True,train,user,fixed_slot,41,13,35,40,True
qwen2.5-7b,fitting,04936aff0cac,jbb,True,train,tool,fixed_slot,50,13,39,49,True
qwen2.5-7b,fitting,04936aff0cac,jbb,True,train,assistant,fixed_slot,41,13,35,40,True
qwen2.5-7b,fitting,04936aff0cac,jbb,True,train,system,natural_slot,30,13,15,29,False
qwen2.5-7b,fitting,04936aff0cac,jbb,True,train,user,natural_slot,32,13,26,31,False
qwen2.5-7b,fitting,04936aff0cac,jbb,True,train,tool,natural_slot,58,13,47,57,False
qwen2.5-7b,fitting,04936aff0cac,jbb,True,train,assistant,natural_slot,41,13,35,40,False
qwen2.5-7b,fitting,61ee520eb673,sorry-bench,True,test,system,fixed_slot,51,34,36,50,False
qwen2.5-7b,fitting,61ee520eb673,sorry-bench,True,test,user,fixed_slot,62,34,56,61,True
qwen2.5-7b,fitting,61ee520eb673,sorry-bench,True,test,tool,fixed_slot,70,34,60,69,True
qwen2.5-7b,fitting,61ee520eb673,sorry-bench,True,test,assistant,fixed_slot,62,34,56,61,True
qwen2.5-7b,fitting,61ee520eb673,sorry-bench,True,test,system,natural_slot,51,34,36,50,False
qwen2.5-7b,fitting,61ee520eb673,sorry-bench,True,test,user,natural_slot,53,34,47,52,False
qwen2.5-7b,fitting,61ee520eb673,sorry-bench,True,test,tool,natural_slot,78,34,68,77,False
qwen2.5-7b,fitting,61ee520eb673,sorry-bench,True,test,assistant,natural_slot,62,34,56,61,False
qwen2.5-7b,fitting,614e33383967,advbench,True,train,system,fixed_slot,28,11,13,27,False
qwen2.5-7b,fitting,614e33383967,advbench,True,train,user,fixed_slot,39,11,33,38,True
qwen2.5-7b,fitting,614e33383967,advbench,True,train,tool,fixed_slot,48,11,37,47,True
qwen2.5-7b,fitting,614e33383967,advbench,True,train,assistant,fixed_slot,39,11,33,38,True
qwen2.5-7b,fitting,614e33383967,advbench,True,train,system,natural_slot,28,11,13,27,False
qwen2.5-7b,fitting,614e33383967,advbench,True,train,user,natural_slot,30,11,24,29,False
qwen2.5-7b,fitting,614e33383967,advbench,True,train,tool,natural_slot,56,11,45,55,False
qwen2.5-7b,fitting,614e33383967,advbench,True,train,assistant,natural_slot,39,11,33,38,False
qwen2.5-7b,fitting,9ab84edba2bc,jbb,True,test,system,fixed_slot,27,10,12,26,False
qwen2.5-7b,fitting,9ab84edba2bc,jbb,True,test,user,fixed_slot,38,10,32,37,True
qwen2.5-7b,fitting,9ab84edba2bc,jbb,True,test,tool,fixed_slot,47,10,36,46,True
qwen2.5-7b,fitting,9ab84edba2bc,jbb,True,test,assistant,fixed_slot,38,10,32,37,True
qwen2.5-7b,fitting,9ab84edba2bc,jbb,True,test,system,natural_slot,27,10,12,26,False
qwen2.5-7b,fitting,9ab84edba2bc,jbb,True,test,user,natural_slot,29,10,23,28,False
qwen2.5-7b,fitting,9ab84edba2bc,jbb,True,test,tool,natural_slot,55,10,44,54,False
qwen2.5-7b,fitting,9ab84edba2bc,jbb,True,test,assistant,natural_slot,38,10,32,37,False
qwen2.5-7b,fitting,4205477a21cd,sorry-bench,True,test,system,fixed_slot,56,39,41,55,False
qwen2.5-7b,fitting,4205477a21cd,sorry-bench,True,test,user,fixed_slot,67,39,61,66,True
qwen2.5-7b,fitting,4205477a21cd,sorry-bench,True,test,tool,fixed_slot,75,39,65,74,True
qwen2.5-7b,fitting,4205477a21cd,sorry-bench,True,test,assistant,fixed_slot,67,39,61,66,True
qwen2.5-7b,fitting,4205477a21cd,sorry-bench,True,test,system,natural_slot,56,39,41,55,False
qwen2.5-7b,fitting,4205477a21cd,sorry-bench,True,test,user,natural_slot,58,39,52,57,False
qwen2.5-7b,fitting,4205477a21cd,sorry-bench,True,test,tool,natural_slot,83,39,73,82,False
qwen2.5-7b,fitting,4205477a21cd,sorry-bench,True,test,assistant,natural_slot,67,39,61,66,False
qwen2.5-7b,fitting,5b3879a84862,advbench,True,train,system,fixed_slot,28,11,13,27,False
qwen2.5-7b,fitting,5b3879a84862,advbench,True,train,user,fixed_slot,39,11,33,38,True
qwen2.5-7b,fitting,5b3879a84862,advbench,True,train,tool,fixed_slot,48,11,37,47,True
qwen2.5-7b,fitting,5b3879a84862,advbench,True,train,assistant,fixed_slot,39,11,33,38,True
qwen2.5-7b,fitting,5b3879a84862,advbench,True,train,system,natural_slot,28,11,13,27,False
qwen2.5-7b,fitting,5b3879a84862,advbench,True,train,user,natural_slot,30,11,24,29,False
qwen2.5-7b,fitting,5b3879a84862,advbench,True,train,tool,natural_slot,56,11,45,55,False
qwen2.5-7b,fitting,5b3879a84862,advbench,True,train,assistant,natural_slot,39,11,33,38,False
qwen2.5-7b,fitting,3f0831c8d528,jbb,True,train,system,fixed_slot,30,13,15,29,False
qwen2.5-7b,fitting,3f0831c8d528,jbb,True,train,user,fixed_slot,41,13,35,40,True
qwen2.5-7b,fitting,3f0831c8d528,jbb,True,train,tool,fixed_slot,50,13,39,49,True
qwen2.5-7b,fitting,3f0831c8d528,jbb,True,train,assistant,fixed_slot,41,13,35,40,True
qwen2.5-7b,fitting,3f0831c8d528,jbb,True,train,system,natural_slot,30,13,15,29,False
qwen2.5-7b,fitting,3f0831c8d528,jbb,True,train,user,natural_slot,32,13,26,31,False
qwen2.5-7b,fitting,3f0831c8d528,jbb,True,train,tool,natural_slot,58,13,47,57,False
qwen2.5-7b,fitting,3f0831c8d528,jbb,True,train,assistant,natural_slot,41,13,35,40,False
qwen2.5-7b,fitting,42864aa219a7,sorry-bench,True,train,system,fixed_slot,36,19,21,35,False
qwen2.5-7b,fitting,42864aa219a7,sorry-bench,True,train,user,fixed_slot,47,19,41,46,True
qwen2.5-7b,fitting,42864aa219a7,sorry-bench,True,train,tool,fixed_slot,55,19,45,54,True
qwen2.5-7b,fitting,42864aa219a7,sorry-bench,True,train,assistant,fixed_slot,47,19,41,46,True
qwen2.5-7b,fitting,42864aa219a7,sorry-bench,True,train,system,natural_slot,36,19,21,35,False
qwen2.5-7b,fitting,42864aa219a7,sorry-bench,True,train,user,natural_slot,38,19,32,37,False
qwen2.5-7b,fitting,42864aa219a7,sorry-bench,True,train,tool,natural_slot,63,19,53,62,False
qwen2.5-7b,fitting,42864aa219a7,sorry-bench,True,train,assistant,natural_slot,47,19,41,46,False
qwen2.5-7b,fitting,7e4f12fd97ed,advbench,True,train,system,fixed_slot,32,15,17,31,False
qwen2.5-7b,fitting,7e4f12fd97ed,advbench,True,train,user,fixed_slot,43,15,37,42,True
qwen2.5-7b,fitting,7e4f12fd97ed,advbench,True,train,tool,fixed_slot,52,15,41,51,True
qwen2.5-7b,fitting,7e4f12fd97ed,advbench,True,train,assistant,fixed_slot,43,15,37,42,True
qwen2.5-7b,fitting,7e4f12fd97ed,advbench,True,train,system,natural_slot,32,15,17,31,False
qwen2.5-7b,fitting,7e4f12fd97ed,advbench,True,train,user,natural_slot,34,15,28,33,False
qwen2.5-7b,fitting,7e4f12fd97ed,advbench,True,train,tool,natural_slot,60,15,49,59,False
qwen2.5-7b,fitting,7e4f12fd97ed,advbench,True,train,assistant,natural_slot,43,15,37,42,False
qwen2.5-7b,fitting,08ed92238f55,jbb,True,test,system,fixed_slot,35,18,20,34,False
qwen2.5-7b,fitting,08ed92238f55,jbb,True,test,user,fixed_slot,46,18,40,45,True
qwen2.5-7b,fitting,08ed92238f55,jbb,True,test,tool,fixed_slot,55,18,44,54,True
qwen2.5-7b,fitting,08ed92238f55,jbb,True,test,assistant,fixed_slot,46,18,40,45,True
qwen2.5-7b,fitting,08ed92238f55,jbb,True,test,system,natural_slot,35,18,20,34,False
qwen2.5-7b,fitting,08ed92238f55,jbb,True,test,user,natural_slot,37,18,31,36,False
qwen2.5-7b,fitting,08ed92238f55,jbb,True,test,tool,natural_slot,63,18,52,62,False
qwen2.5-7b,fitting,08ed92238f55,jbb,True,test,assistant,natural_slot,46,18,40,45,False
qwen2.5-7b,fitting,89c99d4cc4b1,sorry-bench,True,train,system,fixed_slot,39,22,24,38,False
qwen2.5-7b,fitting,89c99d4cc4b1,sorry-bench,True,train,user,fixed_slot,50,22,44,49,True
qwen2.5-7b,fitting,89c99d4cc4b1,sorry-bench,True,train,tool,fixed_slot,58,22,48,57,True
qwen2.5-7b,fitting,89c99d4cc4b1,sorry-bench,True,train,assistant,fixed_slot,50,22,44,49,True
qwen2.5-7b,fitting,89c99d4cc4b1,sorry-bench,True,train,system,natural_slot,39,22,24,38,False
qwen2.5-7b,fitting,89c99d4cc4b1,sorry-bench,True,train,user,natural_slot,41,22,35,40,False
qwen2.5-7b,fitting,89c99d4cc4b1,sorry-bench,True,train,tool,natural_slot,66,22,56,65,False
qwen2.5-7b,fitting,89c99d4cc4b1,sorry-bench,True,train,assistant,natural_slot,50,22,44,49,False
qwen2.5-7b,fitting,ae9aa0ac4f11,advbench,True,train,system,fixed_slot,30,13,15,29,False
qwen2.5-7b,fitting,ae9aa0ac4f11,advbench,True,train,user,fixed_slot,41,13,35,40,True
qwen2.5-7b,fitting,ae9aa0ac4f11,advbench,True,train,tool,fixed_slot,50,13,39,49,True
qwen2.5-7b,fitting,ae9aa0ac4f11,advbench,True,train,assistant,fixed_slot,41,13,35,40,True
qwen2.5-7b,fitting,ae9aa0ac4f11,advbench,True,train,system,natural_slot,30,13,15,29,False
qwen2.5-7b,fitting,ae9aa0ac4f11,advbench,True,train,user,natural_slot,32,13,26,31,False
qwen2.5-7b,fitting,ae9aa0ac4f11,advbench,True,train,tool,natural_slot,58,13,47,57,False
qwen2.5-7b,fitting,ae9aa0ac4f11,advbench,True,train,assistant,natural_slot,41,13,35,40,False
qwen2.5-7b,fitting,1431b985bbd4,jbb,True,train,system,fixed_slot,32,15,17,31,False
qwen2.5-7b,fitting,1431b985bbd4,jbb,True,train,user,fixed_slot,43,15,37,42,True
qwen2.5-7b,fitting,1431b985bbd4,jbb,True,train,tool,fixed_slot,52,15,41,51,True
qwen2.5-7b,fitting,1431b985bbd4,jbb,True,train,assistant,fixed_slot,43,15,37,42,True
qwen2.5-7b,fitting,1431b985bbd4,jbb,True,train,system,natural_slot,32,15,17,31,False
qwen2.5-7b,fitting,1431b985bbd4,jbb,True,train,user,natural_slot,34,15,28,33,False
qwen2.5-7b,fitting,1431b985bbd4,jbb,True,train,tool,natural_slot,60,15,49,59,False
qwen2.5-7b,fitting,1431b985bbd4,jbb,True,train,assistant,natural_slot,43,15,37,42,False
qwen2.5-7b,fitting,0cd3f004f33b,sorry-bench,True,train,system,fixed_slot,51,34,36,50,False
qwen2.5-7b,fitting,0cd3f004f33b,sorry-bench,True,train,user,fixed_slot,62,34,56,61,True
qwen2.5-7b,fitting,0cd3f004f33b,sorry-bench,True,train,tool,fixed_slot,70,34,60,69,True
qwen2.5-7b,fitting,0cd3f004f33b,sorry-bench,True,train,assistant,fixed_slot,62,34,56,61,True
qwen2.5-7b,fitting,0cd3f004f33b,sorry-bench,True,train,system,natural_slot,51,34,36,50,False
qwen2.5-7b,fitting,0cd3f004f33b,sorry-bench,True,train,user,natural_slot,53,34,47,52,False
qwen2.5-7b,fitting,0cd3f004f33b,sorry-bench,True,train,tool,natural_slot,78,34,68,77,False
qwen2.5-7b,fitting,0cd3f004f33b,sorry-bench,True,train,assistant,natural_slot,62,34,56,61,False
qwen2.5-7b,fitting,c385effaab6f,advbench,True,train,system,fixed_slot,27,10,12,26,False
qwen2.5-7b,fitting,c385effaab6f,advbench,True,train,user,fixed_slot,38,10,32,37,True
qwen2.5-7b,fitting,c385effaab6f,advbench,True,train,tool,fixed_slot,47,10,36,46,True
qwen2.5-7b,fitting,c385effaab6f,advbench,True,train,assistant,fixed_slot,38,10,32,37,True
qwen2.5-7b,fitting,c385effaab6f,advbench,True,train,system,natural_slot,27,10,12,26,False
qwen2.5-7b,fitting,c385effaab6f,advbench,True,train,user,natural_slot,29,10,23,28,False
qwen2.5-7b,fitting,c385effaab6f,advbench,True,train,tool,natural_slot,55,10,44,54,False
qwen2.5-7b,fitting,c385effaab6f,advbench,True,train,assistant,natural_slot,38,10,32,37,False
qwen2.5-7b,fitting,844fb0d3de84,jbb,True,test,system,fixed_slot,45,28,30,44,False
qwen2.5-7b,fitting,844fb0d3de84,jbb,True,test,user,fixed_slot,56,28,50,55,True
qwen2.5-7b,fitting,844fb0d3de84,jbb,True,test,tool,fixed_slot,65,28,54,64,True
qwen2.5-7b,fitting,844fb0d3de84,jbb,True,test,assistant,fixed_slot,56,28,50,55,True
qwen2.5-7b,fitting,844fb0d3de84,jbb,True,test,system,natural_slot,45,28,30,44,False
qwen2.5-7b,fitting,844fb0d3de84,jbb,True,test,user,natural_slot,47,28,41,46,False
qwen2.5-7b,fitting,844fb0d3de84,jbb,True,test,tool,natural_slot,73,28,62,72,False
qwen2.5-7b,fitting,844fb0d3de84,jbb,True,test,assistant,natural_slot,56,28,50,55,False
qwen2.5-7b,fitting,e714ae5df19c,sorry-bench,True,train,system,fixed_slot,42,25,27,41,False
qwen2.5-7b,fitting,e714ae5df19c,sorry-bench,True,train,user,fixed_slot,53,25,47,52,True
qwen2.5-7b,fitting,e714ae5df19c,sorry-bench,True,train,tool,fixed_slot,61,25,51,60,True
qwen2.5-7b,fitting,e714ae5df19c,sorry-bench,True,train,assistant,fixed_slot,53,25,47,52,True
qwen2.5-7b,fitting,e714ae5df19c,sorry-bench,True,train,system,natural_slot,42,25,27,41,False
qwen2.5-7b,fitting,e714ae5df19c,sorry-bench,True,train,user,natural_slot,44,25,38,43,False
qwen2.5-7b,fitting,e714ae5df19c,sorry-bench,True,train,tool,natural_slot,69,25,59,68,False
qwen2.5-7b,fitting,e714ae5df19c,sorry-bench,True,train,assistant,natural_slot,53,25,47,52,False
qwen2.5-7b,fitting,a655f8c1b703,advbench,True,train,system,fixed_slot,34,17,19,33,False
qwen2.5-7b,fitting,a655f8c1b703,advbench,True,train,user,fixed_slot,45,17,39,44,True
qwen2.5-7b,fitting,a655f8c1b703,advbench,True,train,tool,fixed_slot,54,17,43,53,True
qwen2.5-7b,fitting,a655f8c1b703,advbench,True,train,assistant,fixed_slot,45,17,39,44,True
qwen2.5-7b,fitting,a655f8c1b703,advbench,True,train,system,natural_slot,34,17,19,33,False
qwen2.5-7b,fitting,a655f8c1b703,advbench,True,train,user,natural_slot,36,17,30,35,False
qwen2.5-7b,fitting,a655f8c1b703,advbench,True,train,tool,natural_slot,62,17,51,61,False
qwen2.5-7b,fitting,a655f8c1b703,advbench,True,train,assistant,natural_slot,45,17,39,44,False
qwen2.5-7b,fitting,ec10b7ce2309,jbb,True,train,system,fixed_slot,37,20,22,36,False
qwen2.5-7b,fitting,ec10b7ce2309,jbb,True,train,user,fixed_slot,48,20,42,47,True
qwen2.5-7b,fitting,ec10b7ce2309,jbb,True,train,tool,fixed_slot,57,20,46,56,True
qwen2.5-7b,fitting,ec10b7ce2309,jbb,True,train,assistant,fixed_slot,48,20,42,47,True
qwen2.5-7b,fitting,ec10b7ce2309,jbb,True,train,system,natural_slot,37,20,22,36,False
qwen2.5-7b,fitting,ec10b7ce2309,jbb,True,train,user,natural_slot,39,20,33,38,False
qwen2.5-7b,fitting,ec10b7ce2309,jbb,True,train,tool,natural_slot,65,20,54,64,False
qwen2.5-7b,fitting,ec10b7ce2309,jbb,True,train,assistant,natural_slot,48,20,42,47,False
qwen2.5-7b,fitting,b887a1997218,sorry-bench,True,test,system,fixed_slot,38,21,23,37,False
qwen2.5-7b,fitting,b887a1997218,sorry-bench,True,test,user,fixed_slot,49,21,43,48,True
qwen2.5-7b,fitting,b887a1997218,sorry-bench,True,test,tool,fixed_slot,57,21,47,56,True
qwen2.5-7b,fitting,b887a1997218,sorry-bench,True,test,assistant,fixed_slot,49,21,43,48,True
qwen2.5-7b,fitting,b887a1997218,sorry-bench,True,test,system,natural_slot,38,21,23,37,False
qwen2.5-7b,fitting,b887a1997218,sorry-bench,True,test,user,natural_slot,40,21,34,39,False
qwen2.5-7b,fitting,b887a1997218,sorry-bench,True,test,tool,natural_slot,65,21,55,64,False
qwen2.5-7b,fitting,b887a1997218,sorry-bench,True,test,assistant,natural_slot,49,21,43,48,False
qwen2.5-7b,fitting,94e31f36043a,advbench,True,test,system,fixed_slot,30,13,15,29,False
qwen2.5-7b,fitting,94e31f36043a,advbench,True,test,user,fixed_slot,41,13,35,40,True
qwen2.5-7b,fitting,94e31f36043a,advbench,True,test,tool,fixed_slot,50,13,39,49,True
qwen2.5-7b,fitting,94e31f36043a,advbench,True,test,assistant,fixed_slot,41,13,35,40,True
qwen2.5-7b,fitting,94e31f36043a,advbench,True,test,system,natural_slot,30,13,15,29,False
qwen2.5-7b,fitting,94e31f36043a,advbench,True,test,user,natural_slot,32,13,26,31,False
qwen2.5-7b,fitting,94e31f36043a,advbench,True,test,tool,natural_slot,58,13,47,57,False
qwen2.5-7b,fitting,94e31f36043a,advbench,True,test,assistant,natural_slot,41,13,35,40,False
qwen2.5-7b,fitting,21a8b2a98a48,jbb,True,train,system,fixed_slot,36,19,21,35,False
qwen2.5-7b,fitting,21a8b2a98a48,jbb,True,train,user,fixed_slot,47,19,41,46,True
qwen2.5-7b,fitting,21a8b2a98a48,jbb,True,train,tool,fixed_slot,56,19,45,55,True
qwen2.5-7b,fitting,21a8b2a98a48,jbb,True,train,assistant,fixed_slot,47,19,41,46,True
qwen2.5-7b,fitting,21a8b2a98a48,jbb,True,train,system,natural_slot,36,19,21,35,False
qwen2.5-7b,fitting,21a8b2a98a48,jbb,True,train,user,natural_slot,38,19,32,37,False
qwen2.5-7b,fitting,21a8b2a98a48,jbb,True,train,tool,natural_slot,64,19,53,63,False
qwen2.5-7b,fitting,21a8b2a98a48,jbb,True,train,assistant,natural_slot,47,19,41,46,False
qwen2.5-7b,fitting,deefadcdd5ad,sorry-bench,True,test,system,fixed_slot,39,22,24,38,False
qwen2.5-7b,fitting,deefadcdd5ad,sorry-bench,True,test,user,fixed_slot,50,22,44,49,True
qwen2.5-7b,fitting,deefadcdd5ad,sorry-bench,True,test,tool,fixed_slot,58,22,48,57,True
qwen2.5-7b,fitting,deefadcdd5ad,sorry-bench,True,test,assistant,fixed_slot,50,22,44,49,True
qwen2.5-7b,fitting,deefadcdd5ad,sorry-bench,True,test,system,natural_slot,39,22,24,38,False
qwen2.5-7b,fitting,deefadcdd5ad,sorry-bench,True,test,user,natural_slot,41,22,35,40,False
qwen2.5-7b,fitting,deefadcdd5ad,sorry-bench,True,test,tool,natural_slot,66,22,56,65,False
qwen2.5-7b,fitting,deefadcdd5ad,sorry-bench,True,test,assistant,natural_slot,50,22,44,49,False
qwen2.5-7b,fitting,54c41daebec4,advbench,True,test,system,fixed_slot,29,12,14,28,False
qwen2.5-7b,fitting,54c41daebec4,advbench,True,test,user,fixed_slot,40,12,34,39,True
qwen2.5-7b,fitting,54c41daebec4,advbench,True,test,tool,fixed_slot,49,12,38,48,True
qwen2.5-7b,fitting,54c41daebec4,advbench,True,test,assistant,fixed_slot,40,12,34,39,True
qwen2.5-7b,fitting,54c41daebec4,advbench,True,test,system,natural_slot,29,12,14,28,False
qwen2.5-7b,fitting,54c41daebec4,advbench,True,test,user,natural_slot,31,12,25,30,False
qwen2.5-7b,fitting,54c41daebec4,advbench,True,test,tool,natural_slot,57,12,46,56,False
qwen2.5-7b,fitting,54c41daebec4,advbench,True,test,assistant,natural_slot,40,12,34,39,False
qwen2.5-7b,fitting,dd8b9efc83d4,jbb,True,test,system,fixed_slot,31,14,16,30,False
qwen2.5-7b,fitting,dd8b9efc83d4,jbb,True,test,user,fixed_slot,42,14,36,41,True
qwen2.5-7b,fitting,dd8b9efc83d4,jbb,True,test,tool,fixed_slot,51,14,40,50,True
qwen2.5-7b,fitting,dd8b9efc83d4,jbb,True,test,assistant,fixed_slot,42,14,36,41,True
qwen2.5-7b,fitting,dd8b9efc83d4,jbb,True,test,system,natural_slot,31,14,16,30,False
qwen2.5-7b,fitting,dd8b9efc83d4,jbb,True,test,user,natural_slot,33,14,27,32,False
qwen2.5-7b,fitting,dd8b9efc83d4,jbb,True,test,tool,natural_slot,59,14,48,58,False
qwen2.5-7b,fitting,dd8b9efc83d4,jbb,True,test,assistant,natural_slot,42,14,36,41,False
qwen2.5-7b,fitting,3b8dcd3ef143,sorry-bench,True,train,system,fixed_slot,43,26,28,42,False
qwen2.5-7b,fitting,3b8dcd3ef143,sorry-bench,True,train,user,fixed_slot,54,26,48,53,True
qwen2.5-7b,fitting,3b8dcd3ef143,sorry-bench,True,train,tool,fixed_slot,62,26,52,61,True
qwen2.5-7b,fitting,3b8dcd3ef143,sorry-bench,True,train,assistant,fixed_slot,54,26,48,53,True
qwen2.5-7b,fitting,3b8dcd3ef143,sorry-bench,True,train,system,natural_slot,43,26,28,42,False
qwen2.5-7b,fitting,3b8dcd3ef143,sorry-bench,True,train,user,natural_slot,45,26,39,44,False
qwen2.5-7b,fitting,3b8dcd3ef143,sorry-bench,True,train,tool,natural_slot,70,26,60,69,False
qwen2.5-7b,fitting,3b8dcd3ef143,sorry-bench,True,train,assistant,natural_slot,54,26,48,53,False
qwen2.5-7b,fitting,ac37f7ea016f,advbench,True,train,system,fixed_slot,33,16,18,32,False
qwen2.5-7b,fitting,ac37f7ea016f,advbench,True,train,user,fixed_slot,44,16,38,43,True
qwen2.5-7b,fitting,ac37f7ea016f,advbench,True,train,tool,fixed_slot,53,16,42,52,True
qwen2.5-7b,fitting,ac37f7ea016f,advbench,True,train,assistant,fixed_slot,44,16,38,43,True
qwen2.5-7b,fitting,ac37f7ea016f,advbench,True,train,system,natural_slot,33,16,18,32,False
qwen2.5-7b,fitting,ac37f7ea016f,advbench,True,train,user,natural_slot,35,16,29,34,False
qwen2.5-7b,fitting,ac37f7ea016f,advbench,True,train,tool,natural_slot,61,16,50,60,False
qwen2.5-7b,fitting,ac37f7ea016f,advbench,True,train,assistant,natural_slot,44,16,38,43,False
qwen2.5-7b,fitting,4d21c1a3cbbc,jbb,True,train,system,fixed_slot,42,25,27,41,False
qwen2.5-7b,fitting,4d21c1a3cbbc,jbb,True,train,user,fixed_slot,53,25,47,52,True
qwen2.5-7b,fitting,4d21c1a3cbbc,jbb,True,train,tool,fixed_slot,62,25,51,61,True
qwen2.5-7b,fitting,4d21c1a3cbbc,jbb,True,train,assistant,fixed_slot,53,25,47,52,True
qwen2.5-7b,fitting,4d21c1a3cbbc,jbb,True,train,system,natural_slot,42,25,27,41,False
qwen2.5-7b,fitting,4d21c1a3cbbc,jbb,True,train,user,natural_slot,44,25,38,43,False
qwen2.5-7b,fitting,4d21c1a3cbbc,jbb,True,train,tool,natural_slot,70,25,59,69,False
qwen2.5-7b,fitting,4d21c1a3cbbc,jbb,True,train,assistant,natural_slot,53,25,47,52,False
qwen2.5-7b,fitting,57bae4654f4f,sorry-bench,True,test,system,fixed_slot,39,22,24,38,False
qwen2.5-7b,fitting,57bae4654f4f,sorry-bench,True,test,user,fixed_slot,50,22,44,49,True
qwen2.5-7b,fitting,57bae4654f4f,sorry-bench,True,test,tool,fixed_slot,58,22,48,57,True
qwen2.5-7b,fitting,57bae4654f4f,sorry-bench,True,test,assistant,fixed_slot,50,22,44,49,True
qwen2.5-7b,fitting,57bae4654f4f,sorry-bench,True,test,system,natural_slot,39,22,24,38,False
qwen2.5-7b,fitting,57bae4654f4f,sorry-bench,True,test,user,natural_slot,41,22,35,40,False
qwen2.5-7b,fitting,57bae4654f4f,sorry-bench,True,test,tool,natural_slot,66,22,56,65,False
qwen2.5-7b,fitting,57bae4654f4f,sorry-bench,True,test,assistant,natural_slot,50,22,44,49,False
qwen2.5-7b,fitting,aee2fb95bc77,advbench,True,test,system,fixed_slot,32,15,17,31,False
qwen2.5-7b,fitting,aee2fb95bc77,advbench,True,test,user,fixed_slot,43,15,37,42,True
qwen2.5-7b,fitting,aee2fb95bc77,advbench,True,test,tool,fixed_slot,52,15,41,51,True
qwen2.5-7b,fitting,aee2fb95bc77,advbench,True,test,assistant,fixed_slot,43,15,37,42,True
qwen2.5-7b,fitting,aee2fb95bc77,advbench,True,test,system,natural_slot,32,15,17,31,False
qwen2.5-7b,fitting,aee2fb95bc77,advbench,True,test,user,natural_slot,34,15,28,33,False
qwen2.5-7b,fitting,aee2fb95bc77,advbench,True,test,tool,natural_slot,60,15,49,59,False
qwen2.5-7b,fitting,aee2fb95bc77,advbench,True,test,assistant,natural_slot,43,15,37,42,False
qwen2.5-7b,fitting,4d3043b8b532,jbb,True,train,system,fixed_slot,32,15,17,31,False
qwen2.5-7b,fitting,4d3043b8b532,jbb,True,train,user,fixed_slot,43,15,37,42,True
qwen2.5-7b,fitting,4d3043b8b532,jbb,True,train,tool,fixed_slot,52,15,41,51,True
qwen2.5-7b,fitting,4d3043b8b532,jbb,True,train,assistant,fixed_slot,43,15,37,42,True
qwen2.5-7b,fitting,4d3043b8b532,jbb,True,train,system,natural_slot,32,15,17,31,False
qwen2.5-7b,fitting,4d3043b8b532,jbb,True,train,user,natural_slot,34,15,28,33,False
qwen2.5-7b,fitting,4d3043b8b532,jbb,True,train,tool,natural_slot,60,15,49,59,False
qwen2.5-7b,fitting,4d3043b8b532,jbb,True,train,assistant,natural_slot,43,15,37,42,False
qwen2.5-7b,fitting,e38235882e0b,sorry-bench,True,train,system,fixed_slot,71,54,56,70,False
qwen2.5-7b,fitting,e38235882e0b,sorry-bench,True,train,user,fixed_slot,82,54,76,81,True
qwen2.5-7b,fitting,e38235882e0b,sorry-bench,True,train,tool,fixed_slot,90,54,80,89,True
qwen2.5-7b,fitting,e38235882e0b,sorry-bench,True,train,assistant,fixed_slot,82,54,76,81,True
qwen2.5-7b,fitting,e38235882e0b,sorry-bench,True,train,system,natural_slot,71,54,56,70,False
qwen2.5-7b,fitting,e38235882e0b,sorry-bench,True,train,user,natural_slot,73,54,67,72,False
qwen2.5-7b,fitting,e38235882e0b,sorry-bench,True,train,tool,natural_slot,98,54,88,97,False
qwen2.5-7b,fitting,e38235882e0b,sorry-bench,True,train,assistant,natural_slot,82,54,76,81,False
qwen2.5-7b,fitting,3b0d3aa67c0c,advbench,True,test,system,fixed_slot,34,17,19,33,False
qwen2.5-7b,fitting,3b0d3aa67c0c,advbench,True,test,user,fixed_slot,45,17,39,44,True
qwen2.5-7b,fitting,3b0d3aa67c0c,advbench,True,test,tool,fixed_slot,54,17,43,53,True
qwen2.5-7b,fitting,3b0d3aa67c0c,advbench,True,test,assistant,fixed_slot,45,17,39,44,True
qwen2.5-7b,fitting,3b0d3aa67c0c,advbench,True,test,system,natural_slot,34,17,19,33,False
qwen2.5-7b,fitting,3b0d3aa67c0c,advbench,True,test,user,natural_slot,36,17,30,35,False
qwen2.5-7b,fitting,3b0d3aa67c0c,advbench,True,test,tool,natural_slot,62,17,51,61,False
qwen2.5-7b,fitting,3b0d3aa67c0c,advbench,True,test,assistant,natural_slot,45,17,39,44,False
qwen2.5-7b,fitting,ff4e6df780a8,jbb,True,test,system,fixed_slot,30,13,15,29,False
qwen2.5-7b,fitting,ff4e6df780a8,jbb,True,test,user,fixed_slot,41,13,35,40,True
qwen2.5-7b,fitting,ff4e6df780a8,jbb,True,test,tool,fixed_slot,50,13,39,49,True
qwen2.5-7b,fitting,ff4e6df780a8,jbb,True,test,assistant,fixed_slot,41,13,35,40,True
qwen2.5-7b,fitting,ff4e6df780a8,jbb,True,test,system,natural_slot,30,13,15,29,False
qwen2.5-7b,fitting,ff4e6df780a8,jbb,True,test,user,natural_slot,32,13,26,31,False
qwen2.5-7b,fitting,ff4e6df780a8,jbb,True,test,tool,natural_slot,58,13,47,57,False
qwen2.5-7b,fitting,ff4e6df780a8,jbb,True,test,assistant,natural_slot,41,13,35,40,False
qwen2.5-7b,fitting,05cdc842bb8e,sorry-bench,True,train,system,fixed_slot,45,28,30,44,False
qwen2.5-7b,fitting,05cdc842bb8e,sorry-bench,True,train,user,fixed_slot,56,28,50,55,True
qwen2.5-7b,fitting,05cdc842bb8e,sorry-bench,True,train,tool,fixed_slot,64,28,54,63,True
qwen2.5-7b,fitting,05cdc842bb8e,sorry-bench,True,train,assistant,fixed_slot,56,28,50,55,True
qwen2.5-7b,fitting,05cdc842bb8e,sorry-bench,True,train,system,natural_slot,45,28,30,44,False
qwen2.5-7b,fitting,05cdc842bb8e,sorry-bench,True,train,user,natural_slot,47,28,41,46,False
qwen2.5-7b,fitting,05cdc842bb8e,sorry-bench,True,train,tool,natural_slot,72,28,62,71,False
qwen2.5-7b,fitting,05cdc842bb8e,sorry-bench,True,train,assistant,natural_slot,56,28,50,55,False
qwen2.5-7b,fitting,a17ccaf3bbce,advbench,True,test,system,fixed_slot,27,10,12,26,False
qwen2.5-7b,fitting,a17ccaf3bbce,advbench,True,test,user,fixed_slot,38,10,32,37,True
qwen2.5-7b,fitting,a17ccaf3bbce,advbench,True,test,tool,fixed_slot,47,10,36,46,True
qwen2.5-7b,fitting,a17ccaf3bbce,advbench,True,test,assistant,fixed_slot,38,10,32,37,True
qwen2.5-7b,fitting,a17ccaf3bbce,advbench,True,test,system,natural_slot,27,10,12,26,False
qwen2.5-7b,fitting,a17ccaf3bbce,advbench,True,test,user,natural_slot,29,10,23,28,False
qwen2.5-7b,fitting,a17ccaf3bbce,advbench,True,test,tool,natural_slot,55,10,44,54,False
qwen2.5-7b,fitting,a17ccaf3bbce,advbench,True,test,assistant,natural_slot,38,10,32,37,False
qwen2.5-7b,fitting,e773d763ee9b,jbb,True,train,system,fixed_slot,30,13,15,29,False
qwen2.5-7b,fitting,e773d763ee9b,jbb,True,train,user,fixed_slot,41,13,35,40,True
qwen2.5-7b,fitting,e773d763ee9b,jbb,True,train,tool,fixed_slot,50,13,39,49,True
qwen2.5-7b,fitting,e773d763ee9b,jbb,True,train,assistant,fixed_slot,41,13,35,40,True
qwen2.5-7b,fitting,e773d763ee9b,jbb,True,train,system,natural_slot,30,13,15,29,False
qwen2.5-7b,fitting,e773d763ee9b,jbb,True,train,user,natural_slot,32,13,26,31,False
qwen2.5-7b,fitting,e773d763ee9b,jbb,True,train,tool,natural_slot,58,13,47,57,False
qwen2.5-7b,fitting,e773d763ee9b,jbb,True,train,assistant,natural_slot,41,13,35,40,False
qwen2.5-7b,fitting,fd5c32f78397,sorry-bench,True,train,system,fixed_slot,43,26,28,42,False
qwen2.5-7b,fitting,fd5c32f78397,sorry-bench,True,train,user,fixed_slot,54,26,48,53,True
qwen2.5-7b,fitting,fd5c32f78397,sorry-bench,True,train,tool,fixed_slot,62,26,52,61,True
qwen2.5-7b,fitting,fd5c32f78397,sorry-bench,True,train,assistant,fixed_slot,54,26,48,53,True
qwen2.5-7b,fitting,fd5c32f78397,sorry-bench,True,train,system,natural_slot,43,26,28,42,False
qwen2.5-7b,fitting,fd5c32f78397,sorry-bench,True,train,user,natural_slot,45,26,39,44,False
qwen2.5-7b,fitting,fd5c32f78397,sorry-bench,True,train,tool,natural_slot,70,26,60,69,False
qwen2.5-7b,fitting,fd5c32f78397,sorry-bench,True,train,assistant,natural_slot,54,26,48,53,False
qwen2.5-7b,fitting,73aac351bdc4,advbench,True,train,system,fixed_slot,32,15,17,31,False
qwen2.5-7b,fitting,73aac351bdc4,advbench,True,train,user,fixed_slot,43,15,37,42,True
qwen2.5-7b,fitting,73aac351bdc4,advbench,True,train,tool,fixed_slot,52,15,41,51,True
qwen2.5-7b,fitting,73aac351bdc4,advbench,True,train,assistant,fixed_slot,43,15,37,42,True
qwen2.5-7b,fitting,73aac351bdc4,advbench,True,train,system,natural_slot,32,15,17,31,False
qwen2.5-7b,fitting,73aac351bdc4,advbench,True,train,user,natural_slot,34,15,28,33,False
qwen2.5-7b,fitting,73aac351bdc4,advbench,True,train,tool,natural_slot,60,15,49,59,False
qwen2.5-7b,fitting,73aac351bdc4,advbench,True,train,assistant,natural_slot,43,15,37,42,False
qwen2.5-7b,fitting,4962e50d6b10,jbb,True,train,system,fixed_slot,38,21,23,37,False
qwen2.5-7b,fitting,4962e50d6b10,jbb,True,train,user,fixed_slot,49,21,43,48,True
qwen2.5-7b,fitting,4962e50d6b10,jbb,True,train,tool,fixed_slot,58,21,47,57,True
qwen2.5-7b,fitting,4962e50d6b10,jbb,True,train,assistant,fixed_slot,49,21,43,48,True
qwen2.5-7b,fitting,4962e50d6b10,jbb,True,train,system,natural_slot,38,21,23,37,False
qwen2.5-7b,fitting,4962e50d6b10,jbb,True,train,user,natural_slot,40,21,34,39,False
qwen2.5-7b,fitting,4962e50d6b10,jbb,True,train,tool,natural_slot,66,21,55,65,False
qwen2.5-7b,fitting,4962e50d6b10,jbb,True,train,assistant,natural_slot,49,21,43,48,False
qwen2.5-7b,fitting,69f808a5aa62,sorry-bench,True,train,system,fixed_slot,35,18,20,34,False
qwen2.5-7b,fitting,69f808a5aa62,sorry-bench,True,train,user,fixed_slot,46,18,40,45,True
qwen2.5-7b,fitting,69f808a5aa62,sorry-bench,True,train,tool,fixed_slot,54,18,44,53,True
qwen2.5-7b,fitting,69f808a5aa62,sorry-bench,True,train,assistant,fixed_slot,46,18,40,45,True
qwen2.5-7b,fitting,69f808a5aa62,sorry-bench,True,train,system,natural_slot,35,18,20,34,False
qwen2.5-7b,fitting,69f808a5aa62,sorry-bench,True,train,user,natural_slot,37,18,31,36,False
qwen2.5-7b,fitting,69f808a5aa62,sorry-bench,True,train,tool,natural_slot,62,18,52,61,False
qwen2.5-7b,fitting,69f808a5aa62,sorry-bench,True,train,assistant,natural_slot,46,18,40,45,False
qwen2.5-7b,fitting,0520519585af,advbench,True,train,system,fixed_slot,30,13,15,29,False
qwen2.5-7b,fitting,0520519585af,advbench,True,train,user,fixed_slot,41,13,35,40,True
qwen2.5-7b,fitting,0520519585af,advbench,True,train,tool,fixed_slot,50,13,39,49,True
qwen2.5-7b,fitting,0520519585af,advbench,True,train,assistant,fixed_slot,41,13,35,40,True
qwen2.5-7b,fitting,0520519585af,advbench,True,train,system,natural_slot,30,13,15,29,False
qwen2.5-7b,fitting,0520519585af,advbench,True,train,user,natural_slot,32,13,26,31,False
qwen2.5-7b,fitting,0520519585af,advbench,True,train,tool,natural_slot,58,13,47,57,False
qwen2.5-7b,fitting,0520519585af,advbench,True,train,assistant,natural_slot,41,13,35,40,False
qwen2.5-7b,fitting,b5e7e03620d3,jbb,True,train,system,fixed_slot,29,12,14,28,False
qwen2.5-7b,fitting,b5e7e03620d3,jbb,True,train,user,fixed_slot,40,12,34,39,True
qwen2.5-7b,fitting,b5e7e03620d3,jbb,True,train,tool,fixed_slot,49,12,38,48,True
qwen2.5-7b,fitting,b5e7e03620d3,jbb,True,train,assistant,fixed_slot,40,12,34,39,True
qwen2.5-7b,fitting,b5e7e03620d3,jbb,True,train,system,natural_slot,29,12,14,28,False
qwen2.5-7b,fitting,b5e7e03620d3,jbb,True,train,user,natural_slot,31,12,25,30,False
qwen2.5-7b,fitting,b5e7e03620d3,jbb,True,train,tool,natural_slot,57,12,46,56,False
qwen2.5-7b,fitting,b5e7e03620d3,jbb,True,train,assistant,natural_slot,40,12,34,39,False
qwen2.5-7b,fitting,05f6f4845a80,sorry-bench,True,test,system,fixed_slot,56,39,41,55,False
qwen2.5-7b,fitting,05f6f4845a80,sorry-bench,True,test,user,fixed_slot,67,39,61,66,True
qwen2.5-7b,fitting,05f6f4845a80,sorry-bench,True,test,tool,fixed_slot,75,39,65,74,True
qwen2.5-7b,fitting,05f6f4845a80,sorry-bench,True,test,assistant,fixed_slot,67,39,61,66,True
qwen2.5-7b,fitting,05f6f4845a80,sorry-bench,True,test,system,natural_slot,56,39,41,55,False
qwen2.5-7b,fitting,05f6f4845a80,sorry-bench,True,test,user,natural_slot,58,39,52,57,False
qwen2.5-7b,fitting,05f6f4845a80,sorry-bench,True,test,tool,natural_slot,83,39,73,82,False
qwen2.5-7b,fitting,05f6f4845a80,sorry-bench,True,test,assistant,natural_slot,67,39,61,66,False
qwen2.5-7b,fitting,51fe62710582,advbench,True,train,system,fixed_slot,28,11,13,27,False
qwen2.5-7b,fitting,51fe62710582,advbench,True,train,user,fixed_slot,39,11,33,38,True
qwen2.5-7b,fitting,51fe62710582,advbench,True,train,tool,fixed_slot,48,11,37,47,True
qwen2.5-7b,fitting,51fe62710582,advbench,True,train,assistant,fixed_slot,39,11,33,38,True
qwen2.5-7b,fitting,51fe62710582,advbench,True,train,system,natural_slot,28,11,13,27,False
qwen2.5-7b,fitting,51fe62710582,advbench,True,train,user,natural_slot,30,11,24,29,False
qwen2.5-7b,fitting,51fe62710582,advbench,True,train,tool,natural_slot,56,11,45,55,False
qwen2.5-7b,fitting,51fe62710582,advbench,True,train,assistant,natural_slot,39,11,33,38,False
qwen2.5-7b,fitting,22ced3e19403,jbb,True,train,system,fixed_slot,25,8,10,24,False
qwen2.5-7b,fitting,22ced3e19403,jbb,True,train,user,fixed_slot,36,8,30,35,True
qwen2.5-7b,fitting,22ced3e19403,jbb,True,train,tool,fixed_slot,45,8,34,44,True
qwen2.5-7b,fitting,22ced3e19403,jbb,True,train,assistant,fixed_slot,36,8,30,35,True
qwen2.5-7b,fitting,22ced3e19403,jbb,True,train,system,natural_slot,25,8,10,24,False
qwen2.5-7b,fitting,22ced3e19403,jbb,True,train,user,natural_slot,27,8,21,26,False
qwen2.5-7b,fitting,22ced3e19403,jbb,True,train,tool,natural_slot,53,8,42,52,False
qwen2.5-7b,fitting,22ced3e19403,jbb,True,train,assistant,natural_slot,36,8,30,35,False
qwen2.5-7b,fitting,fc06f9860348,sorry-bench,True,test,system,fixed_slot,39,22,24,38,False
qwen2.5-7b,fitting,fc06f9860348,sorry-bench,True,test,user,fixed_slot,50,22,44,49,True
qwen2.5-7b,fitting,fc06f9860348,sorry-bench,True,test,tool,fixed_slot,58,22,48,57,True
qwen2.5-7b,fitting,fc06f9860348,sorry-bench,True,test,assistant,fixed_slot,50,22,44,49,True
qwen2.5-7b,fitting,fc06f9860348,sorry-bench,True,test,system,natural_slot,39,22,24,38,False
qwen2.5-7b,fitting,fc06f9860348,sorry-bench,True,test,user,natural_slot,41,22,35,40,False
qwen2.5-7b,fitting,fc06f9860348,sorry-bench,True,test,tool,natural_slot,66,22,56,65,False
qwen2.5-7b,fitting,fc06f9860348,sorry-bench,True,test,assistant,natural_slot,50,22,44,49,False
qwen2.5-7b,fitting,606599b8009f,advbench,True,train,system,fixed_slot,26,9,11,25,False
qwen2.5-7b,fitting,606599b8009f,advbench,True,train,user,fixed_slot,37,9,31,36,True
qwen2.5-7b,fitting,606599b8009f,advbench,True,train,tool,fixed_slot,46,9,35,45,True
qwen2.5-7b,fitting,606599b8009f,advbench,True,train,assistant,fixed_slot,37,9,31,36,True
qwen2.5-7b,fitting,606599b8009f,advbench,True,train,system,natural_slot,26,9,11,25,False
qwen2.5-7b,fitting,606599b8009f,advbench,True,train,user,natural_slot,28,9,22,27,False
qwen2.5-7b,fitting,606599b8009f,advbench,True,train,tool,natural_slot,54,9,43,53,False
qwen2.5-7b,fitting,606599b8009f,advbench,True,train,assistant,natural_slot,37,9,31,36,False
qwen2.5-7b,fitting,ad862f5bb853,jbb,True,train,system,fixed_slot,31,14,16,30,False
qwen2.5-7b,fitting,ad862f5bb853,jbb,True,train,user,fixed_slot,42,14,36,41,True
qwen2.5-7b,fitting,ad862f5bb853,jbb,True,train,tool,fixed_slot,51,14,40,50,True
qwen2.5-7b,fitting,ad862f5bb853,jbb,True,train,assistant,fixed_slot,42,14,36,41,True
qwen2.5-7b,fitting,ad862f5bb853,jbb,True,train,system,natural_slot,31,14,16,30,False
qwen2.5-7b,fitting,ad862f5bb853,jbb,True,train,user,natural_slot,33,14,27,32,False
qwen2.5-7b,fitting,ad862f5bb853,jbb,True,train,tool,natural_slot,59,14,48,58,False
qwen2.5-7b,fitting,ad862f5bb853,jbb,True,train,assistant,natural_slot,42,14,36,41,False
qwen2.5-7b,fitting,81cd696ac4ce,sorry-bench,True,train,system,fixed_slot,35,18,20,34,False
qwen2.5-7b,fitting,81cd696ac4ce,sorry-bench,True,train,user,fixed_slot,46,18,40,45,True
qwen2.5-7b,fitting,81cd696ac4ce,sorry-bench,True,train,tool,fixed_slot,54,18,44,53,True
qwen2.5-7b,fitting,81cd696ac4ce,sorry-bench,True,train,assistant,fixed_slot,46,18,40,45,True
qwen2.5-7b,fitting,81cd696ac4ce,sorry-bench,True,train,system,natural_slot,35,18,20,34,False
qwen2.5-7b,fitting,81cd696ac4ce,sorry-bench,True,train,user,natural_slot,37,18,31,36,False
qwen2.5-7b,fitting,81cd696ac4ce,sorry-bench,True,train,tool,natural_slot,62,18,52,61,False
qwen2.5-7b,fitting,81cd696ac4ce,sorry-bench,True,train,assistant,natural_slot,46,18,40,45,False
qwen2.5-7b,fitting,d08115980a23,advbench,True,test,system,fixed_slot,29,12,14,28,False
qwen2.5-7b,fitting,d08115980a23,advbench,True,test,user,fixed_slot,40,12,34,39,True
qwen2.5-7b,fitting,d08115980a23,advbench,True,test,tool,fixed_slot,49,12,38,48,True
qwen2.5-7b,fitting,d08115980a23,advbench,True,test,assistant,fixed_slot,40,12,34,39,True
qwen2.5-7b,fitting,d08115980a23,advbench,True,test,system,natural_slot,29,12,14,28,False
qwen2.5-7b,fitting,d08115980a23,advbench,True,test,user,natural_slot,31,12,25,30,False
qwen2.5-7b,fitting,d08115980a23,advbench,True,test,tool,natural_slot,57,12,46,56,False
qwen2.5-7b,fitting,d08115980a23,advbench,True,test,assistant,natural_slot,40,12,34,39,False
qwen2.5-7b,fitting,27b11788df75,jbb,True,test,system,fixed_slot,32,15,17,31,False
qwen2.5-7b,fitting,27b11788df75,jbb,True,test,user,fixed_slot,43,15,37,42,True
qwen2.5-7b,fitting,27b11788df75,jbb,True,test,tool,fixed_slot,52,15,41,51,True
qwen2.5-7b,fitting,27b11788df75,jbb,True,test,assistant,fixed_slot,43,15,37,42,True
qwen2.5-7b,fitting,27b11788df75,jbb,True,test,system,natural_slot,32,15,17,31,False
qwen2.5-7b,fitting,27b11788df75,jbb,True,test,user,natural_slot,34,15,28,33,False
qwen2.5-7b,fitting,27b11788df75,jbb,True,test,tool,natural_slot,60,15,49,59,False
qwen2.5-7b,fitting,27b11788df75,jbb,True,test,assistant,natural_slot,43,15,37,42,False
qwen2.5-7b,fitting,1b73fdc31687,sorry-bench,True,train,system,fixed_slot,36,19,21,35,False
qwen2.5-7b,fitting,1b73fdc31687,sorry-bench,True,train,user,fixed_slot,47,19,41,46,True
qwen2.5-7b,fitting,1b73fdc31687,sorry-bench,True,train,tool,fixed_slot,55,19,45,54,True
qwen2.5-7b,fitting,1b73fdc31687,sorry-bench,True,train,assistant,fixed_slot,47,19,41,46,True
qwen2.5-7b,fitting,1b73fdc31687,sorry-bench,True,train,system,natural_slot,36,19,21,35,False
qwen2.5-7b,fitting,1b73fdc31687,sorry-bench,True,train,user,natural_slot,38,19,32,37,False
qwen2.5-7b,fitting,1b73fdc31687,sorry-bench,True,train,tool,natural_slot,63,19,53,62,False
qwen2.5-7b,fitting,1b73fdc31687,sorry-bench,True,train,assistant,natural_slot,47,19,41,46,False
qwen2.5-7b,fitting,e1fda04cd873,advbench,True,train,system,fixed_slot,31,14,16,30,False
qwen2.5-7b,fitting,e1fda04cd873,advbench,True,train,user,fixed_slot,42,14,36,41,True
qwen2.5-7b,fitting,e1fda04cd873,advbench,True,train,tool,fixed_slot,51,14,40,50,True
qwen2.5-7b,fitting,e1fda04cd873,advbench,True,train,assistant,fixed_slot,42,14,36,41,True
qwen2.5-7b,fitting,e1fda04cd873,advbench,True,train,system,natural_slot,31,14,16,30,False
qwen2.5-7b,fitting,e1fda04cd873,advbench,True,train,user,natural_slot,33,14,27,32,False
qwen2.5-7b,fitting,e1fda04cd873,advbench,True,train,tool,natural_slot,59,14,48,58,False
qwen2.5-7b,fitting,e1fda04cd873,advbench,True,train,assistant,natural_slot,42,14,36,41,False
qwen2.5-7b,fitting,95a5fecd15d9,jbb,True,train,system,fixed_slot,34,17,19,33,False
qwen2.5-7b,fitting,95a5fecd15d9,jbb,True,train,user,fixed_slot,45,17,39,44,True
qwen2.5-7b,fitting,95a5fecd15d9,jbb,True,train,tool,fixed_slot,54,17,43,53,True
qwen2.5-7b,fitting,95a5fecd15d9,jbb,True,train,assistant,fixed_slot,45,17,39,44,True
qwen2.5-7b,fitting,95a5fecd15d9,jbb,True,train,system,natural_slot,34,17,19,33,False
qwen2.5-7b,fitting,95a5fecd15d9,jbb,True,train,user,natural_slot,36,17,30,35,False
qwen2.5-7b,fitting,95a5fecd15d9,jbb,True,train,tool,natural_slot,62,17,51,61,False
qwen2.5-7b,fitting,95a5fecd15d9,jbb,True,train,assistant,natural_slot,45,17,39,44,False
qwen2.5-7b,fitting,76b8648cc494,sorry-bench,True,train,system,fixed_slot,88,71,73,87,False
qwen2.5-7b,fitting,76b8648cc494,sorry-bench,True,train,user,fixed_slot,99,71,93,98,True
qwen2.5-7b,fitting,76b8648cc494,sorry-bench,True,train,tool,fixed_slot,107,71,97,106,True
qwen2.5-7b,fitting,76b8648cc494,sorry-bench,True,train,assistant,fixed_slot,99,71,93,98,True
qwen2.5-7b,fitting,76b8648cc494,sorry-bench,True,train,system,natural_slot,88,71,73,87,False
qwen2.5-7b,fitting,76b8648cc494,sorry-bench,True,train,user,natural_slot,90,71,84,89,False
qwen2.5-7b,fitting,76b8648cc494,sorry-bench,True,train,tool,natural_slot,115,71,105,114,False
qwen2.5-7b,fitting,76b8648cc494,sorry-bench,True,train,assistant,natural_slot,99,71,93,98,False
qwen2.5-7b,fitting,bdb5b54c17e9,advbench,True,train,system,fixed_slot,31,14,16,30,False
qwen2.5-7b,fitting,bdb5b54c17e9,advbench,True,train,user,fixed_slot,42,14,36,41,True
qwen2.5-7b,fitting,bdb5b54c17e9,advbench,True,train,tool,fixed_slot,51,14,40,50,True
qwen2.5-7b,fitting,bdb5b54c17e9,advbench,True,train,assistant,fixed_slot,42,14,36,41,True
qwen2.5-7b,fitting,bdb5b54c17e9,advbench,True,train,system,natural_slot,31,14,16,30,False
qwen2.5-7b,fitting,bdb5b54c17e9,advbench,True,train,user,natural_slot,33,14,27,32,False
qwen2.5-7b,fitting,bdb5b54c17e9,advbench,True,train,tool,natural_slot,59,14,48,58,False
qwen2.5-7b,fitting,bdb5b54c17e9,advbench,True,train,assistant,natural_slot,42,14,36,41,False
qwen2.5-7b,fitting,e8109fd1d10d,jbb,True,train,system,fixed_slot,34,17,19,33,False
qwen2.5-7b,fitting,e8109fd1d10d,jbb,True,train,user,fixed_slot,45,17,39,44,True
qwen2.5-7b,fitting,e8109fd1d10d,jbb,True,train,tool,fixed_slot,54,17,43,53,True
qwen2.5-7b,fitting,e8109fd1d10d,jbb,True,train,assistant,fixed_slot,45,17,39,44,True
qwen2.5-7b,fitting,e8109fd1d10d,jbb,True,train,system,natural_slot,34,17,19,33,False
qwen2.5-7b,fitting,e8109fd1d10d,jbb,True,train,user,natural_slot,36,17,30,35,False
qwen2.5-7b,fitting,e8109fd1d10d,jbb,True,train,tool,natural_slot,62,17,51,61,False
qwen2.5-7b,fitting,e8109fd1d10d,jbb,True,train,assistant,natural_slot,45,17,39,44,False
qwen2.5-7b,fitting,0f55fc12742c,sorry-bench,True,train,system,fixed_slot,32,15,17,31,False
qwen2.5-7b,fitting,0f55fc12742c,sorry-bench,True,train,user,fixed_slot,43,15,37,42,True
qwen2.5-7b,fitting,0f55fc12742c,sorry-bench,True,train,tool,fixed_slot,51,15,41,50,True
qwen2.5-7b,fitting,0f55fc12742c,sorry-bench,True,train,assistant,fixed_slot,43,15,37,42,True
qwen2.5-7b,fitting,0f55fc12742c,sorry-bench,True,train,system,natural_slot,32,15,17,31,False
qwen2.5-7b,fitting,0f55fc12742c,sorry-bench,True,train,user,natural_slot,34,15,28,33,False
qwen2.5-7b,fitting,0f55fc12742c,sorry-bench,True,train,tool,natural_slot,59,15,49,58,False
qwen2.5-7b,fitting,0f55fc12742c,sorry-bench,True,train,assistant,natural_slot,43,15,37,42,False
qwen2.5-7b,fitting,4d779965c351,advbench,True,test,system,fixed_slot,32,15,17,31,False
qwen2.5-7b,fitting,4d779965c351,advbench,True,test,user,fixed_slot,43,15,37,42,True
qwen2.5-7b,fitting,4d779965c351,advbench,True,test,tool,fixed_slot,52,15,41,51,True
qwen2.5-7b,fitting,4d779965c351,advbench,True,test,assistant,fixed_slot,43,15,37,42,True
qwen2.5-7b,fitting,4d779965c351,advbench,True,test,system,natural_slot,32,15,17,31,False
qwen2.5-7b,fitting,4d779965c351,advbench,True,test,user,natural_slot,34,15,28,33,False
qwen2.5-7b,fitting,4d779965c351,advbench,True,test,tool,natural_slot,60,15,49,59,False
qwen2.5-7b,fitting,4d779965c351,advbench,True,test,assistant,natural_slot,43,15,37,42,False
qwen2.5-7b,fitting,d5d3fd47bf94,jbb,True,test,system,fixed_slot,30,13,15,29,False
qwen2.5-7b,fitting,d5d3fd47bf94,jbb,True,test,user,fixed_slot,41,13,35,40,True
qwen2.5-7b,fitting,d5d3fd47bf94,jbb,True,test,tool,fixed_slot,50,13,39,49,True
qwen2.5-7b,fitting,d5d3fd47bf94,jbb,True,test,assistant,fixed_slot,41,13,35,40,True
qwen2.5-7b,fitting,d5d3fd47bf94,jbb,True,test,system,natural_slot,30,13,15,29,False
qwen2.5-7b,fitting,d5d3fd47bf94,jbb,True,test,user,natural_slot,32,13,26,31,False
qwen2.5-7b,fitting,d5d3fd47bf94,jbb,True,test,tool,natural_slot,58,13,47,57,False
qwen2.5-7b,fitting,d5d3fd47bf94,jbb,True,test,assistant,natural_slot,41,13,35,40,False
qwen2.5-7b,fitting,94fdff844253,sorry-bench,True,train,system,fixed_slot,36,19,21,35,False
qwen2.5-7b,fitting,94fdff844253,sorry-bench,True,train,user,fixed_slot,47,19,41,46,True
qwen2.5-7b,fitting,94fdff844253,sorry-bench,True,train,tool,fixed_slot,55,19,45,54,True
qwen2.5-7b,fitting,94fdff844253,sorry-bench,True,train,assistant,fixed_slot,47,19,41,46,True
qwen2.5-7b,fitting,94fdff844253,sorry-bench,True,train,system,natural_slot,36,19,21,35,False
qwen2.5-7b,fitting,94fdff844253,sorry-bench,True,train,user,natural_slot,38,19,32,37,False
qwen2.5-7b,fitting,94fdff844253,sorry-bench,True,train,tool,natural_slot,63,19,53,62,False
qwen2.5-7b,fitting,94fdff844253,sorry-bench,True,train,assistant,natural_slot,47,19,41,46,False
qwen2.5-7b,fitting,0fb7b44a8153,advbench,True,train,system,fixed_slot,28,11,13,27,False
qwen2.5-7b,fitting,0fb7b44a8153,advbench,True,train,user,fixed_slot,39,11,33,38,True
qwen2.5-7b,fitting,0fb7b44a8153,advbench,True,train,tool,fixed_slot,48,11,37,47,True
qwen2.5-7b,fitting,0fb7b44a8153,advbench,True,train,assistant,fixed_slot,39,11,33,38,True
qwen2.5-7b,fitting,0fb7b44a8153,advbench,True,train,system,natural_slot,28,11,13,27,False
qwen2.5-7b,fitting,0fb7b44a8153,advbench,True,train,user,natural_slot,30,11,24,29,False
qwen2.5-7b,fitting,0fb7b44a8153,advbench,True,train,tool,natural_slot,56,11,45,55,False
qwen2.5-7b,fitting,0fb7b44a8153,advbench,True,train,assistant,natural_slot,39,11,33,38,False
qwen2.5-7b,fitting,3c53879aab10,jbb,True,train,system,fixed_slot,34,17,19,33,False
qwen2.5-7b,fitting,3c53879aab10,jbb,True,train,user,fixed_slot,45,17,39,44,True
qwen2.5-7b,fitting,3c53879aab10,jbb,True,train,tool,fixed_slot,54,17,43,53,True
qwen2.5-7b,fitting,3c53879aab10,jbb,True,train,assistant,fixed_slot,45,17,39,44,True
qwen2.5-7b,fitting,3c53879aab10,jbb,True,train,system,natural_slot,34,17,19,33,False
qwen2.5-7b,fitting,3c53879aab10,jbb,True,train,user,natural_slot,36,17,30,35,False
qwen2.5-7b,fitting,3c53879aab10,jbb,True,train,tool,natural_slot,62,17,51,61,False
qwen2.5-7b,fitting,3c53879aab10,jbb,True,train,assistant,natural_slot,45,17,39,44,False
qwen2.5-7b,fitting,c4773784f0f2,sorry-bench,True,train,system,fixed_slot,45,28,30,44,False
qwen2.5-7b,fitting,c4773784f0f2,sorry-bench,True,train,user,fixed_slot,56,28,50,55,True
qwen2.5-7b,fitting,c4773784f0f2,sorry-bench,True,train,tool,fixed_slot,64,28,54,63,True
qwen2.5-7b,fitting,c4773784f0f2,sorry-bench,True,train,assistant,fixed_slot,56,28,50,55,True
qwen2.5-7b,fitting,c4773784f0f2,sorry-bench,True,train,system,natural_slot,45,28,30,44,False
qwen2.5-7b,fitting,c4773784f0f2,sorry-bench,True,train,user,natural_slot,47,28,41,46,False
qwen2.5-7b,fitting,c4773784f0f2,sorry-bench,True,train,tool,natural_slot,72,28,62,71,False
qwen2.5-7b,fitting,c4773784f0f2,sorry-bench,True,train,assistant,natural_slot,56,28,50,55,False
qwen2.5-7b,fitting,b3d64f628f4b,advbench,True,test,system,fixed_slot,29,12,14,28,False
qwen2.5-7b,fitting,b3d64f628f4b,advbench,True,test,user,fixed_slot,40,12,34,39,True
qwen2.5-7b,fitting,b3d64f628f4b,advbench,True,test,tool,fixed_slot,49,12,38,48,True
qwen2.5-7b,fitting,b3d64f628f4b,advbench,True,test,assistant,fixed_slot,40,12,34,39,True
qwen2.5-7b,fitting,b3d64f628f4b,advbench,True,test,system,natural_slot,29,12,14,28,False
qwen2.5-7b,fitting,b3d64f628f4b,advbench,True,test,user,natural_slot,31,12,25,30,False
qwen2.5-7b,fitting,b3d64f628f4b,advbench,True,test,tool,natural_slot,57,12,46,56,False
qwen2.5-7b,fitting,b3d64f628f4b,advbench,True,test,assistant,natural_slot,40,12,34,39,False
qwen2.5-7b,fitting,f2fcd0255972,jbb,True,train,system,fixed_slot,31,14,16,30,False
qwen2.5-7b,fitting,f2fcd0255972,jbb,True,train,user,fixed_slot,42,14,36,41,True
qwen2.5-7b,fitting,f2fcd0255972,jbb,True,train,tool,fixed_slot,51,14,40,50,True
qwen2.5-7b,fitting,f2fcd0255972,jbb,True,train,assistant,fixed_slot,42,14,36,41,True
qwen2.5-7b,fitting,f2fcd0255972,jbb,True,train,system,natural_slot,31,14,16,30,False
qwen2.5-7b,fitting,f2fcd0255972,jbb,True,train,user,natural_slot,33,14,27,32,False
qwen2.5-7b,fitting,f2fcd0255972,jbb,True,train,tool,natural_slot,59,14,48,58,False
qwen2.5-7b,fitting,f2fcd0255972,jbb,True,train,assistant,natural_slot,42,14,36,41,False
qwen2.5-7b,fitting,aa7c9d01f899,sorry-bench,True,train,system,fixed_slot,44,27,29,43,False
qwen2.5-7b,fitting,aa7c9d01f899,sorry-bench,True,train,user,fixed_slot,55,27,49,54,True
qwen2.5-7b,fitting,aa7c9d01f899,sorry-bench,True,train,tool,fixed_slot,63,27,53,62,True
qwen2.5-7b,fitting,aa7c9d01f899,sorry-bench,True,train,assistant,fixed_slot,55,27,49,54,True
qwen2.5-7b,fitting,aa7c9d01f899,sorry-bench,True,train,system,natural_slot,44,27,29,43,False
qwen2.5-7b,fitting,aa7c9d01f899,sorry-bench,True,train,user,natural_slot,46,27,40,45,False
qwen2.5-7b,fitting,aa7c9d01f899,sorry-bench,True,train,tool,natural_slot,71,27,61,70,False
qwen2.5-7b,fitting,aa7c9d01f899,sorry-bench,True,train,assistant,natural_slot,55,27,49,54,False
qwen2.5-7b,fitting,f71de175b363,advbench,True,train,system,fixed_slot,30,13,15,29,False
qwen2.5-7b,fitting,f71de175b363,advbench,True,train,user,fixed_slot,41,13,35,40,True
qwen2.5-7b,fitting,f71de175b363,advbench,True,train,tool,fixed_slot,50,13,39,49,True
qwen2.5-7b,fitting,f71de175b363,advbench,True,train,assistant,fixed_slot,41,13,35,40,True
qwen2.5-7b,fitting,f71de175b363,advbench,True,train,system,natural_slot,30,13,15,29,False
qwen2.5-7b,fitting,f71de175b363,advbench,True,train,user,natural_slot,32,13,26,31,False
qwen2.5-7b,fitting,f71de175b363,advbench,True,train,tool,natural_slot,58,13,47,57,False
qwen2.5-7b,fitting,f71de175b363,advbench,True,train,assistant,natural_slot,41,13,35,40,False
qwen2.5-7b,fitting,f450019c82af,jbb,True,test,system,fixed_slot,33,16,18,32,False
qwen2.5-7b,fitting,f450019c82af,jbb,True,test,user,fixed_slot,44,16,38,43,True
qwen2.5-7b,fitting,f450019c82af,jbb,True,test,tool,fixed_slot,53,16,42,52,True
qwen2.5-7b,fitting,f450019c82af,jbb,True,test,assistant,fixed_slot,44,16,38,43,True
qwen2.5-7b,fitting,f450019c82af,jbb,True,test,system,natural_slot,33,16,18,32,False
qwen2.5-7b,fitting,f450019c82af,jbb,True,test,user,natural_slot,35,16,29,34,False
qwen2.5-7b,fitting,f450019c82af,jbb,True,test,tool,natural_slot,61,16,50,60,False
qwen2.5-7b,fitting,f450019c82af,jbb,True,test,assistant,natural_slot,44,16,38,43,False
qwen2.5-7b,fitting,307110c155df,sorry-bench,True,train,system,fixed_slot,54,37,39,53,False
qwen2.5-7b,fitting,307110c155df,sorry-bench,True,train,user,fixed_slot,65,37,59,64,True
qwen2.5-7b,fitting,307110c155df,sorry-bench,True,train,tool,fixed_slot,73,37,63,72,True
qwen2.5-7b,fitting,307110c155df,sorry-bench,True,train,assistant,fixed_slot,65,37,59,64,True
qwen2.5-7b,fitting,307110c155df,sorry-bench,True,train,system,natural_slot,54,37,39,53,False
qwen2.5-7b,fitting,307110c155df,sorry-bench,True,train,user,natural_slot,56,37,50,55,False
qwen2.5-7b,fitting,307110c155df,sorry-bench,True,train,tool,natural_slot,81,37,71,80,False
qwen2.5-7b,fitting,307110c155df,sorry-bench,True,train,assistant,natural_slot,65,37,59,64,False
qwen2.5-7b,fitting,b68fb9257312,advbench,True,train,system,fixed_slot,27,10,12,26,False
qwen2.5-7b,fitting,b68fb9257312,advbench,True,train,user,fixed_slot,38,10,32,37,True
qwen2.5-7b,fitting,b68fb9257312,advbench,True,train,tool,fixed_slot,47,10,36,46,True
qwen2.5-7b,fitting,b68fb9257312,advbench,True,train,assistant,fixed_slot,38,10,32,37,True
qwen2.5-7b,fitting,b68fb9257312,advbench,True,train,system,natural_slot,27,10,12,26,False
qwen2.5-7b,fitting,b68fb9257312,advbench,True,train,user,natural_slot,29,10,23,28,False
qwen2.5-7b,fitting,b68fb9257312,advbench,True,train,tool,natural_slot,55,10,44,54,False
qwen2.5-7b,fitting,b68fb9257312,advbench,True,train,assistant,natural_slot,38,10,32,37,False
qwen2.5-7b,fitting,c9c74db918a4,jbb,True,train,system,fixed_slot,22,5,7,21,False
qwen2.5-7b,fitting,c9c74db918a4,jbb,True,train,user,fixed_slot,33,5,27,32,True
qwen2.5-7b,fitting,c9c74db918a4,jbb,True,train,tool,fixed_slot,42,5,31,41,True
qwen2.5-7b,fitting,c9c74db918a4,jbb,True,train,assistant,fixed_slot,33,5,27,32,True
qwen2.5-7b,fitting,c9c74db918a4,jbb,True,train,system,natural_slot,22,5,7,21,False
qwen2.5-7b,fitting,c9c74db918a4,jbb,True,train,user,natural_slot,24,5,18,23,False
qwen2.5-7b,fitting,c9c74db918a4,jbb,True,train,tool,natural_slot,50,5,39,49,False
qwen2.5-7b,fitting,c9c74db918a4,jbb,True,train,assistant,natural_slot,33,5,27,32,False
qwen2.5-7b,fitting,86ad5cdedfd1,sorry-bench,True,train,system,fixed_slot,37,20,22,36,False
qwen2.5-7b,fitting,86ad5cdedfd1,sorry-bench,True,train,user,fixed_slot,48,20,42,47,True
qwen2.5-7b,fitting,86ad5cdedfd1,sorry-bench,True,train,tool,fixed_slot,56,20,46,55,True
qwen2.5-7b,fitting,86ad5cdedfd1,sorry-bench,True,train,assistant,fixed_slot,48,20,42,47,True
qwen2.5-7b,fitting,86ad5cdedfd1,sorry-bench,True,train,system,natural_slot,37,20,22,36,False
qwen2.5-7b,fitting,86ad5cdedfd1,sorry-bench,True,train,user,natural_slot,39,20,33,38,False
qwen2.5-7b,fitting,86ad5cdedfd1,sorry-bench,True,train,tool,natural_slot,64,20,54,63,False
qwen2.5-7b,fitting,86ad5cdedfd1,sorry-bench,True,train,assistant,natural_slot,48,20,42,47,False
qwen2.5-7b,fitting,d75163fb402d,advbench,True,test,system,fixed_slot,29,12,14,28,False
qwen2.5-7b,fitting,d75163fb402d,advbench,True,test,user,fixed_slot,40,12,34,39,True
qwen2.5-7b,fitting,d75163fb402d,advbench,True,test,tool,fixed_slot,49,12,38,48,True
qwen2.5-7b,fitting,d75163fb402d,advbench,True,test,assistant,fixed_slot,40,12,34,39,True
qwen2.5-7b,fitting,d75163fb402d,advbench,True,test,system,natural_slot,29,12,14,28,False
qwen2.5-7b,fitting,d75163fb402d,advbench,True,test,user,natural_slot,31,12,25,30,False
qwen2.5-7b,fitting,d75163fb402d,advbench,True,test,tool,natural_slot,57,12,46,56,False
qwen2.5-7b,fitting,d75163fb402d,advbench,True,test,assistant,natural_slot,40,12,34,39,False
qwen2.5-7b,fitting,f9a57d4efcd0,jbb,True,train,system,fixed_slot,29,12,14,28,False
qwen2.5-7b,fitting,f9a57d4efcd0,jbb,True,train,user,fixed_slot,40,12,34,39,True
qwen2.5-7b,fitting,f9a57d4efcd0,jbb,True,train,tool,fixed_slot,49,12,38,48,True
qwen2.5-7b,fitting,f9a57d4efcd0,jbb,True,train,assistant,fixed_slot,40,12,34,39,True
qwen2.5-7b,fitting,f9a57d4efcd0,jbb,True,train,system,natural_slot,29,12,14,28,False
qwen2.5-7b,fitting,f9a57d4efcd0,jbb,True,train,user,natural_slot,31,12,25,30,False
qwen2.5-7b,fitting,f9a57d4efcd0,jbb,True,train,tool,natural_slot,57,12,46,56,False
qwen2.5-7b,fitting,f9a57d4efcd0,jbb,True,train,assistant,natural_slot,40,12,34,39,False
qwen2.5-7b,fitting,8bdb8423ca93,sorry-bench,True,train,system,fixed_slot,33,16,18,32,False
qwen2.5-7b,fitting,8bdb8423ca93,sorry-bench,True,train,user,fixed_slot,44,16,38,43,True
qwen2.5-7b,fitting,8bdb8423ca93,sorry-bench,True,train,tool,fixed_slot,52,16,42,51,True
qwen2.5-7b,fitting,8bdb8423ca93,sorry-bench,True,train,assistant,fixed_slot,44,16,38,43,True
qwen2.5-7b,fitting,8bdb8423ca93,sorry-bench,True,train,system,natural_slot,33,16,18,32,False
qwen2.5-7b,fitting,8bdb8423ca93,sorry-bench,True,train,user,natural_slot,35,16,29,34,False
qwen2.5-7b,fitting,8bdb8423ca93,sorry-bench,True,train,tool,natural_slot,60,16,50,59,False
qwen2.5-7b,fitting,8bdb8423ca93,sorry-bench,True,train,assistant,natural_slot,44,16,38,43,False
qwen2.5-7b,fitting,b5d22ca1321e,advbench,True,train,system,fixed_slot,32,15,17,31,False
qwen2.5-7b,fitting,b5d22ca1321e,advbench,True,train,user,fixed_slot,43,15,37,42,True
qwen2.5-7b,fitting,b5d22ca1321e,advbench,True,train,tool,fixed_slot,52,15,41,51,True
qwen2.5-7b,fitting,b5d22ca1321e,advbench,True,train,assistant,fixed_slot,43,15,37,42,True
qwen2.5-7b,fitting,b5d22ca1321e,advbench,True,train,system,natural_slot,32,15,17,31,False
qwen2.5-7b,fitting,b5d22ca1321e,advbench,True,train,user,natural_slot,34,15,28,33,False
qwen2.5-7b,fitting,b5d22ca1321e,advbench,True,train,tool,natural_slot,60,15,49,59,False
qwen2.5-7b,fitting,b5d22ca1321e,advbench,True,train,assistant,natural_slot,43,15,37,42,False
qwen2.5-7b,fitting,dfdee2a12567,jbb,True,train,system,fixed_slot,34,17,19,33,False
qwen2.5-7b,fitting,dfdee2a12567,jbb,True,train,user,fixed_slot,45,17,39,44,True
qwen2.5-7b,fitting,dfdee2a12567,jbb,True,train,tool,fixed_slot,54,17,43,53,True
qwen2.5-7b,fitting,dfdee2a12567,jbb,True,train,assistant,fixed_slot,45,17,39,44,True
qwen2.5-7b,fitting,dfdee2a12567,jbb,True,train,system,natural_slot,34,17,19,33,False
qwen2.5-7b,fitting,dfdee2a12567,jbb,True,train,user,natural_slot,36,17,30,35,False
qwen2.5-7b,fitting,dfdee2a12567,jbb,True,train,tool,natural_slot,62,17,51,61,False
qwen2.5-7b,fitting,dfdee2a12567,jbb,True,train,assistant,natural_slot,45,17,39,44,False
qwen2.5-7b,fitting,69756a3b9bf7,sorry-bench,True,train,system,fixed_slot,36,19,21,35,False
qwen2.5-7b,fitting,69756a3b9bf7,sorry-bench,True,train,user,fixed_slot,47,19,41,46,True
qwen2.5-7b,fitting,69756a3b9bf7,sorry-bench,True,train,tool,fixed_slot,55,19,45,54,True
qwen2.5-7b,fitting,69756a3b9bf7,sorry-bench,True,train,assistant,fixed_slot,47,19,41,46,True
qwen2.5-7b,fitting,69756a3b9bf7,sorry-bench,True,train,system,natural_slot,36,19,21,35,False
qwen2.5-7b,fitting,69756a3b9bf7,sorry-bench,True,train,user,natural_slot,38,19,32,37,False
qwen2.5-7b,fitting,69756a3b9bf7,sorry-bench,True,train,tool,natural_slot,63,19,53,62,False
qwen2.5-7b,fitting,69756a3b9bf7,sorry-bench,True,train,assistant,natural_slot,47,19,41,46,False
qwen2.5-7b,fitting,3c923ba3d1c2,advbench,True,train,system,fixed_slot,30,13,15,29,False
qwen2.5-7b,fitting,3c923ba3d1c2,advbench,True,train,user,fixed_slot,41,13,35,40,True
qwen2.5-7b,fitting,3c923ba3d1c2,advbench,True,train,tool,fixed_slot,50,13,39,49,True
qwen2.5-7b,fitting,3c923ba3d1c2,advbench,True,train,assistant,fixed_slot,41,13,35,40,True
qwen2.5-7b,fitting,3c923ba3d1c2,advbench,True,train,system,natural_slot,30,13,15,29,False
qwen2.5-7b,fitting,3c923ba3d1c2,advbench,True,train,user,natural_slot,32,13,26,31,False
qwen2.5-7b,fitting,3c923ba3d1c2,advbench,True,train,tool,natural_slot,58,13,47,57,False
qwen2.5-7b,fitting,3c923ba3d1c2,advbench,True,train,assistant,natural_slot,41,13,35,40,False
qwen2.5-7b,fitting,a62eb030c706,jbb,True,train,system,fixed_slot,33,16,18,32,False
qwen2.5-7b,fitting,a62eb030c706,jbb,True,train,user,fixed_slot,44,16,38,43,True
qwen2.5-7b,fitting,a62eb030c706,jbb,True,train,tool,fixed_slot,53,16,42,52,True
qwen2.5-7b,fitting,a62eb030c706,jbb,True,train,assistant,fixed_slot,44,16,38,43,True
qwen2.5-7b,fitting,a62eb030c706,jbb,True,train,system,natural_slot,33,16,18,32,False
qwen2.5-7b,fitting,a62eb030c706,jbb,True,train,user,natural_slot,35,16,29,34,False
qwen2.5-7b,fitting,a62eb030c706,jbb,True,train,tool,natural_slot,61,16,50,60,False
qwen2.5-7b,fitting,a62eb030c706,jbb,True,train,assistant,natural_slot,44,16,38,43,False
qwen2.5-7b,fitting,540fe1bca9df,sorry-bench,True,train,system,fixed_slot,51,34,36,50,False
qwen2.5-7b,fitting,540fe1bca9df,sorry-bench,True,train,user,fixed_slot,62,34,56,61,True
qwen2.5-7b,fitting,540fe1bca9df,sorry-bench,True,train,tool,fixed_slot,71,35,61,70,True
qwen2.5-7b,fitting,540fe1bca9df,sorry-bench,True,train,assistant,fixed_slot,62,34,56,61,True
qwen2.5-7b,fitting,540fe1bca9df,sorry-bench,True,train,system,natural_slot,51,34,36,50,False
qwen2.5-7b,fitting,540fe1bca9df,sorry-bench,True,train,user,natural_slot,53,34,47,52,False
qwen2.5-7b,fitting,540fe1bca9df,sorry-bench,True,train,tool,natural_slot,79,35,69,78,False
qwen2.5-7b,fitting,540fe1bca9df,sorry-bench,True,train,assistant,natural_slot,62,34,56,61,False
qwen2.5-7b,fitting,169c50df81e4,advbench,True,train,system,fixed_slot,30,13,15,29,False
qwen2.5-7b,fitting,169c50df81e4,advbench,True,train,user,fixed_slot,41,13,35,40,True
qwen2.5-7b,fitting,169c50df81e4,advbench,True,train,tool,fixed_slot,50,13,39,49,True
qwen2.5-7b,fitting,169c50df81e4,advbench,True,train,assistant,fixed_slot,41,13,35,40,True
qwen2.5-7b,fitting,169c50df81e4,advbench,True,train,system,natural_slot,30,13,15,29,False
qwen2.5-7b,fitting,169c50df81e4,advbench,True,train,user,natural_slot,32,13,26,31,False
qwen2.5-7b,fitting,169c50df81e4,advbench,True,train,tool,natural_slot,58,13,47,57,False
qwen2.5-7b,fitting,169c50df81e4,advbench,True,train,assistant,natural_slot,41,13,35,40,False
qwen2.5-7b,fitting,503137b746ec,jbb,True,train,system,fixed_slot,31,14,16,30,False
qwen2.5-7b,fitting,503137b746ec,jbb,True,train,user,fixed_slot,42,14,36,41,True
qwen2.5-7b,fitting,503137b746ec,jbb,True,train,tool,fixed_slot,51,14,40,50,True
qwen2.5-7b,fitting,503137b746ec,jbb,True,train,assistant,fixed_slot,42,14,36,41,True
qwen2.5-7b,fitting,503137b746ec,jbb,True,train,system,natural_slot,31,14,16,30,False
qwen2.5-7b,fitting,503137b746ec,jbb,True,train,user,natural_slot,33,14,27,32,False
qwen2.5-7b,fitting,503137b746ec,jbb,True,train,tool,natural_slot,59,14,48,58,False
qwen2.5-7b,fitting,503137b746ec,jbb,True,train,assistant,natural_slot,42,14,36,41,False
qwen2.5-7b,fitting,ab3a3f2ebc04,sorry-bench,True,train,system,fixed_slot,52,35,37,51,False
qwen2.5-7b,fitting,ab3a3f2ebc04,sorry-bench,True,train,user,fixed_slot,63,35,57,62,True
qwen2.5-7b,fitting,ab3a3f2ebc04,sorry-bench,True,train,tool,fixed_slot,71,35,61,70,True
qwen2.5-7b,fitting,ab3a3f2ebc04,sorry-bench,True,train,assistant,fixed_slot,63,35,57,62,True
qwen2.5-7b,fitting,ab3a3f2ebc04,sorry-bench,True,train,system,natural_slot,52,35,37,51,False
qwen2.5-7b,fitting,ab3a3f2ebc04,sorry-bench,True,train,user,natural_slot,54,35,48,53,False
qwen2.5-7b,fitting,ab3a3f2ebc04,sorry-bench,True,train,tool,natural_slot,79,35,69,78,False
qwen2.5-7b,fitting,ab3a3f2ebc04,sorry-bench,True,train,assistant,natural_slot,63,35,57,62,False
qwen2.5-7b,fitting,53c67c7f6fee,advbench,True,train,system,fixed_slot,26,9,11,25,False
qwen2.5-7b,fitting,53c67c7f6fee,advbench,True,train,user,fixed_slot,37,9,31,36,True
qwen2.5-7b,fitting,53c67c7f6fee,advbench,True,train,tool,fixed_slot,46,9,35,45,True
qwen2.5-7b,fitting,53c67c7f6fee,advbench,True,train,assistant,fixed_slot,37,9,31,36,True
qwen2.5-7b,fitting,53c67c7f6fee,advbench,True,train,system,natural_slot,26,9,11,25,False
qwen2.5-7b,fitting,53c67c7f6fee,advbench,True,train,user,natural_slot,28,9,22,27,False
qwen2.5-7b,fitting,53c67c7f6fee,advbench,True,train,tool,natural_slot,54,9,43,53,False
qwen2.5-7b,fitting,53c67c7f6fee,advbench,True,train,assistant,natural_slot,37,9,31,36,False
qwen2.5-7b,fitting,59bf061a5ea2,jbb,True,train,system,fixed_slot,37,20,22,36,False
qwen2.5-7b,fitting,59bf061a5ea2,jbb,True,train,user,fixed_slot,48,20,42,47,True
qwen2.5-7b,fitting,59bf061a5ea2,jbb,True,train,tool,fixed_slot,57,20,46,56,True
qwen2.5-7b,fitting,59bf061a5ea2,jbb,True,train,assistant,fixed_slot,48,20,42,47,True
qwen2.5-7b,fitting,59bf061a5ea2,jbb,True,train,system,natural_slot,37,20,22,36,False
qwen2.5-7b,fitting,59bf061a5ea2,jbb,True,train,user,natural_slot,39,20,33,38,False
qwen2.5-7b,fitting,59bf061a5ea2,jbb,True,train,tool,natural_slot,65,20,54,64,False
qwen2.5-7b,fitting,59bf061a5ea2,jbb,True,train,assistant,natural_slot,48,20,42,47,False
qwen2.5-7b,fitting,8fec1d8cc38e,sorry-bench,True,train,system,fixed_slot,45,28,30,44,False
qwen2.5-7b,fitting,8fec1d8cc38e,sorry-bench,True,train,user,fixed_slot,56,28,50,55,True
qwen2.5-7b,fitting,8fec1d8cc38e,sorry-bench,True,train,tool,fixed_slot,64,28,54,63,True
qwen2.5-7b,fitting,8fec1d8cc38e,sorry-bench,True,train,assistant,fixed_slot,56,28,50,55,True
qwen2.5-7b,fitting,8fec1d8cc38e,sorry-bench,True,train,system,natural_slot,45,28,30,44,False
qwen2.5-7b,fitting,8fec1d8cc38e,sorry-bench,True,train,user,natural_slot,47,28,41,46,False
qwen2.5-7b,fitting,8fec1d8cc38e,sorry-bench,True,train,tool,natural_slot,72,28,62,71,False
qwen2.5-7b,fitting,8fec1d8cc38e,sorry-bench,True,train,assistant,natural_slot,56,28,50,55,False
qwen2.5-7b,fitting,6c773b138157,advbench,True,train,system,fixed_slot,31,14,16,30,False
qwen2.5-7b,fitting,6c773b138157,advbench,True,train,user,fixed_slot,42,14,36,41,True
qwen2.5-7b,fitting,6c773b138157,advbench,True,train,tool,fixed_slot,51,14,40,50,True
qwen2.5-7b,fitting,6c773b138157,advbench,True,train,assistant,fixed_slot,42,14,36,41,True
qwen2.5-7b,fitting,6c773b138157,advbench,True,train,system,natural_slot,31,14,16,30,False
qwen2.5-7b,fitting,6c773b138157,advbench,True,train,user,natural_slot,33,14,27,32,False
qwen2.5-7b,fitting,6c773b138157,advbench,True,train,tool,natural_slot,59,14,48,58,False
qwen2.5-7b,fitting,6c773b138157,advbench,True,train,assistant,natural_slot,42,14,36,41,False
qwen2.5-7b,fitting,86ccf594db67,jbb,True,train,system,fixed_slot,35,18,20,34,False
qwen2.5-7b,fitting,86ccf594db67,jbb,True,train,user,fixed_slot,46,18,40,45,True
qwen2.5-7b,fitting,86ccf594db67,jbb,True,train,tool,fixed_slot,55,18,44,54,True
qwen2.5-7b,fitting,86ccf594db67,jbb,True,train,assistant,fixed_slot,46,18,40,45,True
qwen2.5-7b,fitting,86ccf594db67,jbb,True,train,system,natural_slot,35,18,20,34,False
qwen2.5-7b,fitting,86ccf594db67,jbb,True,train,user,natural_slot,37,18,31,36,False
qwen2.5-7b,fitting,86ccf594db67,jbb,True,train,tool,natural_slot,63,18,52,62,False
qwen2.5-7b,fitting,86ccf594db67,jbb,True,train,assistant,natural_slot,46,18,40,45,False
qwen2.5-7b,fitting,6bcbf5ef9f1a,sorry-bench,True,test,system,fixed_slot,38,21,23,37,False
qwen2.5-7b,fitting,6bcbf5ef9f1a,sorry-bench,True,test,user,fixed_slot,49,21,43,48,True
qwen2.5-7b,fitting,6bcbf5ef9f1a,sorry-bench,True,test,tool,fixed_slot,57,21,47,56,True
qwen2.5-7b,fitting,6bcbf5ef9f1a,sorry-bench,True,test,assistant,fixed_slot,49,21,43,48,True
qwen2.5-7b,fitting,6bcbf5ef9f1a,sorry-bench,True,test,system,natural_slot,38,21,23,37,False
qwen2.5-7b,fitting,6bcbf5ef9f1a,sorry-bench,True,test,user,natural_slot,40,21,34,39,False
qwen2.5-7b,fitting,6bcbf5ef9f1a,sorry-bench,True,test,tool,natural_slot,65,21,55,64,False
qwen2.5-7b,fitting,6bcbf5ef9f1a,sorry-bench,True,test,assistant,natural_slot,49,21,43,48,False
qwen2.5-7b,fitting,577abbc29d03,advbench,True,train,system,fixed_slot,32,15,17,31,False
qwen2.5-7b,fitting,577abbc29d03,advbench,True,train,user,fixed_slot,43,15,37,42,True
qwen2.5-7b,fitting,577abbc29d03,advbench,True,train,tool,fixed_slot,52,15,41,51,True
qwen2.5-7b,fitting,577abbc29d03,advbench,True,train,assistant,fixed_slot,43,15,37,42,True
qwen2.5-7b,fitting,577abbc29d03,advbench,True,train,system,natural_slot,32,15,17,31,False
qwen2.5-7b,fitting,577abbc29d03,advbench,True,train,user,natural_slot,34,15,28,33,False
qwen2.5-7b,fitting,577abbc29d03,advbench,True,train,tool,natural_slot,60,15,49,59,False
qwen2.5-7b,fitting,577abbc29d03,advbench,True,train,assistant,natural_slot,43,15,37,42,False
qwen2.5-7b,fitting,067979fd74ef,jbb,True,train,system,fixed_slot,29,12,14,28,False
qwen2.5-7b,fitting,067979fd74ef,jbb,True,train,user,fixed_slot,40,12,34,39,True
qwen2.5-7b,fitting,067979fd74ef,jbb,True,train,tool,fixed_slot,49,12,38,48,True
qwen2.5-7b,fitting,067979fd74ef,jbb,True,train,assistant,fixed_slot,40,12,34,39,True
qwen2.5-7b,fitting,067979fd74ef,jbb,True,train,system,natural_slot,29,12,14,28,False
qwen2.5-7b,fitting,067979fd74ef,jbb,True,train,user,natural_slot,31,12,25,30,False
qwen2.5-7b,fitting,067979fd74ef,jbb,True,train,tool,natural_slot,57,12,46,56,False
qwen2.5-7b,fitting,067979fd74ef,jbb,True,train,assistant,natural_slot,40,12,34,39,False
qwen2.5-7b,fitting,b10580202810,sorry-bench,True,train,system,fixed_slot,35,18,20,34,False
qwen2.5-7b,fitting,b10580202810,sorry-bench,True,train,user,fixed_slot,46,18,40,45,True
qwen2.5-7b,fitting,b10580202810,sorry-bench,True,train,tool,fixed_slot,54,18,44,53,True
qwen2.5-7b,fitting,b10580202810,sorry-bench,True,train,assistant,fixed_slot,46,18,40,45,True
qwen2.5-7b,fitting,b10580202810,sorry-bench,True,train,system,natural_slot,35,18,20,34,False
qwen2.5-7b,fitting,b10580202810,sorry-bench,True,train,user,natural_slot,37,18,31,36,False
qwen2.5-7b,fitting,b10580202810,sorry-bench,True,train,tool,natural_slot,62,18,52,61,False
qwen2.5-7b,fitting,b10580202810,sorry-bench,True,train,assistant,natural_slot,46,18,40,45,False
qwen2.5-7b,fitting,528a1655261c,advbench,True,train,system,fixed_slot,25,8,10,24,False
qwen2.5-7b,fitting,528a1655261c,advbench,True,train,user,fixed_slot,36,8,30,35,True
qwen2.5-7b,fitting,528a1655261c,advbench,True,train,tool,fixed_slot,45,8,34,44,True
qwen2.5-7b,fitting,528a1655261c,advbench,True,train,assistant,fixed_slot,36,8,30,35,True
qwen2.5-7b,fitting,528a1655261c,advbench,True,train,system,natural_slot,25,8,10,24,False
qwen2.5-7b,fitting,528a1655261c,advbench,True,train,user,natural_slot,27,8,21,26,False
qwen2.5-7b,fitting,528a1655261c,advbench,True,train,tool,natural_slot,53,8,42,52,False
qwen2.5-7b,fitting,528a1655261c,advbench,True,train,assistant,natural_slot,36,8,30,35,False
qwen2.5-7b,fitting,c92b697edc73,jbb,True,train,system,fixed_slot,31,14,16,30,False
qwen2.5-7b,fitting,c92b697edc73,jbb,True,train,user,fixed_slot,42,14,36,41,True
qwen2.5-7b,fitting,c92b697edc73,jbb,True,train,tool,fixed_slot,51,14,40,50,True
qwen2.5-7b,fitting,c92b697edc73,jbb,True,train,assistant,fixed_slot,42,14,36,41,True
qwen2.5-7b,fitting,c92b697edc73,jbb,True,train,system,natural_slot,31,14,16,30,False
qwen2.5-7b,fitting,c92b697edc73,jbb,True,train,user,natural_slot,33,14,27,32,False
qwen2.5-7b,fitting,c92b697edc73,jbb,True,train,tool,natural_slot,59,14,48,58,False
qwen2.5-7b,fitting,c92b697edc73,jbb,True,train,assistant,natural_slot,42,14,36,41,False
qwen2.5-7b,fitting,c156d6f02f9b,sorry-bench,True,train,system,fixed_slot,42,25,27,41,False
qwen2.5-7b,fitting,c156d6f02f9b,sorry-bench,True,train,user,fixed_slot,53,25,47,52,True
qwen2.5-7b,fitting,c156d6f02f9b,sorry-bench,True,train,tool,fixed_slot,61,25,51,60,True
qwen2.5-7b,fitting,c156d6f02f9b,sorry-bench,True,train,assistant,fixed_slot,53,25,47,52,True
qwen2.5-7b,fitting,c156d6f02f9b,sorry-bench,True,train,system,natural_slot,42,25,27,41,False
qwen2.5-7b,fitting,c156d6f02f9b,sorry-bench,True,train,user,natural_slot,44,25,38,43,False
qwen2.5-7b,fitting,c156d6f02f9b,sorry-bench,True,train,tool,natural_slot,69,25,59,68,False
qwen2.5-7b,fitting,c156d6f02f9b,sorry-bench,True,train,assistant,natural_slot,53,25,47,52,False
qwen2.5-7b,fitting,5c477869c231,advbench,True,test,system,fixed_slot,32,15,17,31,False
qwen2.5-7b,fitting,5c477869c231,advbench,True,test,user,fixed_slot,43,15,37,42,True
qwen2.5-7b,fitting,5c477869c231,advbench,True,test,tool,fixed_slot,52,15,41,51,True
qwen2.5-7b,fitting,5c477869c231,advbench,True,test,assistant,fixed_slot,43,15,37,42,True
qwen2.5-7b,fitting,5c477869c231,advbench,True,test,system,natural_slot,32,15,17,31,False
qwen2.5-7b,fitting,5c477869c231,advbench,True,test,user,natural_slot,34,15,28,33,False
qwen2.5-7b,fitting,5c477869c231,advbench,True,test,tool,natural_slot,60,15,49,59,False
qwen2.5-7b,fitting,5c477869c231,advbench,True,test,assistant,natural_slot,43,15,37,42,False
qwen2.5-7b,fitting,4180816e5fca,jbb,True,train,system,fixed_slot,30,13,15,29,False
qwen2.5-7b,fitting,4180816e5fca,jbb,True,train,user,fixed_slot,41,13,35,40,True
qwen2.5-7b,fitting,4180816e5fca,jbb,True,train,tool,fixed_slot,50,13,39,49,True
qwen2.5-7b,fitting,4180816e5fca,jbb,True,train,assistant,fixed_slot,41,13,35,40,True
qwen2.5-7b,fitting,4180816e5fca,jbb,True,train,system,natural_slot,30,13,15,29,False
qwen2.5-7b,fitting,4180816e5fca,jbb,True,train,user,natural_slot,32,13,26,31,False
qwen2.5-7b,fitting,4180816e5fca,jbb,True,train,tool,natural_slot,58,13,47,57,False
qwen2.5-7b,fitting,4180816e5fca,jbb,True,train,assistant,natural_slot,41,13,35,40,False
qwen2.5-7b,fitting,4a4405cad1be,sorry-bench,True,train,system,fixed_slot,30,13,15,29,False
qwen2.5-7b,fitting,4a4405cad1be,sorry-bench,True,train,user,fixed_slot,41,13,35,40,True
qwen2.5-7b,fitting,4a4405cad1be,sorry-bench,True,train,tool,fixed_slot,49,13,39,48,True
qwen2.5-7b,fitting,4a4405cad1be,sorry-bench,True,train,assistant,fixed_slot,41,13,35,40,True
qwen2.5-7b,fitting,4a4405cad1be,sorry-bench,True,train,system,natural_slot,30,13,15,29,False
qwen2.5-7b,fitting,4a4405cad1be,sorry-bench,True,train,user,natural_slot,32,13,26,31,False
qwen2.5-7b,fitting,4a4405cad1be,sorry-bench,True,train,tool,natural_slot,57,13,47,56,False
qwen2.5-7b,fitting,4a4405cad1be,sorry-bench,True,train,assistant,natural_slot,41,13,35,40,False
qwen2.5-7b,fitting,9b3389bf8a1d,advbench,True,train,system,fixed_slot,30,13,15,29,False
qwen2.5-7b,fitting,9b3389bf8a1d,advbench,True,train,user,fixed_slot,41,13,35,40,True
qwen2.5-7b,fitting,9b3389bf8a1d,advbench,True,train,tool,fixed_slot,50,13,39,49,True
qwen2.5-7b,fitting,9b3389bf8a1d,advbench,True,train,assistant,fixed_slot,41,13,35,40,True
qwen2.5-7b,fitting,9b3389bf8a1d,advbench,True,train,system,natural_slot,30,13,15,29,False
qwen2.5-7b,fitting,9b3389bf8a1d,advbench,True,train,user,natural_slot,32,13,26,31,False
qwen2.5-7b,fitting,9b3389bf8a1d,advbench,True,train,tool,natural_slot,58,13,47,57,False
qwen2.5-7b,fitting,9b3389bf8a1d,advbench,True,train,assistant,natural_slot,41,13,35,40,False
qwen2.5-7b,fitting,f4acb2a4f2f7,jbb,True,test,system,fixed_slot,38,21,23,37,False
qwen2.5-7b,fitting,f4acb2a4f2f7,jbb,True,test,user,fixed_slot,49,21,43,48,True
qwen2.5-7b,fitting,f4acb2a4f2f7,jbb,True,test,tool,fixed_slot,58,21,47,57,True
qwen2.5-7b,fitting,f4acb2a4f2f7,jbb,True,test,assistant,fixed_slot,49,21,43,48,True
qwen2.5-7b,fitting,f4acb2a4f2f7,jbb,True,test,system,natural_slot,38,21,23,37,False
qwen2.5-7b,fitting,f4acb2a4f2f7,jbb,True,test,user,natural_slot,40,21,34,39,False
qwen2.5-7b,fitting,f4acb2a4f2f7,jbb,True,test,tool,natural_slot,66,21,55,65,False
qwen2.5-7b,fitting,f4acb2a4f2f7,jbb,True,test,assistant,natural_slot,49,21,43,48,False
qwen2.5-7b,fitting,32156b481c5e,sorry-bench,True,train,system,fixed_slot,39,22,24,38,False
qwen2.5-7b,fitting,32156b481c5e,sorry-bench,True,train,user,fixed_slot,50,22,44,49,True
qwen2.5-7b,fitting,32156b481c5e,sorry-bench,True,train,tool,fixed_slot,58,22,48,57,True
qwen2.5-7b,fitting,32156b481c5e,sorry-bench,True,train,assistant,fixed_slot,50,22,44,49,True
qwen2.5-7b,fitting,32156b481c5e,sorry-bench,True,train,system,natural_slot,39,22,24,38,False
qwen2.5-7b,fitting,32156b481c5e,sorry-bench,True,train,user,natural_slot,41,22,35,40,False
qwen2.5-7b,fitting,32156b481c5e,sorry-bench,True,train,tool,natural_slot,66,22,56,65,False
qwen2.5-7b,fitting,32156b481c5e,sorry-bench,True,train,assistant,natural_slot,50,22,44,49,False
qwen2.5-7b,fitting,8fe15155524b,advbench,True,train,system,fixed_slot,37,20,22,36,False
qwen2.5-7b,fitting,8fe15155524b,advbench,True,train,user,fixed_slot,48,20,42,47,True
qwen2.5-7b,fitting,8fe15155524b,advbench,True,train,tool,fixed_slot,57,20,46,56,True
qwen2.5-7b,fitting,8fe15155524b,advbench,True,train,assistant,fixed_slot,48,20,42,47,True
qwen2.5-7b,fitting,8fe15155524b,advbench,True,train,system,natural_slot,37,20,22,36,False
qwen2.5-7b,fitting,8fe15155524b,advbench,True,train,user,natural_slot,39,20,33,38,False
qwen2.5-7b,fitting,8fe15155524b,advbench,True,train,tool,natural_slot,65,20,54,64,False
qwen2.5-7b,fitting,8fe15155524b,advbench,True,train,assistant,natural_slot,48,20,42,47,False
qwen2.5-7b,fitting,91b6abd92162,jbb,True,test,system,fixed_slot,40,23,25,39,False
qwen2.5-7b,fitting,91b6abd92162,jbb,True,test,user,fixed_slot,51,23,45,50,True
qwen2.5-7b,fitting,91b6abd92162,jbb,True,test,tool,fixed_slot,60,23,49,59,True
qwen2.5-7b,fitting,91b6abd92162,jbb,True,test,assistant,fixed_slot,51,23,45,50,True
qwen2.5-7b,fitting,91b6abd92162,jbb,True,test,system,natural_slot,40,23,25,39,False
qwen2.5-7b,fitting,91b6abd92162,jbb,True,test,user,natural_slot,42,23,36,41,False
qwen2.5-7b,fitting,91b6abd92162,jbb,True,test,tool,natural_slot,68,23,57,67,False
qwen2.5-7b,fitting,91b6abd92162,jbb,True,test,assistant,natural_slot,51,23,45,50,False
qwen2.5-7b,fitting,ccb197719a54,sorry-bench,True,train,system,fixed_slot,36,19,21,35,False
qwen2.5-7b,fitting,ccb197719a54,sorry-bench,True,train,user,fixed_slot,47,19,41,46,True
qwen2.5-7b,fitting,ccb197719a54,sorry-bench,True,train,tool,fixed_slot,55,19,45,54,True
qwen2.5-7b,fitting,ccb197719a54,sorry-bench,True,train,assistant,fixed_slot,47,19,41,46,True
qwen2.5-7b,fitting,ccb197719a54,sorry-bench,True,train,system,natural_slot,36,19,21,35,False
qwen2.5-7b,fitting,ccb197719a54,sorry-bench,True,train,user,natural_slot,38,19,32,37,False
qwen2.5-7b,fitting,ccb197719a54,sorry-bench,True,train,tool,natural_slot,63,19,53,62,False
qwen2.5-7b,fitting,ccb197719a54,sorry-bench,True,train,assistant,natural_slot,47,19,41,46,False
qwen2.5-7b,fitting,0b808694a8a7,advbench,True,test,system,fixed_slot,31,14,16,30,False
qwen2.5-7b,fitting,0b808694a8a7,advbench,True,test,user,fixed_slot,42,14,36,41,True
qwen2.5-7b,fitting,0b808694a8a7,advbench,True,test,tool,fixed_slot,51,14,40,50,True
qwen2.5-7b,fitting,0b808694a8a7,advbench,True,test,assistant,fixed_slot,42,14,36,41,True
qwen2.5-7b,fitting,0b808694a8a7,advbench,True,test,system,natural_slot,31,14,16,30,False
qwen2.5-7b,fitting,0b808694a8a7,advbench,True,test,user,natural_slot,33,14,27,32,False
qwen2.5-7b,fitting,0b808694a8a7,advbench,True,test,tool,natural_slot,59,14,48,58,False
qwen2.5-7b,fitting,0b808694a8a7,advbench,True,test,assistant,natural_slot,42,14,36,41,False
qwen2.5-7b,fitting,61282fa27d77,jbb,True,train,system,fixed_slot,28,11,13,27,False
qwen2.5-7b,fitting,61282fa27d77,jbb,True,train,user,fixed_slot,39,11,33,38,True
qwen2.5-7b,fitting,61282fa27d77,jbb,True,train,tool,fixed_slot,48,11,37,47,True
qwen2.5-7b,fitting,61282fa27d77,jbb,True,train,assistant,fixed_slot,39,11,33,38,True
qwen2.5-7b,fitting,61282fa27d77,jbb,True,train,system,natural_slot,28,11,13,27,False
qwen2.5-7b,fitting,61282fa27d77,jbb,True,train,user,natural_slot,30,11,24,29,False
qwen2.5-7b,fitting,61282fa27d77,jbb,True,train,tool,natural_slot,56,11,45,55,False
qwen2.5-7b,fitting,61282fa27d77,jbb,True,train,assistant,natural_slot,39,11,33,38,False
qwen2.5-7b,fitting,f5d15b9659fa,sorry-bench,True,test,system,fixed_slot,34,17,19,33,False
qwen2.5-7b,fitting,f5d15b9659fa,sorry-bench,True,test,user,fixed_slot,45,17,39,44,True
qwen2.5-7b,fitting,f5d15b9659fa,sorry-bench,True,test,tool,fixed_slot,53,17,43,52,True
qwen2.5-7b,fitting,f5d15b9659fa,sorry-bench,True,test,assistant,fixed_slot,45,17,39,44,True
qwen2.5-7b,fitting,f5d15b9659fa,sorry-bench,True,test,system,natural_slot,34,17,19,33,False
qwen2.5-7b,fitting,f5d15b9659fa,sorry-bench,True,test,user,natural_slot,36,17,30,35,False
qwen2.5-7b,fitting,f5d15b9659fa,sorry-bench,True,test,tool,natural_slot,61,17,51,60,False
qwen2.5-7b,fitting,f5d15b9659fa,sorry-bench,True,test,assistant,natural_slot,45,17,39,44,False
qwen2.5-7b,fitting,307da1e906a4,advbench,True,train,system,fixed_slot,31,14,16,30,False
qwen2.5-7b,fitting,307da1e906a4,advbench,True,train,user,fixed_slot,42,14,36,41,True
qwen2.5-7b,fitting,307da1e906a4,advbench,True,train,tool,fixed_slot,51,14,40,50,True
qwen2.5-7b,fitting,307da1e906a4,advbench,True,train,assistant,fixed_slot,42,14,36,41,True
qwen2.5-7b,fitting,307da1e906a4,advbench,True,train,system,natural_slot,31,14,16,30,False
qwen2.5-7b,fitting,307da1e906a4,advbench,True,train,user,natural_slot,33,14,27,32,False
qwen2.5-7b,fitting,307da1e906a4,advbench,True,train,tool,natural_slot,59,14,48,58,False
qwen2.5-7b,fitting,307da1e906a4,advbench,True,train,assistant,natural_slot,42,14,36,41,False
qwen2.5-7b,fitting,25afb195ed54,jbb,True,train,system,fixed_slot,42,25,27,41,False
qwen2.5-7b,fitting,25afb195ed54,jbb,True,train,user,fixed_slot,53,25,47,52,True
qwen2.5-7b,fitting,25afb195ed54,jbb,True,train,tool,fixed_slot,62,25,51,61,True
qwen2.5-7b,fitting,25afb195ed54,jbb,True,train,assistant,fixed_slot,53,25,47,52,True
qwen2.5-7b,fitting,25afb195ed54,jbb,True,train,system,natural_slot,42,25,27,41,False
qwen2.5-7b,fitting,25afb195ed54,jbb,True,train,user,natural_slot,44,25,38,43,False
qwen2.5-7b,fitting,25afb195ed54,jbb,True,train,tool,natural_slot,70,25,59,69,False
qwen2.5-7b,fitting,25afb195ed54,jbb,True,train,assistant,natural_slot,53,25,47,52,False
qwen2.5-7b,fitting,c71bd06f4cc2,sorry-bench,True,train,system,fixed_slot,64,47,49,63,False
qwen2.5-7b,fitting,c71bd06f4cc2,sorry-bench,True,train,user,fixed_slot,75,47,69,74,True
qwen2.5-7b,fitting,c71bd06f4cc2,sorry-bench,True,train,tool,fixed_slot,83,47,73,82,True
qwen2.5-7b,fitting,c71bd06f4cc2,sorry-bench,True,train,assistant,fixed_slot,75,47,69,74,True
qwen2.5-7b,fitting,c71bd06f4cc2,sorry-bench,True,train,system,natural_slot,64,47,49,63,False
qwen2.5-7b,fitting,c71bd06f4cc2,sorry-bench,True,train,user,natural_slot,66,47,60,65,False
qwen2.5-7b,fitting,c71bd06f4cc2,sorry-bench,True,train,tool,natural_slot,91,47,81,90,False
qwen2.5-7b,fitting,c71bd06f4cc2,sorry-bench,True,train,assistant,natural_slot,75,47,69,74,False
qwen2.5-7b,fitting,451bfc154d01,advbench,True,train,system,fixed_slot,29,12,14,28,False
qwen2.5-7b,fitting,451bfc154d01,advbench,True,train,user,fixed_slot,40,12,34,39,True
qwen2.5-7b,fitting,451bfc154d01,advbench,True,train,tool,fixed_slot,49,12,38,48,True
qwen2.5-7b,fitting,451bfc154d01,advbench,True,train,assistant,fixed_slot,40,12,34,39,True
qwen2.5-7b,fitting,451bfc154d01,advbench,True,train,system,natural_slot,29,12,14,28,False
qwen2.5-7b,fitting,451bfc154d01,advbench,True,train,user,natural_slot,31,12,25,30,False
qwen2.5-7b,fitting,451bfc154d01,advbench,True,train,tool,natural_slot,57,12,46,56,False
qwen2.5-7b,fitting,451bfc154d01,advbench,True,train,assistant,natural_slot,40,12,34,39,False
qwen2.5-7b,fitting,fdc9c54475da,jbb,True,train,system,fixed_slot,23,6,8,22,False
qwen2.5-7b,fitting,fdc9c54475da,jbb,True,train,user,fixed_slot,34,6,28,33,True
qwen2.5-7b,fitting,fdc9c54475da,jbb,True,train,tool,fixed_slot,43,6,32,42,True
qwen2.5-7b,fitting,fdc9c54475da,jbb,True,train,assistant,fixed_slot,34,6,28,33,True
qwen2.5-7b,fitting,fdc9c54475da,jbb,True,train,system,natural_slot,23,6,8,22,False
qwen2.5-7b,fitting,fdc9c54475da,jbb,True,train,user,natural_slot,25,6,19,24,False
qwen2.5-7b,fitting,fdc9c54475da,jbb,True,train,tool,natural_slot,51,6,40,50,False
qwen2.5-7b,fitting,fdc9c54475da,jbb,True,train,assistant,natural_slot,34,6,28,33,False
qwen2.5-7b,fitting,98a9752142a7,sorry-bench,True,test,system,fixed_slot,67,50,52,66,False
qwen2.5-7b,fitting,98a9752142a7,sorry-bench,True,test,user,fixed_slot,78,50,72,77,True
qwen2.5-7b,fitting,98a9752142a7,sorry-bench,True,test,tool,fixed_slot,86,50,76,85,True
qwen2.5-7b,fitting,98a9752142a7,sorry-bench,True,test,assistant,fixed_slot,78,50,72,77,True
qwen2.5-7b,fitting,98a9752142a7,sorry-bench,True,test,system,natural_slot,67,50,52,66,False
qwen2.5-7b,fitting,98a9752142a7,sorry-bench,True,test,user,natural_slot,69,50,63,68,False
qwen2.5-7b,fitting,98a9752142a7,sorry-bench,True,test,tool,natural_slot,94,50,84,93,False
qwen2.5-7b,fitting,98a9752142a7,sorry-bench,True,test,assistant,natural_slot,78,50,72,77,False
qwen2.5-7b,fitting,d5004847e55a,advbench,True,train,system,fixed_slot,25,8,10,24,False
qwen2.5-7b,fitting,d5004847e55a,advbench,True,train,user,fixed_slot,36,8,30,35,True
qwen2.5-7b,fitting,d5004847e55a,advbench,True,train,tool,fixed_slot,45,8,34,44,True
qwen2.5-7b,fitting,d5004847e55a,advbench,True,train,assistant,fixed_slot,36,8,30,35,True
qwen2.5-7b,fitting,d5004847e55a,advbench,True,train,system,natural_slot,25,8,10,24,False
qwen2.5-7b,fitting,d5004847e55a,advbench,True,train,user,natural_slot,27,8,21,26,False
qwen2.5-7b,fitting,d5004847e55a,advbench,True,train,tool,natural_slot,53,8,42,52,False
qwen2.5-7b,fitting,d5004847e55a,advbench,True,train,assistant,natural_slot,36,8,30,35,False
qwen2.5-7b,fitting,03b3884a94cc,jbb,True,test,system,fixed_slot,28,11,13,27,False
qwen2.5-7b,fitting,03b3884a94cc,jbb,True,test,user,fixed_slot,39,11,33,38,True
qwen2.5-7b,fitting,03b3884a94cc,jbb,True,test,tool,fixed_slot,48,11,37,47,True
qwen2.5-7b,fitting,03b3884a94cc,jbb,True,test,assistant,fixed_slot,39,11,33,38,True
qwen2.5-7b,fitting,03b3884a94cc,jbb,True,test,system,natural_slot,28,11,13,27,False
qwen2.5-7b,fitting,03b3884a94cc,jbb,True,test,user,natural_slot,30,11,24,29,False
qwen2.5-7b,fitting,03b3884a94cc,jbb,True,test,tool,natural_slot,56,11,45,55,False
qwen2.5-7b,fitting,03b3884a94cc,jbb,True,test,assistant,natural_slot,39,11,33,38,False
qwen2.5-7b,fitting,e065989d0498,sorry-bench,True,train,system,fixed_slot,34,17,19,33,False
qwen2.5-7b,fitting,e065989d0498,sorry-bench,True,train,user,fixed_slot,45,17,39,44,True
qwen2.5-7b,fitting,e065989d0498,sorry-bench,True,train,tool,fixed_slot,53,17,43,52,True
qwen2.5-7b,fitting,e065989d0498,sorry-bench,True,train,assistant,fixed_slot,45,17,39,44,True
qwen2.5-7b,fitting,e065989d0498,sorry-bench,True,train,system,natural_slot,34,17,19,33,False
qwen2.5-7b,fitting,e065989d0498,sorry-bench,True,train,user,natural_slot,36,17,30,35,False
qwen2.5-7b,fitting,e065989d0498,sorry-bench,True,train,tool,natural_slot,61,17,51,60,False
qwen2.5-7b,fitting,e065989d0498,sorry-bench,True,train,assistant,natural_slot,45,17,39,44,False
qwen2.5-7b,fitting,74d9290edaa3,advbench,True,test,system,fixed_slot,35,18,20,34,False
qwen2.5-7b,fitting,74d9290edaa3,advbench,True,test,user,fixed_slot,46,18,40,45,True
qwen2.5-7b,fitting,74d9290edaa3,advbench,True,test,tool,fixed_slot,55,18,44,54,True
qwen2.5-7b,fitting,74d9290edaa3,advbench,True,test,assistant,fixed_slot,46,18,40,45,True
qwen2.5-7b,fitting,74d9290edaa3,advbench,True,test,system,natural_slot,35,18,20,34,False
qwen2.5-7b,fitting,74d9290edaa3,advbench,True,test,user,natural_slot,37,18,31,36,False
qwen2.5-7b,fitting,74d9290edaa3,advbench,True,test,tool,natural_slot,63,18,52,62,False
qwen2.5-7b,fitting,74d9290edaa3,advbench,True,test,assistant,natural_slot,46,18,40,45,False
qwen2.5-7b,fitting,c1864ca64cf4,jbb,True,test,system,fixed_slot,36,19,21,35,False
qwen2.5-7b,fitting,c1864ca64cf4,jbb,True,test,user,fixed_slot,47,19,41,46,True
qwen2.5-7b,fitting,c1864ca64cf4,jbb,True,test,tool,fixed_slot,56,19,45,55,True
qwen2.5-7b,fitting,c1864ca64cf4,jbb,True,test,assistant,fixed_slot,47,19,41,46,True
qwen2.5-7b,fitting,c1864ca64cf4,jbb,True,test,system,natural_slot,36,19,21,35,False
qwen2.5-7b,fitting,c1864ca64cf4,jbb,True,test,user,natural_slot,38,19,32,37,False
qwen2.5-7b,fitting,c1864ca64cf4,jbb,True,test,tool,natural_slot,64,19,53,63,False
qwen2.5-7b,fitting,c1864ca64cf4,jbb,True,test,assistant,natural_slot,47,19,41,46,False
qwen2.5-7b,fitting,fdb336a5c283,alpaca,False,train,system,fixed_slot,26,9,11,25,False
qwen2.5-7b,fitting,fdb336a5c283,alpaca,False,train,user,fixed_slot,37,9,31,36,True
qwen2.5-7b,fitting,fdb336a5c283,alpaca,False,train,tool,fixed_slot,46,9,35,45,True
qwen2.5-7b,fitting,fdb336a5c283,alpaca,False,train,assistant,fixed_slot,37,9,31,36,True
qwen2.5-7b,fitting,fdb336a5c283,alpaca,False,train,system,natural_slot,26,9,11,25,False
qwen2.5-7b,fitting,fdb336a5c283,alpaca,False,train,user,natural_slot,28,9,22,27,False
qwen2.5-7b,fitting,fdb336a5c283,alpaca,False,train,tool,natural_slot,54,9,43,53,False
qwen2.5-7b,fitting,fdb336a5c283,alpaca,False,train,assistant,natural_slot,37,9,31,36,False
qwen2.5-7b,fitting,56ad48744625,xstest_safe,False,train,system,fixed_slot,32,15,17,31,False
qwen2.5-7b,fitting,56ad48744625,xstest_safe,False,train,user,fixed_slot,43,15,37,42,True
qwen2.5-7b,fitting,56ad48744625,xstest_safe,False,train,tool,fixed_slot,51,15,41,50,True
qwen2.5-7b,fitting,56ad48744625,xstest_safe,False,train,assistant,fixed_slot,43,15,37,42,True
qwen2.5-7b,fitting,56ad48744625,xstest_safe,False,train,system,natural_slot,32,15,17,31,False
qwen2.5-7b,fitting,56ad48744625,xstest_safe,False,train,user,natural_slot,34,15,28,33,False
qwen2.5-7b,fitting,56ad48744625,xstest_safe,False,train,tool,natural_slot,59,15,49,58,False
qwen2.5-7b,fitting,56ad48744625,xstest_safe,False,train,assistant,natural_slot,43,15,37,42,False
qwen2.5-7b,fitting,a050b44f11d9,alpaca,False,train,system,fixed_slot,24,7,9,23,False
qwen2.5-7b,fitting,a050b44f11d9,alpaca,False,train,user,fixed_slot,35,7,29,34,True
qwen2.5-7b,fitting,a050b44f11d9,alpaca,False,train,tool,fixed_slot,44,7,33,43,True
qwen2.5-7b,fitting,a050b44f11d9,alpaca,False,train,assistant,fixed_slot,35,7,29,34,True
qwen2.5-7b,fitting,a050b44f11d9,alpaca,False,train,system,natural_slot,24,7,9,23,False
qwen2.5-7b,fitting,a050b44f11d9,alpaca,False,train,user,natural_slot,26,7,20,25,False
qwen2.5-7b,fitting,a050b44f11d9,alpaca,False,train,tool,natural_slot,52,7,41,51,False
qwen2.5-7b,fitting,a050b44f11d9,alpaca,False,train,assistant,natural_slot,35,7,29,34,False
qwen2.5-7b,fitting,61ea3427ea0f,xstest_safe,False,train,system,fixed_slot,27,10,12,26,False
qwen2.5-7b,fitting,61ea3427ea0f,xstest_safe,False,train,user,fixed_slot,38,10,32,37,True
qwen2.5-7b,fitting,61ea3427ea0f,xstest_safe,False,train,tool,fixed_slot,46,10,36,45,True
qwen2.5-7b,fitting,61ea3427ea0f,xstest_safe,False,train,assistant,fixed_slot,38,10,32,37,True
qwen2.5-7b,fitting,61ea3427ea0f,xstest_safe,False,train,system,natural_slot,27,10,12,26,False
qwen2.5-7b,fitting,61ea3427ea0f,xstest_safe,False,train,user,natural_slot,29,10,23,28,False
qwen2.5-7b,fitting,61ea3427ea0f,xstest_safe,False,train,tool,natural_slot,54,10,44,53,False
qwen2.5-7b,fitting,61ea3427ea0f,xstest_safe,False,train,assistant,natural_slot,38,10,32,37,False
qwen2.5-7b,fitting,fe4f6850ef74,alpaca,False,train,system,fixed_slot,26,9,11,25,False
qwen2.5-7b,fitting,fe4f6850ef74,alpaca,False,train,user,fixed_slot,37,9,31,36,True
qwen2.5-7b,fitting,fe4f6850ef74,alpaca,False,train,tool,fixed_slot,46,9,35,45,True
qwen2.5-7b,fitting,fe4f6850ef74,alpaca,False,train,assistant,fixed_slot,37,9,31,36,True
qwen2.5-7b,fitting,fe4f6850ef74,alpaca,False,train,system,natural_slot,26,9,11,25,False
qwen2.5-7b,fitting,fe4f6850ef74,alpaca,False,train,user,natural_slot,28,9,22,27,False
qwen2.5-7b,fitting,fe4f6850ef74,alpaca,False,train,tool,natural_slot,54,9,43,53,False
qwen2.5-7b,fitting,fe4f6850ef74,alpaca,False,train,assistant,natural_slot,37,9,31,36,False
qwen2.5-7b,fitting,9833e11581a7,xstest_safe,False,train,system,fixed_slot,27,10,12,26,False
qwen2.5-7b,fitting,9833e11581a7,xstest_safe,False,train,user,fixed_slot,38,10,32,37,True
qwen2.5-7b,fitting,9833e11581a7,xstest_safe,False,train,tool,fixed_slot,46,10,36,45,True
qwen2.5-7b,fitting,9833e11581a7,xstest_safe,False,train,assistant,fixed_slot,38,10,32,37,True
qwen2.5-7b,fitting,9833e11581a7,xstest_safe,False,train,system,natural_slot,27,10,12,26,False
qwen2.5-7b,fitting,9833e11581a7,xstest_safe,False,train,user,natural_slot,29,10,23,28,False
qwen2.5-7b,fitting,9833e11581a7,xstest_safe,False,train,tool,natural_slot,54,10,44,53,False
qwen2.5-7b,fitting,9833e11581a7,xstest_safe,False,train,assistant,natural_slot,38,10,32,37,False
qwen2.5-7b,fitting,1dfa132316ea,alpaca,False,train,system,fixed_slot,37,20,22,36,False
qwen2.5-7b,fitting,1dfa132316ea,alpaca,False,train,user,fixed_slot,48,20,42,47,True
qwen2.5-7b,fitting,1dfa132316ea,alpaca,False,train,tool,fixed_slot,56,20,46,55,True
qwen2.5-7b,fitting,1dfa132316ea,alpaca,False,train,assistant,fixed_slot,48,20,42,47,True
qwen2.5-7b,fitting,1dfa132316ea,alpaca,False,train,system,natural_slot,37,20,22,36,False
qwen2.5-7b,fitting,1dfa132316ea,alpaca,False,train,user,natural_slot,39,20,33,38,False
qwen2.5-7b,fitting,1dfa132316ea,alpaca,False,train,tool,natural_slot,64,20,54,63,False
qwen2.5-7b,fitting,1dfa132316ea,alpaca,False,train,assistant,natural_slot,48,20,42,47,False
qwen2.5-7b,fitting,580924d6e26c,xstest_safe,False,train,system,fixed_slot,25,8,10,24,False
qwen2.5-7b,fitting,580924d6e26c,xstest_safe,False,train,user,fixed_slot,36,8,30,35,True
qwen2.5-7b,fitting,580924d6e26c,xstest_safe,False,train,tool,fixed_slot,44,8,34,43,True
qwen2.5-7b,fitting,580924d6e26c,xstest_safe,False,train,assistant,fixed_slot,36,8,30,35,True
qwen2.5-7b,fitting,580924d6e26c,xstest_safe,False,train,system,natural_slot,25,8,10,24,False
qwen2.5-7b,fitting,580924d6e26c,xstest_safe,False,train,user,natural_slot,27,8,21,26,False
qwen2.5-7b,fitting,580924d6e26c,xstest_safe,False,train,tool,natural_slot,52,8,42,51,False
qwen2.5-7b,fitting,580924d6e26c,xstest_safe,False,train,assistant,natural_slot,36,8,30,35,False
qwen2.5-7b,fitting,ebfd8ca30dde,alpaca,False,train,system,fixed_slot,35,18,20,34,False
qwen2.5-7b,fitting,ebfd8ca30dde,alpaca,False,train,user,fixed_slot,46,18,40,45,True
qwen2.5-7b,fitting,ebfd8ca30dde,alpaca,False,train,tool,fixed_slot,54,18,44,53,True
qwen2.5-7b,fitting,ebfd8ca30dde,alpaca,False,train,assistant,fixed_slot,46,18,40,45,True
qwen2.5-7b,fitting,ebfd8ca30dde,alpaca,False,train,system,natural_slot,35,18,20,34,False
qwen2.5-7b,fitting,ebfd8ca30dde,alpaca,False,train,user,natural_slot,37,18,31,36,False
qwen2.5-7b,fitting,ebfd8ca30dde,alpaca,False,train,tool,natural_slot,62,18,52,61,False
qwen2.5-7b,fitting,ebfd8ca30dde,alpaca,False,train,assistant,natural_slot,46,18,40,45,False
qwen2.5-7b,fitting,b2022bb29633,xstest_safe,False,train,system,fixed_slot,30,13,15,29,False
qwen2.5-7b,fitting,b2022bb29633,xstest_safe,False,train,user,fixed_slot,41,13,35,40,True
qwen2.5-7b,fitting,b2022bb29633,xstest_safe,False,train,tool,fixed_slot,49,13,39,48,True
qwen2.5-7b,fitting,b2022bb29633,xstest_safe,False,train,assistant,fixed_slot,41,13,35,40,True
qwen2.5-7b,fitting,b2022bb29633,xstest_safe,False,train,system,natural_slot,30,13,15,29,False
qwen2.5-7b,fitting,b2022bb29633,xstest_safe,False,train,user,natural_slot,32,13,26,31,False
qwen2.5-7b,fitting,b2022bb29633,xstest_safe,False,train,tool,natural_slot,57,13,47,56,False
qwen2.5-7b,fitting,b2022bb29633,xstest_safe,False,train,assistant,natural_slot,41,13,35,40,False
qwen2.5-7b,fitting,453d8db18509,alpaca,False,train,system,fixed_slot,36,19,21,35,False
qwen2.5-7b,fitting,453d8db18509,alpaca,False,train,user,fixed_slot,47,19,41,46,True
qwen2.5-7b,fitting,453d8db18509,alpaca,False,train,tool,fixed_slot,55,19,45,54,True
qwen2.5-7b,fitting,453d8db18509,alpaca,False,train,assistant,fixed_slot,47,19,41,46,True
qwen2.5-7b,fitting,453d8db18509,alpaca,False,train,system,natural_slot,36,19,21,35,False
qwen2.5-7b,fitting,453d8db18509,alpaca,False,train,user,natural_slot,38,19,32,37,False
qwen2.5-7b,fitting,453d8db18509,alpaca,False,train,tool,natural_slot,63,19,53,62,False
qwen2.5-7b,fitting,453d8db18509,alpaca,False,train,assistant,natural_slot,47,19,41,46,False
qwen2.5-7b,fitting,bcae9046f25e,xstest_safe,False,train,system,fixed_slot,28,11,13,27,False
qwen2.5-7b,fitting,bcae9046f25e,xstest_safe,False,train,user,fixed_slot,39,11,33,38,True
qwen2.5-7b,fitting,bcae9046f25e,xstest_safe,False,train,tool,fixed_slot,47,11,37,46,True
qwen2.5-7b,fitting,bcae9046f25e,xstest_safe,False,train,assistant,fixed_slot,39,11,33,38,True
qwen2.5-7b,fitting,bcae9046f25e,xstest_safe,False,train,system,natural_slot,28,11,13,27,False
qwen2.5-7b,fitting,bcae9046f25e,xstest_safe,False,train,user,natural_slot,30,11,24,29,False
qwen2.5-7b,fitting,bcae9046f25e,xstest_safe,False,train,tool,natural_slot,55,11,45,54,False
qwen2.5-7b,fitting,bcae9046f25e,xstest_safe,False,train,assistant,natural_slot,39,11,33,38,False
qwen2.5-7b,fitting,d810afdc5a8c,alpaca,False,train,system,fixed_slot,30,13,15,29,False
qwen2.5-7b,fitting,d810afdc5a8c,alpaca,False,train,user,fixed_slot,41,13,35,40,True
qwen2.5-7b,fitting,d810afdc5a8c,alpaca,False,train,tool,fixed_slot,49,13,39,48,True
qwen2.5-7b,fitting,d810afdc5a8c,alpaca,False,train,assistant,fixed_slot,41,13,35,40,True
qwen2.5-7b,fitting,d810afdc5a8c,alpaca,False,train,system,natural_slot,30,13,15,29,False
qwen2.5-7b,fitting,d810afdc5a8c,alpaca,False,train,user,natural_slot,32,13,26,31,False
qwen2.5-7b,fitting,d810afdc5a8c,alpaca,False,train,tool,natural_slot,57,13,47,56,False
qwen2.5-7b,fitting,d810afdc5a8c,alpaca,False,train,assistant,natural_slot,41,13,35,40,False
qwen2.5-7b,fitting,0b155758a6a4,xstest_safe,False,train,system,fixed_slot,29,12,14,28,False
qwen2.5-7b,fitting,0b155758a6a4,xstest_safe,False,train,user,fixed_slot,40,12,34,39,True
qwen2.5-7b,fitting,0b155758a6a4,xstest_safe,False,train,tool,fixed_slot,48,12,38,47,True
qwen2.5-7b,fitting,0b155758a6a4,xstest_safe,False,train,assistant,fixed_slot,40,12,34,39,True
qwen2.5-7b,fitting,0b155758a6a4,xstest_safe,False,train,system,natural_slot,29,12,14,28,False
qwen2.5-7b,fitting,0b155758a6a4,xstest_safe,False,train,user,natural_slot,31,12,25,30,False
qwen2.5-7b,fitting,0b155758a6a4,xstest_safe,False,train,tool,natural_slot,56,12,46,55,False
qwen2.5-7b,fitting,0b155758a6a4,xstest_safe,False,train,assistant,natural_slot,40,12,34,39,False
qwen2.5-7b,fitting,46a4f044baca,alpaca,False,train,system,fixed_slot,40,23,25,39,False
qwen2.5-7b,fitting,46a4f044baca,alpaca,False,train,user,fixed_slot,51,23,45,50,True
qwen2.5-7b,fitting,46a4f044baca,alpaca,False,train,tool,fixed_slot,59,23,49,58,True
qwen2.5-7b,fitting,46a4f044baca,alpaca,False,train,assistant,fixed_slot,51,23,45,50,True
qwen2.5-7b,fitting,46a4f044baca,alpaca,False,train,system,natural_slot,40,23,25,39,False
qwen2.5-7b,fitting,46a4f044baca,alpaca,False,train,user,natural_slot,42,23,36,41,False
qwen2.5-7b,fitting,46a4f044baca,alpaca,False,train,tool,natural_slot,67,23,57,66,False
qwen2.5-7b,fitting,46a4f044baca,alpaca,False,train,assistant,natural_slot,51,23,45,50,False
qwen2.5-7b,fitting,0494e0c63435,xstest_safe,False,test,system,fixed_slot,26,9,11,25,False
qwen2.5-7b,fitting,0494e0c63435,xstest_safe,False,test,user,fixed_slot,37,9,31,36,True
qwen2.5-7b,fitting,0494e0c63435,xstest_safe,False,test,tool,fixed_slot,45,9,35,44,True
qwen2.5-7b,fitting,0494e0c63435,xstest_safe,False,test,assistant,fixed_slot,37,9,31,36,True
qwen2.5-7b,fitting,0494e0c63435,xstest_safe,False,test,system,natural_slot,26,9,11,25,False
qwen2.5-7b,fitting,0494e0c63435,xstest_safe,False,test,user,natural_slot,28,9,22,27,False
qwen2.5-7b,fitting,0494e0c63435,xstest_safe,False,test,tool,natural_slot,53,9,43,52,False
qwen2.5-7b,fitting,0494e0c63435,xstest_safe,False,test,assistant,natural_slot,37,9,31,36,False
qwen2.5-7b,fitting,e15f5071d7a2,alpaca,False,test,system,fixed_slot,29,12,14,28,False
qwen2.5-7b,fitting,e15f5071d7a2,alpaca,False,test,user,fixed_slot,40,12,34,39,True
qwen2.5-7b,fitting,e15f5071d7a2,alpaca,False,test,tool,fixed_slot,48,12,38,47,True
qwen2.5-7b,fitting,e15f5071d7a2,alpaca,False,test,assistant,fixed_slot,40,12,34,39,True
qwen2.5-7b,fitting,e15f5071d7a2,alpaca,False,test,system,natural_slot,29,12,14,28,False
qwen2.5-7b,fitting,e15f5071d7a2,alpaca,False,test,user,natural_slot,31,12,25,30,False
qwen2.5-7b,fitting,e15f5071d7a2,alpaca,False,test,tool,natural_slot,56,12,46,55,False
qwen2.5-7b,fitting,e15f5071d7a2,alpaca,False,test,assistant,natural_slot,40,12,34,39,False
qwen2.5-7b,fitting,01ea610ce668,xstest_safe,False,train,system,fixed_slot,23,6,8,22,False
qwen2.5-7b,fitting,01ea610ce668,xstest_safe,False,train,user,fixed_slot,34,6,28,33,True
qwen2.5-7b,fitting,01ea610ce668,xstest_safe,False,train,tool,fixed_slot,42,6,32,41,True
qwen2.5-7b,fitting,01ea610ce668,xstest_safe,False,train,assistant,fixed_slot,34,6,28,33,True
qwen2.5-7b,fitting,01ea610ce668,xstest_safe,False,train,system,natural_slot,23,6,8,22,False
qwen2.5-7b,fitting,01ea610ce668,xstest_safe,False,train,user,natural_slot,25,6,19,24,False
qwen2.5-7b,fitting,01ea610ce668,xstest_safe,False,train,tool,natural_slot,50,6,40,49,False
qwen2.5-7b,fitting,01ea610ce668,xstest_safe,False,train,assistant,natural_slot,34,6,28,33,False
qwen2.5-7b,fitting,9f38c2f5a42e,alpaca,False,test,system,fixed_slot,30,13,15,29,False
qwen2.5-7b,fitting,9f38c2f5a42e,alpaca,False,test,user,fixed_slot,41,13,35,40,True
qwen2.5-7b,fitting,9f38c2f5a42e,alpaca,False,test,tool,fixed_slot,49,13,39,48,True
qwen2.5-7b,fitting,9f38c2f5a42e,alpaca,False,test,assistant,fixed_slot,41,13,35,40,True
qwen2.5-7b,fitting,9f38c2f5a42e,alpaca,False,test,system,natural_slot,30,13,15,29,False
qwen2.5-7b,fitting,9f38c2f5a42e,alpaca,False,test,user,natural_slot,32,13,26,31,False
qwen2.5-7b,fitting,9f38c2f5a42e,alpaca,False,test,tool,natural_slot,57,13,47,56,False
qwen2.5-7b,fitting,9f38c2f5a42e,alpaca,False,test,assistant,natural_slot,41,13,35,40,False
qwen2.5-7b,fitting,148ce50a7b74,xstest_safe,False,train,system,fixed_slot,26,9,11,25,False
qwen2.5-7b,fitting,148ce50a7b74,xstest_safe,False,train,user,fixed_slot,37,9,31,36,True
qwen2.5-7b,fitting,148ce50a7b74,xstest_safe,False,train,tool,fixed_slot,45,9,35,44,True
qwen2.5-7b,fitting,148ce50a7b74,xstest_safe,False,train,assistant,fixed_slot,37,9,31,36,True
qwen2.5-7b,fitting,148ce50a7b74,xstest_safe,False,train,system,natural_slot,26,9,11,25,False
qwen2.5-7b,fitting,148ce50a7b74,xstest_safe,False,train,user,natural_slot,28,9,22,27,False
qwen2.5-7b,fitting,148ce50a7b74,xstest_safe,False,train,tool,natural_slot,53,9,43,52,False
qwen2.5-7b,fitting,148ce50a7b74,xstest_safe,False,train,assistant,natural_slot,37,9,31,36,False
qwen2.5-7b,fitting,04921ea727be,alpaca,False,train,system,fixed_slot,28,11,13,27,False
qwen2.5-7b,fitting,04921ea727be,alpaca,False,train,user,fixed_slot,39,11,33,38,True
qwen2.5-7b,fitting,04921ea727be,alpaca,False,train,tool,fixed_slot,47,11,37,46,True
qwen2.5-7b,fitting,04921ea727be,alpaca,False,train,assistant,fixed_slot,39,11,33,38,True
qwen2.5-7b,fitting,04921ea727be,alpaca,False,train,system,natural_slot,28,11,13,27,False
qwen2.5-7b,fitting,04921ea727be,alpaca,False,train,user,natural_slot,30,11,24,29,False
qwen2.5-7b,fitting,04921ea727be,alpaca,False,train,tool,natural_slot,55,11,45,54,False
qwen2.5-7b,fitting,04921ea727be,alpaca,False,train,assistant,natural_slot,39,11,33,38,False
qwen2.5-7b,fitting,ea3890f41abb,xstest_safe,False,test,system,fixed_slot,30,13,15,29,False
qwen2.5-7b,fitting,ea3890f41abb,xstest_safe,False,test,user,fixed_slot,41,13,35,40,True
qwen2.5-7b,fitting,ea3890f41abb,xstest_safe,False,test,tool,fixed_slot,49,13,39,48,True
qwen2.5-7b,fitting,ea3890f41abb,xstest_safe,False,test,assistant,fixed_slot,41,13,35,40,True
qwen2.5-7b,fitting,ea3890f41abb,xstest_safe,False,test,system,natural_slot,30,13,15,29,False
qwen2.5-7b,fitting,ea3890f41abb,xstest_safe,False,test,user,natural_slot,32,13,26,31,False
qwen2.5-7b,fitting,ea3890f41abb,xstest_safe,False,test,tool,natural_slot,57,13,47,56,False
qwen2.5-7b,fitting,ea3890f41abb,xstest_safe,False,test,assistant,natural_slot,41,13,35,40,False
qwen2.5-7b,fitting,085f177a6f09,alpaca,False,train,system,fixed_slot,25,8,10,24,False
qwen2.5-7b,fitting,085f177a6f09,alpaca,False,train,user,fixed_slot,36,8,30,35,True
qwen2.5-7b,fitting,085f177a6f09,alpaca,False,train,tool,fixed_slot,44,8,34,43,True
qwen2.5-7b,fitting,085f177a6f09,alpaca,False,train,assistant,fixed_slot,36,8,30,35,True
qwen2.5-7b,fitting,085f177a6f09,alpaca,False,train,system,natural_slot,25,8,10,24,False
qwen2.5-7b,fitting,085f177a6f09,alpaca,False,train,user,natural_slot,27,8,21,26,False
qwen2.5-7b,fitting,085f177a6f09,alpaca,False,train,tool,natural_slot,52,8,42,51,False
qwen2.5-7b,fitting,085f177a6f09,alpaca,False,train,assistant,natural_slot,36,8,30,35,False
qwen2.5-7b,fitting,baf79b64e8db,xstest_safe,False,train,system,fixed_slot,26,9,11,25,False
qwen2.5-7b,fitting,baf79b64e8db,xstest_safe,False,train,user,fixed_slot,37,9,31,36,True
qwen2.5-7b,fitting,baf79b64e8db,xstest_safe,False,train,tool,fixed_slot,45,9,35,44,True
qwen2.5-7b,fitting,baf79b64e8db,xstest_safe,False,train,assistant,fixed_slot,37,9,31,36,True
qwen2.5-7b,fitting,baf79b64e8db,xstest_safe,False,train,system,natural_slot,26,9,11,25,False
qwen2.5-7b,fitting,baf79b64e8db,xstest_safe,False,train,user,natural_slot,28,9,22,27,False
qwen2.5-7b,fitting,baf79b64e8db,xstest_safe,False,train,tool,natural_slot,53,9,43,52,False
qwen2.5-7b,fitting,baf79b64e8db,xstest_safe,False,train,assistant,natural_slot,37,9,31,36,False
qwen2.5-7b,fitting,f274129d147b,alpaca,False,train,system,fixed_slot,24,7,9,23,False
qwen2.5-7b,fitting,f274129d147b,alpaca,False,train,user,fixed_slot,35,7,29,34,True
qwen2.5-7b,fitting,f274129d147b,alpaca,False,train,tool,fixed_slot,44,7,33,43,True
qwen2.5-7b,fitting,f274129d147b,alpaca,False,train,assistant,fixed_slot,35,7,29,34,True
qwen2.5-7b,fitting,f274129d147b,alpaca,False,train,system,natural_slot,24,7,9,23,False
qwen2.5-7b,fitting,f274129d147b,alpaca,False,train,user,natural_slot,26,7,20,25,False
qwen2.5-7b,fitting,f274129d147b,alpaca,False,train,tool,natural_slot,52,7,41,51,False
qwen2.5-7b,fitting,f274129d147b,alpaca,False,train,assistant,natural_slot,35,7,29,34,False
qwen2.5-7b,fitting,5efbdd1093e8,xstest_safe,False,train,system,fixed_slot,29,12,14,28,False
qwen2.5-7b,fitting,5efbdd1093e8,xstest_safe,False,train,user,fixed_slot,40,12,34,39,True
qwen2.5-7b,fitting,5efbdd1093e8,xstest_safe,False,train,tool,fixed_slot,48,12,38,47,True
qwen2.5-7b,fitting,5efbdd1093e8,xstest_safe,False,train,assistant,fixed_slot,40,12,34,39,True
qwen2.5-7b,fitting,5efbdd1093e8,xstest_safe,False,train,system,natural_slot,29,12,14,28,False
qwen2.5-7b,fitting,5efbdd1093e8,xstest_safe,False,train,user,natural_slot,31,12,25,30,False
qwen2.5-7b,fitting,5efbdd1093e8,xstest_safe,False,train,tool,natural_slot,56,12,46,55,False
qwen2.5-7b,fitting,5efbdd1093e8,xstest_safe,False,train,assistant,natural_slot,40,12,34,39,False
qwen2.5-7b,fitting,4050cd512447,alpaca,False,train,system,fixed_slot,28,11,13,27,False
qwen2.5-7b,fitting,4050cd512447,alpaca,False,train,user,fixed_slot,39,11,33,38,True
qwen2.5-7b,fitting,4050cd512447,alpaca,False,train,tool,fixed_slot,47,11,37,46,True
qwen2.5-7b,fitting,4050cd512447,alpaca,False,train,assistant,fixed_slot,39,11,33,38,True
qwen2.5-7b,fitting,4050cd512447,alpaca,False,train,system,natural_slot,28,11,13,27,False
qwen2.5-7b,fitting,4050cd512447,alpaca,False,train,user,natural_slot,30,11,24,29,False
qwen2.5-7b,fitting,4050cd512447,alpaca,False,train,tool,natural_slot,55,11,45,54,False
qwen2.5-7b,fitting,4050cd512447,alpaca,False,train,assistant,natural_slot,39,11,33,38,False
qwen2.5-7b,fitting,b7dad19d76d4,xstest_safe,False,test,system,fixed_slot,29,12,14,28,False
qwen2.5-7b,fitting,b7dad19d76d4,xstest_safe,False,test,user,fixed_slot,40,12,34,39,True
qwen2.5-7b,fitting,b7dad19d76d4,xstest_safe,False,test,tool,fixed_slot,48,12,38,47,True
qwen2.5-7b,fitting,b7dad19d76d4,xstest_safe,False,test,assistant,fixed_slot,40,12,34,39,True
qwen2.5-7b,fitting,b7dad19d76d4,xstest_safe,False,test,system,natural_slot,29,12,14,28,False
qwen2.5-7b,fitting,b7dad19d76d4,xstest_safe,False,test,user,natural_slot,31,12,25,30,False
qwen2.5-7b,fitting,b7dad19d76d4,xstest_safe,False,test,tool,natural_slot,56,12,46,55,False
qwen2.5-7b,fitting,b7dad19d76d4,xstest_safe,False,test,assistant,natural_slot,40,12,34,39,False
qwen2.5-7b,fitting,0bb84e8dcb79,alpaca,False,train,system,fixed_slot,30,13,15,29,False
qwen2.5-7b,fitting,0bb84e8dcb79,alpaca,False,train,user,fixed_slot,41,13,35,40,True
qwen2.5-7b,fitting,0bb84e8dcb79,alpaca,False,train,tool,fixed_slot,49,13,39,48,True
qwen2.5-7b,fitting,0bb84e8dcb79,alpaca,False,train,assistant,fixed_slot,41,13,35,40,True
qwen2.5-7b,fitting,0bb84e8dcb79,alpaca,False,train,system,natural_slot,30,13,15,29,False
qwen2.5-7b,fitting,0bb84e8dcb79,alpaca,False,train,user,natural_slot,32,13,26,31,False
qwen2.5-7b,fitting,0bb84e8dcb79,alpaca,False,train,tool,natural_slot,57,13,47,56,False
qwen2.5-7b,fitting,0bb84e8dcb79,alpaca,False,train,assistant,natural_slot,41,13,35,40,False
qwen2.5-7b,fitting,973fd049977e,xstest_safe,False,train,system,fixed_slot,27,10,12,26,False
qwen2.5-7b,fitting,973fd049977e,xstest_safe,False,train,user,fixed_slot,38,10,32,37,True
qwen2.5-7b,fitting,973fd049977e,xstest_safe,False,train,tool,fixed_slot,46,10,36,45,True
qwen2.5-7b,fitting,973fd049977e,xstest_safe,False,train,assistant,fixed_slot,38,10,32,37,True
qwen2.5-7b,fitting,973fd049977e,xstest_safe,False,train,system,natural_slot,27,10,12,26,False
qwen2.5-7b,fitting,973fd049977e,xstest_safe,False,train,user,natural_slot,29,10,23,28,False
qwen2.5-7b,fitting,973fd049977e,xstest_safe,False,train,tool,natural_slot,54,10,44,53,False
qwen2.5-7b,fitting,973fd049977e,xstest_safe,False,train,assistant,natural_slot,38,10,32,37,False
qwen2.5-7b,fitting,78fb743430bd,alpaca,False,train,system,fixed_slot,27,10,12,26,False
qwen2.5-7b,fitting,78fb743430bd,alpaca,False,train,user,fixed_slot,38,10,32,37,True
qwen2.5-7b,fitting,78fb743430bd,alpaca,False,train,tool,fixed_slot,46,10,36,45,True
qwen2.5-7b,fitting,78fb743430bd,alpaca,False,train,assistant,fixed_slot,38,10,32,37,True
qwen2.5-7b,fitting,78fb743430bd,alpaca,False,train,system,natural_slot,27,10,12,26,False
qwen2.5-7b,fitting,78fb743430bd,alpaca,False,train,user,natural_slot,29,10,23,28,False
qwen2.5-7b,fitting,78fb743430bd,alpaca,False,train,tool,natural_slot,54,10,44,53,False
qwen2.5-7b,fitting,78fb743430bd,alpaca,False,train,assistant,natural_slot,38,10,32,37,False
qwen2.5-7b,fitting,e6d2b3a643a5,xstest_safe,False,test,system,fixed_slot,29,12,14,28,False
qwen2.5-7b,fitting,e6d2b3a643a5,xstest_safe,False,test,user,fixed_slot,40,12,34,39,True
qwen2.5-7b,fitting,e6d2b3a643a5,xstest_safe,False,test,tool,fixed_slot,48,12,38,47,True
qwen2.5-7b,fitting,e6d2b3a643a5,xstest_safe,False,test,assistant,fixed_slot,40,12,34,39,True
qwen2.5-7b,fitting,e6d2b3a643a5,xstest_safe,False,test,system,natural_slot,29,12,14,28,False
qwen2.5-7b,fitting,e6d2b3a643a5,xstest_safe,False,test,user,natural_slot,31,12,25,30,False
qwen2.5-7b,fitting,e6d2b3a643a5,xstest_safe,False,test,tool,natural_slot,56,12,46,55,False
qwen2.5-7b,fitting,e6d2b3a643a5,xstest_safe,False,test,assistant,natural_slot,40,12,34,39,False
qwen2.5-7b,fitting,3fe2b2789ed2,alpaca,False,train,system,fixed_slot,25,8,10,24,False
qwen2.5-7b,fitting,3fe2b2789ed2,alpaca,False,train,user,fixed_slot,36,8,30,35,True
qwen2.5-7b,fitting,3fe2b2789ed2,alpaca,False,train,tool,fixed_slot,44,8,34,43,True
qwen2.5-7b,fitting,3fe2b2789ed2,alpaca,False,train,assistant,fixed_slot,36,8,30,35,True
qwen2.5-7b,fitting,3fe2b2789ed2,alpaca,False,train,system,natural_slot,25,8,10,24,False
qwen2.5-7b,fitting,3fe2b2789ed2,alpaca,False,train,user,natural_slot,27,8,21,26,False
qwen2.5-7b,fitting,3fe2b2789ed2,alpaca,False,train,tool,natural_slot,52,8,42,51,False
qwen2.5-7b,fitting,3fe2b2789ed2,alpaca,False,train,assistant,natural_slot,36,8,30,35,False
qwen2.5-7b,fitting,05b440261177,xstest_safe,False,train,system,fixed_slot,31,14,16,30,False
qwen2.5-7b,fitting,05b440261177,xstest_safe,False,train,user,fixed_slot,42,14,36,41,True
qwen2.5-7b,fitting,05b440261177,xstest_safe,False,train,tool,fixed_slot,50,14,40,49,True
qwen2.5-7b,fitting,05b440261177,xstest_safe,False,train,assistant,fixed_slot,42,14,36,41,True
qwen2.5-7b,fitting,05b440261177,xstest_safe,False,train,system,natural_slot,31,14,16,30,False
qwen2.5-7b,fitting,05b440261177,xstest_safe,False,train,user,natural_slot,33,14,27,32,False
qwen2.5-7b,fitting,05b440261177,xstest_safe,False,train,tool,natural_slot,58,14,48,57,False
qwen2.5-7b,fitting,05b440261177,xstest_safe,False,train,assistant,natural_slot,42,14,36,41,False
qwen2.5-7b,fitting,21388db0da1f,alpaca,False,train,system,fixed_slot,25,8,10,24,False
qwen2.5-7b,fitting,21388db0da1f,alpaca,False,train,user,fixed_slot,36,8,30,35,True
qwen2.5-7b,fitting,21388db0da1f,alpaca,False,train,tool,fixed_slot,44,8,34,43,True
qwen2.5-7b,fitting,21388db0da1f,alpaca,False,train,assistant,fixed_slot,36,8,30,35,True
qwen2.5-7b,fitting,21388db0da1f,alpaca,False,train,system,natural_slot,25,8,10,24,False
qwen2.5-7b,fitting,21388db0da1f,alpaca,False,train,user,natural_slot,27,8,21,26,False
qwen2.5-7b,fitting,21388db0da1f,alpaca,False,train,tool,natural_slot,52,8,42,51,False
qwen2.5-7b,fitting,21388db0da1f,alpaca,False,train,assistant,natural_slot,36,8,30,35,False
qwen2.5-7b,fitting,1392fc223d84,xstest_safe,False,test,system,fixed_slot,21,4,6,20,False
qwen2.5-7b,fitting,1392fc223d84,xstest_safe,False,test,user,fixed_slot,32,4,26,31,True
qwen2.5-7b,fitting,1392fc223d84,xstest_safe,False,test,tool,fixed_slot,40,4,30,39,True
qwen2.5-7b,fitting,1392fc223d84,xstest_safe,False,test,assistant,fixed_slot,32,4,26,31,True
qwen2.5-7b,fitting,1392fc223d84,xstest_safe,False,test,system,natural_slot,21,4,6,20,False
qwen2.5-7b,fitting,1392fc223d84,xstest_safe,False,test,user,natural_slot,23,4,17,22,False
qwen2.5-7b,fitting,1392fc223d84,xstest_safe,False,test,tool,natural_slot,48,4,38,47,False
qwen2.5-7b,fitting,1392fc223d84,xstest_safe,False,test,assistant,natural_slot,32,4,26,31,False
qwen2.5-7b,fitting,3070a5b0313e,alpaca,False,train,system,fixed_slot,23,6,8,22,False
qwen2.5-7b,fitting,3070a5b0313e,alpaca,False,train,user,fixed_slot,34,6,28,33,True
qwen2.5-7b,fitting,3070a5b0313e,alpaca,False,train,tool,fixed_slot,43,6,32,42,True
qwen2.5-7b,fitting,3070a5b0313e,alpaca,False,train,assistant,fixed_slot,34,6,28,33,True
qwen2.5-7b,fitting,3070a5b0313e,alpaca,False,train,system,natural_slot,23,6,8,22,False
qwen2.5-7b,fitting,3070a5b0313e,alpaca,False,train,user,natural_slot,25,6,19,24,False
qwen2.5-7b,fitting,3070a5b0313e,alpaca,False,train,tool,natural_slot,51,6,40,50,False
qwen2.5-7b,fitting,3070a5b0313e,alpaca,False,train,assistant,natural_slot,34,6,28,33,False
qwen2.5-7b,fitting,04f52fb4f9aa,xstest_safe,False,train,system,fixed_slot,27,10,12,26,False
qwen2.5-7b,fitting,04f52fb4f9aa,xstest_safe,False,train,user,fixed_slot,38,10,32,37,True
qwen2.5-7b,fitting,04f52fb4f9aa,xstest_safe,False,train,tool,fixed_slot,46,10,36,45,True
qwen2.5-7b,fitting,04f52fb4f9aa,xstest_safe,False,train,assistant,fixed_slot,38,10,32,37,True
qwen2.5-7b,fitting,04f52fb4f9aa,xstest_safe,False,train,system,natural_slot,27,10,12,26,False
qwen2.5-7b,fitting,04f52fb4f9aa,xstest_safe,False,train,user,natural_slot,29,10,23,28,False
qwen2.5-7b,fitting,04f52fb4f9aa,xstest_safe,False,train,tool,natural_slot,54,10,44,53,False
qwen2.5-7b,fitting,04f52fb4f9aa,xstest_safe,False,train,assistant,natural_slot,38,10,32,37,False
qwen2.5-7b,fitting,b36c23723a40,alpaca,False,test,system,fixed_slot,46,29,31,45,False
qwen2.5-7b,fitting,b36c23723a40,alpaca,False,test,user,fixed_slot,57,29,51,56,True
qwen2.5-7b,fitting,b36c23723a40,alpaca,False,test,tool,fixed_slot,65,29,55,64,True
qwen2.5-7b,fitting,b36c23723a40,alpaca,False,test,assistant,fixed_slot,57,29,51,56,True
qwen2.5-7b,fitting,b36c23723a40,alpaca,False,test,system,natural_slot,46,29,31,45,False
qwen2.5-7b,fitting,b36c23723a40,alpaca,False,test,user,natural_slot,48,29,42,47,False
qwen2.5-7b,fitting,b36c23723a40,alpaca,False,test,tool,natural_slot,73,29,63,72,False
qwen2.5-7b,fitting,b36c23723a40,alpaca,False,test,assistant,natural_slot,57,29,51,56,False
qwen2.5-7b,fitting,a899278c2d01,xstest_safe,False,train,system,fixed_slot,28,11,13,27,False
qwen2.5-7b,fitting,a899278c2d01,xstest_safe,False,train,user,fixed_slot,39,11,33,38,True
qwen2.5-7b,fitting,a899278c2d01,xstest_safe,False,train,tool,fixed_slot,47,11,37,46,True
qwen2.5-7b,fitting,a899278c2d01,xstest_safe,False,train,assistant,fixed_slot,39,11,33,38,True
qwen2.5-7b,fitting,a899278c2d01,xstest_safe,False,train,system,natural_slot,28,11,13,27,False
qwen2.5-7b,fitting,a899278c2d01,xstest_safe,False,train,user,natural_slot,30,11,24,29,False
qwen2.5-7b,fitting,a899278c2d01,xstest_safe,False,train,tool,natural_slot,55,11,45,54,False
qwen2.5-7b,fitting,a899278c2d01,xstest_safe,False,train,assistant,natural_slot,39,11,33,38,False
qwen2.5-7b,fitting,67048b62e5c9,alpaca,False,train,system,fixed_slot,23,6,8,22,False
qwen2.5-7b,fitting,67048b62e5c9,alpaca,False,train,user,fixed_slot,34,6,28,33,True
qwen2.5-7b,fitting,67048b62e5c9,alpaca,False,train,tool,fixed_slot,42,6,32,41,True
qwen2.5-7b,fitting,67048b62e5c9,alpaca,False,train,assistant,fixed_slot,34,6,28,33,True
qwen2.5-7b,fitting,67048b62e5c9,alpaca,False,train,system,natural_slot,23,6,8,22,False
qwen2.5-7b,fitting,67048b62e5c9,alpaca,False,train,user,natural_slot,25,6,19,24,False
qwen2.5-7b,fitting,67048b62e5c9,alpaca,False,train,tool,natural_slot,50,6,40,49,False
qwen2.5-7b,fitting,67048b62e5c9,alpaca,False,train,assistant,natural_slot,34,6,28,33,False
qwen2.5-7b,fitting,78a941f9883d,xstest_safe,False,train,system,fixed_slot,26,9,11,25,False
qwen2.5-7b,fitting,78a941f9883d,xstest_safe,False,train,user,fixed_slot,37,9,31,36,True
qwen2.5-7b,fitting,78a941f9883d,xstest_safe,False,train,tool,fixed_slot,45,9,35,44,True
qwen2.5-7b,fitting,78a941f9883d,xstest_safe,False,train,assistant,fixed_slot,37,9,31,36,True
qwen2.5-7b,fitting,78a941f9883d,xstest_safe,False,train,system,natural_slot,26,9,11,25,False
qwen2.5-7b,fitting,78a941f9883d,xstest_safe,False,train,user,natural_slot,28,9,22,27,False
qwen2.5-7b,fitting,78a941f9883d,xstest_safe,False,train,tool,natural_slot,53,9,43,52,False
qwen2.5-7b,fitting,78a941f9883d,xstest_safe,False,train,assistant,natural_slot,37,9,31,36,False
qwen2.5-7b,fitting,eadbaf390e11,alpaca,False,train,system,fixed_slot,25,8,10,24,False
qwen2.5-7b,fitting,eadbaf390e11,alpaca,False,train,user,fixed_slot,36,8,30,35,True
qwen2.5-7b,fitting,eadbaf390e11,alpaca,False,train,tool,fixed_slot,44,8,34,43,True
qwen2.5-7b,fitting,eadbaf390e11,alpaca,False,train,assistant,fixed_slot,36,8,30,35,True
qwen2.5-7b,fitting,eadbaf390e11,alpaca,False,train,system,natural_slot,25,8,10,24,False
qwen2.5-7b,fitting,eadbaf390e11,alpaca,False,train,user,natural_slot,27,8,21,26,False
qwen2.5-7b,fitting,eadbaf390e11,alpaca,False,train,tool,natural_slot,52,8,42,51,False
qwen2.5-7b,fitting,eadbaf390e11,alpaca,False,train,assistant,natural_slot,36,8,30,35,False
qwen2.5-7b,fitting,e791c48d79ed,xstest_safe,False,test,system,fixed_slot,28,11,13,27,False
qwen2.5-7b,fitting,e791c48d79ed,xstest_safe,False,test,user,fixed_slot,39,11,33,38,True
qwen2.5-7b,fitting,e791c48d79ed,xstest_safe,False,test,tool,fixed_slot,47,11,37,46,True
qwen2.5-7b,fitting,e791c48d79ed,xstest_safe,False,test,assistant,fixed_slot,39,11,33,38,True
qwen2.5-7b,fitting,e791c48d79ed,xstest_safe,False,test,system,natural_slot,28,11,13,27,False
qwen2.5-7b,fitting,e791c48d79ed,xstest_safe,False,test,user,natural_slot,30,11,24,29,False
qwen2.5-7b,fitting,e791c48d79ed,xstest_safe,False,test,tool,natural_slot,55,11,45,54,False
qwen2.5-7b,fitting,e791c48d79ed,xstest_safe,False,test,assistant,natural_slot,39,11,33,38,False
qwen2.5-7b,fitting,33e48b6429b1,alpaca,False,train,system,fixed_slot,32,15,17,31,False
qwen2.5-7b,fitting,33e48b6429b1,alpaca,False,train,user,fixed_slot,43,15,37,42,True
qwen2.5-7b,fitting,33e48b6429b1,alpaca,False,train,tool,fixed_slot,51,15,41,50,True
qwen2.5-7b,fitting,33e48b6429b1,alpaca,False,train,assistant,fixed_slot,43,15,37,42,True
qwen2.5-7b,fitting,33e48b6429b1,alpaca,False,train,system,natural_slot,32,15,17,31,False
qwen2.5-7b,fitting,33e48b6429b1,alpaca,False,train,user,natural_slot,34,15,28,33,False
qwen2.5-7b,fitting,33e48b6429b1,alpaca,False,train,tool,natural_slot,59,15,49,58,False
qwen2.5-7b,fitting,33e48b6429b1,alpaca,False,train,assistant,natural_slot,43,15,37,42,False
qwen2.5-7b,fitting,90cb020d7055,xstest_safe,False,train,system,fixed_slot,24,7,9,23,False
qwen2.5-7b,fitting,90cb020d7055,xstest_safe,False,train,user,fixed_slot,35,7,29,34,True
qwen2.5-7b,fitting,90cb020d7055,xstest_safe,False,train,tool,fixed_slot,43,7,33,42,True
qwen2.5-7b,fitting,90cb020d7055,xstest_safe,False,train,assistant,fixed_slot,35,7,29,34,True
qwen2.5-7b,fitting,90cb020d7055,xstest_safe,False,train,system,natural_slot,24,7,9,23,False
qwen2.5-7b,fitting,90cb020d7055,xstest_safe,False,train,user,natural_slot,26,7,20,25,False
qwen2.5-7b,fitting,90cb020d7055,xstest_safe,False,train,tool,natural_slot,51,7,41,50,False
qwen2.5-7b,fitting,90cb020d7055,xstest_safe,False,train,assistant,natural_slot,35,7,29,34,False
qwen2.5-7b,fitting,fbee83655bbe,alpaca,False,test,system,fixed_slot,26,9,11,25,False
qwen2.5-7b,fitting,fbee83655bbe,alpaca,False,test,user,fixed_slot,37,9,31,36,True
qwen2.5-7b,fitting,fbee83655bbe,alpaca,False,test,tool,fixed_slot,45,9,35,44,True
qwen2.5-7b,fitting,fbee83655bbe,alpaca,False,test,assistant,fixed_slot,37,9,31,36,True
qwen2.5-7b,fitting,fbee83655bbe,alpaca,False,test,system,natural_slot,26,9,11,25,False
qwen2.5-7b,fitting,fbee83655bbe,alpaca,False,test,user,natural_slot,28,9,22,27,False
qwen2.5-7b,fitting,fbee83655bbe,alpaca,False,test,tool,natural_slot,53,9,43,52,False
qwen2.5-7b,fitting,fbee83655bbe,alpaca,False,test,assistant,natural_slot,37,9,31,36,False
qwen2.5-7b,fitting,f8a7b2f2d908,xstest_safe,False,test,system,fixed_slot,25,8,10,24,False
qwen2.5-7b,fitting,f8a7b2f2d908,xstest_safe,False,test,user,fixed_slot,36,8,30,35,True
qwen2.5-7b,fitting,f8a7b2f2d908,xstest_safe,False,test,tool,fixed_slot,44,8,34,43,True
qwen2.5-7b,fitting,f8a7b2f2d908,xstest_safe,False,test,assistant,fixed_slot,36,8,30,35,True
qwen2.5-7b,fitting,f8a7b2f2d908,xstest_safe,False,test,system,natural_slot,25,8,10,24,False
qwen2.5-7b,fitting,f8a7b2f2d908,xstest_safe,False,test,user,natural_slot,27,8,21,26,False
qwen2.5-7b,fitting,f8a7b2f2d908,xstest_safe,False,test,tool,natural_slot,52,8,42,51,False
qwen2.5-7b,fitting,f8a7b2f2d908,xstest_safe,False,test,assistant,natural_slot,36,8,30,35,False
qwen2.5-7b,fitting,eae39d9e53cb,alpaca,False,train,system,fixed_slot,30,13,15,29,False
qwen2.5-7b,fitting,eae39d9e53cb,alpaca,False,train,user,fixed_slot,41,13,35,40,True
qwen2.5-7b,fitting,eae39d9e53cb,alpaca,False,train,tool,fixed_slot,49,13,39,48,True
qwen2.5-7b,fitting,eae39d9e53cb,alpaca,False,train,assistant,fixed_slot,41,13,35,40,True
qwen2.5-7b,fitting,eae39d9e53cb,alpaca,False,train,system,natural_slot,30,13,15,29,False
qwen2.5-7b,fitting,eae39d9e53cb,alpaca,False,train,user,natural_slot,32,13,26,31,False
qwen2.5-7b,fitting,eae39d9e53cb,alpaca,False,train,tool,natural_slot,57,13,47,56,False
qwen2.5-7b,fitting,eae39d9e53cb,alpaca,False,train,assistant,natural_slot,41,13,35,40,False
qwen2.5-7b,fitting,b2a76c7d4f58,xstest_safe,False,train,system,fixed_slot,30,13,15,29,False
qwen2.5-7b,fitting,b2a76c7d4f58,xstest_safe,False,train,user,fixed_slot,41,13,35,40,True
qwen2.5-7b,fitting,b2a76c7d4f58,xstest_safe,False,train,tool,fixed_slot,49,13,39,48,True
qwen2.5-7b,fitting,b2a76c7d4f58,xstest_safe,False,train,assistant,fixed_slot,41,13,35,40,True
qwen2.5-7b,fitting,b2a76c7d4f58,xstest_safe,False,train,system,natural_slot,30,13,15,29,False
qwen2.5-7b,fitting,b2a76c7d4f58,xstest_safe,False,train,user,natural_slot,32,13,26,31,False
qwen2.5-7b,fitting,b2a76c7d4f58,xstest_safe,False,train,tool,natural_slot,57,13,47,56,False
qwen2.5-7b,fitting,b2a76c7d4f58,xstest_safe,False,train,assistant,natural_slot,41,13,35,40,False
qwen2.5-7b,fitting,4e93c46da55a,alpaca,False,test,system,fixed_slot,27,10,12,26,False
qwen2.5-7b,fitting,4e93c46da55a,alpaca,False,test,user,fixed_slot,38,10,32,37,True
qwen2.5-7b,fitting,4e93c46da55a,alpaca,False,test,tool,fixed_slot,46,10,36,45,True
qwen2.5-7b,fitting,4e93c46da55a,alpaca,False,test,assistant,fixed_slot,38,10,32,37,True
qwen2.5-7b,fitting,4e93c46da55a,alpaca,False,test,system,natural_slot,27,10,12,26,False
qwen2.5-7b,fitting,4e93c46da55a,alpaca,False,test,user,natural_slot,29,10,23,28,False
qwen2.5-7b,fitting,4e93c46da55a,alpaca,False,test,tool,natural_slot,54,10,44,53,False
qwen2.5-7b,fitting,4e93c46da55a,alpaca,False,test,assistant,natural_slot,38,10,32,37,False
qwen2.5-7b,fitting,9b3904cf9587,xstest_safe,False,test,system,fixed_slot,26,9,11,25,False
qwen2.5-7b,fitting,9b3904cf9587,xstest_safe,False,test,user,fixed_slot,37,9,31,36,True
qwen2.5-7b,fitting,9b3904cf9587,xstest_safe,False,test,tool,fixed_slot,45,9,35,44,True
qwen2.5-7b,fitting,9b3904cf9587,xstest_safe,False,test,assistant,fixed_slot,37,9,31,36,True
qwen2.5-7b,fitting,9b3904cf9587,xstest_safe,False,test,system,natural_slot,26,9,11,25,False
qwen2.5-7b,fitting,9b3904cf9587,xstest_safe,False,test,user,natural_slot,28,9,22,27,False
qwen2.5-7b,fitting,9b3904cf9587,xstest_safe,False,test,tool,natural_slot,53,9,43,52,False
qwen2.5-7b,fitting,9b3904cf9587,xstest_safe,False,test,assistant,natural_slot,37,9,31,36,False
qwen2.5-7b,fitting,98a7be99f9f1,alpaca,False,train,system,fixed_slot,39,22,24,38,False
qwen2.5-7b,fitting,98a7be99f9f1,alpaca,False,train,user,fixed_slot,50,22,44,49,True
qwen2.5-7b,fitting,98a7be99f9f1,alpaca,False,train,tool,fixed_slot,58,22,48,57,True
qwen2.5-7b,fitting,98a7be99f9f1,alpaca,False,train,assistant,fixed_slot,50,22,44,49,True
qwen2.5-7b,fitting,98a7be99f9f1,alpaca,False,train,system,natural_slot,39,22,24,38,False
qwen2.5-7b,fitting,98a7be99f9f1,alpaca,False,train,user,natural_slot,41,22,35,40,False
qwen2.5-7b,fitting,98a7be99f9f1,alpaca,False,train,tool,natural_slot,66,22,56,65,False
qwen2.5-7b,fitting,98a7be99f9f1,alpaca,False,train,assistant,natural_slot,50,22,44,49,False
qwen2.5-7b,fitting,0880a214f30e,xstest_safe,False,train,system,fixed_slot,28,11,13,27,False
qwen2.5-7b,fitting,0880a214f30e,xstest_safe,False,train,user,fixed_slot,39,11,33,38,True
qwen2.5-7b,fitting,0880a214f30e,xstest_safe,False,train,tool,fixed_slot,47,11,37,46,True
qwen2.5-7b,fitting,0880a214f30e,xstest_safe,False,train,assistant,fixed_slot,39,11,33,38,True
qwen2.5-7b,fitting,0880a214f30e,xstest_safe,False,train,system,natural_slot,28,11,13,27,False
qwen2.5-7b,fitting,0880a214f30e,xstest_safe,False,train,user,natural_slot,30,11,24,29,False
qwen2.5-7b,fitting,0880a214f30e,xstest_safe,False,train,tool,natural_slot,55,11,45,54,False
qwen2.5-7b,fitting,0880a214f30e,xstest_safe,False,train,assistant,natural_slot,39,11,33,38,False
qwen2.5-7b,fitting,44d60cf44524,alpaca,False,test,system,fixed_slot,25,8,10,24,False
qwen2.5-7b,fitting,44d60cf44524,alpaca,False,test,user,fixed_slot,36,8,30,35,True
qwen2.5-7b,fitting,44d60cf44524,alpaca,False,test,tool,fixed_slot,44,8,34,43,True
qwen2.5-7b,fitting,44d60cf44524,alpaca,False,test,assistant,fixed_slot,36,8,30,35,True
qwen2.5-7b,fitting,44d60cf44524,alpaca,False,test,system,natural_slot,25,8,10,24,False
qwen2.5-7b,fitting,44d60cf44524,alpaca,False,test,user,natural_slot,27,8,21,26,False
qwen2.5-7b,fitting,44d60cf44524,alpaca,False,test,tool,natural_slot,52,8,42,51,False
qwen2.5-7b,fitting,44d60cf44524,alpaca,False,test,assistant,natural_slot,36,8,30,35,False
qwen2.5-7b,fitting,023fb01664c6,xstest_safe,False,train,system,fixed_slot,27,10,12,26,False
qwen2.5-7b,fitting,023fb01664c6,xstest_safe,False,train,user,fixed_slot,38,10,32,37,True
qwen2.5-7b,fitting,023fb01664c6,xstest_safe,False,train,tool,fixed_slot,46,10,36,45,True
qwen2.5-7b,fitting,023fb01664c6,xstest_safe,False,train,assistant,fixed_slot,38,10,32,37,True
qwen2.5-7b,fitting,023fb01664c6,xstest_safe,False,train,system,natural_slot,27,10,12,26,False
qwen2.5-7b,fitting,023fb01664c6,xstest_safe,False,train,user,natural_slot,29,10,23,28,False
qwen2.5-7b,fitting,023fb01664c6,xstest_safe,False,train,tool,natural_slot,54,10,44,53,False
qwen2.5-7b,fitting,023fb01664c6,xstest_safe,False,train,assistant,natural_slot,38,10,32,37,False
qwen2.5-7b,fitting,5509bd687a8c,alpaca,False,train,system,fixed_slot,29,12,14,28,False
qwen2.5-7b,fitting,5509bd687a8c,alpaca,False,train,user,fixed_slot,40,12,34,39,True
qwen2.5-7b,fitting,5509bd687a8c,alpaca,False,train,tool,fixed_slot,48,12,38,47,True
qwen2.5-7b,fitting,5509bd687a8c,alpaca,False,train,assistant,fixed_slot,40,12,34,39,True
qwen2.5-7b,fitting,5509bd687a8c,alpaca,False,train,system,natural_slot,29,12,14,28,False
qwen2.5-7b,fitting,5509bd687a8c,alpaca,False,train,user,natural_slot,31,12,25,30,False
qwen2.5-7b,fitting,5509bd687a8c,alpaca,False,train,tool,natural_slot,56,12,46,55,False
qwen2.5-7b,fitting,5509bd687a8c,alpaca,False,train,assistant,natural_slot,40,12,34,39,False
qwen2.5-7b,fitting,fe147cff9fd3,xstest_safe,False,train,system,fixed_slot,25,8,10,24,False
qwen2.5-7b,fitting,fe147cff9fd3,xstest_safe,False,train,user,fixed_slot,36,8,30,35,True
qwen2.5-7b,fitting,fe147cff9fd3,xstest_safe,False,train,tool,fixed_slot,44,8,34,43,True
qwen2.5-7b,fitting,fe147cff9fd3,xstest_safe,False,train,assistant,fixed_slot,36,8,30,35,True
qwen2.5-7b,fitting,fe147cff9fd3,xstest_safe,False,train,system,natural_slot,25,8,10,24,False
qwen2.5-7b,fitting,fe147cff9fd3,xstest_safe,False,train,user,natural_slot,27,8,21,26,False
qwen2.5-7b,fitting,fe147cff9fd3,xstest_safe,False,train,tool,natural_slot,52,8,42,51,False
qwen2.5-7b,fitting,fe147cff9fd3,xstest_safe,False,train,assistant,natural_slot,36,8,30,35,False
qwen2.5-7b,fitting,69970b3cc8fa,alpaca,False,train,system,fixed_slot,26,9,11,25,False
qwen2.5-7b,fitting,69970b3cc8fa,alpaca,False,train,user,fixed_slot,37,9,31,36,True
qwen2.5-7b,fitting,69970b3cc8fa,alpaca,False,train,tool,fixed_slot,45,9,35,44,True
qwen2.5-7b,fitting,69970b3cc8fa,alpaca,False,train,assistant,fixed_slot,37,9,31,36,True
qwen2.5-7b,fitting,69970b3cc8fa,alpaca,False,train,system,natural_slot,26,9,11,25,False
qwen2.5-7b,fitting,69970b3cc8fa,alpaca,False,train,user,natural_slot,28,9,22,27,False
qwen2.5-7b,fitting,69970b3cc8fa,alpaca,False,train,tool,natural_slot,53,9,43,52,False
qwen2.5-7b,fitting,69970b3cc8fa,alpaca,False,train,assistant,natural_slot,37,9,31,36,False
qwen2.5-7b,fitting,467ca3e0ee1c,xstest_safe,False,test,system,fixed_slot,31,14,16,30,False
qwen2.5-7b,fitting,467ca3e0ee1c,xstest_safe,False,test,user,fixed_slot,42,14,36,41,True
qwen2.5-7b,fitting,467ca3e0ee1c,xstest_safe,False,test,tool,fixed_slot,50,14,40,49,True
qwen2.5-7b,fitting,467ca3e0ee1c,xstest_safe,False,test,assistant,fixed_slot,42,14,36,41,True
qwen2.5-7b,fitting,467ca3e0ee1c,xstest_safe,False,test,system,natural_slot,31,14,16,30,False
qwen2.5-7b,fitting,467ca3e0ee1c,xstest_safe,False,test,user,natural_slot,33,14,27,32,False
qwen2.5-7b,fitting,467ca3e0ee1c,xstest_safe,False,test,tool,natural_slot,58,14,48,57,False
qwen2.5-7b,fitting,467ca3e0ee1c,xstest_safe,False,test,assistant,natural_slot,42,14,36,41,False
qwen2.5-7b,fitting,0eeeca45e667,alpaca,False,train,system,fixed_slot,27,10,12,26,False
qwen2.5-7b,fitting,0eeeca45e667,alpaca,False,train,user,fixed_slot,38,10,32,37,True
qwen2.5-7b,fitting,0eeeca45e667,alpaca,False,train,tool,fixed_slot,46,10,36,45,True
qwen2.5-7b,fitting,0eeeca45e667,alpaca,False,train,assistant,fixed_slot,38,10,32,37,True
qwen2.5-7b,fitting,0eeeca45e667,alpaca,False,train,system,natural_slot,27,10,12,26,False
qwen2.5-7b,fitting,0eeeca45e667,alpaca,False,train,user,natural_slot,29,10,23,28,False
qwen2.5-7b,fitting,0eeeca45e667,alpaca,False,train,tool,natural_slot,54,10,44,53,False
qwen2.5-7b,fitting,0eeeca45e667,alpaca,False,train,assistant,natural_slot,38,10,32,37,False
qwen2.5-7b,fitting,971e711614c3,xstest_safe,False,train,system,fixed_slot,25,8,10,24,False
qwen2.5-7b,fitting,971e711614c3,xstest_safe,False,train,user,fixed_slot,36,8,30,35,True
qwen2.5-7b,fitting,971e711614c3,xstest_safe,False,train,tool,fixed_slot,44,8,34,43,True
qwen2.5-7b,fitting,971e711614c3,xstest_safe,False,train,assistant,fixed_slot,36,8,30,35,True
qwen2.5-7b,fitting,971e711614c3,xstest_safe,False,train,system,natural_slot,25,8,10,24,False
qwen2.5-7b,fitting,971e711614c3,xstest_safe,False,train,user,natural_slot,27,8,21,26,False
qwen2.5-7b,fitting,971e711614c3,xstest_safe,False,train,tool,natural_slot,52,8,42,51,False
qwen2.5-7b,fitting,971e711614c3,xstest_safe,False,train,assistant,natural_slot,36,8,30,35,False
qwen2.5-7b,fitting,1fc2085ff4dd,alpaca,False,train,system,fixed_slot,26,9,11,25,False
qwen2.5-7b,fitting,1fc2085ff4dd,alpaca,False,train,user,fixed_slot,37,9,31,36,True
qwen2.5-7b,fitting,1fc2085ff4dd,alpaca,False,train,tool,fixed_slot,45,9,35,44,True
qwen2.5-7b,fitting,1fc2085ff4dd,alpaca,False,train,assistant,fixed_slot,37,9,31,36,True
qwen2.5-7b,fitting,1fc2085ff4dd,alpaca,False,train,system,natural_slot,26,9,11,25,False
qwen2.5-7b,fitting,1fc2085ff4dd,alpaca,False,train,user,natural_slot,28,9,22,27,False
qwen2.5-7b,fitting,1fc2085ff4dd,alpaca,False,train,tool,natural_slot,53,9,43,52,False
qwen2.5-7b,fitting,1fc2085ff4dd,alpaca,False,train,assistant,natural_slot,37,9,31,36,False
qwen2.5-7b,fitting,f034a69f1a98,xstest_safe,False,test,system,fixed_slot,28,11,13,27,False
qwen2.5-7b,fitting,f034a69f1a98,xstest_safe,False,test,user,fixed_slot,39,11,33,38,True
qwen2.5-7b,fitting,f034a69f1a98,xstest_safe,False,test,tool,fixed_slot,47,11,37,46,True
qwen2.5-7b,fitting,f034a69f1a98,xstest_safe,False,test,assistant,fixed_slot,39,11,33,38,True
qwen2.5-7b,fitting,f034a69f1a98,xstest_safe,False,test,system,natural_slot,28,11,13,27,False
qwen2.5-7b,fitting,f034a69f1a98,xstest_safe,False,test,user,natural_slot,30,11,24,29,False
qwen2.5-7b,fitting,f034a69f1a98,xstest_safe,False,test,tool,natural_slot,55,11,45,54,False
qwen2.5-7b,fitting,f034a69f1a98,xstest_safe,False,test,assistant,natural_slot,39,11,33,38,False
qwen2.5-7b,fitting,2bb18cf249dd,alpaca,False,train,system,fixed_slot,27,10,12,26,False
qwen2.5-7b,fitting,2bb18cf249dd,alpaca,False,train,user,fixed_slot,38,10,32,37,True
qwen2.5-7b,fitting,2bb18cf249dd,alpaca,False,train,tool,fixed_slot,46,10,36,45,True
qwen2.5-7b,fitting,2bb18cf249dd,alpaca,False,train,assistant,fixed_slot,38,10,32,37,True
qwen2.5-7b,fitting,2bb18cf249dd,alpaca,False,train,system,natural_slot,27,10,12,26,False
qwen2.5-7b,fitting,2bb18cf249dd,alpaca,False,train,user,natural_slot,29,10,23,28,False
qwen2.5-7b,fitting,2bb18cf249dd,alpaca,False,train,tool,natural_slot,54,10,44,53,False
qwen2.5-7b,fitting,2bb18cf249dd,alpaca,False,train,assistant,natural_slot,38,10,32,37,False
qwen2.5-7b,fitting,dd83daffc0ce,xstest_safe,False,train,system,fixed_slot,25,8,10,24,False
qwen2.5-7b,fitting,dd83daffc0ce,xstest_safe,False,train,user,fixed_slot,36,8,30,35,True
qwen2.5-7b,fitting,dd83daffc0ce,xstest_safe,False,train,tool,fixed_slot,44,8,34,43,True
qwen2.5-7b,fitting,dd83daffc0ce,xstest_safe,False,train,assistant,fixed_slot,36,8,30,35,True
qwen2.5-7b,fitting,dd83daffc0ce,xstest_safe,False,train,system,natural_slot,25,8,10,24,False
qwen2.5-7b,fitting,dd83daffc0ce,xstest_safe,False,train,user,natural_slot,27,8,21,26,False
qwen2.5-7b,fitting,dd83daffc0ce,xstest_safe,False,train,tool,natural_slot,52,8,42,51,False
qwen2.5-7b,fitting,dd83daffc0ce,xstest_safe,False,train,assistant,natural_slot,36,8,30,35,False
qwen2.5-7b,fitting,58ad358ca672,alpaca,False,test,system,fixed_slot,30,13,15,29,False
qwen2.5-7b,fitting,58ad358ca672,alpaca,False,test,user,fixed_slot,41,13,35,40,True
qwen2.5-7b,fitting,58ad358ca672,alpaca,False,test,tool,fixed_slot,50,14,40,49,True
qwen2.5-7b,fitting,58ad358ca672,alpaca,False,test,assistant,fixed_slot,41,13,35,40,True
qwen2.5-7b,fitting,58ad358ca672,alpaca,False,test,system,natural_slot,30,13,15,29,False
qwen2.5-7b,fitting,58ad358ca672,alpaca,False,test,user,natural_slot,32,13,26,31,False
qwen2.5-7b,fitting,58ad358ca672,alpaca,False,test,tool,natural_slot,58,14,48,57,False
qwen2.5-7b,fitting,58ad358ca672,alpaca,False,test,assistant,natural_slot,41,13,35,40,False
qwen2.5-7b,fitting,0dc8abb8845b,xstest_safe,False,test,system,fixed_slot,28,11,13,27,False
qwen2.5-7b,fitting,0dc8abb8845b,xstest_safe,False,test,user,fixed_slot,39,11,33,38,True
qwen2.5-7b,fitting,0dc8abb8845b,xstest_safe,False,test,tool,fixed_slot,47,11,37,46,True
qwen2.5-7b,fitting,0dc8abb8845b,xstest_safe,False,test,assistant,fixed_slot,39,11,33,38,True
qwen2.5-7b,fitting,0dc8abb8845b,xstest_safe,False,test,system,natural_slot,28,11,13,27,False
qwen2.5-7b,fitting,0dc8abb8845b,xstest_safe,False,test,user,natural_slot,30,11,24,29,False
qwen2.5-7b,fitting,0dc8abb8845b,xstest_safe,False,test,tool,natural_slot,55,11,45,54,False
qwen2.5-7b,fitting,0dc8abb8845b,xstest_safe,False,test,assistant,natural_slot,39,11,33,38,False
qwen2.5-7b,fitting,242ae5a1b1c0,alpaca,False,train,system,fixed_slot,25,8,10,24,False
qwen2.5-7b,fitting,242ae5a1b1c0,alpaca,False,train,user,fixed_slot,36,8,30,35,True
qwen2.5-7b,fitting,242ae5a1b1c0,alpaca,False,train,tool,fixed_slot,44,8,34,43,True
qwen2.5-7b,fitting,242ae5a1b1c0,alpaca,False,train,assistant,fixed_slot,36,8,30,35,True
qwen2.5-7b,fitting,242ae5a1b1c0,alpaca,False,train,system,natural_slot,25,8,10,24,False
qwen2.5-7b,fitting,242ae5a1b1c0,alpaca,False,train,user,natural_slot,27,8,21,26,False
qwen2.5-7b,fitting,242ae5a1b1c0,alpaca,False,train,tool,natural_slot,52,8,42,51,False
qwen2.5-7b,fitting,242ae5a1b1c0,alpaca,False,train,assistant,natural_slot,36,8,30,35,False
qwen2.5-7b,fitting,80fa60e8dac5,xstest_safe,False,train,system,fixed_slot,24,7,9,23,False
qwen2.5-7b,fitting,80fa60e8dac5,xstest_safe,False,train,user,fixed_slot,35,7,29,34,True
qwen2.5-7b,fitting,80fa60e8dac5,xstest_safe,False,train,tool,fixed_slot,43,7,33,42,True
qwen2.5-7b,fitting,80fa60e8dac5,xstest_safe,False,train,assistant,fixed_slot,35,7,29,34,True
qwen2.5-7b,fitting,80fa60e8dac5,xstest_safe,False,train,system,natural_slot,24,7,9,23,False
qwen2.5-7b,fitting,80fa60e8dac5,xstest_safe,False,train,user,natural_slot,26,7,20,25,False
qwen2.5-7b,fitting,80fa60e8dac5,xstest_safe,False,train,tool,natural_slot,51,7,41,50,False
qwen2.5-7b,fitting,80fa60e8dac5,xstest_safe,False,train,assistant,natural_slot,35,7,29,34,False
qwen2.5-7b,fitting,4e10ae6516e1,alpaca,False,test,system,fixed_slot,30,13,15,29,False
qwen2.5-7b,fitting,4e10ae6516e1,alpaca,False,test,user,fixed_slot,41,13,35,40,True
qwen2.5-7b,fitting,4e10ae6516e1,alpaca,False,test,tool,fixed_slot,49,13,39,48,True
qwen2.5-7b,fitting,4e10ae6516e1,alpaca,False,test,assistant,fixed_slot,41,13,35,40,True
qwen2.5-7b,fitting,4e10ae6516e1,alpaca,False,test,system,natural_slot,30,13,15,29,False
qwen2.5-7b,fitting,4e10ae6516e1,alpaca,False,test,user,natural_slot,32,13,26,31,False
qwen2.5-7b,fitting,4e10ae6516e1,alpaca,False,test,tool,natural_slot,57,13,47,56,False
qwen2.5-7b,fitting,4e10ae6516e1,alpaca,False,test,assistant,natural_slot,41,13,35,40,False
qwen2.5-7b,fitting,e74f02d74c3c,xstest_safe,False,train,system,fixed_slot,29,12,14,28,False
qwen2.5-7b,fitting,e74f02d74c3c,xstest_safe,False,train,user,fixed_slot,40,12,34,39,True
qwen2.5-7b,fitting,e74f02d74c3c,xstest_safe,False,train,tool,fixed_slot,48,12,38,47,True
qwen2.5-7b,fitting,e74f02d74c3c,xstest_safe,False,train,assistant,fixed_slot,40,12,34,39,True
qwen2.5-7b,fitting,e74f02d74c3c,xstest_safe,False,train,system,natural_slot,29,12,14,28,False
qwen2.5-7b,fitting,e74f02d74c3c,xstest_safe,False,train,user,natural_slot,31,12,25,30,False
qwen2.5-7b,fitting,e74f02d74c3c,xstest_safe,False,train,tool,natural_slot,56,12,46,55,False
qwen2.5-7b,fitting,e74f02d74c3c,xstest_safe,False,train,assistant,natural_slot,40,12,34,39,False
qwen2.5-7b,fitting,0688176ca383,alpaca,False,train,system,fixed_slot,28,11,13,27,False
qwen2.5-7b,fitting,0688176ca383,alpaca,False,train,user,fixed_slot,39,11,33,38,True
qwen2.5-7b,fitting,0688176ca383,alpaca,False,train,tool,fixed_slot,47,11,37,46,True
qwen2.5-7b,fitting,0688176ca383,alpaca,False,train,assistant,fixed_slot,39,11,33,38,True
qwen2.5-7b,fitting,0688176ca383,alpaca,False,train,system,natural_slot,28,11,13,27,False
qwen2.5-7b,fitting,0688176ca383,alpaca,False,train,user,natural_slot,30,11,24,29,False
qwen2.5-7b,fitting,0688176ca383,alpaca,False,train,tool,natural_slot,55,11,45,54,False
qwen2.5-7b,fitting,0688176ca383,alpaca,False,train,assistant,natural_slot,39,11,33,38,False
qwen2.5-7b,fitting,4ea082435261,xstest_safe,False,test,system,fixed_slot,26,9,11,25,False
qwen2.5-7b,fitting,4ea082435261,xstest_safe,False,test,user,fixed_slot,37,9,31,36,True
qwen2.5-7b,fitting,4ea082435261,xstest_safe,False,test,tool,fixed_slot,45,9,35,44,True
qwen2.5-7b,fitting,4ea082435261,xstest_safe,False,test,assistant,fixed_slot,37,9,31,36,True
qwen2.5-7b,fitting,4ea082435261,xstest_safe,False,test,system,natural_slot,26,9,11,25,False
qwen2.5-7b,fitting,4ea082435261,xstest_safe,False,test,user,natural_slot,28,9,22,27,False
qwen2.5-7b,fitting,4ea082435261,xstest_safe,False,test,tool,natural_slot,53,9,43,52,False
qwen2.5-7b,fitting,4ea082435261,xstest_safe,False,test,assistant,natural_slot,37,9,31,36,False
qwen2.5-7b,fitting,e5b160e13c28,alpaca,False,train,system,fixed_slot,26,9,11,25,False
qwen2.5-7b,fitting,e5b160e13c28,alpaca,False,train,user,fixed_slot,37,9,31,36,True
qwen2.5-7b,fitting,e5b160e13c28,alpaca,False,train,tool,fixed_slot,45,9,35,44,True
qwen2.5-7b,fitting,e5b160e13c28,alpaca,False,train,assistant,fixed_slot,37,9,31,36,True
qwen2.5-7b,fitting,e5b160e13c28,alpaca,False,train,system,natural_slot,26,9,11,25,False
qwen2.5-7b,fitting,e5b160e13c28,alpaca,False,train,user,natural_slot,28,9,22,27,False
qwen2.5-7b,fitting,e5b160e13c28,alpaca,False,train,tool,natural_slot,53,9,43,52,False
qwen2.5-7b,fitting,e5b160e13c28,alpaca,False,train,assistant,natural_slot,37,9,31,36,False
qwen2.5-7b,fitting,3c88114a2a7a,xstest_safe,False,train,system,fixed_slot,30,13,15,29,False
qwen2.5-7b,fitting,3c88114a2a7a,xstest_safe,False,train,user,fixed_slot,41,13,35,40,True
qwen2.5-7b,fitting,3c88114a2a7a,xstest_safe,False,train,tool,fixed_slot,49,13,39,48,True
qwen2.5-7b,fitting,3c88114a2a7a,xstest_safe,False,train,assistant,fixed_slot,41,13,35,40,True
qwen2.5-7b,fitting,3c88114a2a7a,xstest_safe,False,train,system,natural_slot,30,13,15,29,False
qwen2.5-7b,fitting,3c88114a2a7a,xstest_safe,False,train,user,natural_slot,32,13,26,31,False
qwen2.5-7b,fitting,3c88114a2a7a,xstest_safe,False,train,tool,natural_slot,57,13,47,56,False
qwen2.5-7b,fitting,3c88114a2a7a,xstest_safe,False,train,assistant,natural_slot,41,13,35,40,False
qwen2.5-7b,fitting,35bfa578b43f,alpaca,False,train,system,fixed_slot,27,10,12,26,False
qwen2.5-7b,fitting,35bfa578b43f,alpaca,False,train,user,fixed_slot,38,10,32,37,True
qwen2.5-7b,fitting,35bfa578b43f,alpaca,False,train,tool,fixed_slot,46,10,36,45,True
qwen2.5-7b,fitting,35bfa578b43f,alpaca,False,train,assistant,fixed_slot,38,10,32,37,True
qwen2.5-7b,fitting,35bfa578b43f,alpaca,False,train,system,natural_slot,27,10,12,26,False
qwen2.5-7b,fitting,35bfa578b43f,alpaca,False,train,user,natural_slot,29,10,23,28,False
qwen2.5-7b,fitting,35bfa578b43f,alpaca,False,train,tool,natural_slot,54,10,44,53,False
qwen2.5-7b,fitting,35bfa578b43f,alpaca,False,train,assistant,natural_slot,38,10,32,37,False
qwen2.5-7b,fitting,7d828e4d038f,xstest_safe,False,test,system,fixed_slot,29,12,14,28,False
qwen2.5-7b,fitting,7d828e4d038f,xstest_safe,False,test,user,fixed_slot,40,12,34,39,True
qwen2.5-7b,fitting,7d828e4d038f,xstest_safe,False,test,tool,fixed_slot,48,12,38,47,True
qwen2.5-7b,fitting,7d828e4d038f,xstest_safe,False,test,assistant,fixed_slot,40,12,34,39,True
qwen2.5-7b,fitting,7d828e4d038f,xstest_safe,False,test,system,natural_slot,29,12,14,28,False
qwen2.5-7b,fitting,7d828e4d038f,xstest_safe,False,test,user,natural_slot,31,12,25,30,False
qwen2.5-7b,fitting,7d828e4d038f,xstest_safe,False,test,tool,natural_slot,56,12,46,55,False
qwen2.5-7b,fitting,7d828e4d038f,xstest_safe,False,test,assistant,natural_slot,40,12,34,39,False
qwen2.5-7b,fitting,83b1c59220d4,alpaca,False,train,system,fixed_slot,29,12,14,28,False
qwen2.5-7b,fitting,83b1c59220d4,alpaca,False,train,user,fixed_slot,40,12,34,39,True
qwen2.5-7b,fitting,83b1c59220d4,alpaca,False,train,tool,fixed_slot,48,12,38,47,True
qwen2.5-7b,fitting,83b1c59220d4,alpaca,False,train,assistant,fixed_slot,40,12,34,39,True
qwen2.5-7b,fitting,83b1c59220d4,alpaca,False,train,system,natural_slot,29,12,14,28,False
qwen2.5-7b,fitting,83b1c59220d4,alpaca,False,train,user,natural_slot,31,12,25,30,False
qwen2.5-7b,fitting,83b1c59220d4,alpaca,False,train,tool,natural_slot,56,12,46,55,False
qwen2.5-7b,fitting,83b1c59220d4,alpaca,False,train,assistant,natural_slot,40,12,34,39,False
qwen2.5-7b,fitting,61dbea843f42,xstest_safe,False,test,system,fixed_slot,21,4,6,20,False
qwen2.5-7b,fitting,61dbea843f42,xstest_safe,False,test,user,fixed_slot,32,4,26,31,True
qwen2.5-7b,fitting,61dbea843f42,xstest_safe,False,test,tool,fixed_slot,40,4,30,39,True
qwen2.5-7b,fitting,61dbea843f42,xstest_safe,False,test,assistant,fixed_slot,32,4,26,31,True
qwen2.5-7b,fitting,61dbea843f42,xstest_safe,False,test,system,natural_slot,21,4,6,20,False
qwen2.5-7b,fitting,61dbea843f42,xstest_safe,False,test,user,natural_slot,23,4,17,22,False
qwen2.5-7b,fitting,61dbea843f42,xstest_safe,False,test,tool,natural_slot,48,4,38,47,False
qwen2.5-7b,fitting,61dbea843f42,xstest_safe,False,test,assistant,natural_slot,32,4,26,31,False
qwen2.5-7b,fitting,e9056fd9e901,alpaca,False,test,system,fixed_slot,33,16,18,32,False
qwen2.5-7b,fitting,e9056fd9e901,alpaca,False,test,user,fixed_slot,44,16,38,43,True
qwen2.5-7b,fitting,e9056fd9e901,alpaca,False,test,tool,fixed_slot,52,16,42,51,True
qwen2.5-7b,fitting,e9056fd9e901,alpaca,False,test,assistant,fixed_slot,44,16,38,43,True
qwen2.5-7b,fitting,e9056fd9e901,alpaca,False,test,system,natural_slot,33,16,18,32,False
qwen2.5-7b,fitting,e9056fd9e901,alpaca,False,test,user,natural_slot,35,16,29,34,False
qwen2.5-7b,fitting,e9056fd9e901,alpaca,False,test,tool,natural_slot,60,16,50,59,False
qwen2.5-7b,fitting,e9056fd9e901,alpaca,False,test,assistant,natural_slot,44,16,38,43,False
qwen2.5-7b,fitting,ee4820d2d765,xstest_safe,False,train,system,fixed_slot,32,15,17,31,False
qwen2.5-7b,fitting,ee4820d2d765,xstest_safe,False,train,user,fixed_slot,43,15,37,42,True
qwen2.5-7b,fitting,ee4820d2d765,xstest_safe,False,train,tool,fixed_slot,51,15,41,50,True
qwen2.5-7b,fitting,ee4820d2d765,xstest_safe,False,train,assistant,fixed_slot,43,15,37,42,True
qwen2.5-7b,fitting,ee4820d2d765,xstest_safe,False,train,system,natural_slot,32,15,17,31,False
qwen2.5-7b,fitting,ee4820d2d765,xstest_safe,False,train,user,natural_slot,34,15,28,33,False
qwen2.5-7b,fitting,ee4820d2d765,xstest_safe,False,train,tool,natural_slot,59,15,49,58,False
qwen2.5-7b,fitting,ee4820d2d765,xstest_safe,False,train,assistant,natural_slot,43,15,37,42,False
qwen2.5-7b,fitting,08eb92ada6f2,alpaca,False,train,system,fixed_slot,25,8,10,24,False
qwen2.5-7b,fitting,08eb92ada6f2,alpaca,False,train,user,fixed_slot,36,8,30,35,True
qwen2.5-7b,fitting,08eb92ada6f2,alpaca,False,train,tool,fixed_slot,44,8,34,43,True
qwen2.5-7b,fitting,08eb92ada6f2,alpaca,False,train,assistant,fixed_slot,36,8,30,35,True
qwen2.5-7b,fitting,08eb92ada6f2,alpaca,False,train,system,natural_slot,25,8,10,24,False
qwen2.5-7b,fitting,08eb92ada6f2,alpaca,False,train,user,natural_slot,27,8,21,26,False
qwen2.5-7b,fitting,08eb92ada6f2,alpaca,False,train,tool,natural_slot,52,8,42,51,False
qwen2.5-7b,fitting,08eb92ada6f2,alpaca,False,train,assistant,natural_slot,36,8,30,35,False
qwen2.5-7b,fitting,921bd65e6ea2,xstest_safe,False,test,system,fixed_slot,32,15,17,31,False
qwen2.5-7b,fitting,921bd65e6ea2,xstest_safe,False,test,user,fixed_slot,43,15,37,42,True
qwen2.5-7b,fitting,921bd65e6ea2,xstest_safe,False,test,tool,fixed_slot,51,15,41,50,True
qwen2.5-7b,fitting,921bd65e6ea2,xstest_safe,False,test,assistant,fixed_slot,43,15,37,42,True
qwen2.5-7b,fitting,921bd65e6ea2,xstest_safe,False,test,system,natural_slot,32,15,17,31,False
qwen2.5-7b,fitting,921bd65e6ea2,xstest_safe,False,test,user,natural_slot,34,15,28,33,False
qwen2.5-7b,fitting,921bd65e6ea2,xstest_safe,False,test,tool,natural_slot,59,15,49,58,False
qwen2.5-7b,fitting,921bd65e6ea2,xstest_safe,False,test,assistant,natural_slot,43,15,37,42,False
qwen2.5-7b,fitting,d3a98f732f12,alpaca,False,test,system,fixed_slot,31,14,16,30,False
qwen2.5-7b,fitting,d3a98f732f12,alpaca,False,test,user,fixed_slot,42,14,36,41,True
qwen2.5-7b,fitting,d3a98f732f12,alpaca,False,test,tool,fixed_slot,50,14,40,49,True
qwen2.5-7b,fitting,d3a98f732f12,alpaca,False,test,assistant,fixed_slot,42,14,36,41,True
qwen2.5-7b,fitting,d3a98f732f12,alpaca,False,test,system,natural_slot,31,14,16,30,False
qwen2.5-7b,fitting,d3a98f732f12,alpaca,False,test,user,natural_slot,33,14,27,32,False
qwen2.5-7b,fitting,d3a98f732f12,alpaca,False,test,tool,natural_slot,58,14,48,57,False
qwen2.5-7b,fitting,d3a98f732f12,alpaca,False,test,assistant,natural_slot,42,14,36,41,False
qwen2.5-7b,fitting,046ccfa9ba04,xstest_safe,False,train,system,fixed_slot,27,10,12,26,False
qwen2.5-7b,fitting,046ccfa9ba04,xstest_safe,False,train,user,fixed_slot,38,10,32,37,True
qwen2.5-7b,fitting,046ccfa9ba04,xstest_safe,False,train,tool,fixed_slot,46,10,36,45,True
qwen2.5-7b,fitting,046ccfa9ba04,xstest_safe,False,train,assistant,fixed_slot,38,10,32,37,True
qwen2.5-7b,fitting,046ccfa9ba04,xstest_safe,False,train,system,natural_slot,27,10,12,26,False
qwen2.5-7b,fitting,046ccfa9ba04,xstest_safe,False,train,user,natural_slot,29,10,23,28,False
qwen2.5-7b,fitting,046ccfa9ba04,xstest_safe,False,train,tool,natural_slot,54,10,44,53,False
qwen2.5-7b,fitting,046ccfa9ba04,xstest_safe,False,train,assistant,natural_slot,38,10,32,37,False
qwen2.5-7b,fitting,8840c2b06bfc,alpaca,False,train,system,fixed_slot,23,6,8,22,False
qwen2.5-7b,fitting,8840c2b06bfc,alpaca,False,train,user,fixed_slot,34,6,28,33,True
qwen2.5-7b,fitting,8840c2b06bfc,alpaca,False,train,tool,fixed_slot,43,6,32,42,True
qwen2.5-7b,fitting,8840c2b06bfc,alpaca,False,train,assistant,fixed_slot,34,6,28,33,True
qwen2.5-7b,fitting,8840c2b06bfc,alpaca,False,train,system,natural_slot,23,6,8,22,False
qwen2.5-7b,fitting,8840c2b06bfc,alpaca,False,train,user,natural_slot,25,6,19,24,False
qwen2.5-7b,fitting,8840c2b06bfc,alpaca,False,train,tool,natural_slot,51,6,40,50,False
qwen2.5-7b,fitting,8840c2b06bfc,alpaca,False,train,assistant,natural_slot,34,6,28,33,False
qwen2.5-7b,fitting,ff315f29f2ce,xstest_safe,False,train,system,fixed_slot,22,5,7,21,False
qwen2.5-7b,fitting,ff315f29f2ce,xstest_safe,False,train,user,fixed_slot,33,5,27,32,True
qwen2.5-7b,fitting,ff315f29f2ce,xstest_safe,False,train,tool,fixed_slot,41,5,31,40,True
qwen2.5-7b,fitting,ff315f29f2ce,xstest_safe,False,train,assistant,fixed_slot,33,5,27,32,True
qwen2.5-7b,fitting,ff315f29f2ce,xstest_safe,False,train,system,natural_slot,22,5,7,21,False
qwen2.5-7b,fitting,ff315f29f2ce,xstest_safe,False,train,user,natural_slot,24,5,18,23,False
qwen2.5-7b,fitting,ff315f29f2ce,xstest_safe,False,train,tool,natural_slot,49,5,39,48,False
qwen2.5-7b,fitting,ff315f29f2ce,xstest_safe,False,train,assistant,natural_slot,33,5,27,32,False
qwen2.5-7b,fitting,71bd39c8c71a,alpaca,False,train,system,fixed_slot,26,9,11,25,False
qwen2.5-7b,fitting,71bd39c8c71a,alpaca,False,train,user,fixed_slot,37,9,31,36,True
qwen2.5-7b,fitting,71bd39c8c71a,alpaca,False,train,tool,fixed_slot,45,9,35,44,True
qwen2.5-7b,fitting,71bd39c8c71a,alpaca,False,train,assistant,fixed_slot,37,9,31,36,True
qwen2.5-7b,fitting,71bd39c8c71a,alpaca,False,train,system,natural_slot,26,9,11,25,False
qwen2.5-7b,fitting,71bd39c8c71a,alpaca,False,train,user,natural_slot,28,9,22,27,False
qwen2.5-7b,fitting,71bd39c8c71a,alpaca,False,train,tool,natural_slot,53,9,43,52,False
qwen2.5-7b,fitting,71bd39c8c71a,alpaca,False,train,assistant,natural_slot,37,9,31,36,False
qwen2.5-7b,fitting,c13fb4850c4d,xstest_safe,False,train,system,fixed_slot,28,11,13,27,False
qwen2.5-7b,fitting,c13fb4850c4d,xstest_safe,False,train,user,fixed_slot,39,11,33,38,True
qwen2.5-7b,fitting,c13fb4850c4d,xstest_safe,False,train,tool,fixed_slot,47,11,37,46,True
qwen2.5-7b,fitting,c13fb4850c4d,xstest_safe,False,train,assistant,fixed_slot,39,11,33,38,True
qwen2.5-7b,fitting,c13fb4850c4d,xstest_safe,False,train,system,natural_slot,28,11,13,27,False
qwen2.5-7b,fitting,c13fb4850c4d,xstest_safe,False,train,user,natural_slot,30,11,24,29,False
qwen2.5-7b,fitting,c13fb4850c4d,xstest_safe,False,train,tool,natural_slot,55,11,45,54,False
qwen2.5-7b,fitting,c13fb4850c4d,xstest_safe,False,train,assistant,natural_slot,39,11,33,38,False
qwen2.5-7b,fitting,c040ea9b810c,alpaca,False,train,system,fixed_slot,31,14,16,30,False
qwen2.5-7b,fitting,c040ea9b810c,alpaca,False,train,user,fixed_slot,42,14,36,41,True
qwen2.5-7b,fitting,c040ea9b810c,alpaca,False,train,tool,fixed_slot,50,14,40,49,True
qwen2.5-7b,fitting,c040ea9b810c,alpaca,False,train,assistant,fixed_slot,42,14,36,41,True
qwen2.5-7b,fitting,c040ea9b810c,alpaca,False,train,system,natural_slot,31,14,16,30,False
qwen2.5-7b,fitting,c040ea9b810c,alpaca,False,train,user,natural_slot,33,14,27,32,False
qwen2.5-7b,fitting,c040ea9b810c,alpaca,False,train,tool,natural_slot,58,14,48,57,False
qwen2.5-7b,fitting,c040ea9b810c,alpaca,False,train,assistant,natural_slot,42,14,36,41,False
qwen2.5-7b,fitting,3e7c01cc7034,xstest_safe,False,train,system,fixed_slot,31,14,16,30,False
qwen2.5-7b,fitting,3e7c01cc7034,xstest_safe,False,train,user,fixed_slot,42,14,36,41,True
qwen2.5-7b,fitting,3e7c01cc7034,xstest_safe,False,train,tool,fixed_slot,50,14,40,49,True
qwen2.5-7b,fitting,3e7c01cc7034,xstest_safe,False,train,assistant,fixed_slot,42,14,36,41,True
qwen2.5-7b,fitting,3e7c01cc7034,xstest_safe,False,train,system,natural_slot,31,14,16,30,False
qwen2.5-7b,fitting,3e7c01cc7034,xstest_safe,False,train,user,natural_slot,33,14,27,32,False
qwen2.5-7b,fitting,3e7c01cc7034,xstest_safe,False,train,tool,natural_slot,58,14,48,57,False
qwen2.5-7b,fitting,3e7c01cc7034,xstest_safe,False,train,assistant,natural_slot,42,14,36,41,False
qwen2.5-7b,fitting,e13f1c6fbdfb,alpaca,False,train,system,fixed_slot,23,6,8,22,False
qwen2.5-7b,fitting,e13f1c6fbdfb,alpaca,False,train,user,fixed_slot,34,6,28,33,True
qwen2.5-7b,fitting,e13f1c6fbdfb,alpaca,False,train,tool,fixed_slot,42,6,32,41,True
qwen2.5-7b,fitting,e13f1c6fbdfb,alpaca,False,train,assistant,fixed_slot,34,6,28,33,True
qwen2.5-7b,fitting,e13f1c6fbdfb,alpaca,False,train,system,natural_slot,23,6,8,22,False
qwen2.5-7b,fitting,e13f1c6fbdfb,alpaca,False,train,user,natural_slot,25,6,19,24,False
qwen2.5-7b,fitting,e13f1c6fbdfb,alpaca,False,train,tool,natural_slot,50,6,40,49,False
qwen2.5-7b,fitting,e13f1c6fbdfb,alpaca,False,train,assistant,natural_slot,34,6,28,33,False
qwen2.5-7b,fitting,8823ef119394,xstest_safe,False,train,system,fixed_slot,25,8,10,24,False
qwen2.5-7b,fitting,8823ef119394,xstest_safe,False,train,user,fixed_slot,36,8,30,35,True
qwen2.5-7b,fitting,8823ef119394,xstest_safe,False,train,tool,fixed_slot,44,8,34,43,True
qwen2.5-7b,fitting,8823ef119394,xstest_safe,False,train,assistant,fixed_slot,36,8,30,35,True
qwen2.5-7b,fitting,8823ef119394,xstest_safe,False,train,system,natural_slot,25,8,10,24,False
qwen2.5-7b,fitting,8823ef119394,xstest_safe,False,train,user,natural_slot,27,8,21,26,False
qwen2.5-7b,fitting,8823ef119394,xstest_safe,False,train,tool,natural_slot,52,8,42,51,False
qwen2.5-7b,fitting,8823ef119394,xstest_safe,False,train,assistant,natural_slot,36,8,30,35,False
qwen2.5-7b,fitting,677a62e72063,alpaca,False,train,system,fixed_slot,25,8,10,24,False
qwen2.5-7b,fitting,677a62e72063,alpaca,False,train,user,fixed_slot,36,8,30,35,True
qwen2.5-7b,fitting,677a62e72063,alpaca,False,train,tool,fixed_slot,44,8,34,43,True
qwen2.5-7b,fitting,677a62e72063,alpaca,False,train,assistant,fixed_slot,36,8,30,35,True
qwen2.5-7b,fitting,677a62e72063,alpaca,False,train,system,natural_slot,25,8,10,24,False
qwen2.5-7b,fitting,677a62e72063,alpaca,False,train,user,natural_slot,27,8,21,26,False
qwen2.5-7b,fitting,677a62e72063,alpaca,False,train,tool,natural_slot,52,8,42,51,False
qwen2.5-7b,fitting,677a62e72063,alpaca,False,train,assistant,natural_slot,36,8,30,35,False
qwen2.5-7b,fitting,b7d3debe1dce,xstest_safe,False,test,system,fixed_slot,27,10,12,26,False
qwen2.5-7b,fitting,b7d3debe1dce,xstest_safe,False,test,user,fixed_slot,38,10,32,37,True
qwen2.5-7b,fitting,b7d3debe1dce,xstest_safe,False,test,tool,fixed_slot,46,10,36,45,True
qwen2.5-7b,fitting,b7d3debe1dce,xstest_safe,False,test,assistant,fixed_slot,38,10,32,37,True
qwen2.5-7b,fitting,b7d3debe1dce,xstest_safe,False,test,system,natural_slot,27,10,12,26,False
qwen2.5-7b,fitting,b7d3debe1dce,xstest_safe,False,test,user,natural_slot,29,10,23,28,False
qwen2.5-7b,fitting,b7d3debe1dce,xstest_safe,False,test,tool,natural_slot,54,10,44,53,False
qwen2.5-7b,fitting,b7d3debe1dce,xstest_safe,False,test,assistant,natural_slot,38,10,32,37,False
qwen2.5-7b,fitting,b647ad24f887,alpaca,False,train,system,fixed_slot,31,14,16,30,False
qwen2.5-7b,fitting,b647ad24f887,alpaca,False,train,user,fixed_slot,42,14,36,41,True
qwen2.5-7b,fitting,b647ad24f887,alpaca,False,train,tool,fixed_slot,51,14,40,50,True
qwen2.5-7b,fitting,b647ad24f887,alpaca,False,train,assistant,fixed_slot,42,14,36,41,True
qwen2.5-7b,fitting,b647ad24f887,alpaca,False,train,system,natural_slot,31,14,16,30,False
qwen2.5-7b,fitting,b647ad24f887,alpaca,False,train,user,natural_slot,33,14,27,32,False
qwen2.5-7b,fitting,b647ad24f887,alpaca,False,train,tool,natural_slot,59,14,48,58,False
qwen2.5-7b,fitting,b647ad24f887,alpaca,False,train,assistant,natural_slot,42,14,36,41,False
qwen2.5-7b,fitting,35bb974141e9,xstest_safe,False,train,system,fixed_slot,31,14,16,30,False
qwen2.5-7b,fitting,35bb974141e9,xstest_safe,False,train,user,fixed_slot,42,14,36,41,True
qwen2.5-7b,fitting,35bb974141e9,xstest_safe,False,train,tool,fixed_slot,50,14,40,49,True
qwen2.5-7b,fitting,35bb974141e9,xstest_safe,False,train,assistant,fixed_slot,42,14,36,41,True
qwen2.5-7b,fitting,35bb974141e9,xstest_safe,False,train,system,natural_slot,31,14,16,30,False
qwen2.5-7b,fitting,35bb974141e9,xstest_safe,False,train,user,natural_slot,33,14,27,32,False
qwen2.5-7b,fitting,35bb974141e9,xstest_safe,False,train,tool,natural_slot,58,14,48,57,False
qwen2.5-7b,fitting,35bb974141e9,xstest_safe,False,train,assistant,natural_slot,42,14,36,41,False
qwen2.5-7b,fitting,814e9e272131,alpaca,False,train,system,fixed_slot,27,10,12,26,False
qwen2.5-7b,fitting,814e9e272131,alpaca,False,train,user,fixed_slot,38,10,32,37,True
qwen2.5-7b,fitting,814e9e272131,alpaca,False,train,tool,fixed_slot,46,10,36,45,True
qwen2.5-7b,fitting,814e9e272131,alpaca,False,train,assistant,fixed_slot,38,10,32,37,True
qwen2.5-7b,fitting,814e9e272131,alpaca,False,train,system,natural_slot,27,10,12,26,False
qwen2.5-7b,fitting,814e9e272131,alpaca,False,train,user,natural_slot,29,10,23,28,False
qwen2.5-7b,fitting,814e9e272131,alpaca,False,train,tool,natural_slot,54,10,44,53,False
qwen2.5-7b,fitting,814e9e272131,alpaca,False,train,assistant,natural_slot,38,10,32,37,False
qwen2.5-7b,fitting,9ae93c266221,xstest_safe,False,train,system,fixed_slot,24,7,9,23,False
qwen2.5-7b,fitting,9ae93c266221,xstest_safe,False,train,user,fixed_slot,35,7,29,34,True
qwen2.5-7b,fitting,9ae93c266221,xstest_safe,False,train,tool,fixed_slot,43,7,33,42,True
qwen2.5-7b,fitting,9ae93c266221,xstest_safe,False,train,assistant,fixed_slot,35,7,29,34,True
qwen2.5-7b,fitting,9ae93c266221,xstest_safe,False,train,system,natural_slot,24,7,9,23,False
qwen2.5-7b,fitting,9ae93c266221,xstest_safe,False,train,user,natural_slot,26,7,20,25,False
qwen2.5-7b,fitting,9ae93c266221,xstest_safe,False,train,tool,natural_slot,51,7,41,50,False
qwen2.5-7b,fitting,9ae93c266221,xstest_safe,False,train,assistant,natural_slot,35,7,29,34,False
qwen2.5-7b,fitting,9ba0da74e082,alpaca,False,test,system,fixed_slot,35,18,20,34,False
qwen2.5-7b,fitting,9ba0da74e082,alpaca,False,test,user,fixed_slot,46,18,40,45,True
qwen2.5-7b,fitting,9ba0da74e082,alpaca,False,test,tool,fixed_slot,54,18,44,53,True
qwen2.5-7b,fitting,9ba0da74e082,alpaca,False,test,assistant,fixed_slot,46,18,40,45,True
qwen2.5-7b,fitting,9ba0da74e082,alpaca,False,test,system,natural_slot,35,18,20,34,False
qwen2.5-7b,fitting,9ba0da74e082,alpaca,False,test,user,natural_slot,37,18,31,36,False
qwen2.5-7b,fitting,9ba0da74e082,alpaca,False,test,tool,natural_slot,62,18,52,61,False
qwen2.5-7b,fitting,9ba0da74e082,alpaca,False,test,assistant,natural_slot,46,18,40,45,False
qwen2.5-7b,fitting,742544f4bbc2,xstest_safe,False,train,system,fixed_slot,31,14,16,30,False
qwen2.5-7b,fitting,742544f4bbc2,xstest_safe,False,train,user,fixed_slot,42,14,36,41,True
qwen2.5-7b,fitting,742544f4bbc2,xstest_safe,False,train,tool,fixed_slot,50,14,40,49,True
qwen2.5-7b,fitting,742544f4bbc2,xstest_safe,False,train,assistant,fixed_slot,42,14,36,41,True
qwen2.5-7b,fitting,742544f4bbc2,xstest_safe,False,train,system,natural_slot,31,14,16,30,False
qwen2.5-7b,fitting,742544f4bbc2,xstest_safe,False,train,user,natural_slot,33,14,27,32,False
qwen2.5-7b,fitting,742544f4bbc2,xstest_safe,False,train,tool,natural_slot,58,14,48,57,False
qwen2.5-7b,fitting,742544f4bbc2,xstest_safe,False,train,assistant,natural_slot,42,14,36,41,False
qwen2.5-7b,fitting,243839b9adb2,alpaca,False,test,system,fixed_slot,28,11,13,27,False
qwen2.5-7b,fitting,243839b9adb2,alpaca,False,test,user,fixed_slot,39,11,33,38,True
qwen2.5-7b,fitting,243839b9adb2,alpaca,False,test,tool,fixed_slot,47,11,37,46,True
qwen2.5-7b,fitting,243839b9adb2,alpaca,False,test,assistant,fixed_slot,39,11,33,38,True
qwen2.5-7b,fitting,243839b9adb2,alpaca,False,test,system,natural_slot,28,11,13,27,False
qwen2.5-7b,fitting,243839b9adb2,alpaca,False,test,user,natural_slot,30,11,24,29,False
qwen2.5-7b,fitting,243839b9adb2,alpaca,False,test,tool,natural_slot,55,11,45,54,False
qwen2.5-7b,fitting,243839b9adb2,alpaca,False,test,assistant,natural_slot,39,11,33,38,False
qwen2.5-7b,fitting,8bf94142831e,xstest_safe,False,test,system,fixed_slot,26,9,11,25,False
qwen2.5-7b,fitting,8bf94142831e,xstest_safe,False,test,user,fixed_slot,37,9,31,36,True
qwen2.5-7b,fitting,8bf94142831e,xstest_safe,False,test,tool,fixed_slot,45,9,35,44,True
qwen2.5-7b,fitting,8bf94142831e,xstest_safe,False,test,assistant,fixed_slot,37,9,31,36,True
qwen2.5-7b,fitting,8bf94142831e,xstest_safe,False,test,system,natural_slot,26,9,11,25,False
qwen2.5-7b,fitting,8bf94142831e,xstest_safe,False,test,user,natural_slot,28,9,22,27,False
qwen2.5-7b,fitting,8bf94142831e,xstest_safe,False,test,tool,natural_slot,53,9,43,52,False
qwen2.5-7b,fitting,8bf94142831e,xstest_safe,False,test,assistant,natural_slot,37,9,31,36,False
qwen2.5-7b,fitting,9000591080b8,alpaca,False,train,system,fixed_slot,33,16,18,32,False
qwen2.5-7b,fitting,9000591080b8,alpaca,False,train,user,fixed_slot,44,16,38,43,True
qwen2.5-7b,fitting,9000591080b8,alpaca,False,train,tool,fixed_slot,52,16,42,51,True
qwen2.5-7b,fitting,9000591080b8,alpaca,False,train,assistant,fixed_slot,44,16,38,43,True
qwen2.5-7b,fitting,9000591080b8,alpaca,False,train,system,natural_slot,33,16,18,32,False
qwen2.5-7b,fitting,9000591080b8,alpaca,False,train,user,natural_slot,35,16,29,34,False
qwen2.5-7b,fitting,9000591080b8,alpaca,False,train,tool,natural_slot,60,16,50,59,False
qwen2.5-7b,fitting,9000591080b8,alpaca,False,train,assistant,natural_slot,44,16,38,43,False
qwen2.5-7b,fitting,eb772de0b5e7,xstest_safe,False,train,system,fixed_slot,32,15,17,31,False
qwen2.5-7b,fitting,eb772de0b5e7,xstest_safe,False,train,user,fixed_slot,43,15,37,42,True
qwen2.5-7b,fitting,eb772de0b5e7,xstest_safe,False,train,tool,fixed_slot,51,15,41,50,True
qwen2.5-7b,fitting,eb772de0b5e7,xstest_safe,False,train,assistant,fixed_slot,43,15,37,42,True
qwen2.5-7b,fitting,eb772de0b5e7,xstest_safe,False,train,system,natural_slot,32,15,17,31,False
qwen2.5-7b,fitting,eb772de0b5e7,xstest_safe,False,train,user,natural_slot,34,15,28,33,False
qwen2.5-7b,fitting,eb772de0b5e7,xstest_safe,False,train,tool,natural_slot,59,15,49,58,False
qwen2.5-7b,fitting,eb772de0b5e7,xstest_safe,False,train,assistant,natural_slot,43,15,37,42,False
qwen2.5-7b,fitting,d22afe536e72,alpaca,False,train,system,fixed_slot,28,11,13,27,False
qwen2.5-7b,fitting,d22afe536e72,alpaca,False,train,user,fixed_slot,39,11,33,38,True
qwen2.5-7b,fitting,d22afe536e72,alpaca,False,train,tool,fixed_slot,47,11,37,46,True
qwen2.5-7b,fitting,d22afe536e72,alpaca,False,train,assistant,fixed_slot,39,11,33,38,True
qwen2.5-7b,fitting,d22afe536e72,alpaca,False,train,system,natural_slot,28,11,13,27,False
qwen2.5-7b,fitting,d22afe536e72,alpaca,False,train,user,natural_slot,30,11,24,29,False
qwen2.5-7b,fitting,d22afe536e72,alpaca,False,train,tool,natural_slot,55,11,45,54,False
qwen2.5-7b,fitting,d22afe536e72,alpaca,False,train,assistant,natural_slot,39,11,33,38,False
qwen2.5-7b,fitting,73ba950083b7,xstest_safe,False,train,system,fixed_slot,30,13,15,29,False
qwen2.5-7b,fitting,73ba950083b7,xstest_safe,False,train,user,fixed_slot,41,13,35,40,True
qwen2.5-7b,fitting,73ba950083b7,xstest_safe,False,train,tool,fixed_slot,49,13,39,48,True
qwen2.5-7b,fitting,73ba950083b7,xstest_safe,False,train,assistant,fixed_slot,41,13,35,40,True
qwen2.5-7b,fitting,73ba950083b7,xstest_safe,False,train,system,natural_slot,30,13,15,29,False
qwen2.5-7b,fitting,73ba950083b7,xstest_safe,False,train,user,natural_slot,32,13,26,31,False
qwen2.5-7b,fitting,73ba950083b7,xstest_safe,False,train,tool,natural_slot,57,13,47,56,False
qwen2.5-7b,fitting,73ba950083b7,xstest_safe,False,train,assistant,natural_slot,41,13,35,40,False
qwen2.5-7b,fitting,6f7ef7b0ec19,alpaca,False,test,system,fixed_slot,32,15,17,31,False
qwen2.5-7b,fitting,6f7ef7b0ec19,alpaca,False,test,user,fixed_slot,43,15,37,42,True
qwen2.5-7b,fitting,6f7ef7b0ec19,alpaca,False,test,tool,fixed_slot,51,15,41,50,True
qwen2.5-7b,fitting,6f7ef7b0ec19,alpaca,False,test,assistant,fixed_slot,43,15,37,42,True
qwen2.5-7b,fitting,6f7ef7b0ec19,alpaca,False,test,system,natural_slot,32,15,17,31,False
qwen2.5-7b,fitting,6f7ef7b0ec19,alpaca,False,test,user,natural_slot,34,15,28,33,False
qwen2.5-7b,fitting,6f7ef7b0ec19,alpaca,False,test,tool,natural_slot,59,15,49,58,False
qwen2.5-7b,fitting,6f7ef7b0ec19,alpaca,False,test,assistant,natural_slot,43,15,37,42,False
qwen2.5-7b,fitting,8609034afc3d,xstest_safe,False,train,system,fixed_slot,21,4,6,20,False
qwen2.5-7b,fitting,8609034afc3d,xstest_safe,False,train,user,fixed_slot,32,4,26,31,True
qwen2.5-7b,fitting,8609034afc3d,xstest_safe,False,train,tool,fixed_slot,40,4,30,39,True
qwen2.5-7b,fitting,8609034afc3d,xstest_safe,False,train,assistant,fixed_slot,32,4,26,31,True
qwen2.5-7b,fitting,8609034afc3d,xstest_safe,False,train,system,natural_slot,21,4,6,20,False
qwen2.5-7b,fitting,8609034afc3d,xstest_safe,False,train,user,natural_slot,23,4,17,22,False
qwen2.5-7b,fitting,8609034afc3d,xstest_safe,False,train,tool,natural_slot,48,4,38,47,False
qwen2.5-7b,fitting,8609034afc3d,xstest_safe,False,train,assistant,natural_slot,32,4,26,31,False
qwen2.5-7b,fitting,594e04d9436d,alpaca,False,train,system,fixed_slot,30,13,15,29,False
qwen2.5-7b,fitting,594e04d9436d,alpaca,False,train,user,fixed_slot,41,13,35,40,True
qwen2.5-7b,fitting,594e04d9436d,alpaca,False,train,tool,fixed_slot,49,13,39,48,True
qwen2.5-7b,fitting,594e04d9436d,alpaca,False,train,assistant,fixed_slot,41,13,35,40,True
qwen2.5-7b,fitting,594e04d9436d,alpaca,False,train,system,natural_slot,30,13,15,29,False
qwen2.5-7b,fitting,594e04d9436d,alpaca,False,train,user,natural_slot,32,13,26,31,False
qwen2.5-7b,fitting,594e04d9436d,alpaca,False,train,tool,natural_slot,57,13,47,56,False
qwen2.5-7b,fitting,594e04d9436d,alpaca,False,train,assistant,natural_slot,41,13,35,40,False
qwen2.5-7b,fitting,b18cc2445fb4,xstest_safe,False,train,system,fixed_slot,27,10,12,26,False
qwen2.5-7b,fitting,b18cc2445fb4,xstest_safe,False,train,user,fixed_slot,38,10,32,37,True
qwen2.5-7b,fitting,b18cc2445fb4,xstest_safe,False,train,tool,fixed_slot,46,10,36,45,True
qwen2.5-7b,fitting,b18cc2445fb4,xstest_safe,False,train,assistant,fixed_slot,38,10,32,37,True
qwen2.5-7b,fitting,b18cc2445fb4,xstest_safe,False,train,system,natural_slot,27,10,12,26,False
qwen2.5-7b,fitting,b18cc2445fb4,xstest_safe,False,train,user,natural_slot,29,10,23,28,False
qwen2.5-7b,fitting,b18cc2445fb4,xstest_safe,False,train,tool,natural_slot,54,10,44,53,False
qwen2.5-7b,fitting,b18cc2445fb4,xstest_safe,False,train,assistant,natural_slot,38,10,32,37,False
qwen2.5-7b,fitting,6f84559df8ca,alpaca,False,train,system,fixed_slot,32,15,17,31,False
qwen2.5-7b,fitting,6f84559df8ca,alpaca,False,train,user,fixed_slot,43,15,37,42,True
qwen2.5-7b,fitting,6f84559df8ca,alpaca,False,train,tool,fixed_slot,51,15,41,50,True
qwen2.5-7b,fitting,6f84559df8ca,alpaca,False,train,assistant,fixed_slot,43,15,37,42,True
qwen2.5-7b,fitting,6f84559df8ca,alpaca,False,train,system,natural_slot,32,15,17,31,False
qwen2.5-7b,fitting,6f84559df8ca,alpaca,False,train,user,natural_slot,34,15,28,33,False
qwen2.5-7b,fitting,6f84559df8ca,alpaca,False,train,tool,natural_slot,59,15,49,58,False
qwen2.5-7b,fitting,6f84559df8ca,alpaca,False,train,assistant,natural_slot,43,15,37,42,False
qwen2.5-7b,fitting,9d2b36b8d111,xstest_safe,False,train,system,fixed_slot,33,16,18,32,False
qwen2.5-7b,fitting,9d2b36b8d111,xstest_safe,False,train,user,fixed_slot,44,16,38,43,True
qwen2.5-7b,fitting,9d2b36b8d111,xstest_safe,False,train,tool,fixed_slot,52,16,42,51,True
qwen2.5-7b,fitting,9d2b36b8d111,xstest_safe,False,train,assistant,fixed_slot,44,16,38,43,True
qwen2.5-7b,fitting,9d2b36b8d111,xstest_safe,False,train,system,natural_slot,33,16,18,32,False
qwen2.5-7b,fitting,9d2b36b8d111,xstest_safe,False,train,user,natural_slot,35,16,29,34,False
qwen2.5-7b,fitting,9d2b36b8d111,xstest_safe,False,train,tool,natural_slot,60,16,50,59,False
qwen2.5-7b,fitting,9d2b36b8d111,xstest_safe,False,train,assistant,natural_slot,44,16,38,43,False
qwen2.5-7b,fitting,6ce441a66144,alpaca,False,train,system,fixed_slot,27,10,12,26,False
qwen2.5-7b,fitting,6ce441a66144,alpaca,False,train,user,fixed_slot,38,10,32,37,True
qwen2.5-7b,fitting,6ce441a66144,alpaca,False,train,tool,fixed_slot,46,10,36,45,True
qwen2.5-7b,fitting,6ce441a66144,alpaca,False,train,assistant,fixed_slot,38,10,32,37,True
qwen2.5-7b,fitting,6ce441a66144,alpaca,False,train,system,natural_slot,27,10,12,26,False
qwen2.5-7b,fitting,6ce441a66144,alpaca,False,train,user,natural_slot,29,10,23,28,False
qwen2.5-7b,fitting,6ce441a66144,alpaca,False,train,tool,natural_slot,54,10,44,53,False
qwen2.5-7b,fitting,6ce441a66144,alpaca,False,train,assistant,natural_slot,38,10,32,37,False
qwen2.5-7b,fitting,3cb941dbf5c1,xstest_safe,False,train,system,fixed_slot,25,8,10,24,False
qwen2.5-7b,fitting,3cb941dbf5c1,xstest_safe,False,train,user,fixed_slot,36,8,30,35,True
qwen2.5-7b,fitting,3cb941dbf5c1,xstest_safe,False,train,tool,fixed_slot,44,8,34,43,True
qwen2.5-7b,fitting,3cb941dbf5c1,xstest_safe,False,train,assistant,fixed_slot,36,8,30,35,True
qwen2.5-7b,fitting,3cb941dbf5c1,xstest_safe,False,train,system,natural_slot,25,8,10,24,False
qwen2.5-7b,fitting,3cb941dbf5c1,xstest_safe,False,train,user,natural_slot,27,8,21,26,False
qwen2.5-7b,fitting,3cb941dbf5c1,xstest_safe,False,train,tool,natural_slot,52,8,42,51,False
qwen2.5-7b,fitting,3cb941dbf5c1,xstest_safe,False,train,assistant,natural_slot,36,8,30,35,False
qwen2.5-7b,fitting,b3cd74cb86d7,alpaca,False,train,system,fixed_slot,33,16,18,32,False
qwen2.5-7b,fitting,b3cd74cb86d7,alpaca,False,train,user,fixed_slot,44,16,38,43,True
qwen2.5-7b,fitting,b3cd74cb86d7,alpaca,False,train,tool,fixed_slot,52,16,42,51,True
qwen2.5-7b,fitting,b3cd74cb86d7,alpaca,False,train,assistant,fixed_slot,44,16,38,43,True
qwen2.5-7b,fitting,b3cd74cb86d7,alpaca,False,train,system,natural_slot,33,16,18,32,False
qwen2.5-7b,fitting,b3cd74cb86d7,alpaca,False,train,user,natural_slot,35,16,29,34,False
qwen2.5-7b,fitting,b3cd74cb86d7,alpaca,False,train,tool,natural_slot,60,16,50,59,False
qwen2.5-7b,fitting,b3cd74cb86d7,alpaca,False,train,assistant,natural_slot,44,16,38,43,False
qwen2.5-7b,fitting,9c7be1b1dd0e,xstest_safe,False,train,system,fixed_slot,28,11,13,27,False
qwen2.5-7b,fitting,9c7be1b1dd0e,xstest_safe,False,train,user,fixed_slot,39,11,33,38,True
qwen2.5-7b,fitting,9c7be1b1dd0e,xstest_safe,False,train,tool,fixed_slot,47,11,37,46,True
qwen2.5-7b,fitting,9c7be1b1dd0e,xstest_safe,False,train,assistant,fixed_slot,39,11,33,38,True
qwen2.5-7b,fitting,9c7be1b1dd0e,xstest_safe,False,train,system,natural_slot,28,11,13,27,False
qwen2.5-7b,fitting,9c7be1b1dd0e,xstest_safe,False,train,user,natural_slot,30,11,24,29,False
qwen2.5-7b,fitting,9c7be1b1dd0e,xstest_safe,False,train,tool,natural_slot,55,11,45,54,False
qwen2.5-7b,fitting,9c7be1b1dd0e,xstest_safe,False,train,assistant,natural_slot,39,11,33,38,False
qwen2.5-7b,fitting,8c278bc6c4d7,alpaca,False,train,system,fixed_slot,26,9,11,25,False
qwen2.5-7b,fitting,8c278bc6c4d7,alpaca,False,train,user,fixed_slot,37,9,31,36,True
qwen2.5-7b,fitting,8c278bc6c4d7,alpaca,False,train,tool,fixed_slot,45,9,35,44,True
qwen2.5-7b,fitting,8c278bc6c4d7,alpaca,False,train,assistant,fixed_slot,37,9,31,36,True
qwen2.5-7b,fitting,8c278bc6c4d7,alpaca,False,train,system,natural_slot,26,9,11,25,False
qwen2.5-7b,fitting,8c278bc6c4d7,alpaca,False,train,user,natural_slot,28,9,22,27,False
qwen2.5-7b,fitting,8c278bc6c4d7,alpaca,False,train,tool,natural_slot,53,9,43,52,False
qwen2.5-7b,fitting,8c278bc6c4d7,alpaca,False,train,assistant,natural_slot,37,9,31,36,False
qwen2.5-7b,fitting,212fe7ee2c15,xstest_safe,False,train,system,fixed_slot,29,12,14,28,False
qwen2.5-7b,fitting,212fe7ee2c15,xstest_safe,False,train,user,fixed_slot,40,12,34,39,True
qwen2.5-7b,fitting,212fe7ee2c15,xstest_safe,False,train,tool,fixed_slot,48,12,38,47,True
qwen2.5-7b,fitting,212fe7ee2c15,xstest_safe,False,train,assistant,fixed_slot,40,12,34,39,True
qwen2.5-7b,fitting,212fe7ee2c15,xstest_safe,False,train,system,natural_slot,29,12,14,28,False
qwen2.5-7b,fitting,212fe7ee2c15,xstest_safe,False,train,user,natural_slot,31,12,25,30,False
qwen2.5-7b,fitting,212fe7ee2c15,xstest_safe,False,train,tool,natural_slot,56,12,46,55,False
qwen2.5-7b,fitting,212fe7ee2c15,xstest_safe,False,train,assistant,natural_slot,40,12,34,39,False
qwen2.5-7b,fitting,4ddb5f2c8444,alpaca,False,train,system,fixed_slot,26,9,11,25,False
qwen2.5-7b,fitting,4ddb5f2c8444,alpaca,False,train,user,fixed_slot,37,9,31,36,True
qwen2.5-7b,fitting,4ddb5f2c8444,alpaca,False,train,tool,fixed_slot,46,9,35,45,True
qwen2.5-7b,fitting,4ddb5f2c8444,alpaca,False,train,assistant,fixed_slot,37,9,31,36,True
qwen2.5-7b,fitting,4ddb5f2c8444,alpaca,False,train,system,natural_slot,26,9,11,25,False
qwen2.5-7b,fitting,4ddb5f2c8444,alpaca,False,train,user,natural_slot,28,9,22,27,False
qwen2.5-7b,fitting,4ddb5f2c8444,alpaca,False,train,tool,natural_slot,54,9,43,53,False
qwen2.5-7b,fitting,4ddb5f2c8444,alpaca,False,train,assistant,natural_slot,37,9,31,36,False
qwen2.5-7b,fitting,522879a433fa,xstest_safe,False,train,system,fixed_slot,25,8,10,24,False
qwen2.5-7b,fitting,522879a433fa,xstest_safe,False,train,user,fixed_slot,36,8,30,35,True
qwen2.5-7b,fitting,522879a433fa,xstest_safe,False,train,tool,fixed_slot,44,8,34,43,True
qwen2.5-7b,fitting,522879a433fa,xstest_safe,False,train,assistant,fixed_slot,36,8,30,35,True
qwen2.5-7b,fitting,522879a433fa,xstest_safe,False,train,system,natural_slot,25,8,10,24,False
qwen2.5-7b,fitting,522879a433fa,xstest_safe,False,train,user,natural_slot,27,8,21,26,False
qwen2.5-7b,fitting,522879a433fa,xstest_safe,False,train,tool,natural_slot,52,8,42,51,False
qwen2.5-7b,fitting,522879a433fa,xstest_safe,False,train,assistant,natural_slot,36,8,30,35,False
qwen2.5-7b,fitting,a6b4b2f62ec2,alpaca,False,test,system,fixed_slot,30,13,15,29,False
qwen2.5-7b,fitting,a6b4b2f62ec2,alpaca,False,test,user,fixed_slot,41,13,35,40,True
qwen2.5-7b,fitting,a6b4b2f62ec2,alpaca,False,test,tool,fixed_slot,49,13,39,48,True
qwen2.5-7b,fitting,a6b4b2f62ec2,alpaca,False,test,assistant,fixed_slot,41,13,35,40,True
qwen2.5-7b,fitting,a6b4b2f62ec2,alpaca,False,test,system,natural_slot,30,13,15,29,False
qwen2.5-7b,fitting,a6b4b2f62ec2,alpaca,False,test,user,natural_slot,32,13,26,31,False
qwen2.5-7b,fitting,a6b4b2f62ec2,alpaca,False,test,tool,natural_slot,57,13,47,56,False
qwen2.5-7b,fitting,a6b4b2f62ec2,alpaca,False,test,assistant,natural_slot,41,13,35,40,False
qwen2.5-7b,fitting,e56714b7ed2b,xstest_safe,False,test,system,fixed_slot,22,5,7,21,False
qwen2.5-7b,fitting,e56714b7ed2b,xstest_safe,False,test,user,fixed_slot,33,5,27,32,True
qwen2.5-7b,fitting,e56714b7ed2b,xstest_safe,False,test,tool,fixed_slot,41,5,31,40,True
qwen2.5-7b,fitting,e56714b7ed2b,xstest_safe,False,test,assistant,fixed_slot,33,5,27,32,True
qwen2.5-7b,fitting,e56714b7ed2b,xstest_safe,False,test,system,natural_slot,22,5,7,21,False
qwen2.5-7b,fitting,e56714b7ed2b,xstest_safe,False,test,user,natural_slot,24,5,18,23,False
qwen2.5-7b,fitting,e56714b7ed2b,xstest_safe,False,test,tool,natural_slot,49,5,39,48,False
qwen2.5-7b,fitting,e56714b7ed2b,xstest_safe,False,test,assistant,natural_slot,33,5,27,32,False
qwen2.5-7b,fitting,6331663817d0,alpaca,False,test,system,fixed_slot,28,11,13,27,False
qwen2.5-7b,fitting,6331663817d0,alpaca,False,test,user,fixed_slot,39,11,33,38,True
qwen2.5-7b,fitting,6331663817d0,alpaca,False,test,tool,fixed_slot,47,11,37,46,True
qwen2.5-7b,fitting,6331663817d0,alpaca,False,test,assistant,fixed_slot,39,11,33,38,True
qwen2.5-7b,fitting,6331663817d0,alpaca,False,test,system,natural_slot,28,11,13,27,False
qwen2.5-7b,fitting,6331663817d0,alpaca,False,test,user,natural_slot,30,11,24,29,False
qwen2.5-7b,fitting,6331663817d0,alpaca,False,test,tool,natural_slot,55,11,45,54,False
qwen2.5-7b,fitting,6331663817d0,alpaca,False,test,assistant,natural_slot,39,11,33,38,False
qwen2.5-7b,fitting,8dd11ab37d08,xstest_safe,False,train,system,fixed_slot,26,9,11,25,False
qwen2.5-7b,fitting,8dd11ab37d08,xstest_safe,False,train,user,fixed_slot,37,9,31,36,True
qwen2.5-7b,fitting,8dd11ab37d08,xstest_safe,False,train,tool,fixed_slot,45,9,35,44,True
qwen2.5-7b,fitting,8dd11ab37d08,xstest_safe,False,train,assistant,fixed_slot,37,9,31,36,True
qwen2.5-7b,fitting,8dd11ab37d08,xstest_safe,False,train,system,natural_slot,26,9,11,25,False
qwen2.5-7b,fitting,8dd11ab37d08,xstest_safe,False,train,user,natural_slot,28,9,22,27,False
qwen2.5-7b,fitting,8dd11ab37d08,xstest_safe,False,train,tool,natural_slot,53,9,43,52,False
qwen2.5-7b,fitting,8dd11ab37d08,xstest_safe,False,train,assistant,natural_slot,37,9,31,36,False
qwen2.5-7b,fitting,5a19203be94e,alpaca,False,test,system,fixed_slot,36,19,21,35,False
qwen2.5-7b,fitting,5a19203be94e,alpaca,False,test,user,fixed_slot,47,19,41,46,True
qwen2.5-7b,fitting,5a19203be94e,alpaca,False,test,tool,fixed_slot,55,19,45,54,True
qwen2.5-7b,fitting,5a19203be94e,alpaca,False,test,assistant,fixed_slot,47,19,41,46,True
qwen2.5-7b,fitting,5a19203be94e,alpaca,False,test,system,natural_slot,36,19,21,35,False
qwen2.5-7b,fitting,5a19203be94e,alpaca,False,test,user,natural_slot,38,19,32,37,False
qwen2.5-7b,fitting,5a19203be94e,alpaca,False,test,tool,natural_slot,63,19,53,62,False
qwen2.5-7b,fitting,5a19203be94e,alpaca,False,test,assistant,natural_slot,47,19,41,46,False
qwen2.5-7b,fitting,164c57307c6f,xstest_safe,False,train,system,fixed_slot,28,11,13,27,False
qwen2.5-7b,fitting,164c57307c6f,xstest_safe,False,train,user,fixed_slot,39,11,33,38,True
qwen2.5-7b,fitting,164c57307c6f,xstest_safe,False,train,tool,fixed_slot,47,11,37,46,True
qwen2.5-7b,fitting,164c57307c6f,xstest_safe,False,train,assistant,fixed_slot,39,11,33,38,True
qwen2.5-7b,fitting,164c57307c6f,xstest_safe,False,train,system,natural_slot,28,11,13,27,False
qwen2.5-7b,fitting,164c57307c6f,xstest_safe,False,train,user,natural_slot,30,11,24,29,False
qwen2.5-7b,fitting,164c57307c6f,xstest_safe,False,train,tool,natural_slot,55,11,45,54,False
qwen2.5-7b,fitting,164c57307c6f,xstest_safe,False,train,assistant,natural_slot,39,11,33,38,False
qwen2.5-7b,fitting,ecdeb9ed0d84,alpaca,False,train,system,fixed_slot,26,9,11,25,False
qwen2.5-7b,fitting,ecdeb9ed0d84,alpaca,False,train,user,fixed_slot,37,9,31,36,True
qwen2.5-7b,fitting,ecdeb9ed0d84,alpaca,False,train,tool,fixed_slot,45,9,35,44,True
qwen2.5-7b,fitting,ecdeb9ed0d84,alpaca,False,train,assistant,fixed_slot,37,9,31,36,True
qwen2.5-7b,fitting,ecdeb9ed0d84,alpaca,False,train,system,natural_slot,26,9,11,25,False
qwen2.5-7b,fitting,ecdeb9ed0d84,alpaca,False,train,user,natural_slot,28,9,22,27,False
qwen2.5-7b,fitting,ecdeb9ed0d84,alpaca,False,train,tool,natural_slot,53,9,43,52,False
qwen2.5-7b,fitting,ecdeb9ed0d84,alpaca,False,train,assistant,natural_slot,37,9,31,36,False
qwen2.5-7b,fitting,95eb11740720,xstest_safe,False,train,system,fixed_slot,34,17,19,33,False
qwen2.5-7b,fitting,95eb11740720,xstest_safe,False,train,user,fixed_slot,45,17,39,44,True
qwen2.5-7b,fitting,95eb11740720,xstest_safe,False,train,tool,fixed_slot,53,17,43,52,True
qwen2.5-7b,fitting,95eb11740720,xstest_safe,False,train,assistant,fixed_slot,45,17,39,44,True
qwen2.5-7b,fitting,95eb11740720,xstest_safe,False,train,system,natural_slot,34,17,19,33,False
qwen2.5-7b,fitting,95eb11740720,xstest_safe,False,train,user,natural_slot,36,17,30,35,False
qwen2.5-7b,fitting,95eb11740720,xstest_safe,False,train,tool,natural_slot,61,17,51,60,False
qwen2.5-7b,fitting,95eb11740720,xstest_safe,False,train,assistant,natural_slot,45,17,39,44,False
qwen2.5-7b,fitting,823e1fe3c3f4,alpaca,False,test,system,fixed_slot,26,9,11,25,False
qwen2.5-7b,fitting,823e1fe3c3f4,alpaca,False,test,user,fixed_slot,37,9,31,36,True
qwen2.5-7b,fitting,823e1fe3c3f4,alpaca,False,test,tool,fixed_slot,45,9,35,44,True
qwen2.5-7b,fitting,823e1fe3c3f4,alpaca,False,test,assistant,fixed_slot,37,9,31,36,True
qwen2.5-7b,fitting,823e1fe3c3f4,alpaca,False,test,system,natural_slot,26,9,11,25,False
qwen2.5-7b,fitting,823e1fe3c3f4,alpaca,False,test,user,natural_slot,28,9,22,27,False
qwen2.5-7b,fitting,823e1fe3c3f4,alpaca,False,test,tool,natural_slot,53,9,43,52,False
qwen2.5-7b,fitting,823e1fe3c3f4,alpaca,False,test,assistant,natural_slot,37,9,31,36,False
qwen2.5-7b,fitting,86e38d455e3d,xstest_safe,False,test,system,fixed_slot,21,4,6,20,False
qwen2.5-7b,fitting,86e38d455e3d,xstest_safe,False,test,user,fixed_slot,32,4,26,31,True
qwen2.5-7b,fitting,86e38d455e3d,xstest_safe,False,test,tool,fixed_slot,40,4,30,39,True
qwen2.5-7b,fitting,86e38d455e3d,xstest_safe,False,test,assistant,fixed_slot,32,4,26,31,True
qwen2.5-7b,fitting,86e38d455e3d,xstest_safe,False,test,system,natural_slot,21,4,6,20,False
qwen2.5-7b,fitting,86e38d455e3d,xstest_safe,False,test,user,natural_slot,23,4,17,22,False
qwen2.5-7b,fitting,86e38d455e3d,xstest_safe,False,test,tool,natural_slot,48,4,38,47,False
qwen2.5-7b,fitting,86e38d455e3d,xstest_safe,False,test,assistant,natural_slot,32,4,26,31,False
qwen2.5-7b,fitting,245a18eaef19,alpaca,False,test,system,fixed_slot,29,12,14,28,False
qwen2.5-7b,fitting,245a18eaef19,alpaca,False,test,user,fixed_slot,40,12,34,39,True
qwen2.5-7b,fitting,245a18eaef19,alpaca,False,test,tool,fixed_slot,49,12,38,48,True
qwen2.5-7b,fitting,245a18eaef19,alpaca,False,test,assistant,fixed_slot,40,12,34,39,True
qwen2.5-7b,fitting,245a18eaef19,alpaca,False,test,system,natural_slot,29,12,14,28,False
qwen2.5-7b,fitting,245a18eaef19,alpaca,False,test,user,natural_slot,31,12,25,30,False
qwen2.5-7b,fitting,245a18eaef19,alpaca,False,test,tool,natural_slot,57,12,46,56,False
qwen2.5-7b,fitting,245a18eaef19,alpaca,False,test,assistant,natural_slot,40,12,34,39,False
qwen2.5-7b,fitting,c699d4581cb6,xstest_safe,False,train,system,fixed_slot,28,11,13,27,False
qwen2.5-7b,fitting,c699d4581cb6,xstest_safe,False,train,user,fixed_slot,39,11,33,38,True
qwen2.5-7b,fitting,c699d4581cb6,xstest_safe,False,train,tool,fixed_slot,47,11,37,46,True
qwen2.5-7b,fitting,c699d4581cb6,xstest_safe,False,train,assistant,fixed_slot,39,11,33,38,True
qwen2.5-7b,fitting,c699d4581cb6,xstest_safe,False,train,system,natural_slot,28,11,13,27,False
qwen2.5-7b,fitting,c699d4581cb6,xstest_safe,False,train,user,natural_slot,30,11,24,29,False
qwen2.5-7b,fitting,c699d4581cb6,xstest_safe,False,train,tool,natural_slot,55,11,45,54,False
qwen2.5-7b,fitting,c699d4581cb6,xstest_safe,False,train,assistant,natural_slot,39,11,33,38,False
qwen2.5-7b,fitting,2ca31d9e4bc1,alpaca,False,train,system,fixed_slot,28,11,13,27,False
qwen2.5-7b,fitting,2ca31d9e4bc1,alpaca,False,train,user,fixed_slot,39,11,33,38,True
qwen2.5-7b,fitting,2ca31d9e4bc1,alpaca,False,train,tool,fixed_slot,47,11,37,46,True
qwen2.5-7b,fitting,2ca31d9e4bc1,alpaca,False,train,assistant,fixed_slot,39,11,33,38,True
qwen2.5-7b,fitting,2ca31d9e4bc1,alpaca,False,train,system,natural_slot,28,11,13,27,False
qwen2.5-7b,fitting,2ca31d9e4bc1,alpaca,False,train,user,natural_slot,30,11,24,29,False
qwen2.5-7b,fitting,2ca31d9e4bc1,alpaca,False,train,tool,natural_slot,55,11,45,54,False
qwen2.5-7b,fitting,2ca31d9e4bc1,alpaca,False,train,assistant,natural_slot,39,11,33,38,False
qwen2.5-7b,fitting,022ebdf50d4f,xstest_safe,False,train,system,fixed_slot,21,4,6,20,False
qwen2.5-7b,fitting,022ebdf50d4f,xstest_safe,False,train,user,fixed_slot,32,4,26,31,True
qwen2.5-7b,fitting,022ebdf50d4f,xstest_safe,False,train,tool,fixed_slot,40,4,30,39,True
qwen2.5-7b,fitting,022ebdf50d4f,xstest_safe,False,train,assistant,fixed_slot,32,4,26,31,True
qwen2.5-7b,fitting,022ebdf50d4f,xstest_safe,False,train,system,natural_slot,21,4,6,20,False
qwen2.5-7b,fitting,022ebdf50d4f,xstest_safe,False,train,user,natural_slot,23,4,17,22,False
qwen2.5-7b,fitting,022ebdf50d4f,xstest_safe,False,train,tool,natural_slot,48,4,38,47,False
qwen2.5-7b,fitting,022ebdf50d4f,xstest_safe,False,train,assistant,natural_slot,32,4,26,31,False
qwen2.5-7b,fitting,eb2499671db5,alpaca,False,train,system,fixed_slot,27,10,12,26,False
qwen2.5-7b,fitting,eb2499671db5,alpaca,False,train,user,fixed_slot,38,10,32,37,True
qwen2.5-7b,fitting,eb2499671db5,alpaca,False,train,tool,fixed_slot,46,10,36,45,True
qwen2.5-7b,fitting,eb2499671db5,alpaca,False,train,assistant,fixed_slot,38,10,32,37,True
qwen2.5-7b,fitting,eb2499671db5,alpaca,False,train,system,natural_slot,27,10,12,26,False
qwen2.5-7b,fitting,eb2499671db5,alpaca,False,train,user,natural_slot,29,10,23,28,False
qwen2.5-7b,fitting,eb2499671db5,alpaca,False,train,tool,natural_slot,54,10,44,53,False
qwen2.5-7b,fitting,eb2499671db5,alpaca,False,train,assistant,natural_slot,38,10,32,37,False
qwen2.5-7b,fitting,a9367efebeb8,xstest_safe,False,test,system,fixed_slot,26,9,11,25,False
qwen2.5-7b,fitting,a9367efebeb8,xstest_safe,False,test,user,fixed_slot,37,9,31,36,True
qwen2.5-7b,fitting,a9367efebeb8,xstest_safe,False,test,tool,fixed_slot,45,9,35,44,True
qwen2.5-7b,fitting,a9367efebeb8,xstest_safe,False,test,assistant,fixed_slot,37,9,31,36,True
qwen2.5-7b,fitting,a9367efebeb8,xstest_safe,False,test,system,natural_slot,26,9,11,25,False
qwen2.5-7b,fitting,a9367efebeb8,xstest_safe,False,test,user,natural_slot,28,9,22,27,False
qwen2.5-7b,fitting,a9367efebeb8,xstest_safe,False,test,tool,natural_slot,53,9,43,52,False
qwen2.5-7b,fitting,a9367efebeb8,xstest_safe,False,test,assistant,natural_slot,37,9,31,36,False
qwen2.5-7b,fitting,ef4f0af42c9e,alpaca,False,train,system,fixed_slot,26,9,11,25,False
qwen2.5-7b,fitting,ef4f0af42c9e,alpaca,False,train,user,fixed_slot,37,9,31,36,True
qwen2.5-7b,fitting,ef4f0af42c9e,alpaca,False,train,tool,fixed_slot,46,9,35,45,True
qwen2.5-7b,fitting,ef4f0af42c9e,alpaca,False,train,assistant,fixed_slot,37,9,31,36,True
qwen2.5-7b,fitting,ef4f0af42c9e,alpaca,False,train,system,natural_slot,26,9,11,25,False
qwen2.5-7b,fitting,ef4f0af42c9e,alpaca,False,train,user,natural_slot,28,9,22,27,False
qwen2.5-7b,fitting,ef4f0af42c9e,alpaca,False,train,tool,natural_slot,54,9,43,53,False
qwen2.5-7b,fitting,ef4f0af42c9e,alpaca,False,train,assistant,natural_slot,37,9,31,36,False
qwen2.5-7b,fitting,f77901c58c7e,xstest_safe,False,train,system,fixed_slot,27,10,12,26,False
qwen2.5-7b,fitting,f77901c58c7e,xstest_safe,False,train,user,fixed_slot,38,10,32,37,True
qwen2.5-7b,fitting,f77901c58c7e,xstest_safe,False,train,tool,fixed_slot,46,10,36,45,True
qwen2.5-7b,fitting,f77901c58c7e,xstest_safe,False,train,assistant,fixed_slot,38,10,32,37,True
qwen2.5-7b,fitting,f77901c58c7e,xstest_safe,False,train,system,natural_slot,27,10,12,26,False
qwen2.5-7b,fitting,f77901c58c7e,xstest_safe,False,train,user,natural_slot,29,10,23,28,False
qwen2.5-7b,fitting,f77901c58c7e,xstest_safe,False,train,tool,natural_slot,54,10,44,53,False
qwen2.5-7b,fitting,f77901c58c7e,xstest_safe,False,train,assistant,natural_slot,38,10,32,37,False
qwen2.5-7b,fitting,6bfe7b428cca,alpaca,False,train,system,fixed_slot,27,10,12,26,False
qwen2.5-7b,fitting,6bfe7b428cca,alpaca,False,train,user,fixed_slot,38,10,32,37,True
qwen2.5-7b,fitting,6bfe7b428cca,alpaca,False,train,tool,fixed_slot,46,10,36,45,True
qwen2.5-7b,fitting,6bfe7b428cca,alpaca,False,train,assistant,fixed_slot,38,10,32,37,True
qwen2.5-7b,fitting,6bfe7b428cca,alpaca,False,train,system,natural_slot,27,10,12,26,False
qwen2.5-7b,fitting,6bfe7b428cca,alpaca,False,train,user,natural_slot,29,10,23,28,False
qwen2.5-7b,fitting,6bfe7b428cca,alpaca,False,train,tool,natural_slot,54,10,44,53,False
qwen2.5-7b,fitting,6bfe7b428cca,alpaca,False,train,assistant,natural_slot,38,10,32,37,False
qwen2.5-7b,fitting,6530ba1ecedf,xstest_safe,False,train,system,fixed_slot,25,8,10,24,False
qwen2.5-7b,fitting,6530ba1ecedf,xstest_safe,False,train,user,fixed_slot,36,8,30,35,True
qwen2.5-7b,fitting,6530ba1ecedf,xstest_safe,False,train,tool,fixed_slot,44,8,34,43,True
qwen2.5-7b,fitting,6530ba1ecedf,xstest_safe,False,train,assistant,fixed_slot,36,8,30,35,True
qwen2.5-7b,fitting,6530ba1ecedf,xstest_safe,False,train,system,natural_slot,25,8,10,24,False
qwen2.5-7b,fitting,6530ba1ecedf,xstest_safe,False,train,user,natural_slot,27,8,21,26,False
qwen2.5-7b,fitting,6530ba1ecedf,xstest_safe,False,train,tool,natural_slot,52,8,42,51,False
qwen2.5-7b,fitting,6530ba1ecedf,xstest_safe,False,train,assistant,natural_slot,36,8,30,35,False
qwen2.5-7b,fitting,d1c8a894ff71,alpaca,False,train,system,fixed_slot,28,11,13,27,False
qwen2.5-7b,fitting,d1c8a894ff71,alpaca,False,train,user,fixed_slot,39,11,33,38,True
qwen2.5-7b,fitting,d1c8a894ff71,alpaca,False,train,tool,fixed_slot,47,11,37,46,True
qwen2.5-7b,fitting,d1c8a894ff71,alpaca,False,train,assistant,fixed_slot,39,11,33,38,True
qwen2.5-7b,fitting,d1c8a894ff71,alpaca,False,train,system,natural_slot,28,11,13,27,False
qwen2.5-7b,fitting,d1c8a894ff71,alpaca,False,train,user,natural_slot,30,11,24,29,False
qwen2.5-7b,fitting,d1c8a894ff71,alpaca,False,train,tool,natural_slot,55,11,45,54,False
qwen2.5-7b,fitting,d1c8a894ff71,alpaca,False,train,assistant,natural_slot,39,11,33,38,False
qwen2.5-7b,fitting,44ddfbaf6137,xstest_safe,False,train,system,fixed_slot,28,11,13,27,False
qwen2.5-7b,fitting,44ddfbaf6137,xstest_safe,False,train,user,fixed_slot,39,11,33,38,True
qwen2.5-7b,fitting,44ddfbaf6137,xstest_safe,False,train,tool,fixed_slot,47,11,37,46,True
qwen2.5-7b,fitting,44ddfbaf6137,xstest_safe,False,train,assistant,fixed_slot,39,11,33,38,True
qwen2.5-7b,fitting,44ddfbaf6137,xstest_safe,False,train,system,natural_slot,28,11,13,27,False
qwen2.5-7b,fitting,44ddfbaf6137,xstest_safe,False,train,user,natural_slot,30,11,24,29,False
qwen2.5-7b,fitting,44ddfbaf6137,xstest_safe,False,train,tool,natural_slot,55,11,45,54,False
qwen2.5-7b,fitting,44ddfbaf6137,xstest_safe,False,train,assistant,natural_slot,39,11,33,38,False
qwen2.5-7b,fitting,b1fad2134f5d,alpaca,False,train,system,fixed_slot,33,16,18,32,False
qwen2.5-7b,fitting,b1fad2134f5d,alpaca,False,train,user,fixed_slot,44,16,38,43,True
qwen2.5-7b,fitting,b1fad2134f5d,alpaca,False,train,tool,fixed_slot,53,16,42,52,True
qwen2.5-7b,fitting,b1fad2134f5d,alpaca,False,train,assistant,fixed_slot,44,16,38,43,True
qwen2.5-7b,fitting,b1fad2134f5d,alpaca,False,train,system,natural_slot,33,16,18,32,False
qwen2.5-7b,fitting,b1fad2134f5d,alpaca,False,train,user,natural_slot,35,16,29,34,False
qwen2.5-7b,fitting,b1fad2134f5d,alpaca,False,train,tool,natural_slot,61,16,50,60,False
qwen2.5-7b,fitting,b1fad2134f5d,alpaca,False,train,assistant,natural_slot,44,16,38,43,False
qwen2.5-7b,fitting,835dda0da1d6,xstest_safe,False,train,system,fixed_slot,27,10,12,26,False
qwen2.5-7b,fitting,835dda0da1d6,xstest_safe,False,train,user,fixed_slot,38,10,32,37,True
qwen2.5-7b,fitting,835dda0da1d6,xstest_safe,False,train,tool,fixed_slot,46,10,36,45,True
qwen2.5-7b,fitting,835dda0da1d6,xstest_safe,False,train,assistant,fixed_slot,38,10,32,37,True
qwen2.5-7b,fitting,835dda0da1d6,xstest_safe,False,train,system,natural_slot,27,10,12,26,False
qwen2.5-7b,fitting,835dda0da1d6,xstest_safe,False,train,user,natural_slot,29,10,23,28,False
qwen2.5-7b,fitting,835dda0da1d6,xstest_safe,False,train,tool,natural_slot,54,10,44,53,False
qwen2.5-7b,fitting,835dda0da1d6,xstest_safe,False,train,assistant,natural_slot,38,10,32,37,False
qwen2.5-7b,fitting,de15fe600c5b,alpaca,False,train,system,fixed_slot,31,14,16,30,False
qwen2.5-7b,fitting,de15fe600c5b,alpaca,False,train,user,fixed_slot,42,14,36,41,True
qwen2.5-7b,fitting,de15fe600c5b,alpaca,False,train,tool,fixed_slot,50,14,40,49,True
qwen2.5-7b,fitting,de15fe600c5b,alpaca,False,train,assistant,fixed_slot,42,14,36,41,True
qwen2.5-7b,fitting,de15fe600c5b,alpaca,False,train,system,natural_slot,31,14,16,30,False
qwen2.5-7b,fitting,de15fe600c5b,alpaca,False,train,user,natural_slot,33,14,27,32,False
qwen2.5-7b,fitting,de15fe600c5b,alpaca,False,train,tool,natural_slot,58,14,48,57,False
qwen2.5-7b,fitting,de15fe600c5b,alpaca,False,train,assistant,natural_slot,42,14,36,41,False
qwen2.5-7b,fitting,ada31462585b,xstest_safe,False,train,system,fixed_slot,27,10,12,26,False
qwen2.5-7b,fitting,ada31462585b,xstest_safe,False,train,user,fixed_slot,38,10,32,37,True
qwen2.5-7b,fitting,ada31462585b,xstest_safe,False,train,tool,fixed_slot,46,10,36,45,True
qwen2.5-7b,fitting,ada31462585b,xstest_safe,False,train,assistant,fixed_slot,38,10,32,37,True
qwen2.5-7b,fitting,ada31462585b,xstest_safe,False,train,system,natural_slot,27,10,12,26,False
qwen2.5-7b,fitting,ada31462585b,xstest_safe,False,train,user,natural_slot,29,10,23,28,False
qwen2.5-7b,fitting,ada31462585b,xstest_safe,False,train,tool,natural_slot,54,10,44,53,False
qwen2.5-7b,fitting,ada31462585b,xstest_safe,False,train,assistant,natural_slot,38,10,32,37,False
qwen2.5-7b,fitting,0a96c2391ef1,alpaca,False,test,system,fixed_slot,27,10,12,26,False
qwen2.5-7b,fitting,0a96c2391ef1,alpaca,False,test,user,fixed_slot,38,10,32,37,True
qwen2.5-7b,fitting,0a96c2391ef1,alpaca,False,test,tool,fixed_slot,46,10,36,45,True
qwen2.5-7b,fitting,0a96c2391ef1,alpaca,False,test,assistant,fixed_slot,38,10,32,37,True
qwen2.5-7b,fitting,0a96c2391ef1,alpaca,False,test,system,natural_slot,27,10,12,26,False
qwen2.5-7b,fitting,0a96c2391ef1,alpaca,False,test,user,natural_slot,29,10,23,28,False
qwen2.5-7b,fitting,0a96c2391ef1,alpaca,False,test,tool,natural_slot,54,10,44,53,False
qwen2.5-7b,fitting,0a96c2391ef1,alpaca,False,test,assistant,natural_slot,38,10,32,37,False
qwen2.5-7b,fitting,89af7225eaef,xstest_safe,False,train,system,fixed_slot,30,13,15,29,False
qwen2.5-7b,fitting,89af7225eaef,xstest_safe,False,train,user,fixed_slot,41,13,35,40,True
qwen2.5-7b,fitting,89af7225eaef,xstest_safe,False,train,tool,fixed_slot,49,13,39,48,True
qwen2.5-7b,fitting,89af7225eaef,xstest_safe,False,train,assistant,fixed_slot,41,13,35,40,True
qwen2.5-7b,fitting,89af7225eaef,xstest_safe,False,train,system,natural_slot,30,13,15,29,False
qwen2.5-7b,fitting,89af7225eaef,xstest_safe,False,train,user,natural_slot,32,13,26,31,False
qwen2.5-7b,fitting,89af7225eaef,xstest_safe,False,train,tool,natural_slot,57,13,47,56,False
qwen2.5-7b,fitting,89af7225eaef,xstest_safe,False,train,assistant,natural_slot,41,13,35,40,False
qwen2.5-7b,fitting,d943b8f3286d,alpaca,False,test,system,fixed_slot,37,20,22,36,False
qwen2.5-7b,fitting,d943b8f3286d,alpaca,False,test,user,fixed_slot,48,20,42,47,True
qwen2.5-7b,fitting,d943b8f3286d,alpaca,False,test,tool,fixed_slot,56,20,46,55,True
qwen2.5-7b,fitting,d943b8f3286d,alpaca,False,test,assistant,fixed_slot,48,20,42,47,True
qwen2.5-7b,fitting,d943b8f3286d,alpaca,False,test,system,natural_slot,37,20,22,36,False
qwen2.5-7b,fitting,d943b8f3286d,alpaca,False,test,user,natural_slot,39,20,33,38,False
qwen2.5-7b,fitting,d943b8f3286d,alpaca,False,test,tool,natural_slot,64,20,54,63,False
qwen2.5-7b,fitting,d943b8f3286d,alpaca,False,test,assistant,natural_slot,48,20,42,47,False
qwen2.5-7b,fitting,82ecfe0ee0f7,xstest_safe,False,train,system,fixed_slot,28,11,13,27,False
qwen2.5-7b,fitting,82ecfe0ee0f7,xstest_safe,False,train,user,fixed_slot,39,11,33,38,True
qwen2.5-7b,fitting,82ecfe0ee0f7,xstest_safe,False,train,tool,fixed_slot,47,11,37,46,True
qwen2.5-7b,fitting,82ecfe0ee0f7,xstest_safe,False,train,assistant,fixed_slot,39,11,33,38,True
qwen2.5-7b,fitting,82ecfe0ee0f7,xstest_safe,False,train,system,natural_slot,28,11,13,27,False
qwen2.5-7b,fitting,82ecfe0ee0f7,xstest_safe,False,train,user,natural_slot,30,11,24,29,False
qwen2.5-7b,fitting,82ecfe0ee0f7,xstest_safe,False,train,tool,natural_slot,55,11,45,54,False
qwen2.5-7b,fitting,82ecfe0ee0f7,xstest_safe,False,train,assistant,natural_slot,39,11,33,38,False
qwen2.5-7b,fitting,f5738956f393,alpaca,False,train,system,fixed_slot,28,11,13,27,False
qwen2.5-7b,fitting,f5738956f393,alpaca,False,train,user,fixed_slot,39,11,33,38,True
qwen2.5-7b,fitting,f5738956f393,alpaca,False,train,tool,fixed_slot,47,11,37,46,True
qwen2.5-7b,fitting,f5738956f393,alpaca,False,train,assistant,fixed_slot,39,11,33,38,True
qwen2.5-7b,fitting,f5738956f393,alpaca,False,train,system,natural_slot,28,11,13,27,False
qwen2.5-7b,fitting,f5738956f393,alpaca,False,train,user,natural_slot,30,11,24,29,False
qwen2.5-7b,fitting,f5738956f393,alpaca,False,train,tool,natural_slot,55,11,45,54,False
qwen2.5-7b,fitting,f5738956f393,alpaca,False,train,assistant,natural_slot,39,11,33,38,False
qwen2.5-7b,fitting,266f5b1d834d,xstest_safe,False,test,system,fixed_slot,28,11,13,27,False
qwen2.5-7b,fitting,266f5b1d834d,xstest_safe,False,test,user,fixed_slot,39,11,33,38,True
qwen2.5-7b,fitting,266f5b1d834d,xstest_safe,False,test,tool,fixed_slot,47,11,37,46,True
qwen2.5-7b,fitting,266f5b1d834d,xstest_safe,False,test,assistant,fixed_slot,39,11,33,38,True
qwen2.5-7b,fitting,266f5b1d834d,xstest_safe,False,test,system,natural_slot,28,11,13,27,False
qwen2.5-7b,fitting,266f5b1d834d,xstest_safe,False,test,user,natural_slot,30,11,24,29,False
qwen2.5-7b,fitting,266f5b1d834d,xstest_safe,False,test,tool,natural_slot,55,11,45,54,False
qwen2.5-7b,fitting,266f5b1d834d,xstest_safe,False,test,assistant,natural_slot,39,11,33,38,False
qwen2.5-7b,fitting,cc224f8a130c,alpaca,False,test,system,fixed_slot,27,10,12,26,False
qwen2.5-7b,fitting,cc224f8a130c,alpaca,False,test,user,fixed_slot,38,10,32,37,True
qwen2.5-7b,fitting,cc224f8a130c,alpaca,False,test,tool,fixed_slot,46,10,36,45,True
qwen2.5-7b,fitting,cc224f8a130c,alpaca,False,test,assistant,fixed_slot,38,10,32,37,True
qwen2.5-7b,fitting,cc224f8a130c,alpaca,False,test,system,natural_slot,27,10,12,26,False
qwen2.5-7b,fitting,cc224f8a130c,alpaca,False,test,user,natural_slot,29,10,23,28,False
qwen2.5-7b,fitting,cc224f8a130c,alpaca,False,test,tool,natural_slot,54,10,44,53,False
qwen2.5-7b,fitting,cc224f8a130c,alpaca,False,test,assistant,natural_slot,38,10,32,37,False
qwen2.5-7b,fitting,e0623cf5a547,xstest_safe,False,train,system,fixed_slot,32,15,17,31,False
qwen2.5-7b,fitting,e0623cf5a547,xstest_safe,False,train,user,fixed_slot,43,15,37,42,True
qwen2.5-7b,fitting,e0623cf5a547,xstest_safe,False,train,tool,fixed_slot,51,15,41,50,True
qwen2.5-7b,fitting,e0623cf5a547,xstest_safe,False,train,assistant,fixed_slot,43,15,37,42,True
qwen2.5-7b,fitting,e0623cf5a547,xstest_safe,False,train,system,natural_slot,32,15,17,31,False
qwen2.5-7b,fitting,e0623cf5a547,xstest_safe,False,train,user,natural_slot,34,15,28,33,False
qwen2.5-7b,fitting,e0623cf5a547,xstest_safe,False,train,tool,natural_slot,59,15,49,58,False
qwen2.5-7b,fitting,e0623cf5a547,xstest_safe,False,train,assistant,natural_slot,43,15,37,42,False
qwen2.5-7b,fitting,a7fd2b4b98e6,alpaca,False,train,system,fixed_slot,33,16,18,32,False
qwen2.5-7b,fitting,a7fd2b4b98e6,alpaca,False,train,user,fixed_slot,44,16,38,43,True
qwen2.5-7b,fitting,a7fd2b4b98e6,alpaca,False,train,tool,fixed_slot,52,16,42,51,True
qwen2.5-7b,fitting,a7fd2b4b98e6,alpaca,False,train,assistant,fixed_slot,44,16,38,43,True
qwen2.5-7b,fitting,a7fd2b4b98e6,alpaca,False,train,system,natural_slot,33,16,18,32,False
qwen2.5-7b,fitting,a7fd2b4b98e6,alpaca,False,train,user,natural_slot,35,16,29,34,False
qwen2.5-7b,fitting,a7fd2b4b98e6,alpaca,False,train,tool,natural_slot,60,16,50,59,False
qwen2.5-7b,fitting,a7fd2b4b98e6,alpaca,False,train,assistant,natural_slot,44,16,38,43,False
qwen2.5-7b,fitting,ff78a383dd23,xstest_safe,False,train,system,fixed_slot,27,10,12,26,False
qwen2.5-7b,fitting,ff78a383dd23,xstest_safe,False,train,user,fixed_slot,38,10,32,37,True
qwen2.5-7b,fitting,ff78a383dd23,xstest_safe,False,train,tool,fixed_slot,46,10,36,45,True
qwen2.5-7b,fitting,ff78a383dd23,xstest_safe,False,train,assistant,fixed_slot,38,10,32,37,True
qwen2.5-7b,fitting,ff78a383dd23,xstest_safe,False,train,system,natural_slot,27,10,12,26,False
qwen2.5-7b,fitting,ff78a383dd23,xstest_safe,False,train,user,natural_slot,29,10,23,28,False
qwen2.5-7b,fitting,ff78a383dd23,xstest_safe,False,train,tool,natural_slot,54,10,44,53,False
qwen2.5-7b,fitting,ff78a383dd23,xstest_safe,False,train,assistant,natural_slot,38,10,32,37,False
qwen2.5-7b,fitting,149243a897fe,alpaca,False,train,system,fixed_slot,45,28,30,44,False
qwen2.5-7b,fitting,149243a897fe,alpaca,False,train,user,fixed_slot,56,28,50,55,True
qwen2.5-7b,fitting,149243a897fe,alpaca,False,train,tool,fixed_slot,64,28,54,63,True
qwen2.5-7b,fitting,149243a897fe,alpaca,False,train,assistant,fixed_slot,56,28,50,55,True
qwen2.5-7b,fitting,149243a897fe,alpaca,False,train,system,natural_slot,45,28,30,44,False
qwen2.5-7b,fitting,149243a897fe,alpaca,False,train,user,natural_slot,47,28,41,46,False
qwen2.5-7b,fitting,149243a897fe,alpaca,False,train,tool,natural_slot,72,28,62,71,False
qwen2.5-7b,fitting,149243a897fe,alpaca,False,train,assistant,natural_slot,56,28,50,55,False
qwen2.5-7b,fitting,914d8d44387f,xstest_safe,False,train,system,fixed_slot,26,9,11,25,False
qwen2.5-7b,fitting,914d8d44387f,xstest_safe,False,train,user,fixed_slot,37,9,31,36,True
qwen2.5-7b,fitting,914d8d44387f,xstest_safe,False,train,tool,fixed_slot,45,9,35,44,True
qwen2.5-7b,fitting,914d8d44387f,xstest_safe,False,train,assistant,fixed_slot,37,9,31,36,True
qwen2.5-7b,fitting,914d8d44387f,xstest_safe,False,train,system,natural_slot,26,9,11,25,False
qwen2.5-7b,fitting,914d8d44387f,xstest_safe,False,train,user,natural_slot,28,9,22,27,False
qwen2.5-7b,fitting,914d8d44387f,xstest_safe,False,train,tool,natural_slot,53,9,43,52,False
qwen2.5-7b,fitting,914d8d44387f,xstest_safe,False,train,assistant,natural_slot,37,9,31,36,False
qwen2.5-7b,fitting,f12777e5ef3c,alpaca,False,train,system,fixed_slot,25,8,10,24,False
qwen2.5-7b,fitting,f12777e5ef3c,alpaca,False,train,user,fixed_slot,36,8,30,35,True
qwen2.5-7b,fitting,f12777e5ef3c,alpaca,False,train,tool,fixed_slot,44,8,34,43,True
qwen2.5-7b,fitting,f12777e5ef3c,alpaca,False,train,assistant,fixed_slot,36,8,30,35,True
qwen2.5-7b,fitting,f12777e5ef3c,alpaca,False,train,system,natural_slot,25,8,10,24,False
qwen2.5-7b,fitting,f12777e5ef3c,alpaca,False,train,user,natural_slot,27,8,21,26,False
qwen2.5-7b,fitting,f12777e5ef3c,alpaca,False,train,tool,natural_slot,52,8,42,51,False
qwen2.5-7b,fitting,f12777e5ef3c,alpaca,False,train,assistant,natural_slot,36,8,30,35,False
qwen2.5-7b,fitting,742ec34e671f,xstest_safe,False,train,system,fixed_slot,28,11,13,27,False
qwen2.5-7b,fitting,742ec34e671f,xstest_safe,False,train,user,fixed_slot,39,11,33,38,True
qwen2.5-7b,fitting,742ec34e671f,xstest_safe,False,train,tool,fixed_slot,47,11,37,46,True
qwen2.5-7b,fitting,742ec34e671f,xstest_safe,False,train,assistant,fixed_slot,39,11,33,38,True
qwen2.5-7b,fitting,742ec34e671f,xstest_safe,False,train,system,natural_slot,28,11,13,27,False
qwen2.5-7b,fitting,742ec34e671f,xstest_safe,False,train,user,natural_slot,30,11,24,29,False
qwen2.5-7b,fitting,742ec34e671f,xstest_safe,False,train,tool,natural_slot,55,11,45,54,False
qwen2.5-7b,fitting,742ec34e671f,xstest_safe,False,train,assistant,natural_slot,39,11,33,38,False
qwen2.5-7b,fitting,7f21786cb8ed,alpaca,False,test,system,fixed_slot,22,5,7,21,False
qwen2.5-7b,fitting,7f21786cb8ed,alpaca,False,test,user,fixed_slot,33,5,27,32,True
qwen2.5-7b,fitting,7f21786cb8ed,alpaca,False,test,tool,fixed_slot,41,5,31,40,True
qwen2.5-7b,fitting,7f21786cb8ed,alpaca,False,test,assistant,fixed_slot,33,5,27,32,True
qwen2.5-7b,fitting,7f21786cb8ed,alpaca,False,test,system,natural_slot,22,5,7,21,False
qwen2.5-7b,fitting,7f21786cb8ed,alpaca,False,test,user,natural_slot,24,5,18,23,False
qwen2.5-7b,fitting,7f21786cb8ed,alpaca,False,test,tool,natural_slot,49,5,39,48,False
qwen2.5-7b,fitting,7f21786cb8ed,alpaca,False,test,assistant,natural_slot,33,5,27,32,False
qwen2.5-7b,fitting,c504b88c6c0c,xstest_safe,False,train,system,fixed_slot,25,8,10,24,False
qwen2.5-7b,fitting,c504b88c6c0c,xstest_safe,False,train,user,fixed_slot,36,8,30,35,True
qwen2.5-7b,fitting,c504b88c6c0c,xstest_safe,False,train,tool,fixed_slot,44,8,34,43,True
qwen2.5-7b,fitting,c504b88c6c0c,xstest_safe,False,train,assistant,fixed_slot,36,8,30,35,True
qwen2.5-7b,fitting,c504b88c6c0c,xstest_safe,False,train,system,natural_slot,25,8,10,24,False
qwen2.5-7b,fitting,c504b88c6c0c,xstest_safe,False,train,user,natural_slot,27,8,21,26,False
qwen2.5-7b,fitting,c504b88c6c0c,xstest_safe,False,train,tool,natural_slot,52,8,42,51,False
qwen2.5-7b,fitting,c504b88c6c0c,xstest_safe,False,train,assistant,natural_slot,36,8,30,35,False
qwen2.5-7b,fitting,83e24fdffc5a,alpaca,False,test,system,fixed_slot,31,14,16,30,False
qwen2.5-7b,fitting,83e24fdffc5a,alpaca,False,test,user,fixed_slot,42,14,36,41,True
qwen2.5-7b,fitting,83e24fdffc5a,alpaca,False,test,tool,fixed_slot,50,14,40,49,True
qwen2.5-7b,fitting,83e24fdffc5a,alpaca,False,test,assistant,fixed_slot,42,14,36,41,True
qwen2.5-7b,fitting,83e24fdffc5a,alpaca,False,test,system,natural_slot,31,14,16,30,False
qwen2.5-7b,fitting,83e24fdffc5a,alpaca,False,test,user,natural_slot,33,14,27,32,False
qwen2.5-7b,fitting,83e24fdffc5a,alpaca,False,test,tool,natural_slot,58,14,48,57,False
qwen2.5-7b,fitting,83e24fdffc5a,alpaca,False,test,assistant,natural_slot,42,14,36,41,False
qwen2.5-7b,fitting,9ea835f50183,xstest_safe,False,test,system,fixed_slot,30,13,15,29,False
qwen2.5-7b,fitting,9ea835f50183,xstest_safe,False,test,user,fixed_slot,41,13,35,40,True
qwen2.5-7b,fitting,9ea835f50183,xstest_safe,False,test,tool,fixed_slot,49,13,39,48,True
qwen2.5-7b,fitting,9ea835f50183,xstest_safe,False,test,assistant,fixed_slot,41,13,35,40,True
qwen2.5-7b,fitting,9ea835f50183,xstest_safe,False,test,system,natural_slot,30,13,15,29,False
qwen2.5-7b,fitting,9ea835f50183,xstest_safe,False,test,user,natural_slot,32,13,26,31,False
qwen2.5-7b,fitting,9ea835f50183,xstest_safe,False,test,tool,natural_slot,57,13,47,56,False
qwen2.5-7b,fitting,9ea835f50183,xstest_safe,False,test,assistant,natural_slot,41,13,35,40,False
qwen2.5-7b,fitting,e6c7300b92e2,alpaca,False,train,system,fixed_slot,35,18,20,34,False
qwen2.5-7b,fitting,e6c7300b92e2,alpaca,False,train,user,fixed_slot,46,18,40,45,True
qwen2.5-7b,fitting,e6c7300b92e2,alpaca,False,train,tool,fixed_slot,54,18,44,53,True
qwen2.5-7b,fitting,e6c7300b92e2,alpaca,False,train,assistant,fixed_slot,46,18,40,45,True
qwen2.5-7b,fitting,e6c7300b92e2,alpaca,False,train,system,natural_slot,35,18,20,34,False
qwen2.5-7b,fitting,e6c7300b92e2,alpaca,False,train,user,natural_slot,37,18,31,36,False
qwen2.5-7b,fitting,e6c7300b92e2,alpaca,False,train,tool,natural_slot,62,18,52,61,False
qwen2.5-7b,fitting,e6c7300b92e2,alpaca,False,train,assistant,natural_slot,46,18,40,45,False
qwen2.5-7b,fitting,f7a69b7b29aa,xstest_safe,False,train,system,fixed_slot,26,9,11,25,False
qwen2.5-7b,fitting,f7a69b7b29aa,xstest_safe,False,train,user,fixed_slot,37,9,31,36,True
qwen2.5-7b,fitting,f7a69b7b29aa,xstest_safe,False,train,tool,fixed_slot,45,9,35,44,True
qwen2.5-7b,fitting,f7a69b7b29aa,xstest_safe,False,train,assistant,fixed_slot,37,9,31,36,True
qwen2.5-7b,fitting,f7a69b7b29aa,xstest_safe,False,train,system,natural_slot,26,9,11,25,False
qwen2.5-7b,fitting,f7a69b7b29aa,xstest_safe,False,train,user,natural_slot,28,9,22,27,False
qwen2.5-7b,fitting,f7a69b7b29aa,xstest_safe,False,train,tool,natural_slot,53,9,43,52,False
qwen2.5-7b,fitting,f7a69b7b29aa,xstest_safe,False,train,assistant,natural_slot,37,9,31,36,False
qwen2.5-7b,fitting,f4ab3769e5af,alpaca,False,train,system,fixed_slot,35,18,20,34,False
qwen2.5-7b,fitting,f4ab3769e5af,alpaca,False,train,user,fixed_slot,46,18,40,45,True
qwen2.5-7b,fitting,f4ab3769e5af,alpaca,False,train,tool,fixed_slot,54,18,44,53,True
qwen2.5-7b,fitting,f4ab3769e5af,alpaca,False,train,assistant,fixed_slot,46,18,40,45,True
qwen2.5-7b,fitting,f4ab3769e5af,alpaca,False,train,system,natural_slot,35,18,20,34,False
qwen2.5-7b,fitting,f4ab3769e5af,alpaca,False,train,user,natural_slot,37,18,31,36,False
qwen2.5-7b,fitting,f4ab3769e5af,alpaca,False,train,tool,natural_slot,62,18,52,61,False
qwen2.5-7b,fitting,f4ab3769e5af,alpaca,False,train,assistant,natural_slot,46,18,40,45,False
qwen2.5-7b,fitting,39e52d86773d,xstest_safe,False,train,system,fixed_slot,28,11,13,27,False
qwen2.5-7b,fitting,39e52d86773d,xstest_safe,False,train,user,fixed_slot,39,11,33,38,True
qwen2.5-7b,fitting,39e52d86773d,xstest_safe,False,train,tool,fixed_slot,47,11,37,46,True
qwen2.5-7b,fitting,39e52d86773d,xstest_safe,False,train,assistant,fixed_slot,39,11,33,38,True
qwen2.5-7b,fitting,39e52d86773d,xstest_safe,False,train,system,natural_slot,28,11,13,27,False
qwen2.5-7b,fitting,39e52d86773d,xstest_safe,False,train,user,natural_slot,30,11,24,29,False
qwen2.5-7b,fitting,39e52d86773d,xstest_safe,False,train,tool,natural_slot,55,11,45,54,False
qwen2.5-7b,fitting,39e52d86773d,xstest_safe,False,train,assistant,natural_slot,39,11,33,38,False
qwen2.5-7b,fitting,5630662f55d7,alpaca,False,train,system,fixed_slot,27,10,12,26,False
qwen2.5-7b,fitting,5630662f55d7,alpaca,False,train,user,fixed_slot,38,10,32,37,True
qwen2.5-7b,fitting,5630662f55d7,alpaca,False,train,tool,fixed_slot,46,10,36,45,True
qwen2.5-7b,fitting,5630662f55d7,alpaca,False,train,assistant,fixed_slot,38,10,32,37,True
qwen2.5-7b,fitting,5630662f55d7,alpaca,False,train,system,natural_slot,27,10,12,26,False
qwen2.5-7b,fitting,5630662f55d7,alpaca,False,train,user,natural_slot,29,10,23,28,False
qwen2.5-7b,fitting,5630662f55d7,alpaca,False,train,tool,natural_slot,54,10,44,53,False
qwen2.5-7b,fitting,5630662f55d7,alpaca,False,train,assistant,natural_slot,38,10,32,37,False
qwen2.5-7b,fitting,47b44131f077,xstest_safe,False,train,system,fixed_slot,28,11,13,27,False
qwen2.5-7b,fitting,47b44131f077,xstest_safe,False,train,user,fixed_slot,39,11,33,38,True
qwen2.5-7b,fitting,47b44131f077,xstest_safe,False,train,tool,fixed_slot,47,11,37,46,True
qwen2.5-7b,fitting,47b44131f077,xstest_safe,False,train,assistant,fixed_slot,39,11,33,38,True
qwen2.5-7b,fitting,47b44131f077,xstest_safe,False,train,system,natural_slot,28,11,13,27,False
qwen2.5-7b,fitting,47b44131f077,xstest_safe,False,train,user,natural_slot,30,11,24,29,False
qwen2.5-7b,fitting,47b44131f077,xstest_safe,False,train,tool,natural_slot,55,11,45,54,False
qwen2.5-7b,fitting,47b44131f077,xstest_safe,False,train,assistant,natural_slot,39,11,33,38,False
qwen2.5-7b,fitting,421eb2bb577f,alpaca,False,train,system,fixed_slot,36,19,21,35,False
qwen2.5-7b,fitting,421eb2bb577f,alpaca,False,train,user,fixed_slot,47,19,41,46,True
qwen2.5-7b,fitting,421eb2bb577f,alpaca,False,train,tool,fixed_slot,55,19,45,54,True
qwen2.5-7b,fitting,421eb2bb577f,alpaca,False,train,assistant,fixed_slot,47,19,41,46,True
qwen2.5-7b,fitting,421eb2bb577f,alpaca,False,train,system,natural_slot,36,19,21,35,False
qwen2.5-7b,fitting,421eb2bb577f,alpaca,False,train,user,natural_slot,38,19,32,37,False
qwen2.5-7b,fitting,421eb2bb577f,alpaca,False,train,tool,natural_slot,63,19,53,62,False
qwen2.5-7b,fitting,421eb2bb577f,alpaca,False,train,assistant,natural_slot,47,19,41,46,False
qwen2.5-7b,fitting,480d4b7c1ff5,xstest_safe,False,train,system,fixed_slot,25,8,10,24,False
qwen2.5-7b,fitting,480d4b7c1ff5,xstest_safe,False,train,user,fixed_slot,36,8,30,35,True
qwen2.5-7b,fitting,480d4b7c1ff5,xstest_safe,False,train,tool,fixed_slot,44,8,34,43,True
qwen2.5-7b,fitting,480d4b7c1ff5,xstest_safe,False,train,assistant,fixed_slot,36,8,30,35,True
qwen2.5-7b,fitting,480d4b7c1ff5,xstest_safe,False,train,system,natural_slot,25,8,10,24,False
qwen2.5-7b,fitting,480d4b7c1ff5,xstest_safe,False,train,user,natural_slot,27,8,21,26,False
qwen2.5-7b,fitting,480d4b7c1ff5,xstest_safe,False,train,tool,natural_slot,52,8,42,51,False
qwen2.5-7b,fitting,480d4b7c1ff5,xstest_safe,False,train,assistant,natural_slot,36,8,30,35,False
qwen2.5-7b,fitting,bf366b2d1e86,alpaca,False,train,system,fixed_slot,35,18,20,34,False
qwen2.5-7b,fitting,bf366b2d1e86,alpaca,False,train,user,fixed_slot,46,18,40,45,True
qwen2.5-7b,fitting,bf366b2d1e86,alpaca,False,train,tool,fixed_slot,54,18,44,53,True
qwen2.5-7b,fitting,bf366b2d1e86,alpaca,False,train,assistant,fixed_slot,46,18,40,45,True
qwen2.5-7b,fitting,bf366b2d1e86,alpaca,False,train,system,natural_slot,35,18,20,34,False
qwen2.5-7b,fitting,bf366b2d1e86,alpaca,False,train,user,natural_slot,37,18,31,36,False
qwen2.5-7b,fitting,bf366b2d1e86,alpaca,False,train,tool,natural_slot,62,18,52,61,False
qwen2.5-7b,fitting,bf366b2d1e86,alpaca,False,train,assistant,natural_slot,46,18,40,45,False
qwen2.5-7b,fitting,34a2fead1622,xstest_safe,False,train,system,fixed_slot,26,9,11,25,False
qwen2.5-7b,fitting,34a2fead1622,xstest_safe,False,train,user,fixed_slot,37,9,31,36,True
qwen2.5-7b,fitting,34a2fead1622,xstest_safe,False,train,tool,fixed_slot,45,9,35,44,True
qwen2.5-7b,fitting,34a2fead1622,xstest_safe,False,train,assistant,fixed_slot,37,9,31,36,True
qwen2.5-7b,fitting,34a2fead1622,xstest_safe,False,train,system,natural_slot,26,9,11,25,False
qwen2.5-7b,fitting,34a2fead1622,xstest_safe,False,train,user,natural_slot,28,9,22,27,False
qwen2.5-7b,fitting,34a2fead1622,xstest_safe,False,train,tool,natural_slot,53,9,43,52,False
qwen2.5-7b,fitting,34a2fead1622,xstest_safe,False,train,assistant,natural_slot,37,9,31,36,False
qwen2.5-7b,fitting,8e5278276997,alpaca,False,train,system,fixed_slot,26,9,11,25,False
qwen2.5-7b,fitting,8e5278276997,alpaca,False,train,user,fixed_slot,37,9,31,36,True
qwen2.5-7b,fitting,8e5278276997,alpaca,False,train,tool,fixed_slot,45,9,35,44,True
qwen2.5-7b,fitting,8e5278276997,alpaca,False,train,assistant,fixed_slot,37,9,31,36,True
qwen2.5-7b,fitting,8e5278276997,alpaca,False,train,system,natural_slot,26,9,11,25,False
qwen2.5-7b,fitting,8e5278276997,alpaca,False,train,user,natural_slot,28,9,22,27,False
qwen2.5-7b,fitting,8e5278276997,alpaca,False,train,tool,natural_slot,53,9,43,52,False
qwen2.5-7b,fitting,8e5278276997,alpaca,False,train,assistant,natural_slot,37,9,31,36,False
qwen2.5-7b,fitting,2b5e736e4a2a,xstest_safe,False,test,system,fixed_slot,28,11,13,27,False
qwen2.5-7b,fitting,2b5e736e4a2a,xstest_safe,False,test,user,fixed_slot,39,11,33,38,True
qwen2.5-7b,fitting,2b5e736e4a2a,xstest_safe,False,test,tool,fixed_slot,47,11,37,46,True
qwen2.5-7b,fitting,2b5e736e4a2a,xstest_safe,False,test,assistant,fixed_slot,39,11,33,38,True
qwen2.5-7b,fitting,2b5e736e4a2a,xstest_safe,False,test,system,natural_slot,28,11,13,27,False
qwen2.5-7b,fitting,2b5e736e4a2a,xstest_safe,False,test,user,natural_slot,30,11,24,29,False
qwen2.5-7b,fitting,2b5e736e4a2a,xstest_safe,False,test,tool,natural_slot,55,11,45,54,False
qwen2.5-7b,fitting,2b5e736e4a2a,xstest_safe,False,test,assistant,natural_slot,39,11,33,38,False
qwen2.5-7b,fitting,1af98bfb1de6,alpaca,False,test,system,fixed_slot,28,11,13,27,False
qwen2.5-7b,fitting,1af98bfb1de6,alpaca,False,test,user,fixed_slot,39,11,33,38,True
qwen2.5-7b,fitting,1af98bfb1de6,alpaca,False,test,tool,fixed_slot,47,11,37,46,True
qwen2.5-7b,fitting,1af98bfb1de6,alpaca,False,test,assistant,fixed_slot,39,11,33,38,True
qwen2.5-7b,fitting,1af98bfb1de6,alpaca,False,test,system,natural_slot,28,11,13,27,False
qwen2.5-7b,fitting,1af98bfb1de6,alpaca,False,test,user,natural_slot,30,11,24,29,False
qwen2.5-7b,fitting,1af98bfb1de6,alpaca,False,test,tool,natural_slot,55,11,45,54,False
qwen2.5-7b,fitting,1af98bfb1de6,alpaca,False,test,assistant,natural_slot,39,11,33,38,False
qwen2.5-7b,fitting,d671e1bf38a2,xstest_safe,False,train,system,fixed_slot,30,13,15,29,False
qwen2.5-7b,fitting,d671e1bf38a2,xstest_safe,False,train,user,fixed_slot,41,13,35,40,True
qwen2.5-7b,fitting,d671e1bf38a2,xstest_safe,False,train,tool,fixed_slot,49,13,39,48,True
qwen2.5-7b,fitting,d671e1bf38a2,xstest_safe,False,train,assistant,fixed_slot,41,13,35,40,True
qwen2.5-7b,fitting,d671e1bf38a2,xstest_safe,False,train,system,natural_slot,30,13,15,29,False
qwen2.5-7b,fitting,d671e1bf38a2,xstest_safe,False,train,user,natural_slot,32,13,26,31,False
qwen2.5-7b,fitting,d671e1bf38a2,xstest_safe,False,train,tool,natural_slot,57,13,47,56,False
qwen2.5-7b,fitting,d671e1bf38a2,xstest_safe,False,train,assistant,natural_slot,41,13,35,40,False
qwen2.5-7b,fitting,f6efc7498017,alpaca,False,train,system,fixed_slot,36,19,21,35,False
qwen2.5-7b,fitting,f6efc7498017,alpaca,False,train,user,fixed_slot,47,19,41,46,True
qwen2.5-7b,fitting,f6efc7498017,alpaca,False,train,tool,fixed_slot,56,19,45,55,True
qwen2.5-7b,fitting,f6efc7498017,alpaca,False,train,assistant,fixed_slot,47,19,41,46,True
qwen2.5-7b,fitting,f6efc7498017,alpaca,False,train,system,natural_slot,36,19,21,35,False
qwen2.5-7b,fitting,f6efc7498017,alpaca,False,train,user,natural_slot,38,19,32,37,False
qwen2.5-7b,fitting,f6efc7498017,alpaca,False,train,tool,natural_slot,64,19,53,63,False
qwen2.5-7b,fitting,f6efc7498017,alpaca,False,train,assistant,natural_slot,47,19,41,46,False
qwen2.5-7b,fitting,73db10f47abc,xstest_safe,False,test,system,fixed_slot,25,8,10,24,False
qwen2.5-7b,fitting,73db10f47abc,xstest_safe,False,test,user,fixed_slot,36,8,30,35,True
qwen2.5-7b,fitting,73db10f47abc,xstest_safe,False,test,tool,fixed_slot,44,8,34,43,True
qwen2.5-7b,fitting,73db10f47abc,xstest_safe,False,test,assistant,fixed_slot,36,8,30,35,True
qwen2.5-7b,fitting,73db10f47abc,xstest_safe,False,test,system,natural_slot,25,8,10,24,False
qwen2.5-7b,fitting,73db10f47abc,xstest_safe,False,test,user,natural_slot,27,8,21,26,False
qwen2.5-7b,fitting,73db10f47abc,xstest_safe,False,test,tool,natural_slot,52,8,42,51,False
qwen2.5-7b,fitting,73db10f47abc,xstest_safe,False,test,assistant,natural_slot,36,8,30,35,False
qwen2.5-7b,fitting,931401f4ecf1,alpaca,False,train,system,fixed_slot,31,14,16,30,False
qwen2.5-7b,fitting,931401f4ecf1,alpaca,False,train,user,fixed_slot,42,14,36,41,True
qwen2.5-7b,fitting,931401f4ecf1,alpaca,False,train,tool,fixed_slot,50,14,40,49,True
qwen2.5-7b,fitting,931401f4ecf1,alpaca,False,train,assistant,fixed_slot,42,14,36,41,True
qwen2.5-7b,fitting,931401f4ecf1,alpaca,False,train,system,natural_slot,31,14,16,30,False
qwen2.5-7b,fitting,931401f4ecf1,alpaca,False,train,user,natural_slot,33,14,27,32,False
qwen2.5-7b,fitting,931401f4ecf1,alpaca,False,train,tool,natural_slot,58,14,48,57,False
qwen2.5-7b,fitting,931401f4ecf1,alpaca,False,train,assistant,natural_slot,42,14,36,41,False
qwen2.5-7b,fitting,285bf4693565,xstest_safe,False,train,system,fixed_slot,29,12,14,28,False
qwen2.5-7b,fitting,285bf4693565,xstest_safe,False,train,user,fixed_slot,40,12,34,39,True
qwen2.5-7b,fitting,285bf4693565,xstest_safe,False,train,tool,fixed_slot,48,12,38,47,True
qwen2.5-7b,fitting,285bf4693565,xstest_safe,False,train,assistant,fixed_slot,40,12,34,39,True
qwen2.5-7b,fitting,285bf4693565,xstest_safe,False,train,system,natural_slot,29,12,14,28,False
qwen2.5-7b,fitting,285bf4693565,xstest_safe,False,train,user,natural_slot,31,12,25,30,False
qwen2.5-7b,fitting,285bf4693565,xstest_safe,False,train,tool,natural_slot,56,12,46,55,False
qwen2.5-7b,fitting,285bf4693565,xstest_safe,False,train,assistant,natural_slot,40,12,34,39,False
qwen2.5-7b,fitting,18a1e09ae512,alpaca,False,train,system,fixed_slot,28,11,13,27,False
qwen2.5-7b,fitting,18a1e09ae512,alpaca,False,train,user,fixed_slot,39,11,33,38,True
qwen2.5-7b,fitting,18a1e09ae512,alpaca,False,train,tool,fixed_slot,47,11,37,46,True
qwen2.5-7b,fitting,18a1e09ae512,alpaca,False,train,assistant,fixed_slot,39,11,33,38,True
qwen2.5-7b,fitting,18a1e09ae512,alpaca,False,train,system,natural_slot,28,11,13,27,False
qwen2.5-7b,fitting,18a1e09ae512,alpaca,False,train,user,natural_slot,30,11,24,29,False
qwen2.5-7b,fitting,18a1e09ae512,alpaca,False,train,tool,natural_slot,55,11,45,54,False
qwen2.5-7b,fitting,18a1e09ae512,alpaca,False,train,assistant,natural_slot,39,11,33,38,False
qwen2.5-7b,fitting,a28bebd68e95,xstest_safe,False,test,system,fixed_slot,30,13,15,29,False
qwen2.5-7b,fitting,a28bebd68e95,xstest_safe,False,test,user,fixed_slot,41,13,35,40,True
qwen2.5-7b,fitting,a28bebd68e95,xstest_safe,False,test,tool,fixed_slot,49,13,39,48,True
qwen2.5-7b,fitting,a28bebd68e95,xstest_safe,False,test,assistant,fixed_slot,41,13,35,40,True
qwen2.5-7b,fitting,a28bebd68e95,xstest_safe,False,test,system,natural_slot,30,13,15,29,False
qwen2.5-7b,fitting,a28bebd68e95,xstest_safe,False,test,user,natural_slot,32,13,26,31,False
qwen2.5-7b,fitting,a28bebd68e95,xstest_safe,False,test,tool,natural_slot,57,13,47,56,False
qwen2.5-7b,fitting,a28bebd68e95,xstest_safe,False,test,assistant,natural_slot,41,13,35,40,False
qwen2.5-7b,fitting,a761eed5c1f4,alpaca,False,test,system,fixed_slot,32,15,17,31,False
qwen2.5-7b,fitting,a761eed5c1f4,alpaca,False,test,user,fixed_slot,43,15,37,42,True
qwen2.5-7b,fitting,a761eed5c1f4,alpaca,False,test,tool,fixed_slot,52,15,41,51,True
qwen2.5-7b,fitting,a761eed5c1f4,alpaca,False,test,assistant,fixed_slot,43,15,37,42,True
qwen2.5-7b,fitting,a761eed5c1f4,alpaca,False,test,system,natural_slot,32,15,17,31,False
qwen2.5-7b,fitting,a761eed5c1f4,alpaca,False,test,user,natural_slot,34,15,28,33,False
qwen2.5-7b,fitting,a761eed5c1f4,alpaca,False,test,tool,natural_slot,60,15,49,59,False
qwen2.5-7b,fitting,a761eed5c1f4,alpaca,False,test,assistant,natural_slot,43,15,37,42,False
qwen2.5-7b,fitting,6ca973466e42,xstest_safe,False,train,system,fixed_slot,26,9,11,25,False
qwen2.5-7b,fitting,6ca973466e42,xstest_safe,False,train,user,fixed_slot,37,9,31,36,True
qwen2.5-7b,fitting,6ca973466e42,xstest_safe,False,train,tool,fixed_slot,45,9,35,44,True
qwen2.5-7b,fitting,6ca973466e42,xstest_safe,False,train,assistant,fixed_slot,37,9,31,36,True
qwen2.5-7b,fitting,6ca973466e42,xstest_safe,False,train,system,natural_slot,26,9,11,25,False
qwen2.5-7b,fitting,6ca973466e42,xstest_safe,False,train,user,natural_slot,28,9,22,27,False
qwen2.5-7b,fitting,6ca973466e42,xstest_safe,False,train,tool,natural_slot,53,9,43,52,False
qwen2.5-7b,fitting,6ca973466e42,xstest_safe,False,train,assistant,natural_slot,37,9,31,36,False
qwen2.5-7b,fitting,1131bd5fd31e,alpaca,False,train,system,fixed_slot,29,12,14,28,False
qwen2.5-7b,fitting,1131bd5fd31e,alpaca,False,train,user,fixed_slot,40,12,34,39,True
qwen2.5-7b,fitting,1131bd5fd31e,alpaca,False,train,tool,fixed_slot,49,12,38,48,True
qwen2.5-7b,fitting,1131bd5fd31e,alpaca,False,train,assistant,fixed_slot,40,12,34,39,True
qwen2.5-7b,fitting,1131bd5fd31e,alpaca,False,train,system,natural_slot,29,12,14,28,False
qwen2.5-7b,fitting,1131bd5fd31e,alpaca,False,train,user,natural_slot,31,12,25,30,False
qwen2.5-7b,fitting,1131bd5fd31e,alpaca,False,train,tool,natural_slot,57,12,46,56,False
qwen2.5-7b,fitting,1131bd5fd31e,alpaca,False,train,assistant,natural_slot,40,12,34,39,False
qwen2.5-7b,fitting,dc4d873a47cb,xstest_safe,False,train,system,fixed_slot,31,14,16,30,False
qwen2.5-7b,fitting,dc4d873a47cb,xstest_safe,False,train,user,fixed_slot,42,14,36,41,True
qwen2.5-7b,fitting,dc4d873a47cb,xstest_safe,False,train,tool,fixed_slot,50,14,40,49,True
qwen2.5-7b,fitting,dc4d873a47cb,xstest_safe,False,train,assistant,fixed_slot,42,14,36,41,True
qwen2.5-7b,fitting,dc4d873a47cb,xstest_safe,False,train,system,natural_slot,31,14,16,30,False
qwen2.5-7b,fitting,dc4d873a47cb,xstest_safe,False,train,user,natural_slot,33,14,27,32,False
qwen2.5-7b,fitting,dc4d873a47cb,xstest_safe,False,train,tool,natural_slot,58,14,48,57,False
qwen2.5-7b,fitting,dc4d873a47cb,xstest_safe,False,train,assistant,natural_slot,42,14,36,41,False
qwen2.5-7b,fitting,8f0dd610956c,alpaca,False,train,system,fixed_slot,27,10,12,26,False
qwen2.5-7b,fitting,8f0dd610956c,alpaca,False,train,user,fixed_slot,38,10,32,37,True
qwen2.5-7b,fitting,8f0dd610956c,alpaca,False,train,tool,fixed_slot,46,10,36,45,True
qwen2.5-7b,fitting,8f0dd610956c,alpaca,False,train,assistant,fixed_slot,38,10,32,37,True
qwen2.5-7b,fitting,8f0dd610956c,alpaca,False,train,system,natural_slot,27,10,12,26,False
qwen2.5-7b,fitting,8f0dd610956c,alpaca,False,train,user,natural_slot,29,10,23,28,False
qwen2.5-7b,fitting,8f0dd610956c,alpaca,False,train,tool,natural_slot,54,10,44,53,False
qwen2.5-7b,fitting,8f0dd610956c,alpaca,False,train,assistant,natural_slot,38,10,32,37,False
qwen2.5-7b,fitting,2982fc9f990b,xstest_safe,False,train,system,fixed_slot,28,11,13,27,False
qwen2.5-7b,fitting,2982fc9f990b,xstest_safe,False,train,user,fixed_slot,39,11,33,38,True
qwen2.5-7b,fitting,2982fc9f990b,xstest_safe,False,train,tool,fixed_slot,47,11,37,46,True
qwen2.5-7b,fitting,2982fc9f990b,xstest_safe,False,train,assistant,fixed_slot,39,11,33,38,True
qwen2.5-7b,fitting,2982fc9f990b,xstest_safe,False,train,system,natural_slot,28,11,13,27,False
qwen2.5-7b,fitting,2982fc9f990b,xstest_safe,False,train,user,natural_slot,30,11,24,29,False
qwen2.5-7b,fitting,2982fc9f990b,xstest_safe,False,train,tool,natural_slot,55,11,45,54,False
qwen2.5-7b,fitting,2982fc9f990b,xstest_safe,False,train,assistant,natural_slot,39,11,33,38,False
qwen2.5-7b,fitting,0f33cd0dad59,alpaca,False,train,system,fixed_slot,26,9,11,25,False
qwen2.5-7b,fitting,0f33cd0dad59,alpaca,False,train,user,fixed_slot,37,9,31,36,True
qwen2.5-7b,fitting,0f33cd0dad59,alpaca,False,train,tool,fixed_slot,45,9,35,44,True
qwen2.5-7b,fitting,0f33cd0dad59,alpaca,False,train,assistant,fixed_slot,37,9,31,36,True
qwen2.5-7b,fitting,0f33cd0dad59,alpaca,False,train,system,natural_slot,26,9,11,25,False
qwen2.5-7b,fitting,0f33cd0dad59,alpaca,False,train,user,natural_slot,28,9,22,27,False
qwen2.5-7b,fitting,0f33cd0dad59,alpaca,False,train,tool,natural_slot,53,9,43,52,False
qwen2.5-7b,fitting,0f33cd0dad59,alpaca,False,train,assistant,natural_slot,37,9,31,36,False
qwen2.5-7b,fitting,0a8b47d3e87e,xstest_safe,False,train,system,fixed_slot,25,8,10,24,False
qwen2.5-7b,fitting,0a8b47d3e87e,xstest_safe,False,train,user,fixed_slot,36,8,30,35,True
qwen2.5-7b,fitting,0a8b47d3e87e,xstest_safe,False,train,tool,fixed_slot,44,8,34,43,True
qwen2.5-7b,fitting,0a8b47d3e87e,xstest_safe,False,train,assistant,fixed_slot,36,8,30,35,True
qwen2.5-7b,fitting,0a8b47d3e87e,xstest_safe,False,train,system,natural_slot,25,8,10,24,False
qwen2.5-7b,fitting,0a8b47d3e87e,xstest_safe,False,train,user,natural_slot,27,8,21,26,False
qwen2.5-7b,fitting,0a8b47d3e87e,xstest_safe,False,train,tool,natural_slot,52,8,42,51,False
qwen2.5-7b,fitting,0a8b47d3e87e,xstest_safe,False,train,assistant,natural_slot,36,8,30,35,False
qwen2.5-7b,fitting,0311daf1a2f4,alpaca,False,train,system,fixed_slot,29,12,14,28,False
qwen2.5-7b,fitting,0311daf1a2f4,alpaca,False,train,user,fixed_slot,40,12,34,39,True
qwen2.5-7b,fitting,0311daf1a2f4,alpaca,False,train,tool,fixed_slot,48,12,38,47,True
qwen2.5-7b,fitting,0311daf1a2f4,alpaca,False,train,assistant,fixed_slot,40,12,34,39,True
qwen2.5-7b,fitting,0311daf1a2f4,alpaca,False,train,system,natural_slot,29,12,14,28,False
qwen2.5-7b,fitting,0311daf1a2f4,alpaca,False,train,user,natural_slot,31,12,25,30,False
qwen2.5-7b,fitting,0311daf1a2f4,alpaca,False,train,tool,natural_slot,56,12,46,55,False
qwen2.5-7b,fitting,0311daf1a2f4,alpaca,False,train,assistant,natural_slot,40,12,34,39,False
qwen2.5-7b,fitting,6f485355c12e,xstest_safe,False,train,system,fixed_slot,26,9,11,25,False
qwen2.5-7b,fitting,6f485355c12e,xstest_safe,False,train,user,fixed_slot,37,9,31,36,True
qwen2.5-7b,fitting,6f485355c12e,xstest_safe,False,train,tool,fixed_slot,45,9,35,44,True
qwen2.5-7b,fitting,6f485355c12e,xstest_safe,False,train,assistant,fixed_slot,37,9,31,36,True
qwen2.5-7b,fitting,6f485355c12e,xstest_safe,False,train,system,natural_slot,26,9,11,25,False
qwen2.5-7b,fitting,6f485355c12e,xstest_safe,False,train,user,natural_slot,28,9,22,27,False
qwen2.5-7b,fitting,6f485355c12e,xstest_safe,False,train,tool,natural_slot,53,9,43,52,False
qwen2.5-7b,fitting,6f485355c12e,xstest_safe,False,train,assistant,natural_slot,37,9,31,36,False
qwen2.5-7b,fitting,49acbbfc7492,alpaca,False,train,system,fixed_slot,38,21,23,37,False
qwen2.5-7b,fitting,49acbbfc7492,alpaca,False,train,user,fixed_slot,49,21,43,48,True
qwen2.5-7b,fitting,49acbbfc7492,alpaca,False,train,tool,fixed_slot,57,21,47,56,True
qwen2.5-7b,fitting,49acbbfc7492,alpaca,False,train,assistant,fixed_slot,49,21,43,48,True
qwen2.5-7b,fitting,49acbbfc7492,alpaca,False,train,system,natural_slot,38,21,23,37,False
qwen2.5-7b,fitting,49acbbfc7492,alpaca,False,train,user,natural_slot,40,21,34,39,False
qwen2.5-7b,fitting,49acbbfc7492,alpaca,False,train,tool,natural_slot,65,21,55,64,False
qwen2.5-7b,fitting,49acbbfc7492,alpaca,False,train,assistant,natural_slot,49,21,43,48,False
qwen2.5-7b,fitting,1d800a29f8a9,xstest_safe,False,train,system,fixed_slot,28,11,13,27,False
qwen2.5-7b,fitting,1d800a29f8a9,xstest_safe,False,train,user,fixed_slot,39,11,33,38,True
qwen2.5-7b,fitting,1d800a29f8a9,xstest_safe,False,train,tool,fixed_slot,47,11,37,46,True
qwen2.5-7b,fitting,1d800a29f8a9,xstest_safe,False,train,assistant,fixed_slot,39,11,33,38,True
qwen2.5-7b,fitting,1d800a29f8a9,xstest_safe,False,train,system,natural_slot,28,11,13,27,False
qwen2.5-7b,fitting,1d800a29f8a9,xstest_safe,False,train,user,natural_slot,30,11,24,29,False
qwen2.5-7b,fitting,1d800a29f8a9,xstest_safe,False,train,tool,natural_slot,55,11,45,54,False
qwen2.5-7b,fitting,1d800a29f8a9,xstest_safe,False,train,assistant,natural_slot,39,11,33,38,False
qwen2.5-7b,fitting,c7895a377d60,alpaca,False,train,system,fixed_slot,35,18,20,34,False
qwen2.5-7b,fitting,c7895a377d60,alpaca,False,train,user,fixed_slot,46,18,40,45,True
qwen2.5-7b,fitting,c7895a377d60,alpaca,False,train,tool,fixed_slot,54,18,44,53,True
qwen2.5-7b,fitting,c7895a377d60,alpaca,False,train,assistant,fixed_slot,46,18,40,45,True
qwen2.5-7b,fitting,c7895a377d60,alpaca,False,train,system,natural_slot,35,18,20,34,False
qwen2.5-7b,fitting,c7895a377d60,alpaca,False,train,user,natural_slot,37,18,31,36,False
qwen2.5-7b,fitting,c7895a377d60,alpaca,False,train,tool,natural_slot,62,18,52,61,False
qwen2.5-7b,fitting,c7895a377d60,alpaca,False,train,assistant,natural_slot,46,18,40,45,False
qwen2.5-7b,fitting,de60c351fc75,xstest_safe,False,train,system,fixed_slot,27,10,12,26,False
qwen2.5-7b,fitting,de60c351fc75,xstest_safe,False,train,user,fixed_slot,38,10,32,37,True
qwen2.5-7b,fitting,de60c351fc75,xstest_safe,False,train,tool,fixed_slot,46,10,36,45,True
qwen2.5-7b,fitting,de60c351fc75,xstest_safe,False,train,assistant,fixed_slot,38,10,32,37,True
qwen2.5-7b,fitting,de60c351fc75,xstest_safe,False,train,system,natural_slot,27,10,12,26,False
qwen2.5-7b,fitting,de60c351fc75,xstest_safe,False,train,user,natural_slot,29,10,23,28,False
qwen2.5-7b,fitting,de60c351fc75,xstest_safe,False,train,tool,natural_slot,54,10,44,53,False
qwen2.5-7b,fitting,de60c351fc75,xstest_safe,False,train,assistant,natural_slot,38,10,32,37,False
qwen3.5-9b,fitting,22d86f50daae,advbench,True,test,system,fixed_slot,29,8,10,28,False
qwen3.5-9b,fitting,22d86f50daae,advbench,True,test,user,fixed_slot,40,8,30,39,True
qwen3.5-9b,fitting,22d86f50daae,advbench,True,test,tool,fixed_slot,44,8,32,43,True
qwen3.5-9b,fitting,22d86f50daae,advbench,True,test,assistant,fixed_slot,44,8,34,43,True
qwen3.5-9b,fitting,22d86f50daae,advbench,True,test,system,natural_slot,29,8,10,28,False
qwen3.5-9b,fitting,22d86f50daae,advbench,True,test,user,natural_slot,31,8,21,30,False
qwen3.5-9b,fitting,22d86f50daae,advbench,True,test,tool,natural_slot,56,8,44,55,False
qwen3.5-9b,fitting,22d86f50daae,advbench,True,test,assistant,natural_slot,44,8,34,43,False
qwen3.5-9b,fitting,d02118ea2a73,jbb,True,test,system,fixed_slot,39,18,20,38,False
qwen3.5-9b,fitting,d02118ea2a73,jbb,True,test,user,fixed_slot,50,18,40,49,True
qwen3.5-9b,fitting,d02118ea2a73,jbb,True,test,tool,fixed_slot,54,18,42,53,True
qwen3.5-9b,fitting,d02118ea2a73,jbb,True,test,assistant,fixed_slot,54,18,44,53,True
qwen3.5-9b,fitting,d02118ea2a73,jbb,True,test,system,natural_slot,39,18,20,38,False
qwen3.5-9b,fitting,d02118ea2a73,jbb,True,test,user,natural_slot,41,18,31,40,False
qwen3.5-9b,fitting,d02118ea2a73,jbb,True,test,tool,natural_slot,66,18,54,65,False
qwen3.5-9b,fitting,d02118ea2a73,jbb,True,test,assistant,natural_slot,54,18,44,53,False
qwen3.5-9b,fitting,b3cfc3442251,sorry-bench,True,train,system,fixed_slot,40,19,21,39,False
qwen3.5-9b,fitting,b3cfc3442251,sorry-bench,True,train,user,fixed_slot,51,19,41,50,True
qwen3.5-9b,fitting,b3cfc3442251,sorry-bench,True,train,tool,fixed_slot,55,19,43,54,True
qwen3.5-9b,fitting,b3cfc3442251,sorry-bench,True,train,assistant,fixed_slot,55,19,45,54,True
qwen3.5-9b,fitting,b3cfc3442251,sorry-bench,True,train,system,natural_slot,40,19,21,39,False
qwen3.5-9b,fitting,b3cfc3442251,sorry-bench,True,train,user,natural_slot,42,19,32,41,False
qwen3.5-9b,fitting,b3cfc3442251,sorry-bench,True,train,tool,natural_slot,67,19,55,66,False
qwen3.5-9b,fitting,b3cfc3442251,sorry-bench,True,train,assistant,natural_slot,55,19,45,54,False
qwen3.5-9b,fitting,57f955bb8e58,advbench,True,train,system,fixed_slot,30,9,11,29,False
qwen3.5-9b,fitting,57f955bb8e58,advbench,True,train,user,fixed_slot,41,9,31,40,True
qwen3.5-9b,fitting,57f955bb8e58,advbench,True,train,tool,fixed_slot,45,9,33,44,True
qwen3.5-9b,fitting,57f955bb8e58,advbench,True,train,assistant,fixed_slot,45,9,35,44,True
qwen3.5-9b,fitting,57f955bb8e58,advbench,True,train,system,natural_slot,30,9,11,29,False
qwen3.5-9b,fitting,57f955bb8e58,advbench,True,train,user,natural_slot,32,9,22,31,False
qwen3.5-9b,fitting,57f955bb8e58,advbench,True,train,tool,natural_slot,57,9,45,56,False
qwen3.5-9b,fitting,57f955bb8e58,advbench,True,train,assistant,natural_slot,45,9,35,44,False
qwen3.5-9b,fitting,bcc1a01ec76f,jbb,True,train,system,fixed_slot,36,15,17,35,False
qwen3.5-9b,fitting,bcc1a01ec76f,jbb,True,train,user,fixed_slot,47,15,37,46,True
qwen3.5-9b,fitting,bcc1a01ec76f,jbb,True,train,tool,fixed_slot,51,15,39,50,True
qwen3.5-9b,fitting,bcc1a01ec76f,jbb,True,train,assistant,fixed_slot,51,15,41,50,True
qwen3.5-9b,fitting,bcc1a01ec76f,jbb,True,train,system,natural_slot,36,15,17,35,False
qwen3.5-9b,fitting,bcc1a01ec76f,jbb,True,train,user,natural_slot,38,15,28,37,False
qwen3.5-9b,fitting,bcc1a01ec76f,jbb,True,train,tool,natural_slot,63,15,51,62,False
qwen3.5-9b,fitting,bcc1a01ec76f,jbb,True,train,assistant,natural_slot,51,15,41,50,False
qwen3.5-9b,fitting,ce9727c0c05e,sorry-bench,True,train,system,fixed_slot,35,14,16,34,False
qwen3.5-9b,fitting,ce9727c0c05e,sorry-bench,True,train,user,fixed_slot,46,14,36,45,True
qwen3.5-9b,fitting,ce9727c0c05e,sorry-bench,True,train,tool,fixed_slot,50,14,38,49,True
qwen3.5-9b,fitting,ce9727c0c05e,sorry-bench,True,train,assistant,fixed_slot,50,14,40,49,True
qwen3.5-9b,fitting,ce9727c0c05e,sorry-bench,True,train,system,natural_slot,35,14,16,34,False
qwen3.5-9b,fitting,ce9727c0c05e,sorry-bench,True,train,user,natural_slot,37,14,27,36,False
qwen3.5-9b,fitting,ce9727c0c05e,sorry-bench,True,train,tool,natural_slot,62,14,50,61,False
qwen3.5-9b,fitting,ce9727c0c05e,sorry-bench,True,train,assistant,natural_slot,50,14,40,49,False
qwen3.5-9b,fitting,44bf7cbdcd86,advbench,True,train,system,fixed_slot,35,14,16,34,False
qwen3.5-9b,fitting,44bf7cbdcd86,advbench,True,train,user,fixed_slot,46,14,36,45,True
qwen3.5-9b,fitting,44bf7cbdcd86,advbench,True,train,tool,fixed_slot,50,14,38,49,True
qwen3.5-9b,fitting,44bf7cbdcd86,advbench,True,train,assistant,fixed_slot,50,14,40,49,True
qwen3.5-9b,fitting,44bf7cbdcd86,advbench,True,train,system,natural_slot,35,14,16,34,False
qwen3.5-9b,fitting,44bf7cbdcd86,advbench,True,train,user,natural_slot,37,14,27,36,False
qwen3.5-9b,fitting,44bf7cbdcd86,advbench,True,train,tool,natural_slot,62,14,50,61,False
qwen3.5-9b,fitting,44bf7cbdcd86,advbench,True,train,assistant,natural_slot,50,14,40,49,False
qwen3.5-9b,fitting,89c14b5d0ce8,jbb,True,train,system,fixed_slot,39,18,20,38,False
qwen3.5-9b,fitting,89c14b5d0ce8,jbb,True,train,user,fixed_slot,50,18,40,49,True
qwen3.5-9b,fitting,89c14b5d0ce8,jbb,True,train,tool,fixed_slot,54,18,42,53,True
qwen3.5-9b,fitting,89c14b5d0ce8,jbb,True,train,assistant,fixed_slot,54,18,44,53,True
qwen3.5-9b,fitting,89c14b5d0ce8,jbb,True,train,system,natural_slot,39,18,20,38,False
qwen3.5-9b,fitting,89c14b5d0ce8,jbb,True,train,user,natural_slot,41,18,31,40,False
qwen3.5-9b,fitting,89c14b5d0ce8,jbb,True,train,tool,natural_slot,66,18,54,65,False
qwen3.5-9b,fitting,89c14b5d0ce8,jbb,True,train,assistant,natural_slot,54,18,44,53,False
qwen3.5-9b,fitting,e3eb0677aedd,sorry-bench,True,train,system,fixed_slot,88,67,69,87,False
qwen3.5-9b,fitting,e3eb0677aedd,sorry-bench,True,train,user,fixed_slot,99,67,89,98,True
qwen3.5-9b,fitting,e3eb0677aedd,sorry-bench,True,train,tool,fixed_slot,103,67,91,102,True
qwen3.5-9b,fitting,e3eb0677aedd,sorry-bench,True,train,assistant,fixed_slot,103,67,93,102,True
qwen3.5-9b,fitting,e3eb0677aedd,sorry-bench,True,train,system,natural_slot,88,67,69,87,False
qwen3.5-9b,fitting,e3eb0677aedd,sorry-bench,True,train,user,natural_slot,90,67,80,89,False
qwen3.5-9b,fitting,e3eb0677aedd,sorry-bench,True,train,tool,natural_slot,115,67,103,114,False
qwen3.5-9b,fitting,e3eb0677aedd,sorry-bench,True,train,assistant,natural_slot,103,67,93,102,False
qwen3.5-9b,fitting,c1a34a9afbfd,advbench,True,test,system,fixed_slot,33,12,14,32,False
qwen3.5-9b,fitting,c1a34a9afbfd,advbench,True,test,user,fixed_slot,44,12,34,43,True
qwen3.5-9b,fitting,c1a34a9afbfd,advbench,True,test,tool,fixed_slot,48,12,36,47,True
qwen3.5-9b,fitting,c1a34a9afbfd,advbench,True,test,assistant,fixed_slot,48,12,38,47,True
qwen3.5-9b,fitting,c1a34a9afbfd,advbench,True,test,system,natural_slot,33,12,14,32,False
qwen3.5-9b,fitting,c1a34a9afbfd,advbench,True,test,user,natural_slot,35,12,25,34,False
qwen3.5-9b,fitting,c1a34a9afbfd,advbench,True,test,tool,natural_slot,60,12,48,59,False
qwen3.5-9b,fitting,c1a34a9afbfd,advbench,True,test,assistant,natural_slot,48,12,38,47,False
qwen3.5-9b,fitting,712f240d752b,jbb,True,train,system,fixed_slot,36,15,17,35,False
qwen3.5-9b,fitting,712f240d752b,jbb,True,train,user,fixed_slot,47,15,37,46,True
qwen3.5-9b,fitting,712f240d752b,jbb,True,train,tool,fixed_slot,51,15,39,50,True
qwen3.5-9b,fitting,712f240d752b,jbb,True,train,assistant,fixed_slot,51,15,41,50,True
qwen3.5-9b,fitting,712f240d752b,jbb,True,train,system,natural_slot,36,15,17,35,False
qwen3.5-9b,fitting,712f240d752b,jbb,True,train,user,natural_slot,38,15,28,37,False
qwen3.5-9b,fitting,712f240d752b,jbb,True,train,tool,natural_slot,63,15,51,62,False
qwen3.5-9b,fitting,712f240d752b,jbb,True,train,assistant,natural_slot,51,15,41,50,False
qwen3.5-9b,fitting,3a8270b0bd41,sorry-bench,True,train,system,fixed_slot,37,16,18,36,False
qwen3.5-9b,fitting,3a8270b0bd41,sorry-bench,True,train,user,fixed_slot,48,16,38,47,True
qwen3.5-9b,fitting,3a8270b0bd41,sorry-bench,True,train,tool,fixed_slot,52,16,40,51,True
qwen3.5-9b,fitting,3a8270b0bd41,sorry-bench,True,train,assistant,fixed_slot,52,16,42,51,True
qwen3.5-9b,fitting,3a8270b0bd41,sorry-bench,True,train,system,natural_slot,37,16,18,36,False
qwen3.5-9b,fitting,3a8270b0bd41,sorry-bench,True,train,user,natural_slot,39,16,29,38,False
qwen3.5-9b,fitting,3a8270b0bd41,sorry-bench,True,train,tool,natural_slot,64,16,52,63,False
qwen3.5-9b,fitting,3a8270b0bd41,sorry-bench,True,train,assistant,natural_slot,52,16,42,51,False
qwen3.5-9b,fitting,54f074704a90,advbench,True,train,system,fixed_slot,37,16,18,36,False
qwen3.5-9b,fitting,54f074704a90,advbench,True,train,user,fixed_slot,48,16,38,47,True
qwen3.5-9b,fitting,54f074704a90,advbench,True,train,tool,fixed_slot,52,16,40,51,True
qwen3.5-9b,fitting,54f074704a90,advbench,True,train,assistant,fixed_slot,52,16,42,51,True
qwen3.5-9b,fitting,54f074704a90,advbench,True,train,system,natural_slot,37,16,18,36,False
qwen3.5-9b,fitting,54f074704a90,advbench,True,train,user,natural_slot,39,16,29,38,False
qwen3.5-9b,fitting,54f074704a90,advbench,True,train,tool,natural_slot,64,16,52,63,False
qwen3.5-9b,fitting,54f074704a90,advbench,True,train,assistant,natural_slot,52,16,42,51,False
qwen3.5-9b,fitting,484ea44df7a7,jbb,True,test,system,fixed_slot,42,21,23,41,False
qwen3.5-9b,fitting,484ea44df7a7,jbb,True,test,user,fixed_slot,53,21,43,52,True
qwen3.5-9b,fitting,484ea44df7a7,jbb,True,test,tool,fixed_slot,57,21,45,56,True
qwen3.5-9b,fitting,484ea44df7a7,jbb,True,test,assistant,fixed_slot,57,21,47,56,True
qwen3.5-9b,fitting,484ea44df7a7,jbb,True,test,system,natural_slot,42,21,23,41,False
qwen3.5-9b,fitting,484ea44df7a7,jbb,True,test,user,natural_slot,44,21,34,43,False
qwen3.5-9b,fitting,484ea44df7a7,jbb,True,test,tool,natural_slot,69,21,57,68,False
qwen3.5-9b,fitting,484ea44df7a7,jbb,True,test,assistant,natural_slot,57,21,47,56,False
qwen3.5-9b,fitting,751ee0765ae8,sorry-bench,True,train,system,fixed_slot,38,17,19,37,False
qwen3.5-9b,fitting,751ee0765ae8,sorry-bench,True,train,user,fixed_slot,49,17,39,48,True
qwen3.5-9b,fitting,751ee0765ae8,sorry-bench,True,train,tool,fixed_slot,53,17,41,52,True
qwen3.5-9b,fitting,751ee0765ae8,sorry-bench,True,train,assistant,fixed_slot,53,17,43,52,True
qwen3.5-9b,fitting,751ee0765ae8,sorry-bench,True,train,system,natural_slot,38,17,19,37,False
qwen3.5-9b,fitting,751ee0765ae8,sorry-bench,True,train,user,natural_slot,40,17,30,39,False
qwen3.5-9b,fitting,751ee0765ae8,sorry-bench,True,train,tool,natural_slot,65,17,53,64,False
qwen3.5-9b,fitting,751ee0765ae8,sorry-bench,True,train,assistant,natural_slot,53,17,43,52,False
qwen3.5-9b,fitting,6c757e9d0138,advbench,True,train,system,fixed_slot,40,19,21,39,False
qwen3.5-9b,fitting,6c757e9d0138,advbench,True,train,user,fixed_slot,51,19,41,50,True
qwen3.5-9b,fitting,6c757e9d0138,advbench,True,train,tool,fixed_slot,55,19,43,54,True
qwen3.5-9b,fitting,6c757e9d0138,advbench,True,train,assistant,fixed_slot,55,19,45,54,True
qwen3.5-9b,fitting,6c757e9d0138,advbench,True,train,system,natural_slot,40,19,21,39,False
qwen3.5-9b,fitting,6c757e9d0138,advbench,True,train,user,natural_slot,42,19,32,41,False
qwen3.5-9b,fitting,6c757e9d0138,advbench,True,train,tool,natural_slot,67,19,55,66,False
qwen3.5-9b,fitting,6c757e9d0138,advbench,True,train,assistant,natural_slot,55,19,45,54,False
qwen3.5-9b,fitting,98a9d0fc2421,jbb,True,train,system,fixed_slot,36,15,17,35,False
qwen3.5-9b,fitting,98a9d0fc2421,jbb,True,train,user,fixed_slot,47,15,37,46,True
qwen3.5-9b,fitting,98a9d0fc2421,jbb,True,train,tool,fixed_slot,51,15,39,50,True
qwen3.5-9b,fitting,98a9d0fc2421,jbb,True,train,assistant,fixed_slot,51,15,41,50,True
qwen3.5-9b,fitting,98a9d0fc2421,jbb,True,train,system,natural_slot,36,15,17,35,False
qwen3.5-9b,fitting,98a9d0fc2421,jbb,True,train,user,natural_slot,38,15,28,37,False
qwen3.5-9b,fitting,98a9d0fc2421,jbb,True,train,tool,natural_slot,63,15,51,62,False
qwen3.5-9b,fitting,98a9d0fc2421,jbb,True,train,assistant,natural_slot,51,15,41,50,False
qwen3.5-9b,fitting,f4ff569bc744,sorry-bench,True,test,system,fixed_slot,46,25,27,45,False
qwen3.5-9b,fitting,f4ff569bc744,sorry-bench,True,test,user,fixed_slot,57,25,47,56,True
qwen3.5-9b,fitting,f4ff569bc744,sorry-bench,True,test,tool,fixed_slot,61,25,49,60,True
qwen3.5-9b,fitting,f4ff569bc744,sorry-bench,True,test,assistant,fixed_slot,61,25,51,60,True
qwen3.5-9b,fitting,f4ff569bc744,sorry-bench,True,test,system,natural_slot,46,25,27,45,False
qwen3.5-9b,fitting,f4ff569bc744,sorry-bench,True,test,user,natural_slot,48,25,38,47,False
qwen3.5-9b,fitting,f4ff569bc744,sorry-bench,True,test,tool,natural_slot,73,25,61,72,False
qwen3.5-9b,fitting,f4ff569bc744,sorry-bench,True,test,assistant,natural_slot,61,25,51,60,False
qwen3.5-9b,fitting,38b2fb39b46b,advbench,True,train,system,fixed_slot,34,13,15,33,False
qwen3.5-9b,fitting,38b2fb39b46b,advbench,True,train,user,fixed_slot,45,13,35,44,True
qwen3.5-9b,fitting,38b2fb39b46b,advbench,True,train,tool,fixed_slot,49,13,37,48,True
qwen3.5-9b,fitting,38b2fb39b46b,advbench,True,train,assistant,fixed_slot,49,13,39,48,True
qwen3.5-9b,fitting,38b2fb39b46b,advbench,True,train,system,natural_slot,34,13,15,33,False
qwen3.5-9b,fitting,38b2fb39b46b,advbench,True,train,user,natural_slot,36,13,26,35,False
qwen3.5-9b,fitting,38b2fb39b46b,advbench,True,train,tool,natural_slot,61,13,49,60,False
qwen3.5-9b,fitting,38b2fb39b46b,advbench,True,train,assistant,natural_slot,49,13,39,48,False
qwen3.5-9b,fitting,05ef1424f5c9,jbb,True,train,system,fixed_slot,36,15,17,35,False
qwen3.5-9b,fitting,05ef1424f5c9,jbb,True,train,user,fixed_slot,47,15,37,46,True
qwen3.5-9b,fitting,05ef1424f5c9,jbb,True,train,tool,fixed_slot,51,15,39,50,True
qwen3.5-9b,fitting,05ef1424f5c9,jbb,True,train,assistant,fixed_slot,51,15,41,50,True
qwen3.5-9b,fitting,05ef1424f5c9,jbb,True,train,system,natural_slot,36,15,17,35,False
qwen3.5-9b,fitting,05ef1424f5c9,jbb,True,train,user,natural_slot,38,15,28,37,False
qwen3.5-9b,fitting,05ef1424f5c9,jbb,True,train,tool,natural_slot,63,15,51,62,False
qwen3.5-9b,fitting,05ef1424f5c9,jbb,True,train,assistant,natural_slot,51,15,41,50,False
qwen3.5-9b,fitting,91f8bd51a516,sorry-bench,True,train,system,fixed_slot,68,47,49,67,False
qwen3.5-9b,fitting,91f8bd51a516,sorry-bench,True,train,user,fixed_slot,79,47,69,78,True
qwen3.5-9b,fitting,91f8bd51a516,sorry-bench,True,train,tool,fixed_slot,83,47,71,82,True
qwen3.5-9b,fitting,91f8bd51a516,sorry-bench,True,train,assistant,fixed_slot,83,47,73,82,True
qwen3.5-9b,fitting,91f8bd51a516,sorry-bench,True,train,system,natural_slot,68,47,49,67,False
qwen3.5-9b,fitting,91f8bd51a516,sorry-bench,True,train,user,natural_slot,70,47,60,69,False
qwen3.5-9b,fitting,91f8bd51a516,sorry-bench,True,train,tool,natural_slot,95,47,83,94,False
qwen3.5-9b,fitting,91f8bd51a516,sorry-bench,True,train,assistant,natural_slot,83,47,73,82,False
qwen3.5-9b,fitting,8f58f7973dd9,advbench,True,test,system,fixed_slot,30,9,11,29,False
qwen3.5-9b,fitting,8f58f7973dd9,advbench,True,test,user,fixed_slot,41,9,31,40,True
qwen3.5-9b,fitting,8f58f7973dd9,advbench,True,test,tool,fixed_slot,45,9,33,44,True
qwen3.5-9b,fitting,8f58f7973dd9,advbench,True,test,assistant,fixed_slot,45,9,35,44,True
qwen3.5-9b,fitting,8f58f7973dd9,advbench,True,test,system,natural_slot,30,9,11,29,False
qwen3.5-9b,fitting,8f58f7973dd9,advbench,True,test,user,natural_slot,32,9,22,31,False
qwen3.5-9b,fitting,8f58f7973dd9,advbench,True,test,tool,natural_slot,57,9,45,56,False
qwen3.5-9b,fitting,8f58f7973dd9,advbench,True,test,assistant,natural_slot,45,9,35,44,False
qwen3.5-9b,fitting,d147de3ea3a7,jbb,True,train,system,fixed_slot,30,9,11,29,False
qwen3.5-9b,fitting,d147de3ea3a7,jbb,True,train,user,fixed_slot,41,9,31,40,True
qwen3.5-9b,fitting,d147de3ea3a7,jbb,True,train,tool,fixed_slot,45,9,33,44,True
qwen3.5-9b,fitting,d147de3ea3a7,jbb,True,train,assistant,fixed_slot,45,9,35,44,True
qwen3.5-9b,fitting,d147de3ea3a7,jbb,True,train,system,natural_slot,30,9,11,29,False
qwen3.5-9b,fitting,d147de3ea3a7,jbb,True,train,user,natural_slot,32,9,22,31,False
qwen3.5-9b,fitting,d147de3ea3a7,jbb,True,train,tool,natural_slot,57,9,45,56,False
qwen3.5-9b,fitting,d147de3ea3a7,jbb,True,train,assistant,natural_slot,45,9,35,44,False
qwen3.5-9b,fitting,23ba1e2db5d5,sorry-bench,True,train,system,fixed_slot,33,12,14,32,False
qwen3.5-9b,fitting,23ba1e2db5d5,sorry-bench,True,train,user,fixed_slot,44,12,34,43,True
qwen3.5-9b,fitting,23ba1e2db5d5,sorry-bench,True,train,tool,fixed_slot,48,12,36,47,True
qwen3.5-9b,fitting,23ba1e2db5d5,sorry-bench,True,train,assistant,fixed_slot,48,12,38,47,True
qwen3.5-9b,fitting,23ba1e2db5d5,sorry-bench,True,train,system,natural_slot,33,12,14,32,False
qwen3.5-9b,fitting,23ba1e2db5d5,sorry-bench,True,train,user,natural_slot,35,12,25,34,False
qwen3.5-9b,fitting,23ba1e2db5d5,sorry-bench,True,train,tool,natural_slot,60,12,48,59,False
qwen3.5-9b,fitting,23ba1e2db5d5,sorry-bench,True,train,assistant,natural_slot,48,12,38,47,False
qwen3.5-9b,fitting,91940b572182,advbench,True,train,system,fixed_slot,29,8,10,28,False
qwen3.5-9b,fitting,91940b572182,advbench,True,train,user,fixed_slot,40,8,30,39,True
qwen3.5-9b,fitting,91940b572182,advbench,True,train,tool,fixed_slot,44,8,32,43,True
qwen3.5-9b,fitting,91940b572182,advbench,True,train,assistant,fixed_slot,44,8,34,43,True
qwen3.5-9b,fitting,91940b572182,advbench,True,train,system,natural_slot,29,8,10,28,False
qwen3.5-9b,fitting,91940b572182,advbench,True,train,user,natural_slot,31,8,21,30,False
qwen3.5-9b,fitting,91940b572182,advbench,True,train,tool,natural_slot,56,8,44,55,False
qwen3.5-9b,fitting,91940b572182,advbench,True,train,assistant,natural_slot,44,8,34,43,False
qwen3.5-9b,fitting,4e9e752935ba,jbb,True,train,system,fixed_slot,32,11,13,31,False
qwen3.5-9b,fitting,4e9e752935ba,jbb,True,train,user,fixed_slot,43,11,33,42,True
qwen3.5-9b,fitting,4e9e752935ba,jbb,True,train,tool,fixed_slot,47,11,35,46,True
qwen3.5-9b,fitting,4e9e752935ba,jbb,True,train,assistant,fixed_slot,47,11,37,46,True
qwen3.5-9b,fitting,4e9e752935ba,jbb,True,train,system,natural_slot,32,11,13,31,False
qwen3.5-9b,fitting,4e9e752935ba,jbb,True,train,user,natural_slot,34,11,24,33,False
qwen3.5-9b,fitting,4e9e752935ba,jbb,True,train,tool,natural_slot,59,11,47,58,False
qwen3.5-9b,fitting,4e9e752935ba,jbb,True,train,assistant,natural_slot,47,11,37,46,False
qwen3.5-9b,fitting,fe1f50a10d30,sorry-bench,True,train,system,fixed_slot,35,14,16,34,False
qwen3.5-9b,fitting,fe1f50a10d30,sorry-bench,True,train,user,fixed_slot,46,14,36,45,True
qwen3.5-9b,fitting,fe1f50a10d30,sorry-bench,True,train,tool,fixed_slot,50,14,38,49,True
qwen3.5-9b,fitting,fe1f50a10d30,sorry-bench,True,train,assistant,fixed_slot,50,14,40,49,True
qwen3.5-9b,fitting,fe1f50a10d30,sorry-bench,True,train,system,natural_slot,35,14,16,34,False
qwen3.5-9b,fitting,fe1f50a10d30,sorry-bench,True,train,user,natural_slot,37,14,27,36,False
qwen3.5-9b,fitting,fe1f50a10d30,sorry-bench,True,train,tool,natural_slot,62,14,50,61,False
qwen3.5-9b,fitting,fe1f50a10d30,sorry-bench,True,train,assistant,natural_slot,50,14,40,49,False
qwen3.5-9b,fitting,74dcc43e0319,advbench,True,train,system,fixed_slot,31,10,12,30,False
qwen3.5-9b,fitting,74dcc43e0319,advbench,True,train,user,fixed_slot,42,10,32,41,True
qwen3.5-9b,fitting,74dcc43e0319,advbench,True,train,tool,fixed_slot,46,10,34,45,True
qwen3.5-9b,fitting,74dcc43e0319,advbench,True,train,assistant,fixed_slot,46,10,36,45,True
qwen3.5-9b,fitting,74dcc43e0319,advbench,True,train,system,natural_slot,31,10,12,30,False
qwen3.5-9b,fitting,74dcc43e0319,advbench,True,train,user,natural_slot,33,10,23,32,False
qwen3.5-9b,fitting,74dcc43e0319,advbench,True,train,tool,natural_slot,58,10,46,57,False
qwen3.5-9b,fitting,74dcc43e0319,advbench,True,train,assistant,natural_slot,46,10,36,45,False
qwen3.5-9b,fitting,0cfbde273fdb,jbb,True,test,system,fixed_slot,37,16,18,36,False
qwen3.5-9b,fitting,0cfbde273fdb,jbb,True,test,user,fixed_slot,48,16,38,47,True
qwen3.5-9b,fitting,0cfbde273fdb,jbb,True,test,tool,fixed_slot,52,16,40,51,True
qwen3.5-9b,fitting,0cfbde273fdb,jbb,True,test,assistant,fixed_slot,52,16,42,51,True
qwen3.5-9b,fitting,0cfbde273fdb,jbb,True,test,system,natural_slot,37,16,18,36,False
qwen3.5-9b,fitting,0cfbde273fdb,jbb,True,test,user,natural_slot,39,16,29,38,False
qwen3.5-9b,fitting,0cfbde273fdb,jbb,True,test,tool,natural_slot,64,16,52,63,False
qwen3.5-9b,fitting,0cfbde273fdb,jbb,True,test,assistant,natural_slot,52,16,42,51,False
qwen3.5-9b,fitting,faf3b41d336c,sorry-bench,True,train,system,fixed_slot,54,33,35,53,False
qwen3.5-9b,fitting,faf3b41d336c,sorry-bench,True,train,user,fixed_slot,65,33,55,64,True
qwen3.5-9b,fitting,faf3b41d336c,sorry-bench,True,train,tool,fixed_slot,69,33,57,68,True
qwen3.5-9b,fitting,faf3b41d336c,sorry-bench,True,train,assistant,fixed_slot,69,33,59,68,True
qwen3.5-9b,fitting,faf3b41d336c,sorry-bench,True,train,system,natural_slot,54,33,35,53,False
qwen3.5-9b,fitting,faf3b41d336c,sorry-bench,True,train,user,natural_slot,56,33,46,55,False
qwen3.5-9b,fitting,faf3b41d336c,sorry-bench,True,train,tool,natural_slot,81,33,69,80,False
qwen3.5-9b,fitting,faf3b41d336c,sorry-bench,True,train,assistant,natural_slot,69,33,59,68,False
qwen3.5-9b,fitting,05f22220bc06,advbench,True,train,system,fixed_slot,33,12,14,32,False
qwen3.5-9b,fitting,05f22220bc06,advbench,True,train,user,fixed_slot,44,12,34,43,True
qwen3.5-9b,fitting,05f22220bc06,advbench,True,train,tool,fixed_slot,48,12,36,47,True
qwen3.5-9b,fitting,05f22220bc06,advbench,True,train,assistant,fixed_slot,48,12,38,47,True
qwen3.5-9b,fitting,05f22220bc06,advbench,True,train,system,natural_slot,33,12,14,32,False
qwen3.5-9b,fitting,05f22220bc06,advbench,True,train,user,natural_slot,35,12,25,34,False
qwen3.5-9b,fitting,05f22220bc06,advbench,True,train,tool,natural_slot,60,12,48,59,False
qwen3.5-9b,fitting,05f22220bc06,advbench,True,train,assistant,natural_slot,48,12,38,47,False
qwen3.5-9b,fitting,8963fd086bad,jbb,True,test,system,fixed_slot,32,11,13,31,False
qwen3.5-9b,fitting,8963fd086bad,jbb,True,test,user,fixed_slot,43,11,33,42,True
qwen3.5-9b,fitting,8963fd086bad,jbb,True,test,tool,fixed_slot,47,11,35,46,True
qwen3.5-9b,fitting,8963fd086bad,jbb,True,test,assistant,fixed_slot,47,11,37,46,True
qwen3.5-9b,fitting,8963fd086bad,jbb,True,test,system,natural_slot,32,11,13,31,False
qwen3.5-9b,fitting,8963fd086bad,jbb,True,test,user,natural_slot,34,11,24,33,False
qwen3.5-9b,fitting,8963fd086bad,jbb,True,test,tool,natural_slot,59,11,47,58,False
qwen3.5-9b,fitting,8963fd086bad,jbb,True,test,assistant,natural_slot,47,11,37,46,False
qwen3.5-9b,fitting,976a6eff603a,sorry-bench,True,test,system,fixed_slot,33,12,14,32,False
qwen3.5-9b,fitting,976a6eff603a,sorry-bench,True,test,user,fixed_slot,44,12,34,43,True
qwen3.5-9b,fitting,976a6eff603a,sorry-bench,True,test,tool,fixed_slot,48,12,36,47,True
qwen3.5-9b,fitting,976a6eff603a,sorry-bench,True,test,assistant,fixed_slot,48,12,38,47,True
qwen3.5-9b,fitting,976a6eff603a,sorry-bench,True,test,system,natural_slot,33,12,14,32,False
qwen3.5-9b,fitting,976a6eff603a,sorry-bench,True,test,user,natural_slot,35,12,25,34,False
qwen3.5-9b,fitting,976a6eff603a,sorry-bench,True,test,tool,natural_slot,60,12,48,59,False
qwen3.5-9b,fitting,976a6eff603a,sorry-bench,True,test,assistant,natural_slot,48,12,38,47,False
qwen3.5-9b,fitting,12d95c01bf00,advbench,True,train,system,fixed_slot,32,11,13,31,False
qwen3.5-9b,fitting,12d95c01bf00,advbench,True,train,user,fixed_slot,43,11,33,42,True
qwen3.5-9b,fitting,12d95c01bf00,advbench,True,train,tool,fixed_slot,47,11,35,46,True
qwen3.5-9b,fitting,12d95c01bf00,advbench,True,train,assistant,fixed_slot,47,11,37,46,True
qwen3.5-9b,fitting,12d95c01bf00,advbench,True,train,system,natural_slot,32,11,13,31,False
qwen3.5-9b,fitting,12d95c01bf00,advbench,True,train,user,natural_slot,34,11,24,33,False
qwen3.5-9b,fitting,12d95c01bf00,advbench,True,train,tool,natural_slot,59,11,47,58,False
qwen3.5-9b,fitting,12d95c01bf00,advbench,True,train,assistant,natural_slot,47,11,37,46,False
qwen3.5-9b,fitting,b812e6f874ba,jbb,True,train,system,fixed_slot,44,23,25,43,False
qwen3.5-9b,fitting,b812e6f874ba,jbb,True,train,user,fixed_slot,55,23,45,54,True
qwen3.5-9b,fitting,b812e6f874ba,jbb,True,train,tool,fixed_slot,59,23,47,58,True
qwen3.5-9b,fitting,b812e6f874ba,jbb,True,train,assistant,fixed_slot,59,23,49,58,True
qwen3.5-9b,fitting,b812e6f874ba,jbb,True,train,system,natural_slot,44,23,25,43,False
qwen3.5-9b,fitting,b812e6f874ba,jbb,True,train,user,natural_slot,46,23,36,45,False
qwen3.5-9b,fitting,b812e6f874ba,jbb,True,train,tool,natural_slot,71,23,59,70,False
qwen3.5-9b,fitting,b812e6f874ba,jbb,True,train,assistant,natural_slot,59,23,49,58,False
qwen3.5-9b,fitting,0efbdb6381cc,sorry-bench,True,train,system,fixed_slot,51,30,32,50,False
qwen3.5-9b,fitting,0efbdb6381cc,sorry-bench,True,train,user,fixed_slot,62,30,52,61,True
qwen3.5-9b,fitting,0efbdb6381cc,sorry-bench,True,train,tool,fixed_slot,66,30,54,65,True
qwen3.5-9b,fitting,0efbdb6381cc,sorry-bench,True,train,assistant,fixed_slot,66,30,56,65,True
qwen3.5-9b,fitting,0efbdb6381cc,sorry-bench,True,train,system,natural_slot,51,30,32,50,False
qwen3.5-9b,fitting,0efbdb6381cc,sorry-bench,True,train,user,natural_slot,53,30,43,52,False
qwen3.5-9b,fitting,0efbdb6381cc,sorry-bench,True,train,tool,natural_slot,78,30,66,77,False
qwen3.5-9b,fitting,0efbdb6381cc,sorry-bench,True,train,assistant,natural_slot,66,30,56,65,False
qwen3.5-9b,fitting,8216f5afd681,advbench,True,train,system,fixed_slot,31,10,12,30,False
qwen3.5-9b,fitting,8216f5afd681,advbench,True,train,user,fixed_slot,42,10,32,41,True
qwen3.5-9b,fitting,8216f5afd681,advbench,True,train,tool,fixed_slot,46,10,34,45,True
qwen3.5-9b,fitting,8216f5afd681,advbench,True,train,assistant,fixed_slot,46,10,36,45,True
qwen3.5-9b,fitting,8216f5afd681,advbench,True,train,system,natural_slot,31,10,12,30,False
qwen3.5-9b,fitting,8216f5afd681,advbench,True,train,user,natural_slot,33,10,23,32,False
qwen3.5-9b,fitting,8216f5afd681,advbench,True,train,tool,natural_slot,58,10,46,57,False
qwen3.5-9b,fitting,8216f5afd681,advbench,True,train,assistant,natural_slot,46,10,36,45,False
qwen3.5-9b,fitting,f1e260620370,jbb,True,train,system,fixed_slot,32,11,13,31,False
qwen3.5-9b,fitting,f1e260620370,jbb,True,train,user,fixed_slot,43,11,33,42,True
qwen3.5-9b,fitting,f1e260620370,jbb,True,train,tool,fixed_slot,47,11,35,46,True
qwen3.5-9b,fitting,f1e260620370,jbb,True,train,assistant,fixed_slot,47,11,37,46,True
qwen3.5-9b,fitting,f1e260620370,jbb,True,train,system,natural_slot,32,11,13,31,False
qwen3.5-9b,fitting,f1e260620370,jbb,True,train,user,natural_slot,34,11,24,33,False
qwen3.5-9b,fitting,f1e260620370,jbb,True,train,tool,natural_slot,59,11,47,58,False
qwen3.5-9b,fitting,f1e260620370,jbb,True,train,assistant,natural_slot,47,11,37,46,False
qwen3.5-9b,fitting,450d0e2f16d7,sorry-bench,True,test,system,fixed_slot,63,42,44,62,False
qwen3.5-9b,fitting,450d0e2f16d7,sorry-bench,True,test,user,fixed_slot,74,42,64,73,True
qwen3.5-9b,fitting,450d0e2f16d7,sorry-bench,True,test,tool,fixed_slot,78,42,66,77,True
qwen3.5-9b,fitting,450d0e2f16d7,sorry-bench,True,test,assistant,fixed_slot,78,42,68,77,True
qwen3.5-9b,fitting,450d0e2f16d7,sorry-bench,True,test,system,natural_slot,63,42,44,62,False
qwen3.5-9b,fitting,450d0e2f16d7,sorry-bench,True,test,user,natural_slot,65,42,55,64,False
qwen3.5-9b,fitting,450d0e2f16d7,sorry-bench,True,test,tool,natural_slot,90,42,78,89,False
qwen3.5-9b,fitting,450d0e2f16d7,sorry-bench,True,test,assistant,natural_slot,78,42,68,77,False
qwen3.5-9b,fitting,eaf7c3977210,advbench,True,test,system,fixed_slot,36,15,17,35,False
qwen3.5-9b,fitting,eaf7c3977210,advbench,True,test,user,fixed_slot,47,15,37,46,True
qwen3.5-9b,fitting,eaf7c3977210,advbench,True,test,tool,fixed_slot,51,15,39,50,True
qwen3.5-9b,fitting,eaf7c3977210,advbench,True,test,assistant,fixed_slot,51,15,41,50,True
qwen3.5-9b,fitting,eaf7c3977210,advbench,True,test,system,natural_slot,36,15,17,35,False
qwen3.5-9b,fitting,eaf7c3977210,advbench,True,test,user,natural_slot,38,15,28,37,False
qwen3.5-9b,fitting,eaf7c3977210,advbench,True,test,tool,natural_slot,63,15,51,62,False
qwen3.5-9b,fitting,eaf7c3977210,advbench,True,test,assistant,natural_slot,51,15,41,50,False
qwen3.5-9b,fitting,f96d115d45f3,jbb,True,train,system,fixed_slot,34,13,15,33,False
qwen3.5-9b,fitting,f96d115d45f3,jbb,True,train,user,fixed_slot,45,13,35,44,True
qwen3.5-9b,fitting,f96d115d45f3,jbb,True,train,tool,fixed_slot,49,13,37,48,True
qwen3.5-9b,fitting,f96d115d45f3,jbb,True,train,assistant,fixed_slot,49,13,39,48,True
qwen3.5-9b,fitting,f96d115d45f3,jbb,True,train,system,natural_slot,34,13,15,33,False
qwen3.5-9b,fitting,f96d115d45f3,jbb,True,train,user,natural_slot,36,13,26,35,False
qwen3.5-9b,fitting,f96d115d45f3,jbb,True,train,tool,natural_slot,61,13,49,60,False
qwen3.5-9b,fitting,f96d115d45f3,jbb,True,train,assistant,natural_slot,49,13,39,48,False
qwen3.5-9b,fitting,77924cd75c03,sorry-bench,True,train,system,fixed_slot,66,45,47,65,False
qwen3.5-9b,fitting,77924cd75c03,sorry-bench,True,train,user,fixed_slot,77,45,67,76,True
qwen3.5-9b,fitting,77924cd75c03,sorry-bench,True,train,tool,fixed_slot,81,45,69,80,True
qwen3.5-9b,fitting,77924cd75c03,sorry-bench,True,train,assistant,fixed_slot,81,45,71,80,True
qwen3.5-9b,fitting,77924cd75c03,sorry-bench,True,train,system,natural_slot,66,45,47,65,False
qwen3.5-9b,fitting,77924cd75c03,sorry-bench,True,train,user,natural_slot,68,45,58,67,False
qwen3.5-9b,fitting,77924cd75c03,sorry-bench,True,train,tool,natural_slot,93,45,81,92,False
qwen3.5-9b,fitting,77924cd75c03,sorry-bench,True,train,assistant,natural_slot,81,45,71,80,False
qwen3.5-9b,fitting,421ed532d733,advbench,True,train,system,fixed_slot,34,13,15,33,False
qwen3.5-9b,fitting,421ed532d733,advbench,True,train,user,fixed_slot,45,13,35,44,True
qwen3.5-9b,fitting,421ed532d733,advbench,True,train,tool,fixed_slot,49,13,37,48,True
qwen3.5-9b,fitting,421ed532d733,advbench,True,train,assistant,fixed_slot,49,13,39,48,True
qwen3.5-9b,fitting,421ed532d733,advbench,True,train,system,natural_slot,34,13,15,33,False
qwen3.5-9b,fitting,421ed532d733,advbench,True,train,user,natural_slot,36,13,26,35,False
qwen3.5-9b,fitting,421ed532d733,advbench,True,train,tool,natural_slot,61,13,49,60,False
qwen3.5-9b,fitting,421ed532d733,advbench,True,train,assistant,natural_slot,49,13,39,48,False
qwen3.5-9b,fitting,4a2f7ea3c6bc,jbb,True,train,system,fixed_slot,36,15,17,35,False
qwen3.5-9b,fitting,4a2f7ea3c6bc,jbb,True,train,user,fixed_slot,47,15,37,46,True
qwen3.5-9b,fitting,4a2f7ea3c6bc,jbb,True,train,tool,fixed_slot,51,15,39,50,True
qwen3.5-9b,fitting,4a2f7ea3c6bc,jbb,True,train,assistant,fixed_slot,51,15,41,50,True
qwen3.5-9b,fitting,4a2f7ea3c6bc,jbb,True,train,system,natural_slot,36,15,17,35,False
qwen3.5-9b,fitting,4a2f7ea3c6bc,jbb,True,train,user,natural_slot,38,15,28,37,False
qwen3.5-9b,fitting,4a2f7ea3c6bc,jbb,True,train,tool,natural_slot,63,15,51,62,False
qwen3.5-9b,fitting,4a2f7ea3c6bc,jbb,True,train,assistant,natural_slot,51,15,41,50,False
qwen3.5-9b,fitting,191476e5b234,sorry-bench,True,train,system,fixed_slot,31,10,12,30,False
qwen3.5-9b,fitting,191476e5b234,sorry-bench,True,train,user,fixed_slot,42,10,32,41,True
qwen3.5-9b,fitting,191476e5b234,sorry-bench,True,train,tool,fixed_slot,46,10,34,45,True
qwen3.5-9b,fitting,191476e5b234,sorry-bench,True,train,assistant,fixed_slot,46,10,36,45,True
qwen3.5-9b,fitting,191476e5b234,sorry-bench,True,train,system,natural_slot,31,10,12,30,False
qwen3.5-9b,fitting,191476e5b234,sorry-bench,True,train,user,natural_slot,33,10,23,32,False
qwen3.5-9b,fitting,191476e5b234,sorry-bench,True,train,tool,natural_slot,58,10,46,57,False
qwen3.5-9b,fitting,191476e5b234,sorry-bench,True,train,assistant,natural_slot,46,10,36,45,False
qwen3.5-9b,fitting,d5393b933872,advbench,True,train,system,fixed_slot,38,17,19,37,False
qwen3.5-9b,fitting,d5393b933872,advbench,True,train,user,fixed_slot,49,17,39,48,True
qwen3.5-9b,fitting,d5393b933872,advbench,True,train,tool,fixed_slot,53,17,41,52,True
qwen3.5-9b,fitting,d5393b933872,advbench,True,train,assistant,fixed_slot,53,17,43,52,True
qwen3.5-9b,fitting,d5393b933872,advbench,True,train,system,natural_slot,38,17,19,37,False
qwen3.5-9b,fitting,d5393b933872,advbench,True,train,user,natural_slot,40,17,30,39,False
qwen3.5-9b,fitting,d5393b933872,advbench,True,train,tool,natural_slot,65,17,53,64,False
qwen3.5-9b,fitting,d5393b933872,advbench,True,train,assistant,natural_slot,53,17,43,52,False
qwen3.5-9b,fitting,2bf03afa1a5d,jbb,True,train,system,fixed_slot,31,10,12,30,False
qwen3.5-9b,fitting,2bf03afa1a5d,jbb,True,train,user,fixed_slot,42,10,32,41,True
qwen3.5-9b,fitting,2bf03afa1a5d,jbb,True,train,tool,fixed_slot,46,10,34,45,True
qwen3.5-9b,fitting,2bf03afa1a5d,jbb,True,train,assistant,fixed_slot,46,10,36,45,True
qwen3.5-9b,fitting,2bf03afa1a5d,jbb,True,train,system,natural_slot,31,10,12,30,False
qwen3.5-9b,fitting,2bf03afa1a5d,jbb,True,train,user,natural_slot,33,10,23,32,False
qwen3.5-9b,fitting,2bf03afa1a5d,jbb,True,train,tool,natural_slot,58,10,46,57,False
qwen3.5-9b,fitting,2bf03afa1a5d,jbb,True,train,assistant,natural_slot,46,10,36,45,False
qwen3.5-9b,fitting,d61a408b47b3,sorry-bench,True,train,system,fixed_slot,31,10,12,30,False
qwen3.5-9b,fitting,d61a408b47b3,sorry-bench,True,train,user,fixed_slot,42,10,32,41,True
qwen3.5-9b,fitting,d61a408b47b3,sorry-bench,True,train,tool,fixed_slot,46,10,34,45,True
qwen3.5-9b,fitting,d61a408b47b3,sorry-bench,True,train,assistant,fixed_slot,46,10,36,45,True
qwen3.5-9b,fitting,d61a408b47b3,sorry-bench,True,train,system,natural_slot,31,10,12,30,False
qwen3.5-9b,fitting,d61a408b47b3,sorry-bench,True,train,user,natural_slot,33,10,23,32,False
qwen3.5-9b,fitting,d61a408b47b3,sorry-bench,True,train,tool,natural_slot,58,10,46,57,False
qwen3.5-9b,fitting,d61a408b47b3,sorry-bench,True,train,assistant,natural_slot,46,10,36,45,False
qwen3.5-9b,fitting,913e08641f82,advbench,True,train,system,fixed_slot,34,13,15,33,False
qwen3.5-9b,fitting,913e08641f82,advbench,True,train,user,fixed_slot,45,13,35,44,True
qwen3.5-9b,fitting,913e08641f82,advbench,True,train,tool,fixed_slot,49,13,37,48,True
qwen3.5-9b,fitting,913e08641f82,advbench,True,train,assistant,fixed_slot,49,13,39,48,True
qwen3.5-9b,fitting,913e08641f82,advbench,True,train,system,natural_slot,34,13,15,33,False
qwen3.5-9b,fitting,913e08641f82,advbench,True,train,user,natural_slot,36,13,26,35,False
qwen3.5-9b,fitting,913e08641f82,advbench,True,train,tool,natural_slot,61,13,49,60,False
qwen3.5-9b,fitting,913e08641f82,advbench,True,train,assistant,natural_slot,49,13,39,48,False
qwen3.5-9b,fitting,d3bb7f952e27,jbb,True,train,system,fixed_slot,41,20,22,40,False
qwen3.5-9b,fitting,d3bb7f952e27,jbb,True,train,user,fixed_slot,52,20,42,51,True
qwen3.5-9b,fitting,d3bb7f952e27,jbb,True,train,tool,fixed_slot,56,20,44,55,True
qwen3.5-9b,fitting,d3bb7f952e27,jbb,True,train,assistant,fixed_slot,56,20,46,55,True
qwen3.5-9b,fitting,d3bb7f952e27,jbb,True,train,system,natural_slot,41,20,22,40,False
qwen3.5-9b,fitting,d3bb7f952e27,jbb,True,train,user,natural_slot,43,20,33,42,False
qwen3.5-9b,fitting,d3bb7f952e27,jbb,True,train,tool,natural_slot,68,20,56,67,False
qwen3.5-9b,fitting,d3bb7f952e27,jbb,True,train,assistant,natural_slot,56,20,46,55,False
qwen3.5-9b,fitting,be2f571d9e0e,sorry-bench,True,train,system,fixed_slot,56,35,37,55,False
qwen3.5-9b,fitting,be2f571d9e0e,sorry-bench,True,train,user,fixed_slot,67,35,57,66,True
qwen3.5-9b,fitting,be2f571d9e0e,sorry-bench,True,train,tool,fixed_slot,71,35,59,70,True
qwen3.5-9b,fitting,be2f571d9e0e,sorry-bench,True,train,assistant,fixed_slot,71,35,61,70,True
qwen3.5-9b,fitting,be2f571d9e0e,sorry-bench,True,train,system,natural_slot,56,35,37,55,False
qwen3.5-9b,fitting,be2f571d9e0e,sorry-bench,True,train,user,natural_slot,58,35,48,57,False
qwen3.5-9b,fitting,be2f571d9e0e,sorry-bench,True,train,tool,natural_slot,83,35,71,82,False
qwen3.5-9b,fitting,be2f571d9e0e,sorry-bench,True,train,assistant,natural_slot,71,35,61,70,False
qwen3.5-9b,fitting,c1fe6a7120c1,advbench,True,train,system,fixed_slot,37,16,18,36,False
qwen3.5-9b,fitting,c1fe6a7120c1,advbench,True,train,user,fixed_slot,48,16,38,47,True
qwen3.5-9b,fitting,c1fe6a7120c1,advbench,True,train,tool,fixed_slot,52,16,40,51,True
qwen3.5-9b,fitting,c1fe6a7120c1,advbench,True,train,assistant,fixed_slot,52,16,42,51,True
qwen3.5-9b,fitting,c1fe6a7120c1,advbench,True,train,system,natural_slot,37,16,18,36,False
qwen3.5-9b,fitting,c1fe6a7120c1,advbench,True,train,user,natural_slot,39,16,29,38,False
qwen3.5-9b,fitting,c1fe6a7120c1,advbench,True,train,tool,natural_slot,64,16,52,63,False
qwen3.5-9b,fitting,c1fe6a7120c1,advbench,True,train,assistant,natural_slot,52,16,42,51,False
qwen3.5-9b,fitting,7d28eb52f637,jbb,True,train,system,fixed_slot,51,30,32,50,False
qwen3.5-9b,fitting,7d28eb52f637,jbb,True,train,user,fixed_slot,62,30,52,61,True
qwen3.5-9b,fitting,7d28eb52f637,jbb,True,train,tool,fixed_slot,66,30,54,65,True
qwen3.5-9b,fitting,7d28eb52f637,jbb,True,train,assistant,fixed_slot,66,30,56,65,True
qwen3.5-9b,fitting,7d28eb52f637,jbb,True,train,system,natural_slot,51,30,32,50,False
qwen3.5-9b,fitting,7d28eb52f637,jbb,True,train,user,natural_slot,53,30,43,52,False
qwen3.5-9b,fitting,7d28eb52f637,jbb,True,train,tool,natural_slot,78,30,66,77,False
qwen3.5-9b,fitting,7d28eb52f637,jbb,True,train,assistant,natural_slot,66,30,56,65,False
qwen3.5-9b,fitting,093e5cf540f8,sorry-bench,True,test,system,fixed_slot,48,27,29,47,False
qwen3.5-9b,fitting,093e5cf540f8,sorry-bench,True,test,user,fixed_slot,59,27,49,58,True
qwen3.5-9b,fitting,093e5cf540f8,sorry-bench,True,test,tool,fixed_slot,63,27,51,62,True
qwen3.5-9b,fitting,093e5cf540f8,sorry-bench,True,test,assistant,fixed_slot,63,27,53,62,True
qwen3.5-9b,fitting,093e5cf540f8,sorry-bench,True,test,system,natural_slot,48,27,29,47,False
qwen3.5-9b,fitting,093e5cf540f8,sorry-bench,True,test,user,natural_slot,50,27,40,49,False
qwen3.5-9b,fitting,093e5cf540f8,sorry-bench,True,test,tool,natural_slot,75,27,63,74,False
qwen3.5-9b,fitting,093e5cf540f8,sorry-bench,True,test,assistant,natural_slot,63,27,53,62,False
qwen3.5-9b,fitting,0109611a6845,advbench,True,train,system,fixed_slot,32,11,13,31,False
qwen3.5-9b,fitting,0109611a6845,advbench,True,train,user,fixed_slot,43,11,33,42,True
qwen3.5-9b,fitting,0109611a6845,advbench,True,train,tool,fixed_slot,47,11,35,46,True
qwen3.5-9b,fitting,0109611a6845,advbench,True,train,assistant,fixed_slot,47,11,37,46,True
qwen3.5-9b,fitting,0109611a6845,advbench,True,train,system,natural_slot,32,11,13,31,False
qwen3.5-9b,fitting,0109611a6845,advbench,True,train,user,natural_slot,34,11,24,33,False
qwen3.5-9b,fitting,0109611a6845,advbench,True,train,tool,natural_slot,59,11,47,58,False
qwen3.5-9b,fitting,0109611a6845,advbench,True,train,assistant,natural_slot,47,11,37,46,False
qwen3.5-9b,fitting,711b5ce2f890,jbb,True,train,system,fixed_slot,46,25,27,45,False
qwen3.5-9b,fitting,711b5ce2f890,jbb,True,train,user,fixed_slot,57,25,47,56,True
qwen3.5-9b,fitting,711b5ce2f890,jbb,True,train,tool,fixed_slot,61,25,49,60,True
qwen3.5-9b,fitting,711b5ce2f890,jbb,True,train,assistant,fixed_slot,61,25,51,60,True
qwen3.5-9b,fitting,711b5ce2f890,jbb,True,train,system,natural_slot,46,25,27,45,False
qwen3.5-9b,fitting,711b5ce2f890,jbb,True,train,user,natural_slot,48,25,38,47,False
qwen3.5-9b,fitting,711b5ce2f890,jbb,True,train,tool,natural_slot,73,25,61,72,False
qwen3.5-9b,fitting,711b5ce2f890,jbb,True,train,assistant,natural_slot,61,25,51,60,False
qwen3.5-9b,fitting,cf8bdf5df9e1,sorry-bench,True,train,system,fixed_slot,31,10,12,30,False
qwen3.5-9b,fitting,cf8bdf5df9e1,sorry-bench,True,train,user,fixed_slot,42,10,32,41,True
qwen3.5-9b,fitting,cf8bdf5df9e1,sorry-bench,True,train,tool,fixed_slot,46,10,34,45,True
qwen3.5-9b,fitting,cf8bdf5df9e1,sorry-bench,True,train,assistant,fixed_slot,46,10,36,45,True
qwen3.5-9b,fitting,cf8bdf5df9e1,sorry-bench,True,train,system,natural_slot,31,10,12,30,False
qwen3.5-9b,fitting,cf8bdf5df9e1,sorry-bench,True,train,user,natural_slot,33,10,23,32,False
qwen3.5-9b,fitting,cf8bdf5df9e1,sorry-bench,True,train,tool,natural_slot,58,10,46,57,False
qwen3.5-9b,fitting,cf8bdf5df9e1,sorry-bench,True,train,assistant,natural_slot,46,10,36,45,False
qwen3.5-9b,fitting,dc4f21b430b6,advbench,True,train,system,fixed_slot,30,9,11,29,False
qwen3.5-9b,fitting,dc4f21b430b6,advbench,True,train,user,fixed_slot,41,9,31,40,True
qwen3.5-9b,fitting,dc4f21b430b6,advbench,True,train,tool,fixed_slot,45,9,33,44,True
qwen3.5-9b,fitting,dc4f21b430b6,advbench,True,train,assistant,fixed_slot,45,9,35,44,True
qwen3.5-9b,fitting,dc4f21b430b6,advbench,True,train,system,natural_slot,30,9,11,29,False
qwen3.5-9b,fitting,dc4f21b430b6,advbench,True,train,user,natural_slot,32,9,22,31,False
qwen3.5-9b,fitting,dc4f21b430b6,advbench,True,train,tool,natural_slot,57,9,45,56,False
qwen3.5-9b,fitting,dc4f21b430b6,advbench,True,train,assistant,natural_slot,45,9,35,44,False
qwen3.5-9b,fitting,d66a8a582ce0,jbb,True,train,system,fixed_slot,34,13,15,33,False
qwen3.5-9b,fitting,d66a8a582ce0,jbb,True,train,user,fixed_slot,45,13,35,44,True
qwen3.5-9b,fitting,d66a8a582ce0,jbb,True,train,tool,fixed_slot,49,13,37,48,True
qwen3.5-9b,fitting,d66a8a582ce0,jbb,True,train,assistant,fixed_slot,49,13,39,48,True
qwen3.5-9b,fitting,d66a8a582ce0,jbb,True,train,system,natural_slot,34,13,15,33,False
qwen3.5-9b,fitting,d66a8a582ce0,jbb,True,train,user,natural_slot,36,13,26,35,False
qwen3.5-9b,fitting,d66a8a582ce0,jbb,True,train,tool,natural_slot,61,13,49,60,False
qwen3.5-9b,fitting,d66a8a582ce0,jbb,True,train,assistant,natural_slot,49,13,39,48,False
qwen3.5-9b,fitting,783002f81bf5,sorry-bench,True,train,system,fixed_slot,40,19,21,39,False
qwen3.5-9b,fitting,783002f81bf5,sorry-bench,True,train,user,fixed_slot,51,19,41,50,True
qwen3.5-9b,fitting,783002f81bf5,sorry-bench,True,train,tool,fixed_slot,55,19,43,54,True
qwen3.5-9b,fitting,783002f81bf5,sorry-bench,True,train,assistant,fixed_slot,55,19,45,54,True
qwen3.5-9b,fitting,783002f81bf5,sorry-bench,True,train,system,natural_slot,40,19,21,39,False
qwen3.5-9b,fitting,783002f81bf5,sorry-bench,True,train,user,natural_slot,42,19,32,41,False
qwen3.5-9b,fitting,783002f81bf5,sorry-bench,True,train,tool,natural_slot,67,19,55,66,False
qwen3.5-9b,fitting,783002f81bf5,sorry-bench,True,train,assistant,natural_slot,55,19,45,54,False
qwen3.5-9b,fitting,dba92a2a5b38,advbench,True,test,system,fixed_slot,36,15,17,35,False
qwen3.5-9b,fitting,dba92a2a5b38,advbench,True,test,user,fixed_slot,47,15,37,46,True
qwen3.5-9b,fitting,dba92a2a5b38,advbench,True,test,tool,fixed_slot,51,15,39,50,True
qwen3.5-9b,fitting,dba92a2a5b38,advbench,True,test,assistant,fixed_slot,51,15,41,50,True
qwen3.5-9b,fitting,dba92a2a5b38,advbench,True,test,system,natural_slot,36,15,17,35,False
qwen3.5-9b,fitting,dba92a2a5b38,advbench,True,test,user,natural_slot,38,15,28,37,False
qwen3.5-9b,fitting,dba92a2a5b38,advbench,True,test,tool,natural_slot,63,15,51,62,False
qwen3.5-9b,fitting,dba92a2a5b38,advbench,True,test,assistant,natural_slot,51,15,41,50,False
qwen3.5-9b,fitting,cb9888f1cdd2,jbb,True,train,system,fixed_slot,37,16,18,36,False
qwen3.5-9b,fitting,cb9888f1cdd2,jbb,True,train,user,fixed_slot,48,16,38,47,True
qwen3.5-9b,fitting,cb9888f1cdd2,jbb,True,train,tool,fixed_slot,52,16,40,51,True
qwen3.5-9b,fitting,cb9888f1cdd2,jbb,True,train,assistant,fixed_slot,52,16,42,51,True
qwen3.5-9b,fitting,cb9888f1cdd2,jbb,True,train,system,natural_slot,37,16,18,36,False
qwen3.5-9b,fitting,cb9888f1cdd2,jbb,True,train,user,natural_slot,39,16,29,38,False
qwen3.5-9b,fitting,cb9888f1cdd2,jbb,True,train,tool,natural_slot,64,16,52,63,False
qwen3.5-9b,fitting,cb9888f1cdd2,jbb,True,train,assistant,natural_slot,52,16,42,51,False
qwen3.5-9b,fitting,c550b6122621,sorry-bench,True,test,system,fixed_slot,42,21,23,41,False
qwen3.5-9b,fitting,c550b6122621,sorry-bench,True,test,user,fixed_slot,53,21,43,52,True
qwen3.5-9b,fitting,c550b6122621,sorry-bench,True,test,tool,fixed_slot,57,21,45,56,True
qwen3.5-9b,fitting,c550b6122621,sorry-bench,True,test,assistant,fixed_slot,57,21,47,56,True
qwen3.5-9b,fitting,c550b6122621,sorry-bench,True,test,system,natural_slot,42,21,23,41,False
qwen3.5-9b,fitting,c550b6122621,sorry-bench,True,test,user,natural_slot,44,21,34,43,False
qwen3.5-9b,fitting,c550b6122621,sorry-bench,True,test,tool,natural_slot,69,21,57,68,False
qwen3.5-9b,fitting,c550b6122621,sorry-bench,True,test,assistant,natural_slot,57,21,47,56,False
qwen3.5-9b,fitting,f53736e9eb6f,advbench,True,train,system,fixed_slot,34,13,15,33,False
qwen3.5-9b,fitting,f53736e9eb6f,advbench,True,train,user,fixed_slot,45,13,35,44,True
qwen3.5-9b,fitting,f53736e9eb6f,advbench,True,train,tool,fixed_slot,49,13,37,48,True
qwen3.5-9b,fitting,f53736e9eb6f,advbench,True,train,assistant,fixed_slot,49,13,39,48,True
qwen3.5-9b,fitting,f53736e9eb6f,advbench,True,train,system,natural_slot,34,13,15,33,False
qwen3.5-9b,fitting,f53736e9eb6f,advbench,True,train,user,natural_slot,36,13,26,35,False
qwen3.5-9b,fitting,f53736e9eb6f,advbench,True,train,tool,natural_slot,61,13,49,60,False
qwen3.5-9b,fitting,f53736e9eb6f,advbench,True,train,assistant,natural_slot,49,13,39,48,False
qwen3.5-9b,fitting,79d2217d5c8a,jbb,True,train,system,fixed_slot,33,12,14,32,False
qwen3.5-9b,fitting,79d2217d5c8a,jbb,True,train,user,fixed_slot,44,12,34,43,True
qwen3.5-9b,fitting,79d2217d5c8a,jbb,True,train,tool,fixed_slot,48,12,36,47,True
qwen3.5-9b,fitting,79d2217d5c8a,jbb,True,train,assistant,fixed_slot,48,12,38,47,True
qwen3.5-9b,fitting,79d2217d5c8a,jbb,True,train,system,natural_slot,33,12,14,32,False
qwen3.5-9b,fitting,79d2217d5c8a,jbb,True,train,user,natural_slot,35,12,25,34,False
qwen3.5-9b,fitting,79d2217d5c8a,jbb,True,train,tool,natural_slot,60,12,48,59,False
qwen3.5-9b,fitting,79d2217d5c8a,jbb,True,train,assistant,natural_slot,48,12,38,47,False
qwen3.5-9b,fitting,3dfdc37ac978,sorry-bench,True,test,system,fixed_slot,45,24,26,44,False
qwen3.5-9b,fitting,3dfdc37ac978,sorry-bench,True,test,user,fixed_slot,56,24,46,55,True
qwen3.5-9b,fitting,3dfdc37ac978,sorry-bench,True,test,tool,fixed_slot,60,24,48,59,True
qwen3.5-9b,fitting,3dfdc37ac978,sorry-bench,True,test,assistant,fixed_slot,60,24,50,59,True
qwen3.5-9b,fitting,3dfdc37ac978,sorry-bench,True,test,system,natural_slot,45,24,26,44,False
qwen3.5-9b,fitting,3dfdc37ac978,sorry-bench,True,test,user,natural_slot,47,24,37,46,False
qwen3.5-9b,fitting,3dfdc37ac978,sorry-bench,True,test,tool,natural_slot,72,24,60,71,False
qwen3.5-9b,fitting,3dfdc37ac978,sorry-bench,True,test,assistant,natural_slot,60,24,50,59,False
qwen3.5-9b,fitting,938438ec2827,advbench,True,train,system,fixed_slot,28,7,9,27,False
qwen3.5-9b,fitting,938438ec2827,advbench,True,train,user,fixed_slot,39,7,29,38,True
qwen3.5-9b,fitting,938438ec2827,advbench,True,train,tool,fixed_slot,43,7,31,42,True
qwen3.5-9b,fitting,938438ec2827,advbench,True,train,assistant,fixed_slot,43,7,33,42,True
qwen3.5-9b,fitting,938438ec2827,advbench,True,train,system,natural_slot,28,7,9,27,False
qwen3.5-9b,fitting,938438ec2827,advbench,True,train,user,natural_slot,30,7,20,29,False
qwen3.5-9b,fitting,938438ec2827,advbench,True,train,tool,natural_slot,55,7,43,54,False
qwen3.5-9b,fitting,938438ec2827,advbench,True,train,assistant,natural_slot,43,7,33,42,False
qwen3.5-9b,fitting,e8cbb6d6aa18,jbb,True,train,system,fixed_slot,38,17,19,37,False
qwen3.5-9b,fitting,e8cbb6d6aa18,jbb,True,train,user,fixed_slot,49,17,39,48,True
qwen3.5-9b,fitting,e8cbb6d6aa18,jbb,True,train,tool,fixed_slot,53,17,41,52,True
qwen3.5-9b,fitting,e8cbb6d6aa18,jbb,True,train,assistant,fixed_slot,53,17,43,52,True
qwen3.5-9b,fitting,e8cbb6d6aa18,jbb,True,train,system,natural_slot,38,17,19,37,False
qwen3.5-9b,fitting,e8cbb6d6aa18,jbb,True,train,user,natural_slot,40,17,30,39,False
qwen3.5-9b,fitting,e8cbb6d6aa18,jbb,True,train,tool,natural_slot,65,17,53,64,False
qwen3.5-9b,fitting,e8cbb6d6aa18,jbb,True,train,assistant,natural_slot,53,17,43,52,False
qwen3.5-9b,fitting,fa16b4361175,sorry-bench,True,train,system,fixed_slot,37,16,18,36,False
qwen3.5-9b,fitting,fa16b4361175,sorry-bench,True,train,user,fixed_slot,48,16,38,47,True
qwen3.5-9b,fitting,fa16b4361175,sorry-bench,True,train,tool,fixed_slot,52,16,40,51,True
qwen3.5-9b,fitting,fa16b4361175,sorry-bench,True,train,assistant,fixed_slot,52,16,42,51,True
qwen3.5-9b,fitting,fa16b4361175,sorry-bench,True,train,system,natural_slot,37,16,18,36,False
qwen3.5-9b,fitting,fa16b4361175,sorry-bench,True,train,user,natural_slot,39,16,29,38,False
qwen3.5-9b,fitting,fa16b4361175,sorry-bench,True,train,tool,natural_slot,64,16,52,63,False
qwen3.5-9b,fitting,fa16b4361175,sorry-bench,True,train,assistant,natural_slot,52,16,42,51,False
qwen3.5-9b,fitting,72fdbf89d0c9,advbench,True,train,system,fixed_slot,31,10,12,30,False
qwen3.5-9b,fitting,72fdbf89d0c9,advbench,True,train,user,fixed_slot,42,10,32,41,True
qwen3.5-9b,fitting,72fdbf89d0c9,advbench,True,train,tool,fixed_slot,46,10,34,45,True
qwen3.5-9b,fitting,72fdbf89d0c9,advbench,True,train,assistant,fixed_slot,46,10,36,45,True
qwen3.5-9b,fitting,72fdbf89d0c9,advbench,True,train,system,natural_slot,31,10,12,30,False
qwen3.5-9b,fitting,72fdbf89d0c9,advbench,True,train,user,natural_slot,33,10,23,32,False
qwen3.5-9b,fitting,72fdbf89d0c9,advbench,True,train,tool,natural_slot,58,10,46,57,False
qwen3.5-9b,fitting,72fdbf89d0c9,advbench,True,train,assistant,natural_slot,46,10,36,45,False
qwen3.5-9b,fitting,2d8ae23d8ede,jbb,True,train,system,fixed_slot,31,10,12,30,False
qwen3.5-9b,fitting,2d8ae23d8ede,jbb,True,train,user,fixed_slot,42,10,32,41,True
qwen3.5-9b,fitting,2d8ae23d8ede,jbb,True,train,tool,fixed_slot,46,10,34,45,True
qwen3.5-9b,fitting,2d8ae23d8ede,jbb,True,train,assistant,fixed_slot,46,10,36,45,True
qwen3.5-9b,fitting,2d8ae23d8ede,jbb,True,train,system,natural_slot,31,10,12,30,False
qwen3.5-9b,fitting,2d8ae23d8ede,jbb,True,train,user,natural_slot,33,10,23,32,False
qwen3.5-9b,fitting,2d8ae23d8ede,jbb,True,train,tool,natural_slot,58,10,46,57,False
qwen3.5-9b,fitting,2d8ae23d8ede,jbb,True,train,assistant,natural_slot,46,10,36,45,False
qwen3.5-9b,fitting,ad1be43394a7,sorry-bench,True,train,system,fixed_slot,41,20,22,40,False
qwen3.5-9b,fitting,ad1be43394a7,sorry-bench,True,train,user,fixed_slot,52,20,42,51,True
qwen3.5-9b,fitting,ad1be43394a7,sorry-bench,True,train,tool,fixed_slot,56,20,44,55,True
qwen3.5-9b,fitting,ad1be43394a7,sorry-bench,True,train,assistant,fixed_slot,56,20,46,55,True
qwen3.5-9b,fitting,ad1be43394a7,sorry-bench,True,train,system,natural_slot,41,20,22,40,False
qwen3.5-9b,fitting,ad1be43394a7,sorry-bench,True,train,user,natural_slot,43,20,33,42,False
qwen3.5-9b,fitting,ad1be43394a7,sorry-bench,True,train,tool,natural_slot,68,20,56,67,False
qwen3.5-9b,fitting,ad1be43394a7,sorry-bench,True,train,assistant,natural_slot,56,20,46,55,False
qwen3.5-9b,fitting,8edcd4bfa459,advbench,True,train,system,fixed_slot,37,16,18,36,False
qwen3.5-9b,fitting,8edcd4bfa459,advbench,True,train,user,fixed_slot,48,16,38,47,True
qwen3.5-9b,fitting,8edcd4bfa459,advbench,True,train,tool,fixed_slot,52,16,40,51,True
qwen3.5-9b,fitting,8edcd4bfa459,advbench,True,train,assistant,fixed_slot,52,16,42,51,True
qwen3.5-9b,fitting,8edcd4bfa459,advbench,True,train,system,natural_slot,37,16,18,36,False
qwen3.5-9b,fitting,8edcd4bfa459,advbench,True,train,user,natural_slot,39,16,29,38,False
qwen3.5-9b,fitting,8edcd4bfa459,advbench,True,train,tool,natural_slot,64,16,52,63,False
qwen3.5-9b,fitting,8edcd4bfa459,advbench,True,train,assistant,natural_slot,52,16,42,51,False
qwen3.5-9b,fitting,673d2bdfdec7,jbb,True,train,system,fixed_slot,33,12,14,32,False
qwen3.5-9b,fitting,673d2bdfdec7,jbb,True,train,user,fixed_slot,44,12,34,43,True
qwen3.5-9b,fitting,673d2bdfdec7,jbb,True,train,tool,fixed_slot,48,12,36,47,True
qwen3.5-9b,fitting,673d2bdfdec7,jbb,True,train,assistant,fixed_slot,48,12,38,47,True
qwen3.5-9b,fitting,673d2bdfdec7,jbb,True,train,system,natural_slot,33,12,14,32,False
qwen3.5-9b,fitting,673d2bdfdec7,jbb,True,train,user,natural_slot,35,12,25,34,False
qwen3.5-9b,fitting,673d2bdfdec7,jbb,True,train,tool,natural_slot,60,12,48,59,False
qwen3.5-9b,fitting,673d2bdfdec7,jbb,True,train,assistant,natural_slot,48,12,38,47,False
qwen3.5-9b,fitting,b5eed6f2fba8,sorry-bench,True,train,system,fixed_slot,36,15,17,35,False
qwen3.5-9b,fitting,b5eed6f2fba8,sorry-bench,True,train,user,fixed_slot,47,15,37,46,True
qwen3.5-9b,fitting,b5eed6f2fba8,sorry-bench,True,train,tool,fixed_slot,51,15,39,50,True
qwen3.5-9b,fitting,b5eed6f2fba8,sorry-bench,True,train,assistant,fixed_slot,51,15,41,50,True
qwen3.5-9b,fitting,b5eed6f2fba8,sorry-bench,True,train,system,natural_slot,36,15,17,35,False
qwen3.5-9b,fitting,b5eed6f2fba8,sorry-bench,True,train,user,natural_slot,38,15,28,37,False
qwen3.5-9b,fitting,b5eed6f2fba8,sorry-bench,True,train,tool,natural_slot,63,15,51,62,False
qwen3.5-9b,fitting,b5eed6f2fba8,sorry-bench,True,train,assistant,natural_slot,51,15,41,50,False
qwen3.5-9b,fitting,54a74b00f02f,advbench,True,train,system,fixed_slot,34,13,15,33,False
qwen3.5-9b,fitting,54a74b00f02f,advbench,True,train,user,fixed_slot,45,13,35,44,True
qwen3.5-9b,fitting,54a74b00f02f,advbench,True,train,tool,fixed_slot,49,13,37,48,True
qwen3.5-9b,fitting,54a74b00f02f,advbench,True,train,assistant,fixed_slot,49,13,39,48,True
qwen3.5-9b,fitting,54a74b00f02f,advbench,True,train,system,natural_slot,34,13,15,33,False
qwen3.5-9b,fitting,54a74b00f02f,advbench,True,train,user,natural_slot,36,13,26,35,False
qwen3.5-9b,fitting,54a74b00f02f,advbench,True,train,tool,natural_slot,61,13,49,60,False
qwen3.5-9b,fitting,54a74b00f02f,advbench,True,train,assistant,natural_slot,49,13,39,48,False
qwen3.5-9b,fitting,72f94b91f18b,jbb,True,test,system,fixed_slot,39,18,20,38,False
qwen3.5-9b,fitting,72f94b91f18b,jbb,True,test,user,fixed_slot,50,18,40,49,True
qwen3.5-9b,fitting,72f94b91f18b,jbb,True,test,tool,fixed_slot,54,18,42,53,True
qwen3.5-9b,fitting,72f94b91f18b,jbb,True,test,assistant,fixed_slot,54,18,44,53,True
qwen3.5-9b,fitting,72f94b91f18b,jbb,True,test,system,natural_slot,39,18,20,38,False
qwen3.5-9b,fitting,72f94b91f18b,jbb,True,test,user,natural_slot,41,18,31,40,False
qwen3.5-9b,fitting,72f94b91f18b,jbb,True,test,tool,natural_slot,66,18,54,65,False
qwen3.5-9b,fitting,72f94b91f18b,jbb,True,test,assistant,natural_slot,54,18,44,53,False
qwen3.5-9b,fitting,ce732fee40aa,sorry-bench,True,train,system,fixed_slot,36,15,17,35,False
qwen3.5-9b,fitting,ce732fee40aa,sorry-bench,True,train,user,fixed_slot,47,15,37,46,True
qwen3.5-9b,fitting,ce732fee40aa,sorry-bench,True,train,tool,fixed_slot,51,15,39,50,True
qwen3.5-9b,fitting,ce732fee40aa,sorry-bench,True,train,assistant,fixed_slot,51,15,41,50,True
qwen3.5-9b,fitting,ce732fee40aa,sorry-bench,True,train,system,natural_slot,36,15,17,35,False
qwen3.5-9b,fitting,ce732fee40aa,sorry-bench,True,train,user,natural_slot,38,15,28,37,False
qwen3.5-9b,fitting,ce732fee40aa,sorry-bench,True,train,tool,natural_slot,63,15,51,62,False
qwen3.5-9b,fitting,ce732fee40aa,sorry-bench,True,train,assistant,natural_slot,51,15,41,50,False
qwen3.5-9b,fitting,4a6dff63bb95,advbench,True,train,system,fixed_slot,33,12,14,32,False
qwen3.5-9b,fitting,4a6dff63bb95,advbench,True,train,user,fixed_slot,44,12,34,43,True
qwen3.5-9b,fitting,4a6dff63bb95,advbench,True,train,tool,fixed_slot,48,12,36,47,True
qwen3.5-9b,fitting,4a6dff63bb95,advbench,True,train,assistant,fixed_slot,48,12,38,47,True
qwen3.5-9b,fitting,4a6dff63bb95,advbench,True,train,system,natural_slot,33,12,14,32,False
qwen3.5-9b,fitting,4a6dff63bb95,advbench,True,train,user,natural_slot,35,12,25,34,False
qwen3.5-9b,fitting,4a6dff63bb95,advbench,True,train,tool,natural_slot,60,12,48,59,False
qwen3.5-9b,fitting,4a6dff63bb95,advbench,True,train,assistant,natural_slot,48,12,38,47,False
qwen3.5-9b,fitting,04936aff0cac,jbb,True,train,system,fixed_slot,34,13,15,33,False
qwen3.5-9b,fitting,04936aff0cac,jbb,True,train,user,fixed_slot,45,13,35,44,True
qwen3.5-9b,fitting,04936aff0cac,jbb,True,train,tool,fixed_slot,49,13,37,48,True
qwen3.5-9b,fitting,04936aff0cac,jbb,True,train,assistant,fixed_slot,49,13,39,48,True
qwen3.5-9b,fitting,04936aff0cac,jbb,True,train,system,natural_slot,34,13,15,33,False
qwen3.5-9b,fitting,04936aff0cac,jbb,True,train,user,natural_slot,36,13,26,35,False
qwen3.5-9b,fitting,04936aff0cac,jbb,True,train,tool,natural_slot,61,13,49,60,False
qwen3.5-9b,fitting,04936aff0cac,jbb,True,train,assistant,natural_slot,49,13,39,48,False
qwen3.5-9b,fitting,61ee520eb673,sorry-bench,True,test,system,fixed_slot,55,34,36,54,False
qwen3.5-9b,fitting,61ee520eb673,sorry-bench,True,test,user,fixed_slot,66,34,56,65,True
qwen3.5-9b,fitting,61ee520eb673,sorry-bench,True,test,tool,fixed_slot,70,34,58,69,True
qwen3.5-9b,fitting,61ee520eb673,sorry-bench,True,test,assistant,fixed_slot,70,34,60,69,True
qwen3.5-9b,fitting,61ee520eb673,sorry-bench,True,test,system,natural_slot,55,34,36,54,False
qwen3.5-9b,fitting,61ee520eb673,sorry-bench,True,test,user,natural_slot,57,34,47,56,False
qwen3.5-9b,fitting,61ee520eb673,sorry-bench,True,test,tool,natural_slot,82,34,70,81,False
qwen3.5-9b,fitting,61ee520eb673,sorry-bench,True,test,assistant,natural_slot,70,34,60,69,False
qwen3.5-9b,fitting,614e33383967,advbench,True,train,system,fixed_slot,32,11,13,31,False
qwen3.5-9b,fitting,614e33383967,advbench,True,train,user,fixed_slot,43,11,33,42,True
qwen3.5-9b,fitting,614e33383967,advbench,True,train,tool,fixed_slot,47,11,35,46,True
qwen3.5-9b,fitting,614e33383967,advbench,True,train,assistant,fixed_slot,47,11,37,46,True
qwen3.5-9b,fitting,614e33383967,advbench,True,train,system,natural_slot,32,11,13,31,False
qwen3.5-9b,fitting,614e33383967,advbench,True,train,user,natural_slot,34,11,24,33,False
qwen3.5-9b,fitting,614e33383967,advbench,True,train,tool,natural_slot,59,11,47,58,False
qwen3.5-9b,fitting,614e33383967,advbench,True,train,assistant,natural_slot,47,11,37,46,False
qwen3.5-9b,fitting,9ab84edba2bc,jbb,True,test,system,fixed_slot,31,10,12,30,False
qwen3.5-9b,fitting,9ab84edba2bc,jbb,True,test,user,fixed_slot,42,10,32,41,True
qwen3.5-9b,fitting,9ab84edba2bc,jbb,True,test,tool,fixed_slot,46,10,34,45,True
qwen3.5-9b,fitting,9ab84edba2bc,jbb,True,test,assistant,fixed_slot,46,10,36,45,True
qwen3.5-9b,fitting,9ab84edba2bc,jbb,True,test,system,natural_slot,31,10,12,30,False
qwen3.5-9b,fitting,9ab84edba2bc,jbb,True,test,user,natural_slot,33,10,23,32,False
qwen3.5-9b,fitting,9ab84edba2bc,jbb,True,test,tool,natural_slot,58,10,46,57,False
qwen3.5-9b,fitting,9ab84edba2bc,jbb,True,test,assistant,natural_slot,46,10,36,45,False
qwen3.5-9b,fitting,4205477a21cd,sorry-bench,True,test,system,fixed_slot,60,39,41,59,False
qwen3.5-9b,fitting,4205477a21cd,sorry-bench,True,test,user,fixed_slot,71,39,61,70,True
qwen3.5-9b,fitting,4205477a21cd,sorry-bench,True,test,tool,fixed_slot,75,39,63,74,True
qwen3.5-9b,fitting,4205477a21cd,sorry-bench,True,test,assistant,fixed_slot,75,39,65,74,True
qwen3.5-9b,fitting,4205477a21cd,sorry-bench,True,test,system,natural_slot,60,39,41,59,False
qwen3.5-9b,fitting,4205477a21cd,sorry-bench,True,test,user,natural_slot,62,39,52,61,False
qwen3.5-9b,fitting,4205477a21cd,sorry-bench,True,test,tool,natural_slot,87,39,75,86,False
qwen3.5-9b,fitting,4205477a21cd,sorry-bench,True,test,assistant,natural_slot,75,39,65,74,False
qwen3.5-9b,fitting,5b3879a84862,advbench,True,train,system,fixed_slot,32,11,13,31,False
qwen3.5-9b,fitting,5b3879a84862,advbench,True,train,user,fixed_slot,43,11,33,42,True
qwen3.5-9b,fitting,5b3879a84862,advbench,True,train,tool,fixed_slot,47,11,35,46,True
qwen3.5-9b,fitting,5b3879a84862,advbench,True,train,assistant,fixed_slot,47,11,37,46,True
qwen3.5-9b,fitting,5b3879a84862,advbench,True,train,system,natural_slot,32,11,13,31,False
qwen3.5-9b,fitting,5b3879a84862,advbench,True,train,user,natural_slot,34,11,24,33,False
qwen3.5-9b,fitting,5b3879a84862,advbench,True,train,tool,natural_slot,59,11,47,58,False
qwen3.5-9b,fitting,5b3879a84862,advbench,True,train,assistant,natural_slot,47,11,37,46,False
qwen3.5-9b,fitting,3f0831c8d528,jbb,True,train,system,fixed_slot,34,13,15,33,False
qwen3.5-9b,fitting,3f0831c8d528,jbb,True,train,user,fixed_slot,45,13,35,44,True
qwen3.5-9b,fitting,3f0831c8d528,jbb,True,train,tool,fixed_slot,49,13,37,48,True
qwen3.5-9b,fitting,3f0831c8d528,jbb,True,train,assistant,fixed_slot,49,13,39,48,True
qwen3.5-9b,fitting,3f0831c8d528,jbb,True,train,system,natural_slot,34,13,15,33,False
qwen3.5-9b,fitting,3f0831c8d528,jbb,True,train,user,natural_slot,36,13,26,35,False
qwen3.5-9b,fitting,3f0831c8d528,jbb,True,train,tool,natural_slot,61,13,49,60,False
qwen3.5-9b,fitting,3f0831c8d528,jbb,True,train,assistant,natural_slot,49,13,39,48,False
qwen3.5-9b,fitting,42864aa219a7,sorry-bench,True,train,system,fixed_slot,40,19,21,39,False
qwen3.5-9b,fitting,42864aa219a7,sorry-bench,True,train,user,fixed_slot,51,19,41,50,True
qwen3.5-9b,fitting,42864aa219a7,sorry-bench,True,train,tool,fixed_slot,55,19,43,54,True
qwen3.5-9b,fitting,42864aa219a7,sorry-bench,True,train,assistant,fixed_slot,55,19,45,54,True
qwen3.5-9b,fitting,42864aa219a7,sorry-bench,True,train,system,natural_slot,40,19,21,39,False
qwen3.5-9b,fitting,42864aa219a7,sorry-bench,True,train,user,natural_slot,42,19,32,41,False
qwen3.5-9b,fitting,42864aa219a7,sorry-bench,True,train,tool,natural_slot,67,19,55,66,False
qwen3.5-9b,fitting,42864aa219a7,sorry-bench,True,train,assistant,natural_slot,55,19,45,54,False
qwen3.5-9b,fitting,7e4f12fd97ed,advbench,True,train,system,fixed_slot,36,15,17,35,False
qwen3.5-9b,fitting,7e4f12fd97ed,advbench,True,train,user,fixed_slot,47,15,37,46,True
qwen3.5-9b,fitting,7e4f12fd97ed,advbench,True,train,tool,fixed_slot,51,15,39,50,True
qwen3.5-9b,fitting,7e4f12fd97ed,advbench,True,train,assistant,fixed_slot,51,15,41,50,True
qwen3.5-9b,fitting,7e4f12fd97ed,advbench,True,train,system,natural_slot,36,15,17,35,False
qwen3.5-9b,fitting,7e4f12fd97ed,advbench,True,train,user,natural_slot,38,15,28,37,False
qwen3.5-9b,fitting,7e4f12fd97ed,advbench,True,train,tool,natural_slot,63,15,51,62,False
qwen3.5-9b,fitting,7e4f12fd97ed,advbench,True,train,assistant,natural_slot,51,15,41,50,False
qwen3.5-9b,fitting,08ed92238f55,jbb,True,test,system,fixed_slot,39,18,20,38,False
qwen3.5-9b,fitting,08ed92238f55,jbb,True,test,user,fixed_slot,50,18,40,49,True
qwen3.5-9b,fitting,08ed92238f55,jbb,True,test,tool,fixed_slot,54,18,42,53,True
qwen3.5-9b,fitting,08ed92238f55,jbb,True,test,assistant,fixed_slot,54,18,44,53,True
qwen3.5-9b,fitting,08ed92238f55,jbb,True,test,system,natural_slot,39,18,20,38,False
qwen3.5-9b,fitting,08ed92238f55,jbb,True,test,user,natural_slot,41,18,31,40,False
qwen3.5-9b,fitting,08ed92238f55,jbb,True,test,tool,natural_slot,66,18,54,65,False
qwen3.5-9b,fitting,08ed92238f55,jbb,True,test,assistant,natural_slot,54,18,44,53,False
qwen3.5-9b,fitting,89c99d4cc4b1,sorry-bench,True,train,system,fixed_slot,43,22,24,42,False
qwen3.5-9b,fitting,89c99d4cc4b1,sorry-bench,True,train,user,fixed_slot,54,22,44,53,True
qwen3.5-9b,fitting,89c99d4cc4b1,sorry-bench,True,train,tool,fixed_slot,58,22,46,57,True
qwen3.5-9b,fitting,89c99d4cc4b1,sorry-bench,True,train,assistant,fixed_slot,58,22,48,57,True
qwen3.5-9b,fitting,89c99d4cc4b1,sorry-bench,True,train,system,natural_slot,43,22,24,42,False
qwen3.5-9b,fitting,89c99d4cc4b1,sorry-bench,True,train,user,natural_slot,45,22,35,44,False
qwen3.5-9b,fitting,89c99d4cc4b1,sorry-bench,True,train,tool,natural_slot,70,22,58,69,False
qwen3.5-9b,fitting,89c99d4cc4b1,sorry-bench,True,train,assistant,natural_slot,58,22,48,57,False
qwen3.5-9b,fitting,ae9aa0ac4f11,advbench,True,train,system,fixed_slot,34,13,15,33,False
qwen3.5-9b,fitting,ae9aa0ac4f11,advbench,True,train,user,fixed_slot,45,13,35,44,True
qwen3.5-9b,fitting,ae9aa0ac4f11,advbench,True,train,tool,fixed_slot,49,13,37,48,True
qwen3.5-9b,fitting,ae9aa0ac4f11,advbench,True,train,assistant,fixed_slot,49,13,39,48,True
qwen3.5-9b,fitting,ae9aa0ac4f11,advbench,True,train,system,natural_slot,34,13,15,33,False
qwen3.5-9b,fitting,ae9aa0ac4f11,advbench,True,train,user,natural_slot,36,13,26,35,False
qwen3.5-9b,fitting,ae9aa0ac4f11,advbench,True,train,tool,natural_slot,61,13,49,60,False
qwen3.5-9b,fitting,ae9aa0ac4f11,advbench,True,train,assistant,natural_slot,49,13,39,48,False
qwen3.5-9b,fitting,1431b985bbd4,jbb,True,train,system,fixed_slot,36,15,17,35,False
qwen3.5-9b,fitting,1431b985bbd4,jbb,True,train,user,fixed_slot,47,15,37,46,True
qwen3.5-9b,fitting,1431b985bbd4,jbb,True,train,tool,fixed_slot,51,15,39,50,True
qwen3.5-9b,fitting,1431b985bbd4,jbb,True,train,assistant,fixed_slot,51,15,41,50,True
qwen3.5-9b,fitting,1431b985bbd4,jbb,True,train,system,natural_slot,36,15,17,35,False
qwen3.5-9b,fitting,1431b985bbd4,jbb,True,train,user,natural_slot,38,15,28,37,False
qwen3.5-9b,fitting,1431b985bbd4,jbb,True,train,tool,natural_slot,63,15,51,62,False
qwen3.5-9b,fitting,1431b985bbd4,jbb,True,train,assistant,natural_slot,51,15,41,50,False
qwen3.5-9b,fitting,0cd3f004f33b,sorry-bench,True,train,system,fixed_slot,55,34,36,54,False
qwen3.5-9b,fitting,0cd3f004f33b,sorry-bench,True,train,user,fixed_slot,66,34,56,65,True
qwen3.5-9b,fitting,0cd3f004f33b,sorry-bench,True,train,tool,fixed_slot,70,34,58,69,True
qwen3.5-9b,fitting,0cd3f004f33b,sorry-bench,True,train,assistant,fixed_slot,70,34,60,69,True
qwen3.5-9b,fitting,0cd3f004f33b,sorry-bench,True,train,system,natural_slot,55,34,36,54,False
qwen3.5-9b,fitting,0cd3f004f33b,sorry-bench,True,train,user,natural_slot,57,34,47,56,False
qwen3.5-9b,fitting,0cd3f004f33b,sorry-bench,True,train,tool,natural_slot,82,34,70,81,False
qwen3.5-9b,fitting,0cd3f004f33b,sorry-bench,True,train,assistant,natural_slot,70,34,60,69,False
qwen3.5-9b,fitting,c385effaab6f,advbench,True,train,system,fixed_slot,31,10,12,30,False
qwen3.5-9b,fitting,c385effaab6f,advbench,True,train,user,fixed_slot,42,10,32,41,True
qwen3.5-9b,fitting,c385effaab6f,advbench,True,train,tool,fixed_slot,46,10,34,45,True
qwen3.5-9b,fitting,c385effaab6f,advbench,True,train,assistant,fixed_slot,46,10,36,45,True
qwen3.5-9b,fitting,c385effaab6f,advbench,True,train,system,natural_slot,31,10,12,30,False
qwen3.5-9b,fitting,c385effaab6f,advbench,True,train,user,natural_slot,33,10,23,32,False
qwen3.5-9b,fitting,c385effaab6f,advbench,True,train,tool,natural_slot,58,10,46,57,False
qwen3.5-9b,fitting,c385effaab6f,advbench,True,train,assistant,natural_slot,46,10,36,45,False
qwen3.5-9b,fitting,844fb0d3de84,jbb,True,test,system,fixed_slot,49,28,30,48,False
qwen3.5-9b,fitting,844fb0d3de84,jbb,True,test,user,fixed_slot,60,28,50,59,True
qwen3.5-9b,fitting,844fb0d3de84,jbb,True,test,tool,fixed_slot,64,28,52,63,True
qwen3.5-9b,fitting,844fb0d3de84,jbb,True,test,assistant,fixed_slot,64,28,54,63,True
qwen3.5-9b,fitting,844fb0d3de84,jbb,True,test,system,natural_slot,49,28,30,48,False
qwen3.5-9b,fitting,844fb0d3de84,jbb,True,test,user,natural_slot,51,28,41,50,False
qwen3.5-9b,fitting,844fb0d3de84,jbb,True,test,tool,natural_slot,76,28,64,75,False
qwen3.5-9b,fitting,844fb0d3de84,jbb,True,test,assistant,natural_slot,64,28,54,63,False
qwen3.5-9b,fitting,e714ae5df19c,sorry-bench,True,train,system,fixed_slot,46,25,27,45,False
qwen3.5-9b,fitting,e714ae5df19c,sorry-bench,True,train,user,fixed_slot,57,25,47,56,True
qwen3.5-9b,fitting,e714ae5df19c,sorry-bench,True,train,tool,fixed_slot,61,25,49,60,True
qwen3.5-9b,fitting,e714ae5df19c,sorry-bench,True,train,assistant,fixed_slot,61,25,51,60,True
qwen3.5-9b,fitting,e714ae5df19c,sorry-bench,True,train,system,natural_slot,46,25,27,45,False
qwen3.5-9b,fitting,e714ae5df19c,sorry-bench,True,train,user,natural_slot,48,25,38,47,False
qwen3.5-9b,fitting,e714ae5df19c,sorry-bench,True,train,tool,natural_slot,73,25,61,72,False
qwen3.5-9b,fitting,e714ae5df19c,sorry-bench,True,train,assistant,natural_slot,61,25,51,60,False
qwen3.5-9b,fitting,a655f8c1b703,advbench,True,train,system,fixed_slot,38,17,19,37,False
qwen3.5-9b,fitting,a655f8c1b703,advbench,True,train,user,fixed_slot,49,17,39,48,True
qwen3.5-9b,fitting,a655f8c1b703,advbench,True,train,tool,fixed_slot,53,17,41,52,True
qwen3.5-9b,fitting,a655f8c1b703,advbench,True,train,assistant,fixed_slot,53,17,43,52,True
qwen3.5-9b,fitting,a655f8c1b703,advbench,True,train,system,natural_slot,38,17,19,37,False
qwen3.5-9b,fitting,a655f8c1b703,advbench,True,train,user,natural_slot,40,17,30,39,False
qwen3.5-9b,fitting,a655f8c1b703,advbench,True,train,tool,natural_slot,65,17,53,64,False
qwen3.5-9b,fitting,a655f8c1b703,advbench,True,train,assistant,natural_slot,53,17,43,52,False
qwen3.5-9b,fitting,ec10b7ce2309,jbb,True,train,system,fixed_slot,41,20,22,40,False
qwen3.5-9b,fitting,ec10b7ce2309,jbb,True,train,user,fixed_slot,52,20,42,51,True
qwen3.5-9b,fitting,ec10b7ce2309,jbb,True,train,tool,fixed_slot,56,20,44,55,True
qwen3.5-9b,fitting,ec10b7ce2309,jbb,True,train,assistant,fixed_slot,56,20,46,55,True
qwen3.5-9b,fitting,ec10b7ce2309,jbb,True,train,system,natural_slot,41,20,22,40,False
qwen3.5-9b,fitting,ec10b7ce2309,jbb,True,train,user,natural_slot,43,20,33,42,False
qwen3.5-9b,fitting,ec10b7ce2309,jbb,True,train,tool,natural_slot,68,20,56,67,False
qwen3.5-9b,fitting,ec10b7ce2309,jbb,True,train,assistant,natural_slot,56,20,46,55,False
qwen3.5-9b,fitting,b887a1997218,sorry-bench,True,test,system,fixed_slot,41,20,22,40,False
qwen3.5-9b,fitting,b887a1997218,sorry-bench,True,test,user,fixed_slot,52,20,42,51,True
qwen3.5-9b,fitting,b887a1997218,sorry-bench,True,test,tool,fixed_slot,56,20,44,55,True
qwen3.5-9b,fitting,b887a1997218,sorry-bench,True,test,assistant,fixed_slot,56,20,46,55,True
qwen3.5-9b,fitting,b887a1997218,sorry-bench,True,test,system,natural_slot,41,20,22,40,False
qwen3.5-9b,fitting,b887a1997218,sorry-bench,True,test,user,natural_slot,43,20,33,42,False
qwen3.5-9b,fitting,b887a1997218,sorry-bench,True,test,tool,natural_slot,68,20,56,67,False
qwen3.5-9b,fitting,b887a1997218,sorry-bench,True,test,assistant,natural_slot,56,20,46,55,False
qwen3.5-9b,fitting,94e31f36043a,advbench,True,test,system,fixed_slot,34,13,15,33,False
qwen3.5-9b,fitting,94e31f36043a,advbench,True,test,user,fixed_slot,45,13,35,44,True
qwen3.5-9b,fitting,94e31f36043a,advbench,True,test,tool,fixed_slot,49,13,37,48,True
qwen3.5-9b,fitting,94e31f36043a,advbench,True,test,assistant,fixed_slot,49,13,39,48,True
qwen3.5-9b,fitting,94e31f36043a,advbench,True,test,system,natural_slot,34,13,15,33,False
qwen3.5-9b,fitting,94e31f36043a,advbench,True,test,user,natural_slot,36,13,26,35,False
qwen3.5-9b,fitting,94e31f36043a,advbench,True,test,tool,natural_slot,61,13,49,60,False
qwen3.5-9b,fitting,94e31f36043a,advbench,True,test,assistant,natural_slot,49,13,39,48,False
qwen3.5-9b,fitting,21a8b2a98a48,jbb,True,train,system,fixed_slot,40,19,21,39,False
qwen3.5-9b,fitting,21a8b2a98a48,jbb,True,train,user,fixed_slot,51,19,41,50,True
qwen3.5-9b,fitting,21a8b2a98a48,jbb,True,train,tool,fixed_slot,55,19,43,54,True
qwen3.5-9b,fitting,21a8b2a98a48,jbb,True,train,assistant,fixed_slot,55,19,45,54,True
qwen3.5-9b,fitting,21a8b2a98a48,jbb,True,train,system,natural_slot,40,19,21,39,False
qwen3.5-9b,fitting,21a8b2a98a48,jbb,True,train,user,natural_slot,42,19,32,41,False
qwen3.5-9b,fitting,21a8b2a98a48,jbb,True,train,tool,natural_slot,67,19,55,66,False
qwen3.5-9b,fitting,21a8b2a98a48,jbb,True,train,assistant,natural_slot,55,19,45,54,False
qwen3.5-9b,fitting,deefadcdd5ad,sorry-bench,True,test,system,fixed_slot,43,22,24,42,False
qwen3.5-9b,fitting,deefadcdd5ad,sorry-bench,True,test,user,fixed_slot,54,22,44,53,True
qwen3.5-9b,fitting,deefadcdd5ad,sorry-bench,True,test,tool,fixed_slot,58,22,46,57,True
qwen3.5-9b,fitting,deefadcdd5ad,sorry-bench,True,test,assistant,fixed_slot,58,22,48,57,True
qwen3.5-9b,fitting,deefadcdd5ad,sorry-bench,True,test,system,natural_slot,43,22,24,42,False
qwen3.5-9b,fitting,deefadcdd5ad,sorry-bench,True,test,user,natural_slot,45,22,35,44,False
qwen3.5-9b,fitting,deefadcdd5ad,sorry-bench,True,test,tool,natural_slot,70,22,58,69,False
qwen3.5-9b,fitting,deefadcdd5ad,sorry-bench,True,test,assistant,natural_slot,58,22,48,57,False
qwen3.5-9b,fitting,54c41daebec4,advbench,True,test,system,fixed_slot,33,12,14,32,False
qwen3.5-9b,fitting,54c41daebec4,advbench,True,test,user,fixed_slot,44,12,34,43,True
qwen3.5-9b,fitting,54c41daebec4,advbench,True,test,tool,fixed_slot,48,12,36,47,True
qwen3.5-9b,fitting,54c41daebec4,advbench,True,test,assistant,fixed_slot,48,12,38,47,True
qwen3.5-9b,fitting,54c41daebec4,advbench,True,test,system,natural_slot,33,12,14,32,False
qwen3.5-9b,fitting,54c41daebec4,advbench,True,test,user,natural_slot,35,12,25,34,False
qwen3.5-9b,fitting,54c41daebec4,advbench,True,test,tool,natural_slot,60,12,48,59,False
qwen3.5-9b,fitting,54c41daebec4,advbench,True,test,assistant,natural_slot,48,12,38,47,False
qwen3.5-9b,fitting,dd8b9efc83d4,jbb,True,test,system,fixed_slot,35,14,16,34,False
qwen3.5-9b,fitting,dd8b9efc83d4,jbb,True,test,user,fixed_slot,46,14,36,45,True
qwen3.5-9b,fitting,dd8b9efc83d4,jbb,True,test,tool,fixed_slot,50,14,38,49,True
qwen3.5-9b,fitting,dd8b9efc83d4,jbb,True,test,assistant,fixed_slot,50,14,40,49,True
qwen3.5-9b,fitting,dd8b9efc83d4,jbb,True,test,system,natural_slot,35,14,16,34,False
qwen3.5-9b,fitting,dd8b9efc83d4,jbb,True,test,user,natural_slot,37,14,27,36,False
qwen3.5-9b,fitting,dd8b9efc83d4,jbb,True,test,tool,natural_slot,62,14,50,61,False
qwen3.5-9b,fitting,dd8b9efc83d4,jbb,True,test,assistant,natural_slot,50,14,40,49,False
qwen3.5-9b,fitting,3b8dcd3ef143,sorry-bench,True,train,system,fixed_slot,47,26,28,46,False
qwen3.5-9b,fitting,3b8dcd3ef143,sorry-bench,True,train,user,fixed_slot,58,26,48,57,True
qwen3.5-9b,fitting,3b8dcd3ef143,sorry-bench,True,train,tool,fixed_slot,62,26,50,61,True
qwen3.5-9b,fitting,3b8dcd3ef143,sorry-bench,True,train,assistant,fixed_slot,62,26,52,61,True
qwen3.5-9b,fitting,3b8dcd3ef143,sorry-bench,True,train,system,natural_slot,47,26,28,46,False
qwen3.5-9b,fitting,3b8dcd3ef143,sorry-bench,True,train,user,natural_slot,49,26,39,48,False
qwen3.5-9b,fitting,3b8dcd3ef143,sorry-bench,True,train,tool,natural_slot,74,26,62,73,False
qwen3.5-9b,fitting,3b8dcd3ef143,sorry-bench,True,train,assistant,natural_slot,62,26,52,61,False
qwen3.5-9b,fitting,ac37f7ea016f,advbench,True,train,system,fixed_slot,37,16,18,36,False
qwen3.5-9b,fitting,ac37f7ea016f,advbench,True,train,user,fixed_slot,48,16,38,47,True
qwen3.5-9b,fitting,ac37f7ea016f,advbench,True,train,tool,fixed_slot,52,16,40,51,True
qwen3.5-9b,fitting,ac37f7ea016f,advbench,True,train,assistant,fixed_slot,52,16,42,51,True
qwen3.5-9b,fitting,ac37f7ea016f,advbench,True,train,system,natural_slot,37,16,18,36,False
qwen3.5-9b,fitting,ac37f7ea016f,advbench,True,train,user,natural_slot,39,16,29,38,False
qwen3.5-9b,fitting,ac37f7ea016f,advbench,True,train,tool,natural_slot,64,16,52,63,False
qwen3.5-9b,fitting,ac37f7ea016f,advbench,True,train,assistant,natural_slot,52,16,42,51,False
qwen3.5-9b,fitting,4d21c1a3cbbc,jbb,True,train,system,fixed_slot,46,25,27,45,False
qwen3.5-9b,fitting,4d21c1a3cbbc,jbb,True,train,user,fixed_slot,57,25,47,56,True
qwen3.5-9b,fitting,4d21c1a3cbbc,jbb,True,train,tool,fixed_slot,61,25,49,60,True
qwen3.5-9b,fitting,4d21c1a3cbbc,jbb,True,train,assistant,fixed_slot,61,25,51,60,True
qwen3.5-9b,fitting,4d21c1a3cbbc,jbb,True,train,system,natural_slot,46,25,27,45,False
qwen3.5-9b,fitting,4d21c1a3cbbc,jbb,True,train,user,natural_slot,48,25,38,47,False
qwen3.5-9b,fitting,4d21c1a3cbbc,jbb,True,train,tool,natural_slot,73,25,61,72,False
qwen3.5-9b,fitting,4d21c1a3cbbc,jbb,True,train,assistant,natural_slot,61,25,51,60,False
qwen3.5-9b,fitting,57bae4654f4f,sorry-bench,True,test,system,fixed_slot,43,22,24,42,False
qwen3.5-9b,fitting,57bae4654f4f,sorry-bench,True,test,user,fixed_slot,54,22,44,53,True
qwen3.5-9b,fitting,57bae4654f4f,sorry-bench,True,test,tool,fixed_slot,58,22,46,57,True
qwen3.5-9b,fitting,57bae4654f4f,sorry-bench,True,test,assistant,fixed_slot,58,22,48,57,True
qwen3.5-9b,fitting,57bae4654f4f,sorry-bench,True,test,system,natural_slot,43,22,24,42,False
qwen3.5-9b,fitting,57bae4654f4f,sorry-bench,True,test,user,natural_slot,45,22,35,44,False
qwen3.5-9b,fitting,57bae4654f4f,sorry-bench,True,test,tool,natural_slot,70,22,58,69,False
qwen3.5-9b,fitting,57bae4654f4f,sorry-bench,True,test,assistant,natural_slot,58,22,48,57,False
qwen3.5-9b,fitting,aee2fb95bc77,advbench,True,test,system,fixed_slot,36,15,17,35,False
qwen3.5-9b,fitting,aee2fb95bc77,advbench,True,test,user,fixed_slot,47,15,37,46,True
qwen3.5-9b,fitting,aee2fb95bc77,advbench,True,test,tool,fixed_slot,51,15,39,50,True
qwen3.5-9b,fitting,aee2fb95bc77,advbench,True,test,assistant,fixed_slot,51,15,41,50,True
qwen3.5-9b,fitting,aee2fb95bc77,advbench,True,test,system,natural_slot,36,15,17,35,False
qwen3.5-9b,fitting,aee2fb95bc77,advbench,True,test,user,natural_slot,38,15,28,37,False
qwen3.5-9b,fitting,aee2fb95bc77,advbench,True,test,tool,natural_slot,63,15,51,62,False
qwen3.5-9b,fitting,aee2fb95bc77,advbench,True,test,assistant,natural_slot,51,15,41,50,False
qwen3.5-9b,fitting,4d3043b8b532,jbb,True,train,system,fixed_slot,36,15,17,35,False
qwen3.5-9b,fitting,4d3043b8b532,jbb,True,train,user,fixed_slot,47,15,37,46,True
qwen3.5-9b,fitting,4d3043b8b532,jbb,True,train,tool,fixed_slot,51,15,39,50,True
qwen3.5-9b,fitting,4d3043b8b532,jbb,True,train,assistant,fixed_slot,51,15,41,50,True
qwen3.5-9b,fitting,4d3043b8b532,jbb,True,train,system,natural_slot,36,15,17,35,False
qwen3.5-9b,fitting,4d3043b8b532,jbb,True,train,user,natural_slot,38,15,28,37,False
qwen3.5-9b,fitting,4d3043b8b532,jbb,True,train,tool,natural_slot,63,15,51,62,False
qwen3.5-9b,fitting,4d3043b8b532,jbb,True,train,assistant,natural_slot,51,15,41,50,False
qwen3.5-9b,fitting,e38235882e0b,sorry-bench,True,train,system,fixed_slot,74,53,55,73,False
qwen3.5-9b,fitting,e38235882e0b,sorry-bench,True,train,user,fixed_slot,85,53,75,84,True
qwen3.5-9b,fitting,e38235882e0b,sorry-bench,True,train,tool,fixed_slot,89,53,77,88,True
qwen3.5-9b,fitting,e38235882e0b,sorry-bench,True,train,assistant,fixed_slot,89,53,79,88,True
qwen3.5-9b,fitting,e38235882e0b,sorry-bench,True,train,system,natural_slot,74,53,55,73,False
qwen3.5-9b,fitting,e38235882e0b,sorry-bench,True,train,user,natural_slot,76,53,66,75,False
qwen3.5-9b,fitting,e38235882e0b,sorry-bench,True,train,tool,natural_slot,101,53,89,100,False
qwen3.5-9b,fitting,e38235882e0b,sorry-bench,True,train,assistant,natural_slot,89,53,79,88,False
qwen3.5-9b,fitting,3b0d3aa67c0c,advbench,True,test,system,fixed_slot,38,17,19,37,False
qwen3.5-9b,fitting,3b0d3aa67c0c,advbench,True,test,user,fixed_slot,49,17,39,48,True
qwen3.5-9b,fitting,3b0d3aa67c0c,advbench,True,test,tool,fixed_slot,53,17,41,52,True
qwen3.5-9b,fitting,3b0d3aa67c0c,advbench,True,test,assistant,fixed_slot,53,17,43,52,True
qwen3.5-9b,fitting,3b0d3aa67c0c,advbench,True,test,system,natural_slot,38,17,19,37,False
qwen3.5-9b,fitting,3b0d3aa67c0c,advbench,True,test,user,natural_slot,40,17,30,39,False
qwen3.5-9b,fitting,3b0d3aa67c0c,advbench,True,test,tool,natural_slot,65,17,53,64,False
qwen3.5-9b,fitting,3b0d3aa67c0c,advbench,True,test,assistant,natural_slot,53,17,43,52,False
qwen3.5-9b,fitting,ff4e6df780a8,jbb,True,test,system,fixed_slot,34,13,15,33,False
qwen3.5-9b,fitting,ff4e6df780a8,jbb,True,test,user,fixed_slot,45,13,35,44,True
qwen3.5-9b,fitting,ff4e6df780a8,jbb,True,test,tool,fixed_slot,49,13,37,48,True
qwen3.5-9b,fitting,ff4e6df780a8,jbb,True,test,assistant,fixed_slot,49,13,39,48,True
qwen3.5-9b,fitting,ff4e6df780a8,jbb,True,test,system,natural_slot,34,13,15,33,False
qwen3.5-9b,fitting,ff4e6df780a8,jbb,True,test,user,natural_slot,36,13,26,35,False
qwen3.5-9b,fitting,ff4e6df780a8,jbb,True,test,tool,natural_slot,61,13,49,60,False
qwen3.5-9b,fitting,ff4e6df780a8,jbb,True,test,assistant,natural_slot,49,13,39,48,False
qwen3.5-9b,fitting,05cdc842bb8e,sorry-bench,True,train,system,fixed_slot,49,28,30,48,False
qwen3.5-9b,fitting,05cdc842bb8e,sorry-bench,True,train,user,fixed_slot,60,28,50,59,True
qwen3.5-9b,fitting,05cdc842bb8e,sorry-bench,True,train,tool,fixed_slot,64,28,52,63,True
qwen3.5-9b,fitting,05cdc842bb8e,sorry-bench,True,train,assistant,fixed_slot,64,28,54,63,True
qwen3.5-9b,fitting,05cdc842bb8e,sorry-bench,True,train,system,natural_slot,49,28,30,48,False
qwen3.5-9b,fitting,05cdc842bb8e,sorry-bench,True,train,user,natural_slot,51,28,41,50,False
qwen3.5-9b,fitting,05cdc842bb8e,sorry-bench,True,train,tool,natural_slot,76,28,64,75,False
qwen3.5-9b,fitting,05cdc842bb8e,sorry-bench,True,train,assistant,natural_slot,64,28,54,63,False
qwen3.5-9b,fitting,a17ccaf3bbce,advbench,True,test,system,fixed_slot,31,10,12,30,False
qwen3.5-9b,fitting,a17ccaf3bbce,advbench,True,test,user,fixed_slot,42,10,32,41,True
qwen3.5-9b,fitting,a17ccaf3bbce,advbench,True,test,tool,fixed_slot,46,10,34,45,True
qwen3.5-9b,fitting,a17ccaf3bbce,advbench,True,test,assistant,fixed_slot,46,10,36,45,True
qwen3.5-9b,fitting,a17ccaf3bbce,advbench,True,test,system,natural_slot,31,10,12,30,False
qwen3.5-9b,fitting,a17ccaf3bbce,advbench,True,test,user,natural_slot,33,10,23,32,False
qwen3.5-9b,fitting,a17ccaf3bbce,advbench,True,test,tool,natural_slot,58,10,46,57,False
qwen3.5-9b,fitting,a17ccaf3bbce,advbench,True,test,assistant,natural_slot,46,10,36,45,False
qwen3.5-9b,fitting,e773d763ee9b,jbb,True,train,system,fixed_slot,34,13,15,33,False
qwen3.5-9b,fitting,e773d763ee9b,jbb,True,train,user,fixed_slot,45,13,35,44,True
qwen3.5-9b,fitting,e773d763ee9b,jbb,True,train,tool,fixed_slot,49,13,37,48,True
qwen3.5-9b,fitting,e773d763ee9b,jbb,True,train,assistant,fixed_slot,49,13,39,48,True
qwen3.5-9b,fitting,e773d763ee9b,jbb,True,train,system,natural_slot,34,13,15,33,False
qwen3.5-9b,fitting,e773d763ee9b,jbb,True,train,user,natural_slot,36,13,26,35,False
qwen3.5-9b,fitting,e773d763ee9b,jbb,True,train,tool,natural_slot,61,13,49,60,False
qwen3.5-9b,fitting,e773d763ee9b,jbb,True,train,assistant,natural_slot,49,13,39,48,False
qwen3.5-9b,fitting,fd5c32f78397,sorry-bench,True,train,system,fixed_slot,47,26,28,46,False
qwen3.5-9b,fitting,fd5c32f78397,sorry-bench,True,train,user,fixed_slot,58,26,48,57,True
qwen3.5-9b,fitting,fd5c32f78397,sorry-bench,True,train,tool,fixed_slot,62,26,50,61,True
qwen3.5-9b,fitting,fd5c32f78397,sorry-bench,True,train,assistant,fixed_slot,62,26,52,61,True
qwen3.5-9b,fitting,fd5c32f78397,sorry-bench,True,train,system,natural_slot,47,26,28,46,False
qwen3.5-9b,fitting,fd5c32f78397,sorry-bench,True,train,user,natural_slot,49,26,39,48,False
qwen3.5-9b,fitting,fd5c32f78397,sorry-bench,True,train,tool,natural_slot,74,26,62,73,False
qwen3.5-9b,fitting,fd5c32f78397,sorry-bench,True,train,assistant,natural_slot,62,26,52,61,False
qwen3.5-9b,fitting,73aac351bdc4,advbench,True,train,system,fixed_slot,36,15,17,35,False
qwen3.5-9b,fitting,73aac351bdc4,advbench,True,train,user,fixed_slot,47,15,37,46,True
qwen3.5-9b,fitting,73aac351bdc4,advbench,True,train,tool,fixed_slot,51,15,39,50,True
qwen3.5-9b,fitting,73aac351bdc4,advbench,True,train,assistant,fixed_slot,51,15,41,50,True
qwen3.5-9b,fitting,73aac351bdc4,advbench,True,train,system,natural_slot,36,15,17,35,False
qwen3.5-9b,fitting,73aac351bdc4,advbench,True,train,user,natural_slot,38,15,28,37,False
qwen3.5-9b,fitting,73aac351bdc4,advbench,True,train,tool,natural_slot,63,15,51,62,False
qwen3.5-9b,fitting,73aac351bdc4,advbench,True,train,assistant,natural_slot,51,15,41,50,False
qwen3.5-9b,fitting,4962e50d6b10,jbb,True,train,system,fixed_slot,42,21,23,41,False
qwen3.5-9b,fitting,4962e50d6b10,jbb,True,train,user,fixed_slot,53,21,43,52,True
qwen3.5-9b,fitting,4962e50d6b10,jbb,True,train,tool,fixed_slot,57,21,45,56,True
qwen3.5-9b,fitting,4962e50d6b10,jbb,True,train,assistant,fixed_slot,57,21,47,56,True
qwen3.5-9b,fitting,4962e50d6b10,jbb,True,train,system,natural_slot,42,21,23,41,False
qwen3.5-9b,fitting,4962e50d6b10,jbb,True,train,user,natural_slot,44,21,34,43,False
qwen3.5-9b,fitting,4962e50d6b10,jbb,True,train,tool,natural_slot,69,21,57,68,False
qwen3.5-9b,fitting,4962e50d6b10,jbb,True,train,assistant,natural_slot,57,21,47,56,False
qwen3.5-9b,fitting,69f808a5aa62,sorry-bench,True,train,system,fixed_slot,39,18,20,38,False
qwen3.5-9b,fitting,69f808a5aa62,sorry-bench,True,train,user,fixed_slot,50,18,40,49,True
qwen3.5-9b,fitting,69f808a5aa62,sorry-bench,True,train,tool,fixed_slot,54,18,42,53,True
qwen3.5-9b,fitting,69f808a5aa62,sorry-bench,True,train,assistant,fixed_slot,54,18,44,53,True
qwen3.5-9b,fitting,69f808a5aa62,sorry-bench,True,train,system,natural_slot,39,18,20,38,False
qwen3.5-9b,fitting,69f808a5aa62,sorry-bench,True,train,user,natural_slot,41,18,31,40,False
qwen3.5-9b,fitting,69f808a5aa62,sorry-bench,True,train,tool,natural_slot,66,18,54,65,False
qwen3.5-9b,fitting,69f808a5aa62,sorry-bench,True,train,assistant,natural_slot,54,18,44,53,False
qwen3.5-9b,fitting,0520519585af,advbench,True,train,system,fixed_slot,34,13,15,33,False
qwen3.5-9b,fitting,0520519585af,advbench,True,train,user,fixed_slot,45,13,35,44,True
qwen3.5-9b,fitting,0520519585af,advbench,True,train,tool,fixed_slot,49,13,37,48,True
qwen3.5-9b,fitting,0520519585af,advbench,True,train,assistant,fixed_slot,49,13,39,48,True
qwen3.5-9b,fitting,0520519585af,advbench,True,train,system,natural_slot,34,13,15,33,False
qwen3.5-9b,fitting,0520519585af,advbench,True,train,user,natural_slot,36,13,26,35,False
qwen3.5-9b,fitting,0520519585af,advbench,True,train,tool,natural_slot,61,13,49,60,False
qwen3.5-9b,fitting,0520519585af,advbench,True,train,assistant,natural_slot,49,13,39,48,False
qwen3.5-9b,fitting,b5e7e03620d3,jbb,True,train,system,fixed_slot,33,12,14,32,False
qwen3.5-9b,fitting,b5e7e03620d3,jbb,True,train,user,fixed_slot,44,12,34,43,True
qwen3.5-9b,fitting,b5e7e03620d3,jbb,True,train,tool,fixed_slot,48,12,36,47,True
qwen3.5-9b,fitting,b5e7e03620d3,jbb,True,train,assistant,fixed_slot,48,12,38,47,True
qwen3.5-9b,fitting,b5e7e03620d3,jbb,True,train,system,natural_slot,33,12,14,32,False
qwen3.5-9b,fitting,b5e7e03620d3,jbb,True,train,user,natural_slot,35,12,25,34,False
qwen3.5-9b,fitting,b5e7e03620d3,jbb,True,train,tool,natural_slot,60,12,48,59,False
qwen3.5-9b,fitting,b5e7e03620d3,jbb,True,train,assistant,natural_slot,48,12,38,47,False
qwen3.5-9b,fitting,05f6f4845a80,sorry-bench,True,test,system,fixed_slot,60,39,41,59,False
qwen3.5-9b,fitting,05f6f4845a80,sorry-bench,True,test,user,fixed_slot,71,39,61,70,True
qwen3.5-9b,fitting,05f6f4845a80,sorry-bench,True,test,tool,fixed_slot,75,39,63,74,True
qwen3.5-9b,fitting,05f6f4845a80,sorry-bench,True,test,assistant,fixed_slot,75,39,65,74,True
qwen3.5-9b,fitting,05f6f4845a80,sorry-bench,True,test,system,natural_slot,60,39,41,59,False
qwen3.5-9b,fitting,05f6f4845a80,sorry-bench,True,test,user,natural_slot,62,39,52,61,False
qwen3.5-9b,fitting,05f6f4845a80,sorry-bench,True,test,tool,natural_slot,87,39,75,86,False
qwen3.5-9b,fitting,05f6f4845a80,sorry-bench,True,test,assistant,natural_slot,75,39,65,74,False
qwen3.5-9b,fitting,51fe62710582,advbench,True,train,system,fixed_slot,32,11,13,31,False
qwen3.5-9b,fitting,51fe62710582,advbench,True,train,user,fixed_slot,43,11,33,42,True
qwen3.5-9b,fitting,51fe62710582,advbench,True,train,tool,fixed_slot,47,11,35,46,True
qwen3.5-9b,fitting,51fe62710582,advbench,True,train,assistant,fixed_slot,47,11,37,46,True
qwen3.5-9b,fitting,51fe62710582,advbench,True,train,system,natural_slot,32,11,13,31,False
qwen3.5-9b,fitting,51fe62710582,advbench,True,train,user,natural_slot,34,11,24,33,False
qwen3.5-9b,fitting,51fe62710582,advbench,True,train,tool,natural_slot,59,11,47,58,False
qwen3.5-9b,fitting,51fe62710582,advbench,True,train,assistant,natural_slot,47,11,37,46,False
qwen3.5-9b,fitting,22ced3e19403,jbb,True,train,system,fixed_slot,29,8,10,28,False
qwen3.5-9b,fitting,22ced3e19403,jbb,True,train,user,fixed_slot,40,8,30,39,True
qwen3.5-9b,fitting,22ced3e19403,jbb,True,train,tool,fixed_slot,44,8,32,43,True
qwen3.5-9b,fitting,22ced3e19403,jbb,True,train,assistant,fixed_slot,44,8,34,43,True
qwen3.5-9b,fitting,22ced3e19403,jbb,True,train,system,natural_slot,29,8,10,28,False
qwen3.5-9b,fitting,22ced3e19403,jbb,True,train,user,natural_slot,31,8,21,30,False
qwen3.5-9b,fitting,22ced3e19403,jbb,True,train,tool,natural_slot,56,8,44,55,False
qwen3.5-9b,fitting,22ced3e19403,jbb,True,train,assistant,natural_slot,44,8,34,43,False
qwen3.5-9b,fitting,fc06f9860348,sorry-bench,True,test,system,fixed_slot,43,22,24,42,False
qwen3.5-9b,fitting,fc06f9860348,sorry-bench,True,test,user,fixed_slot,54,22,44,53,True
qwen3.5-9b,fitting,fc06f9860348,sorry-bench,True,test,tool,fixed_slot,58,22,46,57,True
qwen3.5-9b,fitting,fc06f9860348,sorry-bench,True,test,assistant,fixed_slot,58,22,48,57,True
qwen3.5-9b,fitting,fc06f9860348,sorry-bench,True,test,system,natural_slot,43,22,24,42,False
qwen3.5-9b,fitting,fc06f9860348,sorry-bench,True,test,user,natural_slot,45,22,35,44,False
qwen3.5-9b,fitting,fc06f9860348,sorry-bench,True,test,tool,natural_slot,70,22,58,69,False
qwen3.5-9b,fitting,fc06f9860348,sorry-bench,True,test,assistant,natural_slot,58,22,48,57,False
qwen3.5-9b,fitting,606599b8009f,advbench,True,train,system,fixed_slot,30,9,11,29,False
qwen3.5-9b,fitting,606599b8009f,advbench,True,train,user,fixed_slot,41,9,31,40,True
qwen3.5-9b,fitting,606599b8009f,advbench,True,train,tool,fixed_slot,45,9,33,44,True
qwen3.5-9b,fitting,606599b8009f,advbench,True,train,assistant,fixed_slot,45,9,35,44,True
qwen3.5-9b,fitting,606599b8009f,advbench,True,train,system,natural_slot,30,9,11,29,False
qwen3.5-9b,fitting,606599b8009f,advbench,True,train,user,natural_slot,32,9,22,31,False
qwen3.5-9b,fitting,606599b8009f,advbench,True,train,tool,natural_slot,57,9,45,56,False
qwen3.5-9b,fitting,606599b8009f,advbench,True,train,assistant,natural_slot,45,9,35,44,False
qwen3.5-9b,fitting,ad862f5bb853,jbb,True,train,system,fixed_slot,35,14,16,34,False
qwen3.5-9b,fitting,ad862f5bb853,jbb,True,train,user,fixed_slot,46,14,36,45,True
qwen3.5-9b,fitting,ad862f5bb853,jbb,True,train,tool,fixed_slot,50,14,38,49,True
qwen3.5-9b,fitting,ad862f5bb853,jbb,True,train,assistant,fixed_slot,50,14,40,49,True
qwen3.5-9b,fitting,ad862f5bb853,jbb,True,train,system,natural_slot,35,14,16,34,False
qwen3.5-9b,fitting,ad862f5bb853,jbb,True,train,user,natural_slot,37,14,27,36,False
qwen3.5-9b,fitting,ad862f5bb853,jbb,True,train,tool,natural_slot,62,14,50,61,False
qwen3.5-9b,fitting,ad862f5bb853,jbb,True,train,assistant,natural_slot,50,14,40,49,False
qwen3.5-9b,fitting,81cd696ac4ce,sorry-bench,True,train,system,fixed_slot,39,18,20,38,False
qwen3.5-9b,fitting,81cd696ac4ce,sorry-bench,True,train,user,fixed_slot,50,18,40,49,True
qwen3.5-9b,fitting,81cd696ac4ce,sorry-bench,True,train,tool,fixed_slot,54,18,42,53,True
qwen3.5-9b,fitting,81cd696ac4ce,sorry-bench,True,train,assistant,fixed_slot,54,18,44,53,True
qwen3.5-9b,fitting,81cd696ac4ce,sorry-bench,True,train,system,natural_slot,39,18,20,38,False
qwen3.5-9b,fitting,81cd696ac4ce,sorry-bench,True,train,user,natural_slot,41,18,31,40,False
qwen3.5-9b,fitting,81cd696ac4ce,sorry-bench,True,train,tool,natural_slot,66,18,54,65,False
qwen3.5-9b,fitting,81cd696ac4ce,sorry-bench,True,train,assistant,natural_slot,54,18,44,53,False
qwen3.5-9b,fitting,d08115980a23,advbench,True,test,system,fixed_slot,33,12,14,32,False
qwen3.5-9b,fitting,d08115980a23,advbench,True,test,user,fixed_slot,44,12,34,43,True
qwen3.5-9b,fitting,d08115980a23,advbench,True,test,tool,fixed_slot,48,12,36,47,True
qwen3.5-9b,fitting,d08115980a23,advbench,True,test,assistant,fixed_slot,48,12,38,47,True
qwen3.5-9b,fitting,d08115980a23,advbench,True,test,system,natural_slot,33,12,14,32,False
qwen3.5-9b,fitting,d08115980a23,advbench,True,test,user,natural_slot,35,12,25,34,False
qwen3.5-9b,fitting,d08115980a23,advbench,True,test,tool,natural_slot,60,12,48,59,False
qwen3.5-9b,fitting,d08115980a23,advbench,True,test,assistant,natural_slot,48,12,38,47,False
qwen3.5-9b,fitting,27b11788df75,jbb,True,test,system,fixed_slot,36,15,17,35,False
qwen3.5-9b,fitting,27b11788df75,jbb,True,test,user,fixed_slot,47,15,37,46,True
qwen3.5-9b,fitting,27b11788df75,jbb,True,test,tool,fixed_slot,51,15,39,50,True
qwen3.5-9b,fitting,27b11788df75,jbb,True,test,assistant,fixed_slot,51,15,41,50,True
qwen3.5-9b,fitting,27b11788df75,jbb,True,test,system,natural_slot,36,15,17,35,False
qwen3.5-9b,fitting,27b11788df75,jbb,True,test,user,natural_slot,38,15,28,37,False
qwen3.5-9b,fitting,27b11788df75,jbb,True,test,tool,natural_slot,63,15,51,62,False
qwen3.5-9b,fitting,27b11788df75,jbb,True,test,assistant,natural_slot,51,15,41,50,False
qwen3.5-9b,fitting,1b73fdc31687,sorry-bench,True,train,system,fixed_slot,40,19,21,39,False
qwen3.5-9b,fitting,1b73fdc31687,sorry-bench,True,train,user,fixed_slot,51,19,41,50,True
qwen3.5-9b,fitting,1b73fdc31687,sorry-bench,True,train,tool,fixed_slot,55,19,43,54,True
qwen3.5-9b,fitting,1b73fdc31687,sorry-bench,True,train,assistant,fixed_slot,55,19,45,54,True
qwen3.5-9b,fitting,1b73fdc31687,sorry-bench,True,train,system,natural_slot,40,19,21,39,False
qwen3.5-9b,fitting,1b73fdc31687,sorry-bench,True,train,user,natural_slot,42,19,32,41,False
qwen3.5-9b,fitting,1b73fdc31687,sorry-bench,True,train,tool,natural_slot,67,19,55,66,False
qwen3.5-9b,fitting,1b73fdc31687,sorry-bench,True,train,assistant,natural_slot,55,19,45,54,False
qwen3.5-9b,fitting,e1fda04cd873,advbench,True,train,system,fixed_slot,35,14,16,34,False
qwen3.5-9b,fitting,e1fda04cd873,advbench,True,train,user,fixed_slot,46,14,36,45,True
qwen3.5-9b,fitting,e1fda04cd873,advbench,True,train,tool,fixed_slot,50,14,38,49,True
qwen3.5-9b,fitting,e1fda04cd873,advbench,True,train,assistant,fixed_slot,50,14,40,49,True
qwen3.5-9b,fitting,e1fda04cd873,advbench,True,train,system,natural_slot,35,14,16,34,False
qwen3.5-9b,fitting,e1fda04cd873,advbench,True,train,user,natural_slot,37,14,27,36,False
qwen3.5-9b,fitting,e1fda04cd873,advbench,True,train,tool,natural_slot,62,14,50,61,False
qwen3.5-9b,fitting,e1fda04cd873,advbench,True,train,assistant,natural_slot,50,14,40,49,False
qwen3.5-9b,fitting,95a5fecd15d9,jbb,True,train,system,fixed_slot,38,17,19,37,False
qwen3.5-9b,fitting,95a5fecd15d9,jbb,True,train,user,fixed_slot,49,17,39,48,True
qwen3.5-9b,fitting,95a5fecd15d9,jbb,True,train,tool,fixed_slot,53,17,41,52,True
qwen3.5-9b,fitting,95a5fecd15d9,jbb,True,train,assistant,fixed_slot,53,17,43,52,True
qwen3.5-9b,fitting,95a5fecd15d9,jbb,True,train,system,natural_slot,38,17,19,37,False
qwen3.5-9b,fitting,95a5fecd15d9,jbb,True,train,user,natural_slot,40,17,30,39,False
qwen3.5-9b,fitting,95a5fecd15d9,jbb,True,train,tool,natural_slot,65,17,53,64,False
qwen3.5-9b,fitting,95a5fecd15d9,jbb,True,train,assistant,natural_slot,53,17,43,52,False
qwen3.5-9b,fitting,76b8648cc494,sorry-bench,True,train,system,fixed_slot,92,71,73,91,False
qwen3.5-9b,fitting,76b8648cc494,sorry-bench,True,train,user,fixed_slot,103,71,93,102,True
qwen3.5-9b,fitting,76b8648cc494,sorry-bench,True,train,tool,fixed_slot,107,71,95,106,True
qwen3.5-9b,fitting,76b8648cc494,sorry-bench,True,train,assistant,fixed_slot,107,71,97,106,True
qwen3.5-9b,fitting,76b8648cc494,sorry-bench,True,train,system,natural_slot,92,71,73,91,False
qwen3.5-9b,fitting,76b8648cc494,sorry-bench,True,train,user,natural_slot,94,71,84,93,False
qwen3.5-9b,fitting,76b8648cc494,sorry-bench,True,train,tool,natural_slot,119,71,107,118,False
qwen3.5-9b,fitting,76b8648cc494,sorry-bench,True,train,assistant,natural_slot,107,71,97,106,False
qwen3.5-9b,fitting,bdb5b54c17e9,advbench,True,train,system,fixed_slot,35,14,16,34,False
qwen3.5-9b,fitting,bdb5b54c17e9,advbench,True,train,user,fixed_slot,46,14,36,45,True
qwen3.5-9b,fitting,bdb5b54c17e9,advbench,True,train,tool,fixed_slot,50,14,38,49,True
qwen3.5-9b,fitting,bdb5b54c17e9,advbench,True,train,assistant,fixed_slot,50,14,40,49,True
qwen3.5-9b,fitting,bdb5b54c17e9,advbench,True,train,system,natural_slot,35,14,16,34,False
qwen3.5-9b,fitting,bdb5b54c17e9,advbench,True,train,user,natural_slot,37,14,27,36,False
qwen3.5-9b,fitting,bdb5b54c17e9,advbench,True,train,tool,natural_slot,62,14,50,61,False
qwen3.5-9b,fitting,bdb5b54c17e9,advbench,True,train,assistant,natural_slot,50,14,40,49,False
qwen3.5-9b,fitting,e8109fd1d10d,jbb,True,train,system,fixed_slot,38,17,19,37,False
qwen3.5-9b,fitting,e8109fd1d10d,jbb,True,train,user,fixed_slot,49,17,39,48,True
qwen3.5-9b,fitting,e8109fd1d10d,jbb,True,train,tool,fixed_slot,53,17,41,52,True
qwen3.5-9b,fitting,e8109fd1d10d,jbb,True,train,assistant,fixed_slot,53,17,43,52,True
qwen3.5-9b,fitting,e8109fd1d10d,jbb,True,train,system,natural_slot,38,17,19,37,False
qwen3.5-9b,fitting,e8109fd1d10d,jbb,True,train,user,natural_slot,40,17,30,39,False
qwen3.5-9b,fitting,e8109fd1d10d,jbb,True,train,tool,natural_slot,65,17,53,64,False
qwen3.5-9b,fitting,e8109fd1d10d,jbb,True,train,assistant,natural_slot,53,17,43,52,False
qwen3.5-9b,fitting,0f55fc12742c,sorry-bench,True,train,system,fixed_slot,36,15,17,35,False
qwen3.5-9b,fitting,0f55fc12742c,sorry-bench,True,train,user,fixed_slot,47,15,37,46,True
qwen3.5-9b,fitting,0f55fc12742c,sorry-bench,True,train,tool,fixed_slot,51,15,39,50,True
qwen3.5-9b,fitting,0f55fc12742c,sorry-bench,True,train,assistant,fixed_slot,51,15,41,50,True
qwen3.5-9b,fitting,0f55fc12742c,sorry-bench,True,train,system,natural_slot,36,15,17,35,False
qwen3.5-9b,fitting,0f55fc12742c,sorry-bench,True,train,user,natural_slot,38,15,28,37,False
qwen3.5-9b,fitting,0f55fc12742c,sorry-bench,True,train,tool,natural_slot,63,15,51,62,False
qwen3.5-9b,fitting,0f55fc12742c,sorry-bench,True,train,assistant,natural_slot,51,15,41,50,False
qwen3.5-9b,fitting,4d779965c351,advbench,True,test,system,fixed_slot,36,15,17,35,False
qwen3.5-9b,fitting,4d779965c351,advbench,True,test,user,fixed_slot,47,15,37,46,True
qwen3.5-9b,fitting,4d779965c351,advbench,True,test,tool,fixed_slot,51,15,39,50,True
qwen3.5-9b,fitting,4d779965c351,advbench,True,test,assistant,fixed_slot,51,15,41,50,True
qwen3.5-9b,fitting,4d779965c351,advbench,True,test,system,natural_slot,36,15,17,35,False
qwen3.5-9b,fitting,4d779965c351,advbench,True,test,user,natural_slot,38,15,28,37,False
qwen3.5-9b,fitting,4d779965c351,advbench,True,test,tool,natural_slot,63,15,51,62,False
qwen3.5-9b,fitting,4d779965c351,advbench,True,test,assistant,natural_slot,51,15,41,50,False
qwen3.5-9b,fitting,d5d3fd47bf94,jbb,True,test,system,fixed_slot,34,13,15,33,False
qwen3.5-9b,fitting,d5d3fd47bf94,jbb,True,test,user,fixed_slot,45,13,35,44,True
qwen3.5-9b,fitting,d5d3fd47bf94,jbb,True,test,tool,fixed_slot,49,13,37,48,True
qwen3.5-9b,fitting,d5d3fd47bf94,jbb,True,test,assistant,fixed_slot,49,13,39,48,True
qwen3.5-9b,fitting,d5d3fd47bf94,jbb,True,test,system,natural_slot,34,13,15,33,False
qwen3.5-9b,fitting,d5d3fd47bf94,jbb,True,test,user,natural_slot,36,13,26,35,False
qwen3.5-9b,fitting,d5d3fd47bf94,jbb,True,test,tool,natural_slot,61,13,49,60,False
qwen3.5-9b,fitting,d5d3fd47bf94,jbb,True,test,assistant,natural_slot,49,13,39,48,False
qwen3.5-9b,fitting,94fdff844253,sorry-bench,True,train,system,fixed_slot,40,19,21,39,False
qwen3.5-9b,fitting,94fdff844253,sorry-bench,True,train,user,fixed_slot,51,19,41,50,True
qwen3.5-9b,fitting,94fdff844253,sorry-bench,True,train,tool,fixed_slot,55,19,43,54,True
qwen3.5-9b,fitting,94fdff844253,sorry-bench,True,train,assistant,fixed_slot,55,19,45,54,True
qwen3.5-9b,fitting,94fdff844253,sorry-bench,True,train,system,natural_slot,40,19,21,39,False
qwen3.5-9b,fitting,94fdff844253,sorry-bench,True,train,user,natural_slot,42,19,32,41,False
qwen3.5-9b,fitting,94fdff844253,sorry-bench,True,train,tool,natural_slot,67,19,55,66,False
qwen3.5-9b,fitting,94fdff844253,sorry-bench,True,train,assistant,natural_slot,55,19,45,54,False
qwen3.5-9b,fitting,0fb7b44a8153,advbench,True,train,system,fixed_slot,32,11,13,31,False
qwen3.5-9b,fitting,0fb7b44a8153,advbench,True,train,user,fixed_slot,43,11,33,42,True
qwen3.5-9b,fitting,0fb7b44a8153,advbench,True,train,tool,fixed_slot,47,11,35,46,True
qwen3.5-9b,fitting,0fb7b44a8153,advbench,True,train,assistant,fixed_slot,47,11,37,46,True
qwen3.5-9b,fitting,0fb7b44a8153,advbench,True,train,system,natural_slot,32,11,13,31,False
qwen3.5-9b,fitting,0fb7b44a8153,advbench,True,train,user,natural_slot,34,11,24,33,False
qwen3.5-9b,fitting,0fb7b44a8153,advbench,True,train,tool,natural_slot,59,11,47,58,False
qwen3.5-9b,fitting,0fb7b44a8153,advbench,True,train,assistant,natural_slot,47,11,37,46,False
qwen3.5-9b,fitting,3c53879aab10,jbb,True,train,system,fixed_slot,38,17,19,37,False
qwen3.5-9b,fitting,3c53879aab10,jbb,True,train,user,fixed_slot,49,17,39,48,True
qwen3.5-9b,fitting,3c53879aab10,jbb,True,train,tool,fixed_slot,53,17,41,52,True
qwen3.5-9b,fitting,3c53879aab10,jbb,True,train,assistant,fixed_slot,53,17,43,52,True
qwen3.5-9b,fitting,3c53879aab10,jbb,True,train,system,natural_slot,38,17,19,37,False
qwen3.5-9b,fitting,3c53879aab10,jbb,True,train,user,natural_slot,40,17,30,39,False
qwen3.5-9b,fitting,3c53879aab10,jbb,True,train,tool,natural_slot,65,17,53,64,False
qwen3.5-9b,fitting,3c53879aab10,jbb,True,train,assistant,natural_slot,53,17,43,52,False
qwen3.5-9b,fitting,c4773784f0f2,sorry-bench,True,train,system,fixed_slot,49,28,30,48,False
qwen3.5-9b,fitting,c4773784f0f2,sorry-bench,True,train,user,fixed_slot,60,28,50,59,True
qwen3.5-9b,fitting,c4773784f0f2,sorry-bench,True,train,tool,fixed_slot,64,28,52,63,True
qwen3.5-9b,fitting,c4773784f0f2,sorry-bench,True,train,assistant,fixed_slot,64,28,54,63,True
qwen3.5-9b,fitting,c4773784f0f2,sorry-bench,True,train,system,natural_slot,49,28,30,48,False
qwen3.5-9b,fitting,c4773784f0f2,sorry-bench,True,train,user,natural_slot,51,28,41,50,False
qwen3.5-9b,fitting,c4773784f0f2,sorry-bench,True,train,tool,natural_slot,76,28,64,75,False
qwen3.5-9b,fitting,c4773784f0f2,sorry-bench,True,train,assistant,natural_slot,64,28,54,63,False
qwen3.5-9b,fitting,b3d64f628f4b,advbench,True,test,system,fixed_slot,33,12,14,32,False
qwen3.5-9b,fitting,b3d64f628f4b,advbench,True,test,user,fixed_slot,44,12,34,43,True
qwen3.5-9b,fitting,b3d64f628f4b,advbench,True,test,tool,fixed_slot,48,12,36,47,True
qwen3.5-9b,fitting,b3d64f628f4b,advbench,True,test,assistant,fixed_slot,48,12,38,47,True
qwen3.5-9b,fitting,b3d64f628f4b,advbench,True,test,system,natural_slot,33,12,14,32,False
qwen3.5-9b,fitting,b3d64f628f4b,advbench,True,test,user,natural_slot,35,12,25,34,False
qwen3.5-9b,fitting,b3d64f628f4b,advbench,True,test,tool,natural_slot,60,12,48,59,False
qwen3.5-9b,fitting,b3d64f628f4b,advbench,True,test,assistant,natural_slot,48,12,38,47,False
qwen3.5-9b,fitting,f2fcd0255972,jbb,True,train,system,fixed_slot,35,14,16,34,False
qwen3.5-9b,fitting,f2fcd0255972,jbb,True,train,user,fixed_slot,46,14,36,45,True
qwen3.5-9b,fitting,f2fcd0255972,jbb,True,train,tool,fixed_slot,50,14,38,49,True
qwen3.5-9b,fitting,f2fcd0255972,jbb,True,train,assistant,fixed_slot,50,14,40,49,True
qwen3.5-9b,fitting,f2fcd0255972,jbb,True,train,system,natural_slot,35,14,16,34,False
qwen3.5-9b,fitting,f2fcd0255972,jbb,True,train,user,natural_slot,37,14,27,36,False
qwen3.5-9b,fitting,f2fcd0255972,jbb,True,train,tool,natural_slot,62,14,50,61,False
qwen3.5-9b,fitting,f2fcd0255972,jbb,True,train,assistant,natural_slot,50,14,40,49,False
qwen3.5-9b,fitting,aa7c9d01f899,sorry-bench,True,train,system,fixed_slot,48,27,29,47,False
qwen3.5-9b,fitting,aa7c9d01f899,sorry-bench,True,train,user,fixed_slot,59,27,49,58,True
qwen3.5-9b,fitting,aa7c9d01f899,sorry-bench,True,train,tool,fixed_slot,63,27,51,62,True
qwen3.5-9b,fitting,aa7c9d01f899,sorry-bench,True,train,assistant,fixed_slot,63,27,53,62,True
qwen3.5-9b,fitting,aa7c9d01f899,sorry-bench,True,train,system,natural_slot,48,27,29,47,False
qwen3.5-9b,fitting,aa7c9d01f899,sorry-bench,True,train,user,natural_slot,50,27,40,49,False
qwen3.5-9b,fitting,aa7c9d01f899,sorry-bench,True,train,tool,natural_slot,75,27,63,74,False
qwen3.5-9b,fitting,aa7c9d01f899,sorry-bench,True,train,assistant,natural_slot,63,27,53,62,False
qwen3.5-9b,fitting,f71de175b363,advbench,True,train,system,fixed_slot,34,13,15,33,False
qwen3.5-9b,fitting,f71de175b363,advbench,True,train,user,fixed_slot,45,13,35,44,True
qwen3.5-9b,fitting,f71de175b363,advbench,True,train,tool,fixed_slot,49,13,37,48,True
qwen3.5-9b,fitting,f71de175b363,advbench,True,train,assistant,fixed_slot,49,13,39,48,True
qwen3.5-9b,fitting,f71de175b363,advbench,True,train,system,natural_slot,34,13,15,33,False
qwen3.5-9b,fitting,f71de175b363,advbench,True,train,user,natural_slot,36,13,26,35,False
qwen3.5-9b,fitting,f71de175b363,advbench,True,train,tool,natural_slot,61,13,49,60,False
qwen3.5-9b,fitting,f71de175b363,advbench,True,train,assistant,natural_slot,49,13,39,48,False
qwen3.5-9b,fitting,f450019c82af,jbb,True,test,system,fixed_slot,37,16,18,36,False
qwen3.5-9b,fitting,f450019c82af,jbb,True,test,user,fixed_slot,48,16,38,47,True
qwen3.5-9b,fitting,f450019c82af,jbb,True,test,tool,fixed_slot,52,16,40,51,True
qwen3.5-9b,fitting,f450019c82af,jbb,True,test,assistant,fixed_slot,52,16,42,51,True
qwen3.5-9b,fitting,f450019c82af,jbb,True,test,system,natural_slot,37,16,18,36,False
qwen3.5-9b,fitting,f450019c82af,jbb,True,test,user,natural_slot,39,16,29,38,False
qwen3.5-9b,fitting,f450019c82af,jbb,True,test,tool,natural_slot,64,16,52,63,False
qwen3.5-9b,fitting,f450019c82af,jbb,True,test,assistant,natural_slot,52,16,42,51,False
qwen3.5-9b,fitting,307110c155df,sorry-bench,True,train,system,fixed_slot,58,37,39,57,False
qwen3.5-9b,fitting,307110c155df,sorry-bench,True,train,user,fixed_slot,69,37,59,68,True
qwen3.5-9b,fitting,307110c155df,sorry-bench,True,train,tool,fixed_slot,73,37,61,72,True
qwen3.5-9b,fitting,307110c155df,sorry-bench,True,train,assistant,fixed_slot,73,37,63,72,True
qwen3.5-9b,fitting,307110c155df,sorry-bench,True,train,system,natural_slot,58,37,39,57,False
qwen3.5-9b,fitting,307110c155df,sorry-bench,True,train,user,natural_slot,60,37,50,59,False
qwen3.5-9b,fitting,307110c155df,sorry-bench,True,train,tool,natural_slot,85,37,73,84,False
qwen3.5-9b,fitting,307110c155df,sorry-bench,True,train,assistant,natural_slot,73,37,63,72,False
qwen3.5-9b,fitting,b68fb9257312,advbench,True,train,system,fixed_slot,31,10,12,30,False
qwen3.5-9b,fitting,b68fb9257312,advbench,True,train,user,fixed_slot,42,10,32,41,True
qwen3.5-9b,fitting,b68fb9257312,advbench,True,train,tool,fixed_slot,46,10,34,45,True
qwen3.5-9b,fitting,b68fb9257312,advbench,True,train,assistant,fixed_slot,46,10,36,45,True
qwen3.5-9b,fitting,b68fb9257312,advbench,True,train,system,natural_slot,31,10,12,30,False
qwen3.5-9b,fitting,b68fb9257312,advbench,True,train,user,natural_slot,33,10,23,32,False
qwen3.5-9b,fitting,b68fb9257312,advbench,True,train,tool,natural_slot,58,10,46,57,False
qwen3.5-9b,fitting,b68fb9257312,advbench,True,train,assistant,natural_slot,46,10,36,45,False
qwen3.5-9b,fitting,c9c74db918a4,jbb,True,train,system,fixed_slot,26,5,7,25,False
qwen3.5-9b,fitting,c9c74db918a4,jbb,True,train,user,fixed_slot,37,5,27,36,True
qwen3.5-9b,fitting,c9c74db918a4,jbb,True,train,tool,fixed_slot,41,5,29,40,True
qwen3.5-9b,fitting,c9c74db918a4,jbb,True,train,assistant,fixed_slot,41,5,31,40,True
qwen3.5-9b,fitting,c9c74db918a4,jbb,True,train,system,natural_slot,26,5,7,25,False
qwen3.5-9b,fitting,c9c74db918a4,jbb,True,train,user,natural_slot,28,5,18,27,False
qwen3.5-9b,fitting,c9c74db918a4,jbb,True,train,tool,natural_slot,53,5,41,52,False
qwen3.5-9b,fitting,c9c74db918a4,jbb,True,train,assistant,natural_slot,41,5,31,40,False
qwen3.5-9b,fitting,86ad5cdedfd1,sorry-bench,True,train,system,fixed_slot,41,20,22,40,False
qwen3.5-9b,fitting,86ad5cdedfd1,sorry-bench,True,train,user,fixed_slot,52,20,42,51,True
qwen3.5-9b,fitting,86ad5cdedfd1,sorry-bench,True,train,tool,fixed_slot,56,20,44,55,True
qwen3.5-9b,fitting,86ad5cdedfd1,sorry-bench,True,train,assistant,fixed_slot,56,20,46,55,True
qwen3.5-9b,fitting,86ad5cdedfd1,sorry-bench,True,train,system,natural_slot,41,20,22,40,False
qwen3.5-9b,fitting,86ad5cdedfd1,sorry-bench,True,train,user,natural_slot,43,20,33,42,False
qwen3.5-9b,fitting,86ad5cdedfd1,sorry-bench,True,train,tool,natural_slot,68,20,56,67,False
qwen3.5-9b,fitting,86ad5cdedfd1,sorry-bench,True,train,assistant,natural_slot,56,20,46,55,False
qwen3.5-9b,fitting,d75163fb402d,advbench,True,test,system,fixed_slot,33,12,14,32,False
qwen3.5-9b,fitting,d75163fb402d,advbench,True,test,user,fixed_slot,44,12,34,43,True
qwen3.5-9b,fitting,d75163fb402d,advbench,True,test,tool,fixed_slot,48,12,36,47,True
qwen3.5-9b,fitting,d75163fb402d,advbench,True,test,assistant,fixed_slot,48,12,38,47,True
qwen3.5-9b,fitting,d75163fb402d,advbench,True,test,system,natural_slot,33,12,14,32,False
qwen3.5-9b,fitting,d75163fb402d,advbench,True,test,user,natural_slot,35,12,25,34,False
qwen3.5-9b,fitting,d75163fb402d,advbench,True,test,tool,natural_slot,60,12,48,59,False
qwen3.5-9b,fitting,d75163fb402d,advbench,True,test,assistant,natural_slot,48,12,38,47,False
qwen3.5-9b,fitting,f9a57d4efcd0,jbb,True,train,system,fixed_slot,33,12,14,32,False
qwen3.5-9b,fitting,f9a57d4efcd0,jbb,True,train,user,fixed_slot,44,12,34,43,True
qwen3.5-9b,fitting,f9a57d4efcd0,jbb,True,train,tool,fixed_slot,48,12,36,47,True
qwen3.5-9b,fitting,f9a57d4efcd0,jbb,True,train,assistant,fixed_slot,48,12,38,47,True
qwen3.5-9b,fitting,f9a57d4efcd0,jbb,True,train,system,natural_slot,33,12,14,32,False
qwen3.5-9b,fitting,f9a57d4efcd0,jbb,True,train,user,natural_slot,35,12,25,34,False
qwen3.5-9b,fitting,f9a57d4efcd0,jbb,True,train,tool,natural_slot,60,12,48,59,False
qwen3.5-9b,fitting,f9a57d4efcd0,jbb,True,train,assistant,natural_slot,48,12,38,47,False
qwen3.5-9b,fitting,8bdb8423ca93,sorry-bench,True,train,system,fixed_slot,37,16,18,36,False
qwen3.5-9b,fitting,8bdb8423ca93,sorry-bench,True,train,user,fixed_slot,48,16,38,47,True
qwen3.5-9b,fitting,8bdb8423ca93,sorry-bench,True,train,tool,fixed_slot,52,16,40,51,True
qwen3.5-9b,fitting,8bdb8423ca93,sorry-bench,True,train,assistant,fixed_slot,52,16,42,51,True
qwen3.5-9b,fitting,8bdb8423ca93,sorry-bench,True,train,system,natural_slot,37,16,18,36,False
qwen3.5-9b,fitting,8bdb8423ca93,sorry-bench,True,train,user,natural_slot,39,16,29,38,False
qwen3.5-9b,fitting,8bdb8423ca93,sorry-bench,True,train,tool,natural_slot,64,16,52,63,False
qwen3.5-9b,fitting,8bdb8423ca93,sorry-bench,True,train,assistant,natural_slot,52,16,42,51,False
qwen3.5-9b,fitting,b5d22ca1321e,advbench,True,train,system,fixed_slot,36,15,17,35,False
qwen3.5-9b,fitting,b5d22ca1321e,advbench,True,train,user,fixed_slot,47,15,37,46,True
qwen3.5-9b,fitting,b5d22ca1321e,advbench,True,train,tool,fixed_slot,51,15,39,50,True
qwen3.5-9b,fitting,b5d22ca1321e,advbench,True,train,assistant,fixed_slot,51,15,41,50,True
qwen3.5-9b,fitting,b5d22ca1321e,advbench,True,train,system,natural_slot,36,15,17,35,False
qwen3.5-9b,fitting,b5d22ca1321e,advbench,True,train,user,natural_slot,38,15,28,37,False
qwen3.5-9b,fitting,b5d22ca1321e,advbench,True,train,tool,natural_slot,63,15,51,62,False
qwen3.5-9b,fitting,b5d22ca1321e,advbench,True,train,assistant,natural_slot,51,15,41,50,False
qwen3.5-9b,fitting,dfdee2a12567,jbb,True,train,system,fixed_slot,38,17,19,37,False
qwen3.5-9b,fitting,dfdee2a12567,jbb,True,train,user,fixed_slot,49,17,39,48,True
qwen3.5-9b,fitting,dfdee2a12567,jbb,True,train,tool,fixed_slot,53,17,41,52,True
qwen3.5-9b,fitting,dfdee2a12567,jbb,True,train,assistant,fixed_slot,53,17,43,52,True
qwen3.5-9b,fitting,dfdee2a12567,jbb,True,train,system,natural_slot,38,17,19,37,False
qwen3.5-9b,fitting,dfdee2a12567,jbb,True,train,user,natural_slot,40,17,30,39,False
qwen3.5-9b,fitting,dfdee2a12567,jbb,True,train,tool,natural_slot,65,17,53,64,False
qwen3.5-9b,fitting,dfdee2a12567,jbb,True,train,assistant,natural_slot,53,17,43,52,False
qwen3.5-9b,fitting,69756a3b9bf7,sorry-bench,True,train,system,fixed_slot,39,18,20,38,False
qwen3.5-9b,fitting,69756a3b9bf7,sorry-bench,True,train,user,fixed_slot,50,18,40,49,True
qwen3.5-9b,fitting,69756a3b9bf7,sorry-bench,True,train,tool,fixed_slot,54,18,42,53,True
qwen3.5-9b,fitting,69756a3b9bf7,sorry-bench,True,train,assistant,fixed_slot,54,18,44,53,True
qwen3.5-9b,fitting,69756a3b9bf7,sorry-bench,True,train,system,natural_slot,39,18,20,38,False
qwen3.5-9b,fitting,69756a3b9bf7,sorry-bench,True,train,user,natural_slot,41,18,31,40,False
qwen3.5-9b,fitting,69756a3b9bf7,sorry-bench,True,train,tool,natural_slot,66,18,54,65,False
qwen3.5-9b,fitting,69756a3b9bf7,sorry-bench,True,train,assistant,natural_slot,54,18,44,53,False
qwen3.5-9b,fitting,3c923ba3d1c2,advbench,True,train,system,fixed_slot,34,13,15,33,False
qwen3.5-9b,fitting,3c923ba3d1c2,advbench,True,train,user,fixed_slot,45,13,35,44,True
qwen3.5-9b,fitting,3c923ba3d1c2,advbench,True,train,tool,fixed_slot,49,13,37,48,True
qwen3.5-9b,fitting,3c923ba3d1c2,advbench,True,train,assistant,fixed_slot,49,13,39,48,True
qwen3.5-9b,fitting,3c923ba3d1c2,advbench,True,train,system,natural_slot,34,13,15,33,False
qwen3.5-9b,fitting,3c923ba3d1c2,advbench,True,train,user,natural_slot,36,13,26,35,False
qwen3.5-9b,fitting,3c923ba3d1c2,advbench,True,train,tool,natural_slot,61,13,49,60,False
qwen3.5-9b,fitting,3c923ba3d1c2,advbench,True,train,assistant,natural_slot,49,13,39,48,False
qwen3.5-9b,fitting,a62eb030c706,jbb,True,train,system,fixed_slot,37,16,18,36,False
qwen3.5-9b,fitting,a62eb030c706,jbb,True,train,user,fixed_slot,48,16,38,47,True
qwen3.5-9b,fitting,a62eb030c706,jbb,True,train,tool,fixed_slot,52,16,40,51,True
qwen3.5-9b,fitting,a62eb030c706,jbb,True,train,assistant,fixed_slot,52,16,42,51,True
qwen3.5-9b,fitting,a62eb030c706,jbb,True,train,system,natural_slot,37,16,18,36,False
qwen3.5-9b,fitting,a62eb030c706,jbb,True,train,user,natural_slot,39,16,29,38,False
qwen3.5-9b,fitting,a62eb030c706,jbb,True,train,tool,natural_slot,64,16,52,63,False
qwen3.5-9b,fitting,a62eb030c706,jbb,True,train,assistant,natural_slot,52,16,42,51,False
qwen3.5-9b,fitting,540fe1bca9df,sorry-bench,True,train,system,fixed_slot,55,34,36,54,False
qwen3.5-9b,fitting,540fe1bca9df,sorry-bench,True,train,user,fixed_slot,66,34,56,65,True
qwen3.5-9b,fitting,540fe1bca9df,sorry-bench,True,train,tool,fixed_slot,70,34,58,69,True
qwen3.5-9b,fitting,540fe1bca9df,sorry-bench,True,train,assistant,fixed_slot,70,34,60,69,True
qwen3.5-9b,fitting,540fe1bca9df,sorry-bench,True,train,system,natural_slot,55,34,36,54,False
qwen3.5-9b,fitting,540fe1bca9df,sorry-bench,True,train,user,natural_slot,57,34,47,56,False
qwen3.5-9b,fitting,540fe1bca9df,sorry-bench,True,train,tool,natural_slot,82,34,70,81,False
qwen3.5-9b,fitting,540fe1bca9df,sorry-bench,True,train,assistant,natural_slot,70,34,60,69,False
qwen3.5-9b,fitting,169c50df81e4,advbench,True,train,system,fixed_slot,34,13,15,33,False
qwen3.5-9b,fitting,169c50df81e4,advbench,True,train,user,fixed_slot,45,13,35,44,True
qwen3.5-9b,fitting,169c50df81e4,advbench,True,train,tool,fixed_slot,49,13,37,48,True
qwen3.5-9b,fitting,169c50df81e4,advbench,True,train,assistant,fixed_slot,49,13,39,48,True
qwen3.5-9b,fitting,169c50df81e4,advbench,True,train,system,natural_slot,34,13,15,33,False
qwen3.5-9b,fitting,169c50df81e4,advbench,True,train,user,natural_slot,36,13,26,35,False
qwen3.5-9b,fitting,169c50df81e4,advbench,True,train,tool,natural_slot,61,13,49,60,False
qwen3.5-9b,fitting,169c50df81e4,advbench,True,train,assistant,natural_slot,49,13,39,48,False
qwen3.5-9b,fitting,503137b746ec,jbb,True,train,system,fixed_slot,35,14,16,34,False
qwen3.5-9b,fitting,503137b746ec,jbb,True,train,user,fixed_slot,46,14,36,45,True
qwen3.5-9b,fitting,503137b746ec,jbb,True,train,tool,fixed_slot,50,14,38,49,True
qwen3.5-9b,fitting,503137b746ec,jbb,True,train,assistant,fixed_slot,50,14,40,49,True
qwen3.5-9b,fitting,503137b746ec,jbb,True,train,system,natural_slot,35,14,16,34,False
qwen3.5-9b,fitting,503137b746ec,jbb,True,train,user,natural_slot,37,14,27,36,False
qwen3.5-9b,fitting,503137b746ec,jbb,True,train,tool,natural_slot,62,14,50,61,False
qwen3.5-9b,fitting,503137b746ec,jbb,True,train,assistant,natural_slot,50,14,40,49,False
qwen3.5-9b,fitting,ab3a3f2ebc04,sorry-bench,True,train,system,fixed_slot,56,35,37,55,False
qwen3.5-9b,fitting,ab3a3f2ebc04,sorry-bench,True,train,user,fixed_slot,67,35,57,66,True
qwen3.5-9b,fitting,ab3a3f2ebc04,sorry-bench,True,train,tool,fixed_slot,71,35,59,70,True
qwen3.5-9b,fitting,ab3a3f2ebc04,sorry-bench,True,train,assistant,fixed_slot,71,35,61,70,True
qwen3.5-9b,fitting,ab3a3f2ebc04,sorry-bench,True,train,system,natural_slot,56,35,37,55,False
qwen3.5-9b,fitting,ab3a3f2ebc04,sorry-bench,True,train,user,natural_slot,58,35,48,57,False
qwen3.5-9b,fitting,ab3a3f2ebc04,sorry-bench,True,train,tool,natural_slot,83,35,71,82,False
qwen3.5-9b,fitting,ab3a3f2ebc04,sorry-bench,True,train,assistant,natural_slot,71,35,61,70,False
qwen3.5-9b,fitting,53c67c7f6fee,advbench,True,train,system,fixed_slot,30,9,11,29,False
qwen3.5-9b,fitting,53c67c7f6fee,advbench,True,train,user,fixed_slot,41,9,31,40,True
qwen3.5-9b,fitting,53c67c7f6fee,advbench,True,train,tool,fixed_slot,45,9,33,44,True
qwen3.5-9b,fitting,53c67c7f6fee,advbench,True,train,assistant,fixed_slot,45,9,35,44,True
qwen3.5-9b,fitting,53c67c7f6fee,advbench,True,train,system,natural_slot,30,9,11,29,False
qwen3.5-9b,fitting,53c67c7f6fee,advbench,True,train,user,natural_slot,32,9,22,31,False
qwen3.5-9b,fitting,53c67c7f6fee,advbench,True,train,tool,natural_slot,57,9,45,56,False
qwen3.5-9b,fitting,53c67c7f6fee,advbench,True,train,assistant,natural_slot,45,9,35,44,False
qwen3.5-9b,fitting,59bf061a5ea2,jbb,True,train,system,fixed_slot,41,20,22,40,False
qwen3.5-9b,fitting,59bf061a5ea2,jbb,True,train,user,fixed_slot,52,20,42,51,True
qwen3.5-9b,fitting,59bf061a5ea2,jbb,True,train,tool,fixed_slot,56,20,44,55,True
qwen3.5-9b,fitting,59bf061a5ea2,jbb,True,train,assistant,fixed_slot,56,20,46,55,True
qwen3.5-9b,fitting,59bf061a5ea2,jbb,True,train,system,natural_slot,41,20,22,40,False
qwen3.5-9b,fitting,59bf061a5ea2,jbb,True,train,user,natural_slot,43,20,33,42,False
qwen3.5-9b,fitting,59bf061a5ea2,jbb,True,train,tool,natural_slot,68,20,56,67,False
qwen3.5-9b,fitting,59bf061a5ea2,jbb,True,train,assistant,natural_slot,56,20,46,55,False
qwen3.5-9b,fitting,8fec1d8cc38e,sorry-bench,True,train,system,fixed_slot,49,28,30,48,False
qwen3.5-9b,fitting,8fec1d8cc38e,sorry-bench,True,train,user,fixed_slot,60,28,50,59,True
qwen3.5-9b,fitting,8fec1d8cc38e,sorry-bench,True,train,tool,fixed_slot,64,28,52,63,True
qwen3.5-9b,fitting,8fec1d8cc38e,sorry-bench,True,train,assistant,fixed_slot,64,28,54,63,True
qwen3.5-9b,fitting,8fec1d8cc38e,sorry-bench,True,train,system,natural_slot,49,28,30,48,False
qwen3.5-9b,fitting,8fec1d8cc38e,sorry-bench,True,train,user,natural_slot,51,28,41,50,False
qwen3.5-9b,fitting,8fec1d8cc38e,sorry-bench,True,train,tool,natural_slot,76,28,64,75,False
qwen3.5-9b,fitting,8fec1d8cc38e,sorry-bench,True,train,assistant,natural_slot,64,28,54,63,False
qwen3.5-9b,fitting,6c773b138157,advbench,True,train,system,fixed_slot,35,14,16,34,False
qwen3.5-9b,fitting,6c773b138157,advbench,True,train,user,fixed_slot,46,14,36,45,True
qwen3.5-9b,fitting,6c773b138157,advbench,True,train,tool,fixed_slot,50,14,38,49,True
qwen3.5-9b,fitting,6c773b138157,advbench,True,train,assistant,fixed_slot,50,14,40,49,True
qwen3.5-9b,fitting,6c773b138157,advbench,True,train,system,natural_slot,35,14,16,34,False
qwen3.5-9b,fitting,6c773b138157,advbench,True,train,user,natural_slot,37,14,27,36,False
qwen3.5-9b,fitting,6c773b138157,advbench,True,train,tool,natural_slot,62,14,50,61,False
qwen3.5-9b,fitting,6c773b138157,advbench,True,train,assistant,natural_slot,50,14,40,49,False
qwen3.5-9b,fitting,86ccf594db67,jbb,True,train,system,fixed_slot,39,18,20,38,False
qwen3.5-9b,fitting,86ccf594db67,jbb,True,train,user,fixed_slot,50,18,40,49,True
qwen3.5-9b,fitting,86ccf594db67,jbb,True,train,tool,fixed_slot,54,18,42,53,True
qwen3.5-9b,fitting,86ccf594db67,jbb,True,train,assistant,fixed_slot,54,18,44,53,True
qwen3.5-9b,fitting,86ccf594db67,jbb,True,train,system,natural_slot,39,18,20,38,False
qwen3.5-9b,fitting,86ccf594db67,jbb,True,train,user,natural_slot,41,18,31,40,False
qwen3.5-9b,fitting,86ccf594db67,jbb,True,train,tool,natural_slot,66,18,54,65,False
qwen3.5-9b,fitting,86ccf594db67,jbb,True,train,assistant,natural_slot,54,18,44,53,False
qwen3.5-9b,fitting,6bcbf5ef9f1a,sorry-bench,True,test,system,fixed_slot,42,21,23,41,False
qwen3.5-9b,fitting,6bcbf5ef9f1a,sorry-bench,True,test,user,fixed_slot,53,21,43,52,True
qwen3.5-9b,fitting,6bcbf5ef9f1a,sorry-bench,True,test,tool,fixed_slot,57,21,45,56,True
qwen3.5-9b,fitting,6bcbf5ef9f1a,sorry-bench,True,test,assistant,fixed_slot,57,21,47,56,True
qwen3.5-9b,fitting,6bcbf5ef9f1a,sorry-bench,True,test,system,natural_slot,42,21,23,41,False
qwen3.5-9b,fitting,6bcbf5ef9f1a,sorry-bench,True,test,user,natural_slot,44,21,34,43,False
qwen3.5-9b,fitting,6bcbf5ef9f1a,sorry-bench,True,test,tool,natural_slot,69,21,57,68,False
qwen3.5-9b,fitting,6bcbf5ef9f1a,sorry-bench,True,test,assistant,natural_slot,57,21,47,56,False
qwen3.5-9b,fitting,577abbc29d03,advbench,True,train,system,fixed_slot,36,15,17,35,False
qwen3.5-9b,fitting,577abbc29d03,advbench,True,train,user,fixed_slot,47,15,37,46,True
qwen3.5-9b,fitting,577abbc29d03,advbench,True,train,tool,fixed_slot,51,15,39,50,True
qwen3.5-9b,fitting,577abbc29d03,advbench,True,train,assistant,fixed_slot,51,15,41,50,True
qwen3.5-9b,fitting,577abbc29d03,advbench,True,train,system,natural_slot,36,15,17,35,False
qwen3.5-9b,fitting,577abbc29d03,advbench,True,train,user,natural_slot,38,15,28,37,False
qwen3.5-9b,fitting,577abbc29d03,advbench,True,train,tool,natural_slot,63,15,51,62,False
qwen3.5-9b,fitting,577abbc29d03,advbench,True,train,assistant,natural_slot,51,15,41,50,False
qwen3.5-9b,fitting,067979fd74ef,jbb,True,train,system,fixed_slot,33,12,14,32,False
qwen3.5-9b,fitting,067979fd74ef,jbb,True,train,user,fixed_slot,44,12,34,43,True
qwen3.5-9b,fitting,067979fd74ef,jbb,True,train,tool,fixed_slot,48,12,36,47,True
qwen3.5-9b,fitting,067979fd74ef,jbb,True,train,assistant,fixed_slot,48,12,38,47,True
qwen3.5-9b,fitting,067979fd74ef,jbb,True,train,system,natural_slot,33,12,14,32,False
qwen3.5-9b,fitting,067979fd74ef,jbb,True,train,user,natural_slot,35,12,25,34,False
qwen3.5-9b,fitting,067979fd74ef,jbb,True,train,tool,natural_slot,60,12,48,59,False
qwen3.5-9b,fitting,067979fd74ef,jbb,True,train,assistant,natural_slot,48,12,38,47,False
qwen3.5-9b,fitting,b10580202810,sorry-bench,True,train,system,fixed_slot,38,17,19,37,False
qwen3.5-9b,fitting,b10580202810,sorry-bench,True,train,user,fixed_slot,49,17,39,48,True
qwen3.5-9b,fitting,b10580202810,sorry-bench,True,train,tool,fixed_slot,53,17,41,52,True
qwen3.5-9b,fitting,b10580202810,sorry-bench,True,train,assistant,fixed_slot,53,17,43,52,True
qwen3.5-9b,fitting,b10580202810,sorry-bench,True,train,system,natural_slot,38,17,19,37,False
qwen3.5-9b,fitting,b10580202810,sorry-bench,True,train,user,natural_slot,40,17,30,39,False
qwen3.5-9b,fitting,b10580202810,sorry-bench,True,train,tool,natural_slot,65,17,53,64,False
qwen3.5-9b,fitting,b10580202810,sorry-bench,True,train,assistant,natural_slot,53,17,43,52,False
qwen3.5-9b,fitting,528a1655261c,advbench,True,train,system,fixed_slot,29,8,10,28,False
qwen3.5-9b,fitting,528a1655261c,advbench,True,train,user,fixed_slot,40,8,30,39,True
qwen3.5-9b,fitting,528a1655261c,advbench,True,train,tool,fixed_slot,44,8,32,43,True
qwen3.5-9b,fitting,528a1655261c,advbench,True,train,assistant,fixed_slot,44,8,34,43,True
qwen3.5-9b,fitting,528a1655261c,advbench,True,train,system,natural_slot,29,8,10,28,False
qwen3.5-9b,fitting,528a1655261c,advbench,True,train,user,natural_slot,31,8,21,30,False
qwen3.5-9b,fitting,528a1655261c,advbench,True,train,tool,natural_slot,56,8,44,55,False
qwen3.5-9b,fitting,528a1655261c,advbench,True,train,assistant,natural_slot,44,8,34,43,False
qwen3.5-9b,fitting,c92b697edc73,jbb,True,train,system,fixed_slot,35,14,16,34,False
qwen3.5-9b,fitting,c92b697edc73,jbb,True,train,user,fixed_slot,46,14,36,45,True
qwen3.5-9b,fitting,c92b697edc73,jbb,True,train,tool,fixed_slot,50,14,38,49,True
qwen3.5-9b,fitting,c92b697edc73,jbb,True,train,assistant,fixed_slot,50,14,40,49,True
qwen3.5-9b,fitting,c92b697edc73,jbb,True,train,system,natural_slot,35,14,16,34,False
qwen3.5-9b,fitting,c92b697edc73,jbb,True,train,user,natural_slot,37,14,27,36,False
qwen3.5-9b,fitting,c92b697edc73,jbb,True,train,tool,natural_slot,62,14,50,61,False
qwen3.5-9b,fitting,c92b697edc73,jbb,True,train,assistant,natural_slot,50,14,40,49,False
qwen3.5-9b,fitting,c156d6f02f9b,sorry-bench,True,train,system,fixed_slot,46,25,27,45,False
qwen3.5-9b,fitting,c156d6f02f9b,sorry-bench,True,train,user,fixed_slot,57,25,47,56,True
qwen3.5-9b,fitting,c156d6f02f9b,sorry-bench,True,train,tool,fixed_slot,61,25,49,60,True
qwen3.5-9b,fitting,c156d6f02f9b,sorry-bench,True,train,assistant,fixed_slot,61,25,51,60,True
qwen3.5-9b,fitting,c156d6f02f9b,sorry-bench,True,train,system,natural_slot,46,25,27,45,False
qwen3.5-9b,fitting,c156d6f02f9b,sorry-bench,True,train,user,natural_slot,48,25,38,47,False
qwen3.5-9b,fitting,c156d6f02f9b,sorry-bench,True,train,tool,natural_slot,73,25,61,72,False
qwen3.5-9b,fitting,c156d6f02f9b,sorry-bench,True,train,assistant,natural_slot,61,25,51,60,False
qwen3.5-9b,fitting,5c477869c231,advbench,True,test,system,fixed_slot,36,15,17,35,False
qwen3.5-9b,fitting,5c477869c231,advbench,True,test,user,fixed_slot,47,15,37,46,True
qwen3.5-9b,fitting,5c477869c231,advbench,True,test,tool,fixed_slot,51,15,39,50,True
qwen3.5-9b,fitting,5c477869c231,advbench,True,test,assistant,fixed_slot,51,15,41,50,True
qwen3.5-9b,fitting,5c477869c231,advbench,True,test,system,natural_slot,36,15,17,35,False
qwen3.5-9b,fitting,5c477869c231,advbench,True,test,user,natural_slot,38,15,28,37,False
qwen3.5-9b,fitting,5c477869c231,advbench,True,test,tool,natural_slot,63,15,51,62,False
qwen3.5-9b,fitting,5c477869c231,advbench,True,test,assistant,natural_slot,51,15,41,50,False
qwen3.5-9b,fitting,4180816e5fca,jbb,True,train,system,fixed_slot,34,13,15,33,False
qwen3.5-9b,fitting,4180816e5fca,jbb,True,train,user,fixed_slot,45,13,35,44,True
qwen3.5-9b,fitting,4180816e5fca,jbb,True,train,tool,fixed_slot,49,13,37,48,True
qwen3.5-9b,fitting,4180816e5fca,jbb,True,train,assistant,fixed_slot,49,13,39,48,True
qwen3.5-9b,fitting,4180816e5fca,jbb,True,train,system,natural_slot,34,13,15,33,False
qwen3.5-9b,fitting,4180816e5fca,jbb,True,train,user,natural_slot,36,13,26,35,False
qwen3.5-9b,fitting,4180816e5fca,jbb,True,train,tool,natural_slot,61,13,49,60,False
qwen3.5-9b,fitting,4180816e5fca,jbb,True,train,assistant,natural_slot,49,13,39,48,False
qwen3.5-9b,fitting,4a4405cad1be,sorry-bench,True,train,system,fixed_slot,34,13,15,33,False
qwen3.5-9b,fitting,4a4405cad1be,sorry-bench,True,train,user,fixed_slot,45,13,35,44,True
qwen3.5-9b,fitting,4a4405cad1be,sorry-bench,True,train,tool,fixed_slot,49,13,37,48,True
qwen3.5-9b,fitting,4a4405cad1be,sorry-bench,True,train,assistant,fixed_slot,49,13,39,48,True
qwen3.5-9b,fitting,4a4405cad1be,sorry-bench,True,train,system,natural_slot,34,13,15,33,False
qwen3.5-9b,fitting,4a4405cad1be,sorry-bench,True,train,user,natural_slot,36,13,26,35,False
qwen3.5-9b,fitting,4a4405cad1be,sorry-bench,True,train,tool,natural_slot,61,13,49,60,False
qwen3.5-9b,fitting,4a4405cad1be,sorry-bench,True,train,assistant,natural_slot,49,13,39,48,False
qwen3.5-9b,fitting,9b3389bf8a1d,advbench,True,train,system,fixed_slot,34,13,15,33,False
qwen3.5-9b,fitting,9b3389bf8a1d,advbench,True,train,user,fixed_slot,45,13,35,44,True
qwen3.5-9b,fitting,9b3389bf8a1d,advbench,True,train,tool,fixed_slot,49,13,37,48,True
qwen3.5-9b,fitting,9b3389bf8a1d,advbench,True,train,assistant,fixed_slot,49,13,39,48,True
qwen3.5-9b,fitting,9b3389bf8a1d,advbench,True,train,system,natural_slot,34,13,15,33,False
qwen3.5-9b,fitting,9b3389bf8a1d,advbench,True,train,user,natural_slot,36,13,26,35,False
qwen3.5-9b,fitting,9b3389bf8a1d,advbench,True,train,tool,natural_slot,61,13,49,60,False
qwen3.5-9b,fitting,9b3389bf8a1d,advbench,True,train,assistant,natural_slot,49,13,39,48,False
qwen3.5-9b,fitting,f4acb2a4f2f7,jbb,True,test,system,fixed_slot,42,21,23,41,False
qwen3.5-9b,fitting,f4acb2a4f2f7,jbb,True,test,user,fixed_slot,53,21,43,52,True
qwen3.5-9b,fitting,f4acb2a4f2f7,jbb,True,test,tool,fixed_slot,57,21,45,56,True
qwen3.5-9b,fitting,f4acb2a4f2f7,jbb,True,test,assistant,fixed_slot,57,21,47,56,True
qwen3.5-9b,fitting,f4acb2a4f2f7,jbb,True,test,system,natural_slot,42,21,23,41,False
qwen3.5-9b,fitting,f4acb2a4f2f7,jbb,True,test,user,natural_slot,44,21,34,43,False
qwen3.5-9b,fitting,f4acb2a4f2f7,jbb,True,test,tool,natural_slot,69,21,57,68,False
qwen3.5-9b,fitting,f4acb2a4f2f7,jbb,True,test,assistant,natural_slot,57,21,47,56,False
qwen3.5-9b,fitting,32156b481c5e,sorry-bench,True,train,system,fixed_slot,43,22,24,42,False
qwen3.5-9b,fitting,32156b481c5e,sorry-bench,True,train,user,fixed_slot,54,22,44,53,True
qwen3.5-9b,fitting,32156b481c5e,sorry-bench,True,train,tool,fixed_slot,58,22,46,57,True
qwen3.5-9b,fitting,32156b481c5e,sorry-bench,True,train,assistant,fixed_slot,58,22,48,57,True
qwen3.5-9b,fitting,32156b481c5e,sorry-bench,True,train,system,natural_slot,43,22,24,42,False
qwen3.5-9b,fitting,32156b481c5e,sorry-bench,True,train,user,natural_slot,45,22,35,44,False
qwen3.5-9b,fitting,32156b481c5e,sorry-bench,True,train,tool,natural_slot,70,22,58,69,False
qwen3.5-9b,fitting,32156b481c5e,sorry-bench,True,train,assistant,natural_slot,58,22,48,57,False
qwen3.5-9b,fitting,8fe15155524b,advbench,True,train,system,fixed_slot,41,20,22,40,False
qwen3.5-9b,fitting,8fe15155524b,advbench,True,train,user,fixed_slot,52,20,42,51,True
qwen3.5-9b,fitting,8fe15155524b,advbench,True,train,tool,fixed_slot,56,20,44,55,True
qwen3.5-9b,fitting,8fe15155524b,advbench,True,train,assistant,fixed_slot,56,20,46,55,True
qwen3.5-9b,fitting,8fe15155524b,advbench,True,train,system,natural_slot,41,20,22,40,False
qwen3.5-9b,fitting,8fe15155524b,advbench,True,train,user,natural_slot,43,20,33,42,False
qwen3.5-9b,fitting,8fe15155524b,advbench,True,train,tool,natural_slot,68,20,56,67,False
qwen3.5-9b,fitting,8fe15155524b,advbench,True,train,assistant,natural_slot,56,20,46,55,False
qwen3.5-9b,fitting,91b6abd92162,jbb,True,test,system,fixed_slot,44,23,25,43,False
qwen3.5-9b,fitting,91b6abd92162,jbb,True,test,user,fixed_slot,55,23,45,54,True
qwen3.5-9b,fitting,91b6abd92162,jbb,True,test,tool,fixed_slot,59,23,47,58,True
qwen3.5-9b,fitting,91b6abd92162,jbb,True,test,assistant,fixed_slot,59,23,49,58,True
qwen3.5-9b,fitting,91b6abd92162,jbb,True,test,system,natural_slot,44,23,25,43,False
qwen3.5-9b,fitting,91b6abd92162,jbb,True,test,user,natural_slot,46,23,36,45,False
qwen3.5-9b,fitting,91b6abd92162,jbb,True,test,tool,natural_slot,71,23,59,70,False
qwen3.5-9b,fitting,91b6abd92162,jbb,True,test,assistant,natural_slot,59,23,49,58,False
qwen3.5-9b,fitting,ccb197719a54,sorry-bench,True,train,system,fixed_slot,40,19,21,39,False
qwen3.5-9b,fitting,ccb197719a54,sorry-bench,True,train,user,fixed_slot,51,19,41,50,True
qwen3.5-9b,fitting,ccb197719a54,sorry-bench,True,train,tool,fixed_slot,55,19,43,54,True
qwen3.5-9b,fitting,ccb197719a54,sorry-bench,True,train,assistant,fixed_slot,55,19,45,54,True
qwen3.5-9b,fitting,ccb197719a54,sorry-bench,True,train,system,natural_slot,40,19,21,39,False
qwen3.5-9b,fitting,ccb197719a54,sorry-bench,True,train,user,natural_slot,42,19,32,41,False
qwen3.5-9b,fitting,ccb197719a54,sorry-bench,True,train,tool,natural_slot,67,19,55,66,False
qwen3.5-9b,fitting,ccb197719a54,sorry-bench,True,train,assistant,natural_slot,55,19,45,54,False
qwen3.5-9b,fitting,0b808694a8a7,advbench,True,test,system,fixed_slot,35,14,16,34,False
qwen3.5-9b,fitting,0b808694a8a7,advbench,True,test,user,fixed_slot,46,14,36,45,True
qwen3.5-9b,fitting,0b808694a8a7,advbench,True,test,tool,fixed_slot,50,14,38,49,True
qwen3.5-9b,fitting,0b808694a8a7,advbench,True,test,assistant,fixed_slot,50,14,40,49,True
qwen3.5-9b,fitting,0b808694a8a7,advbench,True,test,system,natural_slot,35,14,16,34,False
qwen3.5-9b,fitting,0b808694a8a7,advbench,True,test,user,natural_slot,37,14,27,36,False
qwen3.5-9b,fitting,0b808694a8a7,advbench,True,test,tool,natural_slot,62,14,50,61,False
qwen3.5-9b,fitting,0b808694a8a7,advbench,True,test,assistant,natural_slot,50,14,40,49,False
qwen3.5-9b,fitting,61282fa27d77,jbb,True,train,system,fixed_slot,32,11,13,31,False
qwen3.5-9b,fitting,61282fa27d77,jbb,True,train,user,fixed_slot,43,11,33,42,True
qwen3.5-9b,fitting,61282fa27d77,jbb,True,train,tool,fixed_slot,47,11,35,46,True
qwen3.5-9b,fitting,61282fa27d77,jbb,True,train,assistant,fixed_slot,47,11,37,46,True
qwen3.5-9b,fitting,61282fa27d77,jbb,True,train,system,natural_slot,32,11,13,31,False
qwen3.5-9b,fitting,61282fa27d77,jbb,True,train,user,natural_slot,34,11,24,33,False
qwen3.5-9b,fitting,61282fa27d77,jbb,True,train,tool,natural_slot,59,11,47,58,False
qwen3.5-9b,fitting,61282fa27d77,jbb,True,train,assistant,natural_slot,47,11,37,46,False
qwen3.5-9b,fitting,f5d15b9659fa,sorry-bench,True,test,system,fixed_slot,38,17,19,37,False
qwen3.5-9b,fitting,f5d15b9659fa,sorry-bench,True,test,user,fixed_slot,49,17,39,48,True
qwen3.5-9b,fitting,f5d15b9659fa,sorry-bench,True,test,tool,fixed_slot,53,17,41,52,True
qwen3.5-9b,fitting,f5d15b9659fa,sorry-bench,True,test,assistant,fixed_slot,53,17,43,52,True
qwen3.5-9b,fitting,f5d15b9659fa,sorry-bench,True,test,system,natural_slot,38,17,19,37,False
qwen3.5-9b,fitting,f5d15b9659fa,sorry-bench,True,test,user,natural_slot,40,17,30,39,False
qwen3.5-9b,fitting,f5d15b9659fa,sorry-bench,True,test,tool,natural_slot,65,17,53,64,False
qwen3.5-9b,fitting,f5d15b9659fa,sorry-bench,True,test,assistant,natural_slot,53,17,43,52,False
qwen3.5-9b,fitting,307da1e906a4,advbench,True,train,system,fixed_slot,35,14,16,34,False
qwen3.5-9b,fitting,307da1e906a4,advbench,True,train,user,fixed_slot,46,14,36,45,True
qwen3.5-9b,fitting,307da1e906a4,advbench,True,train,tool,fixed_slot,50,14,38,49,True
qwen3.5-9b,fitting,307da1e906a4,advbench,True,train,assistant,fixed_slot,50,14,40,49,True
qwen3.5-9b,fitting,307da1e906a4,advbench,True,train,system,natural_slot,35,14,16,34,False
qwen3.5-9b,fitting,307da1e906a4,advbench,True,train,user,natural_slot,37,14,27,36,False
qwen3.5-9b,fitting,307da1e906a4,advbench,True,train,tool,natural_slot,62,14,50,61,False
qwen3.5-9b,fitting,307da1e906a4,advbench,True,train,assistant,natural_slot,50,14,40,49,False
qwen3.5-9b,fitting,25afb195ed54,jbb,True,train,system,fixed_slot,46,25,27,45,False
qwen3.5-9b,fitting,25afb195ed54,jbb,True,train,user,fixed_slot,57,25,47,56,True
qwen3.5-9b,fitting,25afb195ed54,jbb,True,train,tool,fixed_slot,61,25,49,60,True
qwen3.5-9b,fitting,25afb195ed54,jbb,True,train,assistant,fixed_slot,61,25,51,60,True
qwen3.5-9b,fitting,25afb195ed54,jbb,True,train,system,natural_slot,46,25,27,45,False
qwen3.5-9b,fitting,25afb195ed54,jbb,True,train,user,natural_slot,48,25,38,47,False
qwen3.5-9b,fitting,25afb195ed54,jbb,True,train,tool,natural_slot,73,25,61,72,False
qwen3.5-9b,fitting,25afb195ed54,jbb,True,train,assistant,natural_slot,61,25,51,60,False
qwen3.5-9b,fitting,c71bd06f4cc2,sorry-bench,True,train,system,fixed_slot,68,47,49,67,False
qwen3.5-9b,fitting,c71bd06f4cc2,sorry-bench,True,train,user,fixed_slot,79,47,69,78,True
qwen3.5-9b,fitting,c71bd06f4cc2,sorry-bench,True,train,tool,fixed_slot,83,47,71,82,True
qwen3.5-9b,fitting,c71bd06f4cc2,sorry-bench,True,train,assistant,fixed_slot,83,47,73,82,True
qwen3.5-9b,fitting,c71bd06f4cc2,sorry-bench,True,train,system,natural_slot,68,47,49,67,False
qwen3.5-9b,fitting,c71bd06f4cc2,sorry-bench,True,train,user,natural_slot,70,47,60,69,False
qwen3.5-9b,fitting,c71bd06f4cc2,sorry-bench,True,train,tool,natural_slot,95,47,83,94,False
qwen3.5-9b,fitting,c71bd06f4cc2,sorry-bench,True,train,assistant,natural_slot,83,47,73,82,False
qwen3.5-9b,fitting,451bfc154d01,advbench,True,train,system,fixed_slot,33,12,14,32,False
qwen3.5-9b,fitting,451bfc154d01,advbench,True,train,user,fixed_slot,44,12,34,43,True
qwen3.5-9b,fitting,451bfc154d01,advbench,True,train,tool,fixed_slot,48,12,36,47,True
qwen3.5-9b,fitting,451bfc154d01,advbench,True,train,assistant,fixed_slot,48,12,38,47,True
qwen3.5-9b,fitting,451bfc154d01,advbench,True,train,system,natural_slot,33,12,14,32,False
qwen3.5-9b,fitting,451bfc154d01,advbench,True,train,user,natural_slot,35,12,25,34,False
qwen3.5-9b,fitting,451bfc154d01,advbench,True,train,tool,natural_slot,60,12,48,59,False
qwen3.5-9b,fitting,451bfc154d01,advbench,True,train,assistant,natural_slot,48,12,38,47,False
qwen3.5-9b,fitting,fdc9c54475da,jbb,True,train,system,fixed_slot,27,6,8,26,False
qwen3.5-9b,fitting,fdc9c54475da,jbb,True,train,user,fixed_slot,38,6,28,37,True
qwen3.5-9b,fitting,fdc9c54475da,jbb,True,train,tool,fixed_slot,42,6,30,41,True
qwen3.5-9b,fitting,fdc9c54475da,jbb,True,train,assistant,fixed_slot,42,6,32,41,True
qwen3.5-9b,fitting,fdc9c54475da,jbb,True,train,system,natural_slot,27,6,8,26,False
qwen3.5-9b,fitting,fdc9c54475da,jbb,True,train,user,natural_slot,29,6,19,28,False
qwen3.5-9b,fitting,fdc9c54475da,jbb,True,train,tool,natural_slot,54,6,42,53,False
qwen3.5-9b,fitting,fdc9c54475da,jbb,True,train,assistant,natural_slot,42,6,32,41,False
qwen3.5-9b,fitting,98a9752142a7,sorry-bench,True,test,system,fixed_slot,71,50,52,70,False
qwen3.5-9b,fitting,98a9752142a7,sorry-bench,True,test,user,fixed_slot,82,50,72,81,True
qwen3.5-9b,fitting,98a9752142a7,sorry-bench,True,test,tool,fixed_slot,86,50,74,85,True
qwen3.5-9b,fitting,98a9752142a7,sorry-bench,True,test,assistant,fixed_slot,86,50,76,85,True
qwen3.5-9b,fitting,98a9752142a7,sorry-bench,True,test,system,natural_slot,71,50,52,70,False
qwen3.5-9b,fitting,98a9752142a7,sorry-bench,True,test,user,natural_slot,73,50,63,72,False
qwen3.5-9b,fitting,98a9752142a7,sorry-bench,True,test,tool,natural_slot,98,50,86,97,False
qwen3.5-9b,fitting,98a9752142a7,sorry-bench,True,test,assistant,natural_slot,86,50,76,85,False
qwen3.5-9b,fitting,d5004847e55a,advbench,True,train,system,fixed_slot,29,8,10,28,False
qwen3.5-9b,fitting,d5004847e55a,advbench,True,train,user,fixed_slot,40,8,30,39,True
qwen3.5-9b,fitting,d5004847e55a,advbench,True,train,tool,fixed_slot,44,8,32,43,True
qwen3.5-9b,fitting,d5004847e55a,advbench,True,train,assistant,fixed_slot,44,8,34,43,True
qwen3.5-9b,fitting,d5004847e55a,advbench,True,train,system,natural_slot,29,8,10,28,False
qwen3.5-9b,fitting,d5004847e55a,advbench,True,train,user,natural_slot,31,8,21,30,False
qwen3.5-9b,fitting,d5004847e55a,advbench,True,train,tool,natural_slot,56,8,44,55,False
qwen3.5-9b,fitting,d5004847e55a,advbench,True,train,assistant,natural_slot,44,8,34,43,False
qwen3.5-9b,fitting,03b3884a94cc,jbb,True,test,system,fixed_slot,32,11,13,31,False
qwen3.5-9b,fitting,03b3884a94cc,jbb,True,test,user,fixed_slot,43,11,33,42,True
qwen3.5-9b,fitting,03b3884a94cc,jbb,True,test,tool,fixed_slot,47,11,35,46,True
qwen3.5-9b,fitting,03b3884a94cc,jbb,True,test,assistant,fixed_slot,47,11,37,46,True
qwen3.5-9b,fitting,03b3884a94cc,jbb,True,test,system,natural_slot,32,11,13,31,False
qwen3.5-9b,fitting,03b3884a94cc,jbb,True,test,user,natural_slot,34,11,24,33,False
qwen3.5-9b,fitting,03b3884a94cc,jbb,True,test,tool,natural_slot,59,11,47,58,False
qwen3.5-9b,fitting,03b3884a94cc,jbb,True,test,assistant,natural_slot,47,11,37,46,False
qwen3.5-9b,fitting,e065989d0498,sorry-bench,True,train,system,fixed_slot,38,17,19,37,False
qwen3.5-9b,fitting,e065989d0498,sorry-bench,True,train,user,fixed_slot,49,17,39,48,True
qwen3.5-9b,fitting,e065989d0498,sorry-bench,True,train,tool,fixed_slot,53,17,41,52,True
qwen3.5-9b,fitting,e065989d0498,sorry-bench,True,train,assistant,fixed_slot,53,17,43,52,True
qwen3.5-9b,fitting,e065989d0498,sorry-bench,True,train,system,natural_slot,38,17,19,37,False
qwen3.5-9b,fitting,e065989d0498,sorry-bench,True,train,user,natural_slot,40,17,30,39,False
qwen3.5-9b,fitting,e065989d0498,sorry-bench,True,train,tool,natural_slot,65,17,53,64,False
qwen3.5-9b,fitting,e065989d0498,sorry-bench,True,train,assistant,natural_slot,53,17,43,52,False
qwen3.5-9b,fitting,74d9290edaa3,advbench,True,test,system,fixed_slot,38,17,19,37,False
qwen3.5-9b,fitting,74d9290edaa3,advbench,True,test,user,fixed_slot,49,17,39,48,True
qwen3.5-9b,fitting,74d9290edaa3,advbench,True,test,tool,fixed_slot,53,17,41,52,True
qwen3.5-9b,fitting,74d9290edaa3,advbench,True,test,assistant,fixed_slot,53,17,43,52,True
qwen3.5-9b,fitting,74d9290edaa3,advbench,True,test,system,natural_slot,38,17,19,37,False
qwen3.5-9b,fitting,74d9290edaa3,advbench,True,test,user,natural_slot,40,17,30,39,False
qwen3.5-9b,fitting,74d9290edaa3,advbench,True,test,tool,natural_slot,65,17,53,64,False
qwen3.5-9b,fitting,74d9290edaa3,advbench,True,test,assistant,natural_slot,53,17,43,52,False
qwen3.5-9b,fitting,c1864ca64cf4,jbb,True,test,system,fixed_slot,40,19,21,39,False
qwen3.5-9b,fitting,c1864ca64cf4,jbb,True,test,user,fixed_slot,51,19,41,50,True
qwen3.5-9b,fitting,c1864ca64cf4,jbb,True,test,tool,fixed_slot,55,19,43,54,True
qwen3.5-9b,fitting,c1864ca64cf4,jbb,True,test,assistant,fixed_slot,55,19,45,54,True
qwen3.5-9b,fitting,c1864ca64cf4,jbb,True,test,system,natural_slot,40,19,21,39,False
qwen3.5-9b,fitting,c1864ca64cf4,jbb,True,test,user,natural_slot,42,19,32,41,False
qwen3.5-9b,fitting,c1864ca64cf4,jbb,True,test,tool,natural_slot,67,19,55,66,False
qwen3.5-9b,fitting,c1864ca64cf4,jbb,True,test,assistant,natural_slot,55,19,45,54,False
qwen3.5-9b,fitting,fdb336a5c283,alpaca,False,train,system,fixed_slot,30,9,11,29,False
qwen3.5-9b,fitting,fdb336a5c283,alpaca,False,train,user,fixed_slot,41,9,31,40,True
qwen3.5-9b,fitting,fdb336a5c283,alpaca,False,train,tool,fixed_slot,45,9,33,44,True
qwen3.5-9b,fitting,fdb336a5c283,alpaca,False,train,assistant,fixed_slot,45,9,35,44,True
qwen3.5-9b,fitting,fdb336a5c283,alpaca,False,train,system,natural_slot,30,9,11,29,False
qwen3.5-9b,fitting,fdb336a5c283,alpaca,False,train,user,natural_slot,32,9,22,31,False
qwen3.5-9b,fitting,fdb336a5c283,alpaca,False,train,tool,natural_slot,57,9,45,56,False
qwen3.5-9b,fitting,fdb336a5c283,alpaca,False,train,assistant,natural_slot,45,9,35,44,False
qwen3.5-9b,fitting,56ad48744625,xstest_safe,False,train,system,fixed_slot,36,15,17,35,False
qwen3.5-9b,fitting,56ad48744625,xstest_safe,False,train,user,fixed_slot,47,15,37,46,True
qwen3.5-9b,fitting,56ad48744625,xstest_safe,False,train,tool,fixed_slot,51,15,39,50,True
qwen3.5-9b,fitting,56ad48744625,xstest_safe,False,train,assistant,fixed_slot,51,15,41,50,True
qwen3.5-9b,fitting,56ad48744625,xstest_safe,False,train,system,natural_slot,36,15,17,35,False
qwen3.5-9b,fitting,56ad48744625,xstest_safe,False,train,user,natural_slot,38,15,28,37,False
qwen3.5-9b,fitting,56ad48744625,xstest_safe,False,train,tool,natural_slot,63,15,51,62,False
qwen3.5-9b,fitting,56ad48744625,xstest_safe,False,train,assistant,natural_slot,51,15,41,50,False
qwen3.5-9b,fitting,a050b44f11d9,alpaca,False,train,system,fixed_slot,28,7,9,27,False
qwen3.5-9b,fitting,a050b44f11d9,alpaca,False,train,user,fixed_slot,39,7,29,38,True
qwen3.5-9b,fitting,a050b44f11d9,alpaca,False,train,tool,fixed_slot,43,7,31,42,True
qwen3.5-9b,fitting,a050b44f11d9,alpaca,False,train,assistant,fixed_slot,43,7,33,42,True
qwen3.5-9b,fitting,a050b44f11d9,alpaca,False,train,system,natural_slot,28,7,9,27,False
qwen3.5-9b,fitting,a050b44f11d9,alpaca,False,train,user,natural_slot,30,7,20,29,False
qwen3.5-9b,fitting,a050b44f11d9,alpaca,False,train,tool,natural_slot,55,7,43,54,False
qwen3.5-9b,fitting,a050b44f11d9,alpaca,False,train,assistant,natural_slot,43,7,33,42,False
qwen3.5-9b,fitting,61ea3427ea0f,xstest_safe,False,train,system,fixed_slot,31,10,12,30,False
qwen3.5-9b,fitting,61ea3427ea0f,xstest_safe,False,train,user,fixed_slot,42,10,32,41,True
qwen3.5-9b,fitting,61ea3427ea0f,xstest_safe,False,train,tool,fixed_slot,46,10,34,45,True
qwen3.5-9b,fitting,61ea3427ea0f,xstest_safe,False,train,assistant,fixed_slot,46,10,36,45,True
qwen3.5-9b,fitting,61ea3427ea0f,xstest_safe,False,train,system,natural_slot,31,10,12,30,False
qwen3.5-9b,fitting,61ea3427ea0f,xstest_safe,False,train,user,natural_slot,33,10,23,32,False
qwen3.5-9b,fitting,61ea3427ea0f,xstest_safe,False,train,tool,natural_slot,58,10,46,57,False
qwen3.5-9b,fitting,61ea3427ea0f,xstest_safe,False,train,assistant,natural_slot,46,10,36,45,False
qwen3.5-9b,fitting,fe4f6850ef74,alpaca,False,train,system,fixed_slot,30,9,11,29,False
qwen3.5-9b,fitting,fe4f6850ef74,alpaca,False,train,user,fixed_slot,41,9,31,40,True
qwen3.5-9b,fitting,fe4f6850ef74,alpaca,False,train,tool,fixed_slot,45,9,33,44,True
qwen3.5-9b,fitting,fe4f6850ef74,alpaca,False,train,assistant,fixed_slot,45,9,35,44,True
qwen3.5-9b,fitting,fe4f6850ef74,alpaca,False,train,system,natural_slot,30,9,11,29,False
qwen3.5-9b,fitting,fe4f6850ef74,alpaca,False,train,user,natural_slot,32,9,22,31,False
qwen3.5-9b,fitting,fe4f6850ef74,alpaca,False,train,tool,natural_slot,57,9,45,56,False
qwen3.5-9b,fitting,fe4f6850ef74,alpaca,False,train,assistant,natural_slot,45,9,35,44,False
qwen3.5-9b,fitting,9833e11581a7,xstest_safe,False,train,system,fixed_slot,31,10,12,30,False
qwen3.5-9b,fitting,9833e11581a7,xstest_safe,False,train,user,fixed_slot,42,10,32,41,True
qwen3.5-9b,fitting,9833e11581a7,xstest_safe,False,train,tool,fixed_slot,46,10,34,45,True
qwen3.5-9b,fitting,9833e11581a7,xstest_safe,False,train,assistant,fixed_slot,46,10,36,45,True
qwen3.5-9b,fitting,9833e11581a7,xstest_safe,False,train,system,natural_slot,31,10,12,30,False
qwen3.5-9b,fitting,9833e11581a7,xstest_safe,False,train,user,natural_slot,33,10,23,32,False
qwen3.5-9b,fitting,9833e11581a7,xstest_safe,False,train,tool,natural_slot,58,10,46,57,False
qwen3.5-9b,fitting,9833e11581a7,xstest_safe,False,train,assistant,natural_slot,46,10,36,45,False
qwen3.5-9b,fitting,1dfa132316ea,alpaca,False,train,system,fixed_slot,41,20,22,40,False
qwen3.5-9b,fitting,1dfa132316ea,alpaca,False,train,user,fixed_slot,52,20,42,51,True
qwen3.5-9b,fitting,1dfa132316ea,alpaca,False,train,tool,fixed_slot,56,20,44,55,True
qwen3.5-9b,fitting,1dfa132316ea,alpaca,False,train,assistant,fixed_slot,56,20,46,55,True
qwen3.5-9b,fitting,1dfa132316ea,alpaca,False,train,system,natural_slot,41,20,22,40,False
qwen3.5-9b,fitting,1dfa132316ea,alpaca,False,train,user,natural_slot,43,20,33,42,False
qwen3.5-9b,fitting,1dfa132316ea,alpaca,False,train,tool,natural_slot,68,20,56,67,False
qwen3.5-9b,fitting,1dfa132316ea,alpaca,False,train,assistant,natural_slot,56,20,46,55,False
qwen3.5-9b,fitting,580924d6e26c,xstest_safe,False,train,system,fixed_slot,29,8,10,28,False
qwen3.5-9b,fitting,580924d6e26c,xstest_safe,False,train,user,fixed_slot,40,8,30,39,True
qwen3.5-9b,fitting,580924d6e26c,xstest_safe,False,train,tool,fixed_slot,44,8,32,43,True
qwen3.5-9b,fitting,580924d6e26c,xstest_safe,False,train,assistant,fixed_slot,44,8,34,43,True
qwen3.5-9b,fitting,580924d6e26c,xstest_safe,False,train,system,natural_slot,29,8,10,28,False
qwen3.5-9b,fitting,580924d6e26c,xstest_safe,False,train,user,natural_slot,31,8,21,30,False
qwen3.5-9b,fitting,580924d6e26c,xstest_safe,False,train,tool,natural_slot,56,8,44,55,False
qwen3.5-9b,fitting,580924d6e26c,xstest_safe,False,train,assistant,natural_slot,44,8,34,43,False
qwen3.5-9b,fitting,ebfd8ca30dde,alpaca,False,train,system,fixed_slot,39,18,20,38,False
qwen3.5-9b,fitting,ebfd8ca30dde,alpaca,False,train,user,fixed_slot,50,18,40,49,True
qwen3.5-9b,fitting,ebfd8ca30dde,alpaca,False,train,tool,fixed_slot,54,18,42,53,True
qwen3.5-9b,fitting,ebfd8ca30dde,alpaca,False,train,assistant,fixed_slot,54,18,44,53,True
qwen3.5-9b,fitting,ebfd8ca30dde,alpaca,False,train,system,natural_slot,39,18,20,38,False
qwen3.5-9b,fitting,ebfd8ca30dde,alpaca,False,train,user,natural_slot,41,18,31,40,False
qwen3.5-9b,fitting,ebfd8ca30dde,alpaca,False,train,tool,natural_slot,66,18,54,65,False
qwen3.5-9b,fitting,ebfd8ca30dde,alpaca,False,train,assistant,natural_slot,54,18,44,53,False
qwen3.5-9b,fitting,b2022bb29633,xstest_safe,False,train,system,fixed_slot,34,13,15,33,False
qwen3.5-9b,fitting,b2022bb29633,xstest_safe,False,train,user,fixed_slot,45,13,35,44,True
qwen3.5-9b,fitting,b2022bb29633,xstest_safe,False,train,tool,fixed_slot,49,13,37,48,True
qwen3.5-9b,fitting,b2022bb29633,xstest_safe,False,train,assistant,fixed_slot,49,13,39,48,True
qwen3.5-9b,fitting,b2022bb29633,xstest_safe,False,train,system,natural_slot,34,13,15,33,False
qwen3.5-9b,fitting,b2022bb29633,xstest_safe,False,train,user,natural_slot,36,13,26,35,False
qwen3.5-9b,fitting,b2022bb29633,xstest_safe,False,train,tool,natural_slot,61,13,49,60,False
qwen3.5-9b,fitting,b2022bb29633,xstest_safe,False,train,assistant,natural_slot,49,13,39,48,False
qwen3.5-9b,fitting,453d8db18509,alpaca,False,train,system,fixed_slot,40,19,21,39,False
qwen3.5-9b,fitting,453d8db18509,alpaca,False,train,user,fixed_slot,51,19,41,50,True
qwen3.5-9b,fitting,453d8db18509,alpaca,False,train,tool,fixed_slot,55,19,43,54,True
qwen3.5-9b,fitting,453d8db18509,alpaca,False,train,assistant,fixed_slot,55,19,45,54,True
qwen3.5-9b,fitting,453d8db18509,alpaca,False,train,system,natural_slot,40,19,21,39,False
qwen3.5-9b,fitting,453d8db18509,alpaca,False,train,user,natural_slot,42,19,32,41,False
qwen3.5-9b,fitting,453d8db18509,alpaca,False,train,tool,natural_slot,67,19,55,66,False
qwen3.5-9b,fitting,453d8db18509,alpaca,False,train,assistant,natural_slot,55,19,45,54,False
qwen3.5-9b,fitting,bcae9046f25e,xstest_safe,False,train,system,fixed_slot,32,11,13,31,False
qwen3.5-9b,fitting,bcae9046f25e,xstest_safe,False,train,user,fixed_slot,43,11,33,42,True
qwen3.5-9b,fitting,bcae9046f25e,xstest_safe,False,train,tool,fixed_slot,47,11,35,46,True
qwen3.5-9b,fitting,bcae9046f25e,xstest_safe,False,train,assistant,fixed_slot,47,11,37,46,True
qwen3.5-9b,fitting,bcae9046f25e,xstest_safe,False,train,system,natural_slot,32,11,13,31,False
qwen3.5-9b,fitting,bcae9046f25e,xstest_safe,False,train,user,natural_slot,34,11,24,33,False
qwen3.5-9b,fitting,bcae9046f25e,xstest_safe,False,train,tool,natural_slot,59,11,47,58,False
qwen3.5-9b,fitting,bcae9046f25e,xstest_safe,False,train,assistant,natural_slot,47,11,37,46,False
qwen3.5-9b,fitting,d810afdc5a8c,alpaca,False,train,system,fixed_slot,34,13,15,33,False
qwen3.5-9b,fitting,d810afdc5a8c,alpaca,False,train,user,fixed_slot,45,13,35,44,True
qwen3.5-9b,fitting,d810afdc5a8c,alpaca,False,train,tool,fixed_slot,49,13,37,48,True
qwen3.5-9b,fitting,d810afdc5a8c,alpaca,False,train,assistant,fixed_slot,49,13,39,48,True
qwen3.5-9b,fitting,d810afdc5a8c,alpaca,False,train,system,natural_slot,34,13,15,33,False
qwen3.5-9b,fitting,d810afdc5a8c,alpaca,False,train,user,natural_slot,36,13,26,35,False
qwen3.5-9b,fitting,d810afdc5a8c,alpaca,False,train,tool,natural_slot,61,13,49,60,False
qwen3.5-9b,fitting,d810afdc5a8c,alpaca,False,train,assistant,natural_slot,49,13,39,48,False
qwen3.5-9b,fitting,0b155758a6a4,xstest_safe,False,train,system,fixed_slot,33,12,14,32,False
qwen3.5-9b,fitting,0b155758a6a4,xstest_safe,False,train,user,fixed_slot,44,12,34,43,True
qwen3.5-9b,fitting,0b155758a6a4,xstest_safe,False,train,tool,fixed_slot,48,12,36,47,True
qwen3.5-9b,fitting,0b155758a6a4,xstest_safe,False,train,assistant,fixed_slot,48,12,38,47,True
qwen3.5-9b,fitting,0b155758a6a4,xstest_safe,False,train,system,natural_slot,33,12,14,32,False
qwen3.5-9b,fitting,0b155758a6a4,xstest_safe,False,train,user,natural_slot,35,12,25,34,False
qwen3.5-9b,fitting,0b155758a6a4,xstest_safe,False,train,tool,natural_slot,60,12,48,59,False
qwen3.5-9b,fitting,0b155758a6a4,xstest_safe,False,train,assistant,natural_slot,48,12,38,47,False
qwen3.5-9b,fitting,46a4f044baca,alpaca,False,train,system,fixed_slot,44,23,25,43,False
qwen3.5-9b,fitting,46a4f044baca,alpaca,False,train,user,fixed_slot,55,23,45,54,True
qwen3.5-9b,fitting,46a4f044baca,alpaca,False,train,tool,fixed_slot,59,23,47,58,True
qwen3.5-9b,fitting,46a4f044baca,alpaca,False,train,assistant,fixed_slot,59,23,49,58,True
qwen3.5-9b,fitting,46a4f044baca,alpaca,False,train,system,natural_slot,44,23,25,43,False
qwen3.5-9b,fitting,46a4f044baca,alpaca,False,train,user,natural_slot,46,23,36,45,False
qwen3.5-9b,fitting,46a4f044baca,alpaca,False,train,tool,natural_slot,71,23,59,70,False
qwen3.5-9b,fitting,46a4f044baca,alpaca,False,train,assistant,natural_slot,59,23,49,58,False
qwen3.5-9b,fitting,0494e0c63435,xstest_safe,False,test,system,fixed_slot,30,9,11,29,False
qwen3.5-9b,fitting,0494e0c63435,xstest_safe,False,test,user,fixed_slot,41,9,31,40,True
qwen3.5-9b,fitting,0494e0c63435,xstest_safe,False,test,tool,fixed_slot,45,9,33,44,True
qwen3.5-9b,fitting,0494e0c63435,xstest_safe,False,test,assistant,fixed_slot,45,9,35,44,True
qwen3.5-9b,fitting,0494e0c63435,xstest_safe,False,test,system,natural_slot,30,9,11,29,False
qwen3.5-9b,fitting,0494e0c63435,xstest_safe,False,test,user,natural_slot,32,9,22,31,False
qwen3.5-9b,fitting,0494e0c63435,xstest_safe,False,test,tool,natural_slot,57,9,45,56,False
qwen3.5-9b,fitting,0494e0c63435,xstest_safe,False,test,assistant,natural_slot,45,9,35,44,False
qwen3.5-9b,fitting,e15f5071d7a2,alpaca,False,test,system,fixed_slot,33,12,14,32,False
qwen3.5-9b,fitting,e15f5071d7a2,alpaca,False,test,user,fixed_slot,44,12,34,43,True
qwen3.5-9b,fitting,e15f5071d7a2,alpaca,False,test,tool,fixed_slot,48,12,36,47,True
qwen3.5-9b,fitting,e15f5071d7a2,alpaca,False,test,assistant,fixed_slot,48,12,38,47,True
qwen3.5-9b,fitting,e15f5071d7a2,alpaca,False,test,system,natural_slot,33,12,14,32,False
qwen3.5-9b,fitting,e15f5071d7a2,alpaca,False,test,user,natural_slot,35,12,25,34,False
qwen3.5-9b,fitting,e15f5071d7a2,alpaca,False,test,tool,natural_slot,60,12,48,59,False
qwen3.5-9b,fitting,e15f5071d7a2,alpaca,False,test,assistant,natural_slot,48,12,38,47,False
qwen3.5-9b,fitting,01ea610ce668,xstest_safe,False,train,system,fixed_slot,27,6,8,26,False
qwen3.5-9b,fitting,01ea610ce668,xstest_safe,False,train,user,fixed_slot,38,6,28,37,True
qwen3.5-9b,fitting,01ea610ce668,xstest_safe,False,train,tool,fixed_slot,42,6,30,41,True
qwen3.5-9b,fitting,01ea610ce668,xstest_safe,False,train,assistant,fixed_slot,42,6,32,41,True
qwen3.5-9b,fitting,01ea610ce668,xstest_safe,False,train,system,natural_slot,27,6,8,26,False
qwen3.5-9b,fitting,01ea610ce668,xstest_safe,False,train,user,natural_slot,29,6,19,28,False
qwen3.5-9b,fitting,01ea610ce668,xstest_safe,False,train,tool,natural_slot,54,6,42,53,False
qwen3.5-9b,fitting,01ea610ce668,xstest_safe,False,train,assistant,natural_slot,42,6,32,41,False
qwen3.5-9b,fitting,9f38c2f5a42e,alpaca,False,test,system,fixed_slot,34,13,15,33,False
qwen3.5-9b,fitting,9f38c2f5a42e,alpaca,False,test,user,fixed_slot,45,13,35,44,True
qwen3.5-9b,fitting,9f38c2f5a42e,alpaca,False,test,tool,fixed_slot,49,13,37,48,True
qwen3.5-9b,fitting,9f38c2f5a42e,alpaca,False,test,assistant,fixed_slot,49,13,39,48,True
qwen3.5-9b,fitting,9f38c2f5a42e,alpaca,False,test,system,natural_slot,34,13,15,33,False
qwen3.5-9b,fitting,9f38c2f5a42e,alpaca,False,test,user,natural_slot,36,13,26,35,False
qwen3.5-9b,fitting,9f38c2f5a42e,alpaca,False,test,tool,natural_slot,61,13,49,60,False
qwen3.5-9b,fitting,9f38c2f5a42e,alpaca,False,test,assistant,natural_slot,49,13,39,48,False
qwen3.5-9b,fitting,148ce50a7b74,xstest_safe,False,train,system,fixed_slot,30,9,11,29,False
qwen3.5-9b,fitting,148ce50a7b74,xstest_safe,False,train,user,fixed_slot,41,9,31,40,True
qwen3.5-9b,fitting,148ce50a7b74,xstest_safe,False,train,tool,fixed_slot,45,9,33,44,True
qwen3.5-9b,fitting,148ce50a7b74,xstest_safe,False,train,assistant,fixed_slot,45,9,35,44,True
qwen3.5-9b,fitting,148ce50a7b74,xstest_safe,False,train,system,natural_slot,30,9,11,29,False
qwen3.5-9b,fitting,148ce50a7b74,xstest_safe,False,train,user,natural_slot,32,9,22,31,False
qwen3.5-9b,fitting,148ce50a7b74,xstest_safe,False,train,tool,natural_slot,57,9,45,56,False
qwen3.5-9b,fitting,148ce50a7b74,xstest_safe,False,train,assistant,natural_slot,45,9,35,44,False
qwen3.5-9b,fitting,04921ea727be,alpaca,False,train,system,fixed_slot,32,11,13,31,False
qwen3.5-9b,fitting,04921ea727be,alpaca,False,train,user,fixed_slot,43,11,33,42,True
qwen3.5-9b,fitting,04921ea727be,alpaca,False,train,tool,fixed_slot,47,11,35,46,True
qwen3.5-9b,fitting,04921ea727be,alpaca,False,train,assistant,fixed_slot,47,11,37,46,True
qwen3.5-9b,fitting,04921ea727be,alpaca,False,train,system,natural_slot,32,11,13,31,False
qwen3.5-9b,fitting,04921ea727be,alpaca,False,train,user,natural_slot,34,11,24,33,False
qwen3.5-9b,fitting,04921ea727be,alpaca,False,train,tool,natural_slot,59,11,47,58,False
qwen3.5-9b,fitting,04921ea727be,alpaca,False,train,assistant,natural_slot,47,11,37,46,False
qwen3.5-9b,fitting,ea3890f41abb,xstest_safe,False,test,system,fixed_slot,34,13,15,33,False
qwen3.5-9b,fitting,ea3890f41abb,xstest_safe,False,test,user,fixed_slot,45,13,35,44,True
qwen3.5-9b,fitting,ea3890f41abb,xstest_safe,False,test,tool,fixed_slot,49,13,37,48,True
qwen3.5-9b,fitting,ea3890f41abb,xstest_safe,False,test,assistant,fixed_slot,49,13,39,48,True
qwen3.5-9b,fitting,ea3890f41abb,xstest_safe,False,test,system,natural_slot,34,13,15,33,False
qwen3.5-9b,fitting,ea3890f41abb,xstest_safe,False,test,user,natural_slot,36,13,26,35,False
qwen3.5-9b,fitting,ea3890f41abb,xstest_safe,False,test,tool,natural_slot,61,13,49,60,False
qwen3.5-9b,fitting,ea3890f41abb,xstest_safe,False,test,assistant,natural_slot,49,13,39,48,False
qwen3.5-9b,fitting,085f177a6f09,alpaca,False,train,system,fixed_slot,29,8,10,28,False
qwen3.5-9b,fitting,085f177a6f09,alpaca,False,train,user,fixed_slot,40,8,30,39,True
qwen3.5-9b,fitting,085f177a6f09,alpaca,False,train,tool,fixed_slot,44,8,32,43,True
qwen3.5-9b,fitting,085f177a6f09,alpaca,False,train,assistant,fixed_slot,44,8,34,43,True
qwen3.5-9b,fitting,085f177a6f09,alpaca,False,train,system,natural_slot,29,8,10,28,False
qwen3.5-9b,fitting,085f177a6f09,alpaca,False,train,user,natural_slot,31,8,21,30,False
qwen3.5-9b,fitting,085f177a6f09,alpaca,False,train,tool,natural_slot,56,8,44,55,False
qwen3.5-9b,fitting,085f177a6f09,alpaca,False,train,assistant,natural_slot,44,8,34,43,False
qwen3.5-9b,fitting,baf79b64e8db,xstest_safe,False,train,system,fixed_slot,30,9,11,29,False
qwen3.5-9b,fitting,baf79b64e8db,xstest_safe,False,train,user,fixed_slot,41,9,31,40,True
qwen3.5-9b,fitting,baf79b64e8db,xstest_safe,False,train,tool,fixed_slot,45,9,33,44,True
qwen3.5-9b,fitting,baf79b64e8db,xstest_safe,False,train,assistant,fixed_slot,45,9,35,44,True
qwen3.5-9b,fitting,baf79b64e8db,xstest_safe,False,train,system,natural_slot,30,9,11,29,False
qwen3.5-9b,fitting,baf79b64e8db,xstest_safe,False,train,user,natural_slot,32,9,22,31,False
qwen3.5-9b,fitting,baf79b64e8db,xstest_safe,False,train,tool,natural_slot,57,9,45,56,False
qwen3.5-9b,fitting,baf79b64e8db,xstest_safe,False,train,assistant,natural_slot,45,9,35,44,False
qwen3.5-9b,fitting,f274129d147b,alpaca,False,train,system,fixed_slot,28,7,9,27,False
qwen3.5-9b,fitting,f274129d147b,alpaca,False,train,user,fixed_slot,39,7,29,38,True
qwen3.5-9b,fitting,f274129d147b,alpaca,False,train,tool,fixed_slot,43,7,31,42,True
qwen3.5-9b,fitting,f274129d147b,alpaca,False,train,assistant,fixed_slot,43,7,33,42,True
qwen3.5-9b,fitting,f274129d147b,alpaca,False,train,system,natural_slot,28,7,9,27,False
qwen3.5-9b,fitting,f274129d147b,alpaca,False,train,user,natural_slot,30,7,20,29,False
qwen3.5-9b,fitting,f274129d147b,alpaca,False,train,tool,natural_slot,55,7,43,54,False
qwen3.5-9b,fitting,f274129d147b,alpaca,False,train,assistant,natural_slot,43,7,33,42,False
qwen3.5-9b,fitting,5efbdd1093e8,xstest_safe,False,train,system,fixed_slot,33,12,14,32,False
qwen3.5-9b,fitting,5efbdd1093e8,xstest_safe,False,train,user,fixed_slot,44,12,34,43,True
qwen3.5-9b,fitting,5efbdd1093e8,xstest_safe,False,train,tool,fixed_slot,48,12,36,47,True
qwen3.5-9b,fitting,5efbdd1093e8,xstest_safe,False,train,assistant,fixed_slot,48,12,38,47,True
qwen3.5-9b,fitting,5efbdd1093e8,xstest_safe,False,train,system,natural_slot,33,12,14,32,False
qwen3.5-9b,fitting,5efbdd1093e8,xstest_safe,False,train,user,natural_slot,35,12,25,34,False
qwen3.5-9b,fitting,5efbdd1093e8,xstest_safe,False,train,tool,natural_slot,60,12,48,59,False
qwen3.5-9b,fitting,5efbdd1093e8,xstest_safe,False,train,assistant,natural_slot,48,12,38,47,False
qwen3.5-9b,fitting,4050cd512447,alpaca,False,train,system,fixed_slot,32,11,13,31,False
qwen3.5-9b,fitting,4050cd512447,alpaca,False,train,user,fixed_slot,43,11,33,42,True
qwen3.5-9b,fitting,4050cd512447,alpaca,False,train,tool,fixed_slot,47,11,35,46,True
qwen3.5-9b,fitting,4050cd512447,alpaca,False,train,assistant,fixed_slot,47,11,37,46,True
qwen3.5-9b,fitting,4050cd512447,alpaca,False,train,system,natural_slot,32,11,13,31,False
qwen3.5-9b,fitting,4050cd512447,alpaca,False,train,user,natural_slot,34,11,24,33,False
qwen3.5-9b,fitting,4050cd512447,alpaca,False,train,tool,natural_slot,59,11,47,58,False
qwen3.5-9b,fitting,4050cd512447,alpaca,False,train,assistant,natural_slot,47,11,37,46,False
qwen3.5-9b,fitting,b7dad19d76d4,xstest_safe,False,test,system,fixed_slot,33,12,14,32,False
qwen3.5-9b,fitting,b7dad19d76d4,xstest_safe,False,test,user,fixed_slot,44,12,34,43,True
qwen3.5-9b,fitting,b7dad19d76d4,xstest_safe,False,test,tool,fixed_slot,48,12,36,47,True
qwen3.5-9b,fitting,b7dad19d76d4,xstest_safe,False,test,assistant,fixed_slot,48,12,38,47,True
qwen3.5-9b,fitting,b7dad19d76d4,xstest_safe,False,test,system,natural_slot,33,12,14,32,False
qwen3.5-9b,fitting,b7dad19d76d4,xstest_safe,False,test,user,natural_slot,35,12,25,34,False
qwen3.5-9b,fitting,b7dad19d76d4,xstest_safe,False,test,tool,natural_slot,60,12,48,59,False
qwen3.5-9b,fitting,b7dad19d76d4,xstest_safe,False,test,assistant,natural_slot,48,12,38,47,False
qwen3.5-9b,fitting,0bb84e8dcb79,alpaca,False,train,system,fixed_slot,34,13,15,33,False
qwen3.5-9b,fitting,0bb84e8dcb79,alpaca,False,train,user,fixed_slot,45,13,35,44,True
qwen3.5-9b,fitting,0bb84e8dcb79,alpaca,False,train,tool,fixed_slot,49,13,37,48,True
qwen3.5-9b,fitting,0bb84e8dcb79,alpaca,False,train,assistant,fixed_slot,49,13,39,48,True
qwen3.5-9b,fitting,0bb84e8dcb79,alpaca,False,train,system,natural_slot,34,13,15,33,False
qwen3.5-9b,fitting,0bb84e8dcb79,alpaca,False,train,user,natural_slot,36,13,26,35,False
qwen3.5-9b,fitting,0bb84e8dcb79,alpaca,False,train,tool,natural_slot,61,13,49,60,False
qwen3.5-9b,fitting,0bb84e8dcb79,alpaca,False,train,assistant,natural_slot,49,13,39,48,False
qwen3.5-9b,fitting,973fd049977e,xstest_safe,False,train,system,fixed_slot,31,10,12,30,False
qwen3.5-9b,fitting,973fd049977e,xstest_safe,False,train,user,fixed_slot,42,10,32,41,True
qwen3.5-9b,fitting,973fd049977e,xstest_safe,False,train,tool,fixed_slot,46,10,34,45,True
qwen3.5-9b,fitting,973fd049977e,xstest_safe,False,train,assistant,fixed_slot,46,10,36,45,True
qwen3.5-9b,fitting,973fd049977e,xstest_safe,False,train,system,natural_slot,31,10,12,30,False
qwen3.5-9b,fitting,973fd049977e,xstest_safe,False,train,user,natural_slot,33,10,23,32,False
qwen3.5-9b,fitting,973fd049977e,xstest_safe,False,train,tool,natural_slot,58,10,46,57,False
qwen3.5-9b,fitting,973fd049977e,xstest_safe,False,train,assistant,natural_slot,46,10,36,45,False
qwen3.5-9b,fitting,78fb743430bd,alpaca,False,train,system,fixed_slot,31,10,12,30,False
qwen3.5-9b,fitting,78fb743430bd,alpaca,False,train,user,fixed_slot,42,10,32,41,True
qwen3.5-9b,fitting,78fb743430bd,alpaca,False,train,tool,fixed_slot,46,10,34,45,True
qwen3.5-9b,fitting,78fb743430bd,alpaca,False,train,assistant,fixed_slot,46,10,36,45,True
qwen3.5-9b,fitting,78fb743430bd,alpaca,False,train,system,natural_slot,31,10,12,30,False
qwen3.5-9b,fitting,78fb743430bd,alpaca,False,train,user,natural_slot,33,10,23,32,False
qwen3.5-9b,fitting,78fb743430bd,alpaca,False,train,tool,natural_slot,58,10,46,57,False
qwen3.5-9b,fitting,78fb743430bd,alpaca,False,train,assistant,natural_slot,46,10,36,45,False
qwen3.5-9b,fitting,e6d2b3a643a5,xstest_safe,False,test,system,fixed_slot,33,12,14,32,False
qwen3.5-9b,fitting,e6d2b3a643a5,xstest_safe,False,test,user,fixed_slot,44,12,34,43,True
qwen3.5-9b,fitting,e6d2b3a643a5,xstest_safe,False,test,tool,fixed_slot,48,12,36,47,True
qwen3.5-9b,fitting,e6d2b3a643a5,xstest_safe,False,test,assistant,fixed_slot,48,12,38,47,True
qwen3.5-9b,fitting,e6d2b3a643a5,xstest_safe,False,test,system,natural_slot,33,12,14,32,False
qwen3.5-9b,fitting,e6d2b3a643a5,xstest_safe,False,test,user,natural_slot,35,12,25,34,False
qwen3.5-9b,fitting,e6d2b3a643a5,xstest_safe,False,test,tool,natural_slot,60,12,48,59,False
qwen3.5-9b,fitting,e6d2b3a643a5,xstest_safe,False,test,assistant,natural_slot,48,12,38,47,False
qwen3.5-9b,fitting,3fe2b2789ed2,alpaca,False,train,system,fixed_slot,29,8,10,28,False
qwen3.5-9b,fitting,3fe2b2789ed2,alpaca,False,train,user,fixed_slot,40,8,30,39,True
qwen3.5-9b,fitting,3fe2b2789ed2,alpaca,False,train,tool,fixed_slot,44,8,32,43,True
qwen3.5-9b,fitting,3fe2b2789ed2,alpaca,False,train,assistant,fixed_slot,44,8,34,43,True
qwen3.5-9b,fitting,3fe2b2789ed2,alpaca,False,train,system,natural_slot,29,8,10,28,False
qwen3.5-9b,fitting,3fe2b2789ed2,alpaca,False,train,user,natural_slot,31,8,21,30,False
qwen3.5-9b,fitting,3fe2b2789ed2,alpaca,False,train,tool,natural_slot,56,8,44,55,False
qwen3.5-9b,fitting,3fe2b2789ed2,alpaca,False,train,assistant,natural_slot,44,8,34,43,False
qwen3.5-9b,fitting,05b440261177,xstest_safe,False,train,system,fixed_slot,35,14,16,34,False
qwen3.5-9b,fitting,05b440261177,xstest_safe,False,train,user,fixed_slot,46,14,36,45,True
qwen3.5-9b,fitting,05b440261177,xstest_safe,False,train,tool,fixed_slot,50,14,38,49,True
qwen3.5-9b,fitting,05b440261177,xstest_safe,False,train,assistant,fixed_slot,50,14,40,49,True
qwen3.5-9b,fitting,05b440261177,xstest_safe,False,train,system,natural_slot,35,14,16,34,False
qwen3.5-9b,fitting,05b440261177,xstest_safe,False,train,user,natural_slot,37,14,27,36,False
qwen3.5-9b,fitting,05b440261177,xstest_safe,False,train,tool,natural_slot,62,14,50,61,False
qwen3.5-9b,fitting,05b440261177,xstest_safe,False,train,assistant,natural_slot,50,14,40,49,False
qwen3.5-9b,fitting,21388db0da1f,alpaca,False,train,system,fixed_slot,29,8,10,28,False
qwen3.5-9b,fitting,21388db0da1f,alpaca,False,train,user,fixed_slot,40,8,30,39,True
qwen3.5-9b,fitting,21388db0da1f,alpaca,False,train,tool,fixed_slot,44,8,32,43,True
qwen3.5-9b,fitting,21388db0da1f,alpaca,False,train,assistant,fixed_slot,44,8,34,43,True
qwen3.5-9b,fitting,21388db0da1f,alpaca,False,train,system,natural_slot,29,8,10,28,False
qwen3.5-9b,fitting,21388db0da1f,alpaca,False,train,user,natural_slot,31,8,21,30,False
qwen3.5-9b,fitting,21388db0da1f,alpaca,False,train,tool,natural_slot,56,8,44,55,False
qwen3.5-9b,fitting,21388db0da1f,alpaca,False,train,assistant,natural_slot,44,8,34,43,False
qwen3.5-9b,fitting,1392fc223d84,xstest_safe,False,test,system,fixed_slot,25,4,6,24,False
qwen3.5-9b,fitting,1392fc223d84,xstest_safe,False,test,user,fixed_slot,36,4,26,35,True
qwen3.5-9b,fitting,1392fc223d84,xstest_safe,False,test,tool,fixed_slot,40,4,28,39,True
qwen3.5-9b,fitting,1392fc223d84,xstest_safe,False,test,assistant,fixed_slot,40,4,30,39,True
qwen3.5-9b,fitting,1392fc223d84,xstest_safe,False,test,system,natural_slot,25,4,6,24,False
qwen3.5-9b,fitting,1392fc223d84,xstest_safe,False,test,user,natural_slot,27,4,17,26,False
qwen3.5-9b,fitting,1392fc223d84,xstest_safe,False,test,tool,natural_slot,52,4,40,51,False
qwen3.5-9b,fitting,1392fc223d84,xstest_safe,False,test,assistant,natural_slot,40,4,30,39,False
qwen3.5-9b,fitting,3070a5b0313e,alpaca,False,train,system,fixed_slot,27,6,8,26,False
qwen3.5-9b,fitting,3070a5b0313e,alpaca,False,train,user,fixed_slot,38,6,28,37,True
qwen3.5-9b,fitting,3070a5b0313e,alpaca,False,train,tool,fixed_slot,42,6,30,41,True
qwen3.5-9b,fitting,3070a5b0313e,alpaca,False,train,assistant,fixed_slot,42,6,32,41,True
qwen3.5-9b,fitting,3070a5b0313e,alpaca,False,train,system,natural_slot,27,6,8,26,False
qwen3.5-9b,fitting,3070a5b0313e,alpaca,False,train,user,natural_slot,29,6,19,28,False
qwen3.5-9b,fitting,3070a5b0313e,alpaca,False,train,tool,natural_slot,54,6,42,53,False
qwen3.5-9b,fitting,3070a5b0313e,alpaca,False,train,assistant,natural_slot,42,6,32,41,False
qwen3.5-9b,fitting,04f52fb4f9aa,xstest_safe,False,train,system,fixed_slot,31,10,12,30,False
qwen3.5-9b,fitting,04f52fb4f9aa,xstest_safe,False,train,user,fixed_slot,42,10,32,41,True
qwen3.5-9b,fitting,04f52fb4f9aa,xstest_safe,False,train,tool,fixed_slot,46,10,34,45,True
qwen3.5-9b,fitting,04f52fb4f9aa,xstest_safe,False,train,assistant,fixed_slot,46,10,36,45,True
qwen3.5-9b,fitting,04f52fb4f9aa,xstest_safe,False,train,system,natural_slot,31,10,12,30,False
qwen3.5-9b,fitting,04f52fb4f9aa,xstest_safe,False,train,user,natural_slot,33,10,23,32,False
qwen3.5-9b,fitting,04f52fb4f9aa,xstest_safe,False,train,tool,natural_slot,58,10,46,57,False
qwen3.5-9b,fitting,04f52fb4f9aa,xstest_safe,False,train,assistant,natural_slot,46,10,36,45,False
qwen3.5-9b,fitting,b36c23723a40,alpaca,False,test,system,fixed_slot,51,30,32,50,False
qwen3.5-9b,fitting,b36c23723a40,alpaca,False,test,user,fixed_slot,62,30,52,61,True
qwen3.5-9b,fitting,b36c23723a40,alpaca,False,test,tool,fixed_slot,66,30,54,65,True
qwen3.5-9b,fitting,b36c23723a40,alpaca,False,test,assistant,fixed_slot,66,30,56,65,True
qwen3.5-9b,fitting,b36c23723a40,alpaca,False,test,system,natural_slot,51,30,32,50,False
qwen3.5-9b,fitting,b36c23723a40,alpaca,False,test,user,natural_slot,53,30,43,52,False
qwen3.5-9b,fitting,b36c23723a40,alpaca,False,test,tool,natural_slot,78,30,66,77,False
qwen3.5-9b,fitting,b36c23723a40,alpaca,False,test,assistant,natural_slot,66,30,56,65,False
qwen3.5-9b,fitting,a899278c2d01,xstest_safe,False,train,system,fixed_slot,32,11,13,31,False
qwen3.5-9b,fitting,a899278c2d01,xstest_safe,False,train,user,fixed_slot,43,11,33,42,True
qwen3.5-9b,fitting,a899278c2d01,xstest_safe,False,train,tool,fixed_slot,47,11,35,46,True
qwen3.5-9b,fitting,a899278c2d01,xstest_safe,False,train,assistant,fixed_slot,47,11,37,46,True
qwen3.5-9b,fitting,a899278c2d01,xstest_safe,False,train,system,natural_slot,32,11,13,31,False
qwen3.5-9b,fitting,a899278c2d01,xstest_safe,False,train,user,natural_slot,34,11,24,33,False
qwen3.5-9b,fitting,a899278c2d01,xstest_safe,False,train,tool,natural_slot,59,11,47,58,False
qwen3.5-9b,fitting,a899278c2d01,xstest_safe,False,train,assistant,natural_slot,47,11,37,46,False
qwen3.5-9b,fitting,67048b62e5c9,alpaca,False,train,system,fixed_slot,27,6,8,26,False
qwen3.5-9b,fitting,67048b62e5c9,alpaca,False,train,user,fixed_slot,38,6,28,37,True
qwen3.5-9b,fitting,67048b62e5c9,alpaca,False,train,tool,fixed_slot,42,6,30,41,True
qwen3.5-9b,fitting,67048b62e5c9,alpaca,False,train,assistant,fixed_slot,42,6,32,41,True
qwen3.5-9b,fitting,67048b62e5c9,alpaca,False,train,system,natural_slot,27,6,8,26,False
qwen3.5-9b,fitting,67048b62e5c9,alpaca,False,train,user,natural_slot,29,6,19,28,False
qwen3.5-9b,fitting,67048b62e5c9,alpaca,False,train,tool,natural_slot,54,6,42,53,False
qwen3.5-9b,fitting,67048b62e5c9,alpaca,False,train,assistant,natural_slot,42,6,32,41,False
qwen3.5-9b,fitting,78a941f9883d,xstest_safe,False,train,system,fixed_slot,30,9,11,29,False
qwen3.5-9b,fitting,78a941f9883d,xstest_safe,False,train,user,fixed_slot,41,9,31,40,True
qwen3.5-9b,fitting,78a941f9883d,xstest_safe,False,train,tool,fixed_slot,45,9,33,44,True
qwen3.5-9b,fitting,78a941f9883d,xstest_safe,False,train,assistant,fixed_slot,45,9,35,44,True
qwen3.5-9b,fitting,78a941f9883d,xstest_safe,False,train,system,natural_slot,30,9,11,29,False
qwen3.5-9b,fitting,78a941f9883d,xstest_safe,False,train,user,natural_slot,32,9,22,31,False
qwen3.5-9b,fitting,78a941f9883d,xstest_safe,False,train,tool,natural_slot,57,9,45,56,False
qwen3.5-9b,fitting,78a941f9883d,xstest_safe,False,train,assistant,natural_slot,45,9,35,44,False
qwen3.5-9b,fitting,eadbaf390e11,alpaca,False,train,system,fixed_slot,29,8,10,28,False
qwen3.5-9b,fitting,eadbaf390e11,alpaca,False,train,user,fixed_slot,40,8,30,39,True
qwen3.5-9b,fitting,eadbaf390e11,alpaca,False,train,tool,fixed_slot,44,8,32,43,True
qwen3.5-9b,fitting,eadbaf390e11,alpaca,False,train,assistant,fixed_slot,44,8,34,43,True
qwen3.5-9b,fitting,eadbaf390e11,alpaca,False,train,system,natural_slot,29,8,10,28,False
qwen3.5-9b,fitting,eadbaf390e11,alpaca,False,train,user,natural_slot,31,8,21,30,False
qwen3.5-9b,fitting,eadbaf390e11,alpaca,False,train,tool,natural_slot,56,8,44,55,False
qwen3.5-9b,fitting,eadbaf390e11,alpaca,False,train,assistant,natural_slot,44,8,34,43,False
qwen3.5-9b,fitting,e791c48d79ed,xstest_safe,False,test,system,fixed_slot,32,11,13,31,False
qwen3.5-9b,fitting,e791c48d79ed,xstest_safe,False,test,user,fixed_slot,43,11,33,42,True
qwen3.5-9b,fitting,e791c48d79ed,xstest_safe,False,test,tool,fixed_slot,47,11,35,46,True
qwen3.5-9b,fitting,e791c48d79ed,xstest_safe,False,test,assistant,fixed_slot,47,11,37,46,True
qwen3.5-9b,fitting,e791c48d79ed,xstest_safe,False,test,system,natural_slot,32,11,13,31,False
qwen3.5-9b,fitting,e791c48d79ed,xstest_safe,False,test,user,natural_slot,34,11,24,33,False
qwen3.5-9b,fitting,e791c48d79ed,xstest_safe,False,test,tool,natural_slot,59,11,47,58,False
qwen3.5-9b,fitting,e791c48d79ed,xstest_safe,False,test,assistant,natural_slot,47,11,37,46,False
qwen3.5-9b,fitting,33e48b6429b1,alpaca,False,train,system,fixed_slot,36,15,17,35,False
qwen3.5-9b,fitting,33e48b6429b1,alpaca,False,train,user,fixed_slot,47,15,37,46,True
qwen3.5-9b,fitting,33e48b6429b1,alpaca,False,train,tool,fixed_slot,51,15,39,50,True
qwen3.5-9b,fitting,33e48b6429b1,alpaca,False,train,assistant,fixed_slot,51,15,41,50,True
qwen3.5-9b,fitting,33e48b6429b1,alpaca,False,train,system,natural_slot,36,15,17,35,False
qwen3.5-9b,fitting,33e48b6429b1,alpaca,False,train,user,natural_slot,38,15,28,37,False
qwen3.5-9b,fitting,33e48b6429b1,alpaca,False,train,tool,natural_slot,63,15,51,62,False
qwen3.5-9b,fitting,33e48b6429b1,alpaca,False,train,assistant,natural_slot,51,15,41,50,False
qwen3.5-9b,fitting,90cb020d7055,xstest_safe,False,train,system,fixed_slot,28,7,9,27,False
qwen3.5-9b,fitting,90cb020d7055,xstest_safe,False,train,user,fixed_slot,39,7,29,38,True
qwen3.5-9b,fitting,90cb020d7055,xstest_safe,False,train,tool,fixed_slot,43,7,31,42,True
qwen3.5-9b,fitting,90cb020d7055,xstest_safe,False,train,assistant,fixed_slot,43,7,33,42,True
qwen3.5-9b,fitting,90cb020d7055,xstest_safe,False,train,system,natural_slot,28,7,9,27,False
qwen3.5-9b,fitting,90cb020d7055,xstest_safe,False,train,user,natural_slot,30,7,20,29,False
qwen3.5-9b,fitting,90cb020d7055,xstest_safe,False,train,tool,natural_slot,55,7,43,54,False
qwen3.5-9b,fitting,90cb020d7055,xstest_safe,False,train,assistant,natural_slot,43,7,33,42,False
qwen3.5-9b,fitting,fbee83655bbe,alpaca,False,test,system,fixed_slot,30,9,11,29,False
qwen3.5-9b,fitting,fbee83655bbe,alpaca,False,test,user,fixed_slot,41,9,31,40,True
qwen3.5-9b,fitting,fbee83655bbe,alpaca,False,test,tool,fixed_slot,45,9,33,44,True
qwen3.5-9b,fitting,fbee83655bbe,alpaca,False,test,assistant,fixed_slot,45,9,35,44,True
qwen3.5-9b,fitting,fbee83655bbe,alpaca,False,test,system,natural_slot,30,9,11,29,False
qwen3.5-9b,fitting,fbee83655bbe,alpaca,False,test,user,natural_slot,32,9,22,31,False
qwen3.5-9b,fitting,fbee83655bbe,alpaca,False,test,tool,natural_slot,57,9,45,56,False
qwen3.5-9b,fitting,fbee83655bbe,alpaca,False,test,assistant,natural_slot,45,9,35,44,False
qwen3.5-9b,fitting,f8a7b2f2d908,xstest_safe,False,test,system,fixed_slot,29,8,10,28,False
qwen3.5-9b,fitting,f8a7b2f2d908,xstest_safe,False,test,user,fixed_slot,40,8,30,39,True
qwen3.5-9b,fitting,f8a7b2f2d908,xstest_safe,False,test,tool,fixed_slot,44,8,32,43,True
qwen3.5-9b,fitting,f8a7b2f2d908,xstest_safe,False,test,assistant,fixed_slot,44,8,34,43,True
qwen3.5-9b,fitting,f8a7b2f2d908,xstest_safe,False,test,system,natural_slot,29,8,10,28,False
qwen3.5-9b,fitting,f8a7b2f2d908,xstest_safe,False,test,user,natural_slot,31,8,21,30,False
qwen3.5-9b,fitting,f8a7b2f2d908,xstest_safe,False,test,tool,natural_slot,56,8,44,55,False
qwen3.5-9b,fitting,f8a7b2f2d908,xstest_safe,False,test,assistant,natural_slot,44,8,34,43,False
qwen3.5-9b,fitting,eae39d9e53cb,alpaca,False,train,system,fixed_slot,34,13,15,33,False
qwen3.5-9b,fitting,eae39d9e53cb,alpaca,False,train,user,fixed_slot,45,13,35,44,True
qwen3.5-9b,fitting,eae39d9e53cb,alpaca,False,train,tool,fixed_slot,49,13,37,48,True
qwen3.5-9b,fitting,eae39d9e53cb,alpaca,False,train,assistant,fixed_slot,49,13,39,48,True
qwen3.5-9b,fitting,eae39d9e53cb,alpaca,False,train,system,natural_slot,34,13,15,33,False
qwen3.5-9b,fitting,eae39d9e53cb,alpaca,False,train,user,natural_slot,36,13,26,35,False
qwen3.5-9b,fitting,eae39d9e53cb,alpaca,False,train,tool,natural_slot,61,13,49,60,False
qwen3.5-9b,fitting,eae39d9e53cb,alpaca,False,train,assistant,natural_slot,49,13,39,48,False
qwen3.5-9b,fitting,b2a76c7d4f58,xstest_safe,False,train,system,fixed_slot,34,13,15,33,False
qwen3.5-9b,fitting,b2a76c7d4f58,xstest_safe,False,train,user,fixed_slot,45,13,35,44,True
qwen3.5-9b,fitting,b2a76c7d4f58,xstest_safe,False,train,tool,fixed_slot,49,13,37,48,True
qwen3.5-9b,fitting,b2a76c7d4f58,xstest_safe,False,train,assistant,fixed_slot,49,13,39,48,True
qwen3.5-9b,fitting,b2a76c7d4f58,xstest_safe,False,train,system,natural_slot,34,13,15,33,False
qwen3.5-9b,fitting,b2a76c7d4f58,xstest_safe,False,train,user,natural_slot,36,13,26,35,False
qwen3.5-9b,fitting,b2a76c7d4f58,xstest_safe,False,train,tool,natural_slot,61,13,49,60,False
qwen3.5-9b,fitting,b2a76c7d4f58,xstest_safe,False,train,assistant,natural_slot,49,13,39,48,False
qwen3.5-9b,fitting,4e93c46da55a,alpaca,False,test,system,fixed_slot,31,10,12,30,False
qwen3.5-9b,fitting,4e93c46da55a,alpaca,False,test,user,fixed_slot,42,10,32,41,True
qwen3.5-9b,fitting,4e93c46da55a,alpaca,False,test,tool,fixed_slot,46,10,34,45,True
qwen3.5-9b,fitting,4e93c46da55a,alpaca,False,test,assistant,fixed_slot,46,10,36,45,True
qwen3.5-9b,fitting,4e93c46da55a,alpaca,False,test,system,natural_slot,31,10,12,30,False
qwen3.5-9b,fitting,4e93c46da55a,alpaca,False,test,user,natural_slot,33,10,23,32,False
qwen3.5-9b,fitting,4e93c46da55a,alpaca,False,test,tool,natural_slot,58,10,46,57,False
qwen3.5-9b,fitting,4e93c46da55a,alpaca,False,test,assistant,natural_slot,46,10,36,45,False
qwen3.5-9b,fitting,9b3904cf9587,xstest_safe,False,test,system,fixed_slot,30,9,11,29,False
qwen3.5-9b,fitting,9b3904cf9587,xstest_safe,False,test,user,fixed_slot,41,9,31,40,True
qwen3.5-9b,fitting,9b3904cf9587,xstest_safe,False,test,tool,fixed_slot,45,9,33,44,True
qwen3.5-9b,fitting,9b3904cf9587,xstest_safe,False,test,assistant,fixed_slot,45,9,35,44,True
qwen3.5-9b,fitting,9b3904cf9587,xstest_safe,False,test,system,natural_slot,30,9,11,29,False
qwen3.5-9b,fitting,9b3904cf9587,xstest_safe,False,test,user,natural_slot,32,9,22,31,False
qwen3.5-9b,fitting,9b3904cf9587,xstest_safe,False,test,tool,natural_slot,57,9,45,56,False
qwen3.5-9b,fitting,9b3904cf9587,xstest_safe,False,test,assistant,natural_slot,45,9,35,44,False
qwen3.5-9b,fitting,98a7be99f9f1,alpaca,False,train,system,fixed_slot,43,22,24,42,False
qwen3.5-9b,fitting,98a7be99f9f1,alpaca,False,train,user,fixed_slot,54,22,44,53,True
qwen3.5-9b,fitting,98a7be99f9f1,alpaca,False,train,tool,fixed_slot,58,22,46,57,True
qwen3.5-9b,fitting,98a7be99f9f1,alpaca,False,train,assistant,fixed_slot,58,22,48,57,True
qwen3.5-9b,fitting,98a7be99f9f1,alpaca,False,train,system,natural_slot,43,22,24,42,False
qwen3.5-9b,fitting,98a7be99f9f1,alpaca,False,train,user,natural_slot,45,22,35,44,False
qwen3.5-9b,fitting,98a7be99f9f1,alpaca,False,train,tool,natural_slot,70,22,58,69,False
qwen3.5-9b,fitting,98a7be99f9f1,alpaca,False,train,assistant,natural_slot,58,22,48,57,False
qwen3.5-9b,fitting,0880a214f30e,xstest_safe,False,train,system,fixed_slot,32,11,13,31,False
qwen3.5-9b,fitting,0880a214f30e,xstest_safe,False,train,user,fixed_slot,43,11,33,42,True
qwen3.5-9b,fitting,0880a214f30e,xstest_safe,False,train,tool,fixed_slot,47,11,35,46,True
qwen3.5-9b,fitting,0880a214f30e,xstest_safe,False,train,assistant,fixed_slot,47,11,37,46,True
qwen3.5-9b,fitting,0880a214f30e,xstest_safe,False,train,system,natural_slot,32,11,13,31,False
qwen3.5-9b,fitting,0880a214f30e,xstest_safe,False,train,user,natural_slot,34,11,24,33,False
qwen3.5-9b,fitting,0880a214f30e,xstest_safe,False,train,tool,natural_slot,59,11,47,58,False
qwen3.5-9b,fitting,0880a214f30e,xstest_safe,False,train,assistant,natural_slot,47,11,37,46,False
qwen3.5-9b,fitting,44d60cf44524,alpaca,False,test,system,fixed_slot,29,8,10,28,False
qwen3.5-9b,fitting,44d60cf44524,alpaca,False,test,user,fixed_slot,40,8,30,39,True
qwen3.5-9b,fitting,44d60cf44524,alpaca,False,test,tool,fixed_slot,44,8,32,43,True
qwen3.5-9b,fitting,44d60cf44524,alpaca,False,test,assistant,fixed_slot,44,8,34,43,True
qwen3.5-9b,fitting,44d60cf44524,alpaca,False,test,system,natural_slot,29,8,10,28,False
qwen3.5-9b,fitting,44d60cf44524,alpaca,False,test,user,natural_slot,31,8,21,30,False
qwen3.5-9b,fitting,44d60cf44524,alpaca,False,test,tool,natural_slot,56,8,44,55,False
qwen3.5-9b,fitting,44d60cf44524,alpaca,False,test,assistant,natural_slot,44,8,34,43,False
qwen3.5-9b,fitting,023fb01664c6,xstest_safe,False,train,system,fixed_slot,31,10,12,30,False
qwen3.5-9b,fitting,023fb01664c6,xstest_safe,False,train,user,fixed_slot,42,10,32,41,True
qwen3.5-9b,fitting,023fb01664c6,xstest_safe,False,train,tool,fixed_slot,46,10,34,45,True
qwen3.5-9b,fitting,023fb01664c6,xstest_safe,False,train,assistant,fixed_slot,46,10,36,45,True
qwen3.5-9b,fitting,023fb01664c6,xstest_safe,False,train,system,natural_slot,31,10,12,30,False
qwen3.5-9b,fitting,023fb01664c6,xstest_safe,False,train,user,natural_slot,33,10,23,32,False
qwen3.5-9b,fitting,023fb01664c6,xstest_safe,False,train,tool,natural_slot,58,10,46,57,False
qwen3.5-9b,fitting,023fb01664c6,xstest_safe,False,train,assistant,natural_slot,46,10,36,45,False
qwen3.5-9b,fitting,5509bd687a8c,alpaca,False,train,system,fixed_slot,33,12,14,32,False
qwen3.5-9b,fitting,5509bd687a8c,alpaca,False,train,user,fixed_slot,44,12,34,43,True
qwen3.5-9b,fitting,5509bd687a8c,alpaca,False,train,tool,fixed_slot,48,12,36,47,True
qwen3.5-9b,fitting,5509bd687a8c,alpaca,False,train,assistant,fixed_slot,48,12,38,47,True
qwen3.5-9b,fitting,5509bd687a8c,alpaca,False,train,system,natural_slot,33,12,14,32,False
qwen3.5-9b,fitting,5509bd687a8c,alpaca,False,train,user,natural_slot,35,12,25,34,False
qwen3.5-9b,fitting,5509bd687a8c,alpaca,False,train,tool,natural_slot,60,12,48,59,False
qwen3.5-9b,fitting,5509bd687a8c,alpaca,False,train,assistant,natural_slot,48,12,38,47,False
qwen3.5-9b,fitting,fe147cff9fd3,xstest_safe,False,train,system,fixed_slot,29,8,10,28,False
qwen3.5-9b,fitting,fe147cff9fd3,xstest_safe,False,train,user,fixed_slot,40,8,30,39,True
qwen3.5-9b,fitting,fe147cff9fd3,xstest_safe,False,train,tool,fixed_slot,44,8,32,43,True
qwen3.5-9b,fitting,fe147cff9fd3,xstest_safe,False,train,assistant,fixed_slot,44,8,34,43,True
qwen3.5-9b,fitting,fe147cff9fd3,xstest_safe,False,train,system,natural_slot,29,8,10,28,False
qwen3.5-9b,fitting,fe147cff9fd3,xstest_safe,False,train,user,natural_slot,31,8,21,30,False
qwen3.5-9b,fitting,fe147cff9fd3,xstest_safe,False,train,tool,natural_slot,56,8,44,55,False
qwen3.5-9b,fitting,fe147cff9fd3,xstest_safe,False,train,assistant,natural_slot,44,8,34,43,False
qwen3.5-9b,fitting,69970b3cc8fa,alpaca,False,train,system,fixed_slot,30,9,11,29,False
qwen3.5-9b,fitting,69970b3cc8fa,alpaca,False,train,user,fixed_slot,41,9,31,40,True
qwen3.5-9b,fitting,69970b3cc8fa,alpaca,False,train,tool,fixed_slot,45,9,33,44,True
qwen3.5-9b,fitting,69970b3cc8fa,alpaca,False,train,assistant,fixed_slot,45,9,35,44,True
qwen3.5-9b,fitting,69970b3cc8fa,alpaca,False,train,system,natural_slot,30,9,11,29,False
qwen3.5-9b,fitting,69970b3cc8fa,alpaca,False,train,user,natural_slot,32,9,22,31,False
qwen3.5-9b,fitting,69970b3cc8fa,alpaca,False,train,tool,natural_slot,57,9,45,56,False
qwen3.5-9b,fitting,69970b3cc8fa,alpaca,False,train,assistant,natural_slot,45,9,35,44,False
qwen3.5-9b,fitting,467ca3e0ee1c,xstest_safe,False,test,system,fixed_slot,35,14,16,34,False
qwen3.5-9b,fitting,467ca3e0ee1c,xstest_safe,False,test,user,fixed_slot,46,14,36,45,True
qwen3.5-9b,fitting,467ca3e0ee1c,xstest_safe,False,test,tool,fixed_slot,50,14,38,49,True
qwen3.5-9b,fitting,467ca3e0ee1c,xstest_safe,False,test,assistant,fixed_slot,50,14,40,49,True
qwen3.5-9b,fitting,467ca3e0ee1c,xstest_safe,False,test,system,natural_slot,35,14,16,34,False
qwen3.5-9b,fitting,467ca3e0ee1c,xstest_safe,False,test,user,natural_slot,37,14,27,36,False
qwen3.5-9b,fitting,467ca3e0ee1c,xstest_safe,False,test,tool,natural_slot,62,14,50,61,False
qwen3.5-9b,fitting,467ca3e0ee1c,xstest_safe,False,test,assistant,natural_slot,50,14,40,49,False
qwen3.5-9b,fitting,0eeeca45e667,alpaca,False,train,system,fixed_slot,31,10,12,30,False
qwen3.5-9b,fitting,0eeeca45e667,alpaca,False,train,user,fixed_slot,42,10,32,41,True
qwen3.5-9b,fitting,0eeeca45e667,alpaca,False,train,tool,fixed_slot,46,10,34,45,True
qwen3.5-9b,fitting,0eeeca45e667,alpaca,False,train,assistant,fixed_slot,46,10,36,45,True
qwen3.5-9b,fitting,0eeeca45e667,alpaca,False,train,system,natural_slot,31,10,12,30,False
qwen3.5-9b,fitting,0eeeca45e667,alpaca,False,train,user,natural_slot,33,10,23,32,False
qwen3.5-9b,fitting,0eeeca45e667,alpaca,False,train,tool,natural_slot,58,10,46,57,False
qwen3.5-9b,fitting,0eeeca45e667,alpaca,False,train,assistant,natural_slot,46,10,36,45,False
qwen3.5-9b,fitting,971e711614c3,xstest_safe,False,train,system,fixed_slot,29,8,10,28,False
qwen3.5-9b,fitting,971e711614c3,xstest_safe,False,train,user,fixed_slot,40,8,30,39,True
qwen3.5-9b,fitting,971e711614c3,xstest_safe,False,train,tool,fixed_slot,44,8,32,43,True
qwen3.5-9b,fitting,971e711614c3,xstest_safe,False,train,assistant,fixed_slot,44,8,34,43,True
qwen3.5-9b,fitting,971e711614c3,xstest_safe,False,train,system,natural_slot,29,8,10,28,False
qwen3.5-9b,fitting,971e711614c3,xstest_safe,False,train,user,natural_slot,31,8,21,30,False
qwen3.5-9b,fitting,971e711614c3,xstest_safe,False,train,tool,natural_slot,56,8,44,55,False
qwen3.5-9b,fitting,971e711614c3,xstest_safe,False,train,assistant,natural_slot,44,8,34,43,False
qwen3.5-9b,fitting,1fc2085ff4dd,alpaca,False,train,system,fixed_slot,30,9,11,29,False
qwen3.5-9b,fitting,1fc2085ff4dd,alpaca,False,train,user,fixed_slot,41,9,31,40,True
qwen3.5-9b,fitting,1fc2085ff4dd,alpaca,False,train,tool,fixed_slot,45,9,33,44,True
qwen3.5-9b,fitting,1fc2085ff4dd,alpaca,False,train,assistant,fixed_slot,45,9,35,44,True
qwen3.5-9b,fitting,1fc2085ff4dd,alpaca,False,train,system,natural_slot,30,9,11,29,False
qwen3.5-9b,fitting,1fc2085ff4dd,alpaca,False,train,user,natural_slot,32,9,22,31,False
qwen3.5-9b,fitting,1fc2085ff4dd,alpaca,False,train,tool,natural_slot,57,9,45,56,False
qwen3.5-9b,fitting,1fc2085ff4dd,alpaca,False,train,assistant,natural_slot,45,9,35,44,False
qwen3.5-9b,fitting,f034a69f1a98,xstest_safe,False,test,system,fixed_slot,32,11,13,31,False
qwen3.5-9b,fitting,f034a69f1a98,xstest_safe,False,test,user,fixed_slot,43,11,33,42,True
qwen3.5-9b,fitting,f034a69f1a98,xstest_safe,False,test,tool,fixed_slot,47,11,35,46,True
qwen3.5-9b,fitting,f034a69f1a98,xstest_safe,False,test,assistant,fixed_slot,47,11,37,46,True
qwen3.5-9b,fitting,f034a69f1a98,xstest_safe,False,test,system,natural_slot,32,11,13,31,False
qwen3.5-9b,fitting,f034a69f1a98,xstest_safe,False,test,user,natural_slot,34,11,24,33,False
qwen3.5-9b,fitting,f034a69f1a98,xstest_safe,False,test,tool,natural_slot,59,11,47,58,False
qwen3.5-9b,fitting,f034a69f1a98,xstest_safe,False,test,assistant,natural_slot,47,11,37,46,False
qwen3.5-9b,fitting,2bb18cf249dd,alpaca,False,train,system,fixed_slot,31,10,12,30,False
qwen3.5-9b,fitting,2bb18cf249dd,alpaca,False,train,user,fixed_slot,42,10,32,41,True
qwen3.5-9b,fitting,2bb18cf249dd,alpaca,False,train,tool,fixed_slot,46,10,34,45,True
qwen3.5-9b,fitting,2bb18cf249dd,alpaca,False,train,assistant,fixed_slot,46,10,36,45,True
qwen3.5-9b,fitting,2bb18cf249dd,alpaca,False,train,system,natural_slot,31,10,12,30,False
qwen3.5-9b,fitting,2bb18cf249dd,alpaca,False,train,user,natural_slot,33,10,23,32,False
qwen3.5-9b,fitting,2bb18cf249dd,alpaca,False,train,tool,natural_slot,58,10,46,57,False
qwen3.5-9b,fitting,2bb18cf249dd,alpaca,False,train,assistant,natural_slot,46,10,36,45,False
qwen3.5-9b,fitting,dd83daffc0ce,xstest_safe,False,train,system,fixed_slot,29,8,10,28,False
qwen3.5-9b,fitting,dd83daffc0ce,xstest_safe,False,train,user,fixed_slot,40,8,30,39,True
qwen3.5-9b,fitting,dd83daffc0ce,xstest_safe,False,train,tool,fixed_slot,44,8,32,43,True
qwen3.5-9b,fitting,dd83daffc0ce,xstest_safe,False,train,assistant,fixed_slot,44,8,34,43,True
qwen3.5-9b,fitting,dd83daffc0ce,xstest_safe,False,train,system,natural_slot,29,8,10,28,False
qwen3.5-9b,fitting,dd83daffc0ce,xstest_safe,False,train,user,natural_slot,31,8,21,30,False
qwen3.5-9b,fitting,dd83daffc0ce,xstest_safe,False,train,tool,natural_slot,56,8,44,55,False
qwen3.5-9b,fitting,dd83daffc0ce,xstest_safe,False,train,assistant,natural_slot,44,8,34,43,False
qwen3.5-9b,fitting,58ad358ca672,alpaca,False,test,system,fixed_slot,34,13,15,33,False
qwen3.5-9b,fitting,58ad358ca672,alpaca,False,test,user,fixed_slot,45,13,35,44,True
qwen3.5-9b,fitting,58ad358ca672,alpaca,False,test,tool,fixed_slot,49,13,37,48,True
qwen3.5-9b,fitting,58ad358ca672,alpaca,False,test,assistant,fixed_slot,49,13,39,48,True
qwen3.5-9b,fitting,58ad358ca672,alpaca,False,test,system,natural_slot,34,13,15,33,False
qwen3.5-9b,fitting,58ad358ca672,alpaca,False,test,user,natural_slot,36,13,26,35,False
qwen3.5-9b,fitting,58ad358ca672,alpaca,False,test,tool,natural_slot,61,13,49,60,False
qwen3.5-9b,fitting,58ad358ca672,alpaca,False,test,assistant,natural_slot,49,13,39,48,False
qwen3.5-9b,fitting,0dc8abb8845b,xstest_safe,False,test,system,fixed_slot,32,11,13,31,False
qwen3.5-9b,fitting,0dc8abb8845b,xstest_safe,False,test,user,fixed_slot,43,11,33,42,True
qwen3.5-9b,fitting,0dc8abb8845b,xstest_safe,False,test,tool,fixed_slot,47,11,35,46,True
qwen3.5-9b,fitting,0dc8abb8845b,xstest_safe,False,test,assistant,fixed_slot,47,11,37,46,True
qwen3.5-9b,fitting,0dc8abb8845b,xstest_safe,False,test,system,natural_slot,32,11,13,31,False
qwen3.5-9b,fitting,0dc8abb8845b,xstest_safe,False,test,user,natural_slot,34,11,24,33,False
qwen3.5-9b,fitting,0dc8abb8845b,xstest_safe,False,test,tool,natural_slot,59,11,47,58,False
qwen3.5-9b,fitting,0dc8abb8845b,xstest_safe,False,test,assistant,natural_slot,47,11,37,46,False
qwen3.5-9b,fitting,242ae5a1b1c0,alpaca,False,train,system,fixed_slot,29,8,10,28,False
qwen3.5-9b,fitting,242ae5a1b1c0,alpaca,False,train,user,fixed_slot,40,8,30,39,True
qwen3.5-9b,fitting,242ae5a1b1c0,alpaca,False,train,tool,fixed_slot,44,8,32,43,True
qwen3.5-9b,fitting,242ae5a1b1c0,alpaca,False,train,assistant,fixed_slot,44,8,34,43,True
qwen3.5-9b,fitting,242ae5a1b1c0,alpaca,False,train,system,natural_slot,29,8,10,28,False
qwen3.5-9b,fitting,242ae5a1b1c0,alpaca,False,train,user,natural_slot,31,8,21,30,False
qwen3.5-9b,fitting,242ae5a1b1c0,alpaca,False,train,tool,natural_slot,56,8,44,55,False
qwen3.5-9b,fitting,242ae5a1b1c0,alpaca,False,train,assistant,natural_slot,44,8,34,43,False
qwen3.5-9b,fitting,80fa60e8dac5,xstest_safe,False,train,system,fixed_slot,28,7,9,27,False
qwen3.5-9b,fitting,80fa60e8dac5,xstest_safe,False,train,user,fixed_slot,39,7,29,38,True
qwen3.5-9b,fitting,80fa60e8dac5,xstest_safe,False,train,tool,fixed_slot,43,7,31,42,True
qwen3.5-9b,fitting,80fa60e8dac5,xstest_safe,False,train,assistant,fixed_slot,43,7,33,42,True
qwen3.5-9b,fitting,80fa60e8dac5,xstest_safe,False,train,system,natural_slot,28,7,9,27,False
qwen3.5-9b,fitting,80fa60e8dac5,xstest_safe,False,train,user,natural_slot,30,7,20,29,False
qwen3.5-9b,fitting,80fa60e8dac5,xstest_safe,False,train,tool,natural_slot,55,7,43,54,False
qwen3.5-9b,fitting,80fa60e8dac5,xstest_safe,False,train,assistant,natural_slot,43,7,33,42,False
qwen3.5-9b,fitting,4e10ae6516e1,alpaca,False,test,system,fixed_slot,34,13,15,33,False
qwen3.5-9b,fitting,4e10ae6516e1,alpaca,False,test,user,fixed_slot,45,13,35,44,True
qwen3.5-9b,fitting,4e10ae6516e1,alpaca,False,test,tool,fixed_slot,49,13,37,48,True
qwen3.5-9b,fitting,4e10ae6516e1,alpaca,False,test,assistant,fixed_slot,49,13,39,48,True
qwen3.5-9b,fitting,4e10ae6516e1,alpaca,False,test,system,natural_slot,34,13,15,33,False
qwen3.5-9b,fitting,4e10ae6516e1,alpaca,False,test,user,natural_slot,36,13,26,35,False
qwen3.5-9b,fitting,4e10ae6516e1,alpaca,False,test,tool,natural_slot,61,13,49,60,False
qwen3.5-9b,fitting,4e10ae6516e1,alpaca,False,test,assistant,natural_slot,49,13,39,48,False
qwen3.5-9b,fitting,e74f02d74c3c,xstest_safe,False,train,system,fixed_slot,33,12,14,32,False
qwen3.5-9b,fitting,e74f02d74c3c,xstest_safe,False,train,user,fixed_slot,44,12,34,43,True
qwen3.5-9b,fitting,e74f02d74c3c,xstest_safe,False,train,tool,fixed_slot,48,12,36,47,True
qwen3.5-9b,fitting,e74f02d74c3c,xstest_safe,False,train,assistant,fixed_slot,48,12,38,47,True
qwen3.5-9b,fitting,e74f02d74c3c,xstest_safe,False,train,system,natural_slot,33,12,14,32,False
qwen3.5-9b,fitting,e74f02d74c3c,xstest_safe,False,train,user,natural_slot,35,12,25,34,False
qwen3.5-9b,fitting,e74f02d74c3c,xstest_safe,False,train,tool,natural_slot,60,12,48,59,False
qwen3.5-9b,fitting,e74f02d74c3c,xstest_safe,False,train,assistant,natural_slot,48,12,38,47,False
qwen3.5-9b,fitting,0688176ca383,alpaca,False,train,system,fixed_slot,32,11,13,31,False
qwen3.5-9b,fitting,0688176ca383,alpaca,False,train,user,fixed_slot,43,11,33,42,True
qwen3.5-9b,fitting,0688176ca383,alpaca,False,train,tool,fixed_slot,47,11,35,46,True
qwen3.5-9b,fitting,0688176ca383,alpaca,False,train,assistant,fixed_slot,47,11,37,46,True
qwen3.5-9b,fitting,0688176ca383,alpaca,False,train,system,natural_slot,32,11,13,31,False
qwen3.5-9b,fitting,0688176ca383,alpaca,False,train,user,natural_slot,34,11,24,33,False
qwen3.5-9b,fitting,0688176ca383,alpaca,False,train,tool,natural_slot,59,11,47,58,False
qwen3.5-9b,fitting,0688176ca383,alpaca,False,train,assistant,natural_slot,47,11,37,46,False
qwen3.5-9b,fitting,4ea082435261,xstest_safe,False,test,system,fixed_slot,30,9,11,29,False
qwen3.5-9b,fitting,4ea082435261,xstest_safe,False,test,user,fixed_slot,41,9,31,40,True
qwen3.5-9b,fitting,4ea082435261,xstest_safe,False,test,tool,fixed_slot,45,9,33,44,True
qwen3.5-9b,fitting,4ea082435261,xstest_safe,False,test,assistant,fixed_slot,45,9,35,44,True
qwen3.5-9b,fitting,4ea082435261,xstest_safe,False,test,system,natural_slot,30,9,11,29,False
qwen3.5-9b,fitting,4ea082435261,xstest_safe,False,test,user,natural_slot,32,9,22,31,False
qwen3.5-9b,fitting,4ea082435261,xstest_safe,False,test,tool,natural_slot,57,9,45,56,False
qwen3.5-9b,fitting,4ea082435261,xstest_safe,False,test,assistant,natural_slot,45,9,35,44,False
qwen3.5-9b,fitting,e5b160e13c28,alpaca,False,train,system,fixed_slot,30,9,11,29,False
qwen3.5-9b,fitting,e5b160e13c28,alpaca,False,train,user,fixed_slot,41,9,31,40,True
qwen3.5-9b,fitting,e5b160e13c28,alpaca,False,train,tool,fixed_slot,45,9,33,44,True
qwen3.5-9b,fitting,e5b160e13c28,alpaca,False,train,assistant,fixed_slot,45,9,35,44,True
qwen3.5-9b,fitting,e5b160e13c28,alpaca,False,train,system,natural_slot,30,9,11,29,False
qwen3.5-9b,fitting,e5b160e13c28,alpaca,False,train,user,natural_slot,32,9,22,31,False
qwen3.5-9b,fitting,e5b160e13c28,alpaca,False,train,tool,natural_slot,57,9,45,56,False
qwen3.5-9b,fitting,e5b160e13c28,alpaca,False,train,assistant,natural_slot,45,9,35,44,False
qwen3.5-9b,fitting,3c88114a2a7a,xstest_safe,False,train,system,fixed_slot,34,13,15,33,False
qwen3.5-9b,fitting,3c88114a2a7a,xstest_safe,False,train,user,fixed_slot,45,13,35,44,True
qwen3.5-9b,fitting,3c88114a2a7a,xstest_safe,False,train,tool,fixed_slot,49,13,37,48,True
qwen3.5-9b,fitting,3c88114a2a7a,xstest_safe,False,train,assistant,fixed_slot,49,13,39,48,True
qwen3.5-9b,fitting,3c88114a2a7a,xstest_safe,False,train,system,natural_slot,34,13,15,33,False
qwen3.5-9b,fitting,3c88114a2a7a,xstest_safe,False,train,user,natural_slot,36,13,26,35,False
qwen3.5-9b,fitting,3c88114a2a7a,xstest_safe,False,train,tool,natural_slot,61,13,49,60,False
qwen3.5-9b,fitting,3c88114a2a7a,xstest_safe,False,train,assistant,natural_slot,49,13,39,48,False
qwen3.5-9b,fitting,35bfa578b43f,alpaca,False,train,system,fixed_slot,31,10,12,30,False
qwen3.5-9b,fitting,35bfa578b43f,alpaca,False,train,user,fixed_slot,42,10,32,41,True
qwen3.5-9b,fitting,35bfa578b43f,alpaca,False,train,tool,fixed_slot,46,10,34,45,True
qwen3.5-9b,fitting,35bfa578b43f,alpaca,False,train,assistant,fixed_slot,46,10,36,45,True
qwen3.5-9b,fitting,35bfa578b43f,alpaca,False,train,system,natural_slot,31,10,12,30,False
qwen3.5-9b,fitting,35bfa578b43f,alpaca,False,train,user,natural_slot,33,10,23,32,False
qwen3.5-9b,fitting,35bfa578b43f,alpaca,False,train,tool,natural_slot,58,10,46,57,False
qwen3.5-9b,fitting,35bfa578b43f,alpaca,False,train,assistant,natural_slot,46,10,36,45,False
qwen3.5-9b,fitting,7d828e4d038f,xstest_safe,False,test,system,fixed_slot,33,12,14,32,False
qwen3.5-9b,fitting,7d828e4d038f,xstest_safe,False,test,user,fixed_slot,44,12,34,43,True
qwen3.5-9b,fitting,7d828e4d038f,xstest_safe,False,test,tool,fixed_slot,48,12,36,47,True
qwen3.5-9b,fitting,7d828e4d038f,xstest_safe,False,test,assistant,fixed_slot,48,12,38,47,True
qwen3.5-9b,fitting,7d828e4d038f,xstest_safe,False,test,system,natural_slot,33,12,14,32,False
qwen3.5-9b,fitting,7d828e4d038f,xstest_safe,False,test,user,natural_slot,35,12,25,34,False
qwen3.5-9b,fitting,7d828e4d038f,xstest_safe,False,test,tool,natural_slot,60,12,48,59,False
qwen3.5-9b,fitting,7d828e4d038f,xstest_safe,False,test,assistant,natural_slot,48,12,38,47,False
qwen3.5-9b,fitting,83b1c59220d4,alpaca,False,train,system,fixed_slot,33,12,14,32,False
qwen3.5-9b,fitting,83b1c59220d4,alpaca,False,train,user,fixed_slot,44,12,34,43,True
qwen3.5-9b,fitting,83b1c59220d4,alpaca,False,train,tool,fixed_slot,48,12,36,47,True
qwen3.5-9b,fitting,83b1c59220d4,alpaca,False,train,assistant,fixed_slot,48,12,38,47,True
qwen3.5-9b,fitting,83b1c59220d4,alpaca,False,train,system,natural_slot,33,12,14,32,False
qwen3.5-9b,fitting,83b1c59220d4,alpaca,False,train,user,natural_slot,35,12,25,34,False
qwen3.5-9b,fitting,83b1c59220d4,alpaca,False,train,tool,natural_slot,60,12,48,59,False
qwen3.5-9b,fitting,83b1c59220d4,alpaca,False,train,assistant,natural_slot,48,12,38,47,False
qwen3.5-9b,fitting,61dbea843f42,xstest_safe,False,test,system,fixed_slot,25,4,6,24,False
qwen3.5-9b,fitting,61dbea843f42,xstest_safe,False,test,user,fixed_slot,36,4,26,35,True
qwen3.5-9b,fitting,61dbea843f42,xstest_safe,False,test,tool,fixed_slot,40,4,28,39,True
qwen3.5-9b,fitting,61dbea843f42,xstest_safe,False,test,assistant,fixed_slot,40,4,30,39,True
qwen3.5-9b,fitting,61dbea843f42,xstest_safe,False,test,system,natural_slot,25,4,6,24,False
qwen3.5-9b,fitting,61dbea843f42,xstest_safe,False,test,user,natural_slot,27,4,17,26,False
qwen3.5-9b,fitting,61dbea843f42,xstest_safe,False,test,tool,natural_slot,52,4,40,51,False
qwen3.5-9b,fitting,61dbea843f42,xstest_safe,False,test,assistant,natural_slot,40,4,30,39,False
qwen3.5-9b,fitting,e9056fd9e901,alpaca,False,test,system,fixed_slot,37,16,18,36,False
qwen3.5-9b,fitting,e9056fd9e901,alpaca,False,test,user,fixed_slot,48,16,38,47,True
qwen3.5-9b,fitting,e9056fd9e901,alpaca,False,test,tool,fixed_slot,52,16,40,51,True
qwen3.5-9b,fitting,e9056fd9e901,alpaca,False,test,assistant,fixed_slot,52,16,42,51,True
qwen3.5-9b,fitting,e9056fd9e901,alpaca,False,test,system,natural_slot,37,16,18,36,False
qwen3.5-9b,fitting,e9056fd9e901,alpaca,False,test,user,natural_slot,39,16,29,38,False
qwen3.5-9b,fitting,e9056fd9e901,alpaca,False,test,tool,natural_slot,64,16,52,63,False
qwen3.5-9b,fitting,e9056fd9e901,alpaca,False,test,assistant,natural_slot,52,16,42,51,False
qwen3.5-9b,fitting,ee4820d2d765,xstest_safe,False,train,system,fixed_slot,36,15,17,35,False
qwen3.5-9b,fitting,ee4820d2d765,xstest_safe,False,train,user,fixed_slot,47,15,37,46,True
qwen3.5-9b,fitting,ee4820d2d765,xstest_safe,False,train,tool,fixed_slot,51,15,39,50,True
qwen3.5-9b,fitting,ee4820d2d765,xstest_safe,False,train,assistant,fixed_slot,51,15,41,50,True
qwen3.5-9b,fitting,ee4820d2d765,xstest_safe,False,train,system,natural_slot,36,15,17,35,False
qwen3.5-9b,fitting,ee4820d2d765,xstest_safe,False,train,user,natural_slot,38,15,28,37,False
qwen3.5-9b,fitting,ee4820d2d765,xstest_safe,False,train,tool,natural_slot,63,15,51,62,False
qwen3.5-9b,fitting,ee4820d2d765,xstest_safe,False,train,assistant,natural_slot,51,15,41,50,False
qwen3.5-9b,fitting,08eb92ada6f2,alpaca,False,train,system,fixed_slot,29,8,10,28,False
qwen3.5-9b,fitting,08eb92ada6f2,alpaca,False,train,user,fixed_slot,40,8,30,39,True
qwen3.5-9b,fitting,08eb92ada6f2,alpaca,False,train,tool,fixed_slot,44,8,32,43,True
qwen3.5-9b,fitting,08eb92ada6f2,alpaca,False,train,assistant,fixed_slot,44,8,34,43,True
qwen3.5-9b,fitting,08eb92ada6f2,alpaca,False,train,system,natural_slot,29,8,10,28,False
qwen3.5-9b,fitting,08eb92ada6f2,alpaca,False,train,user,natural_slot,31,8,21,30,False
qwen3.5-9b,fitting,08eb92ada6f2,alpaca,False,train,tool,natural_slot,56,8,44,55,False
qwen3.5-9b,fitting,08eb92ada6f2,alpaca,False,train,assistant,natural_slot,44,8,34,43,False
qwen3.5-9b,fitting,921bd65e6ea2,xstest_safe,False,test,system,fixed_slot,36,15,17,35,False
qwen3.5-9b,fitting,921bd65e6ea2,xstest_safe,False,test,user,fixed_slot,47,15,37,46,True
qwen3.5-9b,fitting,921bd65e6ea2,xstest_safe,False,test,tool,fixed_slot,51,15,39,50,True
qwen3.5-9b,fitting,921bd65e6ea2,xstest_safe,False,test,assistant,fixed_slot,51,15,41,50,True
qwen3.5-9b,fitting,921bd65e6ea2,xstest_safe,False,test,system,natural_slot,36,15,17,35,False
qwen3.5-9b,fitting,921bd65e6ea2,xstest_safe,False,test,user,natural_slot,38,15,28,37,False
qwen3.5-9b,fitting,921bd65e6ea2,xstest_safe,False,test,tool,natural_slot,63,15,51,62,False
qwen3.5-9b,fitting,921bd65e6ea2,xstest_safe,False,test,assistant,natural_slot,51,15,41,50,False
qwen3.5-9b,fitting,d3a98f732f12,alpaca,False,test,system,fixed_slot,35,14,16,34,False
qwen3.5-9b,fitting,d3a98f732f12,alpaca,False,test,user,fixed_slot,46,14,36,45,True
qwen3.5-9b,fitting,d3a98f732f12,alpaca,False,test,tool,fixed_slot,50,14,38,49,True
qwen3.5-9b,fitting,d3a98f732f12,alpaca,False,test,assistant,fixed_slot,50,14,40,49,True
qwen3.5-9b,fitting,d3a98f732f12,alpaca,False,test,system,natural_slot,35,14,16,34,False
qwen3.5-9b,fitting,d3a98f732f12,alpaca,False,test,user,natural_slot,37,14,27,36,False
qwen3.5-9b,fitting,d3a98f732f12,alpaca,False,test,tool,natural_slot,62,14,50,61,False
qwen3.5-9b,fitting,d3a98f732f12,alpaca,False,test,assistant,natural_slot,50,14,40,49,False
qwen3.5-9b,fitting,046ccfa9ba04,xstest_safe,False,train,system,fixed_slot,31,10,12,30,False
qwen3.5-9b,fitting,046ccfa9ba04,xstest_safe,False,train,user,fixed_slot,42,10,32,41,True
qwen3.5-9b,fitting,046ccfa9ba04,xstest_safe,False,train,tool,fixed_slot,46,10,34,45,True
qwen3.5-9b,fitting,046ccfa9ba04,xstest_safe,False,train,assistant,fixed_slot,46,10,36,45,True
qwen3.5-9b,fitting,046ccfa9ba04,xstest_safe,False,train,system,natural_slot,31,10,12,30,False
qwen3.5-9b,fitting,046ccfa9ba04,xstest_safe,False,train,user,natural_slot,33,10,23,32,False
qwen3.5-9b,fitting,046ccfa9ba04,xstest_safe,False,train,tool,natural_slot,58,10,46,57,False
qwen3.5-9b,fitting,046ccfa9ba04,xstest_safe,False,train,assistant,natural_slot,46,10,36,45,False
qwen3.5-9b,fitting,8840c2b06bfc,alpaca,False,train,system,fixed_slot,27,6,8,26,False
qwen3.5-9b,fitting,8840c2b06bfc,alpaca,False,train,user,fixed_slot,38,6,28,37,True
qwen3.5-9b,fitting,8840c2b06bfc,alpaca,False,train,tool,fixed_slot,42,6,30,41,True
qwen3.5-9b,fitting,8840c2b06bfc,alpaca,False,train,assistant,fixed_slot,42,6,32,41,True
qwen3.5-9b,fitting,8840c2b06bfc,alpaca,False,train,system,natural_slot,27,6,8,26,False
qwen3.5-9b,fitting,8840c2b06bfc,alpaca,False,train,user,natural_slot,29,6,19,28,False
qwen3.5-9b,fitting,8840c2b06bfc,alpaca,False,train,tool,natural_slot,54,6,42,53,False
qwen3.5-9b,fitting,8840c2b06bfc,alpaca,False,train,assistant,natural_slot,42,6,32,41,False
qwen3.5-9b,fitting,ff315f29f2ce,xstest_safe,False,train,system,fixed_slot,26,5,7,25,False
qwen3.5-9b,fitting,ff315f29f2ce,xstest_safe,False,train,user,fixed_slot,37,5,27,36,True
qwen3.5-9b,fitting,ff315f29f2ce,xstest_safe,False,train,tool,fixed_slot,41,5,29,40,True
qwen3.5-9b,fitting,ff315f29f2ce,xstest_safe,False,train,assistant,fixed_slot,41,5,31,40,True
qwen3.5-9b,fitting,ff315f29f2ce,xstest_safe,False,train,system,natural_slot,26,5,7,25,False
qwen3.5-9b,fitting,ff315f29f2ce,xstest_safe,False,train,user,natural_slot,28,5,18,27,False
qwen3.5-9b,fitting,ff315f29f2ce,xstest_safe,False,train,tool,natural_slot,53,5,41,52,False
qwen3.5-9b,fitting,ff315f29f2ce,xstest_safe,False,train,assistant,natural_slot,41,5,31,40,False
qwen3.5-9b,fitting,71bd39c8c71a,alpaca,False,train,system,fixed_slot,30,9,11,29,False
qwen3.5-9b,fitting,71bd39c8c71a,alpaca,False,train,user,fixed_slot,41,9,31,40,True
qwen3.5-9b,fitting,71bd39c8c71a,alpaca,False,train,tool,fixed_slot,45,9,33,44,True
qwen3.5-9b,fitting,71bd39c8c71a,alpaca,False,train,assistant,fixed_slot,45,9,35,44,True
qwen3.5-9b,fitting,71bd39c8c71a,alpaca,False,train,system,natural_slot,30,9,11,29,False
qwen3.5-9b,fitting,71bd39c8c71a,alpaca,False,train,user,natural_slot,32,9,22,31,False
qwen3.5-9b,fitting,71bd39c8c71a,alpaca,False,train,tool,natural_slot,57,9,45,56,False
qwen3.5-9b,fitting,71bd39c8c71a,alpaca,False,train,assistant,natural_slot,45,9,35,44,False
qwen3.5-9b,fitting,c13fb4850c4d,xstest_safe,False,train,system,fixed_slot,32,11,13,31,False
qwen3.5-9b,fitting,c13fb4850c4d,xstest_safe,False,train,user,fixed_slot,43,11,33,42,True
qwen3.5-9b,fitting,c13fb4850c4d,xstest_safe,False,train,tool,fixed_slot,47,11,35,46,True
qwen3.5-9b,fitting,c13fb4850c4d,xstest_safe,False,train,assistant,fixed_slot,47,11,37,46,True
qwen3.5-9b,fitting,c13fb4850c4d,xstest_safe,False,train,system,natural_slot,32,11,13,31,False
qwen3.5-9b,fitting,c13fb4850c4d,xstest_safe,False,train,user,natural_slot,34,11,24,33,False
qwen3.5-9b,fitting,c13fb4850c4d,xstest_safe,False,train,tool,natural_slot,59,11,47,58,False
qwen3.5-9b,fitting,c13fb4850c4d,xstest_safe,False,train,assistant,natural_slot,47,11,37,46,False
qwen3.5-9b,fitting,c040ea9b810c,alpaca,False,train,system,fixed_slot,35,14,16,34,False
qwen3.5-9b,fitting,c040ea9b810c,alpaca,False,train,user,fixed_slot,46,14,36,45,True
qwen3.5-9b,fitting,c040ea9b810c,alpaca,False,train,tool,fixed_slot,50,14,38,49,True
qwen3.5-9b,fitting,c040ea9b810c,alpaca,False,train,assistant,fixed_slot,50,14,40,49,True
qwen3.5-9b,fitting,c040ea9b810c,alpaca,False,train,system,natural_slot,35,14,16,34,False
qwen3.5-9b,fitting,c040ea9b810c,alpaca,False,train,user,natural_slot,37,14,27,36,False
qwen3.5-9b,fitting,c040ea9b810c,alpaca,False,train,tool,natural_slot,62,14,50,61,False
qwen3.5-9b,fitting,c040ea9b810c,alpaca,False,train,assistant,natural_slot,50,14,40,49,False
qwen3.5-9b,fitting,3e7c01cc7034,xstest_safe,False,train,system,fixed_slot,35,14,16,34,False
qwen3.5-9b,fitting,3e7c01cc7034,xstest_safe,False,train,user,fixed_slot,46,14,36,45,True
qwen3.5-9b,fitting,3e7c01cc7034,xstest_safe,False,train,tool,fixed_slot,50,14,38,49,True
qwen3.5-9b,fitting,3e7c01cc7034,xstest_safe,False,train,assistant,fixed_slot,50,14,40,49,True
qwen3.5-9b,fitting,3e7c01cc7034,xstest_safe,False,train,system,natural_slot,35,14,16,34,False
qwen3.5-9b,fitting,3e7c01cc7034,xstest_safe,False,train,user,natural_slot,37,14,27,36,False
qwen3.5-9b,fitting,3e7c01cc7034,xstest_safe,False,train,tool,natural_slot,62,14,50,61,False
qwen3.5-9b,fitting,3e7c01cc7034,xstest_safe,False,train,assistant,natural_slot,50,14,40,49,False
qwen3.5-9b,fitting,e13f1c6fbdfb,alpaca,False,train,system,fixed_slot,27,6,8,26,False
qwen3.5-9b,fitting,e13f1c6fbdfb,alpaca,False,train,user,fixed_slot,38,6,28,37,True
qwen3.5-9b,fitting,e13f1c6fbdfb,alpaca,False,train,tool,fixed_slot,42,6,30,41,True
qwen3.5-9b,fitting,e13f1c6fbdfb,alpaca,False,train,assistant,fixed_slot,42,6,32,41,True
qwen3.5-9b,fitting,e13f1c6fbdfb,alpaca,False,train,system,natural_slot,27,6,8,26,False
qwen3.5-9b,fitting,e13f1c6fbdfb,alpaca,False,train,user,natural_slot,29,6,19,28,False
qwen3.5-9b,fitting,e13f1c6fbdfb,alpaca,False,train,tool,natural_slot,54,6,42,53,False
qwen3.5-9b,fitting,e13f1c6fbdfb,alpaca,False,train,assistant,natural_slot,42,6,32,41,False
qwen3.5-9b,fitting,8823ef119394,xstest_safe,False,train,system,fixed_slot,29,8,10,28,False
qwen3.5-9b,fitting,8823ef119394,xstest_safe,False,train,user,fixed_slot,40,8,30,39,True
qwen3.5-9b,fitting,8823ef119394,xstest_safe,False,train,tool,fixed_slot,44,8,32,43,True
qwen3.5-9b,fitting,8823ef119394,xstest_safe,False,train,assistant,fixed_slot,44,8,34,43,True
qwen3.5-9b,fitting,8823ef119394,xstest_safe,False,train,system,natural_slot,29,8,10,28,False
qwen3.5-9b,fitting,8823ef119394,xstest_safe,False,train,user,natural_slot,31,8,21,30,False
qwen3.5-9b,fitting,8823ef119394,xstest_safe,False,train,tool,natural_slot,56,8,44,55,False
qwen3.5-9b,fitting,8823ef119394,xstest_safe,False,train,assistant,natural_slot,44,8,34,43,False
qwen3.5-9b,fitting,677a62e72063,alpaca,False,train,system,fixed_slot,29,8,10,28,False
qwen3.5-9b,fitting,677a62e72063,alpaca,False,train,user,fixed_slot,40,8,30,39,True
qwen3.5-9b,fitting,677a62e72063,alpaca,False,train,tool,fixed_slot,44,8,32,43,True
qwen3.5-9b,fitting,677a62e72063,alpaca,False,train,assistant,fixed_slot,44,8,34,43,True
qwen3.5-9b,fitting,677a62e72063,alpaca,False,train,system,natural_slot,29,8,10,28,False
qwen3.5-9b,fitting,677a62e72063,alpaca,False,train,user,natural_slot,31,8,21,30,False
qwen3.5-9b,fitting,677a62e72063,alpaca,False,train,tool,natural_slot,56,8,44,55,False
qwen3.5-9b,fitting,677a62e72063,alpaca,False,train,assistant,natural_slot,44,8,34,43,False
qwen3.5-9b,fitting,b7d3debe1dce,xstest_safe,False,test,system,fixed_slot,31,10,12,30,False
qwen3.5-9b,fitting,b7d3debe1dce,xstest_safe,False,test,user,fixed_slot,42,10,32,41,True
qwen3.5-9b,fitting,b7d3debe1dce,xstest_safe,False,test,tool,fixed_slot,46,10,34,45,True
qwen3.5-9b,fitting,b7d3debe1dce,xstest_safe,False,test,assistant,fixed_slot,46,10,36,45,True
qwen3.5-9b,fitting,b7d3debe1dce,xstest_safe,False,test,system,natural_slot,31,10,12,30,False
qwen3.5-9b,fitting,b7d3debe1dce,xstest_safe,False,test,user,natural_slot,33,10,23,32,False
qwen3.5-9b,fitting,b7d3debe1dce,xstest_safe,False,test,tool,natural_slot,58,10,46,57,False
qwen3.5-9b,fitting,b7d3debe1dce,xstest_safe,False,test,assistant,natural_slot,46,10,36,45,False
qwen3.5-9b,fitting,b647ad24f887,alpaca,False,train,system,fixed_slot,35,14,16,34,False
qwen3.5-9b,fitting,b647ad24f887,alpaca,False,train,user,fixed_slot,46,14,36,45,True
qwen3.5-9b,fitting,b647ad24f887,alpaca,False,train,tool,fixed_slot,50,14,38,49,True
qwen3.5-9b,fitting,b647ad24f887,alpaca,False,train,assistant,fixed_slot,50,14,40,49,True
qwen3.5-9b,fitting,b647ad24f887,alpaca,False,train,system,natural_slot,35,14,16,34,False
qwen3.5-9b,fitting,b647ad24f887,alpaca,False,train,user,natural_slot,37,14,27,36,False
qwen3.5-9b,fitting,b647ad24f887,alpaca,False,train,tool,natural_slot,62,14,50,61,False
qwen3.5-9b,fitting,b647ad24f887,alpaca,False,train,assistant,natural_slot,50,14,40,49,False
qwen3.5-9b,fitting,35bb974141e9,xstest_safe,False,train,system,fixed_slot,35,14,16,34,False
qwen3.5-9b,fitting,35bb974141e9,xstest_safe,False,train,user,fixed_slot,46,14,36,45,True
qwen3.5-9b,fitting,35bb974141e9,xstest_safe,False,train,tool,fixed_slot,50,14,38,49,True
qwen3.5-9b,fitting,35bb974141e9,xstest_safe,False,train,assistant,fixed_slot,50,14,40,49,True
qwen3.5-9b,fitting,35bb974141e9,xstest_safe,False,train,system,natural_slot,35,14,16,34,False
qwen3.5-9b,fitting,35bb974141e9,xstest_safe,False,train,user,natural_slot,37,14,27,36,False
qwen3.5-9b,fitting,35bb974141e9,xstest_safe,False,train,tool,natural_slot,62,14,50,61,False
qwen3.5-9b,fitting,35bb974141e9,xstest_safe,False,train,assistant,natural_slot,50,14,40,49,False
qwen3.5-9b,fitting,814e9e272131,alpaca,False,train,system,fixed_slot,31,10,12,30,False
qwen3.5-9b,fitting,814e9e272131,alpaca,False,train,user,fixed_slot,42,10,32,41,True
qwen3.5-9b,fitting,814e9e272131,alpaca,False,train,tool,fixed_slot,46,10,34,45,True
qwen3.5-9b,fitting,814e9e272131,alpaca,False,train,assistant,fixed_slot,46,10,36,45,True
qwen3.5-9b,fitting,814e9e272131,alpaca,False,train,system,natural_slot,31,10,12,30,False
qwen3.5-9b,fitting,814e9e272131,alpaca,False,train,user,natural_slot,33,10,23,32,False
qwen3.5-9b,fitting,814e9e272131,alpaca,False,train,tool,natural_slot,58,10,46,57,False
qwen3.5-9b,fitting,814e9e272131,alpaca,False,train,assistant,natural_slot,46,10,36,45,False
qwen3.5-9b,fitting,9ae93c266221,xstest_safe,False,train,system,fixed_slot,28,7,9,27,False
qwen3.5-9b,fitting,9ae93c266221,xstest_safe,False,train,user,fixed_slot,39,7,29,38,True
qwen3.5-9b,fitting,9ae93c266221,xstest_safe,False,train,tool,fixed_slot,43,7,31,42,True
qwen3.5-9b,fitting,9ae93c266221,xstest_safe,False,train,assistant,fixed_slot,43,7,33,42,True
qwen3.5-9b,fitting,9ae93c266221,xstest_safe,False,train,system,natural_slot,28,7,9,27,False
qwen3.5-9b,fitting,9ae93c266221,xstest_safe,False,train,user,natural_slot,30,7,20,29,False
qwen3.5-9b,fitting,9ae93c266221,xstest_safe,False,train,tool,natural_slot,55,7,43,54,False
qwen3.5-9b,fitting,9ae93c266221,xstest_safe,False,train,assistant,natural_slot,43,7,33,42,False
qwen3.5-9b,fitting,9ba0da74e082,alpaca,False,test,system,fixed_slot,39,18,20,38,False
qwen3.5-9b,fitting,9ba0da74e082,alpaca,False,test,user,fixed_slot,50,18,40,49,True
qwen3.5-9b,fitting,9ba0da74e082,alpaca,False,test,tool,fixed_slot,54,18,42,53,True
qwen3.5-9b,fitting,9ba0da74e082,alpaca,False,test,assistant,fixed_slot,54,18,44,53,True
qwen3.5-9b,fitting,9ba0da74e082,alpaca,False,test,system,natural_slot,39,18,20,38,False
qwen3.5-9b,fitting,9ba0da74e082,alpaca,False,test,user,natural_slot,41,18,31,40,False
qwen3.5-9b,fitting,9ba0da74e082,alpaca,False,test,tool,natural_slot,66,18,54,65,False
qwen3.5-9b,fitting,9ba0da74e082,alpaca,False,test,assistant,natural_slot,54,18,44,53,False
qwen3.5-9b,fitting,742544f4bbc2,xstest_safe,False,train,system,fixed_slot,35,14,16,34,False
qwen3.5-9b,fitting,742544f4bbc2,xstest_safe,False,train,user,fixed_slot,46,14,36,45,True
qwen3.5-9b,fitting,742544f4bbc2,xstest_safe,False,train,tool,fixed_slot,50,14,38,49,True
qwen3.5-9b,fitting,742544f4bbc2,xstest_safe,False,train,assistant,fixed_slot,50,14,40,49,True
qwen3.5-9b,fitting,742544f4bbc2,xstest_safe,False,train,system,natural_slot,35,14,16,34,False
qwen3.5-9b,fitting,742544f4bbc2,xstest_safe,False,train,user,natural_slot,37,14,27,36,False
qwen3.5-9b,fitting,742544f4bbc2,xstest_safe,False,train,tool,natural_slot,62,14,50,61,False
qwen3.5-9b,fitting,742544f4bbc2,xstest_safe,False,train,assistant,natural_slot,50,14,40,49,False
qwen3.5-9b,fitting,243839b9adb2,alpaca,False,test,system,fixed_slot,32,11,13,31,False
qwen3.5-9b,fitting,243839b9adb2,alpaca,False,test,user,fixed_slot,43,11,33,42,True
qwen3.5-9b,fitting,243839b9adb2,alpaca,False,test,tool,fixed_slot,47,11,35,46,True
qwen3.5-9b,fitting,243839b9adb2,alpaca,False,test,assistant,fixed_slot,47,11,37,46,True
qwen3.5-9b,fitting,243839b9adb2,alpaca,False,test,system,natural_slot,32,11,13,31,False
qwen3.5-9b,fitting,243839b9adb2,alpaca,False,test,user,natural_slot,34,11,24,33,False
qwen3.5-9b,fitting,243839b9adb2,alpaca,False,test,tool,natural_slot,59,11,47,58,False
qwen3.5-9b,fitting,243839b9adb2,alpaca,False,test,assistant,natural_slot,47,11,37,46,False
qwen3.5-9b,fitting,8bf94142831e,xstest_safe,False,test,system,fixed_slot,30,9,11,29,False
qwen3.5-9b,fitting,8bf94142831e,xstest_safe,False,test,user,fixed_slot,41,9,31,40,True
qwen3.5-9b,fitting,8bf94142831e,xstest_safe,False,test,tool,fixed_slot,45,9,33,44,True
qwen3.5-9b,fitting,8bf94142831e,xstest_safe,False,test,assistant,fixed_slot,45,9,35,44,True
qwen3.5-9b,fitting,8bf94142831e,xstest_safe,False,test,system,natural_slot,30,9,11,29,False
qwen3.5-9b,fitting,8bf94142831e,xstest_safe,False,test,user,natural_slot,32,9,22,31,False
qwen3.5-9b,fitting,8bf94142831e,xstest_safe,False,test,tool,natural_slot,57,9,45,56,False
qwen3.5-9b,fitting,8bf94142831e,xstest_safe,False,test,assistant,natural_slot,45,9,35,44,False
qwen3.5-9b,fitting,9000591080b8,alpaca,False,train,system,fixed_slot,37,16,18,36,False
qwen3.5-9b,fitting,9000591080b8,alpaca,False,train,user,fixed_slot,48,16,38,47,True
qwen3.5-9b,fitting,9000591080b8,alpaca,False,train,tool,fixed_slot,52,16,40,51,True
qwen3.5-9b,fitting,9000591080b8,alpaca,False,train,assistant,fixed_slot,52,16,42,51,True
qwen3.5-9b,fitting,9000591080b8,alpaca,False,train,system,natural_slot,37,16,18,36,False
qwen3.5-9b,fitting,9000591080b8,alpaca,False,train,user,natural_slot,39,16,29,38,False
qwen3.5-9b,fitting,9000591080b8,alpaca,False,train,tool,natural_slot,64,16,52,63,False
qwen3.5-9b,fitting,9000591080b8,alpaca,False,train,assistant,natural_slot,52,16,42,51,False
qwen3.5-9b,fitting,eb772de0b5e7,xstest_safe,False,train,system,fixed_slot,36,15,17,35,False
qwen3.5-9b,fitting,eb772de0b5e7,xstest_safe,False,train,user,fixed_slot,47,15,37,46,True
qwen3.5-9b,fitting,eb772de0b5e7,xstest_safe,False,train,tool,fixed_slot,51,15,39,50,True
qwen3.5-9b,fitting,eb772de0b5e7,xstest_safe,False,train,assistant,fixed_slot,51,15,41,50,True
qwen3.5-9b,fitting,eb772de0b5e7,xstest_safe,False,train,system,natural_slot,36,15,17,35,False
qwen3.5-9b,fitting,eb772de0b5e7,xstest_safe,False,train,user,natural_slot,38,15,28,37,False
qwen3.5-9b,fitting,eb772de0b5e7,xstest_safe,False,train,tool,natural_slot,63,15,51,62,False
qwen3.5-9b,fitting,eb772de0b5e7,xstest_safe,False,train,assistant,natural_slot,51,15,41,50,False
qwen3.5-9b,fitting,d22afe536e72,alpaca,False,train,system,fixed_slot,32,11,13,31,False
qwen3.5-9b,fitting,d22afe536e72,alpaca,False,train,user,fixed_slot,43,11,33,42,True
qwen3.5-9b,fitting,d22afe536e72,alpaca,False,train,tool,fixed_slot,47,11,35,46,True
qwen3.5-9b,fitting,d22afe536e72,alpaca,False,train,assistant,fixed_slot,47,11,37,46,True
qwen3.5-9b,fitting,d22afe536e72,alpaca,False,train,system,natural_slot,32,11,13,31,False
qwen3.5-9b,fitting,d22afe536e72,alpaca,False,train,user,natural_slot,34,11,24,33,False
qwen3.5-9b,fitting,d22afe536e72,alpaca,False,train,tool,natural_slot,59,11,47,58,False
qwen3.5-9b,fitting,d22afe536e72,alpaca,False,train,assistant,natural_slot,47,11,37,46,False
qwen3.5-9b,fitting,73ba950083b7,xstest_safe,False,train,system,fixed_slot,34,13,15,33,False
qwen3.5-9b,fitting,73ba950083b7,xstest_safe,False,train,user,fixed_slot,45,13,35,44,True
qwen3.5-9b,fitting,73ba950083b7,xstest_safe,False,train,tool,fixed_slot,49,13,37,48,True
qwen3.5-9b,fitting,73ba950083b7,xstest_safe,False,train,assistant,fixed_slot,49,13,39,48,True
qwen3.5-9b,fitting,73ba950083b7,xstest_safe,False,train,system,natural_slot,34,13,15,33,False
qwen3.5-9b,fitting,73ba950083b7,xstest_safe,False,train,user,natural_slot,36,13,26,35,False
qwen3.5-9b,fitting,73ba950083b7,xstest_safe,False,train,tool,natural_slot,61,13,49,60,False
qwen3.5-9b,fitting,73ba950083b7,xstest_safe,False,train,assistant,natural_slot,49,13,39,48,False
qwen3.5-9b,fitting,6f7ef7b0ec19,alpaca,False,test,system,fixed_slot,36,15,17,35,False
qwen3.5-9b,fitting,6f7ef7b0ec19,alpaca,False,test,user,fixed_slot,47,15,37,46,True
qwen3.5-9b,fitting,6f7ef7b0ec19,alpaca,False,test,tool,fixed_slot,51,15,39,50,True
qwen3.5-9b,fitting,6f7ef7b0ec19,alpaca,False,test,assistant,fixed_slot,51,15,41,50,True
qwen3.5-9b,fitting,6f7ef7b0ec19,alpaca,False,test,system,natural_slot,36,15,17,35,False
qwen3.5-9b,fitting,6f7ef7b0ec19,alpaca,False,test,user,natural_slot,38,15,28,37,False
qwen3.5-9b,fitting,6f7ef7b0ec19,alpaca,False,test,tool,natural_slot,63,15,51,62,False
qwen3.5-9b,fitting,6f7ef7b0ec19,alpaca,False,test,assistant,natural_slot,51,15,41,50,False
qwen3.5-9b,fitting,8609034afc3d,xstest_safe,False,train,system,fixed_slot,25,4,6,24,False
qwen3.5-9b,fitting,8609034afc3d,xstest_safe,False,train,user,fixed_slot,36,4,26,35,True
qwen3.5-9b,fitting,8609034afc3d,xstest_safe,False,train,tool,fixed_slot,40,4,28,39,True
qwen3.5-9b,fitting,8609034afc3d,xstest_safe,False,train,assistant,fixed_slot,40,4,30,39,True
qwen3.5-9b,fitting,8609034afc3d,xstest_safe,False,train,system,natural_slot,25,4,6,24,False
qwen3.5-9b,fitting,8609034afc3d,xstest_safe,False,train,user,natural_slot,27,4,17,26,False
qwen3.5-9b,fitting,8609034afc3d,xstest_safe,False,train,tool,natural_slot,52,4,40,51,False
qwen3.5-9b,fitting,8609034afc3d,xstest_safe,False,train,assistant,natural_slot,40,4,30,39,False
qwen3.5-9b,fitting,594e04d9436d,alpaca,False,train,system,fixed_slot,34,13,15,33,False
qwen3.5-9b,fitting,594e04d9436d,alpaca,False,train,user,fixed_slot,45,13,35,44,True
qwen3.5-9b,fitting,594e04d9436d,alpaca,False,train,tool,fixed_slot,49,13,37,48,True
qwen3.5-9b,fitting,594e04d9436d,alpaca,False,train,assistant,fixed_slot,49,13,39,48,True
qwen3.5-9b,fitting,594e04d9436d,alpaca,False,train,system,natural_slot,34,13,15,33,False
qwen3.5-9b,fitting,594e04d9436d,alpaca,False,train,user,natural_slot,36,13,26,35,False
qwen3.5-9b,fitting,594e04d9436d,alpaca,False,train,tool,natural_slot,61,13,49,60,False
qwen3.5-9b,fitting,594e04d9436d,alpaca,False,train,assistant,natural_slot,49,13,39,48,False
qwen3.5-9b,fitting,b18cc2445fb4,xstest_safe,False,train,system,fixed_slot,31,10,12,30,False
qwen3.5-9b,fitting,b18cc2445fb4,xstest_safe,False,train,user,fixed_slot,42,10,32,41,True
qwen3.5-9b,fitting,b18cc2445fb4,xstest_safe,False,train,tool,fixed_slot,46,10,34,45,True
qwen3.5-9b,fitting,b18cc2445fb4,xstest_safe,False,train,assistant,fixed_slot,46,10,36,45,True
qwen3.5-9b,fitting,b18cc2445fb4,xstest_safe,False,train,system,natural_slot,31,10,12,30,False
qwen3.5-9b,fitting,b18cc2445fb4,xstest_safe,False,train,user,natural_slot,33,10,23,32,False
qwen3.5-9b,fitting,b18cc2445fb4,xstest_safe,False,train,tool,natural_slot,58,10,46,57,False
qwen3.5-9b,fitting,b18cc2445fb4,xstest_safe,False,train,assistant,natural_slot,46,10,36,45,False
qwen3.5-9b,fitting,6f84559df8ca,alpaca,False,train,system,fixed_slot,36,15,17,35,False
qwen3.5-9b,fitting,6f84559df8ca,alpaca,False,train,user,fixed_slot,47,15,37,46,True
qwen3.5-9b,fitting,6f84559df8ca,alpaca,False,train,tool,fixed_slot,51,15,39,50,True
qwen3.5-9b,fitting,6f84559df8ca,alpaca,False,train,assistant,fixed_slot,51,15,41,50,True
qwen3.5-9b,fitting,6f84559df8ca,alpaca,False,train,system,natural_slot,36,15,17,35,False
qwen3.5-9b,fitting,6f84559df8ca,alpaca,False,train,user,natural_slot,38,15,28,37,False
qwen3.5-9b,fitting,6f84559df8ca,alpaca,False,train,tool,natural_slot,63,15,51,62,False
qwen3.5-9b,fitting,6f84559df8ca,alpaca,False,train,assistant,natural_slot,51,15,41,50,False
qwen3.5-9b,fitting,9d2b36b8d111,xstest_safe,False,train,system,fixed_slot,37,16,18,36,False
qwen3.5-9b,fitting,9d2b36b8d111,xstest_safe,False,train,user,fixed_slot,48,16,38,47,True
qwen3.5-9b,fitting,9d2b36b8d111,xstest_safe,False,train,tool,fixed_slot,52,16,40,51,True
qwen3.5-9b,fitting,9d2b36b8d111,xstest_safe,False,train,assistant,fixed_slot,52,16,42,51,True
qwen3.5-9b,fitting,9d2b36b8d111,xstest_safe,False,train,system,natural_slot,37,16,18,36,False
qwen3.5-9b,fitting,9d2b36b8d111,xstest_safe,False,train,user,natural_slot,39,16,29,38,False
qwen3.5-9b,fitting,9d2b36b8d111,xstest_safe,False,train,tool,natural_slot,64,16,52,63,False
qwen3.5-9b,fitting,9d2b36b8d111,xstest_safe,False,train,assistant,natural_slot,52,16,42,51,False
qwen3.5-9b,fitting,6ce441a66144,alpaca,False,train,system,fixed_slot,31,10,12,30,False
qwen3.5-9b,fitting,6ce441a66144,alpaca,False,train,user,fixed_slot,42,10,32,41,True
qwen3.5-9b,fitting,6ce441a66144,alpaca,False,train,tool,fixed_slot,46,10,34,45,True
qwen3.5-9b,fitting,6ce441a66144,alpaca,False,train,assistant,fixed_slot,46,10,36,45,True
qwen3.5-9b,fitting,6ce441a66144,alpaca,False,train,system,natural_slot,31,10,12,30,False
qwen3.5-9b,fitting,6ce441a66144,alpaca,False,train,user,natural_slot,33,10,23,32,False
qwen3.5-9b,fitting,6ce441a66144,alpaca,False,train,tool,natural_slot,58,10,46,57,False
qwen3.5-9b,fitting,6ce441a66144,alpaca,False,train,assistant,natural_slot,46,10,36,45,False
qwen3.5-9b,fitting,3cb941dbf5c1,xstest_safe,False,train,system,fixed_slot,29,8,10,28,False
qwen3.5-9b,fitting,3cb941dbf5c1,xstest_safe,False,train,user,fixed_slot,40,8,30,39,True
qwen3.5-9b,fitting,3cb941dbf5c1,xstest_safe,False,train,tool,fixed_slot,44,8,32,43,True
qwen3.5-9b,fitting,3cb941dbf5c1,xstest_safe,False,train,assistant,fixed_slot,44,8,34,43,True
qwen3.5-9b,fitting,3cb941dbf5c1,xstest_safe,False,train,system,natural_slot,29,8,10,28,False
qwen3.5-9b,fitting,3cb941dbf5c1,xstest_safe,False,train,user,natural_slot,31,8,21,30,False
qwen3.5-9b,fitting,3cb941dbf5c1,xstest_safe,False,train,tool,natural_slot,56,8,44,55,False
qwen3.5-9b,fitting,3cb941dbf5c1,xstest_safe,False,train,assistant,natural_slot,44,8,34,43,False
qwen3.5-9b,fitting,b3cd74cb86d7,alpaca,False,train,system,fixed_slot,37,16,18,36,False
qwen3.5-9b,fitting,b3cd74cb86d7,alpaca,False,train,user,fixed_slot,48,16,38,47,True
qwen3.5-9b,fitting,b3cd74cb86d7,alpaca,False,train,tool,fixed_slot,52,16,40,51,True
qwen3.5-9b,fitting,b3cd74cb86d7,alpaca,False,train,assistant,fixed_slot,52,16,42,51,True
qwen3.5-9b,fitting,b3cd74cb86d7,alpaca,False,train,system,natural_slot,37,16,18,36,False
qwen3.5-9b,fitting,b3cd74cb86d7,alpaca,False,train,user,natural_slot,39,16,29,38,False
qwen3.5-9b,fitting,b3cd74cb86d7,alpaca,False,train,tool,natural_slot,64,16,52,63,False
qwen3.5-9b,fitting,b3cd74cb86d7,alpaca,False,train,assistant,natural_slot,52,16,42,51,False
qwen3.5-9b,fitting,9c7be1b1dd0e,xstest_safe,False,train,system,fixed_slot,32,11,13,31,False
qwen3.5-9b,fitting,9c7be1b1dd0e,xstest_safe,False,train,user,fixed_slot,43,11,33,42,True
qwen3.5-9b,fitting,9c7be1b1dd0e,xstest_safe,False,train,tool,fixed_slot,47,11,35,46,True
qwen3.5-9b,fitting,9c7be1b1dd0e,xstest_safe,False,train,assistant,fixed_slot,47,11,37,46,True
qwen3.5-9b,fitting,9c7be1b1dd0e,xstest_safe,False,train,system,natural_slot,32,11,13,31,False
qwen3.5-9b,fitting,9c7be1b1dd0e,xstest_safe,False,train,user,natural_slot,34,11,24,33,False
qwen3.5-9b,fitting,9c7be1b1dd0e,xstest_safe,False,train,tool,natural_slot,59,11,47,58,False
qwen3.5-9b,fitting,9c7be1b1dd0e,xstest_safe,False,train,assistant,natural_slot,47,11,37,46,False
qwen3.5-9b,fitting,8c278bc6c4d7,alpaca,False,train,system,fixed_slot,30,9,11,29,False
qwen3.5-9b,fitting,8c278bc6c4d7,alpaca,False,train,user,fixed_slot,41,9,31,40,True
qwen3.5-9b,fitting,8c278bc6c4d7,alpaca,False,train,tool,fixed_slot,45,9,33,44,True
qwen3.5-9b,fitting,8c278bc6c4d7,alpaca,False,train,assistant,fixed_slot,45,9,35,44,True
qwen3.5-9b,fitting,8c278bc6c4d7,alpaca,False,train,system,natural_slot,30,9,11,29,False
qwen3.5-9b,fitting,8c278bc6c4d7,alpaca,False,train,user,natural_slot,32,9,22,31,False
qwen3.5-9b,fitting,8c278bc6c4d7,alpaca,False,train,tool,natural_slot,57,9,45,56,False
qwen3.5-9b,fitting,8c278bc6c4d7,alpaca,False,train,assistant,natural_slot,45,9,35,44,False
qwen3.5-9b,fitting,212fe7ee2c15,xstest_safe,False,train,system,fixed_slot,33,12,14,32,False
qwen3.5-9b,fitting,212fe7ee2c15,xstest_safe,False,train,user,fixed_slot,44,12,34,43,True
qwen3.5-9b,fitting,212fe7ee2c15,xstest_safe,False,train,tool,fixed_slot,48,12,36,47,True
qwen3.5-9b,fitting,212fe7ee2c15,xstest_safe,False,train,assistant,fixed_slot,48,12,38,47,True
qwen3.5-9b,fitting,212fe7ee2c15,xstest_safe,False,train,system,natural_slot,33,12,14,32,False
qwen3.5-9b,fitting,212fe7ee2c15,xstest_safe,False,train,user,natural_slot,35,12,25,34,False
qwen3.5-9b,fitting,212fe7ee2c15,xstest_safe,False,train,tool,natural_slot,60,12,48,59,False
qwen3.5-9b,fitting,212fe7ee2c15,xstest_safe,False,train,assistant,natural_slot,48,12,38,47,False
qwen3.5-9b,fitting,4ddb5f2c8444,alpaca,False,train,system,fixed_slot,30,9,11,29,False
qwen3.5-9b,fitting,4ddb5f2c8444,alpaca,False,train,user,fixed_slot,41,9,31,40,True
qwen3.5-9b,fitting,4ddb5f2c8444,alpaca,False,train,tool,fixed_slot,45,9,33,44,True
qwen3.5-9b,fitting,4ddb5f2c8444,alpaca,False,train,assistant,fixed_slot,45,9,35,44,True
qwen3.5-9b,fitting,4ddb5f2c8444,alpaca,False,train,system,natural_slot,30,9,11,29,False
qwen3.5-9b,fitting,4ddb5f2c8444,alpaca,False,train,user,natural_slot,32,9,22,31,False
qwen3.5-9b,fitting,4ddb5f2c8444,alpaca,False,train,tool,natural_slot,57,9,45,56,False
qwen3.5-9b,fitting,4ddb5f2c8444,alpaca,False,train,assistant,natural_slot,45,9,35,44,False
qwen3.5-9b,fitting,522879a433fa,xstest_safe,False,train,system,fixed_slot,29,8,10,28,False
qwen3.5-9b,fitting,522879a433fa,xstest_safe,False,train,user,fixed_slot,40,8,30,39,True
qwen3.5-9b,fitting,522879a433fa,xstest_safe,False,train,tool,fixed_slot,44,8,32,43,True
qwen3.5-9b,fitting,522879a433fa,xstest_safe,False,train,assistant,fixed_slot,44,8,34,43,True
qwen3.5-9b,fitting,522879a433fa,xstest_safe,False,train,system,natural_slot,29,8,10,28,False
qwen3.5-9b,fitting,522879a433fa,xstest_safe,False,train,user,natural_slot,31,8,21,30,False
qwen3.5-9b,fitting,522879a433fa,xstest_safe,False,train,tool,natural_slot,56,8,44,55,False
qwen3.5-9b,fitting,522879a433fa,xstest_safe,False,train,assistant,natural_slot,44,8,34,43,False
qwen3.5-9b,fitting,a6b4b2f62ec2,alpaca,False,test,system,fixed_slot,34,13,15,33,False
qwen3.5-9b,fitting,a6b4b2f62ec2,alpaca,False,test,user,fixed_slot,45,13,35,44,True
qwen3.5-9b,fitting,a6b4b2f62ec2,alpaca,False,test,tool,fixed_slot,49,13,37,48,True
qwen3.5-9b,fitting,a6b4b2f62ec2,alpaca,False,test,assistant,fixed_slot,49,13,39,48,True
qwen3.5-9b,fitting,a6b4b2f62ec2,alpaca,False,test,system,natural_slot,34,13,15,33,False
qwen3.5-9b,fitting,a6b4b2f62ec2,alpaca,False,test,user,natural_slot,36,13,26,35,False
qwen3.5-9b,fitting,a6b4b2f62ec2,alpaca,False,test,tool,natural_slot,61,13,49,60,False
qwen3.5-9b,fitting,a6b4b2f62ec2,alpaca,False,test,assistant,natural_slot,49,13,39,48,False
qwen3.5-9b,fitting,e56714b7ed2b,xstest_safe,False,test,system,fixed_slot,26,5,7,25,False
qwen3.5-9b,fitting,e56714b7ed2b,xstest_safe,False,test,user,fixed_slot,37,5,27,36,True
qwen3.5-9b,fitting,e56714b7ed2b,xstest_safe,False,test,tool,fixed_slot,41,5,29,40,True
qwen3.5-9b,fitting,e56714b7ed2b,xstest_safe,False,test,assistant,fixed_slot,41,5,31,40,True
qwen3.5-9b,fitting,e56714b7ed2b,xstest_safe,False,test,system,natural_slot,26,5,7,25,False
qwen3.5-9b,fitting,e56714b7ed2b,xstest_safe,False,test,user,natural_slot,28,5,18,27,False
qwen3.5-9b,fitting,e56714b7ed2b,xstest_safe,False,test,tool,natural_slot,53,5,41,52,False
qwen3.5-9b,fitting,e56714b7ed2b,xstest_safe,False,test,assistant,natural_slot,41,5,31,40,False
qwen3.5-9b,fitting,6331663817d0,alpaca,False,test,system,fixed_slot,32,11,13,31,False
qwen3.5-9b,fitting,6331663817d0,alpaca,False,test,user,fixed_slot,43,11,33,42,True
qwen3.5-9b,fitting,6331663817d0,alpaca,False,test,tool,fixed_slot,47,11,35,46,True
qwen3.5-9b,fitting,6331663817d0,alpaca,False,test,assistant,fixed_slot,47,11,37,46,True
qwen3.5-9b,fitting,6331663817d0,alpaca,False,test,system,natural_slot,32,11,13,31,False
qwen3.5-9b,fitting,6331663817d0,alpaca,False,test,user,natural_slot,34,11,24,33,False
qwen3.5-9b,fitting,6331663817d0,alpaca,False,test,tool,natural_slot,59,11,47,58,False
qwen3.5-9b,fitting,6331663817d0,alpaca,False,test,assistant,natural_slot,47,11,37,46,False
qwen3.5-9b,fitting,8dd11ab37d08,xstest_safe,False,train,system,fixed_slot,30,9,11,29,False
qwen3.5-9b,fitting,8dd11ab37d08,xstest_safe,False,train,user,fixed_slot,41,9,31,40,True
qwen3.5-9b,fitting,8dd11ab37d08,xstest_safe,False,train,tool,fixed_slot,45,9,33,44,True
qwen3.5-9b,fitting,8dd11ab37d08,xstest_safe,False,train,assistant,fixed_slot,45,9,35,44,True
qwen3.5-9b,fitting,8dd11ab37d08,xstest_safe,False,train,system,natural_slot,30,9,11,29,False
qwen3.5-9b,fitting,8dd11ab37d08,xstest_safe,False,train,user,natural_slot,32,9,22,31,False
qwen3.5-9b,fitting,8dd11ab37d08,xstest_safe,False,train,tool,natural_slot,57,9,45,56,False
qwen3.5-9b,fitting,8dd11ab37d08,xstest_safe,False,train,assistant,natural_slot,45,9,35,44,False
qwen3.5-9b,fitting,5a19203be94e,alpaca,False,test,system,fixed_slot,40,19,21,39,False
qwen3.5-9b,fitting,5a19203be94e,alpaca,False,test,user,fixed_slot,51,19,41,50,True
qwen3.5-9b,fitting,5a19203be94e,alpaca,False,test,tool,fixed_slot,55,19,43,54,True
qwen3.5-9b,fitting,5a19203be94e,alpaca,False,test,assistant,fixed_slot,55,19,45,54,True
qwen3.5-9b,fitting,5a19203be94e,alpaca,False,test,system,natural_slot,40,19,21,39,False
qwen3.5-9b,fitting,5a19203be94e,alpaca,False,test,user,natural_slot,42,19,32,41,False
qwen3.5-9b,fitting,5a19203be94e,alpaca,False,test,tool,natural_slot,67,19,55,66,False
qwen3.5-9b,fitting,5a19203be94e,alpaca,False,test,assistant,natural_slot,55,19,45,54,False
qwen3.5-9b,fitting,164c57307c6f,xstest_safe,False,train,system,fixed_slot,32,11,13,31,False
qwen3.5-9b,fitting,164c57307c6f,xstest_safe,False,train,user,fixed_slot,43,11,33,42,True
qwen3.5-9b,fitting,164c57307c6f,xstest_safe,False,train,tool,fixed_slot,47,11,35,46,True
qwen3.5-9b,fitting,164c57307c6f,xstest_safe,False,train,assistant,fixed_slot,47,11,37,46,True
qwen3.5-9b,fitting,164c57307c6f,xstest_safe,False,train,system,natural_slot,32,11,13,31,False
qwen3.5-9b,fitting,164c57307c6f,xstest_safe,False,train,user,natural_slot,34,11,24,33,False
qwen3.5-9b,fitting,164c57307c6f,xstest_safe,False,train,tool,natural_slot,59,11,47,58,False
qwen3.5-9b,fitting,164c57307c6f,xstest_safe,False,train,assistant,natural_slot,47,11,37,46,False
qwen3.5-9b,fitting,ecdeb9ed0d84,alpaca,False,train,system,fixed_slot,30,9,11,29,False
qwen3.5-9b,fitting,ecdeb9ed0d84,alpaca,False,train,user,fixed_slot,41,9,31,40,True
qwen3.5-9b,fitting,ecdeb9ed0d84,alpaca,False,train,tool,fixed_slot,45,9,33,44,True
qwen3.5-9b,fitting,ecdeb9ed0d84,alpaca,False,train,assistant,fixed_slot,45,9,35,44,True
qwen3.5-9b,fitting,ecdeb9ed0d84,alpaca,False,train,system,natural_slot,30,9,11,29,False
qwen3.5-9b,fitting,ecdeb9ed0d84,alpaca,False,train,user,natural_slot,32,9,22,31,False
qwen3.5-9b,fitting,ecdeb9ed0d84,alpaca,False,train,tool,natural_slot,57,9,45,56,False
qwen3.5-9b,fitting,ecdeb9ed0d84,alpaca,False,train,assistant,natural_slot,45,9,35,44,False
qwen3.5-9b,fitting,95eb11740720,xstest_safe,False,train,system,fixed_slot,38,17,19,37,False
qwen3.5-9b,fitting,95eb11740720,xstest_safe,False,train,user,fixed_slot,49,17,39,48,True
qwen3.5-9b,fitting,95eb11740720,xstest_safe,False,train,tool,fixed_slot,53,17,41,52,True
qwen3.5-9b,fitting,95eb11740720,xstest_safe,False,train,assistant,fixed_slot,53,17,43,52,True
qwen3.5-9b,fitting,95eb11740720,xstest_safe,False,train,system,natural_slot,38,17,19,37,False
qwen3.5-9b,fitting,95eb11740720,xstest_safe,False,train,user,natural_slot,40,17,30,39,False
qwen3.5-9b,fitting,95eb11740720,xstest_safe,False,train,tool,natural_slot,65,17,53,64,False
qwen3.5-9b,fitting,95eb11740720,xstest_safe,False,train,assistant,natural_slot,53,17,43,52,False
qwen3.5-9b,fitting,823e1fe3c3f4,alpaca,False,test,system,fixed_slot,30,9,11,29,False
qwen3.5-9b,fitting,823e1fe3c3f4,alpaca,False,test,user,fixed_slot,41,9,31,40,True
qwen3.5-9b,fitting,823e1fe3c3f4,alpaca,False,test,tool,fixed_slot,45,9,33,44,True
qwen3.5-9b,fitting,823e1fe3c3f4,alpaca,False,test,assistant,fixed_slot,45,9,35,44,True
qwen3.5-9b,fitting,823e1fe3c3f4,alpaca,False,test,system,natural_slot,30,9,11,29,False
qwen3.5-9b,fitting,823e1fe3c3f4,alpaca,False,test,user,natural_slot,32,9,22,31,False
qwen3.5-9b,fitting,823e1fe3c3f4,alpaca,False,test,tool,natural_slot,57,9,45,56,False
qwen3.5-9b,fitting,823e1fe3c3f4,alpaca,False,test,assistant,natural_slot,45,9,35,44,False
qwen3.5-9b,fitting,86e38d455e3d,xstest_safe,False,test,system,fixed_slot,25,4,6,24,False
qwen3.5-9b,fitting,86e38d455e3d,xstest_safe,False,test,user,fixed_slot,36,4,26,35,True
qwen3.5-9b,fitting,86e38d455e3d,xstest_safe,False,test,tool,fixed_slot,40,4,28,39,True
qwen3.5-9b,fitting,86e38d455e3d,xstest_safe,False,test,assistant,fixed_slot,40,4,30,39,True
qwen3.5-9b,fitting,86e38d455e3d,xstest_safe,False,test,system,natural_slot,25,4,6,24,False
qwen3.5-9b,fitting,86e38d455e3d,xstest_safe,False,test,user,natural_slot,27,4,17,26,False
qwen3.5-9b,fitting,86e38d455e3d,xstest_safe,False,test,tool,natural_slot,52,4,40,51,False
qwen3.5-9b,fitting,86e38d455e3d,xstest_safe,False,test,assistant,natural_slot,40,4,30,39,False
qwen3.5-9b,fitting,245a18eaef19,alpaca,False,test,system,fixed_slot,33,12,14,32,False
qwen3.5-9b,fitting,245a18eaef19,alpaca,False,test,user,fixed_slot,44,12,34,43,True
qwen3.5-9b,fitting,245a18eaef19,alpaca,False,test,tool,fixed_slot,48,12,36,47,True
qwen3.5-9b,fitting,245a18eaef19,alpaca,False,test,assistant,fixed_slot,48,12,38,47,True
qwen3.5-9b,fitting,245a18eaef19,alpaca,False,test,system,natural_slot,33,12,14,32,False
qwen3.5-9b,fitting,245a18eaef19,alpaca,False,test,user,natural_slot,35,12,25,34,False
qwen3.5-9b,fitting,245a18eaef19,alpaca,False,test,tool,natural_slot,60,12,48,59,False
qwen3.5-9b,fitting,245a18eaef19,alpaca,False,test,assistant,natural_slot,48,12,38,47,False
qwen3.5-9b,fitting,c699d4581cb6,xstest_safe,False,train,system,fixed_slot,32,11,13,31,False
qwen3.5-9b,fitting,c699d4581cb6,xstest_safe,False,train,user,fixed_slot,43,11,33,42,True
qwen3.5-9b,fitting,c699d4581cb6,xstest_safe,False,train,tool,fixed_slot,47,11,35,46,True
qwen3.5-9b,fitting,c699d4581cb6,xstest_safe,False,train,assistant,fixed_slot,47,11,37,46,True
qwen3.5-9b,fitting,c699d4581cb6,xstest_safe,False,train,system,natural_slot,32,11,13,31,False
qwen3.5-9b,fitting,c699d4581cb6,xstest_safe,False,train,user,natural_slot,34,11,24,33,False
qwen3.5-9b,fitting,c699d4581cb6,xstest_safe,False,train,tool,natural_slot,59,11,47,58,False
qwen3.5-9b,fitting,c699d4581cb6,xstest_safe,False,train,assistant,natural_slot,47,11,37,46,False
qwen3.5-9b,fitting,2ca31d9e4bc1,alpaca,False,train,system,fixed_slot,32,11,13,31,False
qwen3.5-9b,fitting,2ca31d9e4bc1,alpaca,False,train,user,fixed_slot,43,11,33,42,True
qwen3.5-9b,fitting,2ca31d9e4bc1,alpaca,False,train,tool,fixed_slot,47,11,35,46,True
qwen3.5-9b,fitting,2ca31d9e4bc1,alpaca,False,train,assistant,fixed_slot,47,11,37,46,True
qwen3.5-9b,fitting,2ca31d9e4bc1,alpaca,False,train,system,natural_slot,32,11,13,31,False
qwen3.5-9b,fitting,2ca31d9e4bc1,alpaca,False,train,user,natural_slot,34,11,24,33,False
qwen3.5-9b,fitting,2ca31d9e4bc1,alpaca,False,train,tool,natural_slot,59,11,47,58,False
qwen3.5-9b,fitting,2ca31d9e4bc1,alpaca,False,train,assistant,natural_slot,47,11,37,46,False
qwen3.5-9b,fitting,022ebdf50d4f,xstest_safe,False,train,system,fixed_slot,25,4,6,24,False
qwen3.5-9b,fitting,022ebdf50d4f,xstest_safe,False,train,user,fixed_slot,36,4,26,35,True
qwen3.5-9b,fitting,022ebdf50d4f,xstest_safe,False,train,tool,fixed_slot,40,4,28,39,True
qwen3.5-9b,fitting,022ebdf50d4f,xstest_safe,False,train,assistant,fixed_slot,40,4,30,39,True
qwen3.5-9b,fitting,022ebdf50d4f,xstest_safe,False,train,system,natural_slot,25,4,6,24,False
qwen3.5-9b,fitting,022ebdf50d4f,xstest_safe,False,train,user,natural_slot,27,4,17,26,False
qwen3.5-9b,fitting,022ebdf50d4f,xstest_safe,False,train,tool,natural_slot,52,4,40,51,False
qwen3.5-9b,fitting,022ebdf50d4f,xstest_safe,False,train,assistant,natural_slot,40,4,30,39,False
qwen3.5-9b,fitting,eb2499671db5,alpaca,False,train,system,fixed_slot,31,10,12,30,False
qwen3.5-9b,fitting,eb2499671db5,alpaca,False,train,user,fixed_slot,42,10,32,41,True
qwen3.5-9b,fitting,eb2499671db5,alpaca,False,train,tool,fixed_slot,46,10,34,45,True
qwen3.5-9b,fitting,eb2499671db5,alpaca,False,train,assistant,fixed_slot,46,10,36,45,True
qwen3.5-9b,fitting,eb2499671db5,alpaca,False,train,system,natural_slot,31,10,12,30,False
qwen3.5-9b,fitting,eb2499671db5,alpaca,False,train,user,natural_slot,33,10,23,32,False
qwen3.5-9b,fitting,eb2499671db5,alpaca,False,train,tool,natural_slot,58,10,46,57,False
qwen3.5-9b,fitting,eb2499671db5,alpaca,False,train,assistant,natural_slot,46,10,36,45,False
qwen3.5-9b,fitting,a9367efebeb8,xstest_safe,False,test,system,fixed_slot,30,9,11,29,False
qwen3.5-9b,fitting,a9367efebeb8,xstest_safe,False,test,user,fixed_slot,41,9,31,40,True
qwen3.5-9b,fitting,a9367efebeb8,xstest_safe,False,test,tool,fixed_slot,45,9,33,44,True
qwen3.5-9b,fitting,a9367efebeb8,xstest_safe,False,test,assistant,fixed_slot,45,9,35,44,True
qwen3.5-9b,fitting,a9367efebeb8,xstest_safe,False,test,system,natural_slot,30,9,11,29,False
qwen3.5-9b,fitting,a9367efebeb8,xstest_safe,False,test,user,natural_slot,32,9,22,31,False
qwen3.5-9b,fitting,a9367efebeb8,xstest_safe,False,test,tool,natural_slot,57,9,45,56,False
qwen3.5-9b,fitting,a9367efebeb8,xstest_safe,False,test,assistant,natural_slot,45,9,35,44,False
qwen3.5-9b,fitting,ef4f0af42c9e,alpaca,False,train,system,fixed_slot,30,9,11,29,False
qwen3.5-9b,fitting,ef4f0af42c9e,alpaca,False,train,user,fixed_slot,41,9,31,40,True
qwen3.5-9b,fitting,ef4f0af42c9e,alpaca,False,train,tool,fixed_slot,45,9,33,44,True
qwen3.5-9b,fitting,ef4f0af42c9e,alpaca,False,train,assistant,fixed_slot,45,9,35,44,True
qwen3.5-9b,fitting,ef4f0af42c9e,alpaca,False,train,system,natural_slot,30,9,11,29,False
qwen3.5-9b,fitting,ef4f0af42c9e,alpaca,False,train,user,natural_slot,32,9,22,31,False
qwen3.5-9b,fitting,ef4f0af42c9e,alpaca,False,train,tool,natural_slot,57,9,45,56,False
qwen3.5-9b,fitting,ef4f0af42c9e,alpaca,False,train,assistant,natural_slot,45,9,35,44,False
qwen3.5-9b,fitting,f77901c58c7e,xstest_safe,False,train,system,fixed_slot,31,10,12,30,False
qwen3.5-9b,fitting,f77901c58c7e,xstest_safe,False,train,user,fixed_slot,42,10,32,41,True
qwen3.5-9b,fitting,f77901c58c7e,xstest_safe,False,train,tool,fixed_slot,46,10,34,45,True
qwen3.5-9b,fitting,f77901c58c7e,xstest_safe,False,train,assistant,fixed_slot,46,10,36,45,True
qwen3.5-9b,fitting,f77901c58c7e,xstest_safe,False,train,system,natural_slot,31,10,12,30,False
qwen3.5-9b,fitting,f77901c58c7e,xstest_safe,False,train,user,natural_slot,33,10,23,32,False
qwen3.5-9b,fitting,f77901c58c7e,xstest_safe,False,train,tool,natural_slot,58,10,46,57,False
qwen3.5-9b,fitting,f77901c58c7e,xstest_safe,False,train,assistant,natural_slot,46,10,36,45,False
qwen3.5-9b,fitting,6bfe7b428cca,alpaca,False,train,system,fixed_slot,31,10,12,30,False
qwen3.5-9b,fitting,6bfe7b428cca,alpaca,False,train,user,fixed_slot,42,10,32,41,True
qwen3.5-9b,fitting,6bfe7b428cca,alpaca,False,train,tool,fixed_slot,46,10,34,45,True
qwen3.5-9b,fitting,6bfe7b428cca,alpaca,False,train,assistant,fixed_slot,46,10,36,45,True
qwen3.5-9b,fitting,6bfe7b428cca,alpaca,False,train,system,natural_slot,31,10,12,30,False
qwen3.5-9b,fitting,6bfe7b428cca,alpaca,False,train,user,natural_slot,33,10,23,32,False
qwen3.5-9b,fitting,6bfe7b428cca,alpaca,False,train,tool,natural_slot,58,10,46,57,False
qwen3.5-9b,fitting,6bfe7b428cca,alpaca,False,train,assistant,natural_slot,46,10,36,45,False
qwen3.5-9b,fitting,6530ba1ecedf,xstest_safe,False,train,system,fixed_slot,29,8,10,28,False
qwen3.5-9b,fitting,6530ba1ecedf,xstest_safe,False,train,user,fixed_slot,40,8,30,39,True
qwen3.5-9b,fitting,6530ba1ecedf,xstest_safe,False,train,tool,fixed_slot,44,8,32,43,True
qwen3.5-9b,fitting,6530ba1ecedf,xstest_safe,False,train,assistant,fixed_slot,44,8,34,43,True
qwen3.5-9b,fitting,6530ba1ecedf,xstest_safe,False,train,system,natural_slot,29,8,10,28,False
qwen3.5-9b,fitting,6530ba1ecedf,xstest_safe,False,train,user,natural_slot,31,8,21,30,False
qwen3.5-9b,fitting,6530ba1ecedf,xstest_safe,False,train,tool,natural_slot,56,8,44,55,False
qwen3.5-9b,fitting,6530ba1ecedf,xstest_safe,False,train,assistant,natural_slot,44,8,34,43,False
qwen3.5-9b,fitting,d1c8a894ff71,alpaca,False,train,system,fixed_slot,32,11,13,31,False
qwen3.5-9b,fitting,d1c8a894ff71,alpaca,False,train,user,fixed_slot,43,11,33,42,True
qwen3.5-9b,fitting,d1c8a894ff71,alpaca,False,train,tool,fixed_slot,47,11,35,46,True
qwen3.5-9b,fitting,d1c8a894ff71,alpaca,False,train,assistant,fixed_slot,47,11,37,46,True
qwen3.5-9b,fitting,d1c8a894ff71,alpaca,False,train,system,natural_slot,32,11,13,31,False
qwen3.5-9b,fitting,d1c8a894ff71,alpaca,False,train,user,natural_slot,34,11,24,33,False
qwen3.5-9b,fitting,d1c8a894ff71,alpaca,False,train,tool,natural_slot,59,11,47,58,False
qwen3.5-9b,fitting,d1c8a894ff71,alpaca,False,train,assistant,natural_slot,47,11,37,46,False
qwen3.5-9b,fitting,44ddfbaf6137,xstest_safe,False,train,system,fixed_slot,32,11,13,31,False
qwen3.5-9b,fitting,44ddfbaf6137,xstest_safe,False,train,user,fixed_slot,43,11,33,42,True
qwen3.5-9b,fitting,44ddfbaf6137,xstest_safe,False,train,tool,fixed_slot,47,11,35,46,True
qwen3.5-9b,fitting,44ddfbaf6137,xstest_safe,False,train,assistant,fixed_slot,47,11,37,46,True
qwen3.5-9b,fitting,44ddfbaf6137,xstest_safe,False,train,system,natural_slot,32,11,13,31,False
qwen3.5-9b,fitting,44ddfbaf6137,xstest_safe,False,train,user,natural_slot,34,11,24,33,False
qwen3.5-9b,fitting,44ddfbaf6137,xstest_safe,False,train,tool,natural_slot,59,11,47,58,False
qwen3.5-9b,fitting,44ddfbaf6137,xstest_safe,False,train,assistant,natural_slot,47,11,37,46,False
qwen3.5-9b,fitting,b1fad2134f5d,alpaca,False,train,system,fixed_slot,37,16,18,36,False
qwen3.5-9b,fitting,b1fad2134f5d,alpaca,False,train,user,fixed_slot,48,16,38,47,True
qwen3.5-9b,fitting,b1fad2134f5d,alpaca,False,train,tool,fixed_slot,52,16,40,51,True
qwen3.5-9b,fitting,b1fad2134f5d,alpaca,False,train,assistant,fixed_slot,52,16,42,51,True
qwen3.5-9b,fitting,b1fad2134f5d,alpaca,False,train,system,natural_slot,37,16,18,36,False
qwen3.5-9b,fitting,b1fad2134f5d,alpaca,False,train,user,natural_slot,39,16,29,38,False
qwen3.5-9b,fitting,b1fad2134f5d,alpaca,False,train,tool,natural_slot,64,16,52,63,False
qwen3.5-9b,fitting,b1fad2134f5d,alpaca,False,train,assistant,natural_slot,52,16,42,51,False
qwen3.5-9b,fitting,835dda0da1d6,xstest_safe,False,train,system,fixed_slot,31,10,12,30,False
qwen3.5-9b,fitting,835dda0da1d6,xstest_safe,False,train,user,fixed_slot,42,10,32,41,True
qwen3.5-9b,fitting,835dda0da1d6,xstest_safe,False,train,tool,fixed_slot,46,10,34,45,True
qwen3.5-9b,fitting,835dda0da1d6,xstest_safe,False,train,assistant,fixed_slot,46,10,36,45,True
qwen3.5-9b,fitting,835dda0da1d6,xstest_safe,False,train,system,natural_slot,31,10,12,30,False
qwen3.5-9b,fitting,835dda0da1d6,xstest_safe,False,train,user,natural_slot,33,10,23,32,False
qwen3.5-9b,fitting,835dda0da1d6,xstest_safe,False,train,tool,natural_slot,58,10,46,57,False
qwen3.5-9b,fitting,835dda0da1d6,xstest_safe,False,train,assistant,natural_slot,46,10,36,45,False
qwen3.5-9b,fitting,de15fe600c5b,alpaca,False,train,system,fixed_slot,35,14,16,34,False
qwen3.5-9b,fitting,de15fe600c5b,alpaca,False,train,user,fixed_slot,46,14,36,45,True
qwen3.5-9b,fitting,de15fe600c5b,alpaca,False,train,tool,fixed_slot,50,14,38,49,True
qwen3.5-9b,fitting,de15fe600c5b,alpaca,False,train,assistant,fixed_slot,50,14,40,49,True
qwen3.5-9b,fitting,de15fe600c5b,alpaca,False,train,system,natural_slot,35,14,16,34,False
qwen3.5-9b,fitting,de15fe600c5b,alpaca,False,train,user,natural_slot,37,14,27,36,False
qwen3.5-9b,fitting,de15fe600c5b,alpaca,False,train,tool,natural_slot,62,14,50,61,False
qwen3.5-9b,fitting,de15fe600c5b,alpaca,False,train,assistant,natural_slot,50,14,40,49,False
qwen3.5-9b,fitting,ada31462585b,xstest_safe,False,train,system,fixed_slot,31,10,12,30,False
qwen3.5-9b,fitting,ada31462585b,xstest_safe,False,train,user,fixed_slot,42,10,32,41,True
qwen3.5-9b,fitting,ada31462585b,xstest_safe,False,train,tool,fixed_slot,46,10,34,45,True
qwen3.5-9b,fitting,ada31462585b,xstest_safe,False,train,assistant,fixed_slot,46,10,36,45,True
qwen3.5-9b,fitting,ada31462585b,xstest_safe,False,train,system,natural_slot,31,10,12,30,False
qwen3.5-9b,fitting,ada31462585b,xstest_safe,False,train,user,natural_slot,33,10,23,32,False
qwen3.5-9b,fitting,ada31462585b,xstest_safe,False,train,tool,natural_slot,58,10,46,57,False
qwen3.5-9b,fitting,ada31462585b,xstest_safe,False,train,assistant,natural_slot,46,10,36,45,False
qwen3.5-9b,fitting,0a96c2391ef1,alpaca,False,test,system,fixed_slot,31,10,12,30,False
qwen3.5-9b,fitting,0a96c2391ef1,alpaca,False,test,user,fixed_slot,42,10,32,41,True
qwen3.5-9b,fitting,0a96c2391ef1,alpaca,False,test,tool,fixed_slot,46,10,34,45,True
qwen3.5-9b,fitting,0a96c2391ef1,alpaca,False,test,assistant,fixed_slot,46,10,36,45,True
qwen3.5-9b,fitting,0a96c2391ef1,alpaca,False,test,system,natural_slot,31,10,12,30,False
qwen3.5-9b,fitting,0a96c2391ef1,alpaca,False,test,user,natural_slot,33,10,23,32,False
qwen3.5-9b,fitting,0a96c2391ef1,alpaca,False,test,tool,natural_slot,58,10,46,57,False
qwen3.5-9b,fitting,0a96c2391ef1,alpaca,False,test,assistant,natural_slot,46,10,36,45,False
qwen3.5-9b,fitting,89af7225eaef,xstest_safe,False,train,system,fixed_slot,34,13,15,33,False
qwen3.5-9b,fitting,89af7225eaef,xstest_safe,False,train,user,fixed_slot,45,13,35,44,True
qwen3.5-9b,fitting,89af7225eaef,xstest_safe,False,train,tool,fixed_slot,49,13,37,48,True
qwen3.5-9b,fitting,89af7225eaef,xstest_safe,False,train,assistant,fixed_slot,49,13,39,48,True
qwen3.5-9b,fitting,89af7225eaef,xstest_safe,False,train,system,natural_slot,34,13,15,33,False
qwen3.5-9b,fitting,89af7225eaef,xstest_safe,False,train,user,natural_slot,36,13,26,35,False
qwen3.5-9b,fitting,89af7225eaef,xstest_safe,False,train,tool,natural_slot,61,13,49,60,False
qwen3.5-9b,fitting,89af7225eaef,xstest_safe,False,train,assistant,natural_slot,49,13,39,48,False
qwen3.5-9b,fitting,d943b8f3286d,alpaca,False,test,system,fixed_slot,41,20,22,40,False
qwen3.5-9b,fitting,d943b8f3286d,alpaca,False,test,user,fixed_slot,52,20,42,51,True
qwen3.5-9b,fitting,d943b8f3286d,alpaca,False,test,tool,fixed_slot,56,20,44,55,True
qwen3.5-9b,fitting,d943b8f3286d,alpaca,False,test,assistant,fixed_slot,56,20,46,55,True
qwen3.5-9b,fitting,d943b8f3286d,alpaca,False,test,system,natural_slot,41,20,22,40,False
qwen3.5-9b,fitting,d943b8f3286d,alpaca,False,test,user,natural_slot,43,20,33,42,False
qwen3.5-9b,fitting,d943b8f3286d,alpaca,False,test,tool,natural_slot,68,20,56,67,False
qwen3.5-9b,fitting,d943b8f3286d,alpaca,False,test,assistant,natural_slot,56,20,46,55,False
qwen3.5-9b,fitting,82ecfe0ee0f7,xstest_safe,False,train,system,fixed_slot,32,11,13,31,False
qwen3.5-9b,fitting,82ecfe0ee0f7,xstest_safe,False,train,user,fixed_slot,43,11,33,42,True
qwen3.5-9b,fitting,82ecfe0ee0f7,xstest_safe,False,train,tool,fixed_slot,47,11,35,46,True
qwen3.5-9b,fitting,82ecfe0ee0f7,xstest_safe,False,train,assistant,fixed_slot,47,11,37,46,True
qwen3.5-9b,fitting,82ecfe0ee0f7,xstest_safe,False,train,system,natural_slot,32,11,13,31,False
qwen3.5-9b,fitting,82ecfe0ee0f7,xstest_safe,False,train,user,natural_slot,34,11,24,33,False
qwen3.5-9b,fitting,82ecfe0ee0f7,xstest_safe,False,train,tool,natural_slot,59,11,47,58,False
qwen3.5-9b,fitting,82ecfe0ee0f7,xstest_safe,False,train,assistant,natural_slot,47,11,37,46,False
qwen3.5-9b,fitting,f5738956f393,alpaca,False,train,system,fixed_slot,32,11,13,31,False
qwen3.5-9b,fitting,f5738956f393,alpaca,False,train,user,fixed_slot,43,11,33,42,True
qwen3.5-9b,fitting,f5738956f393,alpaca,False,train,tool,fixed_slot,47,11,35,46,True
qwen3.5-9b,fitting,f5738956f393,alpaca,False,train,assistant,fixed_slot,47,11,37,46,True
qwen3.5-9b,fitting,f5738956f393,alpaca,False,train,system,natural_slot,32,11,13,31,False
qwen3.5-9b,fitting,f5738956f393,alpaca,False,train,user,natural_slot,34,11,24,33,False
qwen3.5-9b,fitting,f5738956f393,alpaca,False,train,tool,natural_slot,59,11,47,58,False
qwen3.5-9b,fitting,f5738956f393,alpaca,False,train,assistant,natural_slot,47,11,37,46,False
qwen3.5-9b,fitting,266f5b1d834d,xstest_safe,False,test,system,fixed_slot,32,11,13,31,False
qwen3.5-9b,fitting,266f5b1d834d,xstest_safe,False,test,user,fixed_slot,43,11,33,42,True
qwen3.5-9b,fitting,266f5b1d834d,xstest_safe,False,test,tool,fixed_slot,47,11,35,46,True
qwen3.5-9b,fitting,266f5b1d834d,xstest_safe,False,test,assistant,fixed_slot,47,11,37,46,True
qwen3.5-9b,fitting,266f5b1d834d,xstest_safe,False,test,system,natural_slot,32,11,13,31,False
qwen3.5-9b,fitting,266f5b1d834d,xstest_safe,False,test,user,natural_slot,34,11,24,33,False
qwen3.5-9b,fitting,266f5b1d834d,xstest_safe,False,test,tool,natural_slot,59,11,47,58,False
qwen3.5-9b,fitting,266f5b1d834d,xstest_safe,False,test,assistant,natural_slot,47,11,37,46,False
qwen3.5-9b,fitting,cc224f8a130c,alpaca,False,test,system,fixed_slot,31,10,12,30,False
qwen3.5-9b,fitting,cc224f8a130c,alpaca,False,test,user,fixed_slot,42,10,32,41,True
qwen3.5-9b,fitting,cc224f8a130c,alpaca,False,test,tool,fixed_slot,46,10,34,45,True
qwen3.5-9b,fitting,cc224f8a130c,alpaca,False,test,assistant,fixed_slot,46,10,36,45,True
qwen3.5-9b,fitting,cc224f8a130c,alpaca,False,test,system,natural_slot,31,10,12,30,False
qwen3.5-9b,fitting,cc224f8a130c,alpaca,False,test,user,natural_slot,33,10,23,32,False
qwen3.5-9b,fitting,cc224f8a130c,alpaca,False,test,tool,natural_slot,58,10,46,57,False
qwen3.5-9b,fitting,cc224f8a130c,alpaca,False,test,assistant,natural_slot,46,10,36,45,False
qwen3.5-9b,fitting,e0623cf5a547,xstest_safe,False,train,system,fixed_slot,36,15,17,35,False
qwen3.5-9b,fitting,e0623cf5a547,xstest_safe,False,train,user,fixed_slot,47,15,37,46,True
qwen3.5-9b,fitting,e0623cf5a547,xstest_safe,False,train,tool,fixed_slot,51,15,39,50,True
qwen3.5-9b,fitting,e0623cf5a547,xstest_safe,False,train,assistant,fixed_slot,51,15,41,50,True
qwen3.5-9b,fitting,e0623cf5a547,xstest_safe,False,train,system,natural_slot,36,15,17,35,False
qwen3.5-9b,fitting,e0623cf5a547,xstest_safe,False,train,user,natural_slot,38,15,28,37,False
qwen3.5-9b,fitting,e0623cf5a547,xstest_safe,False,train,tool,natural_slot,63,15,51,62,False
qwen3.5-9b,fitting,e0623cf5a547,xstest_safe,False,train,assistant,natural_slot,51,15,41,50,False
qwen3.5-9b,fitting,a7fd2b4b98e6,alpaca,False,train,system,fixed_slot,37,16,18,36,False
qwen3.5-9b,fitting,a7fd2b4b98e6,alpaca,False,train,user,fixed_slot,48,16,38,47,True
qwen3.5-9b,fitting,a7fd2b4b98e6,alpaca,False,train,tool,fixed_slot,52,16,40,51,True
qwen3.5-9b,fitting,a7fd2b4b98e6,alpaca,False,train,assistant,fixed_slot,52,16,42,51,True
qwen3.5-9b,fitting,a7fd2b4b98e6,alpaca,False,train,system,natural_slot,37,16,18,36,False
qwen3.5-9b,fitting,a7fd2b4b98e6,alpaca,False,train,user,natural_slot,39,16,29,38,False
qwen3.5-9b,fitting,a7fd2b4b98e6,alpaca,False,train,tool,natural_slot,64,16,52,63,False
qwen3.5-9b,fitting,a7fd2b4b98e6,alpaca,False,train,assistant,natural_slot,52,16,42,51,False
qwen3.5-9b,fitting,ff78a383dd23,xstest_safe,False,train,system,fixed_slot,31,10,12,30,False
qwen3.5-9b,fitting,ff78a383dd23,xstest_safe,False,train,user,fixed_slot,42,10,32,41,True
qwen3.5-9b,fitting,ff78a383dd23,xstest_safe,False,train,tool,fixed_slot,46,10,34,45,True
qwen3.5-9b,fitting,ff78a383dd23,xstest_safe,False,train,assistant,fixed_slot,46,10,36,45,True
qwen3.5-9b,fitting,ff78a383dd23,xstest_safe,False,train,system,natural_slot,31,10,12,30,False
qwen3.5-9b,fitting,ff78a383dd23,xstest_safe,False,train,user,natural_slot,33,10,23,32,False
qwen3.5-9b,fitting,ff78a383dd23,xstest_safe,False,train,tool,natural_slot,58,10,46,57,False
qwen3.5-9b,fitting,ff78a383dd23,xstest_safe,False,train,assistant,natural_slot,46,10,36,45,False
qwen3.5-9b,fitting,149243a897fe,alpaca,False,train,system,fixed_slot,49,28,30,48,False
qwen3.5-9b,fitting,149243a897fe,alpaca,False,train,user,fixed_slot,60,28,50,59,True
qwen3.5-9b,fitting,149243a897fe,alpaca,False,train,tool,fixed_slot,64,28,52,63,True
qwen3.5-9b,fitting,149243a897fe,alpaca,False,train,assistant,fixed_slot,64,28,54,63,True
qwen3.5-9b,fitting,149243a897fe,alpaca,False,train,system,natural_slot,49,28,30,48,False
qwen3.5-9b,fitting,149243a897fe,alpaca,False,train,user,natural_slot,51,28,41,50,False
qwen3.5-9b,fitting,149243a897fe,alpaca,False,train,tool,natural_slot,76,28,64,75,False
qwen3.5-9b,fitting,149243a897fe,alpaca,False,train,assistant,natural_slot,64,28,54,63,False
qwen3.5-9b,fitting,914d8d44387f,xstest_safe,False,train,system,fixed_slot,30,9,11,29,False
qwen3.5-9b,fitting,914d8d44387f,xstest_safe,False,train,user,fixed_slot,41,9,31,40,True
qwen3.5-9b,fitting,914d8d44387f,xstest_safe,False,train,tool,fixed_slot,45,9,33,44,True
qwen3.5-9b,fitting,914d8d44387f,xstest_safe,False,train,assistant,fixed_slot,45,9,35,44,True
qwen3.5-9b,fitting,914d8d44387f,xstest_safe,False,train,system,natural_slot,30,9,11,29,False
qwen3.5-9b,fitting,914d8d44387f,xstest_safe,False,train,user,natural_slot,32,9,22,31,False
qwen3.5-9b,fitting,914d8d44387f,xstest_safe,False,train,tool,natural_slot,57,9,45,56,False
qwen3.5-9b,fitting,914d8d44387f,xstest_safe,False,train,assistant,natural_slot,45,9,35,44,False
qwen3.5-9b,fitting,f12777e5ef3c,alpaca,False,train,system,fixed_slot,29,8,10,28,False
qwen3.5-9b,fitting,f12777e5ef3c,alpaca,False,train,user,fixed_slot,40,8,30,39,True
qwen3.5-9b,fitting,f12777e5ef3c,alpaca,False,train,tool,fixed_slot,44,8,32,43,True
qwen3.5-9b,fitting,f12777e5ef3c,alpaca,False,train,assistant,fixed_slot,44,8,34,43,True
qwen3.5-9b,fitting,f12777e5ef3c,alpaca,False,train,system,natural_slot,29,8,10,28,False
qwen3.5-9b,fitting,f12777e5ef3c,alpaca,False,train,user,natural_slot,31,8,21,30,False
qwen3.5-9b,fitting,f12777e5ef3c,alpaca,False,train,tool,natural_slot,56,8,44,55,False
qwen3.5-9b,fitting,f12777e5ef3c,alpaca,False,train,assistant,natural_slot,44,8,34,43,False
qwen3.5-9b,fitting,742ec34e671f,xstest_safe,False,train,system,fixed_slot,32,11,13,31,False
qwen3.5-9b,fitting,742ec34e671f,xstest_safe,False,train,user,fixed_slot,43,11,33,42,True
qwen3.5-9b,fitting,742ec34e671f,xstest_safe,False,train,tool,fixed_slot,47,11,35,46,True
qwen3.5-9b,fitting,742ec34e671f,xstest_safe,False,train,assistant,fixed_slot,47,11,37,46,True
qwen3.5-9b,fitting,742ec34e671f,xstest_safe,False,train,system,natural_slot,32,11,13,31,False
qwen3.5-9b,fitting,742ec34e671f,xstest_safe,False,train,user,natural_slot,34,11,24,33,False
qwen3.5-9b,fitting,742ec34e671f,xstest_safe,False,train,tool,natural_slot,59,11,47,58,False
qwen3.5-9b,fitting,742ec34e671f,xstest_safe,False,train,assistant,natural_slot,47,11,37,46,False
qwen3.5-9b,fitting,7f21786cb8ed,alpaca,False,test,system,fixed_slot,26,5,7,25,False
qwen3.5-9b,fitting,7f21786cb8ed,alpaca,False,test,user,fixed_slot,37,5,27,36,True
qwen3.5-9b,fitting,7f21786cb8ed,alpaca,False,test,tool,fixed_slot,41,5,29,40,True
qwen3.5-9b,fitting,7f21786cb8ed,alpaca,False,test,assistant,fixed_slot,41,5,31,40,True
qwen3.5-9b,fitting,7f21786cb8ed,alpaca,False,test,system,natural_slot,26,5,7,25,False
qwen3.5-9b,fitting,7f21786cb8ed,alpaca,False,test,user,natural_slot,28,5,18,27,False
qwen3.5-9b,fitting,7f21786cb8ed,alpaca,False,test,tool,natural_slot,53,5,41,52,False
qwen3.5-9b,fitting,7f21786cb8ed,alpaca,False,test,assistant,natural_slot,41,5,31,40,False
qwen3.5-9b,fitting,c504b88c6c0c,xstest_safe,False,train,system,fixed_slot,29,8,10,28,False
qwen3.5-9b,fitting,c504b88c6c0c,xstest_safe,False,train,user,fixed_slot,40,8,30,39,True
qwen3.5-9b,fitting,c504b88c6c0c,xstest_safe,False,train,tool,fixed_slot,44,8,32,43,True
qwen3.5-9b,fitting,c504b88c6c0c,xstest_safe,False,train,assistant,fixed_slot,44,8,34,43,True
qwen3.5-9b,fitting,c504b88c6c0c,xstest_safe,False,train,system,natural_slot,29,8,10,28,False
qwen3.5-9b,fitting,c504b88c6c0c,xstest_safe,False,train,user,natural_slot,31,8,21,30,False
qwen3.5-9b,fitting,c504b88c6c0c,xstest_safe,False,train,tool,natural_slot,56,8,44,55,False
qwen3.5-9b,fitting,c504b88c6c0c,xstest_safe,False,train,assistant,natural_slot,44,8,34,43,False
qwen3.5-9b,fitting,83e24fdffc5a,alpaca,False,test,system,fixed_slot,35,14,16,34,False
qwen3.5-9b,fitting,83e24fdffc5a,alpaca,False,test,user,fixed_slot,46,14,36,45,True
qwen3.5-9b,fitting,83e24fdffc5a,alpaca,False,test,tool,fixed_slot,50,14,38,49,True
qwen3.5-9b,fitting,83e24fdffc5a,alpaca,False,test,assistant,fixed_slot,50,14,40,49,True
qwen3.5-9b,fitting,83e24fdffc5a,alpaca,False,test,system,natural_slot,35,14,16,34,False
qwen3.5-9b,fitting,83e24fdffc5a,alpaca,False,test,user,natural_slot,37,14,27,36,False
qwen3.5-9b,fitting,83e24fdffc5a,alpaca,False,test,tool,natural_slot,62,14,50,61,False
qwen3.5-9b,fitting,83e24fdffc5a,alpaca,False,test,assistant,natural_slot,50,14,40,49,False
qwen3.5-9b,fitting,9ea835f50183,xstest_safe,False,test,system,fixed_slot,34,13,15,33,False
qwen3.5-9b,fitting,9ea835f50183,xstest_safe,False,test,user,fixed_slot,45,13,35,44,True
qwen3.5-9b,fitting,9ea835f50183,xstest_safe,False,test,tool,fixed_slot,49,13,37,48,True
qwen3.5-9b,fitting,9ea835f50183,xstest_safe,False,test,assistant,fixed_slot,49,13,39,48,True
qwen3.5-9b,fitting,9ea835f50183,xstest_safe,False,test,system,natural_slot,34,13,15,33,False
qwen3.5-9b,fitting,9ea835f50183,xstest_safe,False,test,user,natural_slot,36,13,26,35,False
qwen3.5-9b,fitting,9ea835f50183,xstest_safe,False,test,tool,natural_slot,61,13,49,60,False
qwen3.5-9b,fitting,9ea835f50183,xstest_safe,False,test,assistant,natural_slot,49,13,39,48,False
qwen3.5-9b,fitting,e6c7300b92e2,alpaca,False,train,system,fixed_slot,39,18,20,38,False
qwen3.5-9b,fitting,e6c7300b92e2,alpaca,False,train,user,fixed_slot,50,18,40,49,True
qwen3.5-9b,fitting,e6c7300b92e2,alpaca,False,train,tool,fixed_slot,54,18,42,53,True
qwen3.5-9b,fitting,e6c7300b92e2,alpaca,False,train,assistant,fixed_slot,54,18,44,53,True
qwen3.5-9b,fitting,e6c7300b92e2,alpaca,False,train,system,natural_slot,39,18,20,38,False
qwen3.5-9b,fitting,e6c7300b92e2,alpaca,False,train,user,natural_slot,41,18,31,40,False
qwen3.5-9b,fitting,e6c7300b92e2,alpaca,False,train,tool,natural_slot,66,18,54,65,False
qwen3.5-9b,fitting,e6c7300b92e2,alpaca,False,train,assistant,natural_slot,54,18,44,53,False
qwen3.5-9b,fitting,f7a69b7b29aa,xstest_safe,False,train,system,fixed_slot,30,9,11,29,False
qwen3.5-9b,fitting,f7a69b7b29aa,xstest_safe,False,train,user,fixed_slot,41,9,31,40,True
qwen3.5-9b,fitting,f7a69b7b29aa,xstest_safe,False,train,tool,fixed_slot,45,9,33,44,True
qwen3.5-9b,fitting,f7a69b7b29aa,xstest_safe,False,train,assistant,fixed_slot,45,9,35,44,True
qwen3.5-9b,fitting,f7a69b7b29aa,xstest_safe,False,train,system,natural_slot,30,9,11,29,False
qwen3.5-9b,fitting,f7a69b7b29aa,xstest_safe,False,train,user,natural_slot,32,9,22,31,False
qwen3.5-9b,fitting,f7a69b7b29aa,xstest_safe,False,train,tool,natural_slot,57,9,45,56,False
qwen3.5-9b,fitting,f7a69b7b29aa,xstest_safe,False,train,assistant,natural_slot,45,9,35,44,False
qwen3.5-9b,fitting,f4ab3769e5af,alpaca,False,train,system,fixed_slot,39,18,20,38,False
qwen3.5-9b,fitting,f4ab3769e5af,alpaca,False,train,user,fixed_slot,50,18,40,49,True
qwen3.5-9b,fitting,f4ab3769e5af,alpaca,False,train,tool,fixed_slot,54,18,42,53,True
qwen3.5-9b,fitting,f4ab3769e5af,alpaca,False,train,assistant,fixed_slot,54,18,44,53,True
qwen3.5-9b,fitting,f4ab3769e5af,alpaca,False,train,system,natural_slot,39,18,20,38,False
qwen3.5-9b,fitting,f4ab3769e5af,alpaca,False,train,user,natural_slot,41,18,31,40,False
qwen3.5-9b,fitting,f4ab3769e5af,alpaca,False,train,tool,natural_slot,66,18,54,65,False
qwen3.5-9b,fitting,f4ab3769e5af,alpaca,False,train,assistant,natural_slot,54,18,44,53,False
qwen3.5-9b,fitting,39e52d86773d,xstest_safe,False,train,system,fixed_slot,32,11,13,31,False
qwen3.5-9b,fitting,39e52d86773d,xstest_safe,False,train,user,fixed_slot,43,11,33,42,True
qwen3.5-9b,fitting,39e52d86773d,xstest_safe,False,train,tool,fixed_slot,47,11,35,46,True
qwen3.5-9b,fitting,39e52d86773d,xstest_safe,False,train,assistant,fixed_slot,47,11,37,46,True
qwen3.5-9b,fitting,39e52d86773d,xstest_safe,False,train,system,natural_slot,32,11,13,31,False
qwen3.5-9b,fitting,39e52d86773d,xstest_safe,False,train,user,natural_slot,34,11,24,33,False
qwen3.5-9b,fitting,39e52d86773d,xstest_safe,False,train,tool,natural_slot,59,11,47,58,False
qwen3.5-9b,fitting,39e52d86773d,xstest_safe,False,train,assistant,natural_slot,47,11,37,46,False
qwen3.5-9b,fitting,5630662f55d7,alpaca,False,train,system,fixed_slot,31,10,12,30,False
qwen3.5-9b,fitting,5630662f55d7,alpaca,False,train,user,fixed_slot,42,10,32,41,True
qwen3.5-9b,fitting,5630662f55d7,alpaca,False,train,tool,fixed_slot,46,10,34,45,True
qwen3.5-9b,fitting,5630662f55d7,alpaca,False,train,assistant,fixed_slot,46,10,36,45,True
qwen3.5-9b,fitting,5630662f55d7,alpaca,False,train,system,natural_slot,31,10,12,30,False
qwen3.5-9b,fitting,5630662f55d7,alpaca,False,train,user,natural_slot,33,10,23,32,False
qwen3.5-9b,fitting,5630662f55d7,alpaca,False,train,tool,natural_slot,58,10,46,57,False
qwen3.5-9b,fitting,5630662f55d7,alpaca,False,train,assistant,natural_slot,46,10,36,45,False
qwen3.5-9b,fitting,47b44131f077,xstest_safe,False,train,system,fixed_slot,32,11,13,31,False
qwen3.5-9b,fitting,47b44131f077,xstest_safe,False,train,user,fixed_slot,43,11,33,42,True
qwen3.5-9b,fitting,47b44131f077,xstest_safe,False,train,tool,fixed_slot,47,11,35,46,True
qwen3.5-9b,fitting,47b44131f077,xstest_safe,False,train,assistant,fixed_slot,47,11,37,46,True
qwen3.5-9b,fitting,47b44131f077,xstest_safe,False,train,system,natural_slot,32,11,13,31,False
qwen3.5-9b,fitting,47b44131f077,xstest_safe,False,train,user,natural_slot,34,11,24,33,False
qwen3.5-9b,fitting,47b44131f077,xstest_safe,False,train,tool,natural_slot,59,11,47,58,False
qwen3.5-9b,fitting,47b44131f077,xstest_safe,False,train,assistant,natural_slot,47,11,37,46,False
qwen3.5-9b,fitting,421eb2bb577f,alpaca,False,train,system,fixed_slot,39,18,20,38,False
qwen3.5-9b,fitting,421eb2bb577f,alpaca,False,train,user,fixed_slot,50,18,40,49,True
qwen3.5-9b,fitting,421eb2bb577f,alpaca,False,train,tool,fixed_slot,54,18,42,53,True
qwen3.5-9b,fitting,421eb2bb577f,alpaca,False,train,assistant,fixed_slot,54,18,44,53,True
qwen3.5-9b,fitting,421eb2bb577f,alpaca,False,train,system,natural_slot,39,18,20,38,False
qwen3.5-9b,fitting,421eb2bb577f,alpaca,False,train,user,natural_slot,41,18,31,40,False
qwen3.5-9b,fitting,421eb2bb577f,alpaca,False,train,tool,natural_slot,66,18,54,65,False
qwen3.5-9b,fitting,421eb2bb577f,alpaca,False,train,assistant,natural_slot,54,18,44,53,False
qwen3.5-9b,fitting,480d4b7c1ff5,xstest_safe,False,train,system,fixed_slot,29,8,10,28,False
qwen3.5-9b,fitting,480d4b7c1ff5,xstest_safe,False,train,user,fixed_slot,40,8,30,39,True
qwen3.5-9b,fitting,480d4b7c1ff5,xstest_safe,False,train,tool,fixed_slot,44,8,32,43,True
qwen3.5-9b,fitting,480d4b7c1ff5,xstest_safe,False,train,assistant,fixed_slot,44,8,34,43,True
qwen3.5-9b,fitting,480d4b7c1ff5,xstest_safe,False,train,system,natural_slot,29,8,10,28,False
qwen3.5-9b,fitting,480d4b7c1ff5,xstest_safe,False,train,user,natural_slot,31,8,21,30,False
qwen3.5-9b,fitting,480d4b7c1ff5,xstest_safe,False,train,tool,natural_slot,56,8,44,55,False
qwen3.5-9b,fitting,480d4b7c1ff5,xstest_safe,False,train,assistant,natural_slot,44,8,34,43,False
qwen3.5-9b,fitting,bf366b2d1e86,alpaca,False,train,system,fixed_slot,38,17,19,37,False
qwen3.5-9b,fitting,bf366b2d1e86,alpaca,False,train,user,fixed_slot,49,17,39,48,True
qwen3.5-9b,fitting,bf366b2d1e86,alpaca,False,train,tool,fixed_slot,53,17,41,52,True
qwen3.5-9b,fitting,bf366b2d1e86,alpaca,False,train,assistant,fixed_slot,53,17,43,52,True
qwen3.5-9b,fitting,bf366b2d1e86,alpaca,False,train,system,natural_slot,38,17,19,37,False
qwen3.5-9b,fitting,bf366b2d1e86,alpaca,False,train,user,natural_slot,40,17,30,39,False
qwen3.5-9b,fitting,bf366b2d1e86,alpaca,False,train,tool,natural_slot,65,17,53,64,False
qwen3.5-9b,fitting,bf366b2d1e86,alpaca,False,train,assistant,natural_slot,53,17,43,52,False
qwen3.5-9b,fitting,34a2fead1622,xstest_safe,False,train,system,fixed_slot,30,9,11,29,False
qwen3.5-9b,fitting,34a2fead1622,xstest_safe,False,train,user,fixed_slot,41,9,31,40,True
qwen3.5-9b,fitting,34a2fead1622,xstest_safe,False,train,tool,fixed_slot,45,9,33,44,True
qwen3.5-9b,fitting,34a2fead1622,xstest_safe,False,train,assistant,fixed_slot,45,9,35,44,True
qwen3.5-9b,fitting,34a2fead1622,xstest_safe,False,train,system,natural_slot,30,9,11,29,False
qwen3.5-9b,fitting,34a2fead1622,xstest_safe,False,train,user,natural_slot,32,9,22,31,False
qwen3.5-9b,fitting,34a2fead1622,xstest_safe,False,train,tool,natural_slot,57,9,45,56,False
qwen3.5-9b,fitting,34a2fead1622,xstest_safe,False,train,assistant,natural_slot,45,9,35,44,False
qwen3.5-9b,fitting,8e5278276997,alpaca,False,train,system,fixed_slot,30,9,11,29,False
qwen3.5-9b,fitting,8e5278276997,alpaca,False,train,user,fixed_slot,41,9,31,40,True
qwen3.5-9b,fitting,8e5278276997,alpaca,False,train,tool,fixed_slot,45,9,33,44,True
qwen3.5-9b,fitting,8e5278276997,alpaca,False,train,assistant,fixed_slot,45,9,35,44,True
qwen3.5-9b,fitting,8e5278276997,alpaca,False,train,system,natural_slot,30,9,11,29,False
qwen3.5-9b,fitting,8e5278276997,alpaca,False,train,user,natural_slot,32,9,22,31,False
qwen3.5-9b,fitting,8e5278276997,alpaca,False,train,tool,natural_slot,57,9,45,56,False
qwen3.5-9b,fitting,8e5278276997,alpaca,False,train,assistant,natural_slot,45,9,35,44,False
qwen3.5-9b,fitting,2b5e736e4a2a,xstest_safe,False,test,system,fixed_slot,32,11,13,31,False
qwen3.5-9b,fitting,2b5e736e4a2a,xstest_safe,False,test,user,fixed_slot,43,11,33,42,True
qwen3.5-9b,fitting,2b5e736e4a2a,xstest_safe,False,test,tool,fixed_slot,47,11,35,46,True
qwen3.5-9b,fitting,2b5e736e4a2a,xstest_safe,False,test,assistant,fixed_slot,47,11,37,46,True
qwen3.5-9b,fitting,2b5e736e4a2a,xstest_safe,False,test,system,natural_slot,32,11,13,31,False
qwen3.5-9b,fitting,2b5e736e4a2a,xstest_safe,False,test,user,natural_slot,34,11,24,33,False
qwen3.5-9b,fitting,2b5e736e4a2a,xstest_safe,False,test,tool,natural_slot,59,11,47,58,False
qwen3.5-9b,fitting,2b5e736e4a2a,xstest_safe,False,test,assistant,natural_slot,47,11,37,46,False
qwen3.5-9b,fitting,1af98bfb1de6,alpaca,False,test,system,fixed_slot,32,11,13,31,False
qwen3.5-9b,fitting,1af98bfb1de6,alpaca,False,test,user,fixed_slot,43,11,33,42,True
qwen3.5-9b,fitting,1af98bfb1de6,alpaca,False,test,tool,fixed_slot,47,11,35,46,True
qwen3.5-9b,fitting,1af98bfb1de6,alpaca,False,test,assistant,fixed_slot,47,11,37,46,True
qwen3.5-9b,fitting,1af98bfb1de6,alpaca,False,test,system,natural_slot,32,11,13,31,False
qwen3.5-9b,fitting,1af98bfb1de6,alpaca,False,test,user,natural_slot,34,11,24,33,False
qwen3.5-9b,fitting,1af98bfb1de6,alpaca,False,test,tool,natural_slot,59,11,47,58,False
qwen3.5-9b,fitting,1af98bfb1de6,alpaca,False,test,assistant,natural_slot,47,11,37,46,False
qwen3.5-9b,fitting,d671e1bf38a2,xstest_safe,False,train,system,fixed_slot,34,13,15,33,False
qwen3.5-9b,fitting,d671e1bf38a2,xstest_safe,False,train,user,fixed_slot,45,13,35,44,True
qwen3.5-9b,fitting,d671e1bf38a2,xstest_safe,False,train,tool,fixed_slot,49,13,37,48,True
qwen3.5-9b,fitting,d671e1bf38a2,xstest_safe,False,train,assistant,fixed_slot,49,13,39,48,True
qwen3.5-9b,fitting,d671e1bf38a2,xstest_safe,False,train,system,natural_slot,34,13,15,33,False
qwen3.5-9b,fitting,d671e1bf38a2,xstest_safe,False,train,user,natural_slot,36,13,26,35,False
qwen3.5-9b,fitting,d671e1bf38a2,xstest_safe,False,train,tool,natural_slot,61,13,49,60,False
qwen3.5-9b,fitting,d671e1bf38a2,xstest_safe,False,train,assistant,natural_slot,49,13,39,48,False
qwen3.5-9b,fitting,f6efc7498017,alpaca,False,train,system,fixed_slot,40,19,21,39,False
qwen3.5-9b,fitting,f6efc7498017,alpaca,False,train,user,fixed_slot,51,19,41,50,True
qwen3.5-9b,fitting,f6efc7498017,alpaca,False,train,tool,fixed_slot,55,19,43,54,True
qwen3.5-9b,fitting,f6efc7498017,alpaca,False,train,assistant,fixed_slot,55,19,45,54,True
qwen3.5-9b,fitting,f6efc7498017,alpaca,False,train,system,natural_slot,40,19,21,39,False
qwen3.5-9b,fitting,f6efc7498017,alpaca,False,train,user,natural_slot,42,19,32,41,False
qwen3.5-9b,fitting,f6efc7498017,alpaca,False,train,tool,natural_slot,67,19,55,66,False
qwen3.5-9b,fitting,f6efc7498017,alpaca,False,train,assistant,natural_slot,55,19,45,54,False
qwen3.5-9b,fitting,73db10f47abc,xstest_safe,False,test,system,fixed_slot,29,8,10,28,False
qwen3.5-9b,fitting,73db10f47abc,xstest_safe,False,test,user,fixed_slot,40,8,30,39,True
qwen3.5-9b,fitting,73db10f47abc,xstest_safe,False,test,tool,fixed_slot,44,8,32,43,True
qwen3.5-9b,fitting,73db10f47abc,xstest_safe,False,test,assistant,fixed_slot,44,8,34,43,True
qwen3.5-9b,fitting,73db10f47abc,xstest_safe,False,test,system,natural_slot,29,8,10,28,False
qwen3.5-9b,fitting,73db10f47abc,xstest_safe,False,test,user,natural_slot,31,8,21,30,False
qwen3.5-9b,fitting,73db10f47abc,xstest_safe,False,test,tool,natural_slot,56,8,44,55,False
qwen3.5-9b,fitting,73db10f47abc,xstest_safe,False,test,assistant,natural_slot,44,8,34,43,False
qwen3.5-9b,fitting,931401f4ecf1,alpaca,False,train,system,fixed_slot,35,14,16,34,False
qwen3.5-9b,fitting,931401f4ecf1,alpaca,False,train,user,fixed_slot,46,14,36,45,True
qwen3.5-9b,fitting,931401f4ecf1,alpaca,False,train,tool,fixed_slot,50,14,38,49,True
qwen3.5-9b,fitting,931401f4ecf1,alpaca,False,train,assistant,fixed_slot,50,14,40,49,True
qwen3.5-9b,fitting,931401f4ecf1,alpaca,False,train,system,natural_slot,35,14,16,34,False
qwen3.5-9b,fitting,931401f4ecf1,alpaca,False,train,user,natural_slot,37,14,27,36,False
qwen3.5-9b,fitting,931401f4ecf1,alpaca,False,train,tool,natural_slot,62,14,50,61,False
qwen3.5-9b,fitting,931401f4ecf1,alpaca,False,train,assistant,natural_slot,50,14,40,49,False
qwen3.5-9b,fitting,285bf4693565,xstest_safe,False,train,system,fixed_slot,33,12,14,32,False
qwen3.5-9b,fitting,285bf4693565,xstest_safe,False,train,user,fixed_slot,44,12,34,43,True
qwen3.5-9b,fitting,285bf4693565,xstest_safe,False,train,tool,fixed_slot,48,12,36,47,True
qwen3.5-9b,fitting,285bf4693565,xstest_safe,False,train,assistant,fixed_slot,48,12,38,47,True
qwen3.5-9b,fitting,285bf4693565,xstest_safe,False,train,system,natural_slot,33,12,14,32,False
qwen3.5-9b,fitting,285bf4693565,xstest_safe,False,train,user,natural_slot,35,12,25,34,False
qwen3.5-9b,fitting,285bf4693565,xstest_safe,False,train,tool,natural_slot,60,12,48,59,False
qwen3.5-9b,fitting,285bf4693565,xstest_safe,False,train,assistant,natural_slot,48,12,38,47,False
qwen3.5-9b,fitting,18a1e09ae512,alpaca,False,train,system,fixed_slot,32,11,13,31,False
qwen3.5-9b,fitting,18a1e09ae512,alpaca,False,train,user,fixed_slot,43,11,33,42,True
qwen3.5-9b,fitting,18a1e09ae512,alpaca,False,train,tool,fixed_slot,47,11,35,46,True
qwen3.5-9b,fitting,18a1e09ae512,alpaca,False,train,assistant,fixed_slot,47,11,37,46,True
qwen3.5-9b,fitting,18a1e09ae512,alpaca,False,train,system,natural_slot,32,11,13,31,False
qwen3.5-9b,fitting,18a1e09ae512,alpaca,False,train,user,natural_slot,34,11,24,33,False
qwen3.5-9b,fitting,18a1e09ae512,alpaca,False,train,tool,natural_slot,59,11,47,58,False
qwen3.5-9b,fitting,18a1e09ae512,alpaca,False,train,assistant,natural_slot,47,11,37,46,False
qwen3.5-9b,fitting,a28bebd68e95,xstest_safe,False,test,system,fixed_slot,34,13,15,33,False
qwen3.5-9b,fitting,a28bebd68e95,xstest_safe,False,test,user,fixed_slot,45,13,35,44,True
qwen3.5-9b,fitting,a28bebd68e95,xstest_safe,False,test,tool,fixed_slot,49,13,37,48,True
qwen3.5-9b,fitting,a28bebd68e95,xstest_safe,False,test,assistant,fixed_slot,49,13,39,48,True
qwen3.5-9b,fitting,a28bebd68e95,xstest_safe,False,test,system,natural_slot,34,13,15,33,False
qwen3.5-9b,fitting,a28bebd68e95,xstest_safe,False,test,user,natural_slot,36,13,26,35,False
qwen3.5-9b,fitting,a28bebd68e95,xstest_safe,False,test,tool,natural_slot,61,13,49,60,False
qwen3.5-9b,fitting,a28bebd68e95,xstest_safe,False,test,assistant,natural_slot,49,13,39,48,False
qwen3.5-9b,fitting,a761eed5c1f4,alpaca,False,test,system,fixed_slot,36,15,17,35,False
qwen3.5-9b,fitting,a761eed5c1f4,alpaca,False,test,user,fixed_slot,47,15,37,46,True
qwen3.5-9b,fitting,a761eed5c1f4,alpaca,False,test,tool,fixed_slot,51,15,39,50,True
qwen3.5-9b,fitting,a761eed5c1f4,alpaca,False,test,assistant,fixed_slot,51,15,41,50,True
qwen3.5-9b,fitting,a761eed5c1f4,alpaca,False,test,system,natural_slot,36,15,17,35,False
qwen3.5-9b,fitting,a761eed5c1f4,alpaca,False,test,user,natural_slot,38,15,28,37,False
qwen3.5-9b,fitting,a761eed5c1f4,alpaca,False,test,tool,natural_slot,63,15,51,62,False
qwen3.5-9b,fitting,a761eed5c1f4,alpaca,False,test,assistant,natural_slot,51,15,41,50,False
qwen3.5-9b,fitting,6ca973466e42,xstest_safe,False,train,system,fixed_slot,30,9,11,29,False
qwen3.5-9b,fitting,6ca973466e42,xstest_safe,False,train,user,fixed_slot,41,9,31,40,True
qwen3.5-9b,fitting,6ca973466e42,xstest_safe,False,train,tool,fixed_slot,45,9,33,44,True
qwen3.5-9b,fitting,6ca973466e42,xstest_safe,False,train,assistant,fixed_slot,45,9,35,44,True
qwen3.5-9b,fitting,6ca973466e42,xstest_safe,False,train,system,natural_slot,30,9,11,29,False
qwen3.5-9b,fitting,6ca973466e42,xstest_safe,False,train,user,natural_slot,32,9,22,31,False
qwen3.5-9b,fitting,6ca973466e42,xstest_safe,False,train,tool,natural_slot,57,9,45,56,False
qwen3.5-9b,fitting,6ca973466e42,xstest_safe,False,train,assistant,natural_slot,45,9,35,44,False
qwen3.5-9b,fitting,1131bd5fd31e,alpaca,False,train,system,fixed_slot,33,12,14,32,False
qwen3.5-9b,fitting,1131bd5fd31e,alpaca,False,train,user,fixed_slot,44,12,34,43,True
qwen3.5-9b,fitting,1131bd5fd31e,alpaca,False,train,tool,fixed_slot,48,12,36,47,True
qwen3.5-9b,fitting,1131bd5fd31e,alpaca,False,train,assistant,fixed_slot,48,12,38,47,True
qwen3.5-9b,fitting,1131bd5fd31e,alpaca,False,train,system,natural_slot,33,12,14,32,False
qwen3.5-9b,fitting,1131bd5fd31e,alpaca,False,train,user,natural_slot,35,12,25,34,False
qwen3.5-9b,fitting,1131bd5fd31e,alpaca,False,train,tool,natural_slot,60,12,48,59,False
qwen3.5-9b,fitting,1131bd5fd31e,alpaca,False,train,assistant,natural_slot,48,12,38,47,False
qwen3.5-9b,fitting,dc4d873a47cb,xstest_safe,False,train,system,fixed_slot,35,14,16,34,False
qwen3.5-9b,fitting,dc4d873a47cb,xstest_safe,False,train,user,fixed_slot,46,14,36,45,True
qwen3.5-9b,fitting,dc4d873a47cb,xstest_safe,False,train,tool,fixed_slot,50,14,38,49,True
qwen3.5-9b,fitting,dc4d873a47cb,xstest_safe,False,train,assistant,fixed_slot,50,14,40,49,True
qwen3.5-9b,fitting,dc4d873a47cb,xstest_safe,False,train,system,natural_slot,35,14,16,34,False
qwen3.5-9b,fitting,dc4d873a47cb,xstest_safe,False,train,user,natural_slot,37,14,27,36,False
qwen3.5-9b,fitting,dc4d873a47cb,xstest_safe,False,train,tool,natural_slot,62,14,50,61,False
qwen3.5-9b,fitting,dc4d873a47cb,xstest_safe,False,train,assistant,natural_slot,50,14,40,49,False
qwen3.5-9b,fitting,8f0dd610956c,alpaca,False,train,system,fixed_slot,31,10,12,30,False
qwen3.5-9b,fitting,8f0dd610956c,alpaca,False,train,user,fixed_slot,42,10,32,41,True
qwen3.5-9b,fitting,8f0dd610956c,alpaca,False,train,tool,fixed_slot,46,10,34,45,True
qwen3.5-9b,fitting,8f0dd610956c,alpaca,False,train,assistant,fixed_slot,46,10,36,45,True
qwen3.5-9b,fitting,8f0dd610956c,alpaca,False,train,system,natural_slot,31,10,12,30,False
qwen3.5-9b,fitting,8f0dd610956c,alpaca,False,train,user,natural_slot,33,10,23,32,False
qwen3.5-9b,fitting,8f0dd610956c,alpaca,False,train,tool,natural_slot,58,10,46,57,False
qwen3.5-9b,fitting,8f0dd610956c,alpaca,False,train,assistant,natural_slot,46,10,36,45,False
qwen3.5-9b,fitting,2982fc9f990b,xstest_safe,False,train,system,fixed_slot,32,11,13,31,False
qwen3.5-9b,fitting,2982fc9f990b,xstest_safe,False,train,user,fixed_slot,43,11,33,42,True
qwen3.5-9b,fitting,2982fc9f990b,xstest_safe,False,train,tool,fixed_slot,47,11,35,46,True
qwen3.5-9b,fitting,2982fc9f990b,xstest_safe,False,train,assistant,fixed_slot,47,11,37,46,True
qwen3.5-9b,fitting,2982fc9f990b,xstest_safe,False,train,system,natural_slot,32,11,13,31,False
qwen3.5-9b,fitting,2982fc9f990b,xstest_safe,False,train,user,natural_slot,34,11,24,33,False
qwen3.5-9b,fitting,2982fc9f990b,xstest_safe,False,train,tool,natural_slot,59,11,47,58,False
qwen3.5-9b,fitting,2982fc9f990b,xstest_safe,False,train,assistant,natural_slot,47,11,37,46,False
qwen3.5-9b,fitting,0f33cd0dad59,alpaca,False,train,system,fixed_slot,30,9,11,29,False
qwen3.5-9b,fitting,0f33cd0dad59,alpaca,False,train,user,fixed_slot,41,9,31,40,True
qwen3.5-9b,fitting,0f33cd0dad59,alpaca,False,train,tool,fixed_slot,45,9,33,44,True
qwen3.5-9b,fitting,0f33cd0dad59,alpaca,False,train,assistant,fixed_slot,45,9,35,44,True
qwen3.5-9b,fitting,0f33cd0dad59,alpaca,False,train,system,natural_slot,30,9,11,29,False
qwen3.5-9b,fitting,0f33cd0dad59,alpaca,False,train,user,natural_slot,32,9,22,31,False
qwen3.5-9b,fitting,0f33cd0dad59,alpaca,False,train,tool,natural_slot,57,9,45,56,False
qwen3.5-9b,fitting,0f33cd0dad59,alpaca,False,train,assistant,natural_slot,45,9,35,44,False
qwen3.5-9b,fitting,0a8b47d3e87e,xstest_safe,False,train,system,fixed_slot,29,8,10,28,False
qwen3.5-9b,fitting,0a8b47d3e87e,xstest_safe,False,train,user,fixed_slot,40,8,30,39,True
qwen3.5-9b,fitting,0a8b47d3e87e,xstest_safe,False,train,tool,fixed_slot,44,8,32,43,True
qwen3.5-9b,fitting,0a8b47d3e87e,xstest_safe,False,train,assistant,fixed_slot,44,8,34,43,True
qwen3.5-9b,fitting,0a8b47d3e87e,xstest_safe,False,train,system,natural_slot,29,8,10,28,False
qwen3.5-9b,fitting,0a8b47d3e87e,xstest_safe,False,train,user,natural_slot,31,8,21,30,False
qwen3.5-9b,fitting,0a8b47d3e87e,xstest_safe,False,train,tool,natural_slot,56,8,44,55,False
qwen3.5-9b,fitting,0a8b47d3e87e,xstest_safe,False,train,assistant,natural_slot,44,8,34,43,False
qwen3.5-9b,fitting,0311daf1a2f4,alpaca,False,train,system,fixed_slot,33,12,14,32,False
qwen3.5-9b,fitting,0311daf1a2f4,alpaca,False,train,user,fixed_slot,44,12,34,43,True
qwen3.5-9b,fitting,0311daf1a2f4,alpaca,False,train,tool,fixed_slot,48,12,36,47,True
qwen3.5-9b,fitting,0311daf1a2f4,alpaca,False,train,assistant,fixed_slot,48,12,38,47,True
qwen3.5-9b,fitting,0311daf1a2f4,alpaca,False,train,system,natural_slot,33,12,14,32,False
qwen3.5-9b,fitting,0311daf1a2f4,alpaca,False,train,user,natural_slot,35,12,25,34,False
qwen3.5-9b,fitting,0311daf1a2f4,alpaca,False,train,tool,natural_slot,60,12,48,59,False
qwen3.5-9b,fitting,0311daf1a2f4,alpaca,False,train,assistant,natural_slot,48,12,38,47,False
qwen3.5-9b,fitting,6f485355c12e,xstest_safe,False,train,system,fixed_slot,30,9,11,29,False
qwen3.5-9b,fitting,6f485355c12e,xstest_safe,False,train,user,fixed_slot,41,9,31,40,True
qwen3.5-9b,fitting,6f485355c12e,xstest_safe,False,train,tool,fixed_slot,45,9,33,44,True
qwen3.5-9b,fitting,6f485355c12e,xstest_safe,False,train,assistant,fixed_slot,45,9,35,44,True
qwen3.5-9b,fitting,6f485355c12e,xstest_safe,False,train,system,natural_slot,30,9,11,29,False
qwen3.5-9b,fitting,6f485355c12e,xstest_safe,False,train,user,natural_slot,32,9,22,31,False
qwen3.5-9b,fitting,6f485355c12e,xstest_safe,False,train,tool,natural_slot,57,9,45,56,False
qwen3.5-9b,fitting,6f485355c12e,xstest_safe,False,train,assistant,natural_slot,45,9,35,44,False
qwen3.5-9b,fitting,49acbbfc7492,alpaca,False,train,system,fixed_slot,42,21,23,41,False
qwen3.5-9b,fitting,49acbbfc7492,alpaca,False,train,user,fixed_slot,53,21,43,52,True
qwen3.5-9b,fitting,49acbbfc7492,alpaca,False,train,tool,fixed_slot,57,21,45,56,True
qwen3.5-9b,fitting,49acbbfc7492,alpaca,False,train,assistant,fixed_slot,57,21,47,56,True
qwen3.5-9b,fitting,49acbbfc7492,alpaca,False,train,system,natural_slot,42,21,23,41,False
qwen3.5-9b,fitting,49acbbfc7492,alpaca,False,train,user,natural_slot,44,21,34,43,False
qwen3.5-9b,fitting,49acbbfc7492,alpaca,False,train,tool,natural_slot,69,21,57,68,False
qwen3.5-9b,fitting,49acbbfc7492,alpaca,False,train,assistant,natural_slot,57,21,47,56,False
qwen3.5-9b,fitting,1d800a29f8a9,xstest_safe,False,train,system,fixed_slot,31,10,12,30,False
qwen3.5-9b,fitting,1d800a29f8a9,xstest_safe,False,train,user,fixed_slot,42,10,32,41,True
qwen3.5-9b,fitting,1d800a29f8a9,xstest_safe,False,train,tool,fixed_slot,46,10,34,45,True
qwen3.5-9b,fitting,1d800a29f8a9,xstest_safe,False,train,assistant,fixed_slot,46,10,36,45,True
qwen3.5-9b,fitting,1d800a29f8a9,xstest_safe,False,train,system,natural_slot,31,10,12,30,False
qwen3.5-9b,fitting,1d800a29f8a9,xstest_safe,False,train,user,natural_slot,33,10,23,32,False
qwen3.5-9b,fitting,1d800a29f8a9,xstest_safe,False,train,tool,natural_slot,58,10,46,57,False
qwen3.5-9b,fitting,1d800a29f8a9,xstest_safe,False,train,assistant,natural_slot,46,10,36,45,False
qwen3.5-9b,fitting,c7895a377d60,alpaca,False,train,system,fixed_slot,39,18,20,38,False
qwen3.5-9b,fitting,c7895a377d60,alpaca,False,train,user,fixed_slot,50,18,40,49,True
qwen3.5-9b,fitting,c7895a377d60,alpaca,False,train,tool,fixed_slot,54,18,42,53,True
qwen3.5-9b,fitting,c7895a377d60,alpaca,False,train,assistant,fixed_slot,54,18,44,53,True
qwen3.5-9b,fitting,c7895a377d60,alpaca,False,train,system,natural_slot,39,18,20,38,False
qwen3.5-9b,fitting,c7895a377d60,alpaca,False,train,user,natural_slot,41,18,31,40,False
qwen3.5-9b,fitting,c7895a377d60,alpaca,False,train,tool,natural_slot,66,18,54,65,False
qwen3.5-9b,fitting,c7895a377d60,alpaca,False,train,assistant,natural_slot,54,18,44,53,False
qwen3.5-9b,fitting,de60c351fc75,xstest_safe,False,train,system,fixed_slot,31,10,12,30,False
qwen3.5-9b,fitting,de60c351fc75,xstest_safe,False,train,user,fixed_slot,42,10,32,41,True
qwen3.5-9b,fitting,de60c351fc75,xstest_safe,False,train,tool,fixed_slot,46,10,34,45,True
qwen3.5-9b,fitting,de60c351fc75,xstest_safe,False,train,assistant,fixed_slot,46,10,36,45,True
qwen3.5-9b,fitting,de60c351fc75,xstest_safe,False,train,system,natural_slot,31,10,12,30,False
qwen3.5-9b,fitting,de60c351fc75,xstest_safe,False,train,user,natural_slot,33,10,23,32,False
qwen3.5-9b,fitting,de60c351fc75,xstest_safe,False,train,tool,natural_slot,58,10,46,57,False
qwen3.5-9b,fitting,de60c351fc75,xstest_safe,False,train,assistant,natural_slot,46,10,36,45,False
qwen2.5-7b,transfer,8d0ec92f8830,c4,False,train,system,fixed_slot,58,41,43,57,False
qwen2.5-7b,transfer,8d0ec92f8830,c4,False,train,user,fixed_slot,69,41,63,68,True
qwen2.5-7b,transfer,8d0ec92f8830,c4,False,train,tool,fixed_slot,77,41,67,76,True
qwen2.5-7b,transfer,8d0ec92f8830,c4,False,train,assistant,fixed_slot,69,41,63,68,True
qwen2.5-7b,transfer,8d0ec92f8830,c4,False,train,system,natural_slot,58,41,43,57,False
qwen2.5-7b,transfer,8d0ec92f8830,c4,False,train,user,natural_slot,60,41,54,59,False
qwen2.5-7b,transfer,8d0ec92f8830,c4,False,train,tool,natural_slot,85,41,75,84,False
qwen2.5-7b,transfer,8d0ec92f8830,c4,False,train,assistant,natural_slot,69,41,63,68,False
qwen2.5-7b,transfer,f0e7cb43169c,c4,False,train,system,fixed_slot,78,61,63,77,False
qwen2.5-7b,transfer,f0e7cb43169c,c4,False,train,user,fixed_slot,89,61,83,88,True
qwen2.5-7b,transfer,f0e7cb43169c,c4,False,train,tool,fixed_slot,97,61,87,96,True
qwen2.5-7b,transfer,f0e7cb43169c,c4,False,train,assistant,fixed_slot,89,61,83,88,True
qwen2.5-7b,transfer,f0e7cb43169c,c4,False,train,system,natural_slot,78,61,63,77,False
qwen2.5-7b,transfer,f0e7cb43169c,c4,False,train,user,natural_slot,80,61,74,79,False
qwen2.5-7b,transfer,f0e7cb43169c,c4,False,train,tool,natural_slot,105,61,95,104,False
qwen2.5-7b,transfer,f0e7cb43169c,c4,False,train,assistant,natural_slot,89,61,83,88,False
qwen2.5-7b,transfer,7498838c22d4,c4,False,test,system,fixed_slot,93,76,78,92,False
qwen2.5-7b,transfer,7498838c22d4,c4,False,test,user,fixed_slot,104,76,98,103,True
qwen2.5-7b,transfer,7498838c22d4,c4,False,test,tool,fixed_slot,112,76,102,111,True
qwen2.5-7b,transfer,7498838c22d4,c4,False,test,assistant,fixed_slot,104,76,98,103,True
qwen2.5-7b,transfer,7498838c22d4,c4,False,test,system,natural_slot,93,76,78,92,False
qwen2.5-7b,transfer,7498838c22d4,c4,False,test,user,natural_slot,95,76,89,94,False
qwen2.5-7b,transfer,7498838c22d4,c4,False,test,tool,natural_slot,120,76,110,119,False
qwen2.5-7b,transfer,7498838c22d4,c4,False,test,assistant,natural_slot,104,76,98,103,False
qwen2.5-7b,transfer,24cca4a76cdc,c4,False,train,system,fixed_slot,63,46,48,62,False
qwen2.5-7b,transfer,24cca4a76cdc,c4,False,train,user,fixed_slot,74,46,68,73,True
qwen2.5-7b,transfer,24cca4a76cdc,c4,False,train,tool,fixed_slot,82,46,72,81,True
qwen2.5-7b,transfer,24cca4a76cdc,c4,False,train,assistant,fixed_slot,74,46,68,73,True
qwen2.5-7b,transfer,24cca4a76cdc,c4,False,train,system,natural_slot,63,46,48,62,False
qwen2.5-7b,transfer,24cca4a76cdc,c4,False,train,user,natural_slot,65,46,59,64,False
qwen2.5-7b,transfer,24cca4a76cdc,c4,False,train,tool,natural_slot,90,46,80,89,False
qwen2.5-7b,transfer,24cca4a76cdc,c4,False,train,assistant,natural_slot,74,46,68,73,False
qwen2.5-7b,transfer,6afbf041c32d,c4,False,train,system,fixed_slot,61,44,46,60,False
qwen2.5-7b,transfer,6afbf041c32d,c4,False,train,user,fixed_slot,72,44,66,71,True
qwen2.5-7b,transfer,6afbf041c32d,c4,False,train,tool,fixed_slot,80,44,70,79,True
qwen2.5-7b,transfer,6afbf041c32d,c4,False,train,assistant,fixed_slot,72,44,66,71,True
qwen2.5-7b,transfer,6afbf041c32d,c4,False,train,system,natural_slot,61,44,46,60,False
qwen2.5-7b,transfer,6afbf041c32d,c4,False,train,user,natural_slot,63,44,57,62,False
qwen2.5-7b,transfer,6afbf041c32d,c4,False,train,tool,natural_slot,88,44,78,87,False
qwen2.5-7b,transfer,6afbf041c32d,c4,False,train,assistant,natural_slot,72,44,66,71,False
qwen2.5-7b,transfer,bbfd8ce77e21,c4,False,train,system,fixed_slot,96,79,81,95,False
qwen2.5-7b,transfer,bbfd8ce77e21,c4,False,train,user,fixed_slot,107,79,101,106,True
qwen2.5-7b,transfer,bbfd8ce77e21,c4,False,train,tool,fixed_slot,116,79,105,115,True
qwen2.5-7b,transfer,bbfd8ce77e21,c4,False,train,assistant,fixed_slot,107,79,101,106,True
qwen2.5-7b,transfer,bbfd8ce77e21,c4,False,train,system,natural_slot,96,79,81,95,False
qwen2.5-7b,transfer,bbfd8ce77e21,c4,False,train,user,natural_slot,98,79,92,97,False
qwen2.5-7b,transfer,bbfd8ce77e21,c4,False,train,tool,natural_slot,124,79,113,123,False
qwen2.5-7b,transfer,bbfd8ce77e21,c4,False,train,assistant,natural_slot,107,79,101,106,False
qwen2.5-7b,transfer,be8fa59d7a51,c4,False,test,system,fixed_slot,60,43,45,59,False
qwen2.5-7b,transfer,be8fa59d7a51,c4,False,test,user,fixed_slot,71,43,65,70,True
qwen2.5-7b,transfer,be8fa59d7a51,c4,False,test,tool,fixed_slot,79,43,69,78,True
qwen2.5-7b,transfer,be8fa59d7a51,c4,False,test,assistant,fixed_slot,71,43,65,70,True
qwen2.5-7b,transfer,be8fa59d7a51,c4,False,test,system,natural_slot,60,43,45,59,False
qwen2.5-7b,transfer,be8fa59d7a51,c4,False,test,user,natural_slot,62,43,56,61,False
qwen2.5-7b,transfer,be8fa59d7a51,c4,False,test,tool,natural_slot,87,43,77,86,False
qwen2.5-7b,transfer,be8fa59d7a51,c4,False,test,assistant,natural_slot,71,43,65,70,False
qwen2.5-7b,transfer,b43029a1c01c,c4,False,test,system,fixed_slot,55,38,40,54,False
qwen2.5-7b,transfer,b43029a1c01c,c4,False,test,user,fixed_slot,66,38,60,65,True
qwen2.5-7b,transfer,b43029a1c01c,c4,False,test,tool,fixed_slot,74,38,64,73,True
qwen2.5-7b,transfer,b43029a1c01c,c4,False,test,assistant,fixed_slot,66,38,60,65,True
qwen2.5-7b,transfer,b43029a1c01c,c4,False,test,system,natural_slot,55,38,40,54,False
qwen2.5-7b,transfer,b43029a1c01c,c4,False,test,user,natural_slot,57,38,51,56,False
qwen2.5-7b,transfer,b43029a1c01c,c4,False,test,tool,natural_slot,82,38,72,81,False
qwen2.5-7b,transfer,b43029a1c01c,c4,False,test,assistant,natural_slot,66,38,60,65,False
qwen2.5-7b,transfer,2844a6a49efc,c4,False,train,system,fixed_slot,71,54,56,70,False
qwen2.5-7b,transfer,2844a6a49efc,c4,False,train,user,fixed_slot,82,54,76,81,True
qwen2.5-7b,transfer,2844a6a49efc,c4,False,train,tool,fixed_slot,90,54,80,89,True
qwen2.5-7b,transfer,2844a6a49efc,c4,False,train,assistant,fixed_slot,82,54,76,81,True
qwen2.5-7b,transfer,2844a6a49efc,c4,False,train,system,natural_slot,71,54,56,70,False
qwen2.5-7b,transfer,2844a6a49efc,c4,False,train,user,natural_slot,73,54,67,72,False
qwen2.5-7b,transfer,2844a6a49efc,c4,False,train,tool,natural_slot,98,54,88,97,False
qwen2.5-7b,transfer,2844a6a49efc,c4,False,train,assistant,natural_slot,82,54,76,81,False
qwen2.5-7b,transfer,13aacc9d2208,c4,False,train,system,fixed_slot,102,85,87,101,False
qwen2.5-7b,transfer,13aacc9d2208,c4,False,train,user,fixed_slot,113,85,107,112,True
qwen2.5-7b,transfer,13aacc9d2208,c4,False,train,tool,fixed_slot,122,85,111,121,True
qwen2.5-7b,transfer,13aacc9d2208,c4,False,train,assistant,fixed_slot,113,85,107,112,True
qwen2.5-7b,transfer,13aacc9d2208,c4,False,train,system,natural_slot,102,85,87,101,False
qwen2.5-7b,transfer,13aacc9d2208,c4,False,train,user,natural_slot,104,85,98,103,False
qwen2.5-7b,transfer,13aacc9d2208,c4,False,train,tool,natural_slot,130,85,119,129,False
qwen2.5-7b,transfer,13aacc9d2208,c4,False,train,assistant,natural_slot,113,85,107,112,False
qwen2.5-7b,transfer,3cf7c121bf85,c4,False,train,system,fixed_slot,65,48,50,64,False
qwen2.5-7b,transfer,3cf7c121bf85,c4,False,train,user,fixed_slot,76,48,70,75,True
qwen2.5-7b,transfer,3cf7c121bf85,c4,False,train,tool,fixed_slot,84,48,74,83,True
qwen2.5-7b,transfer,3cf7c121bf85,c4,False,train,assistant,fixed_slot,76,48,70,75,True
qwen2.5-7b,transfer,3cf7c121bf85,c4,False,train,system,natural_slot,65,48,50,64,False
qwen2.5-7b,transfer,3cf7c121bf85,c4,False,train,user,natural_slot,67,48,61,66,False
qwen2.5-7b,transfer,3cf7c121bf85,c4,False,train,tool,natural_slot,92,48,82,91,False
qwen2.5-7b,transfer,3cf7c121bf85,c4,False,train,assistant,natural_slot,76,48,70,75,False
qwen2.5-7b,transfer,fe06060dcd62,c4,False,train,system,fixed_slot,78,61,63,77,False
qwen2.5-7b,transfer,fe06060dcd62,c4,False,train,user,fixed_slot,89,61,83,88,True
qwen2.5-7b,transfer,fe06060dcd62,c4,False,train,tool,fixed_slot,97,61,87,96,True
qwen2.5-7b,transfer,fe06060dcd62,c4,False,train,assistant,fixed_slot,89,61,83,88,True
qwen2.5-7b,transfer,fe06060dcd62,c4,False,train,system,natural_slot,78,61,63,77,False
qwen2.5-7b,transfer,fe06060dcd62,c4,False,train,user,natural_slot,80,61,74,79,False
qwen2.5-7b,transfer,fe06060dcd62,c4,False,train,tool,natural_slot,105,61,95,104,False
qwen2.5-7b,transfer,fe06060dcd62,c4,False,train,assistant,natural_slot,89,61,83,88,False
qwen2.5-7b,transfer,e35a87730cd8,c4,False,train,system,fixed_slot,87,70,72,86,False
qwen2.5-7b,transfer,e35a87730cd8,c4,False,train,user,fixed_slot,98,70,92,97,True
qwen2.5-7b,transfer,e35a87730cd8,c4,False,train,tool,fixed_slot,106,70,96,105,True
qwen2.5-7b,transfer,e35a87730cd8,c4,False,train,assistant,fixed_slot,98,70,92,97,True
qwen2.5-7b,transfer,e35a87730cd8,c4,False,train,system,natural_slot,87,70,72,86,False
qwen2.5-7b,transfer,e35a87730cd8,c4,False,train,user,natural_slot,89,70,83,88,False
qwen2.5-7b,transfer,e35a87730cd8,c4,False,train,tool,natural_slot,114,70,104,113,False
qwen2.5-7b,transfer,e35a87730cd8,c4,False,train,assistant,natural_slot,98,70,92,97,False
qwen2.5-7b,transfer,f31fc60da501,c4,False,train,system,fixed_slot,83,66,68,82,False
qwen2.5-7b,transfer,f31fc60da501,c4,False,train,user,fixed_slot,94,66,88,93,True
qwen2.5-7b,transfer,f31fc60da501,c4,False,train,tool,fixed_slot,102,66,92,101,True
qwen2.5-7b,transfer,f31fc60da501,c4,False,train,assistant,fixed_slot,94,66,88,93,True
qwen2.5-7b,transfer,f31fc60da501,c4,False,train,system,natural_slot,83,66,68,82,False
qwen2.5-7b,transfer,f31fc60da501,c4,False,train,user,natural_slot,85,66,79,84,False
qwen2.5-7b,transfer,f31fc60da501,c4,False,train,tool,natural_slot,110,66,100,109,False
qwen2.5-7b,transfer,f31fc60da501,c4,False,train,assistant,natural_slot,94,66,88,93,False
qwen2.5-7b,transfer,acd83ec38e5f,c4,False,train,system,fixed_slot,134,117,119,133,False
qwen2.5-7b,transfer,acd83ec38e5f,c4,False,train,user,fixed_slot,145,117,139,144,True
qwen2.5-7b,transfer,acd83ec38e5f,c4,False,train,tool,fixed_slot,153,117,143,152,True
qwen2.5-7b,transfer,acd83ec38e5f,c4,False,train,assistant,fixed_slot,145,117,139,144,True
qwen2.5-7b,transfer,acd83ec38e5f,c4,False,train,system,natural_slot,134,117,119,133,False
qwen2.5-7b,transfer,acd83ec38e5f,c4,False,train,user,natural_slot,136,117,130,135,False
qwen2.5-7b,transfer,acd83ec38e5f,c4,False,train,tool,natural_slot,161,117,151,160,False
qwen2.5-7b,transfer,acd83ec38e5f,c4,False,train,assistant,natural_slot,145,117,139,144,False
qwen2.5-7b,transfer,a532c6da0701,c4,False,train,system,fixed_slot,50,33,35,49,False
qwen2.5-7b,transfer,a532c6da0701,c4,False,train,user,fixed_slot,61,33,55,60,True
qwen2.5-7b,transfer,a532c6da0701,c4,False,train,tool,fixed_slot,69,33,59,68,True
qwen2.5-7b,transfer,a532c6da0701,c4,False,train,assistant,fixed_slot,61,33,55,60,True
qwen2.5-7b,transfer,a532c6da0701,c4,False,train,system,natural_slot,50,33,35,49,False
qwen2.5-7b,transfer,a532c6da0701,c4,False,train,user,natural_slot,52,33,46,51,False
qwen2.5-7b,transfer,a532c6da0701,c4,False,train,tool,natural_slot,77,33,67,76,False
qwen2.5-7b,transfer,a532c6da0701,c4,False,train,assistant,natural_slot,61,33,55,60,False
qwen2.5-7b,transfer,5ea4776161d6,c4,False,train,system,fixed_slot,50,33,35,49,False
qwen2.5-7b,transfer,5ea4776161d6,c4,False,train,user,fixed_slot,61,33,55,60,True
qwen2.5-7b,transfer,5ea4776161d6,c4,False,train,tool,fixed_slot,69,33,59,68,True
qwen2.5-7b,transfer,5ea4776161d6,c4,False,train,assistant,fixed_slot,61,33,55,60,True
qwen2.5-7b,transfer,5ea4776161d6,c4,False,train,system,natural_slot,50,33,35,49,False
qwen2.5-7b,transfer,5ea4776161d6,c4,False,train,user,natural_slot,52,33,46,51,False
qwen2.5-7b,transfer,5ea4776161d6,c4,False,train,tool,natural_slot,77,33,67,76,False
qwen2.5-7b,transfer,5ea4776161d6,c4,False,train,assistant,natural_slot,61,33,55,60,False
qwen2.5-7b,transfer,88d3dec285f3,c4,False,train,system,fixed_slot,86,69,71,85,False
qwen2.5-7b,transfer,88d3dec285f3,c4,False,train,user,fixed_slot,97,69,91,96,True
qwen2.5-7b,transfer,88d3dec285f3,c4,False,train,tool,fixed_slot,106,69,95,105,True
qwen2.5-7b,transfer,88d3dec285f3,c4,False,train,assistant,fixed_slot,97,69,91,96,True
qwen2.5-7b,transfer,88d3dec285f3,c4,False,train,system,natural_slot,86,69,71,85,False
qwen2.5-7b,transfer,88d3dec285f3,c4,False,train,user,natural_slot,88,69,82,87,False
qwen2.5-7b,transfer,88d3dec285f3,c4,False,train,tool,natural_slot,114,69,103,113,False
qwen2.5-7b,transfer,88d3dec285f3,c4,False,train,assistant,natural_slot,97,69,91,96,False
qwen2.5-7b,transfer,2b94fd940d7e,c4,False,test,system,fixed_slot,86,69,71,85,False
qwen2.5-7b,transfer,2b94fd940d7e,c4,False,test,user,fixed_slot,97,69,91,96,True
qwen2.5-7b,transfer,2b94fd940d7e,c4,False,test,tool,fixed_slot,106,69,95,105,True
qwen2.5-7b,transfer,2b94fd940d7e,c4,False,test,assistant,fixed_slot,97,69,91,96,True
qwen2.5-7b,transfer,2b94fd940d7e,c4,False,test,system,natural_slot,86,69,71,85,False
qwen2.5-7b,transfer,2b94fd940d7e,c4,False,test,user,natural_slot,88,69,82,87,False
qwen2.5-7b,transfer,2b94fd940d7e,c4,False,test,tool,natural_slot,114,69,103,113,False
qwen2.5-7b,transfer,2b94fd940d7e,c4,False,test,assistant,natural_slot,97,69,91,96,False
qwen2.5-7b,transfer,24e79e5d0b4f,c4,False,train,system,fixed_slot,50,33,35,49,False
qwen2.5-7b,transfer,24e79e5d0b4f,c4,False,train,user,fixed_slot,61,33,55,60,True
qwen2.5-7b,transfer,24e79e5d0b4f,c4,False,train,tool,fixed_slot,69,33,59,68,True
qwen2.5-7b,transfer,24e79e5d0b4f,c4,False,train,assistant,fixed_slot,61,33,55,60,True
qwen2.5-7b,transfer,24e79e5d0b4f,c4,False,train,system,natural_slot,50,33,35,49,False
qwen2.5-7b,transfer,24e79e5d0b4f,c4,False,train,user,natural_slot,52,33,46,51,False
qwen2.5-7b,transfer,24e79e5d0b4f,c4,False,train,tool,natural_slot,77,33,67,76,False
qwen2.5-7b,transfer,24e79e5d0b4f,c4,False,train,assistant,natural_slot,61,33,55,60,False
qwen2.5-7b,transfer,83e91890a735,c4,False,train,system,fixed_slot,84,67,69,83,False
qwen2.5-7b,transfer,83e91890a735,c4,False,train,user,fixed_slot,95,67,89,94,True
qwen2.5-7b,transfer,83e91890a735,c4,False,train,tool,fixed_slot,104,67,93,103,True
qwen2.5-7b,transfer,83e91890a735,c4,False,train,assistant,fixed_slot,95,67,89,94,True
qwen2.5-7b,transfer,83e91890a735,c4,False,train,system,natural_slot,84,67,69,83,False
qwen2.5-7b,transfer,83e91890a735,c4,False,train,user,natural_slot,86,67,80,85,False
qwen2.5-7b,transfer,83e91890a735,c4,False,train,tool,natural_slot,112,67,101,111,False
qwen2.5-7b,transfer,83e91890a735,c4,False,train,assistant,natural_slot,95,67,89,94,False
qwen2.5-7b,transfer,107681a7f208,c4,False,train,system,fixed_slot,53,36,38,52,False
qwen2.5-7b,transfer,107681a7f208,c4,False,train,user,fixed_slot,64,36,58,63,True
qwen2.5-7b,transfer,107681a7f208,c4,False,train,tool,fixed_slot,72,36,62,71,True
qwen2.5-7b,transfer,107681a7f208,c4,False,train,assistant,fixed_slot,64,36,58,63,True
qwen2.5-7b,transfer,107681a7f208,c4,False,train,system,natural_slot,53,36,38,52,False
qwen2.5-7b,transfer,107681a7f208,c4,False,train,user,natural_slot,55,36,49,54,False
qwen2.5-7b,transfer,107681a7f208,c4,False,train,tool,natural_slot,80,36,70,79,False
qwen2.5-7b,transfer,107681a7f208,c4,False,train,assistant,natural_slot,64,36,58,63,False
qwen2.5-7b,transfer,4929cfe24b87,c4,False,test,system,fixed_slot,88,71,73,87,False
qwen2.5-7b,transfer,4929cfe24b87,c4,False,test,user,fixed_slot,99,71,93,98,True
qwen2.5-7b,transfer,4929cfe24b87,c4,False,test,tool,fixed_slot,107,71,97,106,True
qwen2.5-7b,transfer,4929cfe24b87,c4,False,test,assistant,fixed_slot,99,71,93,98,True
qwen2.5-7b,transfer,4929cfe24b87,c4,False,test,system,natural_slot,88,71,73,87,False
qwen2.5-7b,transfer,4929cfe24b87,c4,False,test,user,natural_slot,90,71,84,89,False
qwen2.5-7b,transfer,4929cfe24b87,c4,False,test,tool,natural_slot,115,71,105,114,False
qwen2.5-7b,transfer,4929cfe24b87,c4,False,test,assistant,natural_slot,99,71,93,98,False
qwen2.5-7b,transfer,1a031edb5783,c4,False,test,system,fixed_slot,101,84,86,100,False
qwen2.5-7b,transfer,1a031edb5783,c4,False,test,user,fixed_slot,112,84,106,111,True
qwen2.5-7b,transfer,1a031edb5783,c4,False,test,tool,fixed_slot,120,84,110,119,True
qwen2.5-7b,transfer,1a031edb5783,c4,False,test,assistant,fixed_slot,112,84,106,111,True
qwen2.5-7b,transfer,1a031edb5783,c4,False,test,system,natural_slot,101,84,86,100,False
qwen2.5-7b,transfer,1a031edb5783,c4,False,test,user,natural_slot,103,84,97,102,False
qwen2.5-7b,transfer,1a031edb5783,c4,False,test,tool,natural_slot,128,84,118,127,False
qwen2.5-7b,transfer,1a031edb5783,c4,False,test,assistant,natural_slot,112,84,106,111,False
qwen2.5-7b,transfer,8d7e6eec956b,c4,False,test,system,fixed_slot,158,141,143,157,False
qwen2.5-7b,transfer,8d7e6eec956b,c4,False,test,user,fixed_slot,169,141,163,168,True
qwen2.5-7b,transfer,8d7e6eec956b,c4,False,test,tool,fixed_slot,178,141,167,177,True
qwen2.5-7b,transfer,8d7e6eec956b,c4,False,test,assistant,fixed_slot,169,141,163,168,True
qwen2.5-7b,transfer,8d7e6eec956b,c4,False,test,system,natural_slot,158,141,143,157,False
qwen2.5-7b,transfer,8d7e6eec956b,c4,False,test,user,natural_slot,160,141,154,159,False
qwen2.5-7b,transfer,8d7e6eec956b,c4,False,test,tool,natural_slot,186,141,175,185,False
qwen2.5-7b,transfer,8d7e6eec956b,c4,False,test,assistant,natural_slot,169,141,163,168,False
qwen2.5-7b,transfer,45ab9cbdeaed,c4,False,test,system,fixed_slot,56,39,41,55,False
qwen2.5-7b,transfer,45ab9cbdeaed,c4,False,test,user,fixed_slot,67,39,61,66,True
qwen2.5-7b,transfer,45ab9cbdeaed,c4,False,test,tool,fixed_slot,75,39,65,74,True
qwen2.5-7b,transfer,45ab9cbdeaed,c4,False,test,assistant,fixed_slot,67,39,61,66,True
qwen2.5-7b,transfer,45ab9cbdeaed,c4,False,test,system,natural_slot,56,39,41,55,False
qwen2.5-7b,transfer,45ab9cbdeaed,c4,False,test,user,natural_slot,58,39,52,57,False
qwen2.5-7b,transfer,45ab9cbdeaed,c4,False,test,tool,natural_slot,83,39,73,82,False
qwen2.5-7b,transfer,45ab9cbdeaed,c4,False,test,assistant,natural_slot,67,39,61,66,False
qwen2.5-7b,transfer,93ceaefcaaae,c4,False,train,system,fixed_slot,71,54,56,70,False
qwen2.5-7b,transfer,93ceaefcaaae,c4,False,train,user,fixed_slot,82,54,76,81,True
qwen2.5-7b,transfer,93ceaefcaaae,c4,False,train,tool,fixed_slot,90,54,80,89,True
qwen2.5-7b,transfer,93ceaefcaaae,c4,False,train,assistant,fixed_slot,82,54,76,81,True
qwen2.5-7b,transfer,93ceaefcaaae,c4,False,train,system,natural_slot,71,54,56,70,False
qwen2.5-7b,transfer,93ceaefcaaae,c4,False,train,user,natural_slot,73,54,67,72,False
qwen2.5-7b,transfer,93ceaefcaaae,c4,False,train,tool,natural_slot,98,54,88,97,False
qwen2.5-7b,transfer,93ceaefcaaae,c4,False,train,assistant,natural_slot,82,54,76,81,False
qwen2.5-7b,transfer,5ea1b5efb60c,c4,False,train,system,fixed_slot,62,45,47,61,False
qwen2.5-7b,transfer,5ea1b5efb60c,c4,False,train,user,fixed_slot,73,45,67,72,True
qwen2.5-7b,transfer,5ea1b5efb60c,c4,False,train,tool,fixed_slot,81,45,71,80,True
qwen2.5-7b,transfer,5ea1b5efb60c,c4,False,train,assistant,fixed_slot,73,45,67,72,True
qwen2.5-7b,transfer,5ea1b5efb60c,c4,False,train,system,natural_slot,62,45,47,61,False
qwen2.5-7b,transfer,5ea1b5efb60c,c4,False,train,user,natural_slot,64,45,58,63,False
qwen2.5-7b,transfer,5ea1b5efb60c,c4,False,train,tool,natural_slot,89,45,79,88,False
qwen2.5-7b,transfer,5ea1b5efb60c,c4,False,train,assistant,natural_slot,73,45,67,72,False
qwen2.5-7b,transfer,97debf0590a2,c4,False,train,system,fixed_slot,93,76,78,92,False
qwen2.5-7b,transfer,97debf0590a2,c4,False,train,user,fixed_slot,104,76,98,103,True
qwen2.5-7b,transfer,97debf0590a2,c4,False,train,tool,fixed_slot,113,76,102,112,True
qwen2.5-7b,transfer,97debf0590a2,c4,False,train,assistant,fixed_slot,104,76,98,103,True
qwen2.5-7b,transfer,97debf0590a2,c4,False,train,system,natural_slot,93,76,78,92,False
qwen2.5-7b,transfer,97debf0590a2,c4,False,train,user,natural_slot,95,76,89,94,False
qwen2.5-7b,transfer,97debf0590a2,c4,False,train,tool,natural_slot,121,76,110,120,False
qwen2.5-7b,transfer,97debf0590a2,c4,False,train,assistant,natural_slot,104,76,98,103,False
qwen2.5-7b,transfer,0e562ba8a53a,c4,False,train,system,fixed_slot,65,48,50,64,False
qwen2.5-7b,transfer,0e562ba8a53a,c4,False,train,user,fixed_slot,76,48,70,75,True
qwen2.5-7b,transfer,0e562ba8a53a,c4,False,train,tool,fixed_slot,84,48,74,83,True
qwen2.5-7b,transfer,0e562ba8a53a,c4,False,train,assistant,fixed_slot,76,48,70,75,True
qwen2.5-7b,transfer,0e562ba8a53a,c4,False,train,system,natural_slot,65,48,50,64,False
qwen2.5-7b,transfer,0e562ba8a53a,c4,False,train,user,natural_slot,67,48,61,66,False
qwen2.5-7b,transfer,0e562ba8a53a,c4,False,train,tool,natural_slot,92,48,82,91,False
qwen2.5-7b,transfer,0e562ba8a53a,c4,False,train,assistant,natural_slot,76,48,70,75,False
qwen2.5-7b,transfer,adf158b8caa8,c4,False,train,system,fixed_slot,101,84,86,100,False
qwen2.5-7b,transfer,adf158b8caa8,c4,False,train,user,fixed_slot,112,84,106,111,True
qwen2.5-7b,transfer,adf158b8caa8,c4,False,train,tool,fixed_slot,121,84,110,120,True
qwen2.5-7b,transfer,adf158b8caa8,c4,False,train,assistant,fixed_slot,112,84,106,111,True
qwen2.5-7b,transfer,adf158b8caa8,c4,False,train,system,natural_slot,101,84,86,100,False
qwen2.5-7b,transfer,adf158b8caa8,c4,False,train,user,natural_slot,103,84,97,102,False
qwen2.5-7b,transfer,adf158b8caa8,c4,False,train,tool,natural_slot,129,84,118,128,False
qwen2.5-7b,transfer,adf158b8caa8,c4,False,train,assistant,natural_slot,112,84,106,111,False
qwen2.5-7b,transfer,1771287f91f9,c4,False,train,system,fixed_slot,80,63,65,79,False
qwen2.5-7b,transfer,1771287f91f9,c4,False,train,user,fixed_slot,91,63,85,90,True
qwen2.5-7b,transfer,1771287f91f9,c4,False,train,tool,fixed_slot,99,63,89,98,True
qwen2.5-7b,transfer,1771287f91f9,c4,False,train,assistant,fixed_slot,91,63,85,90,True
qwen2.5-7b,transfer,1771287f91f9,c4,False,train,system,natural_slot,80,63,65,79,False
qwen2.5-7b,transfer,1771287f91f9,c4,False,train,user,natural_slot,82,63,76,81,False
qwen2.5-7b,transfer,1771287f91f9,c4,False,train,tool,natural_slot,107,63,97,106,False
qwen2.5-7b,transfer,1771287f91f9,c4,False,train,assistant,natural_slot,91,63,85,90,False
qwen2.5-7b,transfer,c9c70c4a0471,c4,False,test,system,fixed_slot,68,51,53,67,False
qwen2.5-7b,transfer,c9c70c4a0471,c4,False,test,user,fixed_slot,79,51,73,78,True
qwen2.5-7b,transfer,c9c70c4a0471,c4,False,test,tool,fixed_slot,87,51,77,86,True
qwen2.5-7b,transfer,c9c70c4a0471,c4,False,test,assistant,fixed_slot,79,51,73,78,True
qwen2.5-7b,transfer,c9c70c4a0471,c4,False,test,system,natural_slot,68,51,53,67,False
qwen2.5-7b,transfer,c9c70c4a0471,c4,False,test,user,natural_slot,70,51,64,69,False
qwen2.5-7b,transfer,c9c70c4a0471,c4,False,test,tool,natural_slot,95,51,85,94,False
qwen2.5-7b,transfer,c9c70c4a0471,c4,False,test,assistant,natural_slot,79,51,73,78,False
qwen2.5-7b,transfer,bf908a052173,c4,False,test,system,fixed_slot,84,67,69,83,False
qwen2.5-7b,transfer,bf908a052173,c4,False,test,user,fixed_slot,95,67,89,94,True
qwen2.5-7b,transfer,bf908a052173,c4,False,test,tool,fixed_slot,104,67,93,103,True
qwen2.5-7b,transfer,bf908a052173,c4,False,test,assistant,fixed_slot,95,67,89,94,True
qwen2.5-7b,transfer,bf908a052173,c4,False,test,system,natural_slot,84,67,69,83,False
qwen2.5-7b,transfer,bf908a052173,c4,False,test,user,natural_slot,86,67,80,85,False
qwen2.5-7b,transfer,bf908a052173,c4,False,test,tool,natural_slot,112,67,101,111,False
qwen2.5-7b,transfer,bf908a052173,c4,False,test,assistant,natural_slot,95,67,89,94,False
qwen2.5-7b,transfer,8dd223557f42,c4,False,test,system,fixed_slot,93,76,78,92,False
qwen2.5-7b,transfer,8dd223557f42,c4,False,test,user,fixed_slot,104,76,98,103,True
qwen2.5-7b,transfer,8dd223557f42,c4,False,test,tool,fixed_slot,113,76,102,112,True
qwen2.5-7b,transfer,8dd223557f42,c4,False,test,assistant,fixed_slot,104,76,98,103,True
qwen2.5-7b,transfer,8dd223557f42,c4,False,test,system,natural_slot,93,76,78,92,False
qwen2.5-7b,transfer,8dd223557f42,c4,False,test,user,natural_slot,95,76,89,94,False
qwen2.5-7b,transfer,8dd223557f42,c4,False,test,tool,natural_slot,121,76,110,120,False
qwen2.5-7b,transfer,8dd223557f42,c4,False,test,assistant,natural_slot,104,76,98,103,False
qwen2.5-7b,transfer,c69d6c4e2260,c4,False,train,system,fixed_slot,98,81,83,97,False
qwen2.5-7b,transfer,c69d6c4e2260,c4,False,train,user,fixed_slot,109,81,103,108,True
qwen2.5-7b,transfer,c69d6c4e2260,c4,False,train,tool,fixed_slot,118,81,107,117,True
qwen2.5-7b,transfer,c69d6c4e2260,c4,False,train,assistant,fixed_slot,109,81,103,108,True
qwen2.5-7b,transfer,c69d6c4e2260,c4,False,train,system,natural_slot,98,81,83,97,False
qwen2.5-7b,transfer,c69d6c4e2260,c4,False,train,user,natural_slot,100,81,94,99,False
qwen2.5-7b,transfer,c69d6c4e2260,c4,False,train,tool,natural_slot,126,81,115,125,False
qwen2.5-7b,transfer,c69d6c4e2260,c4,False,train,assistant,natural_slot,109,81,103,108,False
qwen2.5-7b,transfer,e6609c0c79a6,c4,False,train,system,fixed_slot,95,78,80,94,False
qwen2.5-7b,transfer,e6609c0c79a6,c4,False,train,user,fixed_slot,106,78,100,105,True
qwen2.5-7b,transfer,e6609c0c79a6,c4,False,train,tool,fixed_slot,115,78,104,114,True
qwen2.5-7b,transfer,e6609c0c79a6,c4,False,train,assistant,fixed_slot,106,78,100,105,True
qwen2.5-7b,transfer,e6609c0c79a6,c4,False,train,system,natural_slot,95,78,80,94,False
qwen2.5-7b,transfer,e6609c0c79a6,c4,False,train,user,natural_slot,97,78,91,96,False
qwen2.5-7b,transfer,e6609c0c79a6,c4,False,train,tool,natural_slot,123,78,112,122,False
qwen2.5-7b,transfer,e6609c0c79a6,c4,False,train,assistant,natural_slot,106,78,100,105,False
qwen2.5-7b,transfer,950b0df5b179,c4,False,test,system,fixed_slot,80,63,65,79,False
qwen2.5-7b,transfer,950b0df5b179,c4,False,test,user,fixed_slot,91,63,85,90,True
qwen2.5-7b,transfer,950b0df5b179,c4,False,test,tool,fixed_slot,99,63,89,98,True
qwen2.5-7b,transfer,950b0df5b179,c4,False,test,assistant,fixed_slot,91,63,85,90,True
qwen2.5-7b,transfer,950b0df5b179,c4,False,test,system,natural_slot,80,63,65,79,False
qwen2.5-7b,transfer,950b0df5b179,c4,False,test,user,natural_slot,82,63,76,81,False
qwen2.5-7b,transfer,950b0df5b179,c4,False,test,tool,natural_slot,107,63,97,106,False
qwen2.5-7b,transfer,950b0df5b179,c4,False,test,assistant,natural_slot,91,63,85,90,False
qwen2.5-7b,transfer,67708f2271c8,c4,False,train,system,fixed_slot,84,67,69,83,False
qwen2.5-7b,transfer,67708f2271c8,c4,False,train,user,fixed_slot,95,67,89,94,True
qwen2.5-7b,transfer,67708f2271c8,c4,False,train,tool,fixed_slot,103,67,93,102,True
qwen2.5-7b,transfer,67708f2271c8,c4,False,train,assistant,fixed_slot,95,67,89,94,True
qwen2.5-7b,transfer,67708f2271c8,c4,False,train,system,natural_slot,84,67,69,83,False
qwen2.5-7b,transfer,67708f2271c8,c4,False,train,user,natural_slot,86,67,80,85,False
qwen2.5-7b,transfer,67708f2271c8,c4,False,train,tool,natural_slot,111,67,101,110,False
qwen2.5-7b,transfer,67708f2271c8,c4,False,train,assistant,natural_slot,95,67,89,94,False
qwen2.5-7b,transfer,c494264192d4,c4,False,train,system,fixed_slot,100,83,85,99,False
qwen2.5-7b,transfer,c494264192d4,c4,False,train,user,fixed_slot,111,83,105,110,True
qwen2.5-7b,transfer,c494264192d4,c4,False,train,tool,fixed_slot,120,83,109,119,True
qwen2.5-7b,transfer,c494264192d4,c4,False,train,assistant,fixed_slot,111,83,105,110,True
qwen2.5-7b,transfer,c494264192d4,c4,False,train,system,natural_slot,100,83,85,99,False
qwen2.5-7b,transfer,c494264192d4,c4,False,train,user,natural_slot,102,83,96,101,False
qwen2.5-7b,transfer,c494264192d4,c4,False,train,tool,natural_slot,128,83,117,127,False
qwen2.5-7b,transfer,c494264192d4,c4,False,train,assistant,natural_slot,111,83,105,110,False
qwen2.5-7b,transfer,086872349e17,c4,False,train,system,fixed_slot,83,66,68,82,False
qwen2.5-7b,transfer,086872349e17,c4,False,train,user,fixed_slot,94,66,88,93,True
qwen2.5-7b,transfer,086872349e17,c4,False,train,tool,fixed_slot,102,66,92,101,True
qwen2.5-7b,transfer,086872349e17,c4,False,train,assistant,fixed_slot,94,66,88,93,True
qwen2.5-7b,transfer,086872349e17,c4,False,train,system,natural_slot,83,66,68,82,False
qwen2.5-7b,transfer,086872349e17,c4,False,train,user,natural_slot,85,66,79,84,False
qwen2.5-7b,transfer,086872349e17,c4,False,train,tool,natural_slot,110,66,100,109,False
qwen2.5-7b,transfer,086872349e17,c4,False,train,assistant,natural_slot,94,66,88,93,False
qwen2.5-7b,transfer,f3f6de88ca7f,c4,False,train,system,fixed_slot,91,74,76,90,False
qwen2.5-7b,transfer,f3f6de88ca7f,c4,False,train,user,fixed_slot,102,74,96,101,True
qwen2.5-7b,transfer,f3f6de88ca7f,c4,False,train,tool,fixed_slot,110,74,100,109,True
qwen2.5-7b,transfer,f3f6de88ca7f,c4,False,train,assistant,fixed_slot,102,74,96,101,True
qwen2.5-7b,transfer,f3f6de88ca7f,c4,False,train,system,natural_slot,91,74,76,90,False
qwen2.5-7b,transfer,f3f6de88ca7f,c4,False,train,user,natural_slot,93,74,87,92,False
qwen2.5-7b,transfer,f3f6de88ca7f,c4,False,train,tool,natural_slot,118,74,108,117,False
qwen2.5-7b,transfer,f3f6de88ca7f,c4,False,train,assistant,natural_slot,102,74,96,101,False
qwen2.5-7b,transfer,09f1fded2968,c4,False,train,system,fixed_slot,61,44,46,60,False
qwen2.5-7b,transfer,09f1fded2968,c4,False,train,user,fixed_slot,72,44,66,71,True
qwen2.5-7b,transfer,09f1fded2968,c4,False,train,tool,fixed_slot,80,44,70,79,True
qwen2.5-7b,transfer,09f1fded2968,c4,False,train,assistant,fixed_slot,72,44,66,71,True
qwen2.5-7b,transfer,09f1fded2968,c4,False,train,system,natural_slot,61,44,46,60,False
qwen2.5-7b,transfer,09f1fded2968,c4,False,train,user,natural_slot,63,44,57,62,False
qwen2.5-7b,transfer,09f1fded2968,c4,False,train,tool,natural_slot,88,44,78,87,False
qwen2.5-7b,transfer,09f1fded2968,c4,False,train,assistant,natural_slot,72,44,66,71,False
qwen2.5-7b,transfer,a630f3721609,c4,False,train,system,fixed_slot,71,54,56,70,False
qwen2.5-7b,transfer,a630f3721609,c4,False,train,user,fixed_slot,82,54,76,81,True
qwen2.5-7b,transfer,a630f3721609,c4,False,train,tool,fixed_slot,90,54,80,89,True
qwen2.5-7b,transfer,a630f3721609,c4,False,train,assistant,fixed_slot,82,54,76,81,True
qwen2.5-7b,transfer,a630f3721609,c4,False,train,system,natural_slot,71,54,56,70,False
qwen2.5-7b,transfer,a630f3721609,c4,False,train,user,natural_slot,73,54,67,72,False
qwen2.5-7b,transfer,a630f3721609,c4,False,train,tool,natural_slot,98,54,88,97,False
qwen2.5-7b,transfer,a630f3721609,c4,False,train,assistant,natural_slot,82,54,76,81,False
qwen2.5-7b,transfer,c1827282d91e,c4,False,train,system,fixed_slot,92,75,77,91,False
qwen2.5-7b,transfer,c1827282d91e,c4,False,train,user,fixed_slot,103,75,97,102,True
qwen2.5-7b,transfer,c1827282d91e,c4,False,train,tool,fixed_slot,111,75,101,110,True
qwen2.5-7b,transfer,c1827282d91e,c4,False,train,assistant,fixed_slot,103,75,97,102,True
qwen2.5-7b,transfer,c1827282d91e,c4,False,train,system,natural_slot,92,75,77,91,False
qwen2.5-7b,transfer,c1827282d91e,c4,False,train,user,natural_slot,94,75,88,93,False
qwen2.5-7b,transfer,c1827282d91e,c4,False,train,tool,natural_slot,119,75,109,118,False
qwen2.5-7b,transfer,c1827282d91e,c4,False,train,assistant,natural_slot,103,75,97,102,False
qwen2.5-7b,transfer,ad296a56e678,c4,False,train,system,fixed_slot,94,77,79,93,False
qwen2.5-7b,transfer,ad296a56e678,c4,False,train,user,fixed_slot,105,77,99,104,True
qwen2.5-7b,transfer,ad296a56e678,c4,False,train,tool,fixed_slot,113,77,103,112,True
qwen2.5-7b,transfer,ad296a56e678,c4,False,train,assistant,fixed_slot,105,77,99,104,True
qwen2.5-7b,transfer,ad296a56e678,c4,False,train,system,natural_slot,94,77,79,93,False
qwen2.5-7b,transfer,ad296a56e678,c4,False,train,user,natural_slot,96,77,90,95,False
qwen2.5-7b,transfer,ad296a56e678,c4,False,train,tool,natural_slot,121,77,111,120,False
qwen2.5-7b,transfer,ad296a56e678,c4,False,train,assistant,natural_slot,105,77,99,104,False
qwen2.5-7b,transfer,1d202efec6e9,c4,False,train,system,fixed_slot,93,76,78,92,False
qwen2.5-7b,transfer,1d202efec6e9,c4,False,train,user,fixed_slot,104,76,98,103,True
qwen2.5-7b,transfer,1d202efec6e9,c4,False,train,tool,fixed_slot,113,76,102,112,True
qwen2.5-7b,transfer,1d202efec6e9,c4,False,train,assistant,fixed_slot,104,76,98,103,True
qwen2.5-7b,transfer,1d202efec6e9,c4,False,train,system,natural_slot,93,76,78,92,False
qwen2.5-7b,transfer,1d202efec6e9,c4,False,train,user,natural_slot,95,76,89,94,False
qwen2.5-7b,transfer,1d202efec6e9,c4,False,train,tool,natural_slot,121,76,110,120,False
qwen2.5-7b,transfer,1d202efec6e9,c4,False,train,assistant,natural_slot,104,76,98,103,False
qwen2.5-7b,transfer,868a723f0d54,c4,False,train,system,fixed_slot,81,64,66,80,False
qwen2.5-7b,transfer,868a723f0d54,c4,False,train,user,fixed_slot,92,64,86,91,True
qwen2.5-7b,transfer,868a723f0d54,c4,False,train,tool,fixed_slot,100,64,90,99,True
qwen2.5-7b,transfer,868a723f0d54,c4,False,train,assistant,fixed_slot,92,64,86,91,True
qwen2.5-7b,transfer,868a723f0d54,c4,False,train,system,natural_slot,81,64,66,80,False
qwen2.5-7b,transfer,868a723f0d54,c4,False,train,user,natural_slot,83,64,77,82,False
qwen2.5-7b,transfer,868a723f0d54,c4,False,train,tool,natural_slot,108,64,98,107,False
qwen2.5-7b,transfer,868a723f0d54,c4,False,train,assistant,natural_slot,92,64,86,91,False
qwen2.5-7b,transfer,75d054dd1835,c4,False,train,system,fixed_slot,109,92,94,108,False
qwen2.5-7b,transfer,75d054dd1835,c4,False,train,user,fixed_slot,120,92,114,119,True
qwen2.5-7b,transfer,75d054dd1835,c4,False,train,tool,fixed_slot,128,92,118,127,True
qwen2.5-7b,transfer,75d054dd1835,c4,False,train,assistant,fixed_slot,120,92,114,119,True
qwen2.5-7b,transfer,75d054dd1835,c4,False,train,system,natural_slot,109,92,94,108,False
qwen2.5-7b,transfer,75d054dd1835,c4,False,train,user,natural_slot,111,92,105,110,False
qwen2.5-7b,transfer,75d054dd1835,c4,False,train,tool,natural_slot,136,92,126,135,False
qwen2.5-7b,transfer,75d054dd1835,c4,False,train,assistant,natural_slot,120,92,114,119,False
qwen2.5-7b,transfer,a9e18e29e208,c4,False,train,system,fixed_slot,51,34,36,50,False
qwen2.5-7b,transfer,a9e18e29e208,c4,False,train,user,fixed_slot,62,34,56,61,True
qwen2.5-7b,transfer,a9e18e29e208,c4,False,train,tool,fixed_slot,70,34,60,69,True
qwen2.5-7b,transfer,a9e18e29e208,c4,False,train,assistant,fixed_slot,62,34,56,61,True
qwen2.5-7b,transfer,a9e18e29e208,c4,False,train,system,natural_slot,51,34,36,50,False
qwen2.5-7b,transfer,a9e18e29e208,c4,False,train,user,natural_slot,53,34,47,52,False
qwen2.5-7b,transfer,a9e18e29e208,c4,False,train,tool,natural_slot,78,34,68,77,False
qwen2.5-7b,transfer,a9e18e29e208,c4,False,train,assistant,natural_slot,62,34,56,61,False
qwen2.5-7b,transfer,21268cc05f70,c4,False,train,system,fixed_slot,96,79,81,95,False
qwen2.5-7b,transfer,21268cc05f70,c4,False,train,user,fixed_slot,107,79,101,106,True
qwen2.5-7b,transfer,21268cc05f70,c4,False,train,tool,fixed_slot,116,79,105,115,True
qwen2.5-7b,transfer,21268cc05f70,c4,False,train,assistant,fixed_slot,107,79,101,106,True
qwen2.5-7b,transfer,21268cc05f70,c4,False,train,system,natural_slot,96,79,81,95,False
qwen2.5-7b,transfer,21268cc05f70,c4,False,train,user,natural_slot,98,79,92,97,False
qwen2.5-7b,transfer,21268cc05f70,c4,False,train,tool,natural_slot,124,79,113,123,False
qwen2.5-7b,transfer,21268cc05f70,c4,False,train,assistant,natural_slot,107,79,101,106,False
qwen2.5-7b,transfer,0c43debd304b,c4,False,train,system,fixed_slot,65,48,50,64,False
qwen2.5-7b,transfer,0c43debd304b,c4,False,train,user,fixed_slot,76,48,70,75,True
qwen2.5-7b,transfer,0c43debd304b,c4,False,train,tool,fixed_slot,84,48,74,83,True
qwen2.5-7b,transfer,0c43debd304b,c4,False,train,assistant,fixed_slot,76,48,70,75,True
qwen2.5-7b,transfer,0c43debd304b,c4,False,train,system,natural_slot,65,48,50,64,False
qwen2.5-7b,transfer,0c43debd304b,c4,False,train,user,natural_slot,67,48,61,66,False
qwen2.5-7b,transfer,0c43debd304b,c4,False,train,tool,natural_slot,92,48,82,91,False
qwen2.5-7b,transfer,0c43debd304b,c4,False,train,assistant,natural_slot,76,48,70,75,False
qwen2.5-7b,transfer,902d1bf15552,c4,False,test,system,fixed_slot,90,73,75,89,False
qwen2.5-7b,transfer,902d1bf15552,c4,False,test,user,fixed_slot,101,73,95,100,True
qwen2.5-7b,transfer,902d1bf15552,c4,False,test,tool,fixed_slot,110,73,99,109,True
qwen2.5-7b,transfer,902d1bf15552,c4,False,test,assistant,fixed_slot,101,73,95,100,True
qwen2.5-7b,transfer,902d1bf15552,c4,False,test,system,natural_slot,90,73,75,89,False
qwen2.5-7b,transfer,902d1bf15552,c4,False,test,user,natural_slot,92,73,86,91,False
qwen2.5-7b,transfer,902d1bf15552,c4,False,test,tool,natural_slot,118,73,107,117,False
qwen2.5-7b,transfer,902d1bf15552,c4,False,test,assistant,natural_slot,101,73,95,100,False
qwen2.5-7b,transfer,fa0420258353,c4,False,test,system,fixed_slot,215,198,200,214,False
qwen2.5-7b,transfer,fa0420258353,c4,False,test,user,fixed_slot,226,198,220,225,True
qwen2.5-7b,transfer,fa0420258353,c4,False,test,tool,fixed_slot,234,198,224,233,True
qwen2.5-7b,transfer,fa0420258353,c4,False,test,assistant,fixed_slot,226,198,220,225,True
qwen2.5-7b,transfer,fa0420258353,c4,False,test,system,natural_slot,215,198,200,214,False
qwen2.5-7b,transfer,fa0420258353,c4,False,test,user,natural_slot,217,198,211,216,False
qwen2.5-7b,transfer,fa0420258353,c4,False,test,tool,natural_slot,242,198,232,241,False
qwen2.5-7b,transfer,fa0420258353,c4,False,test,assistant,natural_slot,226,198,220,225,False
qwen2.5-7b,transfer,694f9f0656c5,c4,False,train,system,fixed_slot,84,67,69,83,False
qwen2.5-7b,transfer,694f9f0656c5,c4,False,train,user,fixed_slot,95,67,89,94,True
qwen2.5-7b,transfer,694f9f0656c5,c4,False,train,tool,fixed_slot,104,67,93,103,True
qwen2.5-7b,transfer,694f9f0656c5,c4,False,train,assistant,fixed_slot,95,67,89,94,True
qwen2.5-7b,transfer,694f9f0656c5,c4,False,train,system,natural_slot,84,67,69,83,False
qwen2.5-7b,transfer,694f9f0656c5,c4,False,train,user,natural_slot,86,67,80,85,False
qwen2.5-7b,transfer,694f9f0656c5,c4,False,train,tool,natural_slot,112,67,101,111,False
qwen2.5-7b,transfer,694f9f0656c5,c4,False,train,assistant,natural_slot,95,67,89,94,False
qwen2.5-7b,transfer,56a4529764e9,c4,False,train,system,fixed_slot,51,34,36,50,False
qwen2.5-7b,transfer,56a4529764e9,c4,False,train,user,fixed_slot,62,34,56,61,True
qwen2.5-7b,transfer,56a4529764e9,c4,False,train,tool,fixed_slot,70,34,60,69,True
qwen2.5-7b,transfer,56a4529764e9,c4,False,train,assistant,fixed_slot,62,34,56,61,True
qwen2.5-7b,transfer,56a4529764e9,c4,False,train,system,natural_slot,51,34,36,50,False
qwen2.5-7b,transfer,56a4529764e9,c4,False,train,user,natural_slot,53,34,47,52,False
qwen2.5-7b,transfer,56a4529764e9,c4,False,train,tool,natural_slot,78,34,68,77,False
qwen2.5-7b,transfer,56a4529764e9,c4,False,train,assistant,natural_slot,62,34,56,61,False
qwen2.5-7b,transfer,e12f4001d282,c4,False,train,system,fixed_slot,71,54,56,70,False
qwen2.5-7b,transfer,e12f4001d282,c4,False,train,user,fixed_slot,82,54,76,81,True
qwen2.5-7b,transfer,e12f4001d282,c4,False,train,tool,fixed_slot,90,54,80,89,True
qwen2.5-7b,transfer,e12f4001d282,c4,False,train,assistant,fixed_slot,82,54,76,81,True
qwen2.5-7b,transfer,e12f4001d282,c4,False,train,system,natural_slot,71,54,56,70,False
qwen2.5-7b,transfer,e12f4001d282,c4,False,train,user,natural_slot,73,54,67,72,False
qwen2.5-7b,transfer,e12f4001d282,c4,False,train,tool,natural_slot,98,54,88,97,False
qwen2.5-7b,transfer,e12f4001d282,c4,False,train,assistant,natural_slot,82,54,76,81,False
qwen2.5-7b,transfer,0b6cc92e1e5f,c4,False,train,system,fixed_slot,96,79,81,95,False
qwen2.5-7b,transfer,0b6cc92e1e5f,c4,False,train,user,fixed_slot,107,79,101,106,True
qwen2.5-7b,transfer,0b6cc92e1e5f,c4,False,train,tool,fixed_slot,116,79,105,115,True
qwen2.5-7b,transfer,0b6cc92e1e5f,c4,False,train,assistant,fixed_slot,107,79,101,106,True
qwen2.5-7b,transfer,0b6cc92e1e5f,c4,False,train,system,natural_slot,96,79,81,95,False
qwen2.5-7b,transfer,0b6cc92e1e5f,c4,False,train,user,natural_slot,98,79,92,97,False
qwen2.5-7b,transfer,0b6cc92e1e5f,c4,False,train,tool,natural_slot,124,79,113,123,False
qwen2.5-7b,transfer,0b6cc92e1e5f,c4,False,train,assistant,natural_slot,107,79,101,106,False
qwen2.5-7b,transfer,84ae9d493158,c4,False,test,system,fixed_slot,83,66,68,82,False
qwen2.5-7b,transfer,84ae9d493158,c4,False,test,user,fixed_slot,94,66,88,93,True
qwen2.5-7b,transfer,84ae9d493158,c4,False,test,tool,fixed_slot,102,66,92,101,True
qwen2.5-7b,transfer,84ae9d493158,c4,False,test,assistant,fixed_slot,94,66,88,93,True
qwen2.5-7b,transfer,84ae9d493158,c4,False,test,system,natural_slot,83,66,68,82,False
qwen2.5-7b,transfer,84ae9d493158,c4,False,test,user,natural_slot,85,66,79,84,False
qwen2.5-7b,transfer,84ae9d493158,c4,False,test,tool,natural_slot,110,66,100,109,False
qwen2.5-7b,transfer,84ae9d493158,c4,False,test,assistant,natural_slot,94,66,88,93,False
qwen2.5-7b,transfer,ce8315037c8f,c4,False,train,system,fixed_slot,49,32,34,48,False
qwen2.5-7b,transfer,ce8315037c8f,c4,False,train,user,fixed_slot,60,32,54,59,True
qwen2.5-7b,transfer,ce8315037c8f,c4,False,train,tool,fixed_slot,68,32,58,67,True
qwen2.5-7b,transfer,ce8315037c8f,c4,False,train,assistant,fixed_slot,60,32,54,59,True
qwen2.5-7b,transfer,ce8315037c8f,c4,False,train,system,natural_slot,49,32,34,48,False
qwen2.5-7b,transfer,ce8315037c8f,c4,False,train,user,natural_slot,51,32,45,50,False
qwen2.5-7b,transfer,ce8315037c8f,c4,False,train,tool,natural_slot,76,32,66,75,False
qwen2.5-7b,transfer,ce8315037c8f,c4,False,train,assistant,natural_slot,60,32,54,59,False
qwen2.5-7b,transfer,97161dc9659d,c4,False,train,system,fixed_slot,84,67,69,83,False
qwen2.5-7b,transfer,97161dc9659d,c4,False,train,user,fixed_slot,95,67,89,94,True
qwen2.5-7b,transfer,97161dc9659d,c4,False,train,tool,fixed_slot,103,67,93,102,True
qwen2.5-7b,transfer,97161dc9659d,c4,False,train,assistant,fixed_slot,95,67,89,94,True
qwen2.5-7b,transfer,97161dc9659d,c4,False,train,system,natural_slot,84,67,69,83,False
qwen2.5-7b,transfer,97161dc9659d,c4,False,train,user,natural_slot,86,67,80,85,False
qwen2.5-7b,transfer,97161dc9659d,c4,False,train,tool,natural_slot,111,67,101,110,False
qwen2.5-7b,transfer,97161dc9659d,c4,False,train,assistant,natural_slot,95,67,89,94,False
qwen2.5-7b,transfer,f9302fc61fff,c4,False,train,system,fixed_slot,62,45,47,61,False
qwen2.5-7b,transfer,f9302fc61fff,c4,False,train,user,fixed_slot,73,45,67,72,True
qwen2.5-7b,transfer,f9302fc61fff,c4,False,train,tool,fixed_slot,81,45,71,80,True
qwen2.5-7b,transfer,f9302fc61fff,c4,False,train,assistant,fixed_slot,73,45,67,72,True
qwen2.5-7b,transfer,f9302fc61fff,c4,False,train,system,natural_slot,62,45,47,61,False
qwen2.5-7b,transfer,f9302fc61fff,c4,False,train,user,natural_slot,64,45,58,63,False
qwen2.5-7b,transfer,f9302fc61fff,c4,False,train,tool,natural_slot,89,45,79,88,False
qwen2.5-7b,transfer,f9302fc61fff,c4,False,train,assistant,natural_slot,73,45,67,72,False
qwen2.5-7b,transfer,e1fba2fed979,c4,False,test,system,fixed_slot,60,43,45,59,False
qwen2.5-7b,transfer,e1fba2fed979,c4,False,test,user,fixed_slot,71,43,65,70,True
qwen2.5-7b,transfer,e1fba2fed979,c4,False,test,tool,fixed_slot,79,43,69,78,True
qwen2.5-7b,transfer,e1fba2fed979,c4,False,test,assistant,fixed_slot,71,43,65,70,True
qwen2.5-7b,transfer,e1fba2fed979,c4,False,test,system,natural_slot,60,43,45,59,False
qwen2.5-7b,transfer,e1fba2fed979,c4,False,test,user,natural_slot,62,43,56,61,False
qwen2.5-7b,transfer,e1fba2fed979,c4,False,test,tool,natural_slot,87,43,77,86,False
qwen2.5-7b,transfer,e1fba2fed979,c4,False,test,assistant,natural_slot,71,43,65,70,False
qwen2.5-7b,transfer,1c55406547e1,c4,False,train,system,fixed_slot,82,65,67,81,False
qwen2.5-7b,transfer,1c55406547e1,c4,False,train,user,fixed_slot,93,65,87,92,True
qwen2.5-7b,transfer,1c55406547e1,c4,False,train,tool,fixed_slot,102,65,91,101,True
qwen2.5-7b,transfer,1c55406547e1,c4,False,train,assistant,fixed_slot,93,65,87,92,True
qwen2.5-7b,transfer,1c55406547e1,c4,False,train,system,natural_slot,82,65,67,81,False
qwen2.5-7b,transfer,1c55406547e1,c4,False,train,user,natural_slot,84,65,78,83,False
qwen2.5-7b,transfer,1c55406547e1,c4,False,train,tool,natural_slot,110,65,99,109,False
qwen2.5-7b,transfer,1c55406547e1,c4,False,train,assistant,natural_slot,93,65,87,92,False
qwen2.5-7b,transfer,8013f04fb1cd,c4,False,test,system,fixed_slot,96,79,81,95,False
qwen2.5-7b,transfer,8013f04fb1cd,c4,False,test,user,fixed_slot,107,79,101,106,True
qwen2.5-7b,transfer,8013f04fb1cd,c4,False,test,tool,fixed_slot,115,79,105,114,True
qwen2.5-7b,transfer,8013f04fb1cd,c4,False,test,assistant,fixed_slot,107,79,101,106,True
qwen2.5-7b,transfer,8013f04fb1cd,c4,False,test,system,natural_slot,96,79,81,95,False
qwen2.5-7b,transfer,8013f04fb1cd,c4,False,test,user,natural_slot,98,79,92,97,False
qwen2.5-7b,transfer,8013f04fb1cd,c4,False,test,tool,natural_slot,123,79,113,122,False
qwen2.5-7b,transfer,8013f04fb1cd,c4,False,test,assistant,natural_slot,107,79,101,106,False
qwen2.5-7b,transfer,e0ac3cdc9065,c4,False,train,system,fixed_slot,91,74,76,90,False
qwen2.5-7b,transfer,e0ac3cdc9065,c4,False,train,user,fixed_slot,102,74,96,101,True
qwen2.5-7b,transfer,e0ac3cdc9065,c4,False,train,tool,fixed_slot,110,74,100,109,True
qwen2.5-7b,transfer,e0ac3cdc9065,c4,False,train,assistant,fixed_slot,102,74,96,101,True
qwen2.5-7b,transfer,e0ac3cdc9065,c4,False,train,system,natural_slot,91,74,76,90,False
qwen2.5-7b,transfer,e0ac3cdc9065,c4,False,train,user,natural_slot,93,74,87,92,False
qwen2.5-7b,transfer,e0ac3cdc9065,c4,False,train,tool,natural_slot,118,74,108,117,False
qwen2.5-7b,transfer,e0ac3cdc9065,c4,False,train,assistant,natural_slot,102,74,96,101,False
qwen2.5-7b,transfer,3c18ce7564e9,c4,False,train,system,fixed_slot,59,42,44,58,False
qwen2.5-7b,transfer,3c18ce7564e9,c4,False,train,user,fixed_slot,70,42,64,69,True
qwen2.5-7b,transfer,3c18ce7564e9,c4,False,train,tool,fixed_slot,78,42,68,77,True
qwen2.5-7b,transfer,3c18ce7564e9,c4,False,train,assistant,fixed_slot,70,42,64,69,True
qwen2.5-7b,transfer,3c18ce7564e9,c4,False,train,system,natural_slot,59,42,44,58,False
qwen2.5-7b,transfer,3c18ce7564e9,c4,False,train,user,natural_slot,61,42,55,60,False
qwen2.5-7b,transfer,3c18ce7564e9,c4,False,train,tool,natural_slot,86,42,76,85,False
qwen2.5-7b,transfer,3c18ce7564e9,c4,False,train,assistant,natural_slot,70,42,64,69,False
qwen2.5-7b,transfer,7dcec5995f09,c4,False,test,system,fixed_slot,98,81,83,97,False
qwen2.5-7b,transfer,7dcec5995f09,c4,False,test,user,fixed_slot,109,81,103,108,True
qwen2.5-7b,transfer,7dcec5995f09,c4,False,test,tool,fixed_slot,118,81,107,117,True
qwen2.5-7b,transfer,7dcec5995f09,c4,False,test,assistant,fixed_slot,109,81,103,108,True
qwen2.5-7b,transfer,7dcec5995f09,c4,False,test,system,natural_slot,98,81,83,97,False
qwen2.5-7b,transfer,7dcec5995f09,c4,False,test,user,natural_slot,100,81,94,99,False
qwen2.5-7b,transfer,7dcec5995f09,c4,False,test,tool,natural_slot,126,81,115,125,False
qwen2.5-7b,transfer,7dcec5995f09,c4,False,test,assistant,natural_slot,109,81,103,108,False
qwen2.5-7b,transfer,78628bf9e5bc,c4,False,train,system,fixed_slot,99,82,84,98,False
qwen2.5-7b,transfer,78628bf9e5bc,c4,False,train,user,fixed_slot,110,82,104,109,True
qwen2.5-7b,transfer,78628bf9e5bc,c4,False,train,tool,fixed_slot,119,82,108,118,True
qwen2.5-7b,transfer,78628bf9e5bc,c4,False,train,assistant,fixed_slot,110,82,104,109,True
qwen2.5-7b,transfer,78628bf9e5bc,c4,False,train,system,natural_slot,99,82,84,98,False
qwen2.5-7b,transfer,78628bf9e5bc,c4,False,train,user,natural_slot,101,82,95,100,False
qwen2.5-7b,transfer,78628bf9e5bc,c4,False,train,tool,natural_slot,127,82,116,126,False
qwen2.5-7b,transfer,78628bf9e5bc,c4,False,train,assistant,natural_slot,110,82,104,109,False
qwen2.5-7b,transfer,95d06b79e097,c4,False,train,system,fixed_slot,87,70,72,86,False
qwen2.5-7b,transfer,95d06b79e097,c4,False,train,user,fixed_slot,98,70,92,97,True
qwen2.5-7b,transfer,95d06b79e097,c4,False,train,tool,fixed_slot,107,70,96,106,True
qwen2.5-7b,transfer,95d06b79e097,c4,False,train,assistant,fixed_slot,98,70,92,97,True
qwen2.5-7b,transfer,95d06b79e097,c4,False,train,system,natural_slot,87,70,72,86,False
qwen2.5-7b,transfer,95d06b79e097,c4,False,train,user,natural_slot,89,70,83,88,False
qwen2.5-7b,transfer,95d06b79e097,c4,False,train,tool,natural_slot,115,70,104,114,False
qwen2.5-7b,transfer,95d06b79e097,c4,False,train,assistant,natural_slot,98,70,92,97,False
qwen2.5-7b,transfer,bd24a01c22d5,c4,False,train,system,fixed_slot,51,34,36,50,False
qwen2.5-7b,transfer,bd24a01c22d5,c4,False,train,user,fixed_slot,62,34,56,61,True
qwen2.5-7b,transfer,bd24a01c22d5,c4,False,train,tool,fixed_slot,70,34,60,69,True
qwen2.5-7b,transfer,bd24a01c22d5,c4,False,train,assistant,fixed_slot,62,34,56,61,True
qwen2.5-7b,transfer,bd24a01c22d5,c4,False,train,system,natural_slot,51,34,36,50,False
qwen2.5-7b,transfer,bd24a01c22d5,c4,False,train,user,natural_slot,53,34,47,52,False
qwen2.5-7b,transfer,bd24a01c22d5,c4,False,train,tool,natural_slot,78,34,68,77,False
qwen2.5-7b,transfer,bd24a01c22d5,c4,False,train,assistant,natural_slot,62,34,56,61,False
qwen2.5-7b,transfer,b683810cd8b5,c4,False,train,system,fixed_slot,54,37,39,53,False
qwen2.5-7b,transfer,b683810cd8b5,c4,False,train,user,fixed_slot,65,37,59,64,True
qwen2.5-7b,transfer,b683810cd8b5,c4,False,train,tool,fixed_slot,73,37,63,72,True
qwen2.5-7b,transfer,b683810cd8b5,c4,False,train,assistant,fixed_slot,65,37,59,64,True
qwen2.5-7b,transfer,b683810cd8b5,c4,False,train,system,natural_slot,54,37,39,53,False
qwen2.5-7b,transfer,b683810cd8b5,c4,False,train,user,natural_slot,56,37,50,55,False
qwen2.5-7b,transfer,b683810cd8b5,c4,False,train,tool,natural_slot,81,37,71,80,False
qwen2.5-7b,transfer,b683810cd8b5,c4,False,train,assistant,natural_slot,65,37,59,64,False
qwen2.5-7b,transfer,16c145a465ce,c4,False,train,system,fixed_slot,55,38,40,54,False
qwen2.5-7b,transfer,16c145a465ce,c4,False,train,user,fixed_slot,66,38,60,65,True
qwen2.5-7b,transfer,16c145a465ce,c4,False,train,tool,fixed_slot,74,38,64,73,True
qwen2.5-7b,transfer,16c145a465ce,c4,False,train,assistant,fixed_slot,66,38,60,65,True
qwen2.5-7b,transfer,16c145a465ce,c4,False,train,system,natural_slot,55,38,40,54,False
qwen2.5-7b,transfer,16c145a465ce,c4,False,train,user,natural_slot,57,38,51,56,False
qwen2.5-7b,transfer,16c145a465ce,c4,False,train,tool,natural_slot,82,38,72,81,False
qwen2.5-7b,transfer,16c145a465ce,c4,False,train,assistant,natural_slot,66,38,60,65,False
qwen2.5-7b,transfer,1359123372db,c4,False,train,system,fixed_slot,89,72,74,88,False
qwen2.5-7b,transfer,1359123372db,c4,False,train,user,fixed_slot,100,72,94,99,True
qwen2.5-7b,transfer,1359123372db,c4,False,train,tool,fixed_slot,109,72,98,108,True
qwen2.5-7b,transfer,1359123372db,c4,False,train,assistant,fixed_slot,100,72,94,99,True
qwen2.5-7b,transfer,1359123372db,c4,False,train,system,natural_slot,89,72,74,88,False
qwen2.5-7b,transfer,1359123372db,c4,False,train,user,natural_slot,91,72,85,90,False
qwen2.5-7b,transfer,1359123372db,c4,False,train,tool,natural_slot,117,72,106,116,False
qwen2.5-7b,transfer,1359123372db,c4,False,train,assistant,natural_slot,100,72,94,99,False
qwen2.5-7b,transfer,987060c6030c,c4,False,train,system,fixed_slot,76,59,61,75,False
qwen2.5-7b,transfer,987060c6030c,c4,False,train,user,fixed_slot,87,59,81,86,True
qwen2.5-7b,transfer,987060c6030c,c4,False,train,tool,fixed_slot,95,59,85,94,True
qwen2.5-7b,transfer,987060c6030c,c4,False,train,assistant,fixed_slot,87,59,81,86,True
qwen2.5-7b,transfer,987060c6030c,c4,False,train,system,natural_slot,76,59,61,75,False
qwen2.5-7b,transfer,987060c6030c,c4,False,train,user,natural_slot,78,59,72,77,False
qwen2.5-7b,transfer,987060c6030c,c4,False,train,tool,natural_slot,103,59,93,102,False
qwen2.5-7b,transfer,987060c6030c,c4,False,train,assistant,natural_slot,87,59,81,86,False
qwen2.5-7b,transfer,86404b49b6ed,c4,False,test,system,fixed_slot,90,73,75,89,False
qwen2.5-7b,transfer,86404b49b6ed,c4,False,test,user,fixed_slot,101,73,95,100,True
qwen2.5-7b,transfer,86404b49b6ed,c4,False,test,tool,fixed_slot,110,73,99,109,True
qwen2.5-7b,transfer,86404b49b6ed,c4,False,test,assistant,fixed_slot,101,73,95,100,True
qwen2.5-7b,transfer,86404b49b6ed,c4,False,test,system,natural_slot,90,73,75,89,False
qwen2.5-7b,transfer,86404b49b6ed,c4,False,test,user,natural_slot,92,73,86,91,False
qwen2.5-7b,transfer,86404b49b6ed,c4,False,test,tool,natural_slot,118,73,107,117,False
qwen2.5-7b,transfer,86404b49b6ed,c4,False,test,assistant,natural_slot,101,73,95,100,False
qwen2.5-7b,transfer,e1f0e2e20c8c,c4,False,test,system,fixed_slot,93,76,78,92,False
qwen2.5-7b,transfer,e1f0e2e20c8c,c4,False,test,user,fixed_slot,104,76,98,103,True
qwen2.5-7b,transfer,e1f0e2e20c8c,c4,False,test,tool,fixed_slot,112,76,102,111,True
qwen2.5-7b,transfer,e1f0e2e20c8c,c4,False,test,assistant,fixed_slot,104,76,98,103,True
qwen2.5-7b,transfer,e1f0e2e20c8c,c4,False,test,system,natural_slot,93,76,78,92,False
qwen2.5-7b,transfer,e1f0e2e20c8c,c4,False,test,user,natural_slot,95,76,89,94,False
qwen2.5-7b,transfer,e1f0e2e20c8c,c4,False,test,tool,natural_slot,120,76,110,119,False
qwen2.5-7b,transfer,e1f0e2e20c8c,c4,False,test,assistant,natural_slot,104,76,98,103,False
qwen2.5-7b,transfer,64ea85b0519c,c4,False,train,system,fixed_slot,122,105,107,121,False
qwen2.5-7b,transfer,64ea85b0519c,c4,False,train,user,fixed_slot,133,105,127,132,True
qwen2.5-7b,transfer,64ea85b0519c,c4,False,train,tool,fixed_slot,142,105,131,141,True
qwen2.5-7b,transfer,64ea85b0519c,c4,False,train,assistant,fixed_slot,133,105,127,132,True
qwen2.5-7b,transfer,64ea85b0519c,c4,False,train,system,natural_slot,122,105,107,121,False
qwen2.5-7b,transfer,64ea85b0519c,c4,False,train,user,natural_slot,124,105,118,123,False
qwen2.5-7b,transfer,64ea85b0519c,c4,False,train,tool,natural_slot,150,105,139,149,False
qwen2.5-7b,transfer,64ea85b0519c,c4,False,train,assistant,natural_slot,133,105,127,132,False
qwen2.5-7b,transfer,5538aa87486a,c4,False,train,system,fixed_slot,92,75,77,91,False
qwen2.5-7b,transfer,5538aa87486a,c4,False,train,user,fixed_slot,103,75,97,102,True
qwen2.5-7b,transfer,5538aa87486a,c4,False,train,tool,fixed_slot,112,75,101,111,True
qwen2.5-7b,transfer,5538aa87486a,c4,False,train,assistant,fixed_slot,103,75,97,102,True
qwen2.5-7b,transfer,5538aa87486a,c4,False,train,system,natural_slot,92,75,77,91,False
qwen2.5-7b,transfer,5538aa87486a,c4,False,train,user,natural_slot,94,75,88,93,False
qwen2.5-7b,transfer,5538aa87486a,c4,False,train,tool,natural_slot,120,75,109,119,False
qwen2.5-7b,transfer,5538aa87486a,c4,False,train,assistant,natural_slot,103,75,97,102,False
qwen2.5-7b,transfer,f4556a192d7c,c4,False,train,system,fixed_slot,47,30,32,46,False
qwen2.5-7b,transfer,f4556a192d7c,c4,False,train,user,fixed_slot,58,30,52,57,True
qwen2.5-7b,transfer,f4556a192d7c,c4,False,train,tool,fixed_slot,66,30,56,65,True
qwen2.5-7b,transfer,f4556a192d7c,c4,False,train,assistant,fixed_slot,58,30,52,57,True
qwen2.5-7b,transfer,f4556a192d7c,c4,False,train,system,natural_slot,47,30,32,46,False
qwen2.5-7b,transfer,f4556a192d7c,c4,False,train,user,natural_slot,49,30,43,48,False
qwen2.5-7b,transfer,f4556a192d7c,c4,False,train,tool,natural_slot,74,30,64,73,False
qwen2.5-7b,transfer,f4556a192d7c,c4,False,train,assistant,natural_slot,58,30,52,57,False
qwen2.5-7b,transfer,8d32a036900a,c4,False,train,system,fixed_slot,89,72,74,88,False
qwen2.5-7b,transfer,8d32a036900a,c4,False,train,user,fixed_slot,100,72,94,99,True
qwen2.5-7b,transfer,8d32a036900a,c4,False,train,tool,fixed_slot,109,72,98,108,True
qwen2.5-7b,transfer,8d32a036900a,c4,False,train,assistant,fixed_slot,100,72,94,99,True
qwen2.5-7b,transfer,8d32a036900a,c4,False,train,system,natural_slot,89,72,74,88,False
qwen2.5-7b,transfer,8d32a036900a,c4,False,train,user,natural_slot,91,72,85,90,False
qwen2.5-7b,transfer,8d32a036900a,c4,False,train,tool,natural_slot,117,72,106,116,False
qwen2.5-7b,transfer,8d32a036900a,c4,False,train,assistant,natural_slot,100,72,94,99,False
qwen2.5-7b,transfer,7d5b6d318508,c4,False,train,system,fixed_slot,81,64,66,80,False
qwen2.5-7b,transfer,7d5b6d318508,c4,False,train,user,fixed_slot,92,64,86,91,True
qwen2.5-7b,transfer,7d5b6d318508,c4,False,train,tool,fixed_slot,101,64,90,100,True
qwen2.5-7b,transfer,7d5b6d318508,c4,False,train,assistant,fixed_slot,92,64,86,91,True
qwen2.5-7b,transfer,7d5b6d318508,c4,False,train,system,natural_slot,81,64,66,80,False
qwen2.5-7b,transfer,7d5b6d318508,c4,False,train,user,natural_slot,83,64,77,82,False
qwen2.5-7b,transfer,7d5b6d318508,c4,False,train,tool,natural_slot,109,64,98,108,False
qwen2.5-7b,transfer,7d5b6d318508,c4,False,train,assistant,natural_slot,92,64,86,91,False
qwen2.5-7b,transfer,b05c0716fd3d,c4,False,train,system,fixed_slot,76,59,61,75,False
qwen2.5-7b,transfer,b05c0716fd3d,c4,False,train,user,fixed_slot,87,59,81,86,True
qwen2.5-7b,transfer,b05c0716fd3d,c4,False,train,tool,fixed_slot,95,59,85,94,True
qwen2.5-7b,transfer,b05c0716fd3d,c4,False,train,assistant,fixed_slot,87,59,81,86,True
qwen2.5-7b,transfer,b05c0716fd3d,c4,False,train,system,natural_slot,76,59,61,75,False
qwen2.5-7b,transfer,b05c0716fd3d,c4,False,train,user,natural_slot,78,59,72,77,False
qwen2.5-7b,transfer,b05c0716fd3d,c4,False,train,tool,natural_slot,103,59,93,102,False
qwen2.5-7b,transfer,b05c0716fd3d,c4,False,train,assistant,natural_slot,87,59,81,86,False
qwen2.5-7b,transfer,a63b29ec3fe4,c4,False,test,system,fixed_slot,75,58,60,74,False
qwen2.5-7b,transfer,a63b29ec3fe4,c4,False,test,user,fixed_slot,86,58,80,85,True
qwen2.5-7b,transfer,a63b29ec3fe4,c4,False,test,tool,fixed_slot,94,58,84,93,True
qwen2.5-7b,transfer,a63b29ec3fe4,c4,False,test,assistant,fixed_slot,86,58,80,85,True
qwen2.5-7b,transfer,a63b29ec3fe4,c4,False,test,system,natural_slot,75,58,60,74,False
qwen2.5-7b,transfer,a63b29ec3fe4,c4,False,test,user,natural_slot,77,58,71,76,False
qwen2.5-7b,transfer,a63b29ec3fe4,c4,False,test,tool,natural_slot,102,58,92,101,False
qwen2.5-7b,transfer,a63b29ec3fe4,c4,False,test,assistant,natural_slot,86,58,80,85,False
qwen2.5-7b,transfer,3f354f6e8b89,c4,False,train,system,fixed_slot,81,64,66,80,False
qwen2.5-7b,transfer,3f354f6e8b89,c4,False,train,user,fixed_slot,92,64,86,91,True
qwen2.5-7b,transfer,3f354f6e8b89,c4,False,train,tool,fixed_slot,101,64,90,100,True
qwen2.5-7b,transfer,3f354f6e8b89,c4,False,train,assistant,fixed_slot,92,64,86,91,True
qwen2.5-7b,transfer,3f354f6e8b89,c4,False,train,system,natural_slot,81,64,66,80,False
qwen2.5-7b,transfer,3f354f6e8b89,c4,False,train,user,natural_slot,83,64,77,82,False
qwen2.5-7b,transfer,3f354f6e8b89,c4,False,train,tool,natural_slot,109,64,98,108,False
qwen2.5-7b,transfer,3f354f6e8b89,c4,False,train,assistant,natural_slot,92,64,86,91,False
qwen2.5-7b,transfer,d709ea38cdaa,c4,False,test,system,fixed_slot,61,44,46,60,False
qwen2.5-7b,transfer,d709ea38cdaa,c4,False,test,user,fixed_slot,72,44,66,71,True
qwen2.5-7b,transfer,d709ea38cdaa,c4,False,test,tool,fixed_slot,80,44,70,79,True
qwen2.5-7b,transfer,d709ea38cdaa,c4,False,test,assistant,fixed_slot,72,44,66,71,True
qwen2.5-7b,transfer,d709ea38cdaa,c4,False,test,system,natural_slot,61,44,46,60,False
qwen2.5-7b,transfer,d709ea38cdaa,c4,False,test,user,natural_slot,63,44,57,62,False
qwen2.5-7b,transfer,d709ea38cdaa,c4,False,test,tool,natural_slot,88,44,78,87,False
qwen2.5-7b,transfer,d709ea38cdaa,c4,False,test,assistant,natural_slot,72,44,66,71,False
qwen2.5-7b,transfer,4c67ded70311,c4,False,test,system,fixed_slot,59,42,44,58,False
qwen2.5-7b,transfer,4c67ded70311,c4,False,test,user,fixed_slot,70,42,64,69,True
qwen2.5-7b,transfer,4c67ded70311,c4,False,test,tool,fixed_slot,78,42,68,77,True
qwen2.5-7b,transfer,4c67ded70311,c4,False,test,assistant,fixed_slot,70,42,64,69,True
qwen2.5-7b,transfer,4c67ded70311,c4,False,test,system,natural_slot,59,42,44,58,False
qwen2.5-7b,transfer,4c67ded70311,c4,False,test,user,natural_slot,61,42,55,60,False
qwen2.5-7b,transfer,4c67ded70311,c4,False,test,tool,natural_slot,86,42,76,85,False
qwen2.5-7b,transfer,4c67ded70311,c4,False,test,assistant,natural_slot,70,42,64,69,False
qwen2.5-7b,transfer,5da77a9e04eb,c4,False,test,system,fixed_slot,82,65,67,81,False
qwen2.5-7b,transfer,5da77a9e04eb,c4,False,test,user,fixed_slot,93,65,87,92,True
qwen2.5-7b,transfer,5da77a9e04eb,c4,False,test,tool,fixed_slot,102,65,91,101,True
qwen2.5-7b,transfer,5da77a9e04eb,c4,False,test,assistant,fixed_slot,93,65,87,92,True
qwen2.5-7b,transfer,5da77a9e04eb,c4,False,test,system,natural_slot,82,65,67,81,False
qwen2.5-7b,transfer,5da77a9e04eb,c4,False,test,user,natural_slot,84,65,78,83,False
qwen2.5-7b,transfer,5da77a9e04eb,c4,False,test,tool,natural_slot,110,65,99,109,False
qwen2.5-7b,transfer,5da77a9e04eb,c4,False,test,assistant,natural_slot,93,65,87,92,False
qwen2.5-7b,transfer,be9ae6137a0d,c4,False,train,system,fixed_slot,91,74,76,90,False
qwen2.5-7b,transfer,be9ae6137a0d,c4,False,train,user,fixed_slot,102,74,96,101,True
qwen2.5-7b,transfer,be9ae6137a0d,c4,False,train,tool,fixed_slot,110,74,100,109,True
qwen2.5-7b,transfer,be9ae6137a0d,c4,False,train,assistant,fixed_slot,102,74,96,101,True
qwen2.5-7b,transfer,be9ae6137a0d,c4,False,train,system,natural_slot,91,74,76,90,False
qwen2.5-7b,transfer,be9ae6137a0d,c4,False,train,user,natural_slot,93,74,87,92,False
qwen2.5-7b,transfer,be9ae6137a0d,c4,False,train,tool,natural_slot,118,74,108,117,False
qwen2.5-7b,transfer,be9ae6137a0d,c4,False,train,assistant,natural_slot,102,74,96,101,False
qwen2.5-7b,transfer,9cb3954e4d7e,c4,False,train,system,fixed_slot,56,39,41,55,False
qwen2.5-7b,transfer,9cb3954e4d7e,c4,False,train,user,fixed_slot,67,39,61,66,True
qwen2.5-7b,transfer,9cb3954e4d7e,c4,False,train,tool,fixed_slot,75,39,65,74,True
qwen2.5-7b,transfer,9cb3954e4d7e,c4,False,train,assistant,fixed_slot,67,39,61,66,True
qwen2.5-7b,transfer,9cb3954e4d7e,c4,False,train,system,natural_slot,56,39,41,55,False
qwen2.5-7b,transfer,9cb3954e4d7e,c4,False,train,user,natural_slot,58,39,52,57,False
qwen2.5-7b,transfer,9cb3954e4d7e,c4,False,train,tool,natural_slot,83,39,73,82,False
qwen2.5-7b,transfer,9cb3954e4d7e,c4,False,train,assistant,natural_slot,67,39,61,66,False
qwen2.5-7b,transfer,f2ddc9bc3f19,c4,False,test,system,fixed_slot,54,37,39,53,False
qwen2.5-7b,transfer,f2ddc9bc3f19,c4,False,test,user,fixed_slot,65,37,59,64,True
qwen2.5-7b,transfer,f2ddc9bc3f19,c4,False,test,tool,fixed_slot,73,37,63,72,True
qwen2.5-7b,transfer,f2ddc9bc3f19,c4,False,test,assistant,fixed_slot,65,37,59,64,True
qwen2.5-7b,transfer,f2ddc9bc3f19,c4,False,test,system,natural_slot,54,37,39,53,False
qwen2.5-7b,transfer,f2ddc9bc3f19,c4,False,test,user,natural_slot,56,37,50,55,False
qwen2.5-7b,transfer,f2ddc9bc3f19,c4,False,test,tool,natural_slot,81,37,71,80,False
qwen2.5-7b,transfer,f2ddc9bc3f19,c4,False,test,assistant,natural_slot,65,37,59,64,False
qwen2.5-7b,transfer,bf8eda45ad4e,c4,False,train,system,fixed_slot,70,53,55,69,False
qwen2.5-7b,transfer,bf8eda45ad4e,c4,False,train,user,fixed_slot,81,53,75,80,True
qwen2.5-7b,transfer,bf8eda45ad4e,c4,False,train,tool,fixed_slot,89,53,79,88,True
qwen2.5-7b,transfer,bf8eda45ad4e,c4,False,train,assistant,fixed_slot,81,53,75,80,True
qwen2.5-7b,transfer,bf8eda45ad4e,c4,False,train,system,natural_slot,70,53,55,69,False
qwen2.5-7b,transfer,bf8eda45ad4e,c4,False,train,user,natural_slot,72,53,66,71,False
qwen2.5-7b,transfer,bf8eda45ad4e,c4,False,train,tool,natural_slot,97,53,87,96,False
qwen2.5-7b,transfer,bf8eda45ad4e,c4,False,train,assistant,natural_slot,81,53,75,80,False
qwen2.5-7b,transfer,e27c1fe61b62,c4,False,train,system,fixed_slot,82,65,67,81,False
qwen2.5-7b,transfer,e27c1fe61b62,c4,False,train,user,fixed_slot,93,65,87,92,True
qwen2.5-7b,transfer,e27c1fe61b62,c4,False,train,tool,fixed_slot,101,65,91,100,True
qwen2.5-7b,transfer,e27c1fe61b62,c4,False,train,assistant,fixed_slot,93,65,87,92,True
qwen2.5-7b,transfer,e27c1fe61b62,c4,False,train,system,natural_slot,82,65,67,81,False
qwen2.5-7b,transfer,e27c1fe61b62,c4,False,train,user,natural_slot,84,65,78,83,False
qwen2.5-7b,transfer,e27c1fe61b62,c4,False,train,tool,natural_slot,109,65,99,108,False
qwen2.5-7b,transfer,e27c1fe61b62,c4,False,train,assistant,natural_slot,93,65,87,92,False
qwen2.5-7b,transfer,1e09c464dde7,c4,False,train,system,fixed_slot,94,77,79,93,False
qwen2.5-7b,transfer,1e09c464dde7,c4,False,train,user,fixed_slot,105,77,99,104,True
qwen2.5-7b,transfer,1e09c464dde7,c4,False,train,tool,fixed_slot,114,77,103,113,True
qwen2.5-7b,transfer,1e09c464dde7,c4,False,train,assistant,fixed_slot,105,77,99,104,True
qwen2.5-7b,transfer,1e09c464dde7,c4,False,train,system,natural_slot,94,77,79,93,False
qwen2.5-7b,transfer,1e09c464dde7,c4,False,train,user,natural_slot,96,77,90,95,False
qwen2.5-7b,transfer,1e09c464dde7,c4,False,train,tool,natural_slot,122,77,111,121,False
qwen2.5-7b,transfer,1e09c464dde7,c4,False,train,assistant,natural_slot,105,77,99,104,False
qwen2.5-7b,transfer,85abbe801217,c4,False,test,system,fixed_slot,80,63,65,79,False
qwen2.5-7b,transfer,85abbe801217,c4,False,test,user,fixed_slot,91,63,85,90,True
qwen2.5-7b,transfer,85abbe801217,c4,False,test,tool,fixed_slot,99,63,89,98,True
qwen2.5-7b,transfer,85abbe801217,c4,False,test,assistant,fixed_slot,91,63,85,90,True
qwen2.5-7b,transfer,85abbe801217,c4,False,test,system,natural_slot,80,63,65,79,False
qwen2.5-7b,transfer,85abbe801217,c4,False,test,user,natural_slot,82,63,76,81,False
qwen2.5-7b,transfer,85abbe801217,c4,False,test,tool,natural_slot,107,63,97,106,False
qwen2.5-7b,transfer,85abbe801217,c4,False,test,assistant,natural_slot,91,63,85,90,False
qwen2.5-7b,transfer,a70d6c6bee6d,c4,False,train,system,fixed_slot,98,81,83,97,False
qwen2.5-7b,transfer,a70d6c6bee6d,c4,False,train,user,fixed_slot,109,81,103,108,True
qwen2.5-7b,transfer,a70d6c6bee6d,c4,False,train,tool,fixed_slot,117,81,107,116,True
qwen2.5-7b,transfer,a70d6c6bee6d,c4,False,train,assistant,fixed_slot,109,81,103,108,True
qwen2.5-7b,transfer,a70d6c6bee6d,c4,False,train,system,natural_slot,98,81,83,97,False
qwen2.5-7b,transfer,a70d6c6bee6d,c4,False,train,user,natural_slot,100,81,94,99,False
qwen2.5-7b,transfer,a70d6c6bee6d,c4,False,train,tool,natural_slot,125,81,115,124,False
qwen2.5-7b,transfer,a70d6c6bee6d,c4,False,train,assistant,natural_slot,109,81,103,108,False
qwen2.5-7b,transfer,ccd518f1bb5d,c4,False,train,system,fixed_slot,87,70,72,86,False
qwen2.5-7b,transfer,ccd518f1bb5d,c4,False,train,user,fixed_slot,98,70,92,97,True
qwen2.5-7b,transfer,ccd518f1bb5d,c4,False,train,tool,fixed_slot,107,70,96,106,True
qwen2.5-7b,transfer,ccd518f1bb5d,c4,False,train,assistant,fixed_slot,98,70,92,97,True
qwen2.5-7b,transfer,ccd518f1bb5d,c4,False,train,system,natural_slot,87,70,72,86,False
qwen2.5-7b,transfer,ccd518f1bb5d,c4,False,train,user,natural_slot,89,70,83,88,False
qwen2.5-7b,transfer,ccd518f1bb5d,c4,False,train,tool,natural_slot,115,70,104,114,False
qwen2.5-7b,transfer,ccd518f1bb5d,c4,False,train,assistant,natural_slot,98,70,92,97,False
qwen2.5-7b,transfer,c2ec1723e8eb,c4,False,train,system,fixed_slot,85,68,70,84,False
qwen2.5-7b,transfer,c2ec1723e8eb,c4,False,train,user,fixed_slot,96,68,90,95,True
qwen2.5-7b,transfer,c2ec1723e8eb,c4,False,train,tool,fixed_slot,104,68,94,103,True
qwen2.5-7b,transfer,c2ec1723e8eb,c4,False,train,assistant,fixed_slot,96,68,90,95,True
qwen2.5-7b,transfer,c2ec1723e8eb,c4,False,train,system,natural_slot,85,68,70,84,False
qwen2.5-7b,transfer,c2ec1723e8eb,c4,False,train,user,natural_slot,87,68,81,86,False
qwen2.5-7b,transfer,c2ec1723e8eb,c4,False,train,tool,natural_slot,112,68,102,111,False
qwen2.5-7b,transfer,c2ec1723e8eb,c4,False,train,assistant,natural_slot,96,68,90,95,False
qwen2.5-7b,transfer,7bda9f6d44dc,c4,False,test,system,fixed_slot,83,66,68,82,False
qwen2.5-7b,transfer,7bda9f6d44dc,c4,False,test,user,fixed_slot,94,66,88,93,True
qwen2.5-7b,transfer,7bda9f6d44dc,c4,False,test,tool,fixed_slot,103,66,92,102,True
qwen2.5-7b,transfer,7bda9f6d44dc,c4,False,test,assistant,fixed_slot,94,66,88,93,True
qwen2.5-7b,transfer,7bda9f6d44dc,c4,False,test,system,natural_slot,83,66,68,82,False
qwen2.5-7b,transfer,7bda9f6d44dc,c4,False,test,user,natural_slot,85,66,79,84,False
qwen2.5-7b,transfer,7bda9f6d44dc,c4,False,test,tool,natural_slot,111,66,100,110,False
qwen2.5-7b,transfer,7bda9f6d44dc,c4,False,test,assistant,natural_slot,94,66,88,93,False
qwen2.5-7b,transfer,6a5a81ac9a93,c4,False,train,system,fixed_slot,93,76,78,92,False
qwen2.5-7b,transfer,6a5a81ac9a93,c4,False,train,user,fixed_slot,104,76,98,103,True
qwen2.5-7b,transfer,6a5a81ac9a93,c4,False,train,tool,fixed_slot,113,76,102,112,True
qwen2.5-7b,transfer,6a5a81ac9a93,c4,False,train,assistant,fixed_slot,104,76,98,103,True
qwen2.5-7b,transfer,6a5a81ac9a93,c4,False,train,system,natural_slot,93,76,78,92,False
qwen2.5-7b,transfer,6a5a81ac9a93,c4,False,train,user,natural_slot,95,76,89,94,False
qwen2.5-7b,transfer,6a5a81ac9a93,c4,False,train,tool,natural_slot,121,76,110,120,False
qwen2.5-7b,transfer,6a5a81ac9a93,c4,False,train,assistant,natural_slot,104,76,98,103,False
qwen2.5-7b,transfer,5df5a13e714b,c4,False,train,system,fixed_slot,90,73,75,89,False
qwen2.5-7b,transfer,5df5a13e714b,c4,False,train,user,fixed_slot,101,73,95,100,True
qwen2.5-7b,transfer,5df5a13e714b,c4,False,train,tool,fixed_slot,110,73,99,109,True
qwen2.5-7b,transfer,5df5a13e714b,c4,False,train,assistant,fixed_slot,101,73,95,100,True
qwen2.5-7b,transfer,5df5a13e714b,c4,False,train,system,natural_slot,90,73,75,89,False
qwen2.5-7b,transfer,5df5a13e714b,c4,False,train,user,natural_slot,92,73,86,91,False
qwen2.5-7b,transfer,5df5a13e714b,c4,False,train,tool,natural_slot,118,73,107,117,False
qwen2.5-7b,transfer,5df5a13e714b,c4,False,train,assistant,natural_slot,101,73,95,100,False
qwen2.5-7b,transfer,e47c00804d80,c4,False,train,system,fixed_slot,71,54,56,70,False
qwen2.5-7b,transfer,e47c00804d80,c4,False,train,user,fixed_slot,82,54,76,81,True
qwen2.5-7b,transfer,e47c00804d80,c4,False,train,tool,fixed_slot,90,54,80,89,True
qwen2.5-7b,transfer,e47c00804d80,c4,False,train,assistant,fixed_slot,82,54,76,81,True
qwen2.5-7b,transfer,e47c00804d80,c4,False,train,system,natural_slot,71,54,56,70,False
qwen2.5-7b,transfer,e47c00804d80,c4,False,train,user,natural_slot,73,54,67,72,False
qwen2.5-7b,transfer,e47c00804d80,c4,False,train,tool,natural_slot,98,54,88,97,False
qwen2.5-7b,transfer,e47c00804d80,c4,False,train,assistant,natural_slot,82,54,76,81,False
qwen2.5-7b,transfer,79b67cb9f498,c4,False,train,system,fixed_slot,86,69,71,85,False
qwen2.5-7b,transfer,79b67cb9f498,c4,False,train,user,fixed_slot,97,69,91,96,True
qwen2.5-7b,transfer,79b67cb9f498,c4,False,train,tool,fixed_slot,106,69,95,105,True
qwen2.5-7b,transfer,79b67cb9f498,c4,False,train,assistant,fixed_slot,97,69,91,96,True
qwen2.5-7b,transfer,79b67cb9f498,c4,False,train,system,natural_slot,86,69,71,85,False
qwen2.5-7b,transfer,79b67cb9f498,c4,False,train,user,natural_slot,88,69,82,87,False
qwen2.5-7b,transfer,79b67cb9f498,c4,False,train,tool,natural_slot,114,69,103,113,False
qwen2.5-7b,transfer,79b67cb9f498,c4,False,train,assistant,natural_slot,97,69,91,96,False
qwen2.5-7b,transfer,3c33e0491c83,c4,False,train,system,fixed_slot,66,49,51,65,False
qwen2.5-7b,transfer,3c33e0491c83,c4,False,train,user,fixed_slot,77,49,71,76,True
qwen2.5-7b,transfer,3c33e0491c83,c4,False,train,tool,fixed_slot,85,49,75,84,True
qwen2.5-7b,transfer,3c33e0491c83,c4,False,train,assistant,fixed_slot,77,49,71,76,True
qwen2.5-7b,transfer,3c33e0491c83,c4,False,train,system,natural_slot,66,49,51,65,False
qwen2.5-7b,transfer,3c33e0491c83,c4,False,train,user,natural_slot,68,49,62,67,False
qwen2.5-7b,transfer,3c33e0491c83,c4,False,train,tool,natural_slot,93,49,83,92,False
qwen2.5-7b,transfer,3c33e0491c83,c4,False,train,assistant,natural_slot,77,49,71,76,False
qwen2.5-7b,transfer,aec1cfd7acd0,c4,False,test,system,fixed_slot,61,44,46,60,False
qwen2.5-7b,transfer,aec1cfd7acd0,c4,False,test,user,fixed_slot,72,44,66,71,True
qwen2.5-7b,transfer,aec1cfd7acd0,c4,False,test,tool,fixed_slot,80,44,70,79,True
qwen2.5-7b,transfer,aec1cfd7acd0,c4,False,test,assistant,fixed_slot,72,44,66,71,True
qwen2.5-7b,transfer,aec1cfd7acd0,c4,False,test,system,natural_slot,61,44,46,60,False
qwen2.5-7b,transfer,aec1cfd7acd0,c4,False,test,user,natural_slot,63,44,57,62,False
qwen2.5-7b,transfer,aec1cfd7acd0,c4,False,test,tool,natural_slot,88,44,78,87,False
qwen2.5-7b,transfer,aec1cfd7acd0,c4,False,test,assistant,natural_slot,72,44,66,71,False
qwen2.5-7b,transfer,289574a8dae3,c4,False,test,system,fixed_slot,87,70,72,86,False
qwen2.5-7b,transfer,289574a8dae3,c4,False,test,user,fixed_slot,98,70,92,97,True
qwen2.5-7b,transfer,289574a8dae3,c4,False,test,tool,fixed_slot,107,70,96,106,True
qwen2.5-7b,transfer,289574a8dae3,c4,False,test,assistant,fixed_slot,98,70,92,97,True
qwen2.5-7b,transfer,289574a8dae3,c4,False,test,system,natural_slot,87,70,72,86,False
qwen2.5-7b,transfer,289574a8dae3,c4,False,test,user,natural_slot,89,70,83,88,False
qwen2.5-7b,transfer,289574a8dae3,c4,False,test,tool,natural_slot,115,70,104,114,False
qwen2.5-7b,transfer,289574a8dae3,c4,False,test,assistant,natural_slot,98,70,92,97,False
qwen2.5-7b,transfer,26a4f36466a4,c4,False,train,system,fixed_slot,91,74,76,90,False
qwen2.5-7b,transfer,26a4f36466a4,c4,False,train,user,fixed_slot,102,74,96,101,True
qwen2.5-7b,transfer,26a4f36466a4,c4,False,train,tool,fixed_slot,111,74,100,110,True
qwen2.5-7b,transfer,26a4f36466a4,c4,False,train,assistant,fixed_slot,102,74,96,101,True
qwen2.5-7b,transfer,26a4f36466a4,c4,False,train,system,natural_slot,91,74,76,90,False
qwen2.5-7b,transfer,26a4f36466a4,c4,False,train,user,natural_slot,93,74,87,92,False
qwen2.5-7b,transfer,26a4f36466a4,c4,False,train,tool,natural_slot,119,74,108,118,False
qwen2.5-7b,transfer,26a4f36466a4,c4,False,train,assistant,natural_slot,102,74,96,101,False
qwen2.5-7b,transfer,71d571461b75,c4,False,test,system,fixed_slot,97,80,82,96,False
qwen2.5-7b,transfer,71d571461b75,c4,False,test,user,fixed_slot,108,80,102,107,True
qwen2.5-7b,transfer,71d571461b75,c4,False,test,tool,fixed_slot,116,80,106,115,True
qwen2.5-7b,transfer,71d571461b75,c4,False,test,assistant,fixed_slot,108,80,102,107,True
qwen2.5-7b,transfer,71d571461b75,c4,False,test,system,natural_slot,97,80,82,96,False
qwen2.5-7b,transfer,71d571461b75,c4,False,test,user,natural_slot,99,80,93,98,False
qwen2.5-7b,transfer,71d571461b75,c4,False,test,tool,natural_slot,124,80,114,123,False
qwen2.5-7b,transfer,71d571461b75,c4,False,test,assistant,natural_slot,108,80,102,107,False
qwen2.5-7b,transfer,7e9afc100c28,c4,False,train,system,fixed_slot,82,65,67,81,False
qwen2.5-7b,transfer,7e9afc100c28,c4,False,train,user,fixed_slot,93,65,87,92,True
qwen2.5-7b,transfer,7e9afc100c28,c4,False,train,tool,fixed_slot,102,65,91,101,True
qwen2.5-7b,transfer,7e9afc100c28,c4,False,train,assistant,fixed_slot,93,65,87,92,True
qwen2.5-7b,transfer,7e9afc100c28,c4,False,train,system,natural_slot,82,65,67,81,False
qwen2.5-7b,transfer,7e9afc100c28,c4,False,train,user,natural_slot,84,65,78,83,False
qwen2.5-7b,transfer,7e9afc100c28,c4,False,train,tool,natural_slot,110,65,99,109,False
qwen2.5-7b,transfer,7e9afc100c28,c4,False,train,assistant,natural_slot,93,65,87,92,False
qwen2.5-7b,transfer,3a8c7b70093b,c4,False,train,system,fixed_slot,101,84,86,100,False
qwen2.5-7b,transfer,3a8c7b70093b,c4,False,train,user,fixed_slot,112,84,106,111,True
qwen2.5-7b,transfer,3a8c7b70093b,c4,False,train,tool,fixed_slot,121,84,110,120,True
qwen2.5-7b,transfer,3a8c7b70093b,c4,False,train,assistant,fixed_slot,112,84,106,111,True
qwen2.5-7b,transfer,3a8c7b70093b,c4,False,train,system,natural_slot,101,84,86,100,False
qwen2.5-7b,transfer,3a8c7b70093b,c4,False,train,user,natural_slot,103,84,97,102,False
qwen2.5-7b,transfer,3a8c7b70093b,c4,False,train,tool,natural_slot,129,84,118,128,False
qwen2.5-7b,transfer,3a8c7b70093b,c4,False,train,assistant,natural_slot,112,84,106,111,False
qwen2.5-7b,transfer,e1192349ba25,c4,False,train,system,fixed_slot,52,35,37,51,False
qwen2.5-7b,transfer,e1192349ba25,c4,False,train,user,fixed_slot,63,35,57,62,True
qwen2.5-7b,transfer,e1192349ba25,c4,False,train,tool,fixed_slot,71,35,61,70,True
qwen2.5-7b,transfer,e1192349ba25,c4,False,train,assistant,fixed_slot,63,35,57,62,True
qwen2.5-7b,transfer,e1192349ba25,c4,False,train,system,natural_slot,52,35,37,51,False
qwen2.5-7b,transfer,e1192349ba25,c4,False,train,user,natural_slot,54,35,48,53,False
qwen2.5-7b,transfer,e1192349ba25,c4,False,train,tool,natural_slot,79,35,69,78,False
qwen2.5-7b,transfer,e1192349ba25,c4,False,train,assistant,natural_slot,63,35,57,62,False
qwen2.5-7b,transfer,98a6c7be1d87,c4,False,train,system,fixed_slot,68,51,53,67,False
qwen2.5-7b,transfer,98a6c7be1d87,c4,False,train,user,fixed_slot,79,51,73,78,True
qwen2.5-7b,transfer,98a6c7be1d87,c4,False,train,tool,fixed_slot,87,51,77,86,True
qwen2.5-7b,transfer,98a6c7be1d87,c4,False,train,assistant,fixed_slot,79,51,73,78,True
qwen2.5-7b,transfer,98a6c7be1d87,c4,False,train,system,natural_slot,68,51,53,67,False
qwen2.5-7b,transfer,98a6c7be1d87,c4,False,train,user,natural_slot,70,51,64,69,False
qwen2.5-7b,transfer,98a6c7be1d87,c4,False,train,tool,natural_slot,95,51,85,94,False
qwen2.5-7b,transfer,98a6c7be1d87,c4,False,train,assistant,natural_slot,79,51,73,78,False
qwen2.5-7b,transfer,57759aef9874,c4,False,train,system,fixed_slot,90,73,75,89,False
qwen2.5-7b,transfer,57759aef9874,c4,False,train,user,fixed_slot,101,73,95,100,True
qwen2.5-7b,transfer,57759aef9874,c4,False,train,tool,fixed_slot,110,73,99,109,True
qwen2.5-7b,transfer,57759aef9874,c4,False,train,assistant,fixed_slot,101,73,95,100,True
qwen2.5-7b,transfer,57759aef9874,c4,False,train,system,natural_slot,90,73,75,89,False
qwen2.5-7b,transfer,57759aef9874,c4,False,train,user,natural_slot,92,73,86,91,False
qwen2.5-7b,transfer,57759aef9874,c4,False,train,tool,natural_slot,118,73,107,117,False
qwen2.5-7b,transfer,57759aef9874,c4,False,train,assistant,natural_slot,101,73,95,100,False
qwen2.5-7b,transfer,4d5beff59818,c4,False,train,system,fixed_slot,68,51,53,67,False
qwen2.5-7b,transfer,4d5beff59818,c4,False,train,user,fixed_slot,79,51,73,78,True
qwen2.5-7b,transfer,4d5beff59818,c4,False,train,tool,fixed_slot,87,51,77,86,True
qwen2.5-7b,transfer,4d5beff59818,c4,False,train,assistant,fixed_slot,79,51,73,78,True
qwen2.5-7b,transfer,4d5beff59818,c4,False,train,system,natural_slot,68,51,53,67,False
qwen2.5-7b,transfer,4d5beff59818,c4,False,train,user,natural_slot,70,51,64,69,False
qwen2.5-7b,transfer,4d5beff59818,c4,False,train,tool,natural_slot,95,51,85,94,False
qwen2.5-7b,transfer,4d5beff59818,c4,False,train,assistant,natural_slot,79,51,73,78,False
qwen2.5-7b,transfer,c87ebd512268,c4,False,train,system,fixed_slot,65,48,50,64,False
qwen2.5-7b,transfer,c87ebd512268,c4,False,train,user,fixed_slot,76,48,70,75,True
qwen2.5-7b,transfer,c87ebd512268,c4,False,train,tool,fixed_slot,84,48,74,83,True
qwen2.5-7b,transfer,c87ebd512268,c4,False,train,assistant,fixed_slot,76,48,70,75,True
qwen2.5-7b,transfer,c87ebd512268,c4,False,train,system,natural_slot,65,48,50,64,False
qwen2.5-7b,transfer,c87ebd512268,c4,False,train,user,natural_slot,67,48,61,66,False
qwen2.5-7b,transfer,c87ebd512268,c4,False,train,tool,natural_slot,92,48,82,91,False
qwen2.5-7b,transfer,c87ebd512268,c4,False,train,assistant,natural_slot,76,48,70,75,False
qwen2.5-7b,transfer,4a7d46acab6b,c4,False,train,system,fixed_slot,92,75,77,91,False
qwen2.5-7b,transfer,4a7d46acab6b,c4,False,train,user,fixed_slot,103,75,97,102,True
qwen2.5-7b,transfer,4a7d46acab6b,c4,False,train,tool,fixed_slot,112,75,101,111,True
qwen2.5-7b,transfer,4a7d46acab6b,c4,False,train,assistant,fixed_slot,103,75,97,102,True
qwen2.5-7b,transfer,4a7d46acab6b,c4,False,train,system,natural_slot,92,75,77,91,False
qwen2.5-7b,transfer,4a7d46acab6b,c4,False,train,user,natural_slot,94,75,88,93,False
qwen2.5-7b,transfer,4a7d46acab6b,c4,False,train,tool,natural_slot,120,75,109,119,False
qwen2.5-7b,transfer,4a7d46acab6b,c4,False,train,assistant,natural_slot,103,75,97,102,False
qwen2.5-7b,transfer,dff692e94675,c4,False,train,system,fixed_slot,88,71,73,87,False
qwen2.5-7b,transfer,dff692e94675,c4,False,train,user,fixed_slot,99,71,93,98,True
qwen2.5-7b,transfer,dff692e94675,c4,False,train,tool,fixed_slot,107,71,97,106,True
qwen2.5-7b,transfer,dff692e94675,c4,False,train,assistant,fixed_slot,99,71,93,98,True
qwen2.5-7b,transfer,dff692e94675,c4,False,train,system,natural_slot,88,71,73,87,False
qwen2.5-7b,transfer,dff692e94675,c4,False,train,user,natural_slot,90,71,84,89,False
qwen2.5-7b,transfer,dff692e94675,c4,False,train,tool,natural_slot,115,71,105,114,False
qwen2.5-7b,transfer,dff692e94675,c4,False,train,assistant,natural_slot,99,71,93,98,False
qwen2.5-7b,transfer,fc743905a087,c4,False,train,system,fixed_slot,57,40,42,56,False
qwen2.5-7b,transfer,fc743905a087,c4,False,train,user,fixed_slot,68,40,62,67,True
qwen2.5-7b,transfer,fc743905a087,c4,False,train,tool,fixed_slot,76,40,66,75,True
qwen2.5-7b,transfer,fc743905a087,c4,False,train,assistant,fixed_slot,68,40,62,67,True
qwen2.5-7b,transfer,fc743905a087,c4,False,train,system,natural_slot,57,40,42,56,False
qwen2.5-7b,transfer,fc743905a087,c4,False,train,user,natural_slot,59,40,53,58,False
qwen2.5-7b,transfer,fc743905a087,c4,False,train,tool,natural_slot,84,40,74,83,False
qwen2.5-7b,transfer,fc743905a087,c4,False,train,assistant,natural_slot,68,40,62,67,False
qwen2.5-7b,transfer,e0a3e3b4d631,c4,False,train,system,fixed_slot,74,57,59,73,False
qwen2.5-7b,transfer,e0a3e3b4d631,c4,False,train,user,fixed_slot,85,57,79,84,True
qwen2.5-7b,transfer,e0a3e3b4d631,c4,False,train,tool,fixed_slot,93,57,83,92,True
qwen2.5-7b,transfer,e0a3e3b4d631,c4,False,train,assistant,fixed_slot,85,57,79,84,True
qwen2.5-7b,transfer,e0a3e3b4d631,c4,False,train,system,natural_slot,74,57,59,73,False
qwen2.5-7b,transfer,e0a3e3b4d631,c4,False,train,user,natural_slot,76,57,70,75,False
qwen2.5-7b,transfer,e0a3e3b4d631,c4,False,train,tool,natural_slot,101,57,91,100,False
qwen2.5-7b,transfer,e0a3e3b4d631,c4,False,train,assistant,natural_slot,85,57,79,84,False
qwen2.5-7b,transfer,44a18a45a70c,c4,False,train,system,fixed_slot,81,64,66,80,False
qwen2.5-7b,transfer,44a18a45a70c,c4,False,train,user,fixed_slot,92,64,86,91,True
qwen2.5-7b,transfer,44a18a45a70c,c4,False,train,tool,fixed_slot,101,64,90,100,True
qwen2.5-7b,transfer,44a18a45a70c,c4,False,train,assistant,fixed_slot,92,64,86,91,True
qwen2.5-7b,transfer,44a18a45a70c,c4,False,train,system,natural_slot,81,64,66,80,False
qwen2.5-7b,transfer,44a18a45a70c,c4,False,train,user,natural_slot,83,64,77,82,False
qwen2.5-7b,transfer,44a18a45a70c,c4,False,train,tool,natural_slot,109,64,98,108,False
qwen2.5-7b,transfer,44a18a45a70c,c4,False,train,assistant,natural_slot,92,64,86,91,False
qwen2.5-7b,transfer,5522878329e4,c4,False,train,system,fixed_slot,89,72,74,88,False
qwen2.5-7b,transfer,5522878329e4,c4,False,train,user,fixed_slot,100,72,94,99,True
qwen2.5-7b,transfer,5522878329e4,c4,False,train,tool,fixed_slot,109,72,98,108,True
qwen2.5-7b,transfer,5522878329e4,c4,False,train,assistant,fixed_slot,100,72,94,99,True
qwen2.5-7b,transfer,5522878329e4,c4,False,train,system,natural_slot,89,72,74,88,False
qwen2.5-7b,transfer,5522878329e4,c4,False,train,user,natural_slot,91,72,85,90,False
qwen2.5-7b,transfer,5522878329e4,c4,False,train,tool,natural_slot,117,72,106,116,False
qwen2.5-7b,transfer,5522878329e4,c4,False,train,assistant,natural_slot,100,72,94,99,False
qwen2.5-7b,transfer,1b67419dc4e4,c4,False,test,system,fixed_slot,48,31,33,47,False
qwen2.5-7b,transfer,1b67419dc4e4,c4,False,test,user,fixed_slot,59,31,53,58,True
qwen2.5-7b,transfer,1b67419dc4e4,c4,False,test,tool,fixed_slot,67,31,57,66,True
qwen2.5-7b,transfer,1b67419dc4e4,c4,False,test,assistant,fixed_slot,59,31,53,58,True
qwen2.5-7b,transfer,1b67419dc4e4,c4,False,test,system,natural_slot,48,31,33,47,False
qwen2.5-7b,transfer,1b67419dc4e4,c4,False,test,user,natural_slot,50,31,44,49,False
qwen2.5-7b,transfer,1b67419dc4e4,c4,False,test,tool,natural_slot,75,31,65,74,False
qwen2.5-7b,transfer,1b67419dc4e4,c4,False,test,assistant,natural_slot,59,31,53,58,False
qwen2.5-7b,transfer,b3752fcc6710,c4,False,train,system,fixed_slot,96,79,81,95,False
qwen2.5-7b,transfer,b3752fcc6710,c4,False,train,user,fixed_slot,107,79,101,106,True
qwen2.5-7b,transfer,b3752fcc6710,c4,False,train,tool,fixed_slot,115,79,105,114,True
qwen2.5-7b,transfer,b3752fcc6710,c4,False,train,assistant,fixed_slot,107,79,101,106,True
qwen2.5-7b,transfer,b3752fcc6710,c4,False,train,system,natural_slot,96,79,81,95,False
qwen2.5-7b,transfer,b3752fcc6710,c4,False,train,user,natural_slot,98,79,92,97,False
qwen2.5-7b,transfer,b3752fcc6710,c4,False,train,tool,natural_slot,123,79,113,122,False
qwen2.5-7b,transfer,b3752fcc6710,c4,False,train,assistant,natural_slot,107,79,101,106,False
qwen2.5-7b,transfer,f32a4b894394,c4,False,train,system,fixed_slot,85,68,70,84,False
qwen2.5-7b,transfer,f32a4b894394,c4,False,train,user,fixed_slot,96,68,90,95,True
qwen2.5-7b,transfer,f32a4b894394,c4,False,train,tool,fixed_slot,105,68,94,104,True
qwen2.5-7b,transfer,f32a4b894394,c4,False,train,assistant,fixed_slot,96,68,90,95,True
qwen2.5-7b,transfer,f32a4b894394,c4,False,train,system,natural_slot,85,68,70,84,False
qwen2.5-7b,transfer,f32a4b894394,c4,False,train,user,natural_slot,87,68,81,86,False
qwen2.5-7b,transfer,f32a4b894394,c4,False,train,tool,natural_slot,113,68,102,112,False
qwen2.5-7b,transfer,f32a4b894394,c4,False,train,assistant,natural_slot,96,68,90,95,False
qwen2.5-7b,transfer,46afdb645f25,c4,False,train,system,fixed_slot,60,43,45,59,False
qwen2.5-7b,transfer,46afdb645f25,c4,False,train,user,fixed_slot,71,43,65,70,True
qwen2.5-7b,transfer,46afdb645f25,c4,False,train,tool,fixed_slot,79,43,69,78,True
qwen2.5-7b,transfer,46afdb645f25,c4,False,train,assistant,fixed_slot,71,43,65,70,True
qwen2.5-7b,transfer,46afdb645f25,c4,False,train,system,natural_slot,60,43,45,59,False
qwen2.5-7b,transfer,46afdb645f25,c4,False,train,user,natural_slot,62,43,56,61,False
qwen2.5-7b,transfer,46afdb645f25,c4,False,train,tool,natural_slot,87,43,77,86,False
qwen2.5-7b,transfer,46afdb645f25,c4,False,train,assistant,natural_slot,71,43,65,70,False
qwen2.5-7b,transfer,2e178187fc79,c4,False,test,system,fixed_slot,86,69,71,85,False
qwen2.5-7b,transfer,2e178187fc79,c4,False,test,user,fixed_slot,97,69,91,96,True
qwen2.5-7b,transfer,2e178187fc79,c4,False,test,tool,fixed_slot,106,69,95,105,True
qwen2.5-7b,transfer,2e178187fc79,c4,False,test,assistant,fixed_slot,97,69,91,96,True
qwen2.5-7b,transfer,2e178187fc79,c4,False,test,system,natural_slot,86,69,71,85,False
qwen2.5-7b,transfer,2e178187fc79,c4,False,test,user,natural_slot,88,69,82,87,False
qwen2.5-7b,transfer,2e178187fc79,c4,False,test,tool,natural_slot,114,69,103,113,False
qwen2.5-7b,transfer,2e178187fc79,c4,False,test,assistant,natural_slot,97,69,91,96,False
qwen2.5-7b,transfer,23117fc5988f,c4,False,test,system,fixed_slot,73,56,58,72,False
qwen2.5-7b,transfer,23117fc5988f,c4,False,test,user,fixed_slot,84,56,78,83,True
qwen2.5-7b,transfer,23117fc5988f,c4,False,test,tool,fixed_slot,92,56,82,91,True
qwen2.5-7b,transfer,23117fc5988f,c4,False,test,assistant,fixed_slot,84,56,78,83,True
qwen2.5-7b,transfer,23117fc5988f,c4,False,test,system,natural_slot,73,56,58,72,False
qwen2.5-7b,transfer,23117fc5988f,c4,False,test,user,natural_slot,75,56,69,74,False
qwen2.5-7b,transfer,23117fc5988f,c4,False,test,tool,natural_slot,100,56,90,99,False
qwen2.5-7b,transfer,23117fc5988f,c4,False,test,assistant,natural_slot,84,56,78,83,False
qwen2.5-7b,transfer,e6ee4da6a878,c4,False,train,system,fixed_slot,114,97,99,113,False
qwen2.5-7b,transfer,e6ee4da6a878,c4,False,train,user,fixed_slot,125,97,119,124,True
qwen2.5-7b,transfer,e6ee4da6a878,c4,False,train,tool,fixed_slot,134,97,123,133,True
qwen2.5-7b,transfer,e6ee4da6a878,c4,False,train,assistant,fixed_slot,125,97,119,124,True
qwen2.5-7b,transfer,e6ee4da6a878,c4,False,train,system,natural_slot,114,97,99,113,False
qwen2.5-7b,transfer,e6ee4da6a878,c4,False,train,user,natural_slot,116,97,110,115,False
qwen2.5-7b,transfer,e6ee4da6a878,c4,False,train,tool,natural_slot,142,97,131,141,False
qwen2.5-7b,transfer,e6ee4da6a878,c4,False,train,assistant,natural_slot,125,97,119,124,False
qwen2.5-7b,transfer,ace16899552a,c4,False,train,system,fixed_slot,58,41,43,57,False
qwen2.5-7b,transfer,ace16899552a,c4,False,train,user,fixed_slot,69,41,63,68,True
qwen2.5-7b,transfer,ace16899552a,c4,False,train,tool,fixed_slot,77,41,67,76,True
qwen2.5-7b,transfer,ace16899552a,c4,False,train,assistant,fixed_slot,69,41,63,68,True
qwen2.5-7b,transfer,ace16899552a,c4,False,train,system,natural_slot,58,41,43,57,False
qwen2.5-7b,transfer,ace16899552a,c4,False,train,user,natural_slot,60,41,54,59,False
qwen2.5-7b,transfer,ace16899552a,c4,False,train,tool,natural_slot,85,41,75,84,False
qwen2.5-7b,transfer,ace16899552a,c4,False,train,assistant,natural_slot,69,41,63,68,False
qwen2.5-7b,transfer,7be69fecd522,c4,False,train,system,fixed_slot,83,66,68,82,False
qwen2.5-7b,transfer,7be69fecd522,c4,False,train,user,fixed_slot,94,66,88,93,True
qwen2.5-7b,transfer,7be69fecd522,c4,False,train,tool,fixed_slot,102,66,92,101,True
qwen2.5-7b,transfer,7be69fecd522,c4,False,train,assistant,fixed_slot,94,66,88,93,True
qwen2.5-7b,transfer,7be69fecd522,c4,False,train,system,natural_slot,83,66,68,82,False
qwen2.5-7b,transfer,7be69fecd522,c4,False,train,user,natural_slot,85,66,79,84,False
qwen2.5-7b,transfer,7be69fecd522,c4,False,train,tool,natural_slot,110,66,100,109,False
qwen2.5-7b,transfer,7be69fecd522,c4,False,train,assistant,natural_slot,94,66,88,93,False
qwen2.5-7b,transfer,cfa255603abe,c4,False,test,system,fixed_slot,94,77,79,93,False
qwen2.5-7b,transfer,cfa255603abe,c4,False,test,user,fixed_slot,105,77,99,104,True
qwen2.5-7b,transfer,cfa255603abe,c4,False,test,tool,fixed_slot,114,77,103,113,True
qwen2.5-7b,transfer,cfa255603abe,c4,False,test,assistant,fixed_slot,105,77,99,104,True
qwen2.5-7b,transfer,cfa255603abe,c4,False,test,system,natural_slot,94,77,79,93,False
qwen2.5-7b,transfer,cfa255603abe,c4,False,test,user,natural_slot,96,77,90,95,False
qwen2.5-7b,transfer,cfa255603abe,c4,False,test,tool,natural_slot,122,77,111,121,False
qwen2.5-7b,transfer,cfa255603abe,c4,False,test,assistant,natural_slot,105,77,99,104,False
qwen2.5-7b,transfer,e6a32029c862,c4,False,train,system,fixed_slot,89,72,74,88,False
qwen2.5-7b,transfer,e6a32029c862,c4,False,train,user,fixed_slot,100,72,94,99,True
qwen2.5-7b,transfer,e6a32029c862,c4,False,train,tool,fixed_slot,109,72,98,108,True
qwen2.5-7b,transfer,e6a32029c862,c4,False,train,assistant,fixed_slot,100,72,94,99,True
qwen2.5-7b,transfer,e6a32029c862,c4,False,train,system,natural_slot,89,72,74,88,False
qwen2.5-7b,transfer,e6a32029c862,c4,False,train,user,natural_slot,91,72,85,90,False
qwen2.5-7b,transfer,e6a32029c862,c4,False,train,tool,natural_slot,117,72,106,116,False
qwen2.5-7b,transfer,e6a32029c862,c4,False,train,assistant,natural_slot,100,72,94,99,False
qwen2.5-7b,transfer,f55d99ed0374,c4,False,train,system,fixed_slot,82,65,67,81,False
qwen2.5-7b,transfer,f55d99ed0374,c4,False,train,user,fixed_slot,93,65,87,92,True
qwen2.5-7b,transfer,f55d99ed0374,c4,False,train,tool,fixed_slot,102,65,91,101,True
qwen2.5-7b,transfer,f55d99ed0374,c4,False,train,assistant,fixed_slot,93,65,87,92,True
qwen2.5-7b,transfer,f55d99ed0374,c4,False,train,system,natural_slot,82,65,67,81,False
qwen2.5-7b,transfer,f55d99ed0374,c4,False,train,user,natural_slot,84,65,78,83,False
qwen2.5-7b,transfer,f55d99ed0374,c4,False,train,tool,natural_slot,110,65,99,109,False
qwen2.5-7b,transfer,f55d99ed0374,c4,False,train,assistant,natural_slot,93,65,87,92,False
qwen2.5-7b,transfer,23ebe3e9d5f9,c4,False,train,system,fixed_slot,77,60,62,76,False
qwen2.5-7b,transfer,23ebe3e9d5f9,c4,False,train,user,fixed_slot,88,60,82,87,True
qwen2.5-7b,transfer,23ebe3e9d5f9,c4,False,train,tool,fixed_slot,96,60,86,95,True
qwen2.5-7b,transfer,23ebe3e9d5f9,c4,False,train,assistant,fixed_slot,88,60,82,87,True
qwen2.5-7b,transfer,23ebe3e9d5f9,c4,False,train,system,natural_slot,77,60,62,76,False
qwen2.5-7b,transfer,23ebe3e9d5f9,c4,False,train,user,natural_slot,79,60,73,78,False
qwen2.5-7b,transfer,23ebe3e9d5f9,c4,False,train,tool,natural_slot,104,60,94,103,False
qwen2.5-7b,transfer,23ebe3e9d5f9,c4,False,train,assistant,natural_slot,88,60,82,87,False
qwen2.5-7b,transfer,53557a1a26e4,c4,False,test,system,fixed_slot,74,57,59,73,False
qwen2.5-7b,transfer,53557a1a26e4,c4,False,test,user,fixed_slot,85,57,79,84,True
qwen2.5-7b,transfer,53557a1a26e4,c4,False,test,tool,fixed_slot,93,57,83,92,True
qwen2.5-7b,transfer,53557a1a26e4,c4,False,test,assistant,fixed_slot,85,57,79,84,True
qwen2.5-7b,transfer,53557a1a26e4,c4,False,test,system,natural_slot,74,57,59,73,False
qwen2.5-7b,transfer,53557a1a26e4,c4,False,test,user,natural_slot,76,57,70,75,False
qwen2.5-7b,transfer,53557a1a26e4,c4,False,test,tool,natural_slot,101,57,91,100,False
qwen2.5-7b,transfer,53557a1a26e4,c4,False,test,assistant,natural_slot,85,57,79,84,False
qwen2.5-7b,transfer,80714b877f45,c4,False,train,system,fixed_slot,91,74,76,90,False
qwen2.5-7b,transfer,80714b877f45,c4,False,train,user,fixed_slot,102,74,96,101,True
qwen2.5-7b,transfer,80714b877f45,c4,False,train,tool,fixed_slot,111,74,100,110,True
qwen2.5-7b,transfer,80714b877f45,c4,False,train,assistant,fixed_slot,102,74,96,101,True
qwen2.5-7b,transfer,80714b877f45,c4,False,train,system,natural_slot,91,74,76,90,False
qwen2.5-7b,transfer,80714b877f45,c4,False,train,user,natural_slot,93,74,87,92,False
qwen2.5-7b,transfer,80714b877f45,c4,False,train,tool,natural_slot,119,74,108,118,False
qwen2.5-7b,transfer,80714b877f45,c4,False,train,assistant,natural_slot,102,74,96,101,False
qwen2.5-7b,transfer,7715bc6cac40,c4,False,train,system,fixed_slot,88,71,73,87,False
qwen2.5-7b,transfer,7715bc6cac40,c4,False,train,user,fixed_slot,99,71,93,98,True
qwen2.5-7b,transfer,7715bc6cac40,c4,False,train,tool,fixed_slot,107,71,97,106,True
qwen2.5-7b,transfer,7715bc6cac40,c4,False,train,assistant,fixed_slot,99,71,93,98,True
qwen2.5-7b,transfer,7715bc6cac40,c4,False,train,system,natural_slot,88,71,73,87,False
qwen2.5-7b,transfer,7715bc6cac40,c4,False,train,user,natural_slot,90,71,84,89,False
qwen2.5-7b,transfer,7715bc6cac40,c4,False,train,tool,natural_slot,115,71,105,114,False
qwen2.5-7b,transfer,7715bc6cac40,c4,False,train,assistant,natural_slot,99,71,93,98,False
qwen2.5-7b,transfer,ffee1ea34464,c4,False,train,system,fixed_slot,53,36,38,52,False
qwen2.5-7b,transfer,ffee1ea34464,c4,False,train,user,fixed_slot,64,36,58,63,True
qwen2.5-7b,transfer,ffee1ea34464,c4,False,train,tool,fixed_slot,72,36,62,71,True
qwen2.5-7b,transfer,ffee1ea34464,c4,False,train,assistant,fixed_slot,64,36,58,63,True
qwen2.5-7b,transfer,ffee1ea34464,c4,False,train,system,natural_slot,53,36,38,52,False
qwen2.5-7b,transfer,ffee1ea34464,c4,False,train,user,natural_slot,55,36,49,54,False
qwen2.5-7b,transfer,ffee1ea34464,c4,False,train,tool,natural_slot,80,36,70,79,False
qwen2.5-7b,transfer,ffee1ea34464,c4,False,train,assistant,natural_slot,64,36,58,63,False
qwen2.5-7b,transfer,4fde9d931be1,c4,False,train,system,fixed_slot,51,34,36,50,False
qwen2.5-7b,transfer,4fde9d931be1,c4,False,train,user,fixed_slot,62,34,56,61,True
qwen2.5-7b,transfer,4fde9d931be1,c4,False,train,tool,fixed_slot,70,34,60,69,True
qwen2.5-7b,transfer,4fde9d931be1,c4,False,train,assistant,fixed_slot,62,34,56,61,True
qwen2.5-7b,transfer,4fde9d931be1,c4,False,train,system,natural_slot,51,34,36,50,False
qwen2.5-7b,transfer,4fde9d931be1,c4,False,train,user,natural_slot,53,34,47,52,False
qwen2.5-7b,transfer,4fde9d931be1,c4,False,train,tool,natural_slot,78,34,68,77,False
qwen2.5-7b,transfer,4fde9d931be1,c4,False,train,assistant,natural_slot,62,34,56,61,False
qwen2.5-7b,transfer,63d56580c9f8,c4,False,train,system,fixed_slot,67,50,52,66,False
qwen2.5-7b,transfer,63d56580c9f8,c4,False,train,user,fixed_slot,78,50,72,77,True
qwen2.5-7b,transfer,63d56580c9f8,c4,False,train,tool,fixed_slot,86,50,76,85,True
qwen2.5-7b,transfer,63d56580c9f8,c4,False,train,assistant,fixed_slot,78,50,72,77,True
qwen2.5-7b,transfer,63d56580c9f8,c4,False,train,system,natural_slot,67,50,52,66,False
qwen2.5-7b,transfer,63d56580c9f8,c4,False,train,user,natural_slot,69,50,63,68,False
qwen2.5-7b,transfer,63d56580c9f8,c4,False,train,tool,natural_slot,94,50,84,93,False
qwen2.5-7b,transfer,63d56580c9f8,c4,False,train,assistant,natural_slot,78,50,72,77,False
qwen2.5-7b,transfer,825874a70a05,c4,False,train,system,fixed_slot,81,64,66,80,False
qwen2.5-7b,transfer,825874a70a05,c4,False,train,user,fixed_slot,92,64,86,91,True
qwen2.5-7b,transfer,825874a70a05,c4,False,train,tool,fixed_slot,100,64,90,99,True
qwen2.5-7b,transfer,825874a70a05,c4,False,train,assistant,fixed_slot,92,64,86,91,True
qwen2.5-7b,transfer,825874a70a05,c4,False,train,system,natural_slot,81,64,66,80,False
qwen2.5-7b,transfer,825874a70a05,c4,False,train,user,natural_slot,83,64,77,82,False
qwen2.5-7b,transfer,825874a70a05,c4,False,train,tool,natural_slot,108,64,98,107,False
qwen2.5-7b,transfer,825874a70a05,c4,False,train,assistant,natural_slot,92,64,86,91,False
qwen2.5-7b,transfer,b1782b87f7db,c4,False,train,system,fixed_slot,63,46,48,62,False
qwen2.5-7b,transfer,b1782b87f7db,c4,False,train,user,fixed_slot,74,46,68,73,True
qwen2.5-7b,transfer,b1782b87f7db,c4,False,train,tool,fixed_slot,82,46,72,81,True
qwen2.5-7b,transfer,b1782b87f7db,c4,False,train,assistant,fixed_slot,74,46,68,73,True
qwen2.5-7b,transfer,b1782b87f7db,c4,False,train,system,natural_slot,63,46,48,62,False
qwen2.5-7b,transfer,b1782b87f7db,c4,False,train,user,natural_slot,65,46,59,64,False
qwen2.5-7b,transfer,b1782b87f7db,c4,False,train,tool,natural_slot,90,46,80,89,False
qwen2.5-7b,transfer,b1782b87f7db,c4,False,train,assistant,natural_slot,74,46,68,73,False
qwen2.5-7b,transfer,eafd118ec064,c4,False,test,system,fixed_slot,100,83,85,99,False
qwen2.5-7b,transfer,eafd118ec064,c4,False,test,user,fixed_slot,111,83,105,110,True
qwen2.5-7b,transfer,eafd118ec064,c4,False,test,tool,fixed_slot,119,83,109,118,True
qwen2.5-7b,transfer,eafd118ec064,c4,False,test,assistant,fixed_slot,111,83,105,110,True
qwen2.5-7b,transfer,eafd118ec064,c4,False,test,system,natural_slot,100,83,85,99,False
qwen2.5-7b,transfer,eafd118ec064,c4,False,test,user,natural_slot,102,83,96,101,False
qwen2.5-7b,transfer,eafd118ec064,c4,False,test,tool,natural_slot,127,83,117,126,False
qwen2.5-7b,transfer,eafd118ec064,c4,False,test,assistant,natural_slot,111,83,105,110,False
qwen2.5-7b,transfer,e099505cdc23,c4,False,test,system,fixed_slot,67,50,52,66,False
qwen2.5-7b,transfer,e099505cdc23,c4,False,test,user,fixed_slot,78,50,72,77,True
qwen2.5-7b,transfer,e099505cdc23,c4,False,test,tool,fixed_slot,86,50,76,85,True
qwen2.5-7b,transfer,e099505cdc23,c4,False,test,assistant,fixed_slot,78,50,72,77,True
qwen2.5-7b,transfer,e099505cdc23,c4,False,test,system,natural_slot,67,50,52,66,False
qwen2.5-7b,transfer,e099505cdc23,c4,False,test,user,natural_slot,69,50,63,68,False
qwen2.5-7b,transfer,e099505cdc23,c4,False,test,tool,natural_slot,94,50,84,93,False
qwen2.5-7b,transfer,e099505cdc23,c4,False,test,assistant,natural_slot,78,50,72,77,False
qwen2.5-7b,transfer,2033d0d0b9ee,c4,False,train,system,fixed_slot,94,77,79,93,False
qwen2.5-7b,transfer,2033d0d0b9ee,c4,False,train,user,fixed_slot,105,77,99,104,True
qwen2.5-7b,transfer,2033d0d0b9ee,c4,False,train,tool,fixed_slot,114,77,103,113,True
qwen2.5-7b,transfer,2033d0d0b9ee,c4,False,train,assistant,fixed_slot,105,77,99,104,True
qwen2.5-7b,transfer,2033d0d0b9ee,c4,False,train,system,natural_slot,94,77,79,93,False
qwen2.5-7b,transfer,2033d0d0b9ee,c4,False,train,user,natural_slot,96,77,90,95,False
qwen2.5-7b,transfer,2033d0d0b9ee,c4,False,train,tool,natural_slot,122,77,111,121,False
qwen2.5-7b,transfer,2033d0d0b9ee,c4,False,train,assistant,natural_slot,105,77,99,104,False
qwen2.5-7b,transfer,97d82bfdedca,c4,False,test,system,fixed_slot,93,76,78,92,False
qwen2.5-7b,transfer,97d82bfdedca,c4,False,test,user,fixed_slot,104,76,98,103,True
qwen2.5-7b,transfer,97d82bfdedca,c4,False,test,tool,fixed_slot,113,76,102,112,True
qwen2.5-7b,transfer,97d82bfdedca,c4,False,test,assistant,fixed_slot,104,76,98,103,True
qwen2.5-7b,transfer,97d82bfdedca,c4,False,test,system,natural_slot,93,76,78,92,False
qwen2.5-7b,transfer,97d82bfdedca,c4,False,test,user,natural_slot,95,76,89,94,False
qwen2.5-7b,transfer,97d82bfdedca,c4,False,test,tool,natural_slot,121,76,110,120,False
qwen2.5-7b,transfer,97d82bfdedca,c4,False,test,assistant,natural_slot,104,76,98,103,False
qwen2.5-7b,transfer,cfaadcf8b286,c4,False,train,system,fixed_slot,91,74,76,90,False
qwen2.5-7b,transfer,cfaadcf8b286,c4,False,train,user,fixed_slot,102,74,96,101,True
qwen2.5-7b,transfer,cfaadcf8b286,c4,False,train,tool,fixed_slot,111,74,100,110,True
qwen2.5-7b,transfer,cfaadcf8b286,c4,False,train,assistant,fixed_slot,102,74,96,101,True
qwen2.5-7b,transfer,cfaadcf8b286,c4,False,train,system,natural_slot,91,74,76,90,False
qwen2.5-7b,transfer,cfaadcf8b286,c4,False,train,user,natural_slot,93,74,87,92,False
qwen2.5-7b,transfer,cfaadcf8b286,c4,False,train,tool,natural_slot,119,74,108,118,False
qwen2.5-7b,transfer,cfaadcf8b286,c4,False,train,assistant,natural_slot,102,74,96,101,False
qwen2.5-7b,transfer,1a21e1280e11,c4,False,train,system,fixed_slot,51,34,36,50,False
qwen2.5-7b,transfer,1a21e1280e11,c4,False,train,user,fixed_slot,62,34,56,61,True
qwen2.5-7b,transfer,1a21e1280e11,c4,False,train,tool,fixed_slot,70,34,60,69,True
qwen2.5-7b,transfer,1a21e1280e11,c4,False,train,assistant,fixed_slot,62,34,56,61,True
qwen2.5-7b,transfer,1a21e1280e11,c4,False,train,system,natural_slot,51,34,36,50,False
qwen2.5-7b,transfer,1a21e1280e11,c4,False,train,user,natural_slot,53,34,47,52,False
qwen2.5-7b,transfer,1a21e1280e11,c4,False,train,tool,natural_slot,78,34,68,77,False
qwen2.5-7b,transfer,1a21e1280e11,c4,False,train,assistant,natural_slot,62,34,56,61,False
qwen2.5-7b,transfer,b368090355d3,c4,False,train,system,fixed_slot,59,42,44,58,False
qwen2.5-7b,transfer,b368090355d3,c4,False,train,user,fixed_slot,70,42,64,69,True
qwen2.5-7b,transfer,b368090355d3,c4,False,train,tool,fixed_slot,78,42,68,77,True
qwen2.5-7b,transfer,b368090355d3,c4,False,train,assistant,fixed_slot,70,42,64,69,True
qwen2.5-7b,transfer,b368090355d3,c4,False,train,system,natural_slot,59,42,44,58,False
qwen2.5-7b,transfer,b368090355d3,c4,False,train,user,natural_slot,61,42,55,60,False
qwen2.5-7b,transfer,b368090355d3,c4,False,train,tool,natural_slot,86,42,76,85,False
qwen2.5-7b,transfer,b368090355d3,c4,False,train,assistant,natural_slot,70,42,64,69,False
qwen2.5-7b,transfer,cc7c7def599c,c4,False,train,system,fixed_slot,79,62,64,78,False
qwen2.5-7b,transfer,cc7c7def599c,c4,False,train,user,fixed_slot,90,62,84,89,True
qwen2.5-7b,transfer,cc7c7def599c,c4,False,train,tool,fixed_slot,98,62,88,97,True
qwen2.5-7b,transfer,cc7c7def599c,c4,False,train,assistant,fixed_slot,90,62,84,89,True
qwen2.5-7b,transfer,cc7c7def599c,c4,False,train,system,natural_slot,79,62,64,78,False
qwen2.5-7b,transfer,cc7c7def599c,c4,False,train,user,natural_slot,81,62,75,80,False
qwen2.5-7b,transfer,cc7c7def599c,c4,False,train,tool,natural_slot,106,62,96,105,False
qwen2.5-7b,transfer,cc7c7def599c,c4,False,train,assistant,natural_slot,90,62,84,89,False
qwen3.5-9b,transfer,8d0ec92f8830,c4,False,train,system,fixed_slot,62,41,43,61,False
qwen3.5-9b,transfer,8d0ec92f8830,c4,False,train,user,fixed_slot,73,41,63,72,True
qwen3.5-9b,transfer,8d0ec92f8830,c4,False,train,tool,fixed_slot,77,41,65,76,True
qwen3.5-9b,transfer,8d0ec92f8830,c4,False,train,assistant,fixed_slot,77,41,67,76,True
qwen3.5-9b,transfer,8d0ec92f8830,c4,False,train,system,natural_slot,62,41,43,61,False
qwen3.5-9b,transfer,8d0ec92f8830,c4,False,train,user,natural_slot,64,41,54,63,False
qwen3.5-9b,transfer,8d0ec92f8830,c4,False,train,tool,natural_slot,89,41,77,88,False
qwen3.5-9b,transfer,8d0ec92f8830,c4,False,train,assistant,natural_slot,77,41,67,76,False
qwen3.5-9b,transfer,f0e7cb43169c,c4,False,train,system,fixed_slot,82,61,63,81,False
qwen3.5-9b,transfer,f0e7cb43169c,c4,False,train,user,fixed_slot,93,61,83,92,True
qwen3.5-9b,transfer,f0e7cb43169c,c4,False,train,tool,fixed_slot,97,61,85,96,True
qwen3.5-9b,transfer,f0e7cb43169c,c4,False,train,assistant,fixed_slot,97,61,87,96,True
qwen3.5-9b,transfer,f0e7cb43169c,c4,False,train,system,natural_slot,82,61,63,81,False
qwen3.5-9b,transfer,f0e7cb43169c,c4,False,train,user,natural_slot,84,61,74,83,False
qwen3.5-9b,transfer,f0e7cb43169c,c4,False,train,tool,natural_slot,109,61,97,108,False
qwen3.5-9b,transfer,f0e7cb43169c,c4,False,train,assistant,natural_slot,97,61,87,96,False
qwen3.5-9b,transfer,7498838c22d4,c4,False,test,system,fixed_slot,97,76,78,96,False
qwen3.5-9b,transfer,7498838c22d4,c4,False,test,user,fixed_slot,108,76,98,107,True
qwen3.5-9b,transfer,7498838c22d4,c4,False,test,tool,fixed_slot,112,76,100,111,True
qwen3.5-9b,transfer,7498838c22d4,c4,False,test,assistant,fixed_slot,112,76,102,111,True
qwen3.5-9b,transfer,7498838c22d4,c4,False,test,system,natural_slot,97,76,78,96,False
qwen3.5-9b,transfer,7498838c22d4,c4,False,test,user,natural_slot,99,76,89,98,False
qwen3.5-9b,transfer,7498838c22d4,c4,False,test,tool,natural_slot,124,76,112,123,False
qwen3.5-9b,transfer,7498838c22d4,c4,False,test,assistant,natural_slot,112,76,102,111,False
qwen3.5-9b,transfer,24cca4a76cdc,c4,False,train,system,fixed_slot,67,46,48,66,False
qwen3.5-9b,transfer,24cca4a76cdc,c4,False,train,user,fixed_slot,78,46,68,77,True
qwen3.5-9b,transfer,24cca4a76cdc,c4,False,train,tool,fixed_slot,82,46,70,81,True
qwen3.5-9b,transfer,24cca4a76cdc,c4,False,train,assistant,fixed_slot,82,46,72,81,True
qwen3.5-9b,transfer,24cca4a76cdc,c4,False,train,system,natural_slot,67,46,48,66,False
qwen3.5-9b,transfer,24cca4a76cdc,c4,False,train,user,natural_slot,69,46,59,68,False
qwen3.5-9b,transfer,24cca4a76cdc,c4,False,train,tool,natural_slot,94,46,82,93,False
qwen3.5-9b,transfer,24cca4a76cdc,c4,False,train,assistant,natural_slot,82,46,72,81,False
qwen3.5-9b,transfer,6afbf041c32d,c4,False,train,system,fixed_slot,65,44,46,64,False
qwen3.5-9b,transfer,6afbf041c32d,c4,False,train,user,fixed_slot,76,44,66,75,True
qwen3.5-9b,transfer,6afbf041c32d,c4,False,train,tool,fixed_slot,80,44,68,79,True
qwen3.5-9b,transfer,6afbf041c32d,c4,False,train,assistant,fixed_slot,80,44,70,79,True
qwen3.5-9b,transfer,6afbf041c32d,c4,False,train,system,natural_slot,65,44,46,64,False
qwen3.5-9b,transfer,6afbf041c32d,c4,False,train,user,natural_slot,67,44,57,66,False
qwen3.5-9b,transfer,6afbf041c32d,c4,False,train,tool,natural_slot,92,44,80,91,False
qwen3.5-9b,transfer,6afbf041c32d,c4,False,train,assistant,natural_slot,80,44,70,79,False
qwen3.5-9b,transfer,bbfd8ce77e21,c4,False,train,system,fixed_slot,99,78,80,98,False
qwen3.5-9b,transfer,bbfd8ce77e21,c4,False,train,user,fixed_slot,110,78,100,109,True
qwen3.5-9b,transfer,bbfd8ce77e21,c4,False,train,tool,fixed_slot,114,78,102,113,True
qwen3.5-9b,transfer,bbfd8ce77e21,c4,False,train,assistant,fixed_slot,114,78,104,113,True
qwen3.5-9b,transfer,bbfd8ce77e21,c4,False,train,system,natural_slot,99,78,80,98,False
qwen3.5-9b,transfer,bbfd8ce77e21,c4,False,train,user,natural_slot,101,78,91,100,False
qwen3.5-9b,transfer,bbfd8ce77e21,c4,False,train,tool,natural_slot,126,78,114,125,False
qwen3.5-9b,transfer,bbfd8ce77e21,c4,False,train,assistant,natural_slot,114,78,104,113,False
qwen3.5-9b,transfer,be8fa59d7a51,c4,False,test,system,fixed_slot,64,43,45,63,False
qwen3.5-9b,transfer,be8fa59d7a51,c4,False,test,user,fixed_slot,75,43,65,74,True
qwen3.5-9b,transfer,be8fa59d7a51,c4,False,test,tool,fixed_slot,79,43,67,78,True
qwen3.5-9b,transfer,be8fa59d7a51,c4,False,test,assistant,fixed_slot,79,43,69,78,True
qwen3.5-9b,transfer,be8fa59d7a51,c4,False,test,system,natural_slot,64,43,45,63,False
qwen3.5-9b,transfer,be8fa59d7a51,c4,False,test,user,natural_slot,66,43,56,65,False
qwen3.5-9b,transfer,be8fa59d7a51,c4,False,test,tool,natural_slot,91,43,79,90,False
qwen3.5-9b,transfer,be8fa59d7a51,c4,False,test,assistant,natural_slot,79,43,69,78,False
qwen3.5-9b,transfer,b43029a1c01c,c4,False,test,system,fixed_slot,59,38,40,58,False
qwen3.5-9b,transfer,b43029a1c01c,c4,False,test,user,fixed_slot,70,38,60,69,True
qwen3.5-9b,transfer,b43029a1c01c,c4,False,test,tool,fixed_slot,74,38,62,73,True
qwen3.5-9b,transfer,b43029a1c01c,c4,False,test,assistant,fixed_slot,74,38,64,73,True
qwen3.5-9b,transfer,b43029a1c01c,c4,False,test,system,natural_slot,59,38,40,58,False
qwen3.5-9b,transfer,b43029a1c01c,c4,False,test,user,natural_slot,61,38,51,60,False
qwen3.5-9b,transfer,b43029a1c01c,c4,False,test,tool,natural_slot,86,38,74,85,False
qwen3.5-9b,transfer,b43029a1c01c,c4,False,test,assistant,natural_slot,74,38,64,73,False
qwen3.5-9b,transfer,2844a6a49efc,c4,False,train,system,fixed_slot,74,53,55,73,False
qwen3.5-9b,transfer,2844a6a49efc,c4,False,train,user,fixed_slot,85,53,75,84,True
qwen3.5-9b,transfer,2844a6a49efc,c4,False,train,tool,fixed_slot,89,53,77,88,True
qwen3.5-9b,transfer,2844a6a49efc,c4,False,train,assistant,fixed_slot,89,53,79,88,True
qwen3.5-9b,transfer,2844a6a49efc,c4,False,train,system,natural_slot,74,53,55,73,False
qwen3.5-9b,transfer,2844a6a49efc,c4,False,train,user,natural_slot,76,53,66,75,False
qwen3.5-9b,transfer,2844a6a49efc,c4,False,train,tool,natural_slot,101,53,89,100,False
qwen3.5-9b,transfer,2844a6a49efc,c4,False,train,assistant,natural_slot,89,53,79,88,False
qwen3.5-9b,transfer,13aacc9d2208,c4,False,train,system,fixed_slot,103,82,84,102,False
qwen3.5-9b,transfer,13aacc9d2208,c4,False,train,user,fixed_slot,114,82,104,113,True
qwen3.5-9b,transfer,13aacc9d2208,c4,False,train,tool,fixed_slot,118,82,106,117,True
qwen3.5-9b,transfer,13aacc9d2208,c4,False,train,assistant,fixed_slot,118,82,108,117,True
qwen3.5-9b,transfer,13aacc9d2208,c4,False,train,system,natural_slot,103,82,84,102,False
qwen3.5-9b,transfer,13aacc9d2208,c4,False,train,user,natural_slot,105,82,95,104,False
qwen3.5-9b,transfer,13aacc9d2208,c4,False,train,tool,natural_slot,130,82,118,129,False
qwen3.5-9b,transfer,13aacc9d2208,c4,False,train,assistant,natural_slot,118,82,108,117,False
qwen3.5-9b,transfer,3cf7c121bf85,c4,False,train,system,fixed_slot,69,48,50,68,False
qwen3.5-9b,transfer,3cf7c121bf85,c4,False,train,user,fixed_slot,80,48,70,79,True
qwen3.5-9b,transfer,3cf7c121bf85,c4,False,train,tool,fixed_slot,84,48,72,83,True
qwen3.5-9b,transfer,3cf7c121bf85,c4,False,train,assistant,fixed_slot,84,48,74,83,True
qwen3.5-9b,transfer,3cf7c121bf85,c4,False,train,system,natural_slot,69,48,50,68,False
qwen3.5-9b,transfer,3cf7c121bf85,c4,False,train,user,natural_slot,71,48,61,70,False
qwen3.5-9b,transfer,3cf7c121bf85,c4,False,train,tool,natural_slot,96,48,84,95,False
qwen3.5-9b,transfer,3cf7c121bf85,c4,False,train,assistant,natural_slot,84,48,74,83,False
qwen3.5-9b,transfer,fe06060dcd62,c4,False,train,system,fixed_slot,82,61,63,81,False
qwen3.5-9b,transfer,fe06060dcd62,c4,False,train,user,fixed_slot,93,61,83,92,True
qwen3.5-9b,transfer,fe06060dcd62,c4,False,train,tool,fixed_slot,97,61,85,96,True
qwen3.5-9b,transfer,fe06060dcd62,c4,False,train,assistant,fixed_slot,97,61,87,96,True
qwen3.5-9b,transfer,fe06060dcd62,c4,False,train,system,natural_slot,82,61,63,81,False
qwen3.5-9b,transfer,fe06060dcd62,c4,False,train,user,natural_slot,84,61,74,83,False
qwen3.5-9b,transfer,fe06060dcd62,c4,False,train,tool,natural_slot,109,61,97,108,False
qwen3.5-9b,transfer,fe06060dcd62,c4,False,train,assistant,natural_slot,97,61,87,96,False
qwen3.5-9b,transfer,e35a87730cd8,c4,False,train,system,fixed_slot,91,70,72,90,False
qwen3.5-9b,transfer,e35a87730cd8,c4,False,train,user,fixed_slot,102,70,92,101,True
qwen3.5-9b,transfer,e35a87730cd8,c4,False,train,tool,fixed_slot,106,70,94,105,True
qwen3.5-9b,transfer,e35a87730cd8,c4,False,train,assistant,fixed_slot,106,70,96,105,True
qwen3.5-9b,transfer,e35a87730cd8,c4,False,train,system,natural_slot,91,70,72,90,False
qwen3.5-9b,transfer,e35a87730cd8,c4,False,train,user,natural_slot,93,70,83,92,False
qwen3.5-9b,transfer,e35a87730cd8,c4,False,train,tool,natural_slot,118,70,106,117,False
qwen3.5-9b,transfer,e35a87730cd8,c4,False,train,assistant,natural_slot,106,70,96,105,False
qwen3.5-9b,transfer,f31fc60da501,c4,False,train,system,fixed_slot,86,65,67,85,False
qwen3.5-9b,transfer,f31fc60da501,c4,False,train,user,fixed_slot,97,65,87,96,True
qwen3.5-9b,transfer,f31fc60da501,c4,False,train,tool,fixed_slot,101,65,89,100,True
qwen3.5-9b,transfer,f31fc60da501,c4,False,train,assistant,fixed_slot,101,65,91,100,True
qwen3.5-9b,transfer,f31fc60da501,c4,False,train,system,natural_slot,86,65,67,85,False
qwen3.5-9b,transfer,f31fc60da501,c4,False,train,user,natural_slot,88,65,78,87,False
qwen3.5-9b,transfer,f31fc60da501,c4,False,train,tool,natural_slot,113,65,101,112,False
qwen3.5-9b,transfer,f31fc60da501,c4,False,train,assistant,natural_slot,101,65,91,100,False
qwen3.5-9b,transfer,acd83ec38e5f,c4,False,train,system,fixed_slot,138,117,119,137,False
qwen3.5-9b,transfer,acd83ec38e5f,c4,False,train,user,fixed_slot,149,117,139,148,True
qwen3.5-9b,transfer,acd83ec38e5f,c4,False,train,tool,fixed_slot,153,117,141,152,True
qwen3.5-9b,transfer,acd83ec38e5f,c4,False,train,assistant,fixed_slot,153,117,143,152,True
qwen3.5-9b,transfer,acd83ec38e5f,c4,False,train,system,natural_slot,138,117,119,137,False
qwen3.5-9b,transfer,acd83ec38e5f,c4,False,train,user,natural_slot,140,117,130,139,False
qwen3.5-9b,transfer,acd83ec38e5f,c4,False,train,tool,natural_slot,165,117,153,164,False
qwen3.5-9b,transfer,acd83ec38e5f,c4,False,train,assistant,natural_slot,153,117,143,152,False
qwen3.5-9b,transfer,a532c6da0701,c4,False,train,system,fixed_slot,54,33,35,53,False
qwen3.5-9b,transfer,a532c6da0701,c4,False,train,user,fixed_slot,65,33,55,64,True
qwen3.5-9b,transfer,a532c6da0701,c4,False,train,tool,fixed_slot,69,33,57,68,True
qwen3.5-9b,transfer,a532c6da0701,c4,False,train,assistant,fixed_slot,69,33,59,68,True
qwen3.5-9b,transfer,a532c6da0701,c4,False,train,system,natural_slot,54,33,35,53,False
qwen3.5-9b,transfer,a532c6da0701,c4,False,train,user,natural_slot,56,33,46,55,False
qwen3.5-9b,transfer,a532c6da0701,c4,False,train,tool,natural_slot,81,33,69,80,False
qwen3.5-9b,transfer,a532c6da0701,c4,False,train,assistant,natural_slot,69,33,59,68,False
qwen3.5-9b,transfer,5ea4776161d6,c4,False,train,system,fixed_slot,54,33,35,53,False
qwen3.5-9b,transfer,5ea4776161d6,c4,False,train,user,fixed_slot,65,33,55,64,True
qwen3.5-9b,transfer,5ea4776161d6,c4,False,train,tool,fixed_slot,69,33,57,68,True
qwen3.5-9b,transfer,5ea4776161d6,c4,False,train,assistant,fixed_slot,69,33,59,68,True
qwen3.5-9b,transfer,5ea4776161d6,c4,False,train,system,natural_slot,54,33,35,53,False
qwen3.5-9b,transfer,5ea4776161d6,c4,False,train,user,natural_slot,56,33,46,55,False
qwen3.5-9b,transfer,5ea4776161d6,c4,False,train,tool,natural_slot,81,33,69,80,False
qwen3.5-9b,transfer,5ea4776161d6,c4,False,train,assistant,natural_slot,69,33,59,68,False
qwen3.5-9b,transfer,88d3dec285f3,c4,False,train,system,fixed_slot,90,69,71,89,False
qwen3.5-9b,transfer,88d3dec285f3,c4,False,train,user,fixed_slot,101,69,91,100,True
qwen3.5-9b,transfer,88d3dec285f3,c4,False,train,tool,fixed_slot,105,69,93,104,True
qwen3.5-9b,transfer,88d3dec285f3,c4,False,train,assistant,fixed_slot,105,69,95,104,True
qwen3.5-9b,transfer,88d3dec285f3,c4,False,train,system,natural_slot,90,69,71,89,False
qwen3.5-9b,transfer,88d3dec285f3,c4,False,train,user,natural_slot,92,69,82,91,False
qwen3.5-9b,transfer,88d3dec285f3,c4,False,train,tool,natural_slot,117,69,105,116,False
qwen3.5-9b,transfer,88d3dec285f3,c4,False,train,assistant,natural_slot,105,69,95,104,False
qwen3.5-9b,transfer,2b94fd940d7e,c4,False,test,system,fixed_slot,90,69,71,89,False
qwen3.5-9b,transfer,2b94fd940d7e,c4,False,test,user,fixed_slot,101,69,91,100,True
qwen3.5-9b,transfer,2b94fd940d7e,c4,False,test,tool,fixed_slot,105,69,93,104,True
qwen3.5-9b,transfer,2b94fd940d7e,c4,False,test,assistant,fixed_slot,105,69,95,104,True
qwen3.5-9b,transfer,2b94fd940d7e,c4,False,test,system,natural_slot,90,69,71,89,False
qwen3.5-9b,transfer,2b94fd940d7e,c4,False,test,user,natural_slot,92,69,82,91,False
qwen3.5-9b,transfer,2b94fd940d7e,c4,False,test,tool,natural_slot,117,69,105,116,False
qwen3.5-9b,transfer,2b94fd940d7e,c4,False,test,assistant,natural_slot,105,69,95,104,False
qwen3.5-9b,transfer,24e79e5d0b4f,c4,False,train,system,fixed_slot,54,33,35,53,False
qwen3.5-9b,transfer,24e79e5d0b4f,c4,False,train,user,fixed_slot,65,33,55,64,True
qwen3.5-9b,transfer,24e79e5d0b4f,c4,False,train,tool,fixed_slot,69,33,57,68,True
qwen3.5-9b,transfer,24e79e5d0b4f,c4,False,train,assistant,fixed_slot,69,33,59,68,True
qwen3.5-9b,transfer,24e79e5d0b4f,c4,False,train,system,natural_slot,54,33,35,53,False
qwen3.5-9b,transfer,24e79e5d0b4f,c4,False,train,user,natural_slot,56,33,46,55,False
qwen3.5-9b,transfer,24e79e5d0b4f,c4,False,train,tool,natural_slot,81,33,69,80,False
qwen3.5-9b,transfer,24e79e5d0b4f,c4,False,train,assistant,natural_slot,69,33,59,68,False
qwen3.5-9b,transfer,83e91890a735,c4,False,train,system,fixed_slot,88,67,69,87,False
qwen3.5-9b,transfer,83e91890a735,c4,False,train,user,fixed_slot,99,67,89,98,True
qwen3.5-9b,transfer,83e91890a735,c4,False,train,tool,fixed_slot,103,67,91,102,True
qwen3.5-9b,transfer,83e91890a735,c4,False,train,assistant,fixed_slot,103,67,93,102,True
qwen3.5-9b,transfer,83e91890a735,c4,False,train,system,natural_slot,88,67,69,87,False
qwen3.5-9b,transfer,83e91890a735,c4,False,train,user,natural_slot,90,67,80,89,False
qwen3.5-9b,transfer,83e91890a735,c4,False,train,tool,natural_slot,115,67,103,114,False
qwen3.5-9b,transfer,83e91890a735,c4,False,train,assistant,natural_slot,103,67,93,102,False
qwen3.5-9b,transfer,107681a7f208,c4,False,train,system,fixed_slot,57,36,38,56,False
qwen3.5-9b,transfer,107681a7f208,c4,False,train,user,fixed_slot,68,36,58,67,True
qwen3.5-9b,transfer,107681a7f208,c4,False,train,tool,fixed_slot,72,36,60,71,True
qwen3.5-9b,transfer,107681a7f208,c4,False,train,assistant,fixed_slot,72,36,62,71,True
qwen3.5-9b,transfer,107681a7f208,c4,False,train,system,natural_slot,57,36,38,56,False
qwen3.5-9b,transfer,107681a7f208,c4,False,train,user,natural_slot,59,36,49,58,False
qwen3.5-9b,transfer,107681a7f208,c4,False,train,tool,natural_slot,84,36,72,83,False
qwen3.5-9b,transfer,107681a7f208,c4,False,train,assistant,natural_slot,72,36,62,71,False
qwen3.5-9b,transfer,4929cfe24b87,c4,False,test,system,fixed_slot,90,69,71,89,False
qwen3.5-9b,transfer,4929cfe24b87,c4,False,test,user,fixed_slot,101,69,91,100,True
qwen3.5-9b,transfer,4929cfe24b87,c4,False,test,tool,fixed_slot,105,69,93,104,True
qwen3.5-9b,transfer,4929cfe24b87,c4,False,test,assistant,fixed_slot,105,69,95,104,True
qwen3.5-9b,transfer,4929cfe24b87,c4,False,test,system,natural_slot,90,69,71,89,False
qwen3.5-9b,transfer,4929cfe24b87,c4,False,test,user,natural_slot,92,69,82,91,False
qwen3.5-9b,transfer,4929cfe24b87,c4,False,test,tool,natural_slot,117,69,105,116,False
qwen3.5-9b,transfer,4929cfe24b87,c4,False,test,assistant,natural_slot,105,69,95,104,False
qwen3.5-9b,transfer,1a031edb5783,c4,False,test,system,fixed_slot,104,83,85,103,False
qwen3.5-9b,transfer,1a031edb5783,c4,False,test,user,fixed_slot,115,83,105,114,True
qwen3.5-9b,transfer,1a031edb5783,c4,False,test,tool,fixed_slot,119,83,107,118,True
qwen3.5-9b,transfer,1a031edb5783,c4,False,test,assistant,fixed_slot,119,83,109,118,True
qwen3.5-9b,transfer,1a031edb5783,c4,False,test,system,natural_slot,104,83,85,103,False
qwen3.5-9b,transfer,1a031edb5783,c4,False,test,user,natural_slot,106,83,96,105,False
qwen3.5-9b,transfer,1a031edb5783,c4,False,test,tool,natural_slot,131,83,119,130,False
qwen3.5-9b,transfer,1a031edb5783,c4,False,test,assistant,natural_slot,119,83,109,118,False
qwen3.5-9b,transfer,8d7e6eec956b,c4,False,test,system,fixed_slot,157,136,138,156,False
qwen3.5-9b,transfer,8d7e6eec956b,c4,False,test,user,fixed_slot,168,136,158,167,True
qwen3.5-9b,transfer,8d7e6eec956b,c4,False,test,tool,fixed_slot,172,136,160,171,True
qwen3.5-9b,transfer,8d7e6eec956b,c4,False,test,assistant,fixed_slot,172,136,162,171,True
qwen3.5-9b,transfer,8d7e6eec956b,c4,False,test,system,natural_slot,157,136,138,156,False
qwen3.5-9b,transfer,8d7e6eec956b,c4,False,test,user,natural_slot,159,136,149,158,False
qwen3.5-9b,transfer,8d7e6eec956b,c4,False,test,tool,natural_slot,184,136,172,183,False
qwen3.5-9b,transfer,8d7e6eec956b,c4,False,test,assistant,natural_slot,172,136,162,171,False
qwen3.5-9b,transfer,45ab9cbdeaed,c4,False,test,system,fixed_slot,60,39,41,59,False
qwen3.5-9b,transfer,45ab9cbdeaed,c4,False,test,user,fixed_slot,71,39,61,70,True
qwen3.5-9b,transfer,45ab9cbdeaed,c4,False,test,tool,fixed_slot,75,39,63,74,True
qwen3.5-9b,transfer,45ab9cbdeaed,c4,False,test,assistant,fixed_slot,75,39,65,74,True
qwen3.5-9b,transfer,45ab9cbdeaed,c4,False,test,system,natural_slot,60,39,41,59,False
qwen3.5-9b,transfer,45ab9cbdeaed,c4,False,test,user,natural_slot,62,39,52,61,False
qwen3.5-9b,transfer,45ab9cbdeaed,c4,False,test,tool,natural_slot,87,39,75,86,False
qwen3.5-9b,transfer,45ab9cbdeaed,c4,False,test,assistant,natural_slot,75,39,65,74,False
qwen3.5-9b,transfer,93ceaefcaaae,c4,False,train,system,fixed_slot,75,54,56,74,False
qwen3.5-9b,transfer,93ceaefcaaae,c4,False,train,user,fixed_slot,86,54,76,85,True
qwen3.5-9b,transfer,93ceaefcaaae,c4,False,train,tool,fixed_slot,90,54,78,89,True
qwen3.5-9b,transfer,93ceaefcaaae,c4,False,train,assistant,fixed_slot,90,54,80,89,True
qwen3.5-9b,transfer,93ceaefcaaae,c4,False,train,system,natural_slot,75,54,56,74,False
qwen3.5-9b,transfer,93ceaefcaaae,c4,False,train,user,natural_slot,77,54,67,76,False
qwen3.5-9b,transfer,93ceaefcaaae,c4,False,train,tool,natural_slot,102,54,90,101,False
qwen3.5-9b,transfer,93ceaefcaaae,c4,False,train,assistant,natural_slot,90,54,80,89,False
qwen3.5-9b,transfer,5ea1b5efb60c,c4,False,train,system,fixed_slot,66,45,47,65,False
qwen3.5-9b,transfer,5ea1b5efb60c,c4,False,train,user,fixed_slot,77,45,67,76,True
qwen3.5-9b,transfer,5ea1b5efb60c,c4,False,train,tool,fixed_slot,81,45,69,80,True
qwen3.5-9b,transfer,5ea1b5efb60c,c4,False,train,assistant,fixed_slot,81,45,71,80,True
qwen3.5-9b,transfer,5ea1b5efb60c,c4,False,train,system,natural_slot,66,45,47,65,False
qwen3.5-9b,transfer,5ea1b5efb60c,c4,False,train,user,natural_slot,68,45,58,67,False
qwen3.5-9b,transfer,5ea1b5efb60c,c4,False,train,tool,natural_slot,93,45,81,92,False
qwen3.5-9b,transfer,5ea1b5efb60c,c4,False,train,assistant,natural_slot,81,45,71,80,False
qwen3.5-9b,transfer,97debf0590a2,c4,False,train,system,fixed_slot,97,76,78,96,False
qwen3.5-9b,transfer,97debf0590a2,c4,False,train,user,fixed_slot,108,76,98,107,True
qwen3.5-9b,transfer,97debf0590a2,c4,False,train,tool,fixed_slot,112,76,100,111,True
qwen3.5-9b,transfer,97debf0590a2,c4,False,train,assistant,fixed_slot,112,76,102,111,True
qwen3.5-9b,transfer,97debf0590a2,c4,False,train,system,natural_slot,97,76,78,96,False
qwen3.5-9b,transfer,97debf0590a2,c4,False,train,user,natural_slot,99,76,89,98,False
qwen3.5-9b,transfer,97debf0590a2,c4,False,train,tool,natural_slot,124,76,112,123,False
qwen3.5-9b,transfer,97debf0590a2,c4,False,train,assistant,natural_slot,112,76,102,111,False
qwen3.5-9b,transfer,0e562ba8a53a,c4,False,train,system,fixed_slot,69,48,50,68,False
qwen3.5-9b,transfer,0e562ba8a53a,c4,False,train,user,fixed_slot,80,48,70,79,True
qwen3.5-9b,transfer,0e562ba8a53a,c4,False,train,tool,fixed_slot,84,48,72,83,True
qwen3.5-9b,transfer,0e562ba8a53a,c4,False,train,assistant,fixed_slot,84,48,74,83,True
qwen3.5-9b,transfer,0e562ba8a53a,c4,False,train,system,natural_slot,69,48,50,68,False
qwen3.5-9b,transfer,0e562ba8a53a,c4,False,train,user,natural_slot,71,48,61,70,False
qwen3.5-9b,transfer,0e562ba8a53a,c4,False,train,tool,natural_slot,96,48,84,95,False
qwen3.5-9b,transfer,0e562ba8a53a,c4,False,train,assistant,natural_slot,84,48,74,83,False
qwen3.5-9b,transfer,adf158b8caa8,c4,False,train,system,fixed_slot,104,83,85,103,False
qwen3.5-9b,transfer,adf158b8caa8,c4,False,train,user,fixed_slot,115,83,105,114,True
qwen3.5-9b,transfer,adf158b8caa8,c4,False,train,tool,fixed_slot,119,83,107,118,True
qwen3.5-9b,transfer,adf158b8caa8,c4,False,train,assistant,fixed_slot,119,83,109,118,True
qwen3.5-9b,transfer,adf158b8caa8,c4,False,train,system,natural_slot,104,83,85,103,False
qwen3.5-9b,transfer,adf158b8caa8,c4,False,train,user,natural_slot,106,83,96,105,False
qwen3.5-9b,transfer,adf158b8caa8,c4,False,train,tool,natural_slot,131,83,119,130,False
qwen3.5-9b,transfer,adf158b8caa8,c4,False,train,assistant,natural_slot,119,83,109,118,False
qwen3.5-9b,transfer,1771287f91f9,c4,False,train,system,fixed_slot,84,63,65,83,False
qwen3.5-9b,transfer,1771287f91f9,c4,False,train,user,fixed_slot,95,63,85,94,True
qwen3.5-9b,transfer,1771287f91f9,c4,False,train,tool,fixed_slot,99,63,87,98,True
qwen3.5-9b,transfer,1771287f91f9,c4,False,train,assistant,fixed_slot,99,63,89,98,True
qwen3.5-9b,transfer,1771287f91f9,c4,False,train,system,natural_slot,84,63,65,83,False
qwen3.5-9b,transfer,1771287f91f9,c4,False,train,user,natural_slot,86,63,76,85,False
qwen3.5-9b,transfer,1771287f91f9,c4,False,train,tool,natural_slot,111,63,99,110,False
qwen3.5-9b,transfer,1771287f91f9,c4,False,train,assistant,natural_slot,99,63,89,98,False
qwen3.5-9b,transfer,c9c70c4a0471,c4,False,test,system,fixed_slot,72,51,53,71,False
qwen3.5-9b,transfer,c9c70c4a0471,c4,False,test,user,fixed_slot,83,51,73,82,True
qwen3.5-9b,transfer,c9c70c4a0471,c4,False,test,tool,fixed_slot,87,51,75,86,True
qwen3.5-9b,transfer,c9c70c4a0471,c4,False,test,assistant,fixed_slot,87,51,77,86,True
qwen3.5-9b,transfer,c9c70c4a0471,c4,False,test,system,natural_slot,72,51,53,71,False
qwen3.5-9b,transfer,c9c70c4a0471,c4,False,test,user,natural_slot,74,51,64,73,False
qwen3.5-9b,transfer,c9c70c4a0471,c4,False,test,tool,natural_slot,99,51,87,98,False
qwen3.5-9b,transfer,c9c70c4a0471,c4,False,test,assistant,natural_slot,87,51,77,86,False
qwen3.5-9b,transfer,bf908a052173,c4,False,test,system,fixed_slot,88,67,69,87,False
qwen3.5-9b,transfer,bf908a052173,c4,False,test,user,fixed_slot,99,67,89,98,True
qwen3.5-9b,transfer,bf908a052173,c4,False,test,tool,fixed_slot,103,67,91,102,True
qwen3.5-9b,transfer,bf908a052173,c4,False,test,assistant,fixed_slot,103,67,93,102,True
qwen3.5-9b,transfer,bf908a052173,c4,False,test,system,natural_slot,88,67,69,87,False
qwen3.5-9b,transfer,bf908a052173,c4,False,test,user,natural_slot,90,67,80,89,False
qwen3.5-9b,transfer,bf908a052173,c4,False,test,tool,natural_slot,115,67,103,114,False
qwen3.5-9b,transfer,bf908a052173,c4,False,test,assistant,natural_slot,103,67,93,102,False
qwen3.5-9b,transfer,8dd223557f42,c4,False,test,system,fixed_slot,96,75,77,95,False
qwen3.5-9b,transfer,8dd223557f42,c4,False,test,user,fixed_slot,107,75,97,106,True
qwen3.5-9b,transfer,8dd223557f42,c4,False,test,tool,fixed_slot,111,75,99,110,True
qwen3.5-9b,transfer,8dd223557f42,c4,False,test,assistant,fixed_slot,111,75,101,110,True
qwen3.5-9b,transfer,8dd223557f42,c4,False,test,system,natural_slot,96,75,77,95,False
qwen3.5-9b,transfer,8dd223557f42,c4,False,test,user,natural_slot,98,75,88,97,False
qwen3.5-9b,transfer,8dd223557f42,c4,False,test,tool,natural_slot,123,75,111,122,False
qwen3.5-9b,transfer,8dd223557f42,c4,False,test,assistant,natural_slot,111,75,101,110,False
qwen3.5-9b,transfer,c69d6c4e2260,c4,False,train,system,fixed_slot,102,81,83,101,False
qwen3.5-9b,transfer,c69d6c4e2260,c4,False,train,user,fixed_slot,113,81,103,112,True
qwen3.5-9b,transfer,c69d6c4e2260,c4,False,train,tool,fixed_slot,117,81,105,116,True
qwen3.5-9b,transfer,c69d6c4e2260,c4,False,train,assistant,fixed_slot,117,81,107,116,True
qwen3.5-9b,transfer,c69d6c4e2260,c4,False,train,system,natural_slot,102,81,83,101,False
qwen3.5-9b,transfer,c69d6c4e2260,c4,False,train,user,natural_slot,104,81,94,103,False
qwen3.5-9b,transfer,c69d6c4e2260,c4,False,train,tool,natural_slot,129,81,117,128,False
qwen3.5-9b,transfer,c69d6c4e2260,c4,False,train,assistant,natural_slot,117,81,107,116,False
qwen3.5-9b,transfer,e6609c0c79a6,c4,False,train,system,fixed_slot,99,78,80,98,False
qwen3.5-9b,transfer,e6609c0c79a6,c4,False,train,user,fixed_slot,110,78,100,109,True
qwen3.5-9b,transfer,e6609c0c79a6,c4,False,train,tool,fixed_slot,114,78,102,113,True
qwen3.5-9b,transfer,e6609c0c79a6,c4,False,train,assistant,fixed_slot,114,78,104,113,True
qwen3.5-9b,transfer,e6609c0c79a6,c4,False,train,system,natural_slot,99,78,80,98,False
qwen3.5-9b,transfer,e6609c0c79a6,c4,False,train,user,natural_slot,101,78,91,100,False
qwen3.5-9b,transfer,e6609c0c79a6,c4,False,train,tool,natural_slot,126,78,114,125,False
qwen3.5-9b,transfer,e6609c0c79a6,c4,False,train,assistant,natural_slot,114,78,104,113,False
qwen3.5-9b,transfer,950b0df5b179,c4,False,test,system,fixed_slot,83,62,64,82,False
qwen3.5-9b,transfer,950b0df5b179,c4,False,test,user,fixed_slot,94,62,84,93,True
qwen3.5-9b,transfer,950b0df5b179,c4,False,test,tool,fixed_slot,98,62,86,97,True
qwen3.5-9b,transfer,950b0df5b179,c4,False,test,assistant,fixed_slot,98,62,88,97,True
qwen3.5-9b,transfer,950b0df5b179,c4,False,test,system,natural_slot,83,62,64,82,False
qwen3.5-9b,transfer,950b0df5b179,c4,False,test,user,natural_slot,85,62,75,84,False
qwen3.5-9b,transfer,950b0df5b179,c4,False,test,tool,natural_slot,110,62,98,109,False
qwen3.5-9b,transfer,950b0df5b179,c4,False,test,assistant,natural_slot,98,62,88,97,False
qwen3.5-9b,transfer,67708f2271c8,c4,False,train,system,fixed_slot,88,67,69,87,False
qwen3.5-9b,transfer,67708f2271c8,c4,False,train,user,fixed_slot,99,67,89,98,True
qwen3.5-9b,transfer,67708f2271c8,c4,False,train,tool,fixed_slot,103,67,91,102,True
qwen3.5-9b,transfer,67708f2271c8,c4,False,train,assistant,fixed_slot,103,67,93,102,True
qwen3.5-9b,transfer,67708f2271c8,c4,False,train,system,natural_slot,88,67,69,87,False
qwen3.5-9b,transfer,67708f2271c8,c4,False,train,user,natural_slot,90,67,80,89,False
qwen3.5-9b,transfer,67708f2271c8,c4,False,train,tool,natural_slot,115,67,103,114,False
qwen3.5-9b,transfer,67708f2271c8,c4,False,train,assistant,natural_slot,103,67,93,102,False
qwen3.5-9b,transfer,c494264192d4,c4,False,train,system,fixed_slot,104,83,85,103,False
qwen3.5-9b,transfer,c494264192d4,c4,False,train,user,fixed_slot,115,83,105,114,True
qwen3.5-9b,transfer,c494264192d4,c4,False,train,tool,fixed_slot,119,83,107,118,True
qwen3.5-9b,transfer,c494264192d4,c4,False,train,assistant,fixed_slot,119,83,109,118,True
qwen3.5-9b,transfer,c494264192d4,c4,False,train,system,natural_slot,104,83,85,103,False
qwen3.5-9b,transfer,c494264192d4,c4,False,train,user,natural_slot,106,83,96,105,False
qwen3.5-9b,transfer,c494264192d4,c4,False,train,tool,natural_slot,131,83,119,130,False
qwen3.5-9b,transfer,c494264192d4,c4,False,train,assistant,natural_slot,119,83,109,118,False
qwen3.5-9b,transfer,086872349e17,c4,False,train,system,fixed_slot,87,66,68,86,False
qwen3.5-9b,transfer,086872349e17,c4,False,train,user,fixed_slot,98,66,88,97,True
qwen3.5-9b,transfer,086872349e17,c4,False,train,tool,fixed_slot,102,66,90,101,True
qwen3.5-9b,transfer,086872349e17,c4,False,train,assistant,fixed_slot,102,66,92,101,True
qwen3.5-9b,transfer,086872349e17,c4,False,train,system,natural_slot,87,66,68,86,False
qwen3.5-9b,transfer,086872349e17,c4,False,train,user,natural_slot,89,66,79,88,False
qwen3.5-9b,transfer,086872349e17,c4,False,train,tool,natural_slot,114,66,102,113,False
qwen3.5-9b,transfer,086872349e17,c4,False,train,assistant,natural_slot,102,66,92,101,False
qwen3.5-9b,transfer,f3f6de88ca7f,c4,False,train,system,fixed_slot,95,74,76,94,False
qwen3.5-9b,transfer,f3f6de88ca7f,c4,False,train,user,fixed_slot,106,74,96,105,True
qwen3.5-9b,transfer,f3f6de88ca7f,c4,False,train,tool,fixed_slot,110,74,98,109,True
qwen3.5-9b,transfer,f3f6de88ca7f,c4,False,train,assistant,fixed_slot,110,74,100,109,True
qwen3.5-9b,transfer,f3f6de88ca7f,c4,False,train,system,natural_slot,95,74,76,94,False
qwen3.5-9b,transfer,f3f6de88ca7f,c4,False,train,user,natural_slot,97,74,87,96,False
qwen3.5-9b,transfer,f3f6de88ca7f,c4,False,train,tool,natural_slot,122,74,110,121,False
qwen3.5-9b,transfer,f3f6de88ca7f,c4,False,train,assistant,natural_slot,110,74,100,109,False
qwen3.5-9b,transfer,09f1fded2968,c4,False,train,system,fixed_slot,64,43,45,63,False
qwen3.5-9b,transfer,09f1fded2968,c4,False,train,user,fixed_slot,75,43,65,74,True
qwen3.5-9b,transfer,09f1fded2968,c4,False,train,tool,fixed_slot,79,43,67,78,True
qwen3.5-9b,transfer,09f1fded2968,c4,False,train,assistant,fixed_slot,79,43,69,78,True
qwen3.5-9b,transfer,09f1fded2968,c4,False,train,system,natural_slot,64,43,45,63,False
qwen3.5-9b,transfer,09f1fded2968,c4,False,train,user,natural_slot,66,43,56,65,False
qwen3.5-9b,transfer,09f1fded2968,c4,False,train,tool,natural_slot,91,43,79,90,False
qwen3.5-9b,transfer,09f1fded2968,c4,False,train,assistant,natural_slot,79,43,69,78,False
qwen3.5-9b,transfer,a630f3721609,c4,False,train,system,fixed_slot,75,54,56,74,False
qwen3.5-9b,transfer,a630f3721609,c4,False,train,user,fixed_slot,86,54,76,85,True
qwen3.5-9b,transfer,a630f3721609,c4,False,train,tool,fixed_slot,90,54,78,89,True
qwen3.5-9b,transfer,a630f3721609,c4,False,train,assistant,fixed_slot,90,54,80,89,True
qwen3.5-9b,transfer,a630f3721609,c4,False,train,system,natural_slot,75,54,56,74,False
qwen3.5-9b,transfer,a630f3721609,c4,False,train,user,natural_slot,77,54,67,76,False
qwen3.5-9b,transfer,a630f3721609,c4,False,train,tool,natural_slot,102,54,90,101,False
qwen3.5-9b,transfer,a630f3721609,c4,False,train,assistant,natural_slot,90,54,80,89,False
qwen3.5-9b,transfer,c1827282d91e,c4,False,train,system,fixed_slot,95,74,76,94,False
qwen3.5-9b,transfer,c1827282d91e,c4,False,train,user,fixed_slot,106,74,96,105,True
qwen3.5-9b,transfer,c1827282d91e,c4,False,train,tool,fixed_slot,110,74,98,109,True
qwen3.5-9b,transfer,c1827282d91e,c4,False,train,assistant,fixed_slot,110,74,100,109,True
qwen3.5-9b,transfer,c1827282d91e,c4,False,train,system,natural_slot,95,74,76,94,False
qwen3.5-9b,transfer,c1827282d91e,c4,False,train,user,natural_slot,97,74,87,96,False
qwen3.5-9b,transfer,c1827282d91e,c4,False,train,tool,natural_slot,122,74,110,121,False
qwen3.5-9b,transfer,c1827282d91e,c4,False,train,assistant,natural_slot,110,74,100,109,False
qwen3.5-9b,transfer,ad296a56e678,c4,False,train,system,fixed_slot,98,77,79,97,False
qwen3.5-9b,transfer,ad296a56e678,c4,False,train,user,fixed_slot,109,77,99,108,True
qwen3.5-9b,transfer,ad296a56e678,c4,False,train,tool,fixed_slot,113,77,101,112,True
qwen3.5-9b,transfer,ad296a56e678,c4,False,train,assistant,fixed_slot,113,77,103,112,True
qwen3.5-9b,transfer,ad296a56e678,c4,False,train,system,natural_slot,98,77,79,97,False
qwen3.5-9b,transfer,ad296a56e678,c4,False,train,user,natural_slot,100,77,90,99,False
qwen3.5-9b,transfer,ad296a56e678,c4,False,train,tool,natural_slot,125,77,113,124,False
qwen3.5-9b,transfer,ad296a56e678,c4,False,train,assistant,natural_slot,113,77,103,112,False
qwen3.5-9b,transfer,1d202efec6e9,c4,False,train,system,fixed_slot,97,76,78,96,False
qwen3.5-9b,transfer,1d202efec6e9,c4,False,train,user,fixed_slot,108,76,98,107,True
qwen3.5-9b,transfer,1d202efec6e9,c4,False,train,tool,fixed_slot,112,76,100,111,True
qwen3.5-9b,transfer,1d202efec6e9,c4,False,train,assistant,fixed_slot,112,76,102,111,True
qwen3.5-9b,transfer,1d202efec6e9,c4,False,train,system,natural_slot,97,76,78,96,False
qwen3.5-9b,transfer,1d202efec6e9,c4,False,train,user,natural_slot,99,76,89,98,False
qwen3.5-9b,transfer,1d202efec6e9,c4,False,train,tool,natural_slot,124,76,112,123,False
qwen3.5-9b,transfer,1d202efec6e9,c4,False,train,assistant,natural_slot,112,76,102,111,False
qwen3.5-9b,transfer,868a723f0d54,c4,False,train,system,fixed_slot,85,64,66,84,False
qwen3.5-9b,transfer,868a723f0d54,c4,False,train,user,fixed_slot,96,64,86,95,True
qwen3.5-9b,transfer,868a723f0d54,c4,False,train,tool,fixed_slot,100,64,88,99,True
qwen3.5-9b,transfer,868a723f0d54,c4,False,train,assistant,fixed_slot,100,64,90,99,True
qwen3.5-9b,transfer,868a723f0d54,c4,False,train,system,natural_slot,85,64,66,84,False
qwen3.5-9b,transfer,868a723f0d54,c4,False,train,user,natural_slot,87,64,77,86,False
qwen3.5-9b,transfer,868a723f0d54,c4,False,train,tool,natural_slot,112,64,100,111,False
qwen3.5-9b,transfer,868a723f0d54,c4,False,train,assistant,natural_slot,100,64,90,99,False
qwen3.5-9b,transfer,75d054dd1835,c4,False,train,system,fixed_slot,113,92,94,112,False
qwen3.5-9b,transfer,75d054dd1835,c4,False,train,user,fixed_slot,124,92,114,123,True
qwen3.5-9b,transfer,75d054dd1835,c4,False,train,tool,fixed_slot,128,92,116,127,True
qwen3.5-9b,transfer,75d054dd1835,c4,False,train,assistant,fixed_slot,128,92,118,127,True
qwen3.5-9b,transfer,75d054dd1835,c4,False,train,system,natural_slot,113,92,94,112,False
qwen3.5-9b,transfer,75d054dd1835,c4,False,train,user,natural_slot,115,92,105,114,False
qwen3.5-9b,transfer,75d054dd1835,c4,False,train,tool,natural_slot,140,92,128,139,False
qwen3.5-9b,transfer,75d054dd1835,c4,False,train,assistant,natural_slot,128,92,118,127,False
qwen3.5-9b,transfer,a9e18e29e208,c4,False,train,system,fixed_slot,54,33,35,53,False
qwen3.5-9b,transfer,a9e18e29e208,c4,False,train,user,fixed_slot,65,33,55,64,True
qwen3.5-9b,transfer,a9e18e29e208,c4,False,train,tool,fixed_slot,69,33,57,68,True
qwen3.5-9b,transfer,a9e18e29e208,c4,False,train,assistant,fixed_slot,69,33,59,68,True
qwen3.5-9b,transfer,a9e18e29e208,c4,False,train,system,natural_slot,54,33,35,53,False
qwen3.5-9b,transfer,a9e18e29e208,c4,False,train,user,natural_slot,56,33,46,55,False
qwen3.5-9b,transfer,a9e18e29e208,c4,False,train,tool,natural_slot,81,33,69,80,False
qwen3.5-9b,transfer,a9e18e29e208,c4,False,train,assistant,natural_slot,69,33,59,68,False
qwen3.5-9b,transfer,21268cc05f70,c4,False,train,system,fixed_slot,100,79,81,99,False
qwen3.5-9b,transfer,21268cc05f70,c4,False,train,user,fixed_slot,111,79,101,110,True
qwen3.5-9b,transfer,21268cc05f70,c4,False,train,tool,fixed_slot,115,79,103,114,True
qwen3.5-9b,transfer,21268cc05f70,c4,False,train,assistant,fixed_slot,115,79,105,114,True
qwen3.5-9b,transfer,21268cc05f70,c4,False,train,system,natural_slot,100,79,81,99,False
qwen3.5-9b,transfer,21268cc05f70,c4,False,train,user,natural_slot,102,79,92,101,False
qwen3.5-9b,transfer,21268cc05f70,c4,False,train,tool,natural_slot,127,79,115,126,False
qwen3.5-9b,transfer,21268cc05f70,c4,False,train,assistant,natural_slot,115,79,105,114,False
qwen3.5-9b,transfer,0c43debd304b,c4,False,train,system,fixed_slot,69,48,50,68,False
qwen3.5-9b,transfer,0c43debd304b,c4,False,train,user,fixed_slot,80,48,70,79,True
qwen3.5-9b,transfer,0c43debd304b,c4,False,train,tool,fixed_slot,84,48,72,83,True
qwen3.5-9b,transfer,0c43debd304b,c4,False,train,assistant,fixed_slot,84,48,74,83,True
qwen3.5-9b,transfer,0c43debd304b,c4,False,train,system,natural_slot,69,48,50,68,False
qwen3.5-9b,transfer,0c43debd304b,c4,False,train,user,natural_slot,71,48,61,70,False
qwen3.5-9b,transfer,0c43debd304b,c4,False,train,tool,natural_slot,96,48,84,95,False
qwen3.5-9b,transfer,0c43debd304b,c4,False,train,assistant,natural_slot,84,48,74,83,False
qwen3.5-9b,transfer,902d1bf15552,c4,False,test,system,fixed_slot,94,73,75,93,False
qwen3.5-9b,transfer,902d1bf15552,c4,False,test,user,fixed_slot,105,73,95,104,True
qwen3.5-9b,transfer,902d1bf15552,c4,False,test,tool,fixed_slot,109,73,97,108,True
qwen3.5-9b,transfer,902d1bf15552,c4,False,test,assistant,fixed_slot,109,73,99,108,True
qwen3.5-9b,transfer,902d1bf15552,c4,False,test,system,natural_slot,94,73,75,93,False
qwen3.5-9b,transfer,902d1bf15552,c4,False,test,user,natural_slot,96,73,86,95,False
qwen3.5-9b,transfer,902d1bf15552,c4,False,test,tool,natural_slot,121,73,109,120,False
qwen3.5-9b,transfer,902d1bf15552,c4,False,test,assistant,natural_slot,109,73,99,108,False
qwen3.5-9b,transfer,fa0420258353,c4,False,test,system,fixed_slot,120,99,101,119,False
qwen3.5-9b,transfer,fa0420258353,c4,False,test,user,fixed_slot,131,99,121,130,True
qwen3.5-9b,transfer,fa0420258353,c4,False,test,tool,fixed_slot,135,99,123,134,True
qwen3.5-9b,transfer,fa0420258353,c4,False,test,assistant,fixed_slot,135,99,125,134,True
qwen3.5-9b,transfer,fa0420258353,c4,False,test,system,natural_slot,120,99,101,119,False
qwen3.5-9b,transfer,fa0420258353,c4,False,test,user,natural_slot,122,99,112,121,False
qwen3.5-9b,transfer,fa0420258353,c4,False,test,tool,natural_slot,147,99,135,146,False
qwen3.5-9b,transfer,fa0420258353,c4,False,test,assistant,natural_slot,135,99,125,134,False
qwen3.5-9b,transfer,694f9f0656c5,c4,False,train,system,fixed_slot,88,67,69,87,False
qwen3.5-9b,transfer,694f9f0656c5,c4,False,train,user,fixed_slot,99,67,89,98,True
qwen3.5-9b,transfer,694f9f0656c5,c4,False,train,tool,fixed_slot,103,67,91,102,True
qwen3.5-9b,transfer,694f9f0656c5,c4,False,train,assistant,fixed_slot,103,67,93,102,True
qwen3.5-9b,transfer,694f9f0656c5,c4,False,train,system,natural_slot,88,67,69,87,False
qwen3.5-9b,transfer,694f9f0656c5,c4,False,train,user,natural_slot,90,67,80,89,False
qwen3.5-9b,transfer,694f9f0656c5,c4,False,train,tool,natural_slot,115,67,103,114,False
qwen3.5-9b,transfer,694f9f0656c5,c4,False,train,assistant,natural_slot,103,67,93,102,False
qwen3.5-9b,transfer,56a4529764e9,c4,False,train,system,fixed_slot,55,34,36,54,False
qwen3.5-9b,transfer,56a4529764e9,c4,False,train,user,fixed_slot,66,34,56,65,True
qwen3.5-9b,transfer,56a4529764e9,c4,False,train,tool,fixed_slot,70,34,58,69,True
qwen3.5-9b,transfer,56a4529764e9,c4,False,train,assistant,fixed_slot,70,34,60,69,True
qwen3.5-9b,transfer,56a4529764e9,c4,False,train,system,natural_slot,55,34,36,54,False
qwen3.5-9b,transfer,56a4529764e9,c4,False,train,user,natural_slot,57,34,47,56,False
qwen3.5-9b,transfer,56a4529764e9,c4,False,train,tool,natural_slot,82,34,70,81,False
qwen3.5-9b,transfer,56a4529764e9,c4,False,train,assistant,natural_slot,70,34,60,69,False
qwen3.5-9b,transfer,e12f4001d282,c4,False,train,system,fixed_slot,75,54,56,74,False
qwen3.5-9b,transfer,e12f4001d282,c4,False,train,user,fixed_slot,86,54,76,85,True
qwen3.5-9b,transfer,e12f4001d282,c4,False,train,tool,fixed_slot,90,54,78,89,True
qwen3.5-9b,transfer,e12f4001d282,c4,False,train,assistant,fixed_slot,90,54,80,89,True
qwen3.5-9b,transfer,e12f4001d282,c4,False,train,system,natural_slot,75,54,56,74,False
qwen3.5-9b,transfer,e12f4001d282,c4,False,train,user,natural_slot,77,54,67,76,False
qwen3.5-9b,transfer,e12f4001d282,c4,False,train,tool,natural_slot,102,54,90,101,False
qwen3.5-9b,transfer,e12f4001d282,c4,False,train,assistant,natural_slot,90,54,80,89,False
qwen3.5-9b,transfer,0b6cc92e1e5f,c4,False,train,system,fixed_slot,99,78,80,98,False
qwen3.5-9b,transfer,0b6cc92e1e5f,c4,False,train,user,fixed_slot,110,78,100,109,True
qwen3.5-9b,transfer,0b6cc92e1e5f,c4,False,train,tool,fixed_slot,114,78,102,113,True
qwen3.5-9b,transfer,0b6cc92e1e5f,c4,False,train,assistant,fixed_slot,114,78,104,113,True
qwen3.5-9b,transfer,0b6cc92e1e5f,c4,False,train,system,natural_slot,99,78,80,98,False
qwen3.5-9b,transfer,0b6cc92e1e5f,c4,False,train,user,natural_slot,101,78,91,100,False
qwen3.5-9b,transfer,0b6cc92e1e5f,c4,False,train,tool,natural_slot,126,78,114,125,False
qwen3.5-9b,transfer,0b6cc92e1e5f,c4,False,train,assistant,natural_slot,114,78,104,113,False
qwen3.5-9b,transfer,84ae9d493158,c4,False,test,system,fixed_slot,87,66,68,86,False
qwen3.5-9b,transfer,84ae9d493158,c4,False,test,user,fixed_slot,98,66,88,97,True
qwen3.5-9b,transfer,84ae9d493158,c4,False,test,tool,fixed_slot,102,66,90,101,True
qwen3.5-9b,transfer,84ae9d493158,c4,False,test,assistant,fixed_slot,102,66,92,101,True
qwen3.5-9b,transfer,84ae9d493158,c4,False,test,system,natural_slot,87,66,68,86,False
qwen3.5-9b,transfer,84ae9d493158,c4,False,test,user,natural_slot,89,66,79,88,False
qwen3.5-9b,transfer,84ae9d493158,c4,False,test,tool,natural_slot,114,66,102,113,False
qwen3.5-9b,transfer,84ae9d493158,c4,False,test,assistant,natural_slot,102,66,92,101,False
qwen3.5-9b,transfer,ce8315037c8f,c4,False,train,system,fixed_slot,53,32,34,52,False
qwen3.5-9b,transfer,ce8315037c8f,c4,False,train,user,fixed_slot,64,32,54,63,True
qwen3.5-9b,transfer,ce8315037c8f,c4,False,train,tool,fixed_slot,68,32,56,67,True
qwen3.5-9b,transfer,ce8315037c8f,c4,False,train,assistant,fixed_slot,68,32,58,67,True
qwen3.5-9b,transfer,ce8315037c8f,c4,False,train,system,natural_slot,53,32,34,52,False
qwen3.5-9b,transfer,ce8315037c8f,c4,False,train,user,natural_slot,55,32,45,54,False
qwen3.5-9b,transfer,ce8315037c8f,c4,False,train,tool,natural_slot,80,32,68,79,False
qwen3.5-9b,transfer,ce8315037c8f,c4,False,train,assistant,natural_slot,68,32,58,67,False
qwen3.5-9b,transfer,97161dc9659d,c4,False,train,system,fixed_slot,88,67,69,87,False
qwen3.5-9b,transfer,97161dc9659d,c4,False,train,user,fixed_slot,99,67,89,98,True
qwen3.5-9b,transfer,97161dc9659d,c4,False,train,tool,fixed_slot,103,67,91,102,True
qwen3.5-9b,transfer,97161dc9659d,c4,False,train,assistant,fixed_slot,103,67,93,102,True
qwen3.5-9b,transfer,97161dc9659d,c4,False,train,system,natural_slot,88,67,69,87,False
qwen3.5-9b,transfer,97161dc9659d,c4,False,train,user,natural_slot,90,67,80,89,False
qwen3.5-9b,transfer,97161dc9659d,c4,False,train,tool,natural_slot,115,67,103,114,False
qwen3.5-9b,transfer,97161dc9659d,c4,False,train,assistant,natural_slot,103,67,93,102,False
qwen3.5-9b,transfer,f9302fc61fff,c4,False,train,system,fixed_slot,66,45,47,65,False
qwen3.5-9b,transfer,f9302fc61fff,c4,False,train,user,fixed_slot,77,45,67,76,True
qwen3.5-9b,transfer,f9302fc61fff,c4,False,train,tool,fixed_slot,81,45,69,80,True
qwen3.5-9b,transfer,f9302fc61fff,c4,False,train,assistant,fixed_slot,81,45,71,80,True
qwen3.5-9b,transfer,f9302fc61fff,c4,False,train,system,natural_slot,66,45,47,65,False
qwen3.5-9b,transfer,f9302fc61fff,c4,False,train,user,natural_slot,68,45,58,67,False
qwen3.5-9b,transfer,f9302fc61fff,c4,False,train,tool,natural_slot,93,45,81,92,False
qwen3.5-9b,transfer,f9302fc61fff,c4,False,train,assistant,natural_slot,81,45,71,80,False
qwen3.5-9b,transfer,e1fba2fed979,c4,False,test,system,fixed_slot,64,43,45,63,False
qwen3.5-9b,transfer,e1fba2fed979,c4,False,test,user,fixed_slot,75,43,65,74,True
qwen3.5-9b,transfer,e1fba2fed979,c4,False,test,tool,fixed_slot,79,43,67,78,True
qwen3.5-9b,transfer,e1fba2fed979,c4,False,test,assistant,fixed_slot,79,43,69,78,True
qwen3.5-9b,transfer,e1fba2fed979,c4,False,test,system,natural_slot,64,43,45,63,False
qwen3.5-9b,transfer,e1fba2fed979,c4,False,test,user,natural_slot,66,43,56,65,False
qwen3.5-9b,transfer,e1fba2fed979,c4,False,test,tool,natural_slot,91,43,79,90,False
qwen3.5-9b,transfer,e1fba2fed979,c4,False,test,assistant,natural_slot,79,43,69,78,False
qwen3.5-9b,transfer,1c55406547e1,c4,False,train,system,fixed_slot,86,65,67,85,False
qwen3.5-9b,transfer,1c55406547e1,c4,False,train,user,fixed_slot,97,65,87,96,True
qwen3.5-9b,transfer,1c55406547e1,c4,False,train,tool,fixed_slot,101,65,89,100,True
qwen3.5-9b,transfer,1c55406547e1,c4,False,train,assistant,fixed_slot,101,65,91,100,True
qwen3.5-9b,transfer,1c55406547e1,c4,False,train,system,natural_slot,86,65,67,85,False
qwen3.5-9b,transfer,1c55406547e1,c4,False,train,user,natural_slot,88,65,78,87,False
qwen3.5-9b,transfer,1c55406547e1,c4,False,train,tool,natural_slot,113,65,101,112,False
qwen3.5-9b,transfer,1c55406547e1,c4,False,train,assistant,natural_slot,101,65,91,100,False
qwen3.5-9b,transfer,8013f04fb1cd,c4,False,test,system,fixed_slot,100,79,81,99,False
qwen3.5-9b,transfer,8013f04fb1cd,c4,False,test,user,fixed_slot,111,79,101,110,True
qwen3.5-9b,transfer,8013f04fb1cd,c4,False,test,tool,fixed_slot,115,79,103,114,True
qwen3.5-9b,transfer,8013f04fb1cd,c4,False,test,assistant,fixed_slot,115,79,105,114,True
qwen3.5-9b,transfer,8013f04fb1cd,c4,False,test,system,natural_slot,100,79,81,99,False
qwen3.5-9b,transfer,8013f04fb1cd,c4,False,test,user,natural_slot,102,79,92,101,False
qwen3.5-9b,transfer,8013f04fb1cd,c4,False,test,tool,natural_slot,127,79,115,126,False
qwen3.5-9b,transfer,8013f04fb1cd,c4,False,test,assistant,natural_slot,115,79,105,114,False
qwen3.5-9b,transfer,e0ac3cdc9065,c4,False,train,system,fixed_slot,95,74,76,94,False
qwen3.5-9b,transfer,e0ac3cdc9065,c4,False,train,user,fixed_slot,106,74,96,105,True
qwen3.5-9b,transfer,e0ac3cdc9065,c4,False,train,tool,fixed_slot,110,74,98,109,True
qwen3.5-9b,transfer,e0ac3cdc9065,c4,False,train,assistant,fixed_slot,110,74,100,109,True
qwen3.5-9b,transfer,e0ac3cdc9065,c4,False,train,system,natural_slot,95,74,76,94,False
qwen3.5-9b,transfer,e0ac3cdc9065,c4,False,train,user,natural_slot,97,74,87,96,False
qwen3.5-9b,transfer,e0ac3cdc9065,c4,False,train,tool,natural_slot,122,74,110,121,False
qwen3.5-9b,transfer,e0ac3cdc9065,c4,False,train,assistant,natural_slot,110,74,100,109,False
qwen3.5-9b,transfer,3c18ce7564e9,c4,False,train,system,fixed_slot,63,42,44,62,False
qwen3.5-9b,transfer,3c18ce7564e9,c4,False,train,user,fixed_slot,74,42,64,73,True
qwen3.5-9b,transfer,3c18ce7564e9,c4,False,train,tool,fixed_slot,78,42,66,77,True
qwen3.5-9b,transfer,3c18ce7564e9,c4,False,train,assistant,fixed_slot,78,42,68,77,True
qwen3.5-9b,transfer,3c18ce7564e9,c4,False,train,system,natural_slot,63,42,44,62,False
qwen3.5-9b,transfer,3c18ce7564e9,c4,False,train,user,natural_slot,65,42,55,64,False
qwen3.5-9b,transfer,3c18ce7564e9,c4,False,train,tool,natural_slot,90,42,78,89,False
qwen3.5-9b,transfer,3c18ce7564e9,c4,False,train,assistant,natural_slot,78,42,68,77,False
qwen3.5-9b,transfer,7dcec5995f09,c4,False,test,system,fixed_slot,101,80,82,100,False
qwen3.5-9b,transfer,7dcec5995f09,c4,False,test,user,fixed_slot,112,80,102,111,True
qwen3.5-9b,transfer,7dcec5995f09,c4,False,test,tool,fixed_slot,116,80,104,115,True
qwen3.5-9b,transfer,7dcec5995f09,c4,False,test,assistant,fixed_slot,116,80,106,115,True
qwen3.5-9b,transfer,7dcec5995f09,c4,False,test,system,natural_slot,101,80,82,100,False
qwen3.5-9b,transfer,7dcec5995f09,c4,False,test,user,natural_slot,103,80,93,102,False
qwen3.5-9b,transfer,7dcec5995f09,c4,False,test,tool,natural_slot,128,80,116,127,False
qwen3.5-9b,transfer,7dcec5995f09,c4,False,test,assistant,natural_slot,116,80,106,115,False
qwen3.5-9b,transfer,78628bf9e5bc,c4,False,train,system,fixed_slot,103,82,84,102,False
qwen3.5-9b,transfer,78628bf9e5bc,c4,False,train,user,fixed_slot,114,82,104,113,True
qwen3.5-9b,transfer,78628bf9e5bc,c4,False,train,tool,fixed_slot,118,82,106,117,True
qwen3.5-9b,transfer,78628bf9e5bc,c4,False,train,assistant,fixed_slot,118,82,108,117,True
qwen3.5-9b,transfer,78628bf9e5bc,c4,False,train,system,natural_slot,103,82,84,102,False
qwen3.5-9b,transfer,78628bf9e5bc,c4,False,train,user,natural_slot,105,82,95,104,False
qwen3.5-9b,transfer,78628bf9e5bc,c4,False,train,tool,natural_slot,130,82,118,129,False
qwen3.5-9b,transfer,78628bf9e5bc,c4,False,train,assistant,natural_slot,118,82,108,117,False
qwen3.5-9b,transfer,95d06b79e097,c4,False,train,system,fixed_slot,91,70,72,90,False
qwen3.5-9b,transfer,95d06b79e097,c4,False,train,user,fixed_slot,102,70,92,101,True
qwen3.5-9b,transfer,95d06b79e097,c4,False,train,tool,fixed_slot,106,70,94,105,True
qwen3.5-9b,transfer,95d06b79e097,c4,False,train,assistant,fixed_slot,106,70,96,105,True
qwen3.5-9b,transfer,95d06b79e097,c4,False,train,system,natural_slot,91,70,72,90,False
qwen3.5-9b,transfer,95d06b79e097,c4,False,train,user,natural_slot,93,70,83,92,False
qwen3.5-9b,transfer,95d06b79e097,c4,False,train,tool,natural_slot,118,70,106,117,False
qwen3.5-9b,transfer,95d06b79e097,c4,False,train,assistant,natural_slot,106,70,96,105,False
qwen3.5-9b,transfer,bd24a01c22d5,c4,False,train,system,fixed_slot,55,34,36,54,False
qwen3.5-9b,transfer,bd24a01c22d5,c4,False,train,user,fixed_slot,66,34,56,65,True
qwen3.5-9b,transfer,bd24a01c22d5,c4,False,train,tool,fixed_slot,70,34,58,69,True
qwen3.5-9b,transfer,bd24a01c22d5,c4,False,train,assistant,fixed_slot,70,34,60,69,True
qwen3.5-9b,transfer,bd24a01c22d5,c4,False,train,system,natural_slot,55,34,36,54,False
qwen3.5-9b,transfer,bd24a01c22d5,c4,False,train,user,natural_slot,57,34,47,56,False
qwen3.5-9b,transfer,bd24a01c22d5,c4,False,train,tool,natural_slot,82,34,70,81,False
qwen3.5-9b,transfer,bd24a01c22d5,c4,False,train,assistant,natural_slot,70,34,60,69,False
qwen3.5-9b,transfer,b683810cd8b5,c4,False,train,system,fixed_slot,58,37,39,57,False
qwen3.5-9b,transfer,b683810cd8b5,c4,False,train,user,fixed_slot,69,37,59,68,True
qwen3.5-9b,transfer,b683810cd8b5,c4,False,train,tool,fixed_slot,73,37,61,72,True
qwen3.5-9b,transfer,b683810cd8b5,c4,False,train,assistant,fixed_slot,73,37,63,72,True
qwen3.5-9b,transfer,b683810cd8b5,c4,False,train,system,natural_slot,58,37,39,57,False
qwen3.5-9b,transfer,b683810cd8b5,c4,False,train,user,natural_slot,60,37,50,59,False
qwen3.5-9b,transfer,b683810cd8b5,c4,False,train,tool,natural_slot,85,37,73,84,False
qwen3.5-9b,transfer,b683810cd8b5,c4,False,train,assistant,natural_slot,73,37,63,72,False
qwen3.5-9b,transfer,16c145a465ce,c4,False,train,system,fixed_slot,59,38,40,58,False
qwen3.5-9b,transfer,16c145a465ce,c4,False,train,user,fixed_slot,70,38,60,69,True
qwen3.5-9b,transfer,16c145a465ce,c4,False,train,tool,fixed_slot,74,38,62,73,True
qwen3.5-9b,transfer,16c145a465ce,c4,False,train,assistant,fixed_slot,74,38,64,73,True
qwen3.5-9b,transfer,16c145a465ce,c4,False,train,system,natural_slot,59,38,40,58,False
qwen3.5-9b,transfer,16c145a465ce,c4,False,train,user,natural_slot,61,38,51,60,False
qwen3.5-9b,transfer,16c145a465ce,c4,False,train,tool,natural_slot,86,38,74,85,False
qwen3.5-9b,transfer,16c145a465ce,c4,False,train,assistant,natural_slot,74,38,64,73,False
qwen3.5-9b,transfer,1359123372db,c4,False,train,system,fixed_slot,93,72,74,92,False
qwen3.5-9b,transfer,1359123372db,c4,False,train,user,fixed_slot,104,72,94,103,True
qwen3.5-9b,transfer,1359123372db,c4,False,train,tool,fixed_slot,108,72,96,107,True
qwen3.5-9b,transfer,1359123372db,c4,False,train,assistant,fixed_slot,108,72,98,107,True
qwen3.5-9b,transfer,1359123372db,c4,False,train,system,natural_slot,93,72,74,92,False
qwen3.5-9b,transfer,1359123372db,c4,False,train,user,natural_slot,95,72,85,94,False
qwen3.5-9b,transfer,1359123372db,c4,False,train,tool,natural_slot,120,72,108,119,False
qwen3.5-9b,transfer,1359123372db,c4,False,train,assistant,natural_slot,108,72,98,107,False
qwen3.5-9b,transfer,987060c6030c,c4,False,train,system,fixed_slot,80,59,61,79,False
qwen3.5-9b,transfer,987060c6030c,c4,False,train,user,fixed_slot,91,59,81,90,True
qwen3.5-9b,transfer,987060c6030c,c4,False,train,tool,fixed_slot,95,59,83,94,True
qwen3.5-9b,transfer,987060c6030c,c4,False,train,assistant,fixed_slot,95,59,85,94,True
qwen3.5-9b,transfer,987060c6030c,c4,False,train,system,natural_slot,80,59,61,79,False
qwen3.5-9b,transfer,987060c6030c,c4,False,train,user,natural_slot,82,59,72,81,False
qwen3.5-9b,transfer,987060c6030c,c4,False,train,tool,natural_slot,107,59,95,106,False
qwen3.5-9b,transfer,987060c6030c,c4,False,train,assistant,natural_slot,95,59,85,94,False
qwen3.5-9b,transfer,86404b49b6ed,c4,False,test,system,fixed_slot,94,73,75,93,False
qwen3.5-9b,transfer,86404b49b6ed,c4,False,test,user,fixed_slot,105,73,95,104,True
qwen3.5-9b,transfer,86404b49b6ed,c4,False,test,tool,fixed_slot,109,73,97,108,True
qwen3.5-9b,transfer,86404b49b6ed,c4,False,test,assistant,fixed_slot,109,73,99,108,True
qwen3.5-9b,transfer,86404b49b6ed,c4,False,test,system,natural_slot,94,73,75,93,False
qwen3.5-9b,transfer,86404b49b6ed,c4,False,test,user,natural_slot,96,73,86,95,False
qwen3.5-9b,transfer,86404b49b6ed,c4,False,test,tool,natural_slot,121,73,109,120,False
qwen3.5-9b,transfer,86404b49b6ed,c4,False,test,assistant,natural_slot,109,73,99,108,False
qwen3.5-9b,transfer,e1f0e2e20c8c,c4,False,test,system,fixed_slot,95,74,76,94,False
qwen3.5-9b,transfer,e1f0e2e20c8c,c4,False,test,user,fixed_slot,106,74,96,105,True
qwen3.5-9b,transfer,e1f0e2e20c8c,c4,False,test,tool,fixed_slot,110,74,98,109,True
qwen3.5-9b,transfer,e1f0e2e20c8c,c4,False,test,assistant,fixed_slot,110,74,100,109,True
qwen3.5-9b,transfer,e1f0e2e20c8c,c4,False,test,system,natural_slot,95,74,76,94,False
qwen3.5-9b,transfer,e1f0e2e20c8c,c4,False,test,user,natural_slot,97,74,87,96,False
qwen3.5-9b,transfer,e1f0e2e20c8c,c4,False,test,tool,natural_slot,122,74,110,121,False
qwen3.5-9b,transfer,e1f0e2e20c8c,c4,False,test,assistant,natural_slot,110,74,100,109,False
qwen3.5-9b,transfer,64ea85b0519c,c4,False,train,system,fixed_slot,124,103,105,123,False
qwen3.5-9b,transfer,64ea85b0519c,c4,False,train,user,fixed_slot,135,103,125,134,True
qwen3.5-9b,transfer,64ea85b0519c,c4,False,train,tool,fixed_slot,139,103,127,138,True
qwen3.5-9b,transfer,64ea85b0519c,c4,False,train,assistant,fixed_slot,139,103,129,138,True
qwen3.5-9b,transfer,64ea85b0519c,c4,False,train,system,natural_slot,124,103,105,123,False
qwen3.5-9b,transfer,64ea85b0519c,c4,False,train,user,natural_slot,126,103,116,125,False
qwen3.5-9b,transfer,64ea85b0519c,c4,False,train,tool,natural_slot,151,103,139,150,False
qwen3.5-9b,transfer,64ea85b0519c,c4,False,train,assistant,natural_slot,139,103,129,138,False
qwen3.5-9b,transfer,5538aa87486a,c4,False,train,system,fixed_slot,96,75,77,95,False
qwen3.5-9b,transfer,5538aa87486a,c4,False,train,user,fixed_slot,107,75,97,106,True
qwen3.5-9b,transfer,5538aa87486a,c4,False,train,tool,fixed_slot,111,75,99,110,True
qwen3.5-9b,transfer,5538aa87486a,c4,False,train,assistant,fixed_slot,111,75,101,110,True
qwen3.5-9b,transfer,5538aa87486a,c4,False,train,system,natural_slot,96,75,77,95,False
qwen3.5-9b,transfer,5538aa87486a,c4,False,train,user,natural_slot,98,75,88,97,False
qwen3.5-9b,transfer,5538aa87486a,c4,False,train,tool,natural_slot,123,75,111,122,False
qwen3.5-9b,transfer,5538aa87486a,c4,False,train,assistant,natural_slot,111,75,101,110,False
qwen3.5-9b,transfer,f4556a192d7c,c4,False,train,system,fixed_slot,51,30,32,50,False
qwen3.5-9b,transfer,f4556a192d7c,c4,False,train,user,fixed_slot,62,30,52,61,True
qwen3.5-9b,transfer,f4556a192d7c,c4,False,train,tool,fixed_slot,66,30,54,65,True
qwen3.5-9b,transfer,f4556a192d7c,c4,False,train,assistant,fixed_slot,66,30,56,65,True
qwen3.5-9b,transfer,f4556a192d7c,c4,False,train,system,natural_slot,51,30,32,50,False
qwen3.5-9b,transfer,f4556a192d7c,c4,False,train,user,natural_slot,53,30,43,52,False
qwen3.5-9b,transfer,f4556a192d7c,c4,False,train,tool,natural_slot,78,30,66,77,False
qwen3.5-9b,transfer,f4556a192d7c,c4,False,train,assistant,natural_slot,66,30,56,65,False
qwen3.5-9b,transfer,8d32a036900a,c4,False,train,system,fixed_slot,93,72,74,92,False
qwen3.5-9b,transfer,8d32a036900a,c4,False,train,user,fixed_slot,104,72,94,103,True
qwen3.5-9b,transfer,8d32a036900a,c4,False,train,tool,fixed_slot,108,72,96,107,True
qwen3.5-9b,transfer,8d32a036900a,c4,False,train,assistant,fixed_slot,108,72,98,107,True
qwen3.5-9b,transfer,8d32a036900a,c4,False,train,system,natural_slot,93,72,74,92,False
qwen3.5-9b,transfer,8d32a036900a,c4,False,train,user,natural_slot,95,72,85,94,False
qwen3.5-9b,transfer,8d32a036900a,c4,False,train,tool,natural_slot,120,72,108,119,False
qwen3.5-9b,transfer,8d32a036900a,c4,False,train,assistant,natural_slot,108,72,98,107,False
qwen3.5-9b,transfer,7d5b6d318508,c4,False,train,system,fixed_slot,85,64,66,84,False
qwen3.5-9b,transfer,7d5b6d318508,c4,False,train,user,fixed_slot,96,64,86,95,True
qwen3.5-9b,transfer,7d5b6d318508,c4,False,train,tool,fixed_slot,100,64,88,99,True
qwen3.5-9b,transfer,7d5b6d318508,c4,False,train,assistant,fixed_slot,100,64,90,99,True
qwen3.5-9b,transfer,7d5b6d318508,c4,False,train,system,natural_slot,85,64,66,84,False
qwen3.5-9b,transfer,7d5b6d318508,c4,False,train,user,natural_slot,87,64,77,86,False
qwen3.5-9b,transfer,7d5b6d318508,c4,False,train,tool,natural_slot,112,64,100,111,False
qwen3.5-9b,transfer,7d5b6d318508,c4,False,train,assistant,natural_slot,100,64,90,99,False
qwen3.5-9b,transfer,b05c0716fd3d,c4,False,train,system,fixed_slot,80,59,61,79,False
qwen3.5-9b,transfer,b05c0716fd3d,c4,False,train,user,fixed_slot,91,59,81,90,True
qwen3.5-9b,transfer,b05c0716fd3d,c4,False,train,tool,fixed_slot,95,59,83,94,True
qwen3.5-9b,transfer,b05c0716fd3d,c4,False,train,assistant,fixed_slot,95,59,85,94,True
qwen3.5-9b,transfer,b05c0716fd3d,c4,False,train,system,natural_slot,80,59,61,79,False
qwen3.5-9b,transfer,b05c0716fd3d,c4,False,train,user,natural_slot,82,59,72,81,False
qwen3.5-9b,transfer,b05c0716fd3d,c4,False,train,tool,natural_slot,107,59,95,106,False
qwen3.5-9b,transfer,b05c0716fd3d,c4,False,train,assistant,natural_slot,95,59,85,94,False
qwen3.5-9b,transfer,a63b29ec3fe4,c4,False,test,system,fixed_slot,79,58,60,78,False
qwen3.5-9b,transfer,a63b29ec3fe4,c4,False,test,user,fixed_slot,90,58,80,89,True
qwen3.5-9b,transfer,a63b29ec3fe4,c4,False,test,tool,fixed_slot,94,58,82,93,True
qwen3.5-9b,transfer,a63b29ec3fe4,c4,False,test,assistant,fixed_slot,94,58,84,93,True
qwen3.5-9b,transfer,a63b29ec3fe4,c4,False,test,system,natural_slot,79,58,60,78,False
qwen3.5-9b,transfer,a63b29ec3fe4,c4,False,test,user,natural_slot,81,58,71,80,False
qwen3.5-9b,transfer,a63b29ec3fe4,c4,False,test,tool,natural_slot,106,58,94,105,False
qwen3.5-9b,transfer,a63b29ec3fe4,c4,False,test,assistant,natural_slot,94,58,84,93,False
qwen3.5-9b,transfer,3f354f6e8b89,c4,False,train,system,fixed_slot,85,64,66,84,False
qwen3.5-9b,transfer,3f354f6e8b89,c4,False,train,user,fixed_slot,96,64,86,95,True
qwen3.5-9b,transfer,3f354f6e8b89,c4,False,train,tool,fixed_slot,100,64,88,99,True
qwen3.5-9b,transfer,3f354f6e8b89,c4,False,train,assistant,fixed_slot,100,64,90,99,True
qwen3.5-9b,transfer,3f354f6e8b89,c4,False,train,system,natural_slot,85,64,66,84,False
qwen3.5-9b,transfer,3f354f6e8b89,c4,False,train,user,natural_slot,87,64,77,86,False
qwen3.5-9b,transfer,3f354f6e8b89,c4,False,train,tool,natural_slot,112,64,100,111,False
qwen3.5-9b,transfer,3f354f6e8b89,c4,False,train,assistant,natural_slot,100,64,90,99,False
qwen3.5-9b,transfer,d709ea38cdaa,c4,False,test,system,fixed_slot,63,42,44,62,False
qwen3.5-9b,transfer,d709ea38cdaa,c4,False,test,user,fixed_slot,74,42,64,73,True
qwen3.5-9b,transfer,d709ea38cdaa,c4,False,test,tool,fixed_slot,78,42,66,77,True
qwen3.5-9b,transfer,d709ea38cdaa,c4,False,test,assistant,fixed_slot,78,42,68,77,True
qwen3.5-9b,transfer,d709ea38cdaa,c4,False,test,system,natural_slot,63,42,44,62,False
qwen3.5-9b,transfer,d709ea38cdaa,c4,False,test,user,natural_slot,65,42,55,64,False
qwen3.5-9b,transfer,d709ea38cdaa,c4,False,test,tool,natural_slot,90,42,78,89,False
qwen3.5-9b,transfer,d709ea38cdaa,c4,False,test,assistant,natural_slot,78,42,68,77,False
qwen3.5-9b,transfer,4c67ded70311,c4,False,test,system,fixed_slot,63,42,44,62,False
qwen3.5-9b,transfer,4c67ded70311,c4,False,test,user,fixed_slot,74,42,64,73,True
qwen3.5-9b,transfer,4c67ded70311,c4,False,test,tool,fixed_slot,78,42,66,77,True
qwen3.5-9b,transfer,4c67ded70311,c4,False,test,assistant,fixed_slot,78,42,68,77,True
qwen3.5-9b,transfer,4c67ded70311,c4,False,test,system,natural_slot,63,42,44,62,False
qwen3.5-9b,transfer,4c67ded70311,c4,False,test,user,natural_slot,65,42,55,64,False
qwen3.5-9b,transfer,4c67ded70311,c4,False,test,tool,natural_slot,90,42,78,89,False
qwen3.5-9b,transfer,4c67ded70311,c4,False,test,assistant,natural_slot,78,42,68,77,False
qwen3.5-9b,transfer,5da77a9e04eb,c4,False,test,system,fixed_slot,86,65,67,85,False
qwen3.5-9b,transfer,5da77a9e04eb,c4,False,test,user,fixed_slot,97,65,87,96,True
qwen3.5-9b,transfer,5da77a9e04eb,c4,False,test,tool,fixed_slot,101,65,89,100,True
qwen3.5-9b,transfer,5da77a9e04eb,c4,False,test,assistant,fixed_slot,101,65,91,100,True
qwen3.5-9b,transfer,5da77a9e04eb,c4,False,test,system,natural_slot,86,65,67,85,False
qwen3.5-9b,transfer,5da77a9e04eb,c4,False,test,user,natural_slot,88,65,78,87,False
qwen3.5-9b,transfer,5da77a9e04eb,c4,False,test,tool,natural_slot,113,65,101,112,False
qwen3.5-9b,transfer,5da77a9e04eb,c4,False,test,assistant,natural_slot,101,65,91,100,False
qwen3.5-9b,transfer,be9ae6137a0d,c4,False,train,system,fixed_slot,95,74,76,94,False
qwen3.5-9b,transfer,be9ae6137a0d,c4,False,train,user,fixed_slot,106,74,96,105,True
qwen3.5-9b,transfer,be9ae6137a0d,c4,False,train,tool,fixed_slot,110,74,98,109,True
qwen3.5-9b,transfer,be9ae6137a0d,c4,False,train,assistant,fixed_slot,110,74,100,109,True
qwen3.5-9b,transfer,be9ae6137a0d,c4,False,train,system,natural_slot,95,74,76,94,False
qwen3.5-9b,transfer,be9ae6137a0d,c4,False,train,user,natural_slot,97,74,87,96,False
qwen3.5-9b,transfer,be9ae6137a0d,c4,False,train,tool,natural_slot,122,74,110,121,False
qwen3.5-9b,transfer,be9ae6137a0d,c4,False,train,assistant,natural_slot,110,74,100,109,False
qwen3.5-9b,transfer,9cb3954e4d7e,c4,False,train,system,fixed_slot,60,39,41,59,False
qwen3.5-9b,transfer,9cb3954e4d7e,c4,False,train,user,fixed_slot,71,39,61,70,True
qwen3.5-9b,transfer,9cb3954e4d7e,c4,False,train,tool,fixed_slot,75,39,63,74,True
qwen3.5-9b,transfer,9cb3954e4d7e,c4,False,train,assistant,fixed_slot,75,39,65,74,True
qwen3.5-9b,transfer,9cb3954e4d7e,c4,False,train,system,natural_slot,60,39,41,59,False
qwen3.5-9b,transfer,9cb3954e4d7e,c4,False,train,user,natural_slot,62,39,52,61,False
qwen3.5-9b,transfer,9cb3954e4d7e,c4,False,train,tool,natural_slot,87,39,75,86,False
qwen3.5-9b,transfer,9cb3954e4d7e,c4,False,train,assistant,natural_slot,75,39,65,74,False
qwen3.5-9b,transfer,f2ddc9bc3f19,c4,False,test,system,fixed_slot,58,37,39,57,False
qwen3.5-9b,transfer,f2ddc9bc3f19,c4,False,test,user,fixed_slot,69,37,59,68,True
qwen3.5-9b,transfer,f2ddc9bc3f19,c4,False,test,tool,fixed_slot,73,37,61,72,True
qwen3.5-9b,transfer,f2ddc9bc3f19,c4,False,test,assistant,fixed_slot,73,37,63,72,True
qwen3.5-9b,transfer,f2ddc9bc3f19,c4,False,test,system,natural_slot,58,37,39,57,False
qwen3.5-9b,transfer,f2ddc9bc3f19,c4,False,test,user,natural_slot,60,37,50,59,False
qwen3.5-9b,transfer,f2ddc9bc3f19,c4,False,test,tool,natural_slot,85,37,73,84,False
qwen3.5-9b,transfer,f2ddc9bc3f19,c4,False,test,assistant,natural_slot,73,37,63,72,False
qwen3.5-9b,transfer,bf8eda45ad4e,c4,False,train,system,fixed_slot,74,53,55,73,False
qwen3.5-9b,transfer,bf8eda45ad4e,c4,False,train,user,fixed_slot,85,53,75,84,True
qwen3.5-9b,transfer,bf8eda45ad4e,c4,False,train,tool,fixed_slot,89,53,77,88,True
qwen3.5-9b,transfer,bf8eda45ad4e,c4,False,train,assistant,fixed_slot,89,53,79,88,True
qwen3.5-9b,transfer,bf8eda45ad4e,c4,False,train,system,natural_slot,74,53,55,73,False
qwen3.5-9b,transfer,bf8eda45ad4e,c4,False,train,user,natural_slot,76,53,66,75,False
qwen3.5-9b,transfer,bf8eda45ad4e,c4,False,train,tool,natural_slot,101,53,89,100,False
qwen3.5-9b,transfer,bf8eda45ad4e,c4,False,train,assistant,natural_slot,89,53,79,88,False
qwen3.5-9b,transfer,e27c1fe61b62,c4,False,train,system,fixed_slot,86,65,67,85,False
qwen3.5-9b,transfer,e27c1fe61b62,c4,False,train,user,fixed_slot,97,65,87,96,True
qwen3.5-9b,transfer,e27c1fe61b62,c4,False,train,tool,fixed_slot,101,65,89,100,True
qwen3.5-9b,transfer,e27c1fe61b62,c4,False,train,assistant,fixed_slot,101,65,91,100,True
qwen3.5-9b,transfer,e27c1fe61b62,c4,False,train,system,natural_slot,86,65,67,85,False
qwen3.5-9b,transfer,e27c1fe61b62,c4,False,train,user,natural_slot,88,65,78,87,False
qwen3.5-9b,transfer,e27c1fe61b62,c4,False,train,tool,natural_slot,113,65,101,112,False
qwen3.5-9b,transfer,e27c1fe61b62,c4,False,train,assistant,natural_slot,101,65,91,100,False
qwen3.5-9b,transfer,1e09c464dde7,c4,False,train,system,fixed_slot,98,77,79,97,False
qwen3.5-9b,transfer,1e09c464dde7,c4,False,train,user,fixed_slot,109,77,99,108,True
qwen3.5-9b,transfer,1e09c464dde7,c4,False,train,tool,fixed_slot,113,77,101,112,True
qwen3.5-9b,transfer,1e09c464dde7,c4,False,train,assistant,fixed_slot,113,77,103,112,True
qwen3.5-9b,transfer,1e09c464dde7,c4,False,train,system,natural_slot,98,77,79,97,False
qwen3.5-9b,transfer,1e09c464dde7,c4,False,train,user,natural_slot,100,77,90,99,False
qwen3.5-9b,transfer,1e09c464dde7,c4,False,train,tool,natural_slot,125,77,113,124,False
qwen3.5-9b,transfer,1e09c464dde7,c4,False,train,assistant,natural_slot,113,77,103,112,False
qwen3.5-9b,transfer,85abbe801217,c4,False,test,system,fixed_slot,84,63,65,83,False
qwen3.5-9b,transfer,85abbe801217,c4,False,test,user,fixed_slot,95,63,85,94,True
qwen3.5-9b,transfer,85abbe801217,c4,False,test,tool,fixed_slot,99,63,87,98,True
qwen3.5-9b,transfer,85abbe801217,c4,False,test,assistant,fixed_slot,99,63,89,98,True
qwen3.5-9b,transfer,85abbe801217,c4,False,test,system,natural_slot,84,63,65,83,False
qwen3.5-9b,transfer,85abbe801217,c4,False,test,user,natural_slot,86,63,76,85,False
qwen3.5-9b,transfer,85abbe801217,c4,False,test,tool,natural_slot,111,63,99,110,False
qwen3.5-9b,transfer,85abbe801217,c4,False,test,assistant,natural_slot,99,63,89,98,False
qwen3.5-9b,transfer,a70d6c6bee6d,c4,False,train,system,fixed_slot,102,81,83,101,False
qwen3.5-9b,transfer,a70d6c6bee6d,c4,False,train,user,fixed_slot,113,81,103,112,True
qwen3.5-9b,transfer,a70d6c6bee6d,c4,False,train,tool,fixed_slot,117,81,105,116,True
qwen3.5-9b,transfer,a70d6c6bee6d,c4,False,train,assistant,fixed_slot,117,81,107,116,True
qwen3.5-9b,transfer,a70d6c6bee6d,c4,False,train,system,natural_slot,102,81,83,101,False
qwen3.5-9b,transfer,a70d6c6bee6d,c4,False,train,user,natural_slot,104,81,94,103,False
qwen3.5-9b,transfer,a70d6c6bee6d,c4,False,train,tool,natural_slot,129,81,117,128,False
qwen3.5-9b,transfer,a70d6c6bee6d,c4,False,train,assistant,natural_slot,117,81,107,116,False
qwen3.5-9b,transfer,ccd518f1bb5d,c4,False,train,system,fixed_slot,91,70,72,90,False
qwen3.5-9b,transfer,ccd518f1bb5d,c4,False,train,user,fixed_slot,102,70,92,101,True
qwen3.5-9b,transfer,ccd518f1bb5d,c4,False,train,tool,fixed_slot,106,70,94,105,True
qwen3.5-9b,transfer,ccd518f1bb5d,c4,False,train,assistant,fixed_slot,106,70,96,105,True
qwen3.5-9b,transfer,ccd518f1bb5d,c4,False,train,system,natural_slot,91,70,72,90,False
qwen3.5-9b,transfer,ccd518f1bb5d,c4,False,train,user,natural_slot,93,70,83,92,False
qwen3.5-9b,transfer,ccd518f1bb5d,c4,False,train,tool,natural_slot,118,70,106,117,False
qwen3.5-9b,transfer,ccd518f1bb5d,c4,False,train,assistant,natural_slot,106,70,96,105,False
qwen3.5-9b,transfer,c2ec1723e8eb,c4,False,train,system,fixed_slot,88,67,69,87,False
qwen3.5-9b,transfer,c2ec1723e8eb,c4,False,train,user,fixed_slot,99,67,89,98,True
qwen3.5-9b,transfer,c2ec1723e8eb,c4,False,train,tool,fixed_slot,103,67,91,102,True
qwen3.5-9b,transfer,c2ec1723e8eb,c4,False,train,assistant,fixed_slot,103,67,93,102,True
qwen3.5-9b,transfer,c2ec1723e8eb,c4,False,train,system,natural_slot,88,67,69,87,False
qwen3.5-9b,transfer,c2ec1723e8eb,c4,False,train,user,natural_slot,90,67,80,89,False
qwen3.5-9b,transfer,c2ec1723e8eb,c4,False,train,tool,natural_slot,115,67,103,114,False
qwen3.5-9b,transfer,c2ec1723e8eb,c4,False,train,assistant,natural_slot,103,67,93,102,False
qwen3.5-9b,transfer,7bda9f6d44dc,c4,False,test,system,fixed_slot,87,66,68,86,False
qwen3.5-9b,transfer,7bda9f6d44dc,c4,False,test,user,fixed_slot,98,66,88,97,True
qwen3.5-9b,transfer,7bda9f6d44dc,c4,False,test,tool,fixed_slot,102,66,90,101,True
qwen3.5-9b,transfer,7bda9f6d44dc,c4,False,test,assistant,fixed_slot,102,66,92,101,True
qwen3.5-9b,transfer,7bda9f6d44dc,c4,False,test,system,natural_slot,87,66,68,86,False
qwen3.5-9b,transfer,7bda9f6d44dc,c4,False,test,user,natural_slot,89,66,79,88,False
qwen3.5-9b,transfer,7bda9f6d44dc,c4,False,test,tool,natural_slot,114,66,102,113,False
qwen3.5-9b,transfer,7bda9f6d44dc,c4,False,test,assistant,natural_slot,102,66,92,101,False
qwen3.5-9b,transfer,6a5a81ac9a93,c4,False,train,system,fixed_slot,97,76,78,96,False
qwen3.5-9b,transfer,6a5a81ac9a93,c4,False,train,user,fixed_slot,108,76,98,107,True
qwen3.5-9b,transfer,6a5a81ac9a93,c4,False,train,tool,fixed_slot,112,76,100,111,True
qwen3.5-9b,transfer,6a5a81ac9a93,c4,False,train,assistant,fixed_slot,112,76,102,111,True
qwen3.5-9b,transfer,6a5a81ac9a93,c4,False,train,system,natural_slot,97,76,78,96,False
qwen3.5-9b,transfer,6a5a81ac9a93,c4,False,train,user,natural_slot,99,76,89,98,False
qwen3.5-9b,transfer,6a5a81ac9a93,c4,False,train,tool,natural_slot,124,76,112,123,False
qwen3.5-9b,transfer,6a5a81ac9a93,c4,False,train,assistant,natural_slot,112,76,102,111,False
qwen3.5-9b,transfer,5df5a13e714b,c4,False,train,system,fixed_slot,94,73,75,93,False
qwen3.5-9b,transfer,5df5a13e714b,c4,False,train,user,fixed_slot,105,73,95,104,True
qwen3.5-9b,transfer,5df5a13e714b,c4,False,train,tool,fixed_slot,109,73,97,108,True
qwen3.5-9b,transfer,5df5a13e714b,c4,False,train,assistant,fixed_slot,109,73,99,108,True
qwen3.5-9b,transfer,5df5a13e714b,c4,False,train,system,natural_slot,94,73,75,93,False
qwen3.5-9b,transfer,5df5a13e714b,c4,False,train,user,natural_slot,96,73,86,95,False
qwen3.5-9b,transfer,5df5a13e714b,c4,False,train,tool,natural_slot,121,73,109,120,False
qwen3.5-9b,transfer,5df5a13e714b,c4,False,train,assistant,natural_slot,109,73,99,108,False
qwen3.5-9b,transfer,e47c00804d80,c4,False,train,system,fixed_slot,75,54,56,74,False
qwen3.5-9b,transfer,e47c00804d80,c4,False,train,user,fixed_slot,86,54,76,85,True
qwen3.5-9b,transfer,e47c00804d80,c4,False,train,tool,fixed_slot,90,54,78,89,True
qwen3.5-9b,transfer,e47c00804d80,c4,False,train,assistant,fixed_slot,90,54,80,89,True
qwen3.5-9b,transfer,e47c00804d80,c4,False,train,system,natural_slot,75,54,56,74,False
qwen3.5-9b,transfer,e47c00804d80,c4,False,train,user,natural_slot,77,54,67,76,False
qwen3.5-9b,transfer,e47c00804d80,c4,False,train,tool,natural_slot,102,54,90,101,False
qwen3.5-9b,transfer,e47c00804d80,c4,False,train,assistant,natural_slot,90,54,80,89,False
qwen3.5-9b,transfer,79b67cb9f498,c4,False,train,system,fixed_slot,90,69,71,89,False
qwen3.5-9b,transfer,79b67cb9f498,c4,False,train,user,fixed_slot,101,69,91,100,True
qwen3.5-9b,transfer,79b67cb9f498,c4,False,train,tool,fixed_slot,105,69,93,104,True
qwen3.5-9b,transfer,79b67cb9f498,c4,False,train,assistant,fixed_slot,105,69,95,104,True
qwen3.5-9b,transfer,79b67cb9f498,c4,False,train,system,natural_slot,90,69,71,89,False
qwen3.5-9b,transfer,79b67cb9f498,c4,False,train,user,natural_slot,92,69,82,91,False
qwen3.5-9b,transfer,79b67cb9f498,c4,False,train,tool,natural_slot,117,69,105,116,False
qwen3.5-9b,transfer,79b67cb9f498,c4,False,train,assistant,natural_slot,105,69,95,104,False
qwen3.5-9b,transfer,3c33e0491c83,c4,False,train,system,fixed_slot,70,49,51,69,False
qwen3.5-9b,transfer,3c33e0491c83,c4,False,train,user,fixed_slot,81,49,71,80,True
qwen3.5-9b,transfer,3c33e0491c83,c4,False,train,tool,fixed_slot,85,49,73,84,True
qwen3.5-9b,transfer,3c33e0491c83,c4,False,train,assistant,fixed_slot,85,49,75,84,True
qwen3.5-9b,transfer,3c33e0491c83,c4,False,train,system,natural_slot,70,49,51,69,False
qwen3.5-9b,transfer,3c33e0491c83,c4,False,train,user,natural_slot,72,49,62,71,False
qwen3.5-9b,transfer,3c33e0491c83,c4,False,train,tool,natural_slot,97,49,85,96,False
qwen3.5-9b,transfer,3c33e0491c83,c4,False,train,assistant,natural_slot,85,49,75,84,False
qwen3.5-9b,transfer,aec1cfd7acd0,c4,False,test,system,fixed_slot,65,44,46,64,False
qwen3.5-9b,transfer,aec1cfd7acd0,c4,False,test,user,fixed_slot,76,44,66,75,True
qwen3.5-9b,transfer,aec1cfd7acd0,c4,False,test,tool,fixed_slot,80,44,68,79,True
qwen3.5-9b,transfer,aec1cfd7acd0,c4,False,test,assistant,fixed_slot,80,44,70,79,True
qwen3.5-9b,transfer,aec1cfd7acd0,c4,False,test,system,natural_slot,65,44,46,64,False
qwen3.5-9b,transfer,aec1cfd7acd0,c4,False,test,user,natural_slot,67,44,57,66,False
qwen3.5-9b,transfer,aec1cfd7acd0,c4,False,test,tool,natural_slot,92,44,80,91,False
qwen3.5-9b,transfer,aec1cfd7acd0,c4,False,test,assistant,natural_slot,80,44,70,79,False
qwen3.5-9b,transfer,289574a8dae3,c4,False,test,system,fixed_slot,91,70,72,90,False
qwen3.5-9b,transfer,289574a8dae3,c4,False,test,user,fixed_slot,102,70,92,101,True
qwen3.5-9b,transfer,289574a8dae3,c4,False,test,tool,fixed_slot,106,70,94,105,True
qwen3.5-9b,transfer,289574a8dae3,c4,False,test,assistant,fixed_slot,106,70,96,105,True
qwen3.5-9b,transfer,289574a8dae3,c4,False,test,system,natural_slot,91,70,72,90,False
qwen3.5-9b,transfer,289574a8dae3,c4,False,test,user,natural_slot,93,70,83,92,False
qwen3.5-9b,transfer,289574a8dae3,c4,False,test,tool,natural_slot,118,70,106,117,False
qwen3.5-9b,transfer,289574a8dae3,c4,False,test,assistant,natural_slot,106,70,96,105,False
qwen3.5-9b,transfer,26a4f36466a4,c4,False,train,system,fixed_slot,95,74,76,94,False
qwen3.5-9b,transfer,26a4f36466a4,c4,False,train,user,fixed_slot,106,74,96,105,True
qwen3.5-9b,transfer,26a4f36466a4,c4,False,train,tool,fixed_slot,110,74,98,109,True
qwen3.5-9b,transfer,26a4f36466a4,c4,False,train,assistant,fixed_slot,110,74,100,109,True
qwen3.5-9b,transfer,26a4f36466a4,c4,False,train,system,natural_slot,95,74,76,94,False
qwen3.5-9b,transfer,26a4f36466a4,c4,False,train,user,natural_slot,97,74,87,96,False
qwen3.5-9b,transfer,26a4f36466a4,c4,False,train,tool,natural_slot,122,74,110,121,False
qwen3.5-9b,transfer,26a4f36466a4,c4,False,train,assistant,natural_slot,110,74,100,109,False
qwen3.5-9b,transfer,71d571461b75,c4,False,test,system,fixed_slot,101,80,82,100,False
qwen3.5-9b,transfer,71d571461b75,c4,False,test,user,fixed_slot,112,80,102,111,True
qwen3.5-9b,transfer,71d571461b75,c4,False,test,tool,fixed_slot,116,80,104,115,True
qwen3.5-9b,transfer,71d571461b75,c4,False,test,assistant,fixed_slot,116,80,106,115,True
qwen3.5-9b,transfer,71d571461b75,c4,False,test,system,natural_slot,101,80,82,100,False
qwen3.5-9b,transfer,71d571461b75,c4,False,test,user,natural_slot,103,80,93,102,False
qwen3.5-9b,transfer,71d571461b75,c4,False,test,tool,natural_slot,128,80,116,127,False
qwen3.5-9b,transfer,71d571461b75,c4,False,test,assistant,natural_slot,116,80,106,115,False
qwen3.5-9b,transfer,7e9afc100c28,c4,False,train,system,fixed_slot,86,65,67,85,False
qwen3.5-9b,transfer,7e9afc100c28,c4,False,train,user,fixed_slot,97,65,87,96,True
qwen3.5-9b,transfer,7e9afc100c28,c4,False,train,tool,fixed_slot,101,65,89,100,True
qwen3.5-9b,transfer,7e9afc100c28,c4,False,train,assistant,fixed_slot,101,65,91,100,True
qwen3.5-9b,transfer,7e9afc100c28,c4,False,train,system,natural_slot,86,65,67,85,False
qwen3.5-9b,transfer,7e9afc100c28,c4,False,train,user,natural_slot,88,65,78,87,False
qwen3.5-9b,transfer,7e9afc100c28,c4,False,train,tool,natural_slot,113,65,101,112,False
qwen3.5-9b,transfer,7e9afc100c28,c4,False,train,assistant,natural_slot,101,65,91,100,False
qwen3.5-9b,transfer,3a8c7b70093b,c4,False,train,system,fixed_slot,105,84,86,104,False
qwen3.5-9b,transfer,3a8c7b70093b,c4,False,train,user,fixed_slot,116,84,106,115,True
qwen3.5-9b,transfer,3a8c7b70093b,c4,False,train,tool,fixed_slot,120,84,108,119,True
qwen3.5-9b,transfer,3a8c7b70093b,c4,False,train,assistant,fixed_slot,120,84,110,119,True
qwen3.5-9b,transfer,3a8c7b70093b,c4,False,train,system,natural_slot,105,84,86,104,False
qwen3.5-9b,transfer,3a8c7b70093b,c4,False,train,user,natural_slot,107,84,97,106,False
qwen3.5-9b,transfer,3a8c7b70093b,c4,False,train,tool,natural_slot,132,84,120,131,False
qwen3.5-9b,transfer,3a8c7b70093b,c4,False,train,assistant,natural_slot,120,84,110,119,False
qwen3.5-9b,transfer,e1192349ba25,c4,False,train,system,fixed_slot,56,35,37,55,False
qwen3.5-9b,transfer,e1192349ba25,c4,False,train,user,fixed_slot,67,35,57,66,True
qwen3.5-9b,transfer,e1192349ba25,c4,False,train,tool,fixed_slot,71,35,59,70,True
qwen3.5-9b,transfer,e1192349ba25,c4,False,train,assistant,fixed_slot,71,35,61,70,True
qwen3.5-9b,transfer,e1192349ba25,c4,False,train,system,natural_slot,56,35,37,55,False
qwen3.5-9b,transfer,e1192349ba25,c4,False,train,user,natural_slot,58,35,48,57,False
qwen3.5-9b,transfer,e1192349ba25,c4,False,train,tool,natural_slot,83,35,71,82,False
qwen3.5-9b,transfer,e1192349ba25,c4,False,train,assistant,natural_slot,71,35,61,70,False
qwen3.5-9b,transfer,98a6c7be1d87,c4,False,train,system,fixed_slot,71,50,52,70,False
qwen3.5-9b,transfer,98a6c7be1d87,c4,False,train,user,fixed_slot,82,50,72,81,True
qwen3.5-9b,transfer,98a6c7be1d87,c4,False,train,tool,fixed_slot,86,50,74,85,True
qwen3.5-9b,transfer,98a6c7be1d87,c4,False,train,assistant,fixed_slot,86,50,76,85,True
qwen3.5-9b,transfer,98a6c7be1d87,c4,False,train,system,natural_slot,71,50,52,70,False
qwen3.5-9b,transfer,98a6c7be1d87,c4,False,train,user,natural_slot,73,50,63,72,False
qwen3.5-9b,transfer,98a6c7be1d87,c4,False,train,tool,natural_slot,98,50,86,97,False
qwen3.5-9b,transfer,98a6c7be1d87,c4,False,train,assistant,natural_slot,86,50,76,85,False
qwen3.5-9b,transfer,57759aef9874,c4,False,train,system,fixed_slot,94,73,75,93,False
qwen3.5-9b,transfer,57759aef9874,c4,False,train,user,fixed_slot,105,73,95,104,True
qwen3.5-9b,transfer,57759aef9874,c4,False,train,tool,fixed_slot,109,73,97,108,True
qwen3.5-9b,transfer,57759aef9874,c4,False,train,assistant,fixed_slot,109,73,99,108,True
qwen3.5-9b,transfer,57759aef9874,c4,False,train,system,natural_slot,94,73,75,93,False
qwen3.5-9b,transfer,57759aef9874,c4,False,train,user,natural_slot,96,73,86,95,False
qwen3.5-9b,transfer,57759aef9874,c4,False,train,tool,natural_slot,121,73,109,120,False
qwen3.5-9b,transfer,57759aef9874,c4,False,train,assistant,natural_slot,109,73,99,108,False
qwen3.5-9b,transfer,4d5beff59818,c4,False,train,system,fixed_slot,72,51,53,71,False
qwen3.5-9b,transfer,4d5beff59818,c4,False,train,user,fixed_slot,83,51,73,82,True
qwen3.5-9b,transfer,4d5beff59818,c4,False,train,tool,fixed_slot,87,51,75,86,True
qwen3.5-9b,transfer,4d5beff59818,c4,False,train,assistant,fixed_slot,87,51,77,86,True
qwen3.5-9b,transfer,4d5beff59818,c4,False,train,system,natural_slot,72,51,53,71,False
qwen3.5-9b,transfer,4d5beff59818,c4,False,train,user,natural_slot,74,51,64,73,False
qwen3.5-9b,transfer,4d5beff59818,c4,False,train,tool,natural_slot,99,51,87,98,False
qwen3.5-9b,transfer,4d5beff59818,c4,False,train,assistant,natural_slot,87,51,77,86,False
qwen3.5-9b,transfer,c87ebd512268,c4,False,train,system,fixed_slot,69,48,50,68,False
qwen3.5-9b,transfer,c87ebd512268,c4,False,train,user,fixed_slot,80,48,70,79,True
qwen3.5-9b,transfer,c87ebd512268,c4,False,train,tool,fixed_slot,84,48,72,83,True
qwen3.5-9b,transfer,c87ebd512268,c4,False,train,assistant,fixed_slot,84,48,74,83,True
qwen3.5-9b,transfer,c87ebd512268,c4,False,train,system,natural_slot,69,48,50,68,False
qwen3.5-9b,transfer,c87ebd512268,c4,False,train,user,natural_slot,71,48,61,70,False
qwen3.5-9b,transfer,c87ebd512268,c4,False,train,tool,natural_slot,96,48,84,95,False
qwen3.5-9b,transfer,c87ebd512268,c4,False,train,assistant,natural_slot,84,48,74,83,False
qwen3.5-9b,transfer,4a7d46acab6b,c4,False,train,system,fixed_slot,96,75,77,95,False
qwen3.5-9b,transfer,4a7d46acab6b,c4,False,train,user,fixed_slot,107,75,97,106,True
qwen3.5-9b,transfer,4a7d46acab6b,c4,False,train,tool,fixed_slot,111,75,99,110,True
qwen3.5-9b,transfer,4a7d46acab6b,c4,False,train,assistant,fixed_slot,111,75,101,110,True
qwen3.5-9b,transfer,4a7d46acab6b,c4,False,train,system,natural_slot,96,75,77,95,False
qwen3.5-9b,transfer,4a7d46acab6b,c4,False,train,user,natural_slot,98,75,88,97,False
qwen3.5-9b,transfer,4a7d46acab6b,c4,False,train,tool,natural_slot,123,75,111,122,False
qwen3.5-9b,transfer,4a7d46acab6b,c4,False,train,assistant,natural_slot,111,75,101,110,False
qwen3.5-9b,transfer,dff692e94675,c4,False,train,system,fixed_slot,92,71,73,91,False
qwen3.5-9b,transfer,dff692e94675,c4,False,train,user,fixed_slot,103,71,93,102,True
qwen3.5-9b,transfer,dff692e94675,c4,False,train,tool,fixed_slot,107,71,95,106,True
qwen3.5-9b,transfer,dff692e94675,c4,False,train,assistant,fixed_slot,107,71,97,106,True
qwen3.5-9b,transfer,dff692e94675,c4,False,train,system,natural_slot,92,71,73,91,False
qwen3.5-9b,transfer,dff692e94675,c4,False,train,user,natural_slot,94,71,84,93,False
qwen3.5-9b,transfer,dff692e94675,c4,False,train,tool,natural_slot,119,71,107,118,False
qwen3.5-9b,transfer,dff692e94675,c4,False,train,assistant,natural_slot,107,71,97,106,False
qwen3.5-9b,transfer,fc743905a087,c4,False,train,system,fixed_slot,61,40,42,60,False
qwen3.5-9b,transfer,fc743905a087,c4,False,train,user,fixed_slot,72,40,62,71,True
qwen3.5-9b,transfer,fc743905a087,c4,False,train,tool,fixed_slot,76,40,64,75,True
qwen3.5-9b,transfer,fc743905a087,c4,False,train,assistant,fixed_slot,76,40,66,75,True
qwen3.5-9b,transfer,fc743905a087,c4,False,train,system,natural_slot,61,40,42,60,False
qwen3.5-9b,transfer,fc743905a087,c4,False,train,user,natural_slot,63,40,53,62,False
qwen3.5-9b,transfer,fc743905a087,c4,False,train,tool,natural_slot,88,40,76,87,False
qwen3.5-9b,transfer,fc743905a087,c4,False,train,assistant,natural_slot,76,40,66,75,False
qwen3.5-9b,transfer,e0a3e3b4d631,c4,False,train,system,fixed_slot,78,57,59,77,False
qwen3.5-9b,transfer,e0a3e3b4d631,c4,False,train,user,fixed_slot,89,57,79,88,True
qwen3.5-9b,transfer,e0a3e3b4d631,c4,False,train,tool,fixed_slot,93,57,81,92,True
qwen3.5-9b,transfer,e0a3e3b4d631,c4,False,train,assistant,fixed_slot,93,57,83,92,True
qwen3.5-9b,transfer,e0a3e3b4d631,c4,False,train,system,natural_slot,78,57,59,77,False
qwen3.5-9b,transfer,e0a3e3b4d631,c4,False,train,user,natural_slot,80,57,70,79,False
qwen3.5-9b,transfer,e0a3e3b4d631,c4,False,train,tool,natural_slot,105,57,93,104,False
qwen3.5-9b,transfer,e0a3e3b4d631,c4,False,train,assistant,natural_slot,93,57,83,92,False
qwen3.5-9b,transfer,44a18a45a70c,c4,False,train,system,fixed_slot,85,64,66,84,False
qwen3.5-9b,transfer,44a18a45a70c,c4,False,train,user,fixed_slot,96,64,86,95,True
qwen3.5-9b,transfer,44a18a45a70c,c4,False,train,tool,fixed_slot,100,64,88,99,True
qwen3.5-9b,transfer,44a18a45a70c,c4,False,train,assistant,fixed_slot,100,64,90,99,True
qwen3.5-9b,transfer,44a18a45a70c,c4,False,train,system,natural_slot,85,64,66,84,False
qwen3.5-9b,transfer,44a18a45a70c,c4,False,train,user,natural_slot,87,64,77,86,False
qwen3.5-9b,transfer,44a18a45a70c,c4,False,train,tool,natural_slot,112,64,100,111,False
qwen3.5-9b,transfer,44a18a45a70c,c4,False,train,assistant,natural_slot,100,64,90,99,False
qwen3.5-9b,transfer,5522878329e4,c4,False,train,system,fixed_slot,93,72,74,92,False
qwen3.5-9b,transfer,5522878329e4,c4,False,train,user,fixed_slot,104,72,94,103,True
qwen3.5-9b,transfer,5522878329e4,c4,False,train,tool,fixed_slot,108,72,96,107,True
qwen3.5-9b,transfer,5522878329e4,c4,False,train,assistant,fixed_slot,108,72,98,107,True
qwen3.5-9b,transfer,5522878329e4,c4,False,train,system,natural_slot,93,72,74,92,False
qwen3.5-9b,transfer,5522878329e4,c4,False,train,user,natural_slot,95,72,85,94,False
qwen3.5-9b,transfer,5522878329e4,c4,False,train,tool,natural_slot,120,72,108,119,False
qwen3.5-9b,transfer,5522878329e4,c4,False,train,assistant,natural_slot,108,72,98,107,False
qwen3.5-9b,transfer,1b67419dc4e4,c4,False,test,system,fixed_slot,52,31,33,51,False
qwen3.5-9b,transfer,1b67419dc4e4,c4,False,test,user,fixed_slot,63,31,53,62,True
qwen3.5-9b,transfer,1b67419dc4e4,c4,False,test,tool,fixed_slot,67,31,55,66,True
qwen3.5-9b,transfer,1b67419dc4e4,c4,False,test,assistant,fixed_slot,67,31,57,66,True
qwen3.5-9b,transfer,1b67419dc4e4,c4,False,test,system,natural_slot,52,31,33,51,False
qwen3.5-9b,transfer,1b67419dc4e4,c4,False,test,user,natural_slot,54,31,44,53,False
qwen3.5-9b,transfer,1b67419dc4e4,c4,False,test,tool,natural_slot,79,31,67,78,False
qwen3.5-9b,transfer,1b67419dc4e4,c4,False,test,assistant,natural_slot,67,31,57,66,False
qwen3.5-9b,transfer,b3752fcc6710,c4,False,train,system,fixed_slot,100,79,81,99,False
qwen3.5-9b,transfer,b3752fcc6710,c4,False,train,user,fixed_slot,111,79,101,110,True
qwen3.5-9b,transfer,b3752fcc6710,c4,False,train,tool,fixed_slot,115,79,103,114,True
qwen3.5-9b,transfer,b3752fcc6710,c4,False,train,assistant,fixed_slot,115,79,105,114,True
qwen3.5-9b,transfer,b3752fcc6710,c4,False,train,system,natural_slot,100,79,81,99,False
qwen3.5-9b,transfer,b3752fcc6710,c4,False,train,user,natural_slot,102,79,92,101,False
qwen3.5-9b,transfer,b3752fcc6710,c4,False,train,tool,natural_slot,127,79,115,126,False
qwen3.5-9b,transfer,b3752fcc6710,c4,False,train,assistant,natural_slot,115,79,105,114,False
qwen3.5-9b,transfer,f32a4b894394,c4,False,train,system,fixed_slot,89,68,70,88,False
qwen3.5-9b,transfer,f32a4b894394,c4,False,train,user,fixed_slot,100,68,90,99,True
qwen3.5-9b,transfer,f32a4b894394,c4,False,train,tool,fixed_slot,104,68,92,103,True
qwen3.5-9b,transfer,f32a4b894394,c4,False,train,assistant,fixed_slot,104,68,94,103,True
qwen3.5-9b,transfer,f32a4b894394,c4,False,train,system,natural_slot,89,68,70,88,False
qwen3.5-9b,transfer,f32a4b894394,c4,False,train,user,natural_slot,91,68,81,90,False
qwen3.5-9b,transfer,f32a4b894394,c4,False,train,tool,natural_slot,116,68,104,115,False
qwen3.5-9b,transfer,f32a4b894394,c4,False,train,assistant,natural_slot,104,68,94,103,False
qwen3.5-9b,transfer,46afdb645f25,c4,False,train,system,fixed_slot,64,43,45,63,False
qwen3.5-9b,transfer,46afdb645f25,c4,False,train,user,fixed_slot,75,43,65,74,True
qwen3.5-9b,transfer,46afdb645f25,c4,False,train,tool,fixed_slot,79,43,67,78,True
qwen3.5-9b,transfer,46afdb645f25,c4,False,train,assistant,fixed_slot,79,43,69,78,True
qwen3.5-9b,transfer,46afdb645f25,c4,False,train,system,natural_slot,64,43,45,63,False
qwen3.5-9b,transfer,46afdb645f25,c4,False,train,user,natural_slot,66,43,56,65,False
qwen3.5-9b,transfer,46afdb645f25,c4,False,train,tool,natural_slot,91,43,79,90,False
qwen3.5-9b,transfer,46afdb645f25,c4,False,train,assistant,natural_slot,79,43,69,78,False
qwen3.5-9b,transfer,2e178187fc79,c4,False,test,system,fixed_slot,90,69,71,89,False
qwen3.5-9b,transfer,2e178187fc79,c4,False,test,user,fixed_slot,101,69,91,100,True
qwen3.5-9b,transfer,2e178187fc79,c4,False,test,tool,fixed_slot,105,69,93,104,True
qwen3.5-9b,transfer,2e178187fc79,c4,False,test,assistant,fixed_slot,105,69,95,104,True
qwen3.5-9b,transfer,2e178187fc79,c4,False,test,system,natural_slot,90,69,71,89,False
qwen3.5-9b,transfer,2e178187fc79,c4,False,test,user,natural_slot,92,69,82,91,False
qwen3.5-9b,transfer,2e178187fc79,c4,False,test,tool,natural_slot,117,69,105,116,False
qwen3.5-9b,transfer,2e178187fc79,c4,False,test,assistant,natural_slot,105,69,95,104,False
qwen3.5-9b,transfer,23117fc5988f,c4,False,test,system,fixed_slot,77,56,58,76,False
qwen3.5-9b,transfer,23117fc5988f,c4,False,test,user,fixed_slot,88,56,78,87,True
qwen3.5-9b,transfer,23117fc5988f,c4,False,test,tool,fixed_slot,92,56,80,91,True
qwen3.5-9b,transfer,23117fc5988f,c4,False,test,assistant,fixed_slot,92,56,82,91,True
qwen3.5-9b,transfer,23117fc5988f,c4,False,test,system,natural_slot,77,56,58,76,False
qwen3.5-9b,transfer,23117fc5988f,c4,False,test,user,natural_slot,79,56,69,78,False
qwen3.5-9b,transfer,23117fc5988f,c4,False,test,tool,natural_slot,104,56,92,103,False
qwen3.5-9b,transfer,23117fc5988f,c4,False,test,assistant,natural_slot,92,56,82,91,False
qwen3.5-9b,transfer,e6ee4da6a878,c4,False,train,system,fixed_slot,118,97,99,117,False
qwen3.5-9b,transfer,e6ee4da6a878,c4,False,train,user,fixed_slot,129,97,119,128,True
qwen3.5-9b,transfer,e6ee4da6a878,c4,False,train,tool,fixed_slot,133,97,121,132,True
qwen3.5-9b,transfer,e6ee4da6a878,c4,False,train,assistant,fixed_slot,133,97,123,132,True
qwen3.5-9b,transfer,e6ee4da6a878,c4,False,train,system,natural_slot,118,97,99,117,False
qwen3.5-9b,transfer,e6ee4da6a878,c4,False,train,user,natural_slot,120,97,110,119,False
qwen3.5-9b,transfer,e6ee4da6a878,c4,False,train,tool,natural_slot,145,97,133,144,False
qwen3.5-9b,transfer,e6ee4da6a878,c4,False,train,assistant,natural_slot,133,97,123,132,False
qwen3.5-9b,transfer,ace16899552a,c4,False,train,system,fixed_slot,62,41,43,61,False
qwen3.5-9b,transfer,ace16899552a,c4,False,train,user,fixed_slot,73,41,63,72,True
qwen3.5-9b,transfer,ace16899552a,c4,False,train,tool,fixed_slot,77,41,65,76,True
qwen3.5-9b,transfer,ace16899552a,c4,False,train,assistant,fixed_slot,77,41,67,76,True
qwen3.5-9b,transfer,ace16899552a,c4,False,train,system,natural_slot,62,41,43,61,False
qwen3.5-9b,transfer,ace16899552a,c4,False,train,user,natural_slot,64,41,54,63,False
qwen3.5-9b,transfer,ace16899552a,c4,False,train,tool,natural_slot,89,41,77,88,False
qwen3.5-9b,transfer,ace16899552a,c4,False,train,assistant,natural_slot,77,41,67,76,False
qwen3.5-9b,transfer,7be69fecd522,c4,False,train,system,fixed_slot,87,66,68,86,False
qwen3.5-9b,transfer,7be69fecd522,c4,False,train,user,fixed_slot,98,66,88,97,True
qwen3.5-9b,transfer,7be69fecd522,c4,False,train,tool,fixed_slot,102,66,90,101,True
qwen3.5-9b,transfer,7be69fecd522,c4,False,train,assistant,fixed_slot,102,66,92,101,True
qwen3.5-9b,transfer,7be69fecd522,c4,False,train,system,natural_slot,87,66,68,86,False
qwen3.5-9b,transfer,7be69fecd522,c4,False,train,user,natural_slot,89,66,79,88,False
qwen3.5-9b,transfer,7be69fecd522,c4,False,train,tool,natural_slot,114,66,102,113,False
qwen3.5-9b,transfer,7be69fecd522,c4,False,train,assistant,natural_slot,102,66,92,101,False
qwen3.5-9b,transfer,cfa255603abe,c4,False,test,system,fixed_slot,98,77,79,97,False
qwen3.5-9b,transfer,cfa255603abe,c4,False,test,user,fixed_slot,109,77,99,108,True
qwen3.5-9b,transfer,cfa255603abe,c4,False,test,tool,fixed_slot,113,77,101,112,True
qwen3.5-9b,transfer,cfa255603abe,c4,False,test,assistant,fixed_slot,113,77,103,112,True
qwen3.5-9b,transfer,cfa255603abe,c4,False,test,system,natural_slot,98,77,79,97,False
qwen3.5-9b,transfer,cfa255603abe,c4,False,test,user,natural_slot,100,77,90,99,False
qwen3.5-9b,transfer,cfa255603abe,c4,False,test,tool,natural_slot,125,77,113,124,False
qwen3.5-9b,transfer,cfa255603abe,c4,False,test,assistant,natural_slot,113,77,103,112,False
qwen3.5-9b,transfer,e6a32029c862,c4,False,train,system,fixed_slot,93,72,74,92,False
qwen3.5-9b,transfer,e6a32029c862,c4,False,train,user,fixed_slot,104,72,94,103,True
qwen3.5-9b,transfer,e6a32029c862,c4,False,train,tool,fixed_slot,108,72,96,107,True
qwen3.5-9b,transfer,e6a32029c862,c4,False,train,assistant,fixed_slot,108,72,98,107,True
qwen3.5-9b,transfer,e6a32029c862,c4,False,train,system,natural_slot,93,72,74,92,False
qwen3.5-9b,transfer,e6a32029c862,c4,False,train,user,natural_slot,95,72,85,94,False
qwen3.5-9b,transfer,e6a32029c862,c4,False,train,tool,natural_slot,120,72,108,119,False
qwen3.5-9b,transfer,e6a32029c862,c4,False,train,assistant,natural_slot,108,72,98,107,False
qwen3.5-9b,transfer,f55d99ed0374,c4,False,train,system,fixed_slot,86,65,67,85,False
qwen3.5-9b,transfer,f55d99ed0374,c4,False,train,user,fixed_slot,97,65,87,96,True
qwen3.5-9b,transfer,f55d99ed0374,c4,False,train,tool,fixed_slot,101,65,89,100,True
qwen3.5-9b,transfer,f55d99ed0374,c4,False,train,assistant,fixed_slot,101,65,91,100,True
qwen3.5-9b,transfer,f55d99ed0374,c4,False,train,system,natural_slot,86,65,67,85,False
qwen3.5-9b,transfer,f55d99ed0374,c4,False,train,user,natural_slot,88,65,78,87,False
qwen3.5-9b,transfer,f55d99ed0374,c4,False,train,tool,natural_slot,113,65,101,112,False
qwen3.5-9b,transfer,f55d99ed0374,c4,False,train,assistant,natural_slot,101,65,91,100,False
qwen3.5-9b,transfer,23ebe3e9d5f9,c4,False,train,system,fixed_slot,81,60,62,80,False
qwen3.5-9b,transfer,23ebe3e9d5f9,c4,False,train,user,fixed_slot,92,60,82,91,True
qwen3.5-9b,transfer,23ebe3e9d5f9,c4,False,train,tool,fixed_slot,96,60,84,95,True
qwen3.5-9b,transfer,23ebe3e9d5f9,c4,False,train,assistant,fixed_slot,96,60,86,95,True
qwen3.5-9b,transfer,23ebe3e9d5f9,c4,False,train,system,natural_slot,81,60,62,80,False
qwen3.5-9b,transfer,23ebe3e9d5f9,c4,False,train,user,natural_slot,83,60,73,82,False
qwen3.5-9b,transfer,23ebe3e9d5f9,c4,False,train,tool,natural_slot,108,60,96,107,False
qwen3.5-9b,transfer,23ebe3e9d5f9,c4,False,train,assistant,natural_slot,96,60,86,95,False
qwen3.5-9b,transfer,53557a1a26e4,c4,False,test,system,fixed_slot,78,57,59,77,False
qwen3.5-9b,transfer,53557a1a26e4,c4,False,test,user,fixed_slot,89,57,79,88,True
qwen3.5-9b,transfer,53557a1a26e4,c4,False,test,tool,fixed_slot,93,57,81,92,True
qwen3.5-9b,transfer,53557a1a26e4,c4,False,test,assistant,fixed_slot,93,57,83,92,True
qwen3.5-9b,transfer,53557a1a26e4,c4,False,test,system,natural_slot,78,57,59,77,False
qwen3.5-9b,transfer,53557a1a26e4,c4,False,test,user,natural_slot,80,57,70,79,False
qwen3.5-9b,transfer,53557a1a26e4,c4,False,test,tool,natural_slot,105,57,93,104,False
qwen3.5-9b,transfer,53557a1a26e4,c4,False,test,assistant,natural_slot,93,57,83,92,False
qwen3.5-9b,transfer,80714b877f45,c4,False,train,system,fixed_slot,95,74,76,94,False
qwen3.5-9b,transfer,80714b877f45,c4,False,train,user,fixed_slot,106,74,96,105,True
qwen3.5-9b,transfer,80714b877f45,c4,False,train,tool,fixed_slot,110,74,98,109,True
qwen3.5-9b,transfer,80714b877f45,c4,False,train,assistant,fixed_slot,110,74,100,109,True
qwen3.5-9b,transfer,80714b877f45,c4,False,train,system,natural_slot,95,74,76,94,False
qwen3.5-9b,transfer,80714b877f45,c4,False,train,user,natural_slot,97,74,87,96,False
qwen3.5-9b,transfer,80714b877f45,c4,False,train,tool,natural_slot,122,74,110,121,False
qwen3.5-9b,transfer,80714b877f45,c4,False,train,assistant,natural_slot,110,74,100,109,False
qwen3.5-9b,transfer,7715bc6cac40,c4,False,train,system,fixed_slot,92,71,73,91,False
qwen3.5-9b,transfer,7715bc6cac40,c4,False,train,user,fixed_slot,103,71,93,102,True
qwen3.5-9b,transfer,7715bc6cac40,c4,False,train,tool,fixed_slot,107,71,95,106,True
qwen3.5-9b,transfer,7715bc6cac40,c4,False,train,assistant,fixed_slot,107,71,97,106,True
qwen3.5-9b,transfer,7715bc6cac40,c4,False,train,system,natural_slot,92,71,73,91,False
qwen3.5-9b,transfer,7715bc6cac40,c4,False,train,user,natural_slot,94,71,84,93,False
qwen3.5-9b,transfer,7715bc6cac40,c4,False,train,tool,natural_slot,119,71,107,118,False
qwen3.5-9b,transfer,7715bc6cac40,c4,False,train,assistant,natural_slot,107,71,97,106,False
qwen3.5-9b,transfer,ffee1ea34464,c4,False,train,system,fixed_slot,57,36,38,56,False
qwen3.5-9b,transfer,ffee1ea34464,c4,False,train,user,fixed_slot,68,36,58,67,True
qwen3.5-9b,transfer,ffee1ea34464,c4,False,train,tool,fixed_slot,72,36,60,71,True
qwen3.5-9b,transfer,ffee1ea34464,c4,False,train,assistant,fixed_slot,72,36,62,71,True
qwen3.5-9b,transfer,ffee1ea34464,c4,False,train,system,natural_slot,57,36,38,56,False
qwen3.5-9b,transfer,ffee1ea34464,c4,False,train,user,natural_slot,59,36,49,58,False
qwen3.5-9b,transfer,ffee1ea34464,c4,False,train,tool,natural_slot,84,36,72,83,False
qwen3.5-9b,transfer,ffee1ea34464,c4,False,train,assistant,natural_slot,72,36,62,71,False
qwen3.5-9b,transfer,4fde9d931be1,c4,False,train,system,fixed_slot,54,33,35,53,False
qwen3.5-9b,transfer,4fde9d931be1,c4,False,train,user,fixed_slot,65,33,55,64,True
qwen3.5-9b,transfer,4fde9d931be1,c4,False,train,tool,fixed_slot,69,33,57,68,True
qwen3.5-9b,transfer,4fde9d931be1,c4,False,train,assistant,fixed_slot,69,33,59,68,True
qwen3.5-9b,transfer,4fde9d931be1,c4,False,train,system,natural_slot,54,33,35,53,False
qwen3.5-9b,transfer,4fde9d931be1,c4,False,train,user,natural_slot,56,33,46,55,False
qwen3.5-9b,transfer,4fde9d931be1,c4,False,train,tool,natural_slot,81,33,69,80,False
qwen3.5-9b,transfer,4fde9d931be1,c4,False,train,assistant,natural_slot,69,33,59,68,False
qwen3.5-9b,transfer,63d56580c9f8,c4,False,train,system,fixed_slot,71,50,52,70,False
qwen3.5-9b,transfer,63d56580c9f8,c4,False,train,user,fixed_slot,82,50,72,81,True
qwen3.5-9b,transfer,63d56580c9f8,c4,False,train,tool,fixed_slot,86,50,74,85,True
qwen3.5-9b,transfer,63d56580c9f8,c4,False,train,assistant,fixed_slot,86,50,76,85,True
qwen3.5-9b,transfer,63d56580c9f8,c4,False,train,system,natural_slot,71,50,52,70,False
qwen3.5-9b,transfer,63d56580c9f8,c4,False,train,user,natural_slot,73,50,63,72,False
qwen3.5-9b,transfer,63d56580c9f8,c4,False,train,tool,natural_slot,98,50,86,97,False
qwen3.5-9b,transfer,63d56580c9f8,c4,False,train,assistant,natural_slot,86,50,76,85,False
qwen3.5-9b,transfer,825874a70a05,c4,False,train,system,fixed_slot,85,64,66,84,False
qwen3.5-9b,transfer,825874a70a05,c4,False,train,user,fixed_slot,96,64,86,95,True
qwen3.5-9b,transfer,825874a70a05,c4,False,train,tool,fixed_slot,100,64,88,99,True
qwen3.5-9b,transfer,825874a70a05,c4,False,train,assistant,fixed_slot,100,64,90,99,True
qwen3.5-9b,transfer,825874a70a05,c4,False,train,system,natural_slot,85,64,66,84,False
qwen3.5-9b,transfer,825874a70a05,c4,False,train,user,natural_slot,87,64,77,86,False
qwen3.5-9b,transfer,825874a70a05,c4,False,train,tool,natural_slot,112,64,100,111,False
qwen3.5-9b,transfer,825874a70a05,c4,False,train,assistant,natural_slot,100,64,90,99,False
qwen3.5-9b,transfer,b1782b87f7db,c4,False,train,system,fixed_slot,67,46,48,66,False
qwen3.5-9b,transfer,b1782b87f7db,c4,False,train,user,fixed_slot,78,46,68,77,True
qwen3.5-9b,transfer,b1782b87f7db,c4,False,train,tool,fixed_slot,82,46,70,81,True
qwen3.5-9b,transfer,b1782b87f7db,c4,False,train,assistant,fixed_slot,82,46,72,81,True
qwen3.5-9b,transfer,b1782b87f7db,c4,False,train,system,natural_slot,67,46,48,66,False
qwen3.5-9b,transfer,b1782b87f7db,c4,False,train,user,natural_slot,69,46,59,68,False
qwen3.5-9b,transfer,b1782b87f7db,c4,False,train,tool,natural_slot,94,46,82,93,False
qwen3.5-9b,transfer,b1782b87f7db,c4,False,train,assistant,natural_slot,82,46,72,81,False
qwen3.5-9b,transfer,eafd118ec064,c4,False,test,system,fixed_slot,104,83,85,103,False
qwen3.5-9b,transfer,eafd118ec064,c4,False,test,user,fixed_slot,115,83,105,114,True
qwen3.5-9b,transfer,eafd118ec064,c4,False,test,tool,fixed_slot,119,83,107,118,True
qwen3.5-9b,transfer,eafd118ec064,c4,False,test,assistant,fixed_slot,119,83,109,118,True
qwen3.5-9b,transfer,eafd118ec064,c4,False,test,system,natural_slot,104,83,85,103,False
qwen3.5-9b,transfer,eafd118ec064,c4,False,test,user,natural_slot,106,83,96,105,False
qwen3.5-9b,transfer,eafd118ec064,c4,False,test,tool,natural_slot,131,83,119,130,False
qwen3.5-9b,transfer,eafd118ec064,c4,False,test,assistant,natural_slot,119,83,109,118,False
qwen3.5-9b,transfer,e099505cdc23,c4,False,test,system,fixed_slot,71,50,52,70,False
qwen3.5-9b,transfer,e099505cdc23,c4,False,test,user,fixed_slot,82,50,72,81,True
qwen3.5-9b,transfer,e099505cdc23,c4,False,test,tool,fixed_slot,86,50,74,85,True
qwen3.5-9b,transfer,e099505cdc23,c4,False,test,assistant,fixed_slot,86,50,76,85,True
qwen3.5-9b,transfer,e099505cdc23,c4,False,test,system,natural_slot,71,50,52,70,False
qwen3.5-9b,transfer,e099505cdc23,c4,False,test,user,natural_slot,73,50,63,72,False
qwen3.5-9b,transfer,e099505cdc23,c4,False,test,tool,natural_slot,98,50,86,97,False
qwen3.5-9b,transfer,e099505cdc23,c4,False,test,assistant,natural_slot,86,50,76,85,False
qwen3.5-9b,transfer,2033d0d0b9ee,c4,False,train,system,fixed_slot,98,77,79,97,False
qwen3.5-9b,transfer,2033d0d0b9ee,c4,False,train,user,fixed_slot,109,77,99,108,True
qwen3.5-9b,transfer,2033d0d0b9ee,c4,False,train,tool,fixed_slot,113,77,101,112,True
qwen3.5-9b,transfer,2033d0d0b9ee,c4,False,train,assistant,fixed_slot,113,77,103,112,True
qwen3.5-9b,transfer,2033d0d0b9ee,c4,False,train,system,natural_slot,98,77,79,97,False
qwen3.5-9b,transfer,2033d0d0b9ee,c4,False,train,user,natural_slot,100,77,90,99,False
qwen3.5-9b,transfer,2033d0d0b9ee,c4,False,train,tool,natural_slot,125,77,113,124,False
qwen3.5-9b,transfer,2033d0d0b9ee,c4,False,train,assistant,natural_slot,113,77,103,112,False
qwen3.5-9b,transfer,97d82bfdedca,c4,False,test,system,fixed_slot,95,74,76,94,False
qwen3.5-9b,transfer,97d82bfdedca,c4,False,test,user,fixed_slot,106,74,96,105,True
qwen3.5-9b,transfer,97d82bfdedca,c4,False,test,tool,fixed_slot,110,74,98,109,True
qwen3.5-9b,transfer,97d82bfdedca,c4,False,test,assistant,fixed_slot,110,74,100,109,True
qwen3.5-9b,transfer,97d82bfdedca,c4,False,test,system,natural_slot,95,74,76,94,False
qwen3.5-9b,transfer,97d82bfdedca,c4,False,test,user,natural_slot,97,74,87,96,False
qwen3.5-9b,transfer,97d82bfdedca,c4,False,test,tool,natural_slot,122,74,110,121,False
qwen3.5-9b,transfer,97d82bfdedca,c4,False,test,assistant,natural_slot,110,74,100,109,False
qwen3.5-9b,transfer,cfaadcf8b286,c4,False,train,system,fixed_slot,95,74,76,94,False
qwen3.5-9b,transfer,cfaadcf8b286,c4,False,train,user,fixed_slot,106,74,96,105,True
qwen3.5-9b,transfer,cfaadcf8b286,c4,False,train,tool,fixed_slot,110,74,98,109,True
qwen3.5-9b,transfer,cfaadcf8b286,c4,False,train,assistant,fixed_slot,110,74,100,109,True
qwen3.5-9b,transfer,cfaadcf8b286,c4,False,train,system,natural_slot,95,74,76,94,False
qwen3.5-9b,transfer,cfaadcf8b286,c4,False,train,user,natural_slot,97,74,87,96,False
qwen3.5-9b,transfer,cfaadcf8b286,c4,False,train,tool,natural_slot,122,74,110,121,False
qwen3.5-9b,transfer,cfaadcf8b286,c4,False,train,assistant,natural_slot,110,74,100,109,False
qwen3.5-9b,transfer,1a21e1280e11,c4,False,train,system,fixed_slot,55,34,36,54,False
qwen3.5-9b,transfer,1a21e1280e11,c4,False,train,user,fixed_slot,66,34,56,65,True
qwen3.5-9b,transfer,1a21e1280e11,c4,False,train,tool,fixed_slot,70,34,58,69,True
qwen3.5-9b,transfer,1a21e1280e11,c4,False,train,assistant,fixed_slot,70,34,60,69,True
qwen3.5-9b,transfer,1a21e1280e11,c4,False,train,system,natural_slot,55,34,36,54,False
qwen3.5-9b,transfer,1a21e1280e11,c4,False,train,user,natural_slot,57,34,47,56,False
qwen3.5-9b,transfer,1a21e1280e11,c4,False,train,tool,natural_slot,82,34,70,81,False
qwen3.5-9b,transfer,1a21e1280e11,c4,False,train,assistant,natural_slot,70,34,60,69,False
qwen3.5-9b,transfer,b368090355d3,c4,False,train,system,fixed_slot,63,42,44,62,False
qwen3.5-9b,transfer,b368090355d3,c4,False,train,user,fixed_slot,74,42,64,73,True
qwen3.5-9b,transfer,b368090355d3,c4,False,train,tool,fixed_slot,78,42,66,77,True
qwen3.5-9b,transfer,b368090355d3,c4,False,train,assistant,fixed_slot,78,42,68,77,True
qwen3.5-9b,transfer,b368090355d3,c4,False,train,system,natural_slot,63,42,44,62,False
qwen3.5-9b,transfer,b368090355d3,c4,False,train,user,natural_slot,65,42,55,64,False
qwen3.5-9b,transfer,b368090355d3,c4,False,train,tool,natural_slot,90,42,78,89,False
qwen3.5-9b,transfer,b368090355d3,c4,False,train,assistant,natural_slot,78,42,68,77,False
qwen3.5-9b,transfer,cc7c7def599c,c4,False,train,system,fixed_slot,83,62,64,82,False
qwen3.5-9b,transfer,cc7c7def599c,c4,False,train,user,fixed_slot,94,62,84,93,True
qwen3.5-9b,transfer,cc7c7def599c,c4,False,train,tool,fixed_slot,98,62,86,97,True
qwen3.5-9b,transfer,cc7c7def599c,c4,False,train,assistant,fixed_slot,98,62,88,97,True
qwen3.5-9b,transfer,cc7c7def599c,c4,False,train,system,natural_slot,83,62,64,82,False
qwen3.5-9b,transfer,cc7c7def599c,c4,False,train,user,natural_slot,85,62,75,84,False
qwen3.5-9b,transfer,cc7c7def599c,c4,False,train,tool,natural_slot,110,62,98,109,False
qwen3.5-9b,transfer,cc7c7def599c,c4,False,train,assistant,natural_slot,98,62,88,97,False
