=== 2026-09-12T12:05:36+00:00 blank-slate post pass ===
  qwen2.5-7b                 Qwen     qwen2.5    dense  roles=default(4)
  qwen3.5-9b                 Qwen     qwen3.5    dense  roles=default(4)
  llama3.1-8b                Meta     llama3.1   dense  roles=default(4)
  yi-6b-chat                 01-AI    yi         dense  roles=default(4)
  qwen3.5-35b-a3b            Qwen     qwen3.5    moe    roles=default(4)
  nemotron-3-nano-30b-a3b    NVIDIA   nemotron3  moe    roles=default(4)
  => 6 models; 4 vendors (01-AI, Meta, NVIDIA, Qwen); 5 template families (llama3.1, nemotron3, qwen2.5, qwen3.5, yi); architectures: dense, moe
verifying models: qwen2.5-7b,qwen3.5-9b,llama3.1-8b,yi-6b-chat,qwen3.5-35b-a3b,nemotron-3-nano-30b-a3b

################################################################
# verify results/ (standalone)
################################################################
[ok  ] corpus: no train/test leakage by instruction
         {'train': 751, 'test': 249}
[ok  ] corpus: every instruction rendered under every (role, design)
         llama3.1-8b: 4 roles (assistant,system,tool,user) x 2 designs = 8; per instruction min=8 max=8
         nemotron-3-nano-30b-a3b: 4 roles (assistant,system,tool,user) x 2 designs = 8; per instruction min=8 max=8
         qwen2.5-7b: 4 roles (assistant,system,tool,user) x 2 designs = 8; per instruction min=8 max=8
         qwen3.5-35b-a3b: 4 roles (assistant,system,tool,user) x 2 designs = 8; per instruction min=8 max=8
         qwen3.5-9b: 4 roles (assistant,system,tool,user) x 2 designs = 8; per instruction min=8 max=8
         yi-6b-chat: 4 roles (assistant,system,tool,user) x 2 designs = 8; per instruction min=8 max=8

Roster under verification:
  qwen2.5-7b                 Qwen     qwen2.5    dense  roles=default(4)
  qwen3.5-9b                 Qwen     qwen3.5    dense  roles=default(4)
  llama3.1-8b                Meta     llama3.1   dense  roles=default(4)
  yi-6b-chat                 01-AI    yi         dense  roles=default(4)
  qwen3.5-35b-a3b            Qwen     qwen3.5    moe    roles=default(4)
  nemotron-3-nano-30b-a3b    NVIDIA   nemotron3  moe    roles=default(4)
  => 6 models; 4 vendors (01-AI, Meta, NVIDIA, Qwen); 5 template families (llama3.1, nemotron3, qwen2.5, qwen3.5, yi); architectures: dense, moe
[ok  ] roster: every registered RQ1 model was rendered
         expected ['qwen2.5-7b', 'qwen3.5-9b', 'llama3.1-8b', 'yi-6b-chat', 'qwen3.5-35b-a3b', 'nemotron-3-nano-30b-a3b']
         rendered ['llama3.1-8b', 'nemotron-3-nano-30b-a3b', 'qwen2.5-7b', 'qwen3.5-35b-a3b', 'qwen3.5-9b', 'yi-6b-chat']
[ok  ] roster: spans more than one vendor and both architectures
         vendors=['01-AI', 'Meta', 'NVIDIA', 'Qwen'] architectures=['dense', 'moe']
[ok  ] roster: R_role is the same class set on every model
         all 6 models carry ('assistant', 'system', 'tool', 'user')
[ok  ] corpus: template bleed is structurally bounded (tool role, <=1 char)
         llama3.1-8b/tool/fixed_slot ['"'] harmful=0.438 harmless=0.924 |d|=0.486
         llama3.1-8b/tool/natural_slot ['"'] harmful=0.438 harmless=0.924 |d|=0.486
         nemotron-3-nano-30b-a3b/tool/fixed_slot ['\n'] harmful=0.408 harmless=0.920 |d|=0.512
         nemotron-3-nano-30b-a3b/tool/natural_slot ['\n'] harmful=0.408 harmless=0.920 |d|=0.512
         qwen2.5-7b/tool/fixed_slot ['\n'] harmful=0.408 harmless=0.922 |d|=0.514
         qwen2.5-7b/tool/natural_slot ['\n'] harmful=0.408 harmless=0.922 |d|=0.514
         qwen3.5-35b-a3b/tool/fixed_slot ['\n'] harmful=0.000 harmless=0.002 |d|=0.002
         qwen3.5-35b-a3b/tool/natural_slot ['\n'] harmful=0.000 harmless=0.002 |d|=0.002
         qwen3.5-9b/tool/fixed_slot ['\n'] harmful=0.000 harmless=0.002 |d|=0.002
         qwen3.5-9b/tool/natural_slot ['\n'] harmful=0.000 harmless=0.002 |d|=0.002
[info] bleed by-label rate difference is REPORTED, not gated — it tracks source punctuation and is covered by the surface baseline
[ok  ] E1.7 L2: every base appears in every register
         generated per base {3} (expect {3}), template per base {6} (expect {6})
[ok  ] E1.7 L2: both arms cover the same bases
         the template arm is the control for the generated arm, so it must hold the same requests
[ok  ] E1.7 L2: corpus declared usable
         92 complete bases (floor 40)
[ok  ] E1.7 L2: content coverage recorded per item
         median 1.000, min 0.286 over 276 generated rewrites — report this, do not assume it
[info] qwen2.5-7b: train-selected vs test-argmax layer per concept — 4/7 coincide: R_harm: L16/L16, R_harm_user: L17/L17, R_control: L20/L18, R_harm_at_post: L16/L16, R_control_harmless: L26/L21
[ok  ] qwen2.5-7b: fit/eval instruction sets disjoint
         train=751 test=249 overlap=0
[ok  ] qwen2.5-7b: every direction beats its length-only baseline
[ok  ] qwen2.5-7b: R_control fit excludes the undetermined pool (E is held out)
         fit counts {'n_positive': 2167, 'n_negative': 174, 'n_test_pos': 709, 'n_test_neg': 63} vs labels {'n_positive': 2167, 'n_negative': 174, 'n_test_pos': 709, 'n_test_neg': 63}; 887 undetermined items are in neither class
[ok  ] qwen2.5-7b: every reported CI has >= 20 MINORITY-class test items
         R_control minority=63, R_control_harmless minority=68, R_control_preguard minority=291, R_control_unbalanced minority=63, R_harm minority=992, R_harm_at_post minority=992, R_harm_user minority=248
[ok  ] qwen2.5-7b: every reported CI has >= 20 test instructions (union, weaker check)
         min n_test_instructions = 114 across 196 direction-layer fits
[ok  ] qwen2.5-7b: activation cache is present where the run recorded it
         /scratch/b6aj/jtelintelo.b6aj/rq1-activation-cache/results-fcbf856b/rq1/qwen2.5-7b/activations.pt
[ok  ] qwen2.5-7b: activations finite, fp16 storage has headroom
         absmax=364.0 (fp16 max 65504, 180x headroom), nan=0 inf=0
[ok  ] qwen2.5-7b: cached activation index aligns with refusal labels
         n_cached=8000 n_labels=8000
[ok  ] qwen2.5-7b: E1.1d variants are role-balanced
         4 variant-position fits; role TV before balancing: [0.235, 0.235, 0.075, 0.075]
[ok  ] qwen2.5-7b: E1.1d variants beat their length-only baseline
         AUC vs length-only: R_harm_in_refused@t_inst 0.996 vs 0.622; R_harm_in_refused_at_post@t_post_inst 0.997 vs 0.622; R_harm_in_complied@t_inst 0.979 vs 0.770; R_harm_in_complied_at_post@t_post_inst 0.991 vs 0.770
[ok  ] qwen2.5-7b: E1.7 Level 2 has both arms
         arms present: ['generated', 'template'] — `generated` is the real test, `template` upper-bounds how detectable register can be
[ok  ] qwen2.5-7b: E1.7 Level 2 cosines carry a split-half floor
         1008 rows; median floor 0.903
[ok  ] qwen2.5-7b: every variant run is supported by this run's labels
         ran ['over', 'under']; labels support ['over', 'under']
[ok  ] qwen2.5-7b: skipped variants are ones the labels call unusable
         skipped -; labels support ['over', 'under']
[ok  ] qwen2.5-7b: no usable control contrast was left unrun
         ran every supported variant: ['over', 'under']
[ok  ] qwen2.5-7b: matched cross-model arm 'over' was run
         causal_gate__over.json present
[ok  ] qwen2.5-7b: gate artifacts present
         ['causal_gate__over.json', 'causal_gate__under.json'] / ['causal_matrix__over.csv', 'causal_matrix__under.csv']
[ok  ] qwen2.5-7b__over: no gate verdict from an untested criterion
         bounds reporting a verdict with 0 pairs tested: []
[ok  ] qwen2.5-7b__over: G2 is FDR-corrected
         BH q=0.05 over the asymmetry family, as pre-registered
[ok  ] qwen2.5-7b__over: every null band is finite and positive (G3-bug guard)
         all bands finite across 5 capability bounds
[ok  ] qwen2.5-7b__over: every alpha in the matrix has a behavioural null band
         alphas [0.25, 0.5, 1.0, 2.0, 4.0] all covered
         liveness qwen2.5-7b__over bound=0.1: G2 tested=287 ci_disjoint=187 beyond_null=136 fdr=204 -> holds=True | G3 holds=None n=None
         liveness qwen2.5-7b__over bound=0.25: G2 tested=435 ci_disjoint=298 beyond_null=215 fdr=319 -> holds=True | G3 holds=None n=None
         liveness qwen2.5-7b__over bound=0.5: G2 tested=521 ci_disjoint=349 beyond_null=268 fdr=376 -> holds=True | G3 holds=None n=None
         liveness qwen2.5-7b__over bound=1.0: G2 tested=573 ci_disjoint=390 beyond_null=304 fdr=418 -> holds=True | G3 holds=None n=None
         liveness qwen2.5-7b__over bound=2.0: G2 tested=684 ci_disjoint=459 beyond_null=357 fdr=494 -> holds=True | G3 holds=None n=None
[ok  ] qwen2.5-7b__under: no gate verdict from an untested criterion
         bounds reporting a verdict with 0 pairs tested: []
[ok  ] qwen2.5-7b__under: G2 is FDR-corrected
         BH q=0.05 over the asymmetry family, as pre-registered
[ok  ] qwen2.5-7b__under: every null band is finite and positive (G3-bug guard)
         all bands finite across 5 capability bounds
[ok  ] qwen2.5-7b__under: every alpha in the matrix has a behavioural null band
         alphas [0.25, 0.5, 1.0, 2.0, 4.0] all covered
         liveness qwen2.5-7b__under bound=0.1: G2 tested=287 ci_disjoint=220 beyond_null=128 fdr=237 -> holds=True | G3 holds=None n=None
         liveness qwen2.5-7b__under bound=0.25: G2 tested=416 ci_disjoint=295 beyond_null=186 fdr=314 -> holds=True | G3 holds=None n=None
         liveness qwen2.5-7b__under bound=0.5: G2 tested=521 ci_disjoint=375 beyond_null=252 fdr=396 -> holds=True | G3 holds=None n=None
         liveness qwen2.5-7b__under bound=1.0: G2 tested=573 ci_disjoint=393 beyond_null=288 fdr=416 -> holds=True | G3 holds=None n=None
         liveness qwen2.5-7b__under bound=2.0: G2 tested=667 ci_disjoint=435 beyond_null=331 fdr=459 -> holds=True | G3 holds=None n=None
[ok  ] qwen2.5-7b__over: steering readout is calibrated (delta_AA ~= alpha)
         median |delta/alpha - 1| = 0.098 at the first read layer
[ok  ] qwen2.5-7b__over: behavioural readout is generation-based
         refusal rate under intervention, labelled with the published rule
[ok  ] qwen2.5-7b__over: every downstream layer is read
         21 distinct read layers over 9 steer layers
[ok  ] qwen2.5-7b__over: gate family is the pre-registered read layers
         gate read layers per steer layer: [1, 2, 3] (expected <= 3); profile keeps 21 for description
[ok  ] qwen2.5-7b__over: both read positions present
         ['t_inst', 't_post_inst']
[ok  ] qwen2.5-7b__under: steering readout is calibrated (delta_AA ~= alpha)
         median |delta/alpha - 1| = 0.102 at the first read layer
[ok  ] qwen2.5-7b__under: behavioural readout is generation-based
         refusal rate under intervention, labelled with the published rule
[ok  ] qwen2.5-7b__under: every downstream layer is read
         21 distinct read layers over 9 steer layers
[ok  ] qwen2.5-7b__under: gate family is the pre-registered read layers
         gate read layers per steer layer: [1, 2, 3] (expected <= 3); profile keeps 21 for description
[ok  ] qwen2.5-7b__under: both read positions present
         ['t_inst', 't_post_inst']
[ok  ] qwen2.5-7b: stage B swept the steered positions
         token sets present: ['all_real', 'instruction_span', 'post_instruction', 't_inst_only'] (pre-registered: all_real, instruction_span, t_inst_only, post_instruction; a set is skipped only where its span is empty)
[ok  ] qwen2.5-7b: steered-token set changes the intervention
         mean KL by token set: all_real=2.1695, instruction_span=0.1272, post_instruction=2.0211, t_inst_only=0.0203
[ok  ] qwen2.5-7b: stage B swept the steered positions
         token sets present: ['all_real', 'instruction_span', 'post_instruction', 't_inst_only'] (pre-registered: all_real, instruction_span, t_inst_only, post_instruction; a set is skipped only where its span is empty)
[ok  ] qwen2.5-7b: steered-token set changes the intervention
         mean KL by token set: all_real=2.4237, instruction_span=0.1582, post_instruction=2.2415, t_inst_only=0.0253
[info] qwen3.5-9b: train-selected vs test-argmax layer per concept — 3/5 coincide: R_harm: L15/L15, R_harm_user: L15/L15, R_harm_at_post: L28/L11, R_control_harmless: L30/L28, R_control_preguard: L30/L30
[ok  ] qwen3.5-9b: fit/eval instruction sets disjoint
         train=751 test=249 overlap=0
[ok  ] qwen3.5-9b: every direction beats its length-only baseline
[ok  ] qwen3.5-9b: every reported CI has >= 20 MINORITY-class test items
         R_control_harmless minority=81, R_control_preguard minority=62, R_harm minority=992, R_harm_at_post minority=992, R_harm_user minority=248
[ok  ] qwen3.5-9b: every reported CI has >= 20 test instructions (union, weaker check)
         min n_test_instructions = 124 across 160 direction-layer fits
[ok  ] qwen3.5-9b: activation cache is present where the run recorded it
         /scratch/b6aj/jtelintelo.b6aj/rq1-activation-cache/results-fcbf856b/rq1/qwen3.5-9b/activations.pt
[ok  ] qwen3.5-9b: activations finite, fp16 storage has headroom
         absmax=228.0 (fp16 max 65504, 287x headroom), nan=0 inf=0
[ok  ] qwen3.5-9b: cached activation index aligns with refusal labels
         n_cached=8000 n_labels=8000
[ok  ] qwen3.5-9b: E1.1d variants are role-balanced
         2 variant-position fits; role TV before balancing: [0.181, 0.181]
[ok  ] qwen3.5-9b: E1.1d variants beat their length-only baseline
         AUC vs length-only: R_harm_in_refused@t_inst 0.999 vs 0.644; R_harm_in_refused_at_post@t_post_inst 0.992 vs 0.644
[ok  ] qwen3.5-9b: E1.7 Level 2 has both arms
         arms present: ['generated', 'template'] — `generated` is the real test, `template` upper-bounds how detectable register can be
[ok  ] qwen3.5-9b: E1.7 Level 2 cosines carry a split-half floor
         1152 rows; median floor 0.856
[ok  ] qwen3.5-9b: every variant run is supported by this run's labels
         ran ['over']; labels support ['over']
[ok  ] qwen3.5-9b: skipped variants are ones the labels call unusable
         skipped ['under']; labels support ['over']
[ok  ] qwen3.5-9b: no usable control contrast was left unrun
         ran every supported variant: ['over'] (skipped, unusable: ['under'])
[ok  ] qwen3.5-9b: matched cross-model arm 'over' was run
         causal_gate__over.json present
[ok  ] qwen3.5-9b: gate artifacts present
         ['causal_gate__over.json'] / ['causal_matrix__over.csv']
[ok  ] qwen3.5-9b__over: no gate verdict from an untested criterion
         bounds reporting a verdict with 0 pairs tested: []
[ok  ] qwen3.5-9b__over: G2 is FDR-corrected
         BH q=0.05 over the asymmetry family, as pre-registered
[ok  ] qwen3.5-9b__over: every null band is finite and positive (G3-bug guard)
         all bands finite across 5 capability bounds
[ok  ] qwen3.5-9b__over: every alpha in the matrix has a behavioural null band
         alphas [0.25, 0.5, 1.0, 2.0, 4.0] all covered
         liveness qwen3.5-9b__over bound=0.1: G2 tested=364 ci_disjoint=283 beyond_null=249 fdr=293 -> holds=True | G3 holds=None n=None
         liveness qwen3.5-9b__over bound=0.25: G2 tested=466 ci_disjoint=365 beyond_null=317 fdr=380 -> holds=True | G3 holds=None n=None
         liveness qwen3.5-9b__over bound=0.5: G2 tested=632 ci_disjoint=520 beyond_null=452 fdr=539 -> holds=True | G3 holds=None n=None
         liveness qwen3.5-9b__over bound=1.0: G2 tested=732 ci_disjoint=607 beyond_null=515 fdr=627 -> holds=True | G3 holds=None n=None
         liveness qwen3.5-9b__over bound=2.0: G2 tested=792 ci_disjoint=659 beyond_null=544 fdr=680 -> holds=True | G3 holds=None n=None
[ok  ] qwen3.5-9b__over: steering readout is calibrated (delta_AA ~= alpha)
         median |delta/alpha - 1| = 0.069 at the first read layer
[ok  ] qwen3.5-9b__over: behavioural readout is generation-based
         refusal rate under intervention, labelled with the published rule
[ok  ] qwen3.5-9b__over: every downstream layer is read
         24 distinct read layers over 9 steer layers
[ok  ] qwen3.5-9b__over: gate family is the pre-registered read layers
         gate read layers per steer layer: [1, 2, 3] (expected <= 3); profile keeps 24 for description
[ok  ] qwen3.5-9b__over: both read positions present
         ['t_inst', 't_post_inst']
[ok  ] qwen3.5-9b: stage B swept the steered positions
         token sets present: ['all_real', 'instruction_span', 'post_instruction', 't_inst_only'] (pre-registered: all_real, instruction_span, t_inst_only, post_instruction; a set is skipped only where its span is empty)
[ok  ] qwen3.5-9b: steered-token set changes the intervention
         mean KL by token set: all_real=1.7358, instruction_span=0.0141, post_instruction=1.6515, t_inst_only=0.0016
[info] llama3.1-8b: train-selected vs test-argmax layer per concept — 2/7 coincide: R_harm: L11/L11, R_harm_user: L11/L12, R_control: L31/L30, R_harm_at_post: L13/L30, R_control_harmless: L30/L30
[ok  ] llama3.1-8b: fit/eval instruction sets disjoint
         train=751 test=249 overlap=0
[ok  ] llama3.1-8b: every direction beats its length-only baseline
[ok  ] llama3.1-8b: R_control fit excludes the undetermined pool (E is held out)
         fit counts {'n_positive': 2734, 'n_negative': 79, 'n_test_pos': 903, 'n_test_neg': 27} vs labels {'n_positive': 2734, 'n_negative': 79, 'n_test_pos': 903, 'n_test_neg': 27}; 257 undetermined items are in neither class
[ok  ] llama3.1-8b: every reported CI has >= 20 MINORITY-class test items
         R_control minority=27, R_control_harmless minority=88, R_control_preguard minority=97, R_control_unbalanced minority=27, R_harm minority=992, R_harm_at_post minority=992, R_harm_user minority=248
[ok  ] llama3.1-8b: every reported CI has >= 20 test instructions (union, weaker check)
         min n_test_instructions = 123 across 224 direction-layer fits
[ok  ] llama3.1-8b: activation cache is present where the run recorded it
         /scratch/b6aj/jtelintelo.b6aj/rq1-activation-cache/results-fcbf856b/rq1/llama3.1-8b/activations.pt
[ok  ] llama3.1-8b: activations finite, fp16 storage has headroom
         absmax=29.5 (fp16 max 65504, 2220x headroom), nan=0 inf=0
[ok  ] llama3.1-8b: cached activation index aligns with refusal labels
         n_cached=8000 n_labels=8000
[ok  ] llama3.1-8b: E1.1d variants are role-balanced
         4 variant-position fits; role TV before balancing: [0.083, 0.083, 0.13, 0.13]
[ok  ] llama3.1-8b: E1.1d variants beat their length-only baseline
         AUC vs length-only: R_harm_in_refused@t_inst 1.000 vs 0.660; R_harm_in_refused_at_post@t_post_inst 0.998 vs 0.660; R_harm_in_complied@t_inst 0.982 vs 0.788; R_harm_in_complied_at_post@t_post_inst 0.997 vs 0.788
[ok  ] llama3.1-8b: E1.7 Level 2 has both arms
         arms present: ['generated', 'template'] — `generated` is the real test, `template` upper-bounds how detectable register can be
[ok  ] llama3.1-8b: E1.7 Level 2 cosines carry a split-half floor
         1152 rows; median floor 0.910
[ok  ] llama3.1-8b: every variant run is supported by this run's labels
         ran ['over', 'under']; labels support ['over', 'under']
[ok  ] llama3.1-8b: skipped variants are ones the labels call unusable
         skipped -; labels support ['over', 'under']
[ok  ] llama3.1-8b: no usable control contrast was left unrun
         ran every supported variant: ['over', 'under']
[ok  ] llama3.1-8b: matched cross-model arm 'over' was run
         causal_gate__over.json present
[ok  ] llama3.1-8b: gate artifacts present
         ['causal_gate__over.json', 'causal_gate__under.json'] / ['causal_matrix__over.csv', 'causal_matrix__under.csv']
[ok  ] llama3.1-8b__over: no gate verdict from an untested criterion
         bounds reporting a verdict with 0 pairs tested: []
[ok  ] llama3.1-8b__over: G2 is FDR-corrected
         BH q=0.05 over the asymmetry family, as pre-registered
[ok  ] llama3.1-8b__over: every null band is finite and positive (G3-bug guard)
         all bands finite across 5 capability bounds
[ok  ] llama3.1-8b__over: every alpha in the matrix has a behavioural null band
         alphas [0.25, 0.5, 1.0, 2.0, 4.0] all covered
         liveness llama3.1-8b__over bound=0.1: G2 tested=381 ci_disjoint=304 beyond_null=227 fdr=321 -> holds=True | G3 holds=None n=None
         liveness llama3.1-8b__over bound=0.25: G2 tested=681 ci_disjoint=578 beyond_null=388 fdr=605 -> holds=True | G3 holds=None n=None
         liveness llama3.1-8b__over bound=0.5: G2 tested=822 ci_disjoint=705 beyond_null=496 fdr=739 -> holds=True | G3 holds=None n=None
         liveness llama3.1-8b__over bound=1.0: G2 tested=997 ci_disjoint=861 beyond_null=549 fdr=905 -> holds=True | G3 holds=None n=None
         liveness llama3.1-8b__over bound=2.0: G2 tested=1254 ci_disjoint=1109 beyond_null=750 fdr=1160 -> holds=True | G3 holds=None n=None
[ok  ] llama3.1-8b__under: no gate verdict from an untested criterion
         bounds reporting a verdict with 0 pairs tested: []
[ok  ] llama3.1-8b__under: G2 is FDR-corrected
         BH q=0.05 over the asymmetry family, as pre-registered
[ok  ] llama3.1-8b__under: every null band is finite and positive (G3-bug guard)
         all bands finite across 5 capability bounds
[ok  ] llama3.1-8b__under: every alpha in the matrix has a behavioural null band
         alphas [0.25, 0.5, 1.0, 2.0, 4.0] all covered
         liveness llama3.1-8b__under bound=0.1: G2 tested=327 ci_disjoint=212 beyond_null=163 fdr=228 -> holds=True | G3 holds=None n=None
         liveness llama3.1-8b__under bound=0.25: G2 tested=726 ci_disjoint=503 beyond_null=419 fdr=539 -> holds=True | G3 holds=None n=None
         liveness llama3.1-8b__under bound=0.5: G2 tested=805 ci_disjoint=548 beyond_null=470 fdr=599 -> holds=True | G3 holds=None n=None
         liveness llama3.1-8b__under bound=1.0: G2 tested=1035 ci_disjoint=755 beyond_null=574 fdr=826 -> holds=True | G3 holds=None n=None
         liveness llama3.1-8b__under bound=2.0: G2 tested=1270 ci_disjoint=922 beyond_null=763 fdr=1018 -> holds=True | G3 holds=None n=None
[ok  ] llama3.1-8b__over: steering readout is calibrated (delta_AA ~= alpha)
         median |delta/alpha - 1| = 0.104 at the first read layer
[ok  ] llama3.1-8b__over: behavioural readout is generation-based
         refusal rate under intervention, labelled with the published rule
[ok  ] llama3.1-8b__over: every downstream layer is read
         25 distinct read layers over 11 steer layers
[ok  ] llama3.1-8b__over: gate family is the pre-registered read layers
         gate read layers per steer layer: [1, 2, 3] (expected <= 3); profile keeps 25 for description
[ok  ] llama3.1-8b__over: both read positions present
         ['t_inst', 't_post_inst']
[ok  ] llama3.1-8b__under: steering readout is calibrated (delta_AA ~= alpha)
         median |delta/alpha - 1| = 0.129 at the first read layer
[ok  ] llama3.1-8b__under: behavioural readout is generation-based
         refusal rate under intervention, labelled with the published rule
[ok  ] llama3.1-8b__under: every downstream layer is read
         25 distinct read layers over 10 steer layers
[ok  ] llama3.1-8b__under: gate family is the pre-registered read layers
         gate read layers per steer layer: [2, 3] (expected <= 3); profile keeps 25 for description
[ok  ] llama3.1-8b__under: both read positions present
         ['t_inst', 't_post_inst']
[ok  ] llama3.1-8b: stage B swept the steered positions
         token sets present: ['all_real', 'instruction_span', 'post_instruction', 't_inst_only'] (pre-registered: all_real, instruction_span, t_inst_only, post_instruction; a set is skipped only where its span is empty)
[ok  ] llama3.1-8b: steered-token set changes the intervention
         mean KL by token set: all_real=1.8275, instruction_span=0.0946, post_instruction=1.6668, t_inst_only=0.0094
[ok  ] llama3.1-8b: stage B swept the steered positions
         token sets present: ['all_real', 'instruction_span', 'post_instruction', 't_inst_only'] (pre-registered: all_real, instruction_span, t_inst_only, post_instruction; a set is skipped only where its span is empty)
[ok  ] llama3.1-8b: steered-token set changes the intervention
         mean KL by token set: all_real=1.9197, instruction_span=0.1228, post_instruction=1.7899, t_inst_only=0.0111
[info] yi-6b-chat: train-selected vs test-argmax layer per concept — 4/7 coincide: R_harm: L17/L17, R_harm_user: L17/L17, R_control: L31/L27, R_harm_at_post: L19/L19, R_control_harmless: L29/L29
[ok  ] yi-6b-chat: fit/eval instruction sets disjoint
         train=751 test=249 overlap=0
[ok  ] yi-6b-chat: every direction beats its length-only baseline
[ok  ] yi-6b-chat: R_control fit excludes the undetermined pool (E is held out)
         fit counts {'n_positive': 2202, 'n_negative': 433, 'n_test_pos': 712, 'n_test_neg': 183} vs labels {'n_positive': 2202, 'n_negative': 433, 'n_test_pos': 712, 'n_test_neg': 183}; 470 undetermined items are in neither class
[ok  ] yi-6b-chat: every reported CI has >= 20 MINORITY-class test items
         R_control minority=183, R_control_harmless minority=164, R_control_preguard minority=286, R_control_unbalanced minority=183, R_harm minority=992, R_harm_at_post minority=992, R_harm_user minority=248
[ok  ] yi-6b-chat: every reported CI has >= 20 test instructions (union, weaker check)
         min n_test_instructions = 117 across 224 direction-layer fits
[ok  ] yi-6b-chat: activation cache is present where the run recorded it
         /scratch/b6aj/jtelintelo.b6aj/rq1-activation-cache/results-fcbf856b/rq1/yi-6b-chat/activations.pt
[ok  ] yi-6b-chat: activations finite, fp16 storage has headroom
         absmax=528.0 (fp16 max 65504, 124x headroom), nan=0 inf=0
[ok  ] yi-6b-chat: cached activation index aligns with refusal labels
         n_cached=8000 n_labels=8000
[ok  ] yi-6b-chat: E1.1d variants are role-balanced
         4 variant-position fits; role TV before balancing: [0.061, 0.061, 0.099, 0.099]
[ok  ] yi-6b-chat: E1.1d variants beat their length-only baseline
         AUC vs length-only: R_harm_in_refused@t_inst 0.999 vs 0.695; R_harm_in_refused_at_post@t_post_inst 0.993 vs 0.695; R_harm_in_complied@t_inst 0.951 vs 0.722; R_harm_in_complied_at_post@t_post_inst 0.953 vs 0.722
[ok  ] yi-6b-chat: E1.7 Level 2 has both arms
         arms present: ['generated', 'template'] — `generated` is the real test, `template` upper-bounds how detectable register can be
[ok  ] yi-6b-chat: E1.7 Level 2 cosines carry a split-half floor
         1152 rows; median floor 0.591
[ok  ] yi-6b-chat: every variant run is supported by this run's labels
         ran ['over', 'under']; labels support ['over', 'under']
[ok  ] yi-6b-chat: skipped variants are ones the labels call unusable
         skipped -; labels support ['over', 'under']
[ok  ] yi-6b-chat: no usable control contrast was left unrun
         ran every supported variant: ['over', 'under']
[ok  ] yi-6b-chat: matched cross-model arm 'over' was run
         causal_gate__over.json present
[ok  ] yi-6b-chat: gate artifacts present
         ['causal_gate__over.json', 'causal_gate__under.json'] / ['causal_matrix__over.csv', 'causal_matrix__under.csv']
[ok  ] yi-6b-chat__over: no gate verdict from an untested criterion
         bounds reporting a verdict with 0 pairs tested: []
[ok  ] yi-6b-chat__over: G2 is FDR-corrected
         BH q=0.05 over the asymmetry family, as pre-registered
[ok  ] yi-6b-chat__over: every null band is finite and positive (G3-bug guard)
         all bands finite across 5 capability bounds
[ok  ] yi-6b-chat__over: every alpha in the matrix has a behavioural null band
         alphas [0.25, 0.5, 1.0, 2.0, 4.0] all covered
         liveness yi-6b-chat__over bound=0.1: G2 tested=1116 ci_disjoint=877 beyond_null=433 fdr=933 -> holds=True | G3 holds=None n=None
         liveness yi-6b-chat__over bound=0.25: G2 tested=1279 ci_disjoint=1010 beyond_null=485 fdr=1070 -> holds=True | G3 holds=None n=None
         liveness yi-6b-chat__over bound=0.5: G2 tested=1430 ci_disjoint=1151 beyond_null=597 fdr=1214 -> holds=True | G3 holds=None n=None
         liveness yi-6b-chat__over bound=1.0: G2 tested=1489 ci_disjoint=1192 beyond_null=619 fdr=1258 -> holds=True | G3 holds=None n=None
         liveness yi-6b-chat__over bound=2.0: G2 tested=1632 ci_disjoint=1302 beyond_null=730 fdr=1376 -> holds=True | G3 holds=None n=None
[ok  ] yi-6b-chat__under: no gate verdict from an untested criterion
         bounds reporting a verdict with 0 pairs tested: []
[ok  ] yi-6b-chat__under: G2 is FDR-corrected
         BH q=0.05 over the asymmetry family, as pre-registered
[ok  ] yi-6b-chat__under: every null band is finite and positive (G3-bug guard)
         all bands finite across 5 capability bounds
[ok  ] yi-6b-chat__under: every alpha in the matrix has a behavioural null band
         alphas [0.25, 0.5, 1.0, 2.0, 4.0] all covered
         liveness yi-6b-chat__under bound=0.1: G2 tested=1114 ci_disjoint=872 beyond_null=409 fdr=924 -> holds=True | G3 holds=None n=None
         liveness yi-6b-chat__under bound=0.25: G2 tested=1264 ci_disjoint=1004 beyond_null=459 fdr=1057 -> holds=True | G3 holds=None n=None
         liveness yi-6b-chat__under bound=0.5: G2 tested=1410 ci_disjoint=1137 beyond_null=550 fdr=1195 -> holds=True | G3 holds=None n=None
         liveness yi-6b-chat__under bound=1.0: G2 tested=1474 ci_disjoint=1190 beyond_null=588 fdr=1252 -> holds=True | G3 holds=None n=None
         liveness yi-6b-chat__under bound=2.0: G2 tested=1594 ci_disjoint=1289 beyond_null=684 fdr=1358 -> holds=True | G3 holds=None n=None
[ok  ] yi-6b-chat__over: steering readout is calibrated (delta_AA ~= alpha)
         median |delta/alpha - 1| = 0.078 at the first read layer
[ok  ] yi-6b-chat__over: behavioural readout is generation-based
         refusal rate under intervention, labelled with the published rule
[ok  ] yi-6b-chat__over: every downstream layer is read
         24 distinct read layers over 10 steer layers
[ok  ] yi-6b-chat__over: gate family is the pre-registered read layers
         gate read layers per steer layer: [1, 2, 3] (expected <= 3); profile keeps 24 for description
[ok  ] yi-6b-chat__over: both read positions present
         ['t_inst', 't_post_inst']
[ok  ] yi-6b-chat__under: steering readout is calibrated (delta_AA ~= alpha)
         median |delta/alpha - 1| = 0.104 at the first read layer
[ok  ] yi-6b-chat__under: behavioural readout is generation-based
         refusal rate under intervention, labelled with the published rule
[ok  ] yi-6b-chat__under: every downstream layer is read
         24 distinct read layers over 9 steer layers
[ok  ] yi-6b-chat__under: gate family is the pre-registered read layers
         gate read layers per steer layer: [1, 2, 3] (expected <= 3); profile keeps 24 for description
[ok  ] yi-6b-chat__under: both read positions present
         ['t_inst', 't_post_inst']
[ok  ] yi-6b-chat: stage B swept the steered positions
         token sets present: ['all_real', 'instruction_span', 'post_instruction', 't_inst_only'] (pre-registered: all_real, instruction_span, t_inst_only, post_instruction; a set is skipped only where its span is empty)
[ok  ] yi-6b-chat: steered-token set changes the intervention
         mean KL by token set: all_real=0.8211, instruction_span=0.0359, post_instruction=0.7904, t_inst_only=0.0051
[ok  ] yi-6b-chat: stage B swept the steered positions
         token sets present: ['all_real', 'instruction_span', 'post_instruction', 't_inst_only'] (pre-registered: all_real, instruction_span, t_inst_only, post_instruction; a set is skipped only where its span is empty)
[ok  ] yi-6b-chat: steered-token set changes the intervention
         mean KL by token set: all_real=0.7751, instruction_span=0.0353, post_instruction=0.7423, t_inst_only=0.0046
[info] qwen3.5-35b-a3b: train-selected vs test-argmax layer per concept — 3/7 coincide: R_harm: L27/L27, R_harm_user: L27/L27, R_control: L34/L28, R_harm_at_post: L39/L39, R_control_harmless: L39/L34
[ok  ] qwen3.5-35b-a3b: fit/eval instruction sets disjoint
         train=751 test=249 overlap=0
[ok  ] qwen3.5-35b-a3b: every direction beats its length-only baseline
[ok  ] qwen3.5-35b-a3b: R_control fit excludes the undetermined pool (E is held out)
         fit counts {'n_positive': 2891, 'n_negative': 21, 'n_test_pos': 945, 'n_test_neg': 3} vs labels {'n_positive': 2891, 'n_negative': 21, 'n_test_pos': 945, 'n_test_neg': 3}; 140 undetermined items are in neither class
[FAIL] qwen3.5-35b-a3b: every reported CI has >= 20 MINORITY-class test items
         R_control@L34 minority=3 (pos=945, neg=3), R_control_unbalanced@L36 minority=3 (pos=945, neg=3)
[ok  ] qwen3.5-35b-a3b: every reported CI has >= 20 test instructions (union, weaker check)
         min n_test_instructions = 121 across 280 direction-layer fits
[ok  ] qwen3.5-35b-a3b: activation cache is present where the run recorded it
         /scratch/b6aj/jtelintelo.b6aj/rq1-activation-cache/results-fcbf856b/rq1/qwen3.5-35b-a3b/activations.pt
[ok  ] qwen3.5-35b-a3b: activations finite, fp16 storage has headroom
         absmax=13.9 (fp16 max 65504, 4700x headroom), nan=0 inf=0
[ok  ] qwen3.5-35b-a3b: cached activation index aligns with refusal labels
         n_cached=8000 n_labels=8000
[ok  ] qwen3.5-35b-a3b: E1.1d variants are role-balanced
         2 variant-position fits; role TV before balancing: [0.186, 0.186]
[ok  ] qwen3.5-35b-a3b: E1.1d variants beat their length-only baseline
         AUC vs length-only: R_harm_in_refused@t_inst 0.999 vs 0.692; R_harm_in_refused_at_post@t_post_inst 0.973 vs 0.692
[ok  ] qwen3.5-35b-a3b: E1.7 Level 2 has both arms
         arms present: ['generated', 'template'] — `generated` is the real test, `template` upper-bounds how detectable register can be
[ok  ] qwen3.5-35b-a3b: E1.7 Level 2 cosines carry a split-half floor
         1440 rows; median floor 0.824
[FAIL] qwen3.5-35b-a3b: every variant run is supported by this run's labels
         ran ['over', 'under']; labels support ['over']  UNSUPPORTED: ['under']
[ok  ] qwen3.5-35b-a3b: skipped variants are ones the labels call unusable
         skipped -; labels support ['over']
[ok  ] qwen3.5-35b-a3b: no usable control contrast was left unrun
         ran every supported variant: ['over', 'under']
[ok  ] qwen3.5-35b-a3b: matched cross-model arm 'over' was run
         causal_gate__over.json present
[ok  ] qwen3.5-35b-a3b: gate artifacts present
         ['causal_gate__over.json', 'causal_gate__under.json'] / ['causal_matrix__over.csv', 'causal_matrix__under.csv']
[ok  ] qwen3.5-35b-a3b__over: no gate verdict from an untested criterion
         bounds reporting a verdict with 0 pairs tested: []
[ok  ] qwen3.5-35b-a3b__over: G2 is FDR-corrected
         BH q=0.05 over the asymmetry family, as pre-registered
[FAIL] qwen3.5-35b-a3b__over: every null band is finite and positive (G3-bug guard)
         bound 0.1: null_band_behaviour[0.25]=0.0; bound 0.25: null_band_behaviour[0.25]=0.0; bound 0.5: null_band_behaviour[0.25]=0.0; bound 1.0: null_band_behaviour[0.25]=0.0; bound 2.0: null_band_behaviour[0.25]=0.0
[ok  ] qwen3.5-35b-a3b__over: every alpha in the matrix has a behavioural null band
         alphas [0.25, 0.5, 1.0, 2.0, 4.0] all covered
         liveness qwen3.5-35b-a3b__over bound=0.1: G2 tested=394 ci_disjoint=306 beyond_null=136 fdr=337 -> holds=True | G3 holds=None n=None
         liveness qwen3.5-35b-a3b__over bound=0.25: G2 tested=570 ci_disjoint=454 beyond_null=196 fdr=493 -> holds=True | G3 holds=None n=None
         liveness qwen3.5-35b-a3b__over bound=0.5: G2 tested=618 ci_disjoint=500 beyond_null=222 fdr=540 -> holds=True | G3 holds=None n=None
         liveness qwen3.5-35b-a3b__over bound=1.0: G2 tested=717 ci_disjoint=593 beyond_null=258 fdr=639 -> holds=True | G3 holds=None n=None
         liveness qwen3.5-35b-a3b__over bound=2.0: G2 tested=851 ci_disjoint=716 beyond_null=321 fdr=765 -> holds=True | G3 holds=None n=None
[ok  ] qwen3.5-35b-a3b__under: no gate verdict from an untested criterion
         bounds reporting a verdict with 0 pairs tested: []
[ok  ] qwen3.5-35b-a3b__under: G2 is FDR-corrected
         BH q=0.05 over the asymmetry family, as pre-registered
[FAIL] qwen3.5-35b-a3b__under: every null band is finite and positive (G3-bug guard)
         bound 0.1: null_band_behaviour[0.25]=0.0; bound 0.25: null_band_behaviour[0.25]=0.0; bound 0.5: null_band_behaviour[0.25]=0.0; bound 1.0: null_band_behaviour[0.25]=0.0; bound 2.0: null_band_behaviour[0.25]=0.0
[ok  ] qwen3.5-35b-a3b__under: every alpha in the matrix has a behavioural null band
         alphas [0.25, 0.5, 1.0, 2.0, 4.0] all covered
         liveness qwen3.5-35b-a3b__under bound=0.1: G2 tested=362 ci_disjoint=223 beyond_null=100 fdr=240 -> holds=True | G3 holds=None n=None
         liveness qwen3.5-35b-a3b__under bound=0.25: G2 tested=573 ci_disjoint=377 beyond_null=203 fdr=403 -> holds=True | G3 holds=None n=None
         liveness qwen3.5-35b-a3b__under bound=0.5: G2 tested=657 ci_disjoint=441 beyond_null=256 fdr=471 -> holds=True | G3 holds=None n=None
         liveness qwen3.5-35b-a3b__under bound=1.0: G2 tested=764 ci_disjoint=519 beyond_null=319 fdr=552 -> holds=True | G3 holds=None n=None
         liveness qwen3.5-35b-a3b__under bound=2.0: G2 tested=948 ci_disjoint=664 beyond_null=398 fdr=701 -> holds=True | G3 holds=None n=None
[ok  ] qwen3.5-35b-a3b__over: steering readout is calibrated (delta_AA ~= alpha)
         median |delta/alpha - 1| = 0.067 at the first read layer
[ok  ] qwen3.5-35b-a3b__over: behavioural readout is generation-based
         refusal rate under intervention, labelled with the published rule
[ok  ] qwen3.5-35b-a3b__over: every downstream layer is read
         30 distinct read layers over 9 steer layers
[ok  ] qwen3.5-35b-a3b__over: gate family is the pre-registered read layers
         gate read layers per steer layer: [1, 2, 3] (expected <= 3); profile keeps 30 for description
[ok  ] qwen3.5-35b-a3b__over: both read positions present
         ['t_inst', 't_post_inst']
[ok  ] qwen3.5-35b-a3b__under: steering readout is calibrated (delta_AA ~= alpha)
         median |delta/alpha - 1| = 0.073 at the first read layer
[ok  ] qwen3.5-35b-a3b__under: behavioural readout is generation-based
         refusal rate under intervention, labelled with the published rule
[ok  ] qwen3.5-35b-a3b__under: every downstream layer is read
         30 distinct read layers over 10 steer layers
[ok  ] qwen3.5-35b-a3b__under: gate family is the pre-registered read layers
         gate read layers per steer layer: [2, 3] (expected <= 3); profile keeps 30 for description
[ok  ] qwen3.5-35b-a3b__under: both read positions present
         ['t_inst', 't_post_inst']
[ok  ] qwen3.5-35b-a3b: stage B swept the steered positions
         token sets present: ['all_real', 'instruction_span', 'post_instruction', 't_inst_only'] (pre-registered: all_real, instruction_span, t_inst_only, post_instruction; a set is skipped only where its span is empty)
[ok  ] qwen3.5-35b-a3b: steered-token set changes the intervention
         mean KL by token set: all_real=1.7185, instruction_span=0.0174, post_instruction=1.6487, t_inst_only=0.0020
[ok  ] qwen3.5-35b-a3b: stage B swept the steered positions
         token sets present: ['all_real', 'instruction_span', 'post_instruction', 't_inst_only'] (pre-registered: all_real, instruction_span, t_inst_only, post_instruction; a set is skipped only where its span is empty)
[ok  ] qwen3.5-35b-a3b: steered-token set changes the intervention
         mean KL by token set: all_real=2.2665, instruction_span=0.0257, post_instruction=2.2041, t_inst_only=0.0024
[info] nemotron-3-nano-30b-a3b: train-selected vs test-argmax layer per concept — 4/7 coincide: R_harm: L25/L24, R_harm_user: L25/L25, R_control: L50/L38, R_harm_at_post: L19/L19, R_control_harmless: L41/L41
[ok  ] nemotron-3-nano-30b-a3b: fit/eval instruction sets disjoint
         train=751 test=249 overlap=0
[ok  ] nemotron-3-nano-30b-a3b: every direction beats its length-only baseline
[ok  ] nemotron-3-nano-30b-a3b: R_control fit excludes the undetermined pool (E is held out)
         fit counts {'n_positive': 2799, 'n_negative': 48, 'n_test_pos': 912, 'n_test_neg': 18} vs labels {'n_positive': 2799, 'n_negative': 48, 'n_test_pos': 912, 'n_test_neg': 18}; 223 undetermined items are in neither class
[FAIL] nemotron-3-nano-30b-a3b: every reported CI has >= 20 MINORITY-class test items
         R_control@L50 minority=18 (pos=912, neg=18), R_control_unbalanced@L50 minority=18 (pos=912, neg=18)
[ok  ] nemotron-3-nano-30b-a3b: every reported CI has >= 20 test instructions (union, weaker check)
         min n_test_instructions = 122 across 364 direction-layer fits
[ok  ] nemotron-3-nano-30b-a3b: activation cache is present where the run recorded it
         /scratch/b6aj/jtelintelo.b6aj/rq1-activation-cache/results-fcbf856b/rq1/nemotron-3-nano-30b-a3b/activations.pt
[ok  ] nemotron-3-nano-30b-a3b: activations finite, fp16 storage has headroom
         absmax=636.0 (fp16 max 65504, 103x headroom), nan=0 inf=0
[ok  ] nemotron-3-nano-30b-a3b: cached activation index aligns with refusal labels
         n_cached=8000 n_labels=8000
[ok  ] nemotron-3-nano-30b-a3b: E1.1d variants are role-balanced
         4 variant-position fits; role TV before balancing: [0.244, 0.244, 0.093, 0.093]
[ok  ] nemotron-3-nano-30b-a3b: E1.1d variants beat their length-only baseline
         AUC vs length-only: R_harm_in_refused@t_inst 1.000 vs 0.754; R_harm_in_refused_at_post@t_post_inst 0.999 vs 0.754; R_harm_in_complied@t_inst 0.997 vs 0.825; R_harm_in_complied_at_post@t_post_inst 1.000 vs 0.825
[ok  ] nemotron-3-nano-30b-a3b: E1.7 Level 2 has both arms
         arms present: ['generated', 'template'] — `generated` is the real test, `template` upper-bounds how detectable register can be
[ok  ] nemotron-3-nano-30b-a3b: E1.7 Level 2 cosines carry a split-half floor
         1872 rows; median floor 0.896
[ok  ] nemotron-3-nano-30b-a3b: every variant run is supported by this run's labels
         ran ['over', 'under']; labels support ['over', 'under']
[ok  ] nemotron-3-nano-30b-a3b: skipped variants are ones the labels call unusable
         skipped -; labels support ['over', 'under']
[ok  ] nemotron-3-nano-30b-a3b: no usable control contrast was left unrun
         ran every supported variant: ['over', 'under']
[ok  ] nemotron-3-nano-30b-a3b: matched cross-model arm 'over' was run
         causal_gate__over.json present
[ok  ] nemotron-3-nano-30b-a3b: gate artifacts present
         ['causal_gate__over.json', 'causal_gate__under.json'] / ['causal_matrix__over.csv', 'causal_matrix__under.csv']
[ok  ] nemotron-3-nano-30b-a3b__over: no gate verdict from an untested criterion
         bounds reporting a verdict with 0 pairs tested: []
[ok  ] nemotron-3-nano-30b-a3b__over: G2 is FDR-corrected
         BH q=0.05 over the asymmetry family, as pre-registered
[ok  ] nemotron-3-nano-30b-a3b__over: every null band is finite and positive (G3-bug guard)
         all bands finite across 5 capability bounds
[ok  ] nemotron-3-nano-30b-a3b__over: every alpha in the matrix has a behavioural null band
         alphas [0.25, 0.5, 1.0, 2.0, 4.0] all covered
         liveness nemotron-3-nano-30b-a3b__over bound=0.1: G2 tested=664 ci_disjoint=510 beyond_null=265 fdr=538 -> holds=True | G3 holds=None n=None
         liveness nemotron-3-nano-30b-a3b__over bound=0.25: G2 tested=944 ci_disjoint=738 beyond_null=372 fdr=791 -> holds=True | G3 holds=None n=None
         liveness nemotron-3-nano-30b-a3b__over bound=0.5: G2 tested=1203 ci_disjoint=966 beyond_null=544 fdr=1025 -> holds=True | G3 holds=None n=None
         liveness nemotron-3-nano-30b-a3b__over bound=1.0: G2 tested=1418 ci_disjoint=1173 beyond_null=641 fdr=1237 -> holds=True | G3 holds=None n=None
         liveness nemotron-3-nano-30b-a3b__over bound=2.0: G2 tested=1568 ci_disjoint=1320 beyond_null=751 fdr=1385 -> holds=True | G3 holds=None n=None
[ok  ] nemotron-3-nano-30b-a3b__under: no gate verdict from an untested criterion
         bounds reporting a verdict with 0 pairs tested: []
[ok  ] nemotron-3-nano-30b-a3b__under: G2 is FDR-corrected
         BH q=0.05 over the asymmetry family, as pre-registered
[ok  ] nemotron-3-nano-30b-a3b__under: every null band is finite and positive (G3-bug guard)
         all bands finite across 5 capability bounds
[ok  ] nemotron-3-nano-30b-a3b__under: every alpha in the matrix has a behavioural null band
         alphas [0.25, 0.5, 1.0, 2.0, 4.0] all covered
         liveness nemotron-3-nano-30b-a3b__under bound=0.1: G2 tested=593 ci_disjoint=436 beyond_null=267 fdr=451 -> holds=True | G3 holds=None n=None
         liveness nemotron-3-nano-30b-a3b__under bound=0.25: G2 tested=842 ci_disjoint=630 beyond_null=406 fdr=654 -> holds=True | G3 holds=None n=None
         liveness nemotron-3-nano-30b-a3b__under bound=0.5: G2 tested=1133 ci_disjoint=905 beyond_null=626 fdr=937 -> holds=True | G3 holds=None n=None
         liveness nemotron-3-nano-30b-a3b__under bound=1.0: G2 tested=1307 ci_disjoint=1070 beyond_null=722 fdr=1107 -> holds=True | G3 holds=None n=None
         liveness nemotron-3-nano-30b-a3b__under bound=2.0: G2 tested=1495 ci_disjoint=1253 beyond_null=893 fdr=1292 -> holds=True | G3 holds=None n=None
[ok  ] nemotron-3-nano-30b-a3b__over: steering readout is calibrated (delta_AA ~= alpha)
         median |delta/alpha - 1| = 0.021 at the first read layer
[ok  ] nemotron-3-nano-30b-a3b__over: behavioural readout is generation-based
         refusal rate under intervention, labelled with the published rule
[ok  ] nemotron-3-nano-30b-a3b__over: every downstream layer is read
         39 distinct read layers over 10 steer layers
[ok  ] nemotron-3-nano-30b-a3b__over: gate family is the pre-registered read layers
         gate read layers per steer layer: [1, 2, 3] (expected <= 3); profile keeps 39 for description
[ok  ] nemotron-3-nano-30b-a3b__over: both read positions present
         ['t_inst', 't_post_inst']
[ok  ] nemotron-3-nano-30b-a3b__under: steering readout is calibrated (delta_AA ~= alpha)
         median |delta/alpha - 1| = 0.030 at the first read layer
[ok  ] nemotron-3-nano-30b-a3b__under: behavioural readout is generation-based
         refusal rate under intervention, labelled with the published rule
[ok  ] nemotron-3-nano-30b-a3b__under: every downstream layer is read
         39 distinct read layers over 9 steer layers
[ok  ] nemotron-3-nano-30b-a3b__under: gate family is the pre-registered read layers
         gate read layers per steer layer: [1, 2, 3] (expected <= 3); profile keeps 39 for description
[ok  ] nemotron-3-nano-30b-a3b__under: both read positions present
         ['t_inst', 't_post_inst']
[ok  ] nemotron-3-nano-30b-a3b: stage B swept the steered positions
         token sets present: ['all_real', 'instruction_span', 'post_instruction', 't_inst_only'] (pre-registered: all_real, instruction_span, t_inst_only, post_instruction; a set is skipped only where its span is empty)
[ok  ] nemotron-3-nano-30b-a3b: steered-token set changes the intervention
         mean KL by token set: all_real=1.3833, instruction_span=0.0194, post_instruction=1.3222, t_inst_only=0.0020
[ok  ] nemotron-3-nano-30b-a3b: stage B swept the steered positions
         token sets present: ['all_real', 'instruction_span', 'post_instruction', 't_inst_only'] (pre-registered: all_real, instruction_span, t_inst_only, post_instruction; a set is skipped only where its span is empty)
[ok  ] nemotron-3-nano-30b-a3b: steered-token set changes the intervention
         mean KL by token set: all_real=1.6234, instruction_span=0.0249, post_instruction=1.5675, t_inst_only=0.0022

======================================================================
227/232 checks passed
>>> EXIT 1

################################################################
# verify results_verify/ (standalone)
################################################################
[ok  ] corpus: no train/test leakage by instruction
         {'train': 751, 'test': 249}
[ok  ] corpus: every instruction rendered under every (role, design)
         llama3.1-8b: 4 roles (assistant,system,tool,user) x 2 designs = 8; per instruction min=8 max=8
         nemotron-3-nano-30b-a3b: 4 roles (assistant,system,tool,user) x 2 designs = 8; per instruction min=8 max=8
         qwen2.5-7b: 4 roles (assistant,system,tool,user) x 2 designs = 8; per instruction min=8 max=8
         qwen3.5-35b-a3b: 4 roles (assistant,system,tool,user) x 2 designs = 8; per instruction min=8 max=8
         qwen3.5-9b: 4 roles (assistant,system,tool,user) x 2 designs = 8; per instruction min=8 max=8
         yi-6b-chat: 4 roles (assistant,system,tool,user) x 2 designs = 8; per instruction min=8 max=8

Roster under verification:
  qwen2.5-7b                 Qwen     qwen2.5    dense  roles=default(4)
  qwen3.5-9b                 Qwen     qwen3.5    dense  roles=default(4)
  llama3.1-8b                Meta     llama3.1   dense  roles=default(4)
  yi-6b-chat                 01-AI    yi         dense  roles=default(4)
  qwen3.5-35b-a3b            Qwen     qwen3.5    moe    roles=default(4)
  nemotron-3-nano-30b-a3b    NVIDIA   nemotron3  moe    roles=default(4)
  => 6 models; 4 vendors (01-AI, Meta, NVIDIA, Qwen); 5 template families (llama3.1, nemotron3, qwen2.5, qwen3.5, yi); architectures: dense, moe
[ok  ] roster: every registered RQ1 model was rendered
         expected ['qwen2.5-7b', 'qwen3.5-9b', 'llama3.1-8b', 'yi-6b-chat', 'qwen3.5-35b-a3b', 'nemotron-3-nano-30b-a3b']
         rendered ['llama3.1-8b', 'nemotron-3-nano-30b-a3b', 'qwen2.5-7b', 'qwen3.5-35b-a3b', 'qwen3.5-9b', 'yi-6b-chat']
[ok  ] roster: spans more than one vendor and both architectures
         vendors=['01-AI', 'Meta', 'NVIDIA', 'Qwen'] architectures=['dense', 'moe']
[ok  ] roster: R_role is the same class set on every model
         all 6 models carry ('assistant', 'system', 'tool', 'user')
[ok  ] corpus: template bleed is structurally bounded (tool role, <=1 char)
         llama3.1-8b/tool/fixed_slot ['"'] harmful=0.438 harmless=0.924 |d|=0.486
         llama3.1-8b/tool/natural_slot ['"'] harmful=0.438 harmless=0.924 |d|=0.486
         nemotron-3-nano-30b-a3b/tool/fixed_slot ['\n'] harmful=0.408 harmless=0.920 |d|=0.512
         nemotron-3-nano-30b-a3b/tool/natural_slot ['\n'] harmful=0.408 harmless=0.920 |d|=0.512
         qwen2.5-7b/tool/fixed_slot ['\n'] harmful=0.408 harmless=0.922 |d|=0.514
         qwen2.5-7b/tool/natural_slot ['\n'] harmful=0.408 harmless=0.922 |d|=0.514
         qwen3.5-35b-a3b/tool/fixed_slot ['\n'] harmful=0.000 harmless=0.002 |d|=0.002
         qwen3.5-35b-a3b/tool/natural_slot ['\n'] harmful=0.000 harmless=0.002 |d|=0.002
         qwen3.5-9b/tool/fixed_slot ['\n'] harmful=0.000 harmless=0.002 |d|=0.002
         qwen3.5-9b/tool/natural_slot ['\n'] harmful=0.000 harmless=0.002 |d|=0.002
[info] bleed by-label rate difference is REPORTED, not gated — it tracks source punctuation and is covered by the surface baseline
[ok  ] E1.7 L2: every base appears in every register
         generated per base {3} (expect {3}), template per base {6} (expect {6})
[ok  ] E1.7 L2: both arms cover the same bases
         the template arm is the control for the generated arm, so it must hold the same requests
[ok  ] E1.7 L2: corpus declared usable
         92 complete bases (floor 40)
[ok  ] E1.7 L2: content coverage recorded per item
         median 1.000, min 0.286 over 276 generated rewrites — report this, do not assume it
[info] qwen2.5-7b: train-selected vs test-argmax layer per concept — 4/7 coincide: R_harm: L16/L16, R_harm_user: L17/L17, R_control: L20/L18, R_harm_at_post: L16/L16, R_control_harmless: L26/L21
[ok  ] qwen2.5-7b: fit/eval instruction sets disjoint
         train=751 test=249 overlap=0
[ok  ] qwen2.5-7b: every direction beats its length-only baseline
[ok  ] qwen2.5-7b: R_control fit excludes the undetermined pool (E is held out)
         fit counts {'n_positive': 2167, 'n_negative': 174, 'n_test_pos': 709, 'n_test_neg': 63} vs labels {'n_positive': 2167, 'n_negative': 174, 'n_test_pos': 709, 'n_test_neg': 63}; 887 undetermined items are in neither class
[ok  ] qwen2.5-7b: every reported CI has >= 20 MINORITY-class test items
         R_control minority=63, R_control_harmless minority=68, R_control_preguard minority=291, R_control_unbalanced minority=63, R_harm minority=992, R_harm_at_post minority=992, R_harm_user minority=248
[ok  ] qwen2.5-7b: every reported CI has >= 20 test instructions (union, weaker check)
         min n_test_instructions = 114 across 196 direction-layer fits
[ok  ] qwen2.5-7b: activation cache is present where the run recorded it
         /scratch/b6aj/jtelintelo.b6aj/rq1-activation-cache/results_verify-fb20c1ba/rq1/qwen2.5-7b/activations.pt
[ok  ] qwen2.5-7b: activations finite, fp16 storage has headroom
         absmax=364.0 (fp16 max 65504, 180x headroom), nan=0 inf=0
[ok  ] qwen2.5-7b: cached activation index aligns with refusal labels
         n_cached=8000 n_labels=8000
[ok  ] qwen2.5-7b: E1.1d variants are role-balanced
         4 variant-position fits; role TV before balancing: [0.235, 0.235, 0.075, 0.075]
[ok  ] qwen2.5-7b: E1.1d variants beat their length-only baseline
         AUC vs length-only: R_harm_in_refused@t_inst 0.996 vs 0.622; R_harm_in_refused_at_post@t_post_inst 0.997 vs 0.622; R_harm_in_complied@t_inst 0.979 vs 0.770; R_harm_in_complied_at_post@t_post_inst 0.991 vs 0.770
[ok  ] qwen2.5-7b: E1.7 Level 2 has both arms
         arms present: ['generated', 'template'] — `generated` is the real test, `template` upper-bounds how detectable register can be
[ok  ] qwen2.5-7b: E1.7 Level 2 cosines carry a split-half floor
         1008 rows; median floor 0.903
[ok  ] qwen2.5-7b: every variant run is supported by this run's labels
         ran ['over', 'under']; labels support ['over', 'under']
[ok  ] qwen2.5-7b: skipped variants are ones the labels call unusable
         skipped -; labels support ['over', 'under']
[ok  ] qwen2.5-7b: no usable control contrast was left unrun
         ran every supported variant: ['over', 'under']
[ok  ] qwen2.5-7b: matched cross-model arm 'over' was run
         causal_gate__over.json present
[ok  ] qwen2.5-7b: gate artifacts present
         ['causal_gate__over.json', 'causal_gate__under.json'] / ['causal_matrix__over.csv', 'causal_matrix__under.csv']
[ok  ] qwen2.5-7b__over: no gate verdict from an untested criterion
         bounds reporting a verdict with 0 pairs tested: []
[ok  ] qwen2.5-7b__over: G2 is FDR-corrected
         BH q=0.05 over the asymmetry family, as pre-registered
[ok  ] qwen2.5-7b__over: every null band is finite and positive (G3-bug guard)
         all bands finite across 5 capability bounds
[ok  ] qwen2.5-7b__over: every alpha in the matrix has a behavioural null band
         alphas [0.25, 0.5, 1.0, 2.0, 4.0] all covered
         liveness qwen2.5-7b__over bound=0.1: G2 tested=287 ci_disjoint=187 beyond_null=136 fdr=204 -> holds=True | G3 holds=None n=None
         liveness qwen2.5-7b__over bound=0.25: G2 tested=435 ci_disjoint=298 beyond_null=215 fdr=319 -> holds=True | G3 holds=None n=None
         liveness qwen2.5-7b__over bound=0.5: G2 tested=521 ci_disjoint=349 beyond_null=268 fdr=376 -> holds=True | G3 holds=None n=None
         liveness qwen2.5-7b__over bound=1.0: G2 tested=573 ci_disjoint=390 beyond_null=304 fdr=418 -> holds=True | G3 holds=None n=None
         liveness qwen2.5-7b__over bound=2.0: G2 tested=684 ci_disjoint=459 beyond_null=357 fdr=494 -> holds=True | G3 holds=None n=None
[ok  ] qwen2.5-7b__under: no gate verdict from an untested criterion
         bounds reporting a verdict with 0 pairs tested: []
[ok  ] qwen2.5-7b__under: G2 is FDR-corrected
         BH q=0.05 over the asymmetry family, as pre-registered
[ok  ] qwen2.5-7b__under: every null band is finite and positive (G3-bug guard)
         all bands finite across 5 capability bounds
[ok  ] qwen2.5-7b__under: every alpha in the matrix has a behavioural null band
         alphas [0.25, 0.5, 1.0, 2.0, 4.0] all covered
         liveness qwen2.5-7b__under bound=0.1: G2 tested=287 ci_disjoint=220 beyond_null=128 fdr=237 -> holds=True | G3 holds=None n=None
         liveness qwen2.5-7b__under bound=0.25: G2 tested=416 ci_disjoint=295 beyond_null=186 fdr=314 -> holds=True | G3 holds=None n=None
         liveness qwen2.5-7b__under bound=0.5: G2 tested=521 ci_disjoint=375 beyond_null=252 fdr=396 -> holds=True | G3 holds=None n=None
         liveness qwen2.5-7b__under bound=1.0: G2 tested=573 ci_disjoint=393 beyond_null=288 fdr=416 -> holds=True | G3 holds=None n=None
         liveness qwen2.5-7b__under bound=2.0: G2 tested=667 ci_disjoint=435 beyond_null=331 fdr=459 -> holds=True | G3 holds=None n=None
[ok  ] qwen2.5-7b__over: steering readout is calibrated (delta_AA ~= alpha)
         median |delta/alpha - 1| = 0.098 at the first read layer
[ok  ] qwen2.5-7b__over: behavioural readout is generation-based
         refusal rate under intervention, labelled with the published rule
[ok  ] qwen2.5-7b__over: every downstream layer is read
         21 distinct read layers over 9 steer layers
[ok  ] qwen2.5-7b__over: gate family is the pre-registered read layers
         gate read layers per steer layer: [1, 2, 3] (expected <= 3); profile keeps 21 for description
[ok  ] qwen2.5-7b__over: both read positions present
         ['t_inst', 't_post_inst']
[ok  ] qwen2.5-7b__under: steering readout is calibrated (delta_AA ~= alpha)
         median |delta/alpha - 1| = 0.102 at the first read layer
[ok  ] qwen2.5-7b__under: behavioural readout is generation-based
         refusal rate under intervention, labelled with the published rule
[ok  ] qwen2.5-7b__under: every downstream layer is read
         21 distinct read layers over 9 steer layers
[ok  ] qwen2.5-7b__under: gate family is the pre-registered read layers
         gate read layers per steer layer: [1, 2, 3] (expected <= 3); profile keeps 21 for description
[ok  ] qwen2.5-7b__under: both read positions present
         ['t_inst', 't_post_inst']
[ok  ] qwen2.5-7b: stage B swept the steered positions
         token sets present: ['all_real', 'instruction_span', 'post_instruction', 't_inst_only'] (pre-registered: all_real, instruction_span, t_inst_only, post_instruction; a set is skipped only where its span is empty)
[ok  ] qwen2.5-7b: steered-token set changes the intervention
         mean KL by token set: all_real=2.1695, instruction_span=0.1272, post_instruction=2.0211, t_inst_only=0.0203
[ok  ] qwen2.5-7b: stage B swept the steered positions
         token sets present: ['all_real', 'instruction_span', 'post_instruction', 't_inst_only'] (pre-registered: all_real, instruction_span, t_inst_only, post_instruction; a set is skipped only where its span is empty)
[ok  ] qwen2.5-7b: steered-token set changes the intervention
         mean KL by token set: all_real=2.4237, instruction_span=0.1582, post_instruction=2.2415, t_inst_only=0.0253
[info] qwen3.5-9b: train-selected vs test-argmax layer per concept — 3/5 coincide: R_harm: L15/L15, R_harm_user: L15/L15, R_harm_at_post: L28/L11, R_control_harmless: L30/L28, R_control_preguard: L30/L30
[ok  ] qwen3.5-9b: fit/eval instruction sets disjoint
         train=751 test=249 overlap=0
[ok  ] qwen3.5-9b: every direction beats its length-only baseline
[ok  ] qwen3.5-9b: every reported CI has >= 20 MINORITY-class test items
         R_control_harmless minority=81, R_control_preguard minority=62, R_harm minority=992, R_harm_at_post minority=992, R_harm_user minority=248
[ok  ] qwen3.5-9b: every reported CI has >= 20 test instructions (union, weaker check)
         min n_test_instructions = 124 across 160 direction-layer fits
[ok  ] qwen3.5-9b: activation cache is present where the run recorded it
         /scratch/b6aj/jtelintelo.b6aj/rq1-activation-cache/results_verify-fb20c1ba/rq1/qwen3.5-9b/activations.pt
[ok  ] qwen3.5-9b: activations finite, fp16 storage has headroom
         absmax=228.0 (fp16 max 65504, 287x headroom), nan=0 inf=0
[ok  ] qwen3.5-9b: cached activation index aligns with refusal labels
         n_cached=8000 n_labels=8000
[ok  ] qwen3.5-9b: E1.1d variants are role-balanced
         2 variant-position fits; role TV before balancing: [0.181, 0.181]
[ok  ] qwen3.5-9b: E1.1d variants beat their length-only baseline
         AUC vs length-only: R_harm_in_refused@t_inst 0.999 vs 0.644; R_harm_in_refused_at_post@t_post_inst 0.992 vs 0.644
[ok  ] qwen3.5-9b: E1.7 Level 2 has both arms
         arms present: ['generated', 'template'] — `generated` is the real test, `template` upper-bounds how detectable register can be
[ok  ] qwen3.5-9b: E1.7 Level 2 cosines carry a split-half floor
         1152 rows; median floor 0.856
[ok  ] qwen3.5-9b: every variant run is supported by this run's labels
         ran ['over']; labels support ['over']
[ok  ] qwen3.5-9b: skipped variants are ones the labels call unusable
         skipped ['under']; labels support ['over']
[ok  ] qwen3.5-9b: no usable control contrast was left unrun
         ran every supported variant: ['over'] (skipped, unusable: ['under'])
[ok  ] qwen3.5-9b: matched cross-model arm 'over' was run
         causal_gate__over.json present
[ok  ] qwen3.5-9b: gate artifacts present
         ['causal_gate__over.json'] / ['causal_matrix__over.csv']
[ok  ] qwen3.5-9b__over: no gate verdict from an untested criterion
         bounds reporting a verdict with 0 pairs tested: []
[ok  ] qwen3.5-9b__over: G2 is FDR-corrected
         BH q=0.05 over the asymmetry family, as pre-registered
[ok  ] qwen3.5-9b__over: every null band is finite and positive (G3-bug guard)
         all bands finite across 5 capability bounds
[ok  ] qwen3.5-9b__over: every alpha in the matrix has a behavioural null band
         alphas [0.25, 0.5, 1.0, 2.0, 4.0] all covered
         liveness qwen3.5-9b__over bound=0.1: G2 tested=364 ci_disjoint=283 beyond_null=249 fdr=293 -> holds=True | G3 holds=None n=None
         liveness qwen3.5-9b__over bound=0.25: G2 tested=466 ci_disjoint=365 beyond_null=317 fdr=380 -> holds=True | G3 holds=None n=None
         liveness qwen3.5-9b__over bound=0.5: G2 tested=632 ci_disjoint=520 beyond_null=452 fdr=539 -> holds=True | G3 holds=None n=None
         liveness qwen3.5-9b__over bound=1.0: G2 tested=732 ci_disjoint=607 beyond_null=515 fdr=627 -> holds=True | G3 holds=None n=None
         liveness qwen3.5-9b__over bound=2.0: G2 tested=792 ci_disjoint=659 beyond_null=544 fdr=680 -> holds=True | G3 holds=None n=None
[ok  ] qwen3.5-9b__over: steering readout is calibrated (delta_AA ~= alpha)
         median |delta/alpha - 1| = 0.069 at the first read layer
[ok  ] qwen3.5-9b__over: behavioural readout is generation-based
         refusal rate under intervention, labelled with the published rule
[ok  ] qwen3.5-9b__over: every downstream layer is read
         24 distinct read layers over 9 steer layers
[ok  ] qwen3.5-9b__over: gate family is the pre-registered read layers
         gate read layers per steer layer: [1, 2, 3] (expected <= 3); profile keeps 24 for description
[ok  ] qwen3.5-9b__over: both read positions present
         ['t_inst', 't_post_inst']
[ok  ] qwen3.5-9b: stage B swept the steered positions
         token sets present: ['all_real', 'instruction_span', 'post_instruction', 't_inst_only'] (pre-registered: all_real, instruction_span, t_inst_only, post_instruction; a set is skipped only where its span is empty)
[ok  ] qwen3.5-9b: steered-token set changes the intervention
         mean KL by token set: all_real=1.7358, instruction_span=0.0141, post_instruction=1.6515, t_inst_only=0.0016
[info] llama3.1-8b: train-selected vs test-argmax layer per concept — 2/7 coincide: R_harm: L11/L11, R_harm_user: L11/L12, R_control: L31/L30, R_harm_at_post: L13/L30, R_control_harmless: L30/L30
[ok  ] llama3.1-8b: fit/eval instruction sets disjoint
         train=751 test=249 overlap=0
[ok  ] llama3.1-8b: every direction beats its length-only baseline
[ok  ] llama3.1-8b: R_control fit excludes the undetermined pool (E is held out)
         fit counts {'n_positive': 2734, 'n_negative': 79, 'n_test_pos': 903, 'n_test_neg': 27} vs labels {'n_positive': 2734, 'n_negative': 79, 'n_test_pos': 903, 'n_test_neg': 27}; 257 undetermined items are in neither class
[ok  ] llama3.1-8b: every reported CI has >= 20 MINORITY-class test items
         R_control minority=27, R_control_harmless minority=88, R_control_preguard minority=97, R_control_unbalanced minority=27, R_harm minority=992, R_harm_at_post minority=992, R_harm_user minority=248
[ok  ] llama3.1-8b: every reported CI has >= 20 test instructions (union, weaker check)
         min n_test_instructions = 123 across 224 direction-layer fits
[ok  ] llama3.1-8b: activation cache is present where the run recorded it
         /scratch/b6aj/jtelintelo.b6aj/rq1-activation-cache/results_verify-fb20c1ba/rq1/llama3.1-8b/activations.pt
[ok  ] llama3.1-8b: activations finite, fp16 storage has headroom
         absmax=29.5 (fp16 max 65504, 2220x headroom), nan=0 inf=0
[ok  ] llama3.1-8b: cached activation index aligns with refusal labels
         n_cached=8000 n_labels=8000
[ok  ] llama3.1-8b: E1.1d variants are role-balanced
         4 variant-position fits; role TV before balancing: [0.083, 0.083, 0.13, 0.13]
[ok  ] llama3.1-8b: E1.1d variants beat their length-only baseline
         AUC vs length-only: R_harm_in_refused@t_inst 1.000 vs 0.660; R_harm_in_refused_at_post@t_post_inst 0.998 vs 0.660; R_harm_in_complied@t_inst 0.982 vs 0.788; R_harm_in_complied_at_post@t_post_inst 0.997 vs 0.788
[ok  ] llama3.1-8b: E1.7 Level 2 has both arms
         arms present: ['generated', 'template'] — `generated` is the real test, `template` upper-bounds how detectable register can be
[ok  ] llama3.1-8b: E1.7 Level 2 cosines carry a split-half floor
         1152 rows; median floor 0.910
[ok  ] llama3.1-8b: every variant run is supported by this run's labels
         ran ['over', 'under']; labels support ['over', 'under']
[ok  ] llama3.1-8b: skipped variants are ones the labels call unusable
         skipped -; labels support ['over', 'under']
[ok  ] llama3.1-8b: no usable control contrast was left unrun
         ran every supported variant: ['over', 'under']
[ok  ] llama3.1-8b: matched cross-model arm 'over' was run
         causal_gate__over.json present
[ok  ] llama3.1-8b: gate artifacts present
         ['causal_gate__over.json', 'causal_gate__under.json'] / ['causal_matrix__over.csv', 'causal_matrix__under.csv']
[ok  ] llama3.1-8b__over: no gate verdict from an untested criterion
         bounds reporting a verdict with 0 pairs tested: []
[ok  ] llama3.1-8b__over: G2 is FDR-corrected
         BH q=0.05 over the asymmetry family, as pre-registered
[ok  ] llama3.1-8b__over: every null band is finite and positive (G3-bug guard)
         all bands finite across 5 capability bounds
[ok  ] llama3.1-8b__over: every alpha in the matrix has a behavioural null band
         alphas [0.25, 0.5, 1.0, 2.0, 4.0] all covered
         liveness llama3.1-8b__over bound=0.1: G2 tested=381 ci_disjoint=304 beyond_null=227 fdr=321 -> holds=True | G3 holds=None n=None
         liveness llama3.1-8b__over bound=0.25: G2 tested=681 ci_disjoint=578 beyond_null=388 fdr=605 -> holds=True | G3 holds=None n=None
         liveness llama3.1-8b__over bound=0.5: G2 tested=822 ci_disjoint=705 beyond_null=496 fdr=739 -> holds=True | G3 holds=None n=None
         liveness llama3.1-8b__over bound=1.0: G2 tested=997 ci_disjoint=861 beyond_null=549 fdr=905 -> holds=True | G3 holds=None n=None
         liveness llama3.1-8b__over bound=2.0: G2 tested=1254 ci_disjoint=1109 beyond_null=750 fdr=1160 -> holds=True | G3 holds=None n=None
[ok  ] llama3.1-8b__under: no gate verdict from an untested criterion
         bounds reporting a verdict with 0 pairs tested: []
[ok  ] llama3.1-8b__under: G2 is FDR-corrected
         BH q=0.05 over the asymmetry family, as pre-registered
[ok  ] llama3.1-8b__under: every null band is finite and positive (G3-bug guard)
         all bands finite across 5 capability bounds
[ok  ] llama3.1-8b__under: every alpha in the matrix has a behavioural null band
         alphas [0.25, 0.5, 1.0, 2.0, 4.0] all covered
         liveness llama3.1-8b__under bound=0.1: G2 tested=327 ci_disjoint=212 beyond_null=163 fdr=228 -> holds=True | G3 holds=None n=None
         liveness llama3.1-8b__under bound=0.25: G2 tested=726 ci_disjoint=503 beyond_null=419 fdr=539 -> holds=True | G3 holds=None n=None
         liveness llama3.1-8b__under bound=0.5: G2 tested=805 ci_disjoint=548 beyond_null=470 fdr=599 -> holds=True | G3 holds=None n=None
         liveness llama3.1-8b__under bound=1.0: G2 tested=1035 ci_disjoint=755 beyond_null=574 fdr=826 -> holds=True | G3 holds=None n=None
         liveness llama3.1-8b__under bound=2.0: G2 tested=1270 ci_disjoint=922 beyond_null=763 fdr=1018 -> holds=True | G3 holds=None n=None
[ok  ] llama3.1-8b__over: steering readout is calibrated (delta_AA ~= alpha)
         median |delta/alpha - 1| = 0.104 at the first read layer
[ok  ] llama3.1-8b__over: behavioural readout is generation-based
         refusal rate under intervention, labelled with the published rule
[ok  ] llama3.1-8b__over: every downstream layer is read
         25 distinct read layers over 11 steer layers
[ok  ] llama3.1-8b__over: gate family is the pre-registered read layers
         gate read layers per steer layer: [1, 2, 3] (expected <= 3); profile keeps 25 for description
[ok  ] llama3.1-8b__over: both read positions present
         ['t_inst', 't_post_inst']
[ok  ] llama3.1-8b__under: steering readout is calibrated (delta_AA ~= alpha)
         median |delta/alpha - 1| = 0.129 at the first read layer
[ok  ] llama3.1-8b__under: behavioural readout is generation-based
         refusal rate under intervention, labelled with the published rule
[ok  ] llama3.1-8b__under: every downstream layer is read
         25 distinct read layers over 10 steer layers
[ok  ] llama3.1-8b__under: gate family is the pre-registered read layers
         gate read layers per steer layer: [2, 3] (expected <= 3); profile keeps 25 for description
[ok  ] llama3.1-8b__under: both read positions present
         ['t_inst', 't_post_inst']
[ok  ] llama3.1-8b: stage B swept the steered positions
         token sets present: ['all_real', 'instruction_span', 'post_instruction', 't_inst_only'] (pre-registered: all_real, instruction_span, t_inst_only, post_instruction; a set is skipped only where its span is empty)
[ok  ] llama3.1-8b: steered-token set changes the intervention
         mean KL by token set: all_real=1.8275, instruction_span=0.0946, post_instruction=1.6668, t_inst_only=0.0094
[ok  ] llama3.1-8b: stage B swept the steered positions
         token sets present: ['all_real', 'instruction_span', 'post_instruction', 't_inst_only'] (pre-registered: all_real, instruction_span, t_inst_only, post_instruction; a set is skipped only where its span is empty)
[ok  ] llama3.1-8b: steered-token set changes the intervention
         mean KL by token set: all_real=1.9197, instruction_span=0.1228, post_instruction=1.7899, t_inst_only=0.0111
[info] yi-6b-chat: train-selected vs test-argmax layer per concept — 4/7 coincide: R_harm: L17/L17, R_harm_user: L17/L17, R_control: L31/L27, R_harm_at_post: L19/L19, R_control_harmless: L29/L29
[ok  ] yi-6b-chat: fit/eval instruction sets disjoint
         train=751 test=249 overlap=0
[ok  ] yi-6b-chat: every direction beats its length-only baseline
[ok  ] yi-6b-chat: R_control fit excludes the undetermined pool (E is held out)
         fit counts {'n_positive': 2202, 'n_negative': 433, 'n_test_pos': 712, 'n_test_neg': 183} vs labels {'n_positive': 2202, 'n_negative': 433, 'n_test_pos': 712, 'n_test_neg': 183}; 470 undetermined items are in neither class
[ok  ] yi-6b-chat: every reported CI has >= 20 MINORITY-class test items
         R_control minority=183, R_control_harmless minority=164, R_control_preguard minority=286, R_control_unbalanced minority=183, R_harm minority=992, R_harm_at_post minority=992, R_harm_user minority=248
[ok  ] yi-6b-chat: every reported CI has >= 20 test instructions (union, weaker check)
         min n_test_instructions = 117 across 224 direction-layer fits
[ok  ] yi-6b-chat: activation cache is present where the run recorded it
         /scratch/b6aj/jtelintelo.b6aj/rq1-activation-cache/results_verify-fb20c1ba/rq1/yi-6b-chat/activations.pt
[ok  ] yi-6b-chat: activations finite, fp16 storage has headroom
         absmax=528.0 (fp16 max 65504, 124x headroom), nan=0 inf=0
[ok  ] yi-6b-chat: cached activation index aligns with refusal labels
         n_cached=8000 n_labels=8000
[ok  ] yi-6b-chat: E1.1d variants are role-balanced
         4 variant-position fits; role TV before balancing: [0.061, 0.061, 0.099, 0.099]
[ok  ] yi-6b-chat: E1.1d variants beat their length-only baseline
         AUC vs length-only: R_harm_in_refused@t_inst 0.999 vs 0.695; R_harm_in_refused_at_post@t_post_inst 0.993 vs 0.695; R_harm_in_complied@t_inst 0.951 vs 0.722; R_harm_in_complied_at_post@t_post_inst 0.953 vs 0.722
[ok  ] yi-6b-chat: E1.7 Level 2 has both arms
         arms present: ['generated', 'template'] — `generated` is the real test, `template` upper-bounds how detectable register can be
[ok  ] yi-6b-chat: E1.7 Level 2 cosines carry a split-half floor
         1152 rows; median floor 0.591
[ok  ] yi-6b-chat: every variant run is supported by this run's labels
         ran ['over', 'under']; labels support ['over', 'under']
[ok  ] yi-6b-chat: skipped variants are ones the labels call unusable
         skipped -; labels support ['over', 'under']
[ok  ] yi-6b-chat: no usable control contrast was left unrun
         ran every supported variant: ['over', 'under']
[ok  ] yi-6b-chat: matched cross-model arm 'over' was run
         causal_gate__over.json present
[ok  ] yi-6b-chat: gate artifacts present
         ['causal_gate__over.json', 'causal_gate__under.json'] / ['causal_matrix__over.csv', 'causal_matrix__under.csv']
[ok  ] yi-6b-chat__over: no gate verdict from an untested criterion
         bounds reporting a verdict with 0 pairs tested: []
[ok  ] yi-6b-chat__over: G2 is FDR-corrected
         BH q=0.05 over the asymmetry family, as pre-registered
[ok  ] yi-6b-chat__over: every null band is finite and positive (G3-bug guard)
         all bands finite across 5 capability bounds
[ok  ] yi-6b-chat__over: every alpha in the matrix has a behavioural null band
         alphas [0.25, 0.5, 1.0, 2.0, 4.0] all covered
         liveness yi-6b-chat__over bound=0.1: G2 tested=1116 ci_disjoint=877 beyond_null=433 fdr=933 -> holds=True | G3 holds=None n=None
         liveness yi-6b-chat__over bound=0.25: G2 tested=1279 ci_disjoint=1010 beyond_null=485 fdr=1070 -> holds=True | G3 holds=None n=None
         liveness yi-6b-chat__over bound=0.5: G2 tested=1430 ci_disjoint=1151 beyond_null=597 fdr=1214 -> holds=True | G3 holds=None n=None
         liveness yi-6b-chat__over bound=1.0: G2 tested=1489 ci_disjoint=1192 beyond_null=619 fdr=1258 -> holds=True | G3 holds=None n=None
         liveness yi-6b-chat__over bound=2.0: G2 tested=1632 ci_disjoint=1302 beyond_null=730 fdr=1376 -> holds=True | G3 holds=None n=None
[ok  ] yi-6b-chat__under: no gate verdict from an untested criterion
         bounds reporting a verdict with 0 pairs tested: []
[ok  ] yi-6b-chat__under: G2 is FDR-corrected
         BH q=0.05 over the asymmetry family, as pre-registered
[ok  ] yi-6b-chat__under: every null band is finite and positive (G3-bug guard)
         all bands finite across 5 capability bounds
[ok  ] yi-6b-chat__under: every alpha in the matrix has a behavioural null band
         alphas [0.25, 0.5, 1.0, 2.0, 4.0] all covered
         liveness yi-6b-chat__under bound=0.1: G2 tested=1114 ci_disjoint=872 beyond_null=409 fdr=924 -> holds=True | G3 holds=None n=None
         liveness yi-6b-chat__under bound=0.25: G2 tested=1264 ci_disjoint=1004 beyond_null=459 fdr=1057 -> holds=True | G3 holds=None n=None
         liveness yi-6b-chat__under bound=0.5: G2 tested=1410 ci_disjoint=1137 beyond_null=550 fdr=1195 -> holds=True | G3 holds=None n=None
         liveness yi-6b-chat__under bound=1.0: G2 tested=1474 ci_disjoint=1190 beyond_null=588 fdr=1252 -> holds=True | G3 holds=None n=None
         liveness yi-6b-chat__under bound=2.0: G2 tested=1594 ci_disjoint=1289 beyond_null=684 fdr=1358 -> holds=True | G3 holds=None n=None
[ok  ] yi-6b-chat__over: steering readout is calibrated (delta_AA ~= alpha)
         median |delta/alpha - 1| = 0.078 at the first read layer
[ok  ] yi-6b-chat__over: behavioural readout is generation-based
         refusal rate under intervention, labelled with the published rule
[ok  ] yi-6b-chat__over: every downstream layer is read
         24 distinct read layers over 10 steer layers
[ok  ] yi-6b-chat__over: gate family is the pre-registered read layers
         gate read layers per steer layer: [1, 2, 3] (expected <= 3); profile keeps 24 for description
[ok  ] yi-6b-chat__over: both read positions present
         ['t_inst', 't_post_inst']
[ok  ] yi-6b-chat__under: steering readout is calibrated (delta_AA ~= alpha)
         median |delta/alpha - 1| = 0.104 at the first read layer
[ok  ] yi-6b-chat__under: behavioural readout is generation-based
         refusal rate under intervention, labelled with the published rule
[ok  ] yi-6b-chat__under: every downstream layer is read
         24 distinct read layers over 9 steer layers
[ok  ] yi-6b-chat__under: gate family is the pre-registered read layers
         gate read layers per steer layer: [1, 2, 3] (expected <= 3); profile keeps 24 for description
[ok  ] yi-6b-chat__under: both read positions present
         ['t_inst', 't_post_inst']
[ok  ] yi-6b-chat: stage B swept the steered positions
         token sets present: ['all_real', 'instruction_span', 'post_instruction', 't_inst_only'] (pre-registered: all_real, instruction_span, t_inst_only, post_instruction; a set is skipped only where its span is empty)
[ok  ] yi-6b-chat: steered-token set changes the intervention
         mean KL by token set: all_real=0.8211, instruction_span=0.0359, post_instruction=0.7904, t_inst_only=0.0051
[ok  ] yi-6b-chat: stage B swept the steered positions
         token sets present: ['all_real', 'instruction_span', 'post_instruction', 't_inst_only'] (pre-registered: all_real, instruction_span, t_inst_only, post_instruction; a set is skipped only where its span is empty)
[ok  ] yi-6b-chat: steered-token set changes the intervention
         mean KL by token set: all_real=0.7751, instruction_span=0.0353, post_instruction=0.7423, t_inst_only=0.0046
[info] qwen3.5-35b-a3b: train-selected vs test-argmax layer per concept — 3/7 coincide: R_harm: L27/L27, R_harm_user: L27/L27, R_control: L34/L28, R_harm_at_post: L39/L39, R_control_harmless: L39/L34
[ok  ] qwen3.5-35b-a3b: fit/eval instruction sets disjoint
         train=751 test=249 overlap=0
[ok  ] qwen3.5-35b-a3b: every direction beats its length-only baseline
[ok  ] qwen3.5-35b-a3b: R_control fit excludes the undetermined pool (E is held out)
         fit counts {'n_positive': 2891, 'n_negative': 21, 'n_test_pos': 945, 'n_test_neg': 3} vs labels {'n_positive': 2891, 'n_negative': 21, 'n_test_pos': 945, 'n_test_neg': 3}; 140 undetermined items are in neither class
[FAIL] qwen3.5-35b-a3b: every reported CI has >= 20 MINORITY-class test items
         R_control@L34 minority=3 (pos=945, neg=3), R_control_unbalanced@L36 minority=3 (pos=945, neg=3)
[ok  ] qwen3.5-35b-a3b: every reported CI has >= 20 test instructions (union, weaker check)
         min n_test_instructions = 121 across 280 direction-layer fits
[ok  ] qwen3.5-35b-a3b: activation cache is present where the run recorded it
         /scratch/b6aj/jtelintelo.b6aj/rq1-activation-cache/results_verify-fb20c1ba/rq1/qwen3.5-35b-a3b/activations.pt
[ok  ] qwen3.5-35b-a3b: activations finite, fp16 storage has headroom
         absmax=13.9 (fp16 max 65504, 4700x headroom), nan=0 inf=0
[ok  ] qwen3.5-35b-a3b: cached activation index aligns with refusal labels
         n_cached=8000 n_labels=8000
[ok  ] qwen3.5-35b-a3b: E1.1d variants are role-balanced
         2 variant-position fits; role TV before balancing: [0.186, 0.186]
[ok  ] qwen3.5-35b-a3b: E1.1d variants beat their length-only baseline
         AUC vs length-only: R_harm_in_refused@t_inst 0.999 vs 0.692; R_harm_in_refused_at_post@t_post_inst 0.973 vs 0.692
[ok  ] qwen3.5-35b-a3b: E1.7 Level 2 has both arms
         arms present: ['generated', 'template'] — `generated` is the real test, `template` upper-bounds how detectable register can be
[ok  ] qwen3.5-35b-a3b: E1.7 Level 2 cosines carry a split-half floor
         1440 rows; median floor 0.824
[FAIL] qwen3.5-35b-a3b: every variant run is supported by this run's labels
         ran ['over', 'under']; labels support ['over']  UNSUPPORTED: ['under']
[ok  ] qwen3.5-35b-a3b: skipped variants are ones the labels call unusable
         skipped -; labels support ['over']
[ok  ] qwen3.5-35b-a3b: no usable control contrast was left unrun
         ran every supported variant: ['over', 'under']
[ok  ] qwen3.5-35b-a3b: matched cross-model arm 'over' was run
         causal_gate__over.json present
[ok  ] qwen3.5-35b-a3b: gate artifacts present
         ['causal_gate__over.json', 'causal_gate__under.json'] / ['causal_matrix__over.csv', 'causal_matrix__under.csv']
[ok  ] qwen3.5-35b-a3b__over: no gate verdict from an untested criterion
         bounds reporting a verdict with 0 pairs tested: []
[ok  ] qwen3.5-35b-a3b__over: G2 is FDR-corrected
         BH q=0.05 over the asymmetry family, as pre-registered
[FAIL] qwen3.5-35b-a3b__over: every null band is finite and positive (G3-bug guard)
         bound 0.1: null_band_behaviour[0.25]=0.0; bound 0.25: null_band_behaviour[0.25]=0.0; bound 0.5: null_band_behaviour[0.25]=0.0; bound 1.0: null_band_behaviour[0.25]=0.0; bound 2.0: null_band_behaviour[0.25]=0.0
[ok  ] qwen3.5-35b-a3b__over: every alpha in the matrix has a behavioural null band
         alphas [0.25, 0.5, 1.0, 2.0, 4.0] all covered
         liveness qwen3.5-35b-a3b__over bound=0.1: G2 tested=394 ci_disjoint=306 beyond_null=136 fdr=337 -> holds=True | G3 holds=None n=None
         liveness qwen3.5-35b-a3b__over bound=0.25: G2 tested=570 ci_disjoint=454 beyond_null=196 fdr=493 -> holds=True | G3 holds=None n=None
         liveness qwen3.5-35b-a3b__over bound=0.5: G2 tested=618 ci_disjoint=500 beyond_null=222 fdr=540 -> holds=True | G3 holds=None n=None
         liveness qwen3.5-35b-a3b__over bound=1.0: G2 tested=717 ci_disjoint=593 beyond_null=258 fdr=639 -> holds=True | G3 holds=None n=None
         liveness qwen3.5-35b-a3b__over bound=2.0: G2 tested=851 ci_disjoint=716 beyond_null=321 fdr=765 -> holds=True | G3 holds=None n=None
[ok  ] qwen3.5-35b-a3b__under: no gate verdict from an untested criterion
         bounds reporting a verdict with 0 pairs tested: []
[ok  ] qwen3.5-35b-a3b__under: G2 is FDR-corrected
         BH q=0.05 over the asymmetry family, as pre-registered
[FAIL] qwen3.5-35b-a3b__under: every null band is finite and positive (G3-bug guard)
         bound 0.1: null_band_behaviour[0.25]=0.0; bound 0.25: null_band_behaviour[0.25]=0.0; bound 0.5: null_band_behaviour[0.25]=0.0; bound 1.0: null_band_behaviour[0.25]=0.0; bound 2.0: null_band_behaviour[0.25]=0.0
[ok  ] qwen3.5-35b-a3b__under: every alpha in the matrix has a behavioural null band
         alphas [0.25, 0.5, 1.0, 2.0, 4.0] all covered
         liveness qwen3.5-35b-a3b__under bound=0.1: G2 tested=362 ci_disjoint=223 beyond_null=100 fdr=240 -> holds=True | G3 holds=None n=None
         liveness qwen3.5-35b-a3b__under bound=0.25: G2 tested=573 ci_disjoint=377 beyond_null=203 fdr=403 -> holds=True | G3 holds=None n=None
         liveness qwen3.5-35b-a3b__under bound=0.5: G2 tested=657 ci_disjoint=441 beyond_null=256 fdr=471 -> holds=True | G3 holds=None n=None
         liveness qwen3.5-35b-a3b__under bound=1.0: G2 tested=764 ci_disjoint=519 beyond_null=319 fdr=552 -> holds=True | G3 holds=None n=None
         liveness qwen3.5-35b-a3b__under bound=2.0: G2 tested=948 ci_disjoint=664 beyond_null=398 fdr=701 -> holds=True | G3 holds=None n=None
[ok  ] qwen3.5-35b-a3b__over: steering readout is calibrated (delta_AA ~= alpha)
         median |delta/alpha - 1| = 0.067 at the first read layer
[ok  ] qwen3.5-35b-a3b__over: behavioural readout is generation-based
         refusal rate under intervention, labelled with the published rule
[ok  ] qwen3.5-35b-a3b__over: every downstream layer is read
         30 distinct read layers over 9 steer layers
[ok  ] qwen3.5-35b-a3b__over: gate family is the pre-registered read layers
         gate read layers per steer layer: [1, 2, 3] (expected <= 3); profile keeps 30 for description
[ok  ] qwen3.5-35b-a3b__over: both read positions present
         ['t_inst', 't_post_inst']
[ok  ] qwen3.5-35b-a3b__under: steering readout is calibrated (delta_AA ~= alpha)
         median |delta/alpha - 1| = 0.073 at the first read layer
[ok  ] qwen3.5-35b-a3b__under: behavioural readout is generation-based
         refusal rate under intervention, labelled with the published rule
[ok  ] qwen3.5-35b-a3b__under: every downstream layer is read
         30 distinct read layers over 10 steer layers
[ok  ] qwen3.5-35b-a3b__under: gate family is the pre-registered read layers
         gate read layers per steer layer: [2, 3] (expected <= 3); profile keeps 30 for description
[ok  ] qwen3.5-35b-a3b__under: both read positions present
         ['t_inst', 't_post_inst']
[ok  ] qwen3.5-35b-a3b: stage B swept the steered positions
         token sets present: ['all_real', 'instruction_span', 'post_instruction', 't_inst_only'] (pre-registered: all_real, instruction_span, t_inst_only, post_instruction; a set is skipped only where its span is empty)
[ok  ] qwen3.5-35b-a3b: steered-token set changes the intervention
         mean KL by token set: all_real=1.7185, instruction_span=0.0174, post_instruction=1.6487, t_inst_only=0.0020
[ok  ] qwen3.5-35b-a3b: stage B swept the steered positions
         token sets present: ['all_real', 'instruction_span', 'post_instruction', 't_inst_only'] (pre-registered: all_real, instruction_span, t_inst_only, post_instruction; a set is skipped only where its span is empty)
[ok  ] qwen3.5-35b-a3b: steered-token set changes the intervention
         mean KL by token set: all_real=2.2665, instruction_span=0.0257, post_instruction=2.2041, t_inst_only=0.0024
[info] nemotron-3-nano-30b-a3b: train-selected vs test-argmax layer per concept — 4/7 coincide: R_harm: L25/L24, R_harm_user: L25/L25, R_control: L50/L38, R_harm_at_post: L19/L19, R_control_harmless: L41/L41
[ok  ] nemotron-3-nano-30b-a3b: fit/eval instruction sets disjoint
         train=751 test=249 overlap=0
[ok  ] nemotron-3-nano-30b-a3b: every direction beats its length-only baseline
[ok  ] nemotron-3-nano-30b-a3b: R_control fit excludes the undetermined pool (E is held out)
         fit counts {'n_positive': 2799, 'n_negative': 48, 'n_test_pos': 912, 'n_test_neg': 18} vs labels {'n_positive': 2799, 'n_negative': 48, 'n_test_pos': 912, 'n_test_neg': 18}; 223 undetermined items are in neither class
[FAIL] nemotron-3-nano-30b-a3b: every reported CI has >= 20 MINORITY-class test items
         R_control@L50 minority=18 (pos=912, neg=18), R_control_unbalanced@L50 minority=18 (pos=912, neg=18)
[ok  ] nemotron-3-nano-30b-a3b: every reported CI has >= 20 test instructions (union, weaker check)
         min n_test_instructions = 122 across 364 direction-layer fits
[ok  ] nemotron-3-nano-30b-a3b: activation cache is present where the run recorded it
         /scratch/b6aj/jtelintelo.b6aj/rq1-activation-cache/results_verify-fb20c1ba/rq1/nemotron-3-nano-30b-a3b/activations.pt
[ok  ] nemotron-3-nano-30b-a3b: activations finite, fp16 storage has headroom
         absmax=636.0 (fp16 max 65504, 103x headroom), nan=0 inf=0
[ok  ] nemotron-3-nano-30b-a3b: cached activation index aligns with refusal labels
         n_cached=8000 n_labels=8000
[ok  ] nemotron-3-nano-30b-a3b: E1.1d variants are role-balanced
         4 variant-position fits; role TV before balancing: [0.244, 0.244, 0.093, 0.093]
[ok  ] nemotron-3-nano-30b-a3b: E1.1d variants beat their length-only baseline
         AUC vs length-only: R_harm_in_refused@t_inst 1.000 vs 0.754; R_harm_in_refused_at_post@t_post_inst 0.999 vs 0.754; R_harm_in_complied@t_inst 0.997 vs 0.825; R_harm_in_complied_at_post@t_post_inst 1.000 vs 0.825
[ok  ] nemotron-3-nano-30b-a3b: E1.7 Level 2 has both arms
         arms present: ['generated', 'template'] — `generated` is the real test, `template` upper-bounds how detectable register can be
[ok  ] nemotron-3-nano-30b-a3b: E1.7 Level 2 cosines carry a split-half floor
         1872 rows; median floor 0.896
[ok  ] nemotron-3-nano-30b-a3b: every variant run is supported by this run's labels
         ran ['over', 'under']; labels support ['over', 'under']
[ok  ] nemotron-3-nano-30b-a3b: skipped variants are ones the labels call unusable
         skipped -; labels support ['over', 'under']
[ok  ] nemotron-3-nano-30b-a3b: no usable control contrast was left unrun
         ran every supported variant: ['over', 'under']
[ok  ] nemotron-3-nano-30b-a3b: matched cross-model arm 'over' was run
         causal_gate__over.json present
[ok  ] nemotron-3-nano-30b-a3b: gate artifacts present
         ['causal_gate__over.json', 'causal_gate__under.json'] / ['causal_matrix__over.csv', 'causal_matrix__under.csv']
[ok  ] nemotron-3-nano-30b-a3b__over: no gate verdict from an untested criterion
         bounds reporting a verdict with 0 pairs tested: []
[ok  ] nemotron-3-nano-30b-a3b__over: G2 is FDR-corrected
         BH q=0.05 over the asymmetry family, as pre-registered
[ok  ] nemotron-3-nano-30b-a3b__over: every null band is finite and positive (G3-bug guard)
         all bands finite across 5 capability bounds
[ok  ] nemotron-3-nano-30b-a3b__over: every alpha in the matrix has a behavioural null band
         alphas [0.25, 0.5, 1.0, 2.0, 4.0] all covered
         liveness nemotron-3-nano-30b-a3b__over bound=0.1: G2 tested=664 ci_disjoint=510 beyond_null=265 fdr=538 -> holds=True | G3 holds=None n=None
         liveness nemotron-3-nano-30b-a3b__over bound=0.25: G2 tested=944 ci_disjoint=738 beyond_null=372 fdr=791 -> holds=True | G3 holds=None n=None
         liveness nemotron-3-nano-30b-a3b__over bound=0.5: G2 tested=1203 ci_disjoint=966 beyond_null=544 fdr=1025 -> holds=True | G3 holds=None n=None
         liveness nemotron-3-nano-30b-a3b__over bound=1.0: G2 tested=1418 ci_disjoint=1173 beyond_null=641 fdr=1237 -> holds=True | G3 holds=None n=None
         liveness nemotron-3-nano-30b-a3b__over bound=2.0: G2 tested=1568 ci_disjoint=1320 beyond_null=751 fdr=1385 -> holds=True | G3 holds=None n=None
[ok  ] nemotron-3-nano-30b-a3b__under: no gate verdict from an untested criterion
         bounds reporting a verdict with 0 pairs tested: []
[ok  ] nemotron-3-nano-30b-a3b__under: G2 is FDR-corrected
         BH q=0.05 over the asymmetry family, as pre-registered
[ok  ] nemotron-3-nano-30b-a3b__under: every null band is finite and positive (G3-bug guard)
         all bands finite across 5 capability bounds
[ok  ] nemotron-3-nano-30b-a3b__under: every alpha in the matrix has a behavioural null band
         alphas [0.25, 0.5, 1.0, 2.0, 4.0] all covered
         liveness nemotron-3-nano-30b-a3b__under bound=0.1: G2 tested=593 ci_disjoint=436 beyond_null=267 fdr=451 -> holds=True | G3 holds=None n=None
         liveness nemotron-3-nano-30b-a3b__under bound=0.25: G2 tested=842 ci_disjoint=630 beyond_null=406 fdr=654 -> holds=True | G3 holds=None n=None
         liveness nemotron-3-nano-30b-a3b__under bound=0.5: G2 tested=1133 ci_disjoint=905 beyond_null=626 fdr=937 -> holds=True | G3 holds=None n=None
         liveness nemotron-3-nano-30b-a3b__under bound=1.0: G2 tested=1307 ci_disjoint=1070 beyond_null=722 fdr=1107 -> holds=True | G3 holds=None n=None
         liveness nemotron-3-nano-30b-a3b__under bound=2.0: G2 tested=1495 ci_disjoint=1253 beyond_null=893 fdr=1292 -> holds=True | G3 holds=None n=None
[ok  ] nemotron-3-nano-30b-a3b__over: steering readout is calibrated (delta_AA ~= alpha)
         median |delta/alpha - 1| = 0.021 at the first read layer
[ok  ] nemotron-3-nano-30b-a3b__over: behavioural readout is generation-based
         refusal rate under intervention, labelled with the published rule
[ok  ] nemotron-3-nano-30b-a3b__over: every downstream layer is read
         39 distinct read layers over 10 steer layers
[ok  ] nemotron-3-nano-30b-a3b__over: gate family is the pre-registered read layers
         gate read layers per steer layer: [1, 2, 3] (expected <= 3); profile keeps 39 for description
[ok  ] nemotron-3-nano-30b-a3b__over: both read positions present
         ['t_inst', 't_post_inst']
[ok  ] nemotron-3-nano-30b-a3b__under: steering readout is calibrated (delta_AA ~= alpha)
         median |delta/alpha - 1| = 0.030 at the first read layer
[ok  ] nemotron-3-nano-30b-a3b__under: behavioural readout is generation-based
         refusal rate under intervention, labelled with the published rule
[ok  ] nemotron-3-nano-30b-a3b__under: every downstream layer is read
         39 distinct read layers over 9 steer layers
[ok  ] nemotron-3-nano-30b-a3b__under: gate family is the pre-registered read layers
         gate read layers per steer layer: [1, 2, 3] (expected <= 3); profile keeps 39 for description
[ok  ] nemotron-3-nano-30b-a3b__under: both read positions present
         ['t_inst', 't_post_inst']
[ok  ] nemotron-3-nano-30b-a3b: stage B swept the steered positions
         token sets present: ['all_real', 'instruction_span', 'post_instruction', 't_inst_only'] (pre-registered: all_real, instruction_span, t_inst_only, post_instruction; a set is skipped only where its span is empty)
[ok  ] nemotron-3-nano-30b-a3b: steered-token set changes the intervention
         mean KL by token set: all_real=1.3833, instruction_span=0.0194, post_instruction=1.3222, t_inst_only=0.0020
[ok  ] nemotron-3-nano-30b-a3b: stage B swept the steered positions
         token sets present: ['all_real', 'instruction_span', 'post_instruction', 't_inst_only'] (pre-registered: all_real, instruction_span, t_inst_only, post_instruction; a set is skipped only where its span is empty)
[ok  ] nemotron-3-nano-30b-a3b: steered-token set changes the intervention
         mean KL by token set: all_real=1.6234, instruction_span=0.0249, post_instruction=1.5675, t_inst_only=0.0022

======================================================================
227/232 checks passed
>>> EXIT 1

################################################################
# verify results/ against the independent reproduction
################################################################
[ok  ] corpus: no train/test leakage by instruction
         {'train': 751, 'test': 249}
[ok  ] corpus: every instruction rendered under every (role, design)
         llama3.1-8b: 4 roles (assistant,system,tool,user) x 2 designs = 8; per instruction min=8 max=8
         nemotron-3-nano-30b-a3b: 4 roles (assistant,system,tool,user) x 2 designs = 8; per instruction min=8 max=8
         qwen2.5-7b: 4 roles (assistant,system,tool,user) x 2 designs = 8; per instruction min=8 max=8
         qwen3.5-35b-a3b: 4 roles (assistant,system,tool,user) x 2 designs = 8; per instruction min=8 max=8
         qwen3.5-9b: 4 roles (assistant,system,tool,user) x 2 designs = 8; per instruction min=8 max=8
         yi-6b-chat: 4 roles (assistant,system,tool,user) x 2 designs = 8; per instruction min=8 max=8

Roster under verification:
  qwen2.5-7b                 Qwen     qwen2.5    dense  roles=default(4)
  qwen3.5-9b                 Qwen     qwen3.5    dense  roles=default(4)
  llama3.1-8b                Meta     llama3.1   dense  roles=default(4)
  yi-6b-chat                 01-AI    yi         dense  roles=default(4)
  qwen3.5-35b-a3b            Qwen     qwen3.5    moe    roles=default(4)
  nemotron-3-nano-30b-a3b    NVIDIA   nemotron3  moe    roles=default(4)
  => 6 models; 4 vendors (01-AI, Meta, NVIDIA, Qwen); 5 template families (llama3.1, nemotron3, qwen2.5, qwen3.5, yi); architectures: dense, moe
[ok  ] roster: every registered RQ1 model was rendered
         expected ['qwen2.5-7b', 'qwen3.5-9b', 'llama3.1-8b', 'yi-6b-chat', 'qwen3.5-35b-a3b', 'nemotron-3-nano-30b-a3b']
         rendered ['llama3.1-8b', 'nemotron-3-nano-30b-a3b', 'qwen2.5-7b', 'qwen3.5-35b-a3b', 'qwen3.5-9b', 'yi-6b-chat']
[ok  ] roster: spans more than one vendor and both architectures
         vendors=['01-AI', 'Meta', 'NVIDIA', 'Qwen'] architectures=['dense', 'moe']
[ok  ] roster: R_role is the same class set on every model
         all 6 models carry ('assistant', 'system', 'tool', 'user')
[ok  ] corpus: template bleed is structurally bounded (tool role, <=1 char)
         llama3.1-8b/tool/fixed_slot ['"'] harmful=0.438 harmless=0.924 |d|=0.486
         llama3.1-8b/tool/natural_slot ['"'] harmful=0.438 harmless=0.924 |d|=0.486
         nemotron-3-nano-30b-a3b/tool/fixed_slot ['\n'] harmful=0.408 harmless=0.920 |d|=0.512
         nemotron-3-nano-30b-a3b/tool/natural_slot ['\n'] harmful=0.408 harmless=0.920 |d|=0.512
         qwen2.5-7b/tool/fixed_slot ['\n'] harmful=0.408 harmless=0.922 |d|=0.514
         qwen2.5-7b/tool/natural_slot ['\n'] harmful=0.408 harmless=0.922 |d|=0.514
         qwen3.5-35b-a3b/tool/fixed_slot ['\n'] harmful=0.000 harmless=0.002 |d|=0.002
         qwen3.5-35b-a3b/tool/natural_slot ['\n'] harmful=0.000 harmless=0.002 |d|=0.002
         qwen3.5-9b/tool/fixed_slot ['\n'] harmful=0.000 harmless=0.002 |d|=0.002
         qwen3.5-9b/tool/natural_slot ['\n'] harmful=0.000 harmless=0.002 |d|=0.002
[info] bleed by-label rate difference is REPORTED, not gated — it tracks source punctuation and is covered by the surface baseline
[ok  ] E1.7 L2: every base appears in every register
         generated per base {3} (expect {3}), template per base {6} (expect {6})
[ok  ] E1.7 L2: both arms cover the same bases
         the template arm is the control for the generated arm, so it must hold the same requests
[ok  ] E1.7 L2: corpus declared usable
         92 complete bases (floor 40)
[ok  ] E1.7 L2: content coverage recorded per item
         median 1.000, min 0.286 over 276 generated rewrites — report this, do not assume it
[info] qwen2.5-7b: train-selected vs test-argmax layer per concept — 4/7 coincide: R_harm: L16/L16, R_harm_user: L17/L17, R_control: L20/L18, R_harm_at_post: L16/L16, R_control_harmless: L26/L21
[ok  ] qwen2.5-7b: fit/eval instruction sets disjoint
         train=751 test=249 overlap=0
[ok  ] qwen2.5-7b: every direction beats its length-only baseline
[ok  ] qwen2.5-7b: R_control fit excludes the undetermined pool (E is held out)
         fit counts {'n_positive': 2167, 'n_negative': 174, 'n_test_pos': 709, 'n_test_neg': 63} vs labels {'n_positive': 2167, 'n_negative': 174, 'n_test_pos': 709, 'n_test_neg': 63}; 887 undetermined items are in neither class
[ok  ] qwen2.5-7b: every reported CI has >= 20 MINORITY-class test items
         R_control minority=63, R_control_harmless minority=68, R_control_preguard minority=291, R_control_unbalanced minority=63, R_harm minority=992, R_harm_at_post minority=992, R_harm_user minority=248
[ok  ] qwen2.5-7b: every reported CI has >= 20 test instructions (union, weaker check)
         min n_test_instructions = 114 across 196 direction-layer fits
[ok  ] qwen2.5-7b: activation cache is present where the run recorded it
         /scratch/b6aj/jtelintelo.b6aj/rq1-activation-cache/results-fcbf856b/rq1/qwen2.5-7b/activations.pt
[ok  ] qwen2.5-7b: activations finite, fp16 storage has headroom
         absmax=364.0 (fp16 max 65504, 180x headroom), nan=0 inf=0
[ok  ] qwen2.5-7b: cached activation index aligns with refusal labels
         n_cached=8000 n_labels=8000
[ok  ] qwen2.5-7b: E1.1d variants are role-balanced
         4 variant-position fits; role TV before balancing: [0.235, 0.235, 0.075, 0.075]
[ok  ] qwen2.5-7b: E1.1d variants beat their length-only baseline
         AUC vs length-only: R_harm_in_refused@t_inst 0.996 vs 0.622; R_harm_in_refused_at_post@t_post_inst 0.997 vs 0.622; R_harm_in_complied@t_inst 0.979 vs 0.770; R_harm_in_complied_at_post@t_post_inst 0.991 vs 0.770
[ok  ] qwen2.5-7b: E1.7 Level 2 has both arms
         arms present: ['generated', 'template'] — `generated` is the real test, `template` upper-bounds how detectable register can be
[ok  ] qwen2.5-7b: E1.7 Level 2 cosines carry a split-half floor
         1008 rows; median floor 0.903
[ok  ] qwen2.5-7b: every variant run is supported by this run's labels
         ran ['over', 'under']; labels support ['over', 'under']
[ok  ] qwen2.5-7b: skipped variants are ones the labels call unusable
         skipped -; labels support ['over', 'under']
[ok  ] qwen2.5-7b: no usable control contrast was left unrun
         ran every supported variant: ['over', 'under']
[ok  ] qwen2.5-7b: matched cross-model arm 'over' was run
         causal_gate__over.json present
[ok  ] qwen2.5-7b: gate artifacts present
         ['causal_gate__over.json', 'causal_gate__under.json'] / ['causal_matrix__over.csv', 'causal_matrix__under.csv']
[ok  ] qwen2.5-7b__over: no gate verdict from an untested criterion
         bounds reporting a verdict with 0 pairs tested: []
[ok  ] qwen2.5-7b__over: G2 is FDR-corrected
         BH q=0.05 over the asymmetry family, as pre-registered
[ok  ] qwen2.5-7b__over: every null band is finite and positive (G3-bug guard)
         all bands finite across 5 capability bounds
[ok  ] qwen2.5-7b__over: every alpha in the matrix has a behavioural null band
         alphas [0.25, 0.5, 1.0, 2.0, 4.0] all covered
         liveness qwen2.5-7b__over bound=0.1: G2 tested=287 ci_disjoint=187 beyond_null=136 fdr=204 -> holds=True | G3 holds=None n=None
         liveness qwen2.5-7b__over bound=0.25: G2 tested=435 ci_disjoint=298 beyond_null=215 fdr=319 -> holds=True | G3 holds=None n=None
         liveness qwen2.5-7b__over bound=0.5: G2 tested=521 ci_disjoint=349 beyond_null=268 fdr=376 -> holds=True | G3 holds=None n=None
         liveness qwen2.5-7b__over bound=1.0: G2 tested=573 ci_disjoint=390 beyond_null=304 fdr=418 -> holds=True | G3 holds=None n=None
         liveness qwen2.5-7b__over bound=2.0: G2 tested=684 ci_disjoint=459 beyond_null=357 fdr=494 -> holds=True | G3 holds=None n=None
[ok  ] qwen2.5-7b__under: no gate verdict from an untested criterion
         bounds reporting a verdict with 0 pairs tested: []
[ok  ] qwen2.5-7b__under: G2 is FDR-corrected
         BH q=0.05 over the asymmetry family, as pre-registered
[ok  ] qwen2.5-7b__under: every null band is finite and positive (G3-bug guard)
         all bands finite across 5 capability bounds
[ok  ] qwen2.5-7b__under: every alpha in the matrix has a behavioural null band
         alphas [0.25, 0.5, 1.0, 2.0, 4.0] all covered
         liveness qwen2.5-7b__under bound=0.1: G2 tested=287 ci_disjoint=220 beyond_null=128 fdr=237 -> holds=True | G3 holds=None n=None
         liveness qwen2.5-7b__under bound=0.25: G2 tested=416 ci_disjoint=295 beyond_null=186 fdr=314 -> holds=True | G3 holds=None n=None
         liveness qwen2.5-7b__under bound=0.5: G2 tested=521 ci_disjoint=375 beyond_null=252 fdr=396 -> holds=True | G3 holds=None n=None
         liveness qwen2.5-7b__under bound=1.0: G2 tested=573 ci_disjoint=393 beyond_null=288 fdr=416 -> holds=True | G3 holds=None n=None
         liveness qwen2.5-7b__under bound=2.0: G2 tested=667 ci_disjoint=435 beyond_null=331 fdr=459 -> holds=True | G3 holds=None n=None
[ok  ] qwen2.5-7b__over: steering readout is calibrated (delta_AA ~= alpha)
         median |delta/alpha - 1| = 0.098 at the first read layer
[ok  ] qwen2.5-7b__over: behavioural readout is generation-based
         refusal rate under intervention, labelled with the published rule
[ok  ] qwen2.5-7b__over: every downstream layer is read
         21 distinct read layers over 9 steer layers
[ok  ] qwen2.5-7b__over: gate family is the pre-registered read layers
         gate read layers per steer layer: [1, 2, 3] (expected <= 3); profile keeps 21 for description
[ok  ] qwen2.5-7b__over: both read positions present
         ['t_inst', 't_post_inst']
[ok  ] qwen2.5-7b__under: steering readout is calibrated (delta_AA ~= alpha)
         median |delta/alpha - 1| = 0.102 at the first read layer
[ok  ] qwen2.5-7b__under: behavioural readout is generation-based
         refusal rate under intervention, labelled with the published rule
[ok  ] qwen2.5-7b__under: every downstream layer is read
         21 distinct read layers over 9 steer layers
[ok  ] qwen2.5-7b__under: gate family is the pre-registered read layers
         gate read layers per steer layer: [1, 2, 3] (expected <= 3); profile keeps 21 for description
[ok  ] qwen2.5-7b__under: both read positions present
         ['t_inst', 't_post_inst']
[ok  ] qwen2.5-7b: stage B swept the steered positions
         token sets present: ['all_real', 'instruction_span', 'post_instruction', 't_inst_only'] (pre-registered: all_real, instruction_span, t_inst_only, post_instruction; a set is skipped only where its span is empty)
[ok  ] qwen2.5-7b: steered-token set changes the intervention
         mean KL by token set: all_real=2.1695, instruction_span=0.1272, post_instruction=2.0211, t_inst_only=0.0203
[ok  ] qwen2.5-7b: stage B swept the steered positions
         token sets present: ['all_real', 'instruction_span', 'post_instruction', 't_inst_only'] (pre-registered: all_real, instruction_span, t_inst_only, post_instruction; a set is skipped only where its span is empty)
[ok  ] qwen2.5-7b: steered-token set changes the intervention
         mean KL by token set: all_real=2.4237, instruction_span=0.1582, post_instruction=2.2415, t_inst_only=0.0253
[info] qwen3.5-9b: train-selected vs test-argmax layer per concept — 3/5 coincide: R_harm: L15/L15, R_harm_user: L15/L15, R_harm_at_post: L28/L11, R_control_harmless: L30/L28, R_control_preguard: L30/L30
[ok  ] qwen3.5-9b: fit/eval instruction sets disjoint
         train=751 test=249 overlap=0
[ok  ] qwen3.5-9b: every direction beats its length-only baseline
[ok  ] qwen3.5-9b: every reported CI has >= 20 MINORITY-class test items
         R_control_harmless minority=81, R_control_preguard minority=62, R_harm minority=992, R_harm_at_post minority=992, R_harm_user minority=248
[ok  ] qwen3.5-9b: every reported CI has >= 20 test instructions (union, weaker check)
         min n_test_instructions = 124 across 160 direction-layer fits
[ok  ] qwen3.5-9b: activation cache is present where the run recorded it
         /scratch/b6aj/jtelintelo.b6aj/rq1-activation-cache/results-fcbf856b/rq1/qwen3.5-9b/activations.pt
[ok  ] qwen3.5-9b: activations finite, fp16 storage has headroom
         absmax=228.0 (fp16 max 65504, 287x headroom), nan=0 inf=0
[ok  ] qwen3.5-9b: cached activation index aligns with refusal labels
         n_cached=8000 n_labels=8000
[ok  ] qwen3.5-9b: E1.1d variants are role-balanced
         2 variant-position fits; role TV before balancing: [0.181, 0.181]
[ok  ] qwen3.5-9b: E1.1d variants beat their length-only baseline
         AUC vs length-only: R_harm_in_refused@t_inst 0.999 vs 0.644; R_harm_in_refused_at_post@t_post_inst 0.992 vs 0.644
[ok  ] qwen3.5-9b: E1.7 Level 2 has both arms
         arms present: ['generated', 'template'] — `generated` is the real test, `template` upper-bounds how detectable register can be
[ok  ] qwen3.5-9b: E1.7 Level 2 cosines carry a split-half floor
         1152 rows; median floor 0.856
[ok  ] qwen3.5-9b: every variant run is supported by this run's labels
         ran ['over']; labels support ['over']
[ok  ] qwen3.5-9b: skipped variants are ones the labels call unusable
         skipped ['under']; labels support ['over']
[ok  ] qwen3.5-9b: no usable control contrast was left unrun
         ran every supported variant: ['over'] (skipped, unusable: ['under'])
[ok  ] qwen3.5-9b: matched cross-model arm 'over' was run
         causal_gate__over.json present
[ok  ] qwen3.5-9b: gate artifacts present
         ['causal_gate__over.json'] / ['causal_matrix__over.csv']
[ok  ] qwen3.5-9b__over: no gate verdict from an untested criterion
         bounds reporting a verdict with 0 pairs tested: []
[ok  ] qwen3.5-9b__over: G2 is FDR-corrected
         BH q=0.05 over the asymmetry family, as pre-registered
[ok  ] qwen3.5-9b__over: every null band is finite and positive (G3-bug guard)
         all bands finite across 5 capability bounds
[ok  ] qwen3.5-9b__over: every alpha in the matrix has a behavioural null band
         alphas [0.25, 0.5, 1.0, 2.0, 4.0] all covered
         liveness qwen3.5-9b__over bound=0.1: G2 tested=364 ci_disjoint=283 beyond_null=249 fdr=293 -> holds=True | G3 holds=None n=None
         liveness qwen3.5-9b__over bound=0.25: G2 tested=466 ci_disjoint=365 beyond_null=317 fdr=380 -> holds=True | G3 holds=None n=None
         liveness qwen3.5-9b__over bound=0.5: G2 tested=632 ci_disjoint=520 beyond_null=452 fdr=539 -> holds=True | G3 holds=None n=None
         liveness qwen3.5-9b__over bound=1.0: G2 tested=732 ci_disjoint=607 beyond_null=515 fdr=627 -> holds=True | G3 holds=None n=None
         liveness qwen3.5-9b__over bound=2.0: G2 tested=792 ci_disjoint=659 beyond_null=544 fdr=680 -> holds=True | G3 holds=None n=None
[ok  ] qwen3.5-9b__over: steering readout is calibrated (delta_AA ~= alpha)
         median |delta/alpha - 1| = 0.069 at the first read layer
[ok  ] qwen3.5-9b__over: behavioural readout is generation-based
         refusal rate under intervention, labelled with the published rule
[ok  ] qwen3.5-9b__over: every downstream layer is read
         24 distinct read layers over 9 steer layers
[ok  ] qwen3.5-9b__over: gate family is the pre-registered read layers
         gate read layers per steer layer: [1, 2, 3] (expected <= 3); profile keeps 24 for description
[ok  ] qwen3.5-9b__over: both read positions present
         ['t_inst', 't_post_inst']
[ok  ] qwen3.5-9b: stage B swept the steered positions
         token sets present: ['all_real', 'instruction_span', 'post_instruction', 't_inst_only'] (pre-registered: all_real, instruction_span, t_inst_only, post_instruction; a set is skipped only where its span is empty)
[ok  ] qwen3.5-9b: steered-token set changes the intervention
         mean KL by token set: all_real=1.7358, instruction_span=0.0141, post_instruction=1.6515, t_inst_only=0.0016
[info] llama3.1-8b: train-selected vs test-argmax layer per concept — 2/7 coincide: R_harm: L11/L11, R_harm_user: L11/L12, R_control: L31/L30, R_harm_at_post: L13/L30, R_control_harmless: L30/L30
[ok  ] llama3.1-8b: fit/eval instruction sets disjoint
         train=751 test=249 overlap=0
[ok  ] llama3.1-8b: every direction beats its length-only baseline
[ok  ] llama3.1-8b: R_control fit excludes the undetermined pool (E is held out)
         fit counts {'n_positive': 2734, 'n_negative': 79, 'n_test_pos': 903, 'n_test_neg': 27} vs labels {'n_positive': 2734, 'n_negative': 79, 'n_test_pos': 903, 'n_test_neg': 27}; 257 undetermined items are in neither class
[ok  ] llama3.1-8b: every reported CI has >= 20 MINORITY-class test items
         R_control minority=27, R_control_harmless minority=88, R_control_preguard minority=97, R_control_unbalanced minority=27, R_harm minority=992, R_harm_at_post minority=992, R_harm_user minority=248
[ok  ] llama3.1-8b: every reported CI has >= 20 test instructions (union, weaker check)
         min n_test_instructions = 123 across 224 direction-layer fits
[ok  ] llama3.1-8b: activation cache is present where the run recorded it
         /scratch/b6aj/jtelintelo.b6aj/rq1-activation-cache/results-fcbf856b/rq1/llama3.1-8b/activations.pt
[ok  ] llama3.1-8b: activations finite, fp16 storage has headroom
         absmax=29.5 (fp16 max 65504, 2220x headroom), nan=0 inf=0
[ok  ] llama3.1-8b: cached activation index aligns with refusal labels
         n_cached=8000 n_labels=8000
[ok  ] llama3.1-8b: E1.1d variants are role-balanced
         4 variant-position fits; role TV before balancing: [0.083, 0.083, 0.13, 0.13]
[ok  ] llama3.1-8b: E1.1d variants beat their length-only baseline
         AUC vs length-only: R_harm_in_refused@t_inst 1.000 vs 0.660; R_harm_in_refused_at_post@t_post_inst 0.998 vs 0.660; R_harm_in_complied@t_inst 0.982 vs 0.788; R_harm_in_complied_at_post@t_post_inst 0.997 vs 0.788
[ok  ] llama3.1-8b: E1.7 Level 2 has both arms
         arms present: ['generated', 'template'] — `generated` is the real test, `template` upper-bounds how detectable register can be
[ok  ] llama3.1-8b: E1.7 Level 2 cosines carry a split-half floor
         1152 rows; median floor 0.910
[ok  ] llama3.1-8b: every variant run is supported by this run's labels
         ran ['over', 'under']; labels support ['over', 'under']
[ok  ] llama3.1-8b: skipped variants are ones the labels call unusable
         skipped -; labels support ['over', 'under']
[ok  ] llama3.1-8b: no usable control contrast was left unrun
         ran every supported variant: ['over', 'under']
[ok  ] llama3.1-8b: matched cross-model arm 'over' was run
         causal_gate__over.json present
[ok  ] llama3.1-8b: gate artifacts present
         ['causal_gate__over.json', 'causal_gate__under.json'] / ['causal_matrix__over.csv', 'causal_matrix__under.csv']
[ok  ] llama3.1-8b__over: no gate verdict from an untested criterion
         bounds reporting a verdict with 0 pairs tested: []
[ok  ] llama3.1-8b__over: G2 is FDR-corrected
         BH q=0.05 over the asymmetry family, as pre-registered
[ok  ] llama3.1-8b__over: every null band is finite and positive (G3-bug guard)
         all bands finite across 5 capability bounds
[ok  ] llama3.1-8b__over: every alpha in the matrix has a behavioural null band
         alphas [0.25, 0.5, 1.0, 2.0, 4.0] all covered
         liveness llama3.1-8b__over bound=0.1: G2 tested=381 ci_disjoint=304 beyond_null=227 fdr=321 -> holds=True | G3 holds=None n=None
         liveness llama3.1-8b__over bound=0.25: G2 tested=681 ci_disjoint=578 beyond_null=388 fdr=605 -> holds=True | G3 holds=None n=None
         liveness llama3.1-8b__over bound=0.5: G2 tested=822 ci_disjoint=705 beyond_null=496 fdr=739 -> holds=True | G3 holds=None n=None
         liveness llama3.1-8b__over bound=1.0: G2 tested=997 ci_disjoint=861 beyond_null=549 fdr=905 -> holds=True | G3 holds=None n=None
         liveness llama3.1-8b__over bound=2.0: G2 tested=1254 ci_disjoint=1109 beyond_null=750 fdr=1160 -> holds=True | G3 holds=None n=None
[ok  ] llama3.1-8b__under: no gate verdict from an untested criterion
         bounds reporting a verdict with 0 pairs tested: []
[ok  ] llama3.1-8b__under: G2 is FDR-corrected
         BH q=0.05 over the asymmetry family, as pre-registered
[ok  ] llama3.1-8b__under: every null band is finite and positive (G3-bug guard)
         all bands finite across 5 capability bounds
[ok  ] llama3.1-8b__under: every alpha in the matrix has a behavioural null band
         alphas [0.25, 0.5, 1.0, 2.0, 4.0] all covered
         liveness llama3.1-8b__under bound=0.1: G2 tested=327 ci_disjoint=212 beyond_null=163 fdr=228 -> holds=True | G3 holds=None n=None
         liveness llama3.1-8b__under bound=0.25: G2 tested=726 ci_disjoint=503 beyond_null=419 fdr=539 -> holds=True | G3 holds=None n=None
         liveness llama3.1-8b__under bound=0.5: G2 tested=805 ci_disjoint=548 beyond_null=470 fdr=599 -> holds=True | G3 holds=None n=None
         liveness llama3.1-8b__under bound=1.0: G2 tested=1035 ci_disjoint=755 beyond_null=574 fdr=826 -> holds=True | G3 holds=None n=None
         liveness llama3.1-8b__under bound=2.0: G2 tested=1270 ci_disjoint=922 beyond_null=763 fdr=1018 -> holds=True | G3 holds=None n=None
[ok  ] llama3.1-8b__over: steering readout is calibrated (delta_AA ~= alpha)
         median |delta/alpha - 1| = 0.104 at the first read layer
[ok  ] llama3.1-8b__over: behavioural readout is generation-based
         refusal rate under intervention, labelled with the published rule
[ok  ] llama3.1-8b__over: every downstream layer is read
         25 distinct read layers over 11 steer layers
[ok  ] llama3.1-8b__over: gate family is the pre-registered read layers
         gate read layers per steer layer: [1, 2, 3] (expected <= 3); profile keeps 25 for description
[ok  ] llama3.1-8b__over: both read positions present
         ['t_inst', 't_post_inst']
[ok  ] llama3.1-8b__under: steering readout is calibrated (delta_AA ~= alpha)
         median |delta/alpha - 1| = 0.129 at the first read layer
[ok  ] llama3.1-8b__under: behavioural readout is generation-based
         refusal rate under intervention, labelled with the published rule
[ok  ] llama3.1-8b__under: every downstream layer is read
         25 distinct read layers over 10 steer layers
[ok  ] llama3.1-8b__under: gate family is the pre-registered read layers
         gate read layers per steer layer: [2, 3] (expected <= 3); profile keeps 25 for description
[ok  ] llama3.1-8b__under: both read positions present
         ['t_inst', 't_post_inst']
[ok  ] llama3.1-8b: stage B swept the steered positions
         token sets present: ['all_real', 'instruction_span', 'post_instruction', 't_inst_only'] (pre-registered: all_real, instruction_span, t_inst_only, post_instruction; a set is skipped only where its span is empty)
[ok  ] llama3.1-8b: steered-token set changes the intervention
         mean KL by token set: all_real=1.8275, instruction_span=0.0946, post_instruction=1.6668, t_inst_only=0.0094
[ok  ] llama3.1-8b: stage B swept the steered positions
         token sets present: ['all_real', 'instruction_span', 'post_instruction', 't_inst_only'] (pre-registered: all_real, instruction_span, t_inst_only, post_instruction; a set is skipped only where its span is empty)
[ok  ] llama3.1-8b: steered-token set changes the intervention
         mean KL by token set: all_real=1.9197, instruction_span=0.1228, post_instruction=1.7899, t_inst_only=0.0111
[info] yi-6b-chat: train-selected vs test-argmax layer per concept — 4/7 coincide: R_harm: L17/L17, R_harm_user: L17/L17, R_control: L31/L27, R_harm_at_post: L19/L19, R_control_harmless: L29/L29
[ok  ] yi-6b-chat: fit/eval instruction sets disjoint
         train=751 test=249 overlap=0
[ok  ] yi-6b-chat: every direction beats its length-only baseline
[ok  ] yi-6b-chat: R_control fit excludes the undetermined pool (E is held out)
         fit counts {'n_positive': 2202, 'n_negative': 433, 'n_test_pos': 712, 'n_test_neg': 183} vs labels {'n_positive': 2202, 'n_negative': 433, 'n_test_pos': 712, 'n_test_neg': 183}; 470 undetermined items are in neither class
[ok  ] yi-6b-chat: every reported CI has >= 20 MINORITY-class test items
         R_control minority=183, R_control_harmless minority=164, R_control_preguard minority=286, R_control_unbalanced minority=183, R_harm minority=992, R_harm_at_post minority=992, R_harm_user minority=248
[ok  ] yi-6b-chat: every reported CI has >= 20 test instructions (union, weaker check)
         min n_test_instructions = 117 across 224 direction-layer fits
[ok  ] yi-6b-chat: activation cache is present where the run recorded it
         /scratch/b6aj/jtelintelo.b6aj/rq1-activation-cache/results-fcbf856b/rq1/yi-6b-chat/activations.pt
[ok  ] yi-6b-chat: activations finite, fp16 storage has headroom
         absmax=528.0 (fp16 max 65504, 124x headroom), nan=0 inf=0
[ok  ] yi-6b-chat: cached activation index aligns with refusal labels
         n_cached=8000 n_labels=8000
[ok  ] yi-6b-chat: E1.1d variants are role-balanced
         4 variant-position fits; role TV before balancing: [0.061, 0.061, 0.099, 0.099]
[ok  ] yi-6b-chat: E1.1d variants beat their length-only baseline
         AUC vs length-only: R_harm_in_refused@t_inst 0.999 vs 0.695; R_harm_in_refused_at_post@t_post_inst 0.993 vs 0.695; R_harm_in_complied@t_inst 0.951 vs 0.722; R_harm_in_complied_at_post@t_post_inst 0.953 vs 0.722
[ok  ] yi-6b-chat: E1.7 Level 2 has both arms
         arms present: ['generated', 'template'] — `generated` is the real test, `template` upper-bounds how detectable register can be
[ok  ] yi-6b-chat: E1.7 Level 2 cosines carry a split-half floor
         1152 rows; median floor 0.591
[ok  ] yi-6b-chat: every variant run is supported by this run's labels
         ran ['over', 'under']; labels support ['over', 'under']
[ok  ] yi-6b-chat: skipped variants are ones the labels call unusable
         skipped -; labels support ['over', 'under']
[ok  ] yi-6b-chat: no usable control contrast was left unrun
         ran every supported variant: ['over', 'under']
[ok  ] yi-6b-chat: matched cross-model arm 'over' was run
         causal_gate__over.json present
[ok  ] yi-6b-chat: gate artifacts present
         ['causal_gate__over.json', 'causal_gate__under.json'] / ['causal_matrix__over.csv', 'causal_matrix__under.csv']
[ok  ] yi-6b-chat__over: no gate verdict from an untested criterion
         bounds reporting a verdict with 0 pairs tested: []
[ok  ] yi-6b-chat__over: G2 is FDR-corrected
         BH q=0.05 over the asymmetry family, as pre-registered
[ok  ] yi-6b-chat__over: every null band is finite and positive (G3-bug guard)
         all bands finite across 5 capability bounds
[ok  ] yi-6b-chat__over: every alpha in the matrix has a behavioural null band
         alphas [0.25, 0.5, 1.0, 2.0, 4.0] all covered
         liveness yi-6b-chat__over bound=0.1: G2 tested=1116 ci_disjoint=877 beyond_null=433 fdr=933 -> holds=True | G3 holds=None n=None
         liveness yi-6b-chat__over bound=0.25: G2 tested=1279 ci_disjoint=1010 beyond_null=485 fdr=1070 -> holds=True | G3 holds=None n=None
         liveness yi-6b-chat__over bound=0.5: G2 tested=1430 ci_disjoint=1151 beyond_null=597 fdr=1214 -> holds=True | G3 holds=None n=None
         liveness yi-6b-chat__over bound=1.0: G2 tested=1489 ci_disjoint=1192 beyond_null=619 fdr=1258 -> holds=True | G3 holds=None n=None
         liveness yi-6b-chat__over bound=2.0: G2 tested=1632 ci_disjoint=1302 beyond_null=730 fdr=1376 -> holds=True | G3 holds=None n=None
[ok  ] yi-6b-chat__under: no gate verdict from an untested criterion
         bounds reporting a verdict with 0 pairs tested: []
[ok  ] yi-6b-chat__under: G2 is FDR-corrected
         BH q=0.05 over the asymmetry family, as pre-registered
[ok  ] yi-6b-chat__under: every null band is finite and positive (G3-bug guard)
         all bands finite across 5 capability bounds
[ok  ] yi-6b-chat__under: every alpha in the matrix has a behavioural null band
         alphas [0.25, 0.5, 1.0, 2.0, 4.0] all covered
         liveness yi-6b-chat__under bound=0.1: G2 tested=1114 ci_disjoint=872 beyond_null=409 fdr=924 -> holds=True | G3 holds=None n=None
         liveness yi-6b-chat__under bound=0.25: G2 tested=1264 ci_disjoint=1004 beyond_null=459 fdr=1057 -> holds=True | G3 holds=None n=None
         liveness yi-6b-chat__under bound=0.5: G2 tested=1410 ci_disjoint=1137 beyond_null=550 fdr=1195 -> holds=True | G3 holds=None n=None
         liveness yi-6b-chat__under bound=1.0: G2 tested=1474 ci_disjoint=1190 beyond_null=588 fdr=1252 -> holds=True | G3 holds=None n=None
         liveness yi-6b-chat__under bound=2.0: G2 tested=1594 ci_disjoint=1289 beyond_null=684 fdr=1358 -> holds=True | G3 holds=None n=None
[ok  ] yi-6b-chat__over: steering readout is calibrated (delta_AA ~= alpha)
         median |delta/alpha - 1| = 0.078 at the first read layer
[ok  ] yi-6b-chat__over: behavioural readout is generation-based
         refusal rate under intervention, labelled with the published rule
[ok  ] yi-6b-chat__over: every downstream layer is read
         24 distinct read layers over 10 steer layers
[ok  ] yi-6b-chat__over: gate family is the pre-registered read layers
         gate read layers per steer layer: [1, 2, 3] (expected <= 3); profile keeps 24 for description
[ok  ] yi-6b-chat__over: both read positions present
         ['t_inst', 't_post_inst']
[ok  ] yi-6b-chat__under: steering readout is calibrated (delta_AA ~= alpha)
         median |delta/alpha - 1| = 0.104 at the first read layer
[ok  ] yi-6b-chat__under: behavioural readout is generation-based
         refusal rate under intervention, labelled with the published rule
[ok  ] yi-6b-chat__under: every downstream layer is read
         24 distinct read layers over 9 steer layers
[ok  ] yi-6b-chat__under: gate family is the pre-registered read layers
         gate read layers per steer layer: [1, 2, 3] (expected <= 3); profile keeps 24 for description
[ok  ] yi-6b-chat__under: both read positions present
         ['t_inst', 't_post_inst']
[ok  ] yi-6b-chat: stage B swept the steered positions
         token sets present: ['all_real', 'instruction_span', 'post_instruction', 't_inst_only'] (pre-registered: all_real, instruction_span, t_inst_only, post_instruction; a set is skipped only where its span is empty)
[ok  ] yi-6b-chat: steered-token set changes the intervention
         mean KL by token set: all_real=0.8211, instruction_span=0.0359, post_instruction=0.7904, t_inst_only=0.0051
[ok  ] yi-6b-chat: stage B swept the steered positions
         token sets present: ['all_real', 'instruction_span', 'post_instruction', 't_inst_only'] (pre-registered: all_real, instruction_span, t_inst_only, post_instruction; a set is skipped only where its span is empty)
[ok  ] yi-6b-chat: steered-token set changes the intervention
         mean KL by token set: all_real=0.7751, instruction_span=0.0353, post_instruction=0.7423, t_inst_only=0.0046
[info] qwen3.5-35b-a3b: train-selected vs test-argmax layer per concept — 3/7 coincide: R_harm: L27/L27, R_harm_user: L27/L27, R_control: L34/L28, R_harm_at_post: L39/L39, R_control_harmless: L39/L34
[ok  ] qwen3.5-35b-a3b: fit/eval instruction sets disjoint
         train=751 test=249 overlap=0
[ok  ] qwen3.5-35b-a3b: every direction beats its length-only baseline
[ok  ] qwen3.5-35b-a3b: R_control fit excludes the undetermined pool (E is held out)
         fit counts {'n_positive': 2891, 'n_negative': 21, 'n_test_pos': 945, 'n_test_neg': 3} vs labels {'n_positive': 2891, 'n_negative': 21, 'n_test_pos': 945, 'n_test_neg': 3}; 140 undetermined items are in neither class
[FAIL] qwen3.5-35b-a3b: every reported CI has >= 20 MINORITY-class test items
         R_control@L34 minority=3 (pos=945, neg=3), R_control_unbalanced@L36 minority=3 (pos=945, neg=3)
[ok  ] qwen3.5-35b-a3b: every reported CI has >= 20 test instructions (union, weaker check)
         min n_test_instructions = 121 across 280 direction-layer fits
[ok  ] qwen3.5-35b-a3b: activation cache is present where the run recorded it
         /scratch/b6aj/jtelintelo.b6aj/rq1-activation-cache/results-fcbf856b/rq1/qwen3.5-35b-a3b/activations.pt
[ok  ] qwen3.5-35b-a3b: activations finite, fp16 storage has headroom
         absmax=13.9 (fp16 max 65504, 4700x headroom), nan=0 inf=0
[ok  ] qwen3.5-35b-a3b: cached activation index aligns with refusal labels
         n_cached=8000 n_labels=8000
[ok  ] qwen3.5-35b-a3b: E1.1d variants are role-balanced
         2 variant-position fits; role TV before balancing: [0.186, 0.186]
[ok  ] qwen3.5-35b-a3b: E1.1d variants beat their length-only baseline
         AUC vs length-only: R_harm_in_refused@t_inst 0.999 vs 0.692; R_harm_in_refused_at_post@t_post_inst 0.973 vs 0.692
[ok  ] qwen3.5-35b-a3b: E1.7 Level 2 has both arms
         arms present: ['generated', 'template'] — `generated` is the real test, `template` upper-bounds how detectable register can be
[ok  ] qwen3.5-35b-a3b: E1.7 Level 2 cosines carry a split-half floor
         1440 rows; median floor 0.824
[FAIL] qwen3.5-35b-a3b: every variant run is supported by this run's labels
         ran ['over', 'under']; labels support ['over']  UNSUPPORTED: ['under']
[ok  ] qwen3.5-35b-a3b: skipped variants are ones the labels call unusable
         skipped -; labels support ['over']
[ok  ] qwen3.5-35b-a3b: no usable control contrast was left unrun
         ran every supported variant: ['over', 'under']
[ok  ] qwen3.5-35b-a3b: matched cross-model arm 'over' was run
         causal_gate__over.json present
[ok  ] qwen3.5-35b-a3b: gate artifacts present
         ['causal_gate__over.json', 'causal_gate__under.json'] / ['causal_matrix__over.csv', 'causal_matrix__under.csv']
[ok  ] qwen3.5-35b-a3b__over: no gate verdict from an untested criterion
         bounds reporting a verdict with 0 pairs tested: []
[ok  ] qwen3.5-35b-a3b__over: G2 is FDR-corrected
         BH q=0.05 over the asymmetry family, as pre-registered
[FAIL] qwen3.5-35b-a3b__over: every null band is finite and positive (G3-bug guard)
         bound 0.1: null_band_behaviour[0.25]=0.0; bound 0.25: null_band_behaviour[0.25]=0.0; bound 0.5: null_band_behaviour[0.25]=0.0; bound 1.0: null_band_behaviour[0.25]=0.0; bound 2.0: null_band_behaviour[0.25]=0.0
[ok  ] qwen3.5-35b-a3b__over: every alpha in the matrix has a behavioural null band
         alphas [0.25, 0.5, 1.0, 2.0, 4.0] all covered
         liveness qwen3.5-35b-a3b__over bound=0.1: G2 tested=394 ci_disjoint=306 beyond_null=136 fdr=337 -> holds=True | G3 holds=None n=None
         liveness qwen3.5-35b-a3b__over bound=0.25: G2 tested=570 ci_disjoint=454 beyond_null=196 fdr=493 -> holds=True | G3 holds=None n=None
         liveness qwen3.5-35b-a3b__over bound=0.5: G2 tested=618 ci_disjoint=500 beyond_null=222 fdr=540 -> holds=True | G3 holds=None n=None
         liveness qwen3.5-35b-a3b__over bound=1.0: G2 tested=717 ci_disjoint=593 beyond_null=258 fdr=639 -> holds=True | G3 holds=None n=None
         liveness qwen3.5-35b-a3b__over bound=2.0: G2 tested=851 ci_disjoint=716 beyond_null=321 fdr=765 -> holds=True | G3 holds=None n=None
[ok  ] qwen3.5-35b-a3b__under: no gate verdict from an untested criterion
         bounds reporting a verdict with 0 pairs tested: []
[ok  ] qwen3.5-35b-a3b__under: G2 is FDR-corrected
         BH q=0.05 over the asymmetry family, as pre-registered
[FAIL] qwen3.5-35b-a3b__under: every null band is finite and positive (G3-bug guard)
         bound 0.1: null_band_behaviour[0.25]=0.0; bound 0.25: null_band_behaviour[0.25]=0.0; bound 0.5: null_band_behaviour[0.25]=0.0; bound 1.0: null_band_behaviour[0.25]=0.0; bound 2.0: null_band_behaviour[0.25]=0.0
[ok  ] qwen3.5-35b-a3b__under: every alpha in the matrix has a behavioural null band
         alphas [0.25, 0.5, 1.0, 2.0, 4.0] all covered
         liveness qwen3.5-35b-a3b__under bound=0.1: G2 tested=362 ci_disjoint=223 beyond_null=100 fdr=240 -> holds=True | G3 holds=None n=None
         liveness qwen3.5-35b-a3b__under bound=0.25: G2 tested=573 ci_disjoint=377 beyond_null=203 fdr=403 -> holds=True | G3 holds=None n=None
         liveness qwen3.5-35b-a3b__under bound=0.5: G2 tested=657 ci_disjoint=441 beyond_null=256 fdr=471 -> holds=True | G3 holds=None n=None
         liveness qwen3.5-35b-a3b__under bound=1.0: G2 tested=764 ci_disjoint=519 beyond_null=319 fdr=552 -> holds=True | G3 holds=None n=None
         liveness qwen3.5-35b-a3b__under bound=2.0: G2 tested=948 ci_disjoint=664 beyond_null=398 fdr=701 -> holds=True | G3 holds=None n=None
[ok  ] qwen3.5-35b-a3b__over: steering readout is calibrated (delta_AA ~= alpha)
         median |delta/alpha - 1| = 0.067 at the first read layer
[ok  ] qwen3.5-35b-a3b__over: behavioural readout is generation-based
         refusal rate under intervention, labelled with the published rule
[ok  ] qwen3.5-35b-a3b__over: every downstream layer is read
         30 distinct read layers over 9 steer layers
[ok  ] qwen3.5-35b-a3b__over: gate family is the pre-registered read layers
         gate read layers per steer layer: [1, 2, 3] (expected <= 3); profile keeps 30 for description
[ok  ] qwen3.5-35b-a3b__over: both read positions present
         ['t_inst', 't_post_inst']
[ok  ] qwen3.5-35b-a3b__under: steering readout is calibrated (delta_AA ~= alpha)
         median |delta/alpha - 1| = 0.073 at the first read layer
[ok  ] qwen3.5-35b-a3b__under: behavioural readout is generation-based
         refusal rate under intervention, labelled with the published rule
[ok  ] qwen3.5-35b-a3b__under: every downstream layer is read
         30 distinct read layers over 10 steer layers
[ok  ] qwen3.5-35b-a3b__under: gate family is the pre-registered read layers
         gate read layers per steer layer: [2, 3] (expected <= 3); profile keeps 30 for description
[ok  ] qwen3.5-35b-a3b__under: both read positions present
         ['t_inst', 't_post_inst']
[ok  ] qwen3.5-35b-a3b: stage B swept the steered positions
         token sets present: ['all_real', 'instruction_span', 'post_instruction', 't_inst_only'] (pre-registered: all_real, instruction_span, t_inst_only, post_instruction; a set is skipped only where its span is empty)
[ok  ] qwen3.5-35b-a3b: steered-token set changes the intervention
         mean KL by token set: all_real=1.7185, instruction_span=0.0174, post_instruction=1.6487, t_inst_only=0.0020
[ok  ] qwen3.5-35b-a3b: stage B swept the steered positions
         token sets present: ['all_real', 'instruction_span', 'post_instruction', 't_inst_only'] (pre-registered: all_real, instruction_span, t_inst_only, post_instruction; a set is skipped only where its span is empty)
[ok  ] qwen3.5-35b-a3b: steered-token set changes the intervention
         mean KL by token set: all_real=2.2665, instruction_span=0.0257, post_instruction=2.2041, t_inst_only=0.0024
[info] nemotron-3-nano-30b-a3b: train-selected vs test-argmax layer per concept — 4/7 coincide: R_harm: L25/L24, R_harm_user: L25/L25, R_control: L50/L38, R_harm_at_post: L19/L19, R_control_harmless: L41/L41
[ok  ] nemotron-3-nano-30b-a3b: fit/eval instruction sets disjoint
         train=751 test=249 overlap=0
[ok  ] nemotron-3-nano-30b-a3b: every direction beats its length-only baseline
[ok  ] nemotron-3-nano-30b-a3b: R_control fit excludes the undetermined pool (E is held out)
         fit counts {'n_positive': 2799, 'n_negative': 48, 'n_test_pos': 912, 'n_test_neg': 18} vs labels {'n_positive': 2799, 'n_negative': 48, 'n_test_pos': 912, 'n_test_neg': 18}; 223 undetermined items are in neither class
[FAIL] nemotron-3-nano-30b-a3b: every reported CI has >= 20 MINORITY-class test items
         R_control@L50 minority=18 (pos=912, neg=18), R_control_unbalanced@L50 minority=18 (pos=912, neg=18)
[ok  ] nemotron-3-nano-30b-a3b: every reported CI has >= 20 test instructions (union, weaker check)
         min n_test_instructions = 122 across 364 direction-layer fits
[ok  ] nemotron-3-nano-30b-a3b: activation cache is present where the run recorded it
         /scratch/b6aj/jtelintelo.b6aj/rq1-activation-cache/results-fcbf856b/rq1/nemotron-3-nano-30b-a3b/activations.pt
[ok  ] nemotron-3-nano-30b-a3b: activations finite, fp16 storage has headroom
         absmax=636.0 (fp16 max 65504, 103x headroom), nan=0 inf=0
[ok  ] nemotron-3-nano-30b-a3b: cached activation index aligns with refusal labels
         n_cached=8000 n_labels=8000
[ok  ] nemotron-3-nano-30b-a3b: E1.1d variants are role-balanced
         4 variant-position fits; role TV before balancing: [0.244, 0.244, 0.093, 0.093]
[ok  ] nemotron-3-nano-30b-a3b: E1.1d variants beat their length-only baseline
         AUC vs length-only: R_harm_in_refused@t_inst 1.000 vs 0.754; R_harm_in_refused_at_post@t_post_inst 0.999 vs 0.754; R_harm_in_complied@t_inst 0.997 vs 0.825; R_harm_in_complied_at_post@t_post_inst 1.000 vs 0.825
[ok  ] nemotron-3-nano-30b-a3b: E1.7 Level 2 has both arms
         arms present: ['generated', 'template'] — `generated` is the real test, `template` upper-bounds how detectable register can be
[ok  ] nemotron-3-nano-30b-a3b: E1.7 Level 2 cosines carry a split-half floor
         1872 rows; median floor 0.896
[ok  ] nemotron-3-nano-30b-a3b: every variant run is supported by this run's labels
         ran ['over', 'under']; labels support ['over', 'under']
[ok  ] nemotron-3-nano-30b-a3b: skipped variants are ones the labels call unusable
         skipped -; labels support ['over', 'under']
[ok  ] nemotron-3-nano-30b-a3b: no usable control contrast was left unrun
         ran every supported variant: ['over', 'under']
[ok  ] nemotron-3-nano-30b-a3b: matched cross-model arm 'over' was run
         causal_gate__over.json present
[ok  ] nemotron-3-nano-30b-a3b: gate artifacts present
         ['causal_gate__over.json', 'causal_gate__under.json'] / ['causal_matrix__over.csv', 'causal_matrix__under.csv']
[ok  ] nemotron-3-nano-30b-a3b__over: no gate verdict from an untested criterion
         bounds reporting a verdict with 0 pairs tested: []
[ok  ] nemotron-3-nano-30b-a3b__over: G2 is FDR-corrected
         BH q=0.05 over the asymmetry family, as pre-registered
[ok  ] nemotron-3-nano-30b-a3b__over: every null band is finite and positive (G3-bug guard)
         all bands finite across 5 capability bounds
[ok  ] nemotron-3-nano-30b-a3b__over: every alpha in the matrix has a behavioural null band
         alphas [0.25, 0.5, 1.0, 2.0, 4.0] all covered
         liveness nemotron-3-nano-30b-a3b__over bound=0.1: G2 tested=664 ci_disjoint=510 beyond_null=265 fdr=538 -> holds=True | G3 holds=None n=None
         liveness nemotron-3-nano-30b-a3b__over bound=0.25: G2 tested=944 ci_disjoint=738 beyond_null=372 fdr=791 -> holds=True | G3 holds=None n=None
         liveness nemotron-3-nano-30b-a3b__over bound=0.5: G2 tested=1203 ci_disjoint=966 beyond_null=544 fdr=1025 -> holds=True | G3 holds=None n=None
         liveness nemotron-3-nano-30b-a3b__over bound=1.0: G2 tested=1418 ci_disjoint=1173 beyond_null=641 fdr=1237 -> holds=True | G3 holds=None n=None
         liveness nemotron-3-nano-30b-a3b__over bound=2.0: G2 tested=1568 ci_disjoint=1320 beyond_null=751 fdr=1385 -> holds=True | G3 holds=None n=None
[ok  ] nemotron-3-nano-30b-a3b__under: no gate verdict from an untested criterion
         bounds reporting a verdict with 0 pairs tested: []
[ok  ] nemotron-3-nano-30b-a3b__under: G2 is FDR-corrected
         BH q=0.05 over the asymmetry family, as pre-registered
[ok  ] nemotron-3-nano-30b-a3b__under: every null band is finite and positive (G3-bug guard)
         all bands finite across 5 capability bounds
[ok  ] nemotron-3-nano-30b-a3b__under: every alpha in the matrix has a behavioural null band
         alphas [0.25, 0.5, 1.0, 2.0, 4.0] all covered
         liveness nemotron-3-nano-30b-a3b__under bound=0.1: G2 tested=593 ci_disjoint=436 beyond_null=267 fdr=451 -> holds=True | G3 holds=None n=None
         liveness nemotron-3-nano-30b-a3b__under bound=0.25: G2 tested=842 ci_disjoint=630 beyond_null=406 fdr=654 -> holds=True | G3 holds=None n=None
         liveness nemotron-3-nano-30b-a3b__under bound=0.5: G2 tested=1133 ci_disjoint=905 beyond_null=626 fdr=937 -> holds=True | G3 holds=None n=None
         liveness nemotron-3-nano-30b-a3b__under bound=1.0: G2 tested=1307 ci_disjoint=1070 beyond_null=722 fdr=1107 -> holds=True | G3 holds=None n=None
         liveness nemotron-3-nano-30b-a3b__under bound=2.0: G2 tested=1495 ci_disjoint=1253 beyond_null=893 fdr=1292 -> holds=True | G3 holds=None n=None
[ok  ] nemotron-3-nano-30b-a3b__over: steering readout is calibrated (delta_AA ~= alpha)
         median |delta/alpha - 1| = 0.021 at the first read layer
[ok  ] nemotron-3-nano-30b-a3b__over: behavioural readout is generation-based
         refusal rate under intervention, labelled with the published rule
[ok  ] nemotron-3-nano-30b-a3b__over: every downstream layer is read
         39 distinct read layers over 10 steer layers
[ok  ] nemotron-3-nano-30b-a3b__over: gate family is the pre-registered read layers
         gate read layers per steer layer: [1, 2, 3] (expected <= 3); profile keeps 39 for description
[ok  ] nemotron-3-nano-30b-a3b__over: both read positions present
         ['t_inst', 't_post_inst']
[ok  ] nemotron-3-nano-30b-a3b__under: steering readout is calibrated (delta_AA ~= alpha)
         median |delta/alpha - 1| = 0.030 at the first read layer
[ok  ] nemotron-3-nano-30b-a3b__under: behavioural readout is generation-based
         refusal rate under intervention, labelled with the published rule
[ok  ] nemotron-3-nano-30b-a3b__under: every downstream layer is read
         39 distinct read layers over 9 steer layers
[ok  ] nemotron-3-nano-30b-a3b__under: gate family is the pre-registered read layers
         gate read layers per steer layer: [1, 2, 3] (expected <= 3); profile keeps 39 for description
[ok  ] nemotron-3-nano-30b-a3b__under: both read positions present
         ['t_inst', 't_post_inst']
[ok  ] nemotron-3-nano-30b-a3b: stage B swept the steered positions
         token sets present: ['all_real', 'instruction_span', 'post_instruction', 't_inst_only'] (pre-registered: all_real, instruction_span, t_inst_only, post_instruction; a set is skipped only where its span is empty)
[ok  ] nemotron-3-nano-30b-a3b: steered-token set changes the intervention
         mean KL by token set: all_real=1.3833, instruction_span=0.0194, post_instruction=1.3222, t_inst_only=0.0020
[ok  ] nemotron-3-nano-30b-a3b: stage B swept the steered positions
         token sets present: ['all_real', 'instruction_span', 'post_instruction', 't_inst_only'] (pre-registered: all_real, instruction_span, t_inst_only, post_instruction; a set is skipped only where its span is empty)
[ok  ] nemotron-3-nano-30b-a3b: steered-token set changes the intervention
         mean KL by token set: all_real=1.6234, instruction_span=0.0249, post_instruction=1.5675, t_inst_only=0.0022
[ok  ] reproducible: instructions.jsonl byte-identical
[ok  ] reproducible: attack_intents.jsonl byte-identical
[ok  ] reproducible: transfer_corpus.jsonl byte-identical
[ok  ] reproducible: style_corpus.jsonl byte-identical
         generated greedily at fixed batch size; drift here means the Level 2 corpus is not a frozen shared input
[ok  ] reproducible: qwen2.5-7b label-independent concepts are EXACT
         ['R_harm', 'R_harm_at_post', 'R_harm_user']: max|delta AUC| = 0.000000
[ok  ] reproducible: qwen2.5-7b reported AUC agrees within tolerance
         worst: R_harm delta=0.0000 (layer 16 vs 16) — label-driven, see ENVIRONMENT.md
[ok  ] reproducible: qwen2.5-7b E1.5 onset depth stable
         max |delta onset_90| = 0.000 over 8 concepts
[ok  ] reproducible: qwen3.5-9b label-independent concepts are EXACT
         ['R_harm', 'R_harm_at_post', 'R_harm_user']: max|delta AUC| = 0.000000
[ok  ] reproducible: qwen3.5-9b reported AUC agrees within tolerance
         worst: R_harm delta=0.0000 (layer 15 vs 15) — label-driven, see ENVIRONMENT.md
[ok  ] reproducible: qwen3.5-9b E1.5 onset depth stable
         max |delta onset_90| = 0.000 over 6 concepts
[ok  ] reproducible: llama3.1-8b label-independent concepts are EXACT
         ['R_harm', 'R_harm_at_post', 'R_harm_user']: max|delta AUC| = 0.000000
[ok  ] reproducible: llama3.1-8b reported AUC agrees within tolerance
         worst: R_harm delta=0.0000 (layer 11 vs 11) — label-driven, see ENVIRONMENT.md
[ok  ] reproducible: llama3.1-8b E1.5 onset depth stable
         max |delta onset_90| = 0.000 over 8 concepts
[ok  ] reproducible: yi-6b-chat label-independent concepts are EXACT
         ['R_harm', 'R_harm_at_post', 'R_harm_user']: max|delta AUC| = 0.000000
[ok  ] reproducible: yi-6b-chat reported AUC agrees within tolerance
         worst: R_harm delta=0.0000 (layer 17 vs 17) — label-driven, see ENVIRONMENT.md
[ok  ] reproducible: yi-6b-chat E1.5 onset depth stable
         max |delta onset_90| = 0.000 over 8 concepts
[ok  ] reproducible: qwen3.5-35b-a3b label-independent concepts are EXACT
         ['R_harm', 'R_harm_at_post', 'R_harm_user']: max|delta AUC| = 0.000000
[ok  ] reproducible: qwen3.5-35b-a3b reported AUC agrees within tolerance
         worst: R_harm delta=0.0000 (layer 27 vs 27) — label-driven, see ENVIRONMENT.md
[ok  ] reproducible: qwen3.5-35b-a3b E1.5 onset depth stable
         max |delta onset_90| = 0.000 over 8 concepts
[ok  ] reproducible: nemotron-3-nano-30b-a3b label-independent concepts are EXACT
         ['R_harm', 'R_harm_at_post', 'R_harm_user']: max|delta AUC| = 0.000000
[ok  ] reproducible: nemotron-3-nano-30b-a3b reported AUC agrees within tolerance
         worst: R_harm delta=0.0000 (layer 25 vs 25) — label-driven, see ENVIRONMENT.md
[ok  ] reproducible: nemotron-3-nano-30b-a3b E1.5 onset depth stable
         max |delta onset_90| = 0.000 over 8 concepts

======================================================================
249/254 checks passed
>>> EXIT 1

################################################################
# reproduction diagnostic (per-concept AUC drift)
################################################################
=== qwen2.5-7b — |delta AUC| over all layers ===
                      max  mean  count
concept                               
R_control             0.0   0.0     28
R_control_harmless    0.0   0.0     28
R_control_preguard    0.0   0.0     28
R_control_unbalanced  0.0   0.0     28
R_harm                0.0   0.0     28
R_harm_at_post        0.0   0.0     28
R_harm_user           0.0   0.0     28

  reported values (at each run's own train-selected layer):
             concept  layer_a  layer_b  auc_a  auc_b  delta
              R_harm       16       16 0.9522 0.9522    0.0
         R_harm_user       17       17 0.9546 0.9546    0.0
           R_control       20       20 0.9688 0.9688    0.0
      R_harm_at_post       16       16 0.9864 0.9864    0.0
  R_control_harmless       26       26 0.9377 0.9377    0.0
R_control_unbalanced       20       20 0.9685 0.9685    0.0
  R_control_preguard       27       27 0.9543 0.9543    0.0

=== qwen3.5-9b — |delta AUC| over all layers ===
                    max  mean  count
concept                             
R_control_harmless  0.0   0.0     32
R_control_preguard  0.0   0.0     32
R_harm              0.0   0.0     32
R_harm_at_post      0.0   0.0     32
R_harm_user         0.0   0.0     32

  reported values (at each run's own train-selected layer):
           concept  layer_a  layer_b  auc_a  auc_b  delta
            R_harm       15       15 0.9652 0.9652    0.0
       R_harm_user       15       15 0.9654 0.9654    0.0
    R_harm_at_post       28       28 0.9794 0.9794    0.0
R_control_harmless       30       30 0.9594 0.9594    0.0
R_control_preguard       30       30 0.9847 0.9847    0.0

=== llama3.1-8b — |delta AUC| over all layers ===
                      max  mean  count
concept                               
R_control             0.0   0.0     32
R_control_harmless    0.0   0.0     32
R_control_preguard    0.0   0.0     32
R_control_unbalanced  0.0   0.0     32
R_harm                0.0   0.0     32
R_harm_at_post        0.0   0.0     32
R_harm_user           0.0   0.0     32

  reported values (at each run's own train-selected layer):
             concept  layer_a  layer_b  auc_a  auc_b  delta
              R_harm       11       11 0.9642 0.9642    0.0
         R_harm_user       11       11 0.9698 0.9698    0.0
           R_control       31       31 0.9814 0.9814    0.0
      R_harm_at_post       13       13 0.9834 0.9834    0.0
  R_control_harmless       30       30 0.9871 0.9871    0.0
R_control_unbalanced       31       31 0.9822 0.9822    0.0
  R_control_preguard       26       26 0.9870 0.9870    0.0

=== yi-6b-chat — |delta AUC| over all layers ===
                      max  mean  count
concept                               
R_control             0.0   0.0     32
R_control_harmless    0.0   0.0     32
R_control_preguard    0.0   0.0     32
R_control_unbalanced  0.0   0.0     32
R_harm                0.0   0.0     32
R_harm_at_post        0.0   0.0     32
R_harm_user           0.0   0.0     32

  reported values (at each run's own train-selected layer):
             concept  layer_a  layer_b  auc_a  auc_b  delta
              R_harm       17       17 0.9415 0.9415    0.0
         R_harm_user       17       17 0.9420 0.9420    0.0
           R_control       31       31 0.9619 0.9619    0.0
      R_harm_at_post       19       19 0.9850 0.9850    0.0
  R_control_harmless       29       29 0.9309 0.9309    0.0
R_control_unbalanced       31       31 0.9655 0.9655    0.0
  R_control_preguard       31       31 0.9708 0.9708    0.0

=== qwen3.5-35b-a3b — |delta AUC| over all layers ===
                      max  mean  count
concept                               
R_control             0.0   0.0     40
R_control_harmless    0.0   0.0     40
R_control_preguard    0.0   0.0     40
R_control_unbalanced  0.0   0.0     40
R_harm                0.0   0.0     40
R_harm_at_post        0.0   0.0     40
R_harm_user           0.0   0.0     40

  reported values (at each run's own train-selected layer):
             concept  layer_a  layer_b  auc_a  auc_b  delta
              R_harm       27       27 0.9775 0.9775    0.0
         R_harm_user       27       27 0.9765 0.9765    0.0
           R_control       34       34 0.9580 0.9580    0.0
      R_harm_at_post       39       39 0.9884 0.9884    0.0
  R_control_harmless       39       39 0.9695 0.9695    0.0
R_control_unbalanced       36       36 0.9898 0.9898    0.0
  R_control_preguard       37       37 0.9818 0.9818    0.0

=== nemotron-3-nano-30b-a3b — |delta AUC| over all layers ===
                      max  mean  count
concept                               
R_control             0.0   0.0     52
R_control_harmless    0.0   0.0     52
R_control_preguard    0.0   0.0     52
R_control_unbalanced  0.0   0.0     52
R_harm                0.0   0.0     52
R_harm_at_post        0.0   0.0     52
R_harm_user           0.0   0.0     52

  reported values (at each run's own train-selected layer):
             concept  layer_a  layer_b  auc_a  auc_b  delta
              R_harm       25       25 0.9771 0.9771    0.0
         R_harm_user       25       25 0.9781 0.9781    0.0
           R_control       50       50 0.9859 0.9859    0.0
      R_harm_at_post       19       19 0.9918 0.9918    0.0
  R_control_harmless       41       41 0.9768 0.9768    0.0
R_control_unbalanced       50       50 0.9879 0.9879    0.0
  R_control_preguard       45       45 0.9893 0.9893    0.0


################################################################
# walkthrough: every experiment, artifact, verification
################################################################
stage        what                                           verification
----------------------------------------------------------------------------------------------------------------------
E1.0    [MISS] corpus + transfer corpus, frozen               verification.json (22 checks)
E1.1a   [ok ] refusal labelling, both models                 labels_checks.json: cell size + undetermined rate
E1.1b   [ok ] extraction: directions + role probe, all layers held-out AUC + cluster-bootstrap CI + length baseline + split-half
E1.1c   [ok ] fidelity: pre_mlp + cross-corpus transfer      transfer above chance in BOTH directions
E1.1d   [ok ] R_harm with refusal held constant              in_refused / in_complied vs pooled; layer-MATCHED cosines only
E1.2a   [ok ] geometry pass 1 — pairwise cosines             null band vs analytic 1/sqrt(d); split-half floor
E1.2b   [ok ] geometry pass 2 — subspaces at E1.4b's k       principal angles / projection metric / data CCA vs matched subspace null
E1.3    [ok ] projections + correlations                     correlation null from random directions
E1.4a   [ok ] dimensionality, spectral half                  r_eff over stratified dirs; AUC after removing top-1
E1.4b   [ok ] dimensionality, behavioural k                  k* vs behavioural null (k UNDEFINED below it)
E1.5    [ok ] emergence + onset CIs                          onset90 bootstrap CI; conclusions across 80/90/95%
E1.6    [ok ] causal gate (both control variants)            G1/G2/G3 vs alpha-matched nulls, FDR, KL ladder
C1b     [MISS] what R_control encodes: held-out soft-refusal projection soft refusals are held out, marker-free, read at t_post_inst (prompt only)
C1b-D   [MISS] is soft-vs-hard refusal a second axis?         cos with R_control vs the random-subspace band
O-1b    [MISS] undetermined pool characterised (soft refusals?) off-roster judge; labels NOT modified — sensitivity only
E1.7b   [ok ] Level 2: tag vs register, crossed on generated corpus cos(tag, register) vs split-half floor; generated arm + template control
E1.6b   [ok ] stage B: alpha x steered-token-position profile 4 token sets x full alpha grid, on TRAIN; picks Stage C's layers
E1.6s   [MISS] gate sensitivity sweep (O-12)                  216 settings x 3 runs
E1.7    [ok ] metadata vs style, Level 1                     within-level split-half floor

======================================================================================================================
HEADLINE NUMBERS
======================================================================================================================

qwen2.5-7b
   R_harm               AUC 0.952  len-only 0.662  split-half 0.996  onset90 0.07[0.00,0.26]      k*=1
   R_harm_at_post       AUC 0.986  len-only 0.662  split-half 0.998  onset90 0.22[0.05,0.30]      k*=1
   R_control            AUC 0.969  len-only 0.354  split-half 0.990  onset90 0.56[0.48,0.67]      k*=1
   R_control_harmless   AUC 0.938  len-only 0.481  split-half 0.955  onset90 0.67[0.52,0.89]      k*=1

qwen3.5-9b
   R_harm               AUC 0.965  len-only 0.663  split-half 0.996  onset90 0.16[0.16,0.23]      k*=1
   R_harm_at_post       AUC 0.979  len-only 0.663  split-half 0.998  onset90 0.10[0.03,0.32]      k*=1
   R_control_harmless   AUC 0.959  len-only 0.539  split-half 0.970  onset90 0.39[0.32,0.74]      k*=1

llama3.1-8b
   R_harm               AUC 0.964  len-only 0.690  split-half 0.994  onset90 0.03[0.00,0.16]      k*=1
   R_harm_at_post       AUC 0.983  len-only 0.690  split-half 0.998  onset90 0.19[0.14,0.26]      k*=1
   R_control            AUC 0.981  len-only 0.402  split-half 0.966  onset90 0.42[0.39,0.45]      k*=2
   R_control_harmless   AUC 0.987  len-only 0.515  split-half 0.967  onset90 0.39[0.32,0.44]      k*=1

yi-6b-chat
   R_harm               AUC 0.941  len-only 0.685  split-half 0.996  onset90 0.00[0.00,0.16]      k*=1
   R_harm_at_post       AUC 0.985  len-only 0.685  split-half 0.996  onset90 0.39[0.00,0.48]      k*=1
   R_control            AUC 0.962  len-only 0.403  split-half 0.985  onset90 0.61[0.48,0.68]      k*=1
   R_control_harmless   AUC 0.931  len-only 0.458  split-half 0.981  onset90 0.65[0.58,0.87]      k*=1

qwen3.5-35b-a3b
   R_harm               AUC 0.977  len-only 0.663  split-half 0.996  onset90 0.15[0.04,0.18]      k*=2
   R_harm_at_post       AUC 0.988  len-only 0.663  split-half 0.998  onset90 0.15[0.03,0.21]      k*=1
   R_control            AUC 0.958  len-only 0.413  split-half 0.941  onset90 0.08[0.00,0.33]      k*=None
   R_control_harmless   AUC 0.970  len-only 0.482  split-half 0.954  onset90 0.54[0.10,0.72]      k*=1

nemotron-3-nano-30b-a3b
   R_harm               AUC 0.977  len-only 0.679  split-half 0.996  onset90 0.10[0.02,0.18]      k*=1
   R_harm_at_post       AUC 0.992  len-only 0.679  split-half 0.997  onset90 0.08[0.04,0.10]      k*=1
   R_control            AUC 0.986  len-only 0.306  split-half 0.968  onset90 0.41[0.04,0.43]      k*=1
   R_control_harmless   AUC 0.977  len-only 0.386  split-half 0.990  onset90 0.41[0.38,0.51]      k*=1

################################################################
# full-scope RQ1 readout (all pillars, all models, all arms)
################################################################
RQ1 FULL-SCOPE STATUS — results
Pillars: geometry (C3) · dimensionality (C4) · emergence (C5) · causal (C6); recovery C1/C2, style C7, cross-model C8, literature C9.
NOTE: C1/C3/C4/C5 do not depend on R_control's cell sizes and are fully powered on every model regardless of how the control arm lands.

==============================================================================
qwen2.5-7b  [Qwen · dense]
==============================================================================

-- BEHAVIOUR (gates which control arms are estimable) --
   under  (within harmful ): refused= 2876 complied=  237 undetermined=  887  -> minority  237 items /  60 instr  [OK ]
   over   (within harmless): refused=  145 complied= 3847 undetermined=    8  -> minority  145 items /  39 instr  [OK ]
   undetermined reasons: {'guard_says_response_safe': 887, 'under_4_words': 8}

-- C1  variables recoverable and validated (best TRAIN-selected layer) --
   R_control              L 20  AUC 0.969 [0.931,0.992]  length-only 0.354 (beats: yes)  split-half 0.990  minority n=63
   R_control_harmless     L 26  AUC 0.938 [0.864,0.987]  length-only 0.481 (beats: yes)  split-half 0.955  minority n=68
   R_control_preguard     L 27  AUC 0.954 [0.927,0.976]  length-only 0.431 (beats: yes)  split-half 0.995  minority n=291
   R_control_unbalanced   L 20  AUC 0.969 [0.929,0.992]  length-only 0.354 (beats: yes)  split-half 0.990  minority n=63
   R_harm                 L 16  AUC 0.952 [0.924,0.974]  length-only 0.662 (beats: yes)  split-half 0.996  minority n=992
   R_harm_at_post         L 16  AUC 0.986 [0.977,0.994]  length-only 0.662 (beats: yes)  split-half 0.998  minority n=992
   R_harm_user            L 17  AUC 0.955 [0.927,0.976]  length-only 0.716 (beats: yes)  split-half 0.987  minority n=248
   R_role_probe (multiclass)  L 19  acc 0.987 [0.983,0.991]  chance 0.250

-- C2  R_harm separable from refusal behaviour (E1.1d) --
   role-balanced: True

-- C3  pairwise geometry (max |cos| over layers) --
   [harm vs control, both at t_post_inst]
   R_harm_at_post   vs R_control                          max|cos| 0.848 @L24  null 0.032  floor 0.990  -> pos +0.85 — strongly overlapping
   R_harm_at_post   vs R_control_harmless                 max|cos| 0.811 @L20  null 0.032  floor 0.966  -> pos +0.83 — strongly overlapping
   [harm vs role, both at t_inst]
   R_harm           vs R_role_assistant_vs_user@t_inst    max|cos| 0.344 @L1  null 0.032  floor 0.997  -> pos +0.32 — mostly distinct
   R_harm           vs R_role_assistant_vs_user@t_post_inst max|cos| 0.177 @L1  null 0.032  floor 0.997  -> pos +0.15 — mostly distinct
   R_harm           vs R_role_system_vs_user@t_inst       max|cos| 0.371 @L1  null 0.032  floor 0.997  -> pos +0.35 — mostly distinct
   R_harm           vs R_role_system_vs_user@t_post_inst  max|cos| 0.135 @L27  null 0.032  floor 0.995  -> pos +0.11 — mostly distinct
   R_harm           vs R_role_tool_vs_user@t_inst         max|cos| 0.300 @L1  null 0.032  floor 0.997  -> pos +0.28 — mostly distinct
   R_harm           vs R_role_tool_vs_user@t_post_inst    max|cos| 0.124 @L11  null 0.032  floor 0.995  -> pos +0.10 — DISTINCT (at chance)
   [control vs role, both at t_post_inst]
   R_control        vs R_role_assistant_vs_user@t_inst    max|cos| 0.250 @L1  null 0.032  floor 0.920  -> pos +0.25 — mostly distinct
   R_control        vs R_role_assistant_vs_user@t_post_inst max|cos| 0.293 @L24  null 0.032  floor 0.990  -> pos +0.27 — mostly distinct
   R_control        vs R_role_system_vs_user@t_inst       max|cos| 0.288 @L1  null 0.032  floor 0.920  -> pos +0.29 — mostly distinct
   R_control        vs R_role_system_vs_user@t_post_inst  max|cos| 0.287 @L3  null 0.032  floor 0.913  -> pos +0.29 — mostly distinct
   R_control        vs R_role_tool_vs_user@t_inst         max|cos| 0.120 @L0  null 0.032  floor 0.919  -> pos +0.10 — DISTINCT (at chance)
   R_control        vs R_role_tool_vs_user@t_post_inst    max|cos| 0.274 @L10  null 0.032  floor 0.903  -> pos +0.28 — mostly distinct
   subspace k*: {'R_control': 1, 'R_control_harmless': 1, 'R_harm': 1, 'R_harm_at_post': 1}

-- C4  dimensionality --
   R_control              r_eff 3.30 (range 3.30-3.30)  AUC after removing top-1: 0.558
   R_control_harmless     r_eff 3.73 (range 3.73-3.73)  AUC after removing top-1: 0.640
   R_control_preguard     r_eff 3.71 (range 3.71-3.71)  AUC after removing top-1: 0.625
   R_control_unbalanced   r_eff 3.30 (range 3.30-3.30)  AUC after removing top-1: 0.470
   R_harm                 r_eff 2.71 (range 2.71-2.71)  AUC after removing top-1: 0.497
   R_harm_at_post         r_eff 2.63 (range 2.63-2.63)  AUC after removing top-1: 0.500
   R_harm_user            r_eff 13.29 (range 13.29-13.29)  AUC after removing top-1: 0.530
   behavioural k*: {"criterion": "smallest k whose rank-k subspace reproduces >=90% of the full direction's change in refusal rate at alpha=1", "k_star": {"R_control": 1, "R_control_harmless": 1, "R_harm": 1, "R_harm_at_post": 1}}

-- C5  emergence across layers (onset depth, bootstrap CI) --
   R_harm                 peak 0.952 @depth 0.59   onset90 depth 0.0741
   R_harm_user            peak 0.955 @depth 0.63   onset90 depth 0.0
   R_control              peak 0.969 @depth 0.74   onset90 depth 0.5556
   R_harm_at_post         peak 0.986 @depth 0.59   onset90 depth 0.2222
   R_control_harmless     peak 0.938 @depth 0.96   onset90 depth 0.6667
   R_control_unbalanced   peak 0.969 @depth 0.74   onset90 depth 0.5185
   R_control_preguard     peak 0.954 @depth 1.00   onset90 depth 0.6667
   R_role_probe           peak 0.987 @depth 0.70   onset90 depth 0.0

-- C6  causal distinguishability -> GATE 1 --
   causal_gate__over.json: verdict PASS  (8520 cells)
      bound 0.1: G2 holds=True (121/287 pairs) | G3 holds=True  -> PASS
      bound 0.25: G2 holds=True (195/435 pairs) | G3 holds=True  -> PASS
      bound 0.5: G2 holds=True (236/521 pairs) | G3 holds=True  -> PASS
      bound 1.0: G2 holds=True (271/573 pairs) | G3 holds=True  -> PASS
      bound 2.0: G2 holds=True (319/684 pairs) | G3 holds=True  -> PASS
   causal_gate__under.json: verdict PASS  (8520 cells)
      bound 0.1: G2 holds=True (103/287 pairs) | G3 holds=True  -> PASS
      bound 0.25: G2 holds=True (120/416 pairs) | G3 holds=True  -> PASS
      bound 0.5: G2 holds=True (179/521 pairs) | G3 holds=True  -> PASS
      bound 1.0: G2 holds=True (191/573 pairs) | G3 holds=True  -> PASS
      bound 2.0: G2 holds=True (219/667 pairs) | G3 holds=True  -> PASS

-- C7  role is metadata, not linguistic style --
   Level 1: 1403 rows
   Level 2 (controlled register): 1008 rows  {"model": "qwen2.5-7b", "n_rows": 1008, "corpus": {"rewriter": "Qwen/Qwen3-30B-A3B-Instruct-2507", "n_base_selected": 168, "n_bases_complete": 92, "n_generated_kept": 276, "n_template": 552, "verifica

-- C9  Zhao replication (advbench|alpaca): AUC 1.000 @L15

-- fidelity (post_attention_layernorm reproduction): {"pre_mlp_fidelity": {"layer": 19, "pre_mlp_accuracy": 0.9900611620795107, "residual_accuracy": 0.9872579001019368}, "transfer": {"layer": 19, "chance": 0.25, "ours_on_constant_content": 0.78700657894

==============================================================================
qwen3.5-9b  [Qwen · dense]
==============================================================================

-- BEHAVIOUR (gates which control arms are estimable) --
   under  (within harmful ): refused= 3829 complied=   20 undetermined=  151  -> minority   20 items /   8 instr  [THIN]
   over   (within harmless): refused=  284 complied= 3704 undetermined=   12  -> minority  284 items /  79 instr  [OK ]
   undetermined reasons: {'guard_says_response_safe': 151, 'under_4_words': 12}

-- C1  variables recoverable and validated (best TRAIN-selected layer) --
   R_control_harmless     L 30  AUC 0.959 [0.899,0.995]  length-only 0.539 (beats: yes)  split-half 0.970  minority n=81
   R_control_preguard     L 30  AUC 0.985 [0.962,0.999]  length-only 0.405 (beats: yes)  split-half 0.980  minority n=62
   R_harm                 L 15  AUC 0.965 [0.944,0.982]  length-only 0.663 (beats: yes)  split-half 0.996  minority n=992
   R_harm_at_post         L 28  AUC 0.979 [0.964,0.992]  length-only 0.663 (beats: yes)  split-half 0.998  minority n=992
   R_harm_user            L 15  AUC 0.965 [0.943,0.982]  length-only 0.716 (beats: yes)  split-half 0.983  minority n=248
   R_role_probe (multiclass)  L 24  acc 0.987 [0.982,0.991]  chance 0.250

-- C2  R_harm separable from refusal behaviour (E1.1d) --
   role-balanced: True

-- C3  pairwise geometry (max |cos| over layers) --
   [harm vs control, both at t_post_inst]
   R_harm_at_post   vs R_control_harmless                 max|cos| 0.831 @L17  null 0.029  floor 0.979  -> pos +0.84 — strongly overlapping
   [harm vs role, both at t_inst]
   R_harm           vs R_role_assistant_vs_user@t_inst    max|cos| 0.357 @L3  null 0.029  floor 0.996  -> pos +0.34 — mostly distinct
   R_harm           vs R_role_assistant_vs_user@t_post_inst max|cos| 0.294 @L0  null 0.029  floor 0.999  -> pos +0.27 — mostly distinct
   R_harm           vs R_role_system_vs_user@t_inst       max|cos| 0.239 @L0  null 0.029  floor 0.999  -> pos +0.22 — mostly distinct
   R_harm           vs R_role_system_vs_user@t_post_inst  max|cos| 0.452 @L0  null 0.029  floor 0.999  -> pos +0.44 — PARTIALLY OVERLAPPING
   R_harm           vs R_role_tool_vs_user@t_inst         max|cos| 0.438 @L26  null 0.029  floor 0.995  -> pos +0.42 — PARTIALLY OVERLAPPING
   R_harm           vs R_role_tool_vs_user@t_post_inst    max|cos| 0.375 @L0  null 0.029  floor 0.999  -> pos +0.36 — mostly distinct
   [control vs role, both at t_post_inst]
   subspace k*: {'R_control_harmless': 1, 'R_harm': 1, 'R_harm_at_post': 1}

-- C4  dimensionality --
   R_control_harmless     r_eff 5.33 (range 5.33-5.33)  AUC after removing top-1: 0.555
   R_control_preguard     r_eff 3.74 (range 3.74-3.74)  AUC after removing top-1: 0.523
   R_harm                 r_eff 1.81 (range 1.81-1.81)  AUC after removing top-1: 0.518
   R_harm_at_post         r_eff 2.74 (range 2.74-2.74)  AUC after removing top-1: 0.506
   R_harm_user            r_eff 13.54 (range 13.54-13.54)  AUC after removing top-1: 0.507
   behavioural k*: {"criterion": "smallest k whose rank-k subspace reproduces >=90% of the full direction's change in refusal rate at alpha=1", "k_star": {"R_control_harmless": 1, "R_harm": 1, "R_harm_at_post": 1}}

-- C5  emergence across layers (onset depth, bootstrap CI) --
   R_harm                 peak 0.965 @depth 0.48   onset90 depth 0.1613
   R_harm_user            peak 0.965 @depth 0.48   onset90 depth 0.1613
   R_harm_at_post         peak 0.979 @depth 0.90   onset90 depth 0.0968
   R_control_harmless     peak 0.959 @depth 0.97   onset90 depth 0.3871
   R_control_preguard     peak 0.985 @depth 0.97   onset90 depth 0.6774
   R_role_probe           peak 0.987 @depth 0.77   onset90 depth 0.0323

-- C6  causal distinguishability -> GATE 1 --
   causal_gate__over.json: verdict PASS  (10080 cells)
      bound 0.1: G2 holds=True (224/364 pairs) | G3 holds=True  -> PASS
      bound 0.25: G2 holds=True (291/466 pairs) | G3 holds=True  -> PASS
      bound 0.5: G2 holds=True (419/632 pairs) | G3 holds=True  -> PASS
      bound 1.0: G2 holds=True (481/732 pairs) | G3 holds=True  -> PASS
      bound 2.0: G2 holds=True (510/792 pairs) | G3 holds=True  -> PASS
   causal_skipped__under.json: SKIPPED — harmful-and-complied cell too small to fit the refused-vs-complied contrast

-- C7  role is metadata, not linguistic style --
   Level 1: 1403 rows
   Level 2 (controlled register): 1152 rows  {"model": "qwen3.5-9b", "n_rows": 1152, "corpus": {"rewriter": "Qwen/Qwen3-30B-A3B-Instruct-2507", "n_base_selected": 168, "n_bases_complete": 92, "n_generated_kept": 276, "n_template": 552, "verifica

-- C9  Zhao replication (advbench|alpaca): AUC 1.000 @L27

-- fidelity (post_attention_layernorm reproduction): {"pre_mlp_fidelity": {"layer": 24, "pre_mlp_accuracy": 0.9866207951070336, "residual_accuracy": 0.99394750254842}, "transfer": {"layer": 24, "chance": 0.25, "ours_on_constant_content": 0.8018092105263

==============================================================================
llama3.1-8b  [Meta · dense]
==============================================================================

-- BEHAVIOUR (gates which control arms are estimable) --
   under  (within harmful ): refused= 3637 complied=  106 undetermined=  257  -> minority  106 items /  33 instr  [OK ]
   over   (within harmless): refused=  226 complied= 3769 undetermined=    5  -> minority  226 items /  52 instr  [OK ]
   undetermined reasons: {'guard_says_response_safe': 257, 'under_4_words': 5}

-- C1  variables recoverable and validated (best TRAIN-selected layer) --
   R_control              L 31  AUC 0.981 [0.967,0.993]  length-only 0.402 (beats: yes)  split-half 0.966  minority n=27
   R_control_harmless     L 30  AUC 0.987 [0.962,0.999]  length-only 0.515 (beats: yes)  split-half 0.967  minority n=88
   R_control_preguard     L 26  AUC 0.987 [0.975,0.995]  length-only 0.425 (beats: yes)  split-half 0.993  minority n=97
   R_control_unbalanced   L 31  AUC 0.982 [0.969,0.993]  length-only 0.402 (beats: yes)  split-half 0.966  minority n=27
   R_harm                 L 11  AUC 0.964 [0.944,0.981]  length-only 0.690 (beats: yes)  split-half 0.994  minority n=992
   R_harm_at_post         L 13  AUC 0.983 [0.972,0.992]  length-only 0.690 (beats: yes)  split-half 0.998  minority n=992
   R_harm_user            L 11  AUC 0.970 [0.952,0.985]  length-only 0.718 (beats: yes)  split-half 0.977  minority n=248
   R_role_probe (multiclass)  L 30  acc 0.988 [0.984,0.992]  chance 0.250

-- C2  R_harm separable from refusal behaviour (E1.1d) --
   role-balanced: True

-- C3  pairwise geometry (max |cos| over layers) --
   [harm vs control, both at t_post_inst]
   R_harm_at_post   vs R_control                          max|cos| 0.842 @L24  null 0.029  floor 0.982  -> pos +0.85 — strongly overlapping
   R_harm_at_post   vs R_control_harmless                 max|cos| 0.751 @L26  null 0.029  floor 0.977  -> pos +0.76 — strongly overlapping
   [harm vs role, both at t_inst]
   R_harm           vs R_role_assistant_vs_user@t_inst    max|cos| 0.278 @L15  null 0.029  floor 0.994  -> pos +0.26 — mostly distinct
   R_harm           vs R_role_assistant_vs_user@t_post_inst max|cos| 0.196 @L23  null 0.029  floor 0.992  -> pos +0.17 — mostly distinct
   R_harm           vs R_role_system_vs_user@t_inst       max|cos| 0.208 @L31  null 0.029  floor 0.995  -> pos +0.19 — mostly distinct
   R_harm           vs R_role_system_vs_user@t_post_inst  max|cos| 0.115 @L24  null 0.029  floor 0.992  -> pos +0.09 — DISTINCT (at chance)
   R_harm           vs R_role_tool_vs_user@t_inst         max|cos| 0.223 @L15  null 0.029  floor 0.994  -> pos +0.20 — mostly distinct
   R_harm           vs R_role_tool_vs_user@t_post_inst    max|cos| 0.149 @L23  null 0.029  floor 0.992  -> pos +0.12 — mostly distinct
   [control vs role, both at t_post_inst]
   R_control        vs R_role_assistant_vs_user@t_inst    max|cos| 0.292 @L16  null 0.029  floor 0.979  -> pos +0.28 — mostly distinct
   R_control        vs R_role_assistant_vs_user@t_post_inst max|cos| 0.377 @L24  null 0.029  floor 0.982  -> pos +0.36 — mostly distinct
   R_control        vs R_role_system_vs_user@t_inst       max|cos| 0.137 @L26  null 0.029  floor 0.981  -> pos +0.11 — mostly distinct
   R_control        vs R_role_system_vs_user@t_post_inst  max|cos| 0.345 @L0  null 0.029  floor 0.868  -> pos +0.38 — mostly distinct
   R_control        vs R_role_tool_vs_user@t_inst         max|cos| 0.183 @L19  null 0.029  floor 0.980  -> pos +0.16 — mostly distinct
   R_control        vs R_role_tool_vs_user@t_post_inst    max|cos| 0.342 @L24  null 0.029  floor 0.982  -> pos +0.33 — mostly distinct
   subspace k*: {'R_control': 2, 'R_control_harmless': 1, 'R_harm': 1, 'R_harm_at_post': 1}

-- C4  dimensionality --
   R_control              r_eff 4.99 (range 4.99-4.99)  AUC after removing top-1: 0.627
   R_control_harmless     r_eff 4.25 (range 4.25-4.25)  AUC after removing top-1: 0.584
   R_control_preguard     r_eff 5.26 (range 5.26-5.26)  AUC after removing top-1: 0.625
   R_control_unbalanced   r_eff 4.99 (range 4.99-4.99)  AUC after removing top-1: 0.502
   R_harm                 r_eff 2.47 (range 2.47-2.47)  AUC after removing top-1: 0.492
   R_harm_at_post         r_eff 2.33 (range 2.33-2.33)  AUC after removing top-1: 0.511
   R_harm_user            r_eff 15.14 (range 15.14-15.14)  AUC after removing top-1: 0.504
   behavioural k*: {"criterion": "smallest k whose rank-k subspace reproduces >=90% of the full direction's change in refusal rate at alpha=1", "k_star": {"R_control": 2, "R_control_harmless": 1, "R_harm": 1, "R_harm_at_post": 1}}

-- C5  emergence across layers (onset depth, bootstrap CI) --
   R_harm                 peak 0.964 @depth 0.35   onset90 depth 0.0323
   R_harm_user            peak 0.970 @depth 0.35   onset90 depth 0.0645
   R_control              peak 0.981 @depth 1.00   onset90 depth 0.4194
   R_harm_at_post         peak 0.983 @depth 0.42   onset90 depth 0.1935
   R_control_harmless     peak 0.987 @depth 0.97   onset90 depth 0.3871
   R_control_unbalanced   peak 0.982 @depth 1.00   onset90 depth 0.4194
   R_control_preguard     peak 0.987 @depth 0.84   onset90 depth 0.3871
   R_role_probe           peak 0.988 @depth 0.97   onset90 depth 0.0645

-- C6  causal distinguishability -> GATE 1 --
   causal_gate__over.json: verdict PASS  (17280 cells)
      bound 0.1: G2 holds=True (219/381 pairs) | G3 holds=True  -> PASS
      bound 0.25: G2 holds=True (378/681 pairs) | G3 holds=True  -> PASS
      bound 0.5: G2 holds=True (481/822 pairs) | G3 holds=True  -> PASS
      bound 1.0: G2 holds=True (533/997 pairs) | G3 holds=True  -> PASS
      bound 2.0: G2 holds=True (731/1254 pairs) | G3 holds=True  -> PASS
   causal_gate__under.json: verdict PASS  (18120 cells)
      bound 0.1: G2 holds=True (128/327 pairs) | G3 holds=True  -> PASS
      bound 0.25: G2 holds=True (319/726 pairs) | G3 holds=True  -> PASS
      bound 0.5: G2 holds=True (353/805 pairs) | G3 holds=True  -> PASS
      bound 1.0: G2 holds=True (449/1035 pairs) | G3 holds=True  -> PASS
      bound 2.0: G2 holds=True (587/1270 pairs) | G3 holds=True  -> PASS

-- C7  role is metadata, not linguistic style --
   Level 1: 1403 rows
   Level 2 (controlled register): 1152 rows  {"model": "llama3.1-8b", "n_rows": 1152, "corpus": {"rewriter": "Qwen/Qwen3-30B-A3B-Instruct-2507", "n_base_selected": 168, "n_bases_complete": 92, "n_generated_kept": 276, "n_template": 552, "verific

-- C9  Zhao replication (advbench|alpaca): AUC 1.000 @L10

-- fidelity (post_attention_layernorm reproduction): {"pre_mlp_fidelity": {"layer": 30, "pre_mlp_accuracy": 0.989105504587156, "residual_accuracy": 0.9881498470948012}, "transfer": {"layer": 30, "chance": 0.25, "ours_on_constant_content": 0.872532894736

==============================================================================
yi-6b-chat  [01-AI · dense]
==============================================================================

-- BEHAVIOUR (gates which control arms are estimable) --
   under  (within harmful ): refused= 2914 complied=  616 undetermined=  470  -> minority  616 items / 127 instr  [OK ]
   over   (within harmless): refused=  484 complied= 3505 undetermined=   11  -> minority  484 items /  98 instr  [OK ]
   undetermined reasons: {'guard_says_response_safe': 467, 'under_4_words': 12, 'repeated_3gram': 2}

-- C1  variables recoverable and validated (best TRAIN-selected layer) --
   R_control              L 31  AUC 0.962 [0.936,0.983]  length-only 0.403 (beats: yes)  split-half 0.985  minority n=183
   R_control_harmless     L 29  AUC 0.931 [0.884,0.966]  length-only 0.458 (beats: yes)  split-half 0.981  minority n=164
   R_control_preguard     L 31  AUC 0.971 [0.950,0.987]  length-only 0.361 (beats: yes)  split-half 0.990  minority n=286
   R_control_unbalanced   L 31  AUC 0.966 [0.942,0.984]  length-only 0.403 (beats: yes)  split-half 0.985  minority n=183
   R_harm                 L 17  AUC 0.941 [0.910,0.965]  length-only 0.685 (beats: yes)  split-half 0.996  minority n=992
   R_harm_at_post         L 19  AUC 0.985 [0.973,0.994]  length-only 0.685 (beats: yes)  split-half 0.996  minority n=992
   R_harm_user            L 17  AUC 0.942 [0.911,0.965]  length-only 0.712 (beats: yes)  split-half 0.986  minority n=248
   R_role_probe (multiclass)  L 14  acc 0.910 [0.901,0.920]  chance 0.250

-- C2  R_harm separable from refusal behaviour (E1.1d) --
   role-balanced: True

-- C3  pairwise geometry (max |cos| over layers) --
   [harm vs control, both at t_post_inst]
   R_harm_at_post   vs R_control                          max|cos| 0.561 @L28  null 0.029  floor 0.988  -> pos +0.55 — PARTIALLY OVERLAPPING
   R_harm_at_post   vs R_control_harmless                 max|cos| 0.500 @L14  null 0.029  floor 0.940  -> pos +0.52 — PARTIALLY OVERLAPPING
   [harm vs role, both at t_inst]
   R_harm           vs R_role_assistant_vs_user@t_inst    max|cos| 0.362 @L31  null 0.029  floor 0.998  -> pos +0.34 — mostly distinct
   R_harm           vs R_role_assistant_vs_user@t_post_inst max|cos| 0.190 @L31  null 0.029  floor 0.998  -> pos +0.17 — mostly distinct
   R_harm           vs R_role_system_vs_user@t_inst       max|cos| 0.500 @L31  null 0.029  floor 0.998  -> pos +0.49 — PARTIALLY OVERLAPPING
   R_harm           vs R_role_system_vs_user@t_post_inst  max|cos| 0.447 @L31  null 0.029  floor 0.998  -> pos +0.43 — PARTIALLY OVERLAPPING
   R_harm           vs R_role_tool_vs_user@t_inst         max|cos| 0.347 @L31  null 0.029  floor 0.998  -> pos +0.33 — mostly distinct
   R_harm           vs R_role_tool_vs_user@t_post_inst    max|cos| 0.141 @L31  null 0.029  floor 0.998  -> pos +0.11 — mostly distinct
   [control vs role, both at t_post_inst]
   R_control        vs R_role_assistant_vs_user@t_inst    max|cos| 0.171 @L31  null 0.029  floor 0.985  -> pos +0.15 — mostly distinct
   R_control        vs R_role_assistant_vs_user@t_post_inst max|cos| 0.262 @L29  null 0.029  floor 0.988  -> pos +0.24 — mostly distinct
   R_control        vs R_role_system_vs_user@t_inst       max|cos| 0.183 @L0  null 0.029  floor 0.953  -> pos +0.17 — mostly distinct
   R_control        vs R_role_system_vs_user@t_post_inst  max|cos| 0.366 @L29  null 0.029  floor 0.988  -> pos +0.35 — mostly distinct
   R_control        vs R_role_tool_vs_user@t_inst         max|cos| 0.119 @L6  null 0.029  floor 0.954  -> pos +0.10 — DISTINCT (at chance)
   R_control        vs R_role_tool_vs_user@t_post_inst    max|cos| 0.259 @L3  null 0.029  floor 0.956  -> pos +0.25 — mostly distinct
   subspace k*: {'R_control': 1, 'R_control_harmless': 1, 'R_harm': 1, 'R_harm_at_post': 1}

-- C4  dimensionality --
   R_control              r_eff 5.69 (range 5.69-5.69)  AUC after removing top-1: 0.555
   R_control_harmless     r_eff 2.83 (range 2.83-2.83)  AUC after removing top-1: 0.446
   R_control_preguard     r_eff 4.57 (range 4.57-4.57)  AUC after removing top-1: 0.544
   R_control_unbalanced   r_eff 5.69 (range 5.69-5.69)  AUC after removing top-1: 0.505
   R_harm                 r_eff 1.87 (range 1.87-1.87)  AUC after removing top-1: 0.502
   R_harm_at_post         r_eff 1.52 (range 1.52-1.52)  AUC after removing top-1: 0.497
   R_harm_user            r_eff 12.48 (range 12.48-12.48)  AUC after removing top-1: 0.499
   behavioural k*: {"criterion": "smallest k whose rank-k subspace reproduces >=90% of the full direction's change in refusal rate at alpha=1", "k_star": {"R_control": 1, "R_control_harmless": 1, "R_harm": 1, "R_harm_at_post": 1}}

-- C5  emergence across layers (onset depth, bootstrap CI) --
   R_harm                 peak 0.941 @depth 0.55   onset90 depth 0.0
   R_harm_user            peak 0.942 @depth 0.55   onset90 depth 0.0
   R_control              peak 0.962 @depth 1.00   onset90 depth 0.6129
   R_harm_at_post         peak 0.985 @depth 0.61   onset90 depth 0.3871
   R_control_harmless     peak 0.931 @depth 0.94   onset90 depth 0.6452
   R_control_unbalanced   peak 0.966 @depth 1.00   onset90 depth 0.6129
   R_control_preguard     peak 0.971 @depth 1.00   onset90 depth 0.6129
   R_role_probe           peak 0.910 @depth 0.45   onset90 depth 0.3226

-- C6  causal distinguishability -> GATE 1 --
   causal_gate__over.json: verdict PASS  (14400 cells)
      bound 0.1: G2 holds=True (422/1116 pairs) | G3 holds=True  -> PASS
      bound 0.25: G2 holds=True (466/1279 pairs) | G3 holds=True  -> PASS
      bound 0.5: G2 holds=True (571/1430 pairs) | G3 holds=True  -> PASS
      bound 1.0: G2 holds=True (584/1489 pairs) | G3 holds=True  -> PASS
      bound 2.0: G2 holds=True (676/1632 pairs) | G3 holds=True  -> PASS
   causal_gate__under.json: verdict PASS  (13680 cells)
      bound 0.1: G2 holds=True (390/1114 pairs) | G3 holds=True  -> PASS
      bound 0.25: G2 holds=True (433/1264 pairs) | G3 holds=True  -> PASS
      bound 0.5: G2 holds=True (519/1410 pairs) | G3 holds=True  -> PASS
      bound 1.0: G2 holds=True (548/1474 pairs) | G3 holds=True  -> PASS
      bound 2.0: G2 holds=True (631/1594 pairs) | G3 holds=True  -> PASS

-- C7  role is metadata, not linguistic style --
   Level 1: 1403 rows
   Level 2 (controlled register): 1152 rows  {"model": "yi-6b-chat", "n_rows": 1152, "corpus": {"rewriter": "Qwen/Qwen3-30B-A3B-Instruct-2507", "n_base_selected": 168, "n_bases_complete": 92, "n_generated_kept": 276, "n_template": 552, "verifica

-- C9  Zhao replication (advbench|alpaca): AUC 1.000 @L26

-- fidelity (post_attention_layernorm reproduction): {"pre_mlp_fidelity": {"layer": 14, "pre_mlp_accuracy": 0.9284258787570046, "residual_accuracy": 0.9101502801833928}, "transfer": {"layer": 14, "chance": 0.25, "ours_on_constant_content": 0.60361842105

==============================================================================
qwen3.5-35b-a3b  [Qwen · moe]
==============================================================================

-- BEHAVIOUR (gates which control arms are estimable) --
   under  (within harmful ): refused= 3836 complied=   24 undetermined=  140  -> minority   24 items /   6 instr  [THIN]
   over   (within harmless): refused=  214 complied= 3766 undetermined=   20  -> minority  214 items /  50 instr  [OK ]
   undetermined reasons: {'guard_says_response_safe': 140, 'under_4_words': 20}

-- C1  variables recoverable and validated (best TRAIN-selected layer) --
   R_control              L 34  AUC 0.958 [0.917,0.997]  length-only 0.413 (beats: yes)  split-half 0.941  minority n=3
   R_control_harmless     L 39  AUC 0.970 [0.928,0.995]  length-only 0.482 (beats: yes)  split-half 0.954  minority n=80
   R_control_preguard     L 37  AUC 0.982 [0.957,0.999]  length-only 0.432 (beats: yes)  split-half 0.978  minority n=55
   R_control_unbalanced   L 36  AUC 0.990 [0.976,1.000]  length-only 0.413 (beats: yes)  split-half 0.938  minority n=3
   R_harm                 L 27  AUC 0.977 [0.963,0.989]  length-only 0.663 (beats: yes)  split-half 0.996  minority n=992
   R_harm_at_post         L 39  AUC 0.988 [0.979,0.996]  length-only 0.663 (beats: yes)  split-half 0.998  minority n=992
   R_harm_user            L 27  AUC 0.977 [0.961,0.989]  length-only 0.716 (beats: yes)  split-half 0.984  minority n=248
   R_role_probe (multiclass)  L 38  acc 0.992 [0.989,0.995]  chance 0.250

-- C2  R_harm separable from refusal behaviour (E1.1d) --
   role-balanced: True

-- C3  pairwise geometry (max |cos| over layers) --
   [harm vs control, both at t_post_inst]
   R_harm_at_post   vs R_control                          max|cos| 0.752 @L25  null 0.045  floor 0.935  -> pos +0.79 — strongly overlapping
   R_harm_at_post   vs R_control_harmless                 max|cos| 0.838 @L22  null 0.045  floor 0.979  -> pos +0.85 — strongly overlapping
   [harm vs role, both at t_inst]
   R_harm           vs R_role_assistant_vs_user@t_inst    max|cos| 0.261 @L26  null 0.045  floor 0.996  -> pos +0.23 — mostly distinct
   R_harm           vs R_role_assistant_vs_user@t_post_inst max|cos| 0.164 @L39  null 0.045  floor 0.998  -> pos +0.13 — mostly distinct
   R_harm           vs R_role_system_vs_user@t_inst       max|cos| 0.194 @L26  null 0.045  floor 0.996  -> pos +0.16 — mostly distinct
   R_harm           vs R_role_system_vs_user@t_post_inst  max|cos| 0.154 @L35  null 0.045  floor 0.996  -> pos +0.11 — mostly distinct
   R_harm           vs R_role_tool_vs_user@t_inst         max|cos| 0.149 @L5  null 0.045  floor 0.995  -> pos +0.11 — mostly distinct
   R_harm           vs R_role_tool_vs_user@t_post_inst    max|cos| 0.127 @L35  null 0.045  floor 0.996  -> pos +0.09 — DISTINCT (at chance)
   [control vs role, both at t_post_inst]
   R_control        vs R_role_assistant_vs_user@t_inst    max|cos| 0.146 @L22  null 0.045  floor 0.931  -> pos +0.11 — mostly distinct
   R_control        vs R_role_assistant_vs_user@t_post_inst max|cos| 0.355 @L39  null 0.045  floor 0.941  -> pos +0.35 — mostly distinct
   R_control        vs R_role_system_vs_user@t_inst       max|cos| 0.154 @L34  null 0.045  floor 0.941  -> pos +0.12 — mostly distinct
   R_control        vs R_role_system_vs_user@t_post_inst  max|cos| 0.257 @L10  null 0.045  floor 0.735  -> pos +0.31 — mostly distinct
   R_control        vs R_role_tool_vs_user@t_inst         max|cos| 0.150 @L39  null 0.045  floor 0.941  -> pos +0.12 — mostly distinct
   R_control        vs R_role_tool_vs_user@t_post_inst    max|cos| 0.379 @L39  null 0.045  floor 0.941  -> pos +0.37 — mostly distinct
   subspace k*: {'R_control_harmless': 1, 'R_harm': 2, 'R_harm_at_post': 1}

-- C4  dimensionality --
   R_control              r_eff 2.77 (range 2.77-2.77)  AUC after removing top-1: 0.547
   R_control_harmless     r_eff 4.61 (range 4.61-4.61)  AUC after removing top-1: 0.575
   R_control_preguard     r_eff 4.22 (range 4.22-4.22)  AUC after removing top-1: 0.568
   R_control_unbalanced   r_eff 3.03 (range 3.03-3.03)  AUC after removing top-1: 0.512
   R_harm                 r_eff 1.64 (range 1.64-1.64)  AUC after removing top-1: 0.489
   R_harm_at_post         r_eff 2.75 (range 2.75-2.75)  AUC after removing top-1: 0.486
   R_harm_user            r_eff 13.83 (range 13.83-13.83)  AUC after removing top-1: 0.497
   behavioural k*: {"criterion": "smallest k whose rank-k subspace reproduces >=90% of the full direction's change in refusal rate at alpha=1", "k_star": {"R_control_harmless": 1, "R_harm": 2, "R_harm_at_post": 1}}

-- C5  emergence across layers (onset depth, bootstrap CI) --
   R_harm                 peak 0.977 @depth 0.69   onset90 depth 0.1538
   R_harm_user            peak 0.977 @depth 0.69   onset90 depth 0.1026
   R_control              peak 0.958 @depth 0.87   onset90 depth 0.0769
   R_harm_at_post         peak 0.988 @depth 1.00   onset90 depth 0.1538
   R_control_harmless     peak 0.970 @depth 1.00   onset90 depth 0.5385
   R_control_unbalanced   peak 0.990 @depth 0.92   onset90 depth 0.0513
   R_control_preguard     peak 0.982 @depth 0.95   onset90 depth 0.4872
   R_role_probe           peak 0.992 @depth 0.97   onset90 depth 0.2564

-- C6  causal distinguishability -> GATE 1 --
   causal_gate__over.json: verdict PASS  (9720 cells)
      bound 0.1: G2 holds=True (124/394 pairs) | G3 holds=True  -> PASS
      bound 0.25: G2 holds=True (184/570 pairs) | G3 holds=True  -> PASS
      bound 0.5: G2 holds=True (210/618 pairs) | G3 holds=True  -> PASS
      bound 1.0: G2 holds=True (246/717 pairs) | G3 holds=True  -> PASS
      bound 2.0: G2 holds=True (309/851 pairs) | G3 holds=True  -> PASS
   causal_gate__under.json: verdict PASS  (11880 cells)
      bound 0.1: G2 holds=True (78/362 pairs) | G3 holds=True  -> PASS
      bound 0.25: G2 holds=True (166/573 pairs) | G3 holds=True  -> PASS
      bound 0.5: G2 holds=True (203/657 pairs) | G3 holds=True  -> PASS
      bound 1.0: G2 holds=True (261/764 pairs) | G3 holds=True  -> PASS
      bound 2.0: G2 holds=True (313/948 pairs) | G3 holds=True  -> PASS

-- C7  role is metadata, not linguistic style --
   Level 1: 1403 rows
   Level 2 (controlled register): 1440 rows  {"model": "qwen3.5-35b-a3b", "n_rows": 1440, "corpus": {"rewriter": "Qwen/Qwen3-30B-A3B-Instruct-2507", "n_base_selected": 168, "n_bases_complete": 92, "n_generated_kept": 276, "n_template": 552, "ver

-- C9  Zhao replication (advbench|alpaca): AUC 1.000 @L15

-- fidelity (post_attention_layernorm reproduction): {"pre_mlp_fidelity": {"layer": 38, "pre_mlp_accuracy": 0.9972604485219164, "residual_accuracy": 0.9920998980632008}, "transfer": {"layer": 38, "chance": 0.25, "ours_on_constant_content": 0.90460526315

==============================================================================
nemotron-3-nano-30b-a3b  [NVIDIA · moe]
==============================================================================

-- BEHAVIOUR (gates which control arms are estimable) --
   under  (within harmful ): refused= 3711 complied=   66 undetermined=  223  -> minority   66 items /  18 instr  [THIN]
   over   (within harmless): refused=  471 complied= 3510 undetermined=   19  -> minority  471 items / 122 instr  [OK ]
   undetermined reasons: {'guard_says_response_safe': 223, 'under_4_words': 19}

-- C1  variables recoverable and validated (best TRAIN-selected layer) --
   R_control              L 50  AUC 0.986 [0.946,1.000]  length-only 0.306 (beats: yes)  split-half 0.968  minority n=18
   R_control_harmless     L 41  AUC 0.977 [0.954,0.991]  length-only 0.386 (beats: yes)  split-half 0.990  minority n=132
   R_control_preguard     L 45  AUC 0.989 [0.964,1.000]  length-only 0.344 (beats: yes)  split-half 0.989  minority n=88
   R_control_unbalanced   L 50  AUC 0.988 [0.952,1.000]  length-only 0.306 (beats: yes)  split-half 0.968  minority n=18
   R_harm                 L 25  AUC 0.977 [0.961,0.989]  length-only 0.679 (beats: yes)  split-half 0.996  minority n=992
   R_harm_at_post         L 19  AUC 0.992 [0.985,0.997]  length-only 0.679 (beats: yes)  split-half 0.997  minority n=992
   R_harm_user            L 25  AUC 0.978 [0.962,0.990]  length-only 0.730 (beats: yes)  split-half 0.986  minority n=248
   R_role_probe (multiclass)  L 46  acc 0.970 [0.964,0.975]  chance 0.250

-- C2  R_harm separable from refusal behaviour (E1.1d) --
   role-balanced: True

-- C3  pairwise geometry (max |cos| over layers) --
   [harm vs control, both at t_post_inst]
   R_harm_at_post   vs R_control                          max|cos| 0.788 @L51  null 0.039  floor 0.970  -> pos +0.80 — strongly overlapping
   R_harm_at_post   vs R_control_harmless                 max|cos| 0.821 @L39  null 0.039  floor 0.990  -> pos +0.82 — strongly overlapping
   [harm vs role, both at t_inst]
   R_harm           vs R_role_assistant_vs_user@t_inst    max|cos| 0.286 @L32  null 0.039  floor 0.997  -> pos +0.26 — mostly distinct
   R_harm           vs R_role_assistant_vs_user@t_post_inst max|cos| 0.250 @L51  null 0.039  floor 0.997  -> pos +0.22 — mostly distinct
   R_harm           vs R_role_system_vs_user@t_inst       max|cos| 0.284 @L32  null 0.039  floor 0.997  -> pos +0.26 — mostly distinct
   R_harm           vs R_role_system_vs_user@t_post_inst  max|cos| 0.270 @L51  null 0.039  floor 0.997  -> pos +0.24 — mostly distinct
   R_harm           vs R_role_tool_vs_user@t_inst         max|cos| 0.169 @L8  null 0.039  floor 0.995  -> pos +0.14 — mostly distinct
   R_harm           vs R_role_tool_vs_user@t_post_inst    max|cos| 0.142 @L42  null 0.039  floor 0.996  -> pos +0.11 — mostly distinct
   [control vs role, both at t_post_inst]
   R_control        vs R_role_assistant_vs_user@t_inst    max|cos| 0.192 @L51  null 0.039  floor 0.970  -> pos +0.17 — mostly distinct
   R_control        vs R_role_assistant_vs_user@t_post_inst max|cos| 0.139 @L50  null 0.039  floor 0.968  -> pos +0.11 — mostly distinct
   R_control        vs R_role_system_vs_user@t_inst       max|cos| 0.163 @L51  null 0.039  floor 0.970  -> pos +0.13 — mostly distinct
   R_control        vs R_role_system_vs_user@t_post_inst  max|cos| 0.213 @L27  null 0.039  floor 0.955  -> pos +0.19 — mostly distinct
   R_control        vs R_role_tool_vs_user@t_inst         max|cos| 0.141 @L51  null 0.039  floor 0.970  -> pos +0.11 — mostly distinct
   R_control        vs R_role_tool_vs_user@t_post_inst    max|cos| 0.301 @L51  null 0.039  floor 0.970  -> pos +0.28 — mostly distinct
   subspace k*: {'R_control': 1, 'R_control_harmless': 1, 'R_harm': 1, 'R_harm_at_post': 1}

-- C4  dimensionality --
   R_control              r_eff 5.66 (range 5.66-5.66)  AUC after removing top-1: 0.579
   R_control_harmless     r_eff 3.81 (range 3.81-3.81)  AUC after removing top-1: 0.639
   R_control_preguard     r_eff 4.07 (range 4.07-4.07)  AUC after removing top-1: 0.635
   R_control_unbalanced   r_eff 5.66 (range 5.66-5.66)  AUC after removing top-1: 0.488
   R_harm                 r_eff 2.91 (range 2.91-2.91)  AUC after removing top-1: 0.515
   R_harm_at_post         r_eff 2.85 (range 2.85-2.85)  AUC after removing top-1: 0.509
   R_harm_user            r_eff 12.45 (range 12.45-12.45)  AUC after removing top-1: 0.493
   behavioural k*: {"criterion": "smallest k whose rank-k subspace reproduces >=90% of the full direction's change in refusal rate at alpha=1", "k_star": {"R_control": 1, "R_control_harmless": 1, "R_harm": 1, "R_harm_at_post": 1}}

-- C5  emergence across layers (onset depth, bootstrap CI) --
   R_harm                 peak 0.977 @depth 0.49   onset90 depth 0.098
   R_harm_user            peak 0.978 @depth 0.49   onset90 depth 0.098
   R_control              peak 0.986 @depth 0.98   onset90 depth 0.4118
   R_harm_at_post         peak 0.992 @depth 0.37   onset90 depth 0.0784
   R_control_harmless     peak 0.977 @depth 0.80   onset90 depth 0.4118
   R_control_unbalanced   peak 0.988 @depth 0.98   onset90 depth 0.4118
   R_control_preguard     peak 0.989 @depth 0.88   onset90 depth 0.3137
   R_role_probe           peak 0.970 @depth 0.90   onset90 depth 0.0392

-- C6  causal distinguishability -> GATE 1 --
   causal_gate__over.json: verdict PASS  (18960 cells)
      bound 0.1: G2 holds=True (259/664 pairs) | G3 holds=True  -> PASS
      bound 0.25: G2 holds=True (366/944 pairs) | G3 holds=True  -> PASS
      bound 0.5: G2 holds=True (538/1203 pairs) | G3 holds=True  -> PASS
      bound 1.0: G2 holds=True (635/1418 pairs) | G3 holds=True  -> PASS
      bound 2.0: G2 holds=True (745/1568 pairs) | G3 holds=True  -> PASS
   causal_gate__under.json: verdict PASS  (18600 cells)
      bound 0.1: G2 holds=True (247/593 pairs) | G3 holds=True  -> PASS
      bound 0.25: G2 holds=True (385/842 pairs) | G3 holds=True  -> PASS
      bound 0.5: G2 holds=True (603/1133 pairs) | G3 holds=True  -> PASS
      bound 1.0: G2 holds=True (698/1307 pairs) | G3 holds=True  -> PASS
      bound 2.0: G2 holds=True (867/1495 pairs) | G3 holds=True  -> PASS

-- C7  role is metadata, not linguistic style --
   Level 1: 1403 rows
   Level 2 (controlled register): 1872 rows  {"model": "nemotron-3-nano-30b-a3b", "n_rows": 1872, "corpus": {"rewriter": "Qwen/Qwen3-30B-A3B-Instruct-2507", "n_base_selected": 168, "n_bases_complete": 92, "n_generated_kept": 276, "n_template": 5

-- C9  Zhao replication (advbench|alpaca): AUC 1.000 @L21

-- fidelity (post_attention_layernorm reproduction): {"pre_mlp_fidelity": {"applicable": false, "reason": "NemotronHBlock has no post_attention_layernorm \u2014 this architecture has no post-attention site to read", "architecture": "NemotronHForCausalLM

==============================================================================
C8  CROSS-MODEL / CROSS-ARCHITECTURE
==============================================================================

-- arms --
model    llama3.1-8b nemotron-3-nano-30b-a3b qwen2.5-7b qwen3.5-35b-a3b qwen3.5-9b yi-6b-chat
quantity                                                                                     
over              52                     122         39              50         79         98
under             33                      18         60               6          8        127

-- C1 --
model                    llama3.1-8b nemotron-3-nano-30b-a3b qwen2.5-7b qwen3.5-35b-a3b qwen3.5-9b yi-6b-chat
quantity                                                                                                     
R_control.auc                 0.9814                  0.9859     0.9688           0.958        NaN     0.9619
R_control_harmless.auc        0.9871                  0.9768     0.9377          0.9695     0.9594     0.9309
R_control_preguard.auc         0.987                  0.9893     0.9543          0.9818     0.9847     0.9708
R_control_unbalanced.auc      0.9822                  0.9879     0.9685          0.9898        NaN     0.9655
R_harm.auc                    0.9642                  0.9771     0.9522          0.9775     0.9652     0.9415
R_harm_at_post.auc            0.9834                  0.9918     0.9864          0.9884     0.9794      0.985
R_harm_user.auc               0.9698                  0.9781     0.9546          0.9765     0.9654      0.942
R_role_probe.acc              0.9881                  0.9701     0.9873          0.9921      0.987     0.9102

-- C3 --
model                                               llama3.1-8b nemotron-3-nano-30b-a3b qwen2.5-7b qwen3.5-35b-a3b qwen3.5-9b yi-6b-chat
quantity                                                                                                                                
cos(R_control,R_role_assistant_vs_user@t_inst)           0.2916                  0.1925     0.2501          0.1455        NaN     0.1711
cos(R_control,R_role_assistant_vs_user@t_post_inst)      0.3766                  0.1385     0.2929          0.3546        NaN     0.2619
cos(R_control,R_role_system_vs_user@t_inst)              0.1367                  0.1635     0.2883          0.1539        NaN     0.1831
cos(R_control,R_role_system_vs_user@t_post_inst)         0.3448                  0.2128     0.2871          0.2565        NaN     0.3662
cos(R_control,R_role_tool_vs_user@t_inst)                0.1829                  0.1412     0.1195          0.1501        NaN     0.1187
cos(R_control,R_role_tool_vs_user@t_post_inst)           0.3416                  0.3013     0.2735          0.3786        NaN     0.2594
cos(R_harm,R_role_assistant_vs_user@t_inst)              0.2777                  0.2864     0.3435          0.2612      0.357     0.3617
cos(R_harm,R_role_assistant_vs_user@t_post_inst)         0.1964                  0.2499     0.1767          0.1642     0.2941     0.1896
cos(R_harm,R_role_system_vs_user@t_inst)                 0.2084                   0.284     0.3714          0.1942     0.2388     0.5001
cos(R_harm,R_role_system_vs_user@t_post_inst)            0.1151                  0.2699     0.1347          0.1539      0.452     0.4471
cos(R_harm,R_role_tool_vs_user@t_inst)                   0.2226                  0.1692     0.3001          0.1488     0.4385     0.3472
cos(R_harm,R_role_tool_vs_user@t_post_inst)              0.1488                  0.1418     0.1237          0.1265      0.375     0.1405
cos(R_harm_at_post,R_control)                            0.8422                  0.7877     0.8484          0.7516        NaN     0.5608
cos(R_harm_at_post,R_control_harmless)                   0.7505                  0.8213     0.8113          0.8381     0.8313     0.5001

-- C6 --
model                 llama3.1-8b nemotron-3-nano-30b-a3b qwen2.5-7b qwen3.5-35b-a3b qwen3.5-9b yi-6b-chat
quantity                                                                                                  
causal_skipped__under         NaN                     NaN        NaN             NaN    skipped        NaN
gate__over                   PASS                    PASS       PASS            PASS       PASS       PASS
gate__under                  PASS                    PASS       PASS            PASS        NaN       PASS

wrote results/rq1_status.csv

################################################################
# full-scope RQ1 readout — reproduction root
################################################################
RQ1 FULL-SCOPE STATUS — results_verify
Pillars: geometry (C3) · dimensionality (C4) · emergence (C5) · causal (C6); recovery C1/C2, style C7, cross-model C8, literature C9.
NOTE: C1/C3/C4/C5 do not depend on R_control's cell sizes and are fully powered on every model regardless of how the control arm lands.

==============================================================================
qwen2.5-7b  [Qwen · dense]
==============================================================================

-- BEHAVIOUR (gates which control arms are estimable) --
   under  (within harmful ): refused= 2876 complied=  237 undetermined=  887  -> minority  237 items /  60 instr  [OK ]
   over   (within harmless): refused=  145 complied= 3847 undetermined=    8  -> minority  145 items /  39 instr  [OK ]
   undetermined reasons: {'guard_says_response_safe': 887, 'under_4_words': 8}

-- C1  variables recoverable and validated (best TRAIN-selected layer) --
   R_control              L 20  AUC 0.969 [0.931,0.992]  length-only 0.354 (beats: yes)  split-half 0.990  minority n=63
   R_control_harmless     L 26  AUC 0.938 [0.864,0.987]  length-only 0.481 (beats: yes)  split-half 0.955  minority n=68
   R_control_preguard     L 27  AUC 0.954 [0.927,0.976]  length-only 0.431 (beats: yes)  split-half 0.995  minority n=291
   R_control_unbalanced   L 20  AUC 0.969 [0.929,0.992]  length-only 0.354 (beats: yes)  split-half 0.990  minority n=63
   R_harm                 L 16  AUC 0.952 [0.924,0.974]  length-only 0.662 (beats: yes)  split-half 0.996  minority n=992
   R_harm_at_post         L 16  AUC 0.986 [0.977,0.994]  length-only 0.662 (beats: yes)  split-half 0.998  minority n=992
   R_harm_user            L 17  AUC 0.955 [0.927,0.976]  length-only 0.716 (beats: yes)  split-half 0.987  minority n=248
   R_role_probe (multiclass)  L 19  acc 0.987 [0.983,0.991]  chance 0.250

-- C2  R_harm separable from refusal behaviour (E1.1d) --
   role-balanced: True

-- C3  pairwise geometry (max |cos| over layers) --
   [harm vs control, both at t_post_inst]
   R_harm_at_post   vs R_control                          max|cos| 0.848 @L24  null 0.032  floor 0.990  -> pos +0.85 — strongly overlapping
   R_harm_at_post   vs R_control_harmless                 max|cos| 0.811 @L20  null 0.032  floor 0.966  -> pos +0.83 — strongly overlapping
   [harm vs role, both at t_inst]
   R_harm           vs R_role_assistant_vs_user@t_inst    max|cos| 0.344 @L1  null 0.032  floor 0.997  -> pos +0.32 — mostly distinct
   R_harm           vs R_role_assistant_vs_user@t_post_inst max|cos| 0.177 @L1  null 0.032  floor 0.997  -> pos +0.15 — mostly distinct
   R_harm           vs R_role_system_vs_user@t_inst       max|cos| 0.371 @L1  null 0.032  floor 0.997  -> pos +0.35 — mostly distinct
   R_harm           vs R_role_system_vs_user@t_post_inst  max|cos| 0.135 @L27  null 0.032  floor 0.995  -> pos +0.11 — mostly distinct
   R_harm           vs R_role_tool_vs_user@t_inst         max|cos| 0.300 @L1  null 0.032  floor 0.997  -> pos +0.28 — mostly distinct
   R_harm           vs R_role_tool_vs_user@t_post_inst    max|cos| 0.124 @L11  null 0.032  floor 0.995  -> pos +0.10 — DISTINCT (at chance)
   [control vs role, both at t_post_inst]
   R_control        vs R_role_assistant_vs_user@t_inst    max|cos| 0.250 @L1  null 0.032  floor 0.920  -> pos +0.25 — mostly distinct
   R_control        vs R_role_assistant_vs_user@t_post_inst max|cos| 0.293 @L24  null 0.032  floor 0.990  -> pos +0.27 — mostly distinct
   R_control        vs R_role_system_vs_user@t_inst       max|cos| 0.288 @L1  null 0.032  floor 0.920  -> pos +0.29 — mostly distinct
   R_control        vs R_role_system_vs_user@t_post_inst  max|cos| 0.287 @L3  null 0.032  floor 0.913  -> pos +0.29 — mostly distinct
   R_control        vs R_role_tool_vs_user@t_inst         max|cos| 0.120 @L0  null 0.032  floor 0.919  -> pos +0.10 — DISTINCT (at chance)
   R_control        vs R_role_tool_vs_user@t_post_inst    max|cos| 0.274 @L10  null 0.032  floor 0.903  -> pos +0.28 — mostly distinct
   subspace k*: {'R_control': 1, 'R_control_harmless': 1, 'R_harm': 1, 'R_harm_at_post': 1}

-- C4  dimensionality --
   R_control              r_eff 3.30 (range 3.30-3.30)  AUC after removing top-1: 0.558
   R_control_harmless     r_eff 3.73 (range 3.73-3.73)  AUC after removing top-1: 0.640
   R_control_preguard     r_eff 3.71 (range 3.71-3.71)  AUC after removing top-1: 0.625
   R_control_unbalanced   r_eff 3.30 (range 3.30-3.30)  AUC after removing top-1: 0.470
   R_harm                 r_eff 2.71 (range 2.71-2.71)  AUC after removing top-1: 0.497
   R_harm_at_post         r_eff 2.63 (range 2.63-2.63)  AUC after removing top-1: 0.500
   R_harm_user            r_eff 13.29 (range 13.29-13.29)  AUC after removing top-1: 0.530
   behavioural k*: {"criterion": "smallest k whose rank-k subspace reproduces >=90% of the full direction's change in refusal rate at alpha=1", "k_star": {"R_control": 1, "R_control_harmless": 1, "R_harm": 1, "R_harm_at_post": 1}}

-- C5  emergence across layers (onset depth, bootstrap CI) --
   R_harm                 peak 0.952 @depth 0.59   onset90 depth 0.0741
   R_harm_user            peak 0.955 @depth 0.63   onset90 depth 0.0
   R_control              peak 0.969 @depth 0.74   onset90 depth 0.5556
   R_harm_at_post         peak 0.986 @depth 0.59   onset90 depth 0.2222
   R_control_harmless     peak 0.938 @depth 0.96   onset90 depth 0.6667
   R_control_unbalanced   peak 0.969 @depth 0.74   onset90 depth 0.5185
   R_control_preguard     peak 0.954 @depth 1.00   onset90 depth 0.6667
   R_role_probe           peak 0.987 @depth 0.70   onset90 depth 0.0

-- C6  causal distinguishability -> GATE 1 --
   causal_gate__over.json: verdict PASS  (8520 cells)
      bound 0.1: G2 holds=True (121/287 pairs) | G3 holds=True  -> PASS
      bound 0.25: G2 holds=True (195/435 pairs) | G3 holds=True  -> PASS
      bound 0.5: G2 holds=True (236/521 pairs) | G3 holds=True  -> PASS
      bound 1.0: G2 holds=True (271/573 pairs) | G3 holds=True  -> PASS
      bound 2.0: G2 holds=True (319/684 pairs) | G3 holds=True  -> PASS
   causal_gate__under.json: verdict PASS  (8520 cells)
      bound 0.1: G2 holds=True (103/287 pairs) | G3 holds=True  -> PASS
      bound 0.25: G2 holds=True (120/416 pairs) | G3 holds=True  -> PASS
      bound 0.5: G2 holds=True (179/521 pairs) | G3 holds=True  -> PASS
      bound 1.0: G2 holds=True (191/573 pairs) | G3 holds=True  -> PASS
      bound 2.0: G2 holds=True (219/667 pairs) | G3 holds=True  -> PASS

-- C7  role is metadata, not linguistic style --
   Level 1: 1403 rows
   Level 2 (controlled register): 1008 rows  {"model": "qwen2.5-7b", "n_rows": 1008, "corpus": {"rewriter": "Qwen/Qwen3-30B-A3B-Instruct-2507", "n_base_selected": 168, "n_bases_complete": 92, "n_generated_kept": 276, "n_template": 552, "verifica

-- C9  Zhao replication (advbench|alpaca): AUC 1.000 @L15

-- fidelity (post_attention_layernorm reproduction): {"pre_mlp_fidelity": {"layer": 19, "pre_mlp_accuracy": 0.9900611620795107, "residual_accuracy": 0.9872579001019368}, "transfer": {"layer": 19, "chance": 0.25, "ours_on_constant_content": 0.78700657894

==============================================================================
qwen3.5-9b  [Qwen · dense]
==============================================================================

-- BEHAVIOUR (gates which control arms are estimable) --
   under  (within harmful ): refused= 3829 complied=   20 undetermined=  151  -> minority   20 items /   8 instr  [THIN]
   over   (within harmless): refused=  284 complied= 3704 undetermined=   12  -> minority  284 items /  79 instr  [OK ]
   undetermined reasons: {'guard_says_response_safe': 151, 'under_4_words': 12}

-- C1  variables recoverable and validated (best TRAIN-selected layer) --
   R_control_harmless     L 30  AUC 0.959 [0.899,0.995]  length-only 0.539 (beats: yes)  split-half 0.970  minority n=81
   R_control_preguard     L 30  AUC 0.985 [0.962,0.999]  length-only 0.405 (beats: yes)  split-half 0.980  minority n=62
   R_harm                 L 15  AUC 0.965 [0.944,0.982]  length-only 0.663 (beats: yes)  split-half 0.996  minority n=992
   R_harm_at_post         L 28  AUC 0.979 [0.964,0.992]  length-only 0.663 (beats: yes)  split-half 0.998  minority n=992
   R_harm_user            L 15  AUC 0.965 [0.943,0.982]  length-only 0.716 (beats: yes)  split-half 0.983  minority n=248
   R_role_probe (multiclass)  L 24  acc 0.987 [0.982,0.991]  chance 0.250

-- C2  R_harm separable from refusal behaviour (E1.1d) --
   role-balanced: True

-- C3  pairwise geometry (max |cos| over layers) --
   [harm vs control, both at t_post_inst]
   R_harm_at_post   vs R_control_harmless                 max|cos| 0.831 @L17  null 0.029  floor 0.979  -> pos +0.84 — strongly overlapping
   [harm vs role, both at t_inst]
   R_harm           vs R_role_assistant_vs_user@t_inst    max|cos| 0.357 @L3  null 0.029  floor 0.996  -> pos +0.34 — mostly distinct
   R_harm           vs R_role_assistant_vs_user@t_post_inst max|cos| 0.294 @L0  null 0.029  floor 0.999  -> pos +0.27 — mostly distinct
   R_harm           vs R_role_system_vs_user@t_inst       max|cos| 0.239 @L0  null 0.029  floor 0.999  -> pos +0.22 — mostly distinct
   R_harm           vs R_role_system_vs_user@t_post_inst  max|cos| 0.452 @L0  null 0.029  floor 0.999  -> pos +0.44 — PARTIALLY OVERLAPPING
   R_harm           vs R_role_tool_vs_user@t_inst         max|cos| 0.438 @L26  null 0.029  floor 0.995  -> pos +0.42 — PARTIALLY OVERLAPPING
   R_harm           vs R_role_tool_vs_user@t_post_inst    max|cos| 0.375 @L0  null 0.029  floor 0.999  -> pos +0.36 — mostly distinct
   [control vs role, both at t_post_inst]
   subspace k*: {'R_control_harmless': 1, 'R_harm': 1, 'R_harm_at_post': 1}

-- C4  dimensionality --
   R_control_harmless     r_eff 5.33 (range 5.33-5.33)  AUC after removing top-1: 0.555
   R_control_preguard     r_eff 3.74 (range 3.74-3.74)  AUC after removing top-1: 0.523
   R_harm                 r_eff 1.81 (range 1.81-1.81)  AUC after removing top-1: 0.518
   R_harm_at_post         r_eff 2.74 (range 2.74-2.74)  AUC after removing top-1: 0.506
   R_harm_user            r_eff 13.54 (range 13.54-13.54)  AUC after removing top-1: 0.507
   behavioural k*: {"criterion": "smallest k whose rank-k subspace reproduces >=90% of the full direction's change in refusal rate at alpha=1", "k_star": {"R_control_harmless": 1, "R_harm": 1, "R_harm_at_post": 1}}

-- C5  emergence across layers (onset depth, bootstrap CI) --
   R_harm                 peak 0.965 @depth 0.48   onset90 depth 0.1613
   R_harm_user            peak 0.965 @depth 0.48   onset90 depth 0.1613
   R_harm_at_post         peak 0.979 @depth 0.90   onset90 depth 0.0968
   R_control_harmless     peak 0.959 @depth 0.97   onset90 depth 0.3871
   R_control_preguard     peak 0.985 @depth 0.97   onset90 depth 0.6774
   R_role_probe           peak 0.987 @depth 0.77   onset90 depth 0.0323

-- C6  causal distinguishability -> GATE 1 --
   causal_gate__over.json: verdict PASS  (10080 cells)
      bound 0.1: G2 holds=True (224/364 pairs) | G3 holds=True  -> PASS
      bound 0.25: G2 holds=True (291/466 pairs) | G3 holds=True  -> PASS
      bound 0.5: G2 holds=True (419/632 pairs) | G3 holds=True  -> PASS
      bound 1.0: G2 holds=True (481/732 pairs) | G3 holds=True  -> PASS
      bound 2.0: G2 holds=True (510/792 pairs) | G3 holds=True  -> PASS
   causal_skipped__under.json: SKIPPED — harmful-and-complied cell too small to fit the refused-vs-complied contrast

-- C7  role is metadata, not linguistic style --
   Level 1: 1403 rows
   Level 2 (controlled register): 1152 rows  {"model": "qwen3.5-9b", "n_rows": 1152, "corpus": {"rewriter": "Qwen/Qwen3-30B-A3B-Instruct-2507", "n_base_selected": 168, "n_bases_complete": 92, "n_generated_kept": 276, "n_template": 552, "verifica

-- C9  Zhao replication (advbench|alpaca): AUC 1.000 @L27

-- fidelity (post_attention_layernorm reproduction): {"pre_mlp_fidelity": {"layer": 24, "pre_mlp_accuracy": 0.9866207951070336, "residual_accuracy": 0.99394750254842}, "transfer": {"layer": 24, "chance": 0.25, "ours_on_constant_content": 0.8018092105263

==============================================================================
llama3.1-8b  [Meta · dense]
==============================================================================

-- BEHAVIOUR (gates which control arms are estimable) --
   under  (within harmful ): refused= 3637 complied=  106 undetermined=  257  -> minority  106 items /  33 instr  [OK ]
   over   (within harmless): refused=  226 complied= 3769 undetermined=    5  -> minority  226 items /  52 instr  [OK ]
   undetermined reasons: {'guard_says_response_safe': 257, 'under_4_words': 5}

-- C1  variables recoverable and validated (best TRAIN-selected layer) --
   R_control              L 31  AUC 0.981 [0.967,0.993]  length-only 0.402 (beats: yes)  split-half 0.966  minority n=27
   R_control_harmless     L 30  AUC 0.987 [0.962,0.999]  length-only 0.515 (beats: yes)  split-half 0.967  minority n=88
   R_control_preguard     L 26  AUC 0.987 [0.975,0.995]  length-only 0.425 (beats: yes)  split-half 0.993  minority n=97
   R_control_unbalanced   L 31  AUC 0.982 [0.969,0.993]  length-only 0.402 (beats: yes)  split-half 0.966  minority n=27
   R_harm                 L 11  AUC 0.964 [0.944,0.981]  length-only 0.690 (beats: yes)  split-half 0.994  minority n=992
   R_harm_at_post         L 13  AUC 0.983 [0.972,0.992]  length-only 0.690 (beats: yes)  split-half 0.998  minority n=992
   R_harm_user            L 11  AUC 0.970 [0.952,0.985]  length-only 0.718 (beats: yes)  split-half 0.977  minority n=248
   R_role_probe (multiclass)  L 30  acc 0.988 [0.984,0.992]  chance 0.250

-- C2  R_harm separable from refusal behaviour (E1.1d) --
   role-balanced: True

-- C3  pairwise geometry (max |cos| over layers) --
   [harm vs control, both at t_post_inst]
   R_harm_at_post   vs R_control                          max|cos| 0.842 @L24  null 0.029  floor 0.982  -> pos +0.85 — strongly overlapping
   R_harm_at_post   vs R_control_harmless                 max|cos| 0.751 @L26  null 0.029  floor 0.977  -> pos +0.76 — strongly overlapping
   [harm vs role, both at t_inst]
   R_harm           vs R_role_assistant_vs_user@t_inst    max|cos| 0.278 @L15  null 0.029  floor 0.994  -> pos +0.26 — mostly distinct
   R_harm           vs R_role_assistant_vs_user@t_post_inst max|cos| 0.196 @L23  null 0.029  floor 0.992  -> pos +0.17 — mostly distinct
   R_harm           vs R_role_system_vs_user@t_inst       max|cos| 0.208 @L31  null 0.029  floor 0.995  -> pos +0.19 — mostly distinct
   R_harm           vs R_role_system_vs_user@t_post_inst  max|cos| 0.115 @L24  null 0.029  floor 0.992  -> pos +0.09 — DISTINCT (at chance)
   R_harm           vs R_role_tool_vs_user@t_inst         max|cos| 0.223 @L15  null 0.029  floor 0.994  -> pos +0.20 — mostly distinct
   R_harm           vs R_role_tool_vs_user@t_post_inst    max|cos| 0.149 @L23  null 0.029  floor 0.992  -> pos +0.12 — mostly distinct
   [control vs role, both at t_post_inst]
   R_control        vs R_role_assistant_vs_user@t_inst    max|cos| 0.292 @L16  null 0.029  floor 0.979  -> pos +0.28 — mostly distinct
   R_control        vs R_role_assistant_vs_user@t_post_inst max|cos| 0.377 @L24  null 0.029  floor 0.982  -> pos +0.36 — mostly distinct
   R_control        vs R_role_system_vs_user@t_inst       max|cos| 0.137 @L26  null 0.029  floor 0.981  -> pos +0.11 — mostly distinct
   R_control        vs R_role_system_vs_user@t_post_inst  max|cos| 0.345 @L0  null 0.029  floor 0.868  -> pos +0.38 — mostly distinct
   R_control        vs R_role_tool_vs_user@t_inst         max|cos| 0.183 @L19  null 0.029  floor 0.980  -> pos +0.16 — mostly distinct
   R_control        vs R_role_tool_vs_user@t_post_inst    max|cos| 0.342 @L24  null 0.029  floor 0.982  -> pos +0.33 — mostly distinct
   subspace k*: {'R_control': 2, 'R_control_harmless': 1, 'R_harm': 1, 'R_harm_at_post': 1}

-- C4  dimensionality --
   R_control              r_eff 4.99 (range 4.99-4.99)  AUC after removing top-1: 0.627
   R_control_harmless     r_eff 4.25 (range 4.25-4.25)  AUC after removing top-1: 0.584
   R_control_preguard     r_eff 5.26 (range 5.26-5.26)  AUC after removing top-1: 0.625
   R_control_unbalanced   r_eff 4.99 (range 4.99-4.99)  AUC after removing top-1: 0.502
   R_harm                 r_eff 2.47 (range 2.47-2.47)  AUC after removing top-1: 0.492
   R_harm_at_post         r_eff 2.33 (range 2.33-2.33)  AUC after removing top-1: 0.511
   R_harm_user            r_eff 15.14 (range 15.14-15.14)  AUC after removing top-1: 0.504
   behavioural k*: {"criterion": "smallest k whose rank-k subspace reproduces >=90% of the full direction's change in refusal rate at alpha=1", "k_star": {"R_control": 2, "R_control_harmless": 1, "R_harm": 1, "R_harm_at_post": 1}}

-- C5  emergence across layers (onset depth, bootstrap CI) --
   R_harm                 peak 0.964 @depth 0.35   onset90 depth 0.0323
   R_harm_user            peak 0.970 @depth 0.35   onset90 depth 0.0645
   R_control              peak 0.981 @depth 1.00   onset90 depth 0.4194
   R_harm_at_post         peak 0.983 @depth 0.42   onset90 depth 0.1935
   R_control_harmless     peak 0.987 @depth 0.97   onset90 depth 0.3871
   R_control_unbalanced   peak 0.982 @depth 1.00   onset90 depth 0.4194
   R_control_preguard     peak 0.987 @depth 0.84   onset90 depth 0.3871
   R_role_probe           peak 0.988 @depth 0.97   onset90 depth 0.0645

-- C6  causal distinguishability -> GATE 1 --
   causal_gate__over.json: verdict PASS  (17280 cells)
      bound 0.1: G2 holds=True (219/381 pairs) | G3 holds=True  -> PASS
      bound 0.25: G2 holds=True (378/681 pairs) | G3 holds=True  -> PASS
      bound 0.5: G2 holds=True (481/822 pairs) | G3 holds=True  -> PASS
      bound 1.0: G2 holds=True (533/997 pairs) | G3 holds=True  -> PASS
      bound 2.0: G2 holds=True (731/1254 pairs) | G3 holds=True  -> PASS
   causal_gate__under.json: verdict PASS  (18120 cells)
      bound 0.1: G2 holds=True (128/327 pairs) | G3 holds=True  -> PASS
      bound 0.25: G2 holds=True (319/726 pairs) | G3 holds=True  -> PASS
      bound 0.5: G2 holds=True (353/805 pairs) | G3 holds=True  -> PASS
      bound 1.0: G2 holds=True (449/1035 pairs) | G3 holds=True  -> PASS
      bound 2.0: G2 holds=True (587/1270 pairs) | G3 holds=True  -> PASS

-- C7  role is metadata, not linguistic style --
   Level 1: 1403 rows
   Level 2 (controlled register): 1152 rows  {"model": "llama3.1-8b", "n_rows": 1152, "corpus": {"rewriter": "Qwen/Qwen3-30B-A3B-Instruct-2507", "n_base_selected": 168, "n_bases_complete": 92, "n_generated_kept": 276, "n_template": 552, "verific

-- C9  Zhao replication (advbench|alpaca): AUC 1.000 @L10

-- fidelity (post_attention_layernorm reproduction): {"pre_mlp_fidelity": {"layer": 30, "pre_mlp_accuracy": 0.989105504587156, "residual_accuracy": 0.9881498470948012}, "transfer": {"layer": 30, "chance": 0.25, "ours_on_constant_content": 0.872532894736

==============================================================================
yi-6b-chat  [01-AI · dense]
==============================================================================

-- BEHAVIOUR (gates which control arms are estimable) --
   under  (within harmful ): refused= 2914 complied=  616 undetermined=  470  -> minority  616 items / 127 instr  [OK ]
   over   (within harmless): refused=  484 complied= 3505 undetermined=   11  -> minority  484 items /  98 instr  [OK ]
   undetermined reasons: {'guard_says_response_safe': 467, 'under_4_words': 12, 'repeated_3gram': 2}

-- C1  variables recoverable and validated (best TRAIN-selected layer) --
   R_control              L 31  AUC 0.962 [0.936,0.983]  length-only 0.403 (beats: yes)  split-half 0.985  minority n=183
   R_control_harmless     L 29  AUC 0.931 [0.884,0.966]  length-only 0.458 (beats: yes)  split-half 0.981  minority n=164
   R_control_preguard     L 31  AUC 0.971 [0.950,0.987]  length-only 0.361 (beats: yes)  split-half 0.990  minority n=286
   R_control_unbalanced   L 31  AUC 0.966 [0.942,0.984]  length-only 0.403 (beats: yes)  split-half 0.985  minority n=183
   R_harm                 L 17  AUC 0.941 [0.910,0.965]  length-only 0.685 (beats: yes)  split-half 0.996  minority n=992
   R_harm_at_post         L 19  AUC 0.985 [0.973,0.994]  length-only 0.685 (beats: yes)  split-half 0.996  minority n=992
   R_harm_user            L 17  AUC 0.942 [0.911,0.965]  length-only 0.712 (beats: yes)  split-half 0.986  minority n=248
   R_role_probe (multiclass)  L 14  acc 0.910 [0.901,0.920]  chance 0.250

-- C2  R_harm separable from refusal behaviour (E1.1d) --
   role-balanced: True

-- C3  pairwise geometry (max |cos| over layers) --
   [harm vs control, both at t_post_inst]
   R_harm_at_post   vs R_control                          max|cos| 0.561 @L28  null 0.029  floor 0.988  -> pos +0.55 — PARTIALLY OVERLAPPING
   R_harm_at_post   vs R_control_harmless                 max|cos| 0.500 @L14  null 0.029  floor 0.940  -> pos +0.52 — PARTIALLY OVERLAPPING
   [harm vs role, both at t_inst]
   R_harm           vs R_role_assistant_vs_user@t_inst    max|cos| 0.362 @L31  null 0.029  floor 0.998  -> pos +0.34 — mostly distinct
   R_harm           vs R_role_assistant_vs_user@t_post_inst max|cos| 0.190 @L31  null 0.029  floor 0.998  -> pos +0.17 — mostly distinct
   R_harm           vs R_role_system_vs_user@t_inst       max|cos| 0.500 @L31  null 0.029  floor 0.998  -> pos +0.49 — PARTIALLY OVERLAPPING
   R_harm           vs R_role_system_vs_user@t_post_inst  max|cos| 0.447 @L31  null 0.029  floor 0.998  -> pos +0.43 — PARTIALLY OVERLAPPING
   R_harm           vs R_role_tool_vs_user@t_inst         max|cos| 0.347 @L31  null 0.029  floor 0.998  -> pos +0.33 — mostly distinct
   R_harm           vs R_role_tool_vs_user@t_post_inst    max|cos| 0.141 @L31  null 0.029  floor 0.998  -> pos +0.11 — mostly distinct
   [control vs role, both at t_post_inst]
   R_control        vs R_role_assistant_vs_user@t_inst    max|cos| 0.171 @L31  null 0.029  floor 0.985  -> pos +0.15 — mostly distinct
   R_control        vs R_role_assistant_vs_user@t_post_inst max|cos| 0.262 @L29  null 0.029  floor 0.988  -> pos +0.24 — mostly distinct
   R_control        vs R_role_system_vs_user@t_inst       max|cos| 0.183 @L0  null 0.029  floor 0.953  -> pos +0.17 — mostly distinct
   R_control        vs R_role_system_vs_user@t_post_inst  max|cos| 0.366 @L29  null 0.029  floor 0.988  -> pos +0.35 — mostly distinct
   R_control        vs R_role_tool_vs_user@t_inst         max|cos| 0.119 @L6  null 0.029  floor 0.954  -> pos +0.10 — DISTINCT (at chance)
   R_control        vs R_role_tool_vs_user@t_post_inst    max|cos| 0.259 @L3  null 0.029  floor 0.956  -> pos +0.25 — mostly distinct
   subspace k*: {'R_control': 1, 'R_control_harmless': 1, 'R_harm': 1, 'R_harm_at_post': 1}

-- C4  dimensionality --
   R_control              r_eff 5.69 (range 5.69-5.69)  AUC after removing top-1: 0.555
   R_control_harmless     r_eff 2.83 (range 2.83-2.83)  AUC after removing top-1: 0.446
   R_control_preguard     r_eff 4.57 (range 4.57-4.57)  AUC after removing top-1: 0.544
   R_control_unbalanced   r_eff 5.69 (range 5.69-5.69)  AUC after removing top-1: 0.505
   R_harm                 r_eff 1.87 (range 1.87-1.87)  AUC after removing top-1: 0.502
   R_harm_at_post         r_eff 1.52 (range 1.52-1.52)  AUC after removing top-1: 0.497
   R_harm_user            r_eff 12.48 (range 12.48-12.48)  AUC after removing top-1: 0.499
   behavioural k*: {"criterion": "smallest k whose rank-k subspace reproduces >=90% of the full direction's change in refusal rate at alpha=1", "k_star": {"R_control": 1, "R_control_harmless": 1, "R_harm": 1, "R_harm_at_post": 1}}

-- C5  emergence across layers (onset depth, bootstrap CI) --
   R_harm                 peak 0.941 @depth 0.55   onset90 depth 0.0
   R_harm_user            peak 0.942 @depth 0.55   onset90 depth 0.0
   R_control              peak 0.962 @depth 1.00   onset90 depth 0.6129
   R_harm_at_post         peak 0.985 @depth 0.61   onset90 depth 0.3871
   R_control_harmless     peak 0.931 @depth 0.94   onset90 depth 0.6452
   R_control_unbalanced   peak 0.966 @depth 1.00   onset90 depth 0.6129
   R_control_preguard     peak 0.971 @depth 1.00   onset90 depth 0.6129
   R_role_probe           peak 0.910 @depth 0.45   onset90 depth 0.3226

-- C6  causal distinguishability -> GATE 1 --
   causal_gate__over.json: verdict PASS  (14400 cells)
      bound 0.1: G2 holds=True (422/1116 pairs) | G3 holds=True  -> PASS
      bound 0.25: G2 holds=True (466/1279 pairs) | G3 holds=True  -> PASS
      bound 0.5: G2 holds=True (571/1430 pairs) | G3 holds=True  -> PASS
      bound 1.0: G2 holds=True (584/1489 pairs) | G3 holds=True  -> PASS
      bound 2.0: G2 holds=True (676/1632 pairs) | G3 holds=True  -> PASS
   causal_gate__under.json: verdict PASS  (13680 cells)
      bound 0.1: G2 holds=True (390/1114 pairs) | G3 holds=True  -> PASS
      bound 0.25: G2 holds=True (433/1264 pairs) | G3 holds=True  -> PASS
      bound 0.5: G2 holds=True (519/1410 pairs) | G3 holds=True  -> PASS
      bound 1.0: G2 holds=True (548/1474 pairs) | G3 holds=True  -> PASS
      bound 2.0: G2 holds=True (631/1594 pairs) | G3 holds=True  -> PASS

-- C7  role is metadata, not linguistic style --
   Level 1: 1403 rows
   Level 2 (controlled register): 1152 rows  {"model": "yi-6b-chat", "n_rows": 1152, "corpus": {"rewriter": "Qwen/Qwen3-30B-A3B-Instruct-2507", "n_base_selected": 168, "n_bases_complete": 92, "n_generated_kept": 276, "n_template": 552, "verifica

-- C9  Zhao replication (advbench|alpaca): AUC 1.000 @L26

-- fidelity (post_attention_layernorm reproduction): {"pre_mlp_fidelity": {"layer": 14, "pre_mlp_accuracy": 0.9284258787570046, "residual_accuracy": 0.9101502801833928}, "transfer": {"layer": 14, "chance": 0.25, "ours_on_constant_content": 0.60361842105

==============================================================================
qwen3.5-35b-a3b  [Qwen · moe]
==============================================================================

-- BEHAVIOUR (gates which control arms are estimable) --
   under  (within harmful ): refused= 3836 complied=   24 undetermined=  140  -> minority   24 items /   6 instr  [THIN]
   over   (within harmless): refused=  214 complied= 3766 undetermined=   20  -> minority  214 items /  50 instr  [OK ]
   undetermined reasons: {'guard_says_response_safe': 140, 'under_4_words': 20}

-- C1  variables recoverable and validated (best TRAIN-selected layer) --
   R_control              L 34  AUC 0.958 [0.917,0.997]  length-only 0.413 (beats: yes)  split-half 0.941  minority n=3
   R_control_harmless     L 39  AUC 0.970 [0.928,0.995]  length-only 0.482 (beats: yes)  split-half 0.954  minority n=80
   R_control_preguard     L 37  AUC 0.982 [0.957,0.999]  length-only 0.432 (beats: yes)  split-half 0.978  minority n=55
   R_control_unbalanced   L 36  AUC 0.990 [0.976,1.000]  length-only 0.413 (beats: yes)  split-half 0.938  minority n=3
   R_harm                 L 27  AUC 0.977 [0.963,0.989]  length-only 0.663 (beats: yes)  split-half 0.996  minority n=992
   R_harm_at_post         L 39  AUC 0.988 [0.979,0.996]  length-only 0.663 (beats: yes)  split-half 0.998  minority n=992
   R_harm_user            L 27  AUC 0.977 [0.961,0.989]  length-only 0.716 (beats: yes)  split-half 0.984  minority n=248
   R_role_probe (multiclass)  L 38  acc 0.992 [0.989,0.995]  chance 0.250

-- C2  R_harm separable from refusal behaviour (E1.1d) --
   role-balanced: True

-- C3  pairwise geometry (max |cos| over layers) --
   [harm vs control, both at t_post_inst]
   R_harm_at_post   vs R_control                          max|cos| 0.752 @L25  null 0.045  floor 0.935  -> pos +0.79 — strongly overlapping
   R_harm_at_post   vs R_control_harmless                 max|cos| 0.838 @L22  null 0.045  floor 0.979  -> pos +0.85 — strongly overlapping
   [harm vs role, both at t_inst]
   R_harm           vs R_role_assistant_vs_user@t_inst    max|cos| 0.261 @L26  null 0.045  floor 0.996  -> pos +0.23 — mostly distinct
   R_harm           vs R_role_assistant_vs_user@t_post_inst max|cos| 0.164 @L39  null 0.045  floor 0.998  -> pos +0.13 — mostly distinct
   R_harm           vs R_role_system_vs_user@t_inst       max|cos| 0.194 @L26  null 0.045  floor 0.996  -> pos +0.16 — mostly distinct
   R_harm           vs R_role_system_vs_user@t_post_inst  max|cos| 0.154 @L35  null 0.045  floor 0.996  -> pos +0.11 — mostly distinct
   R_harm           vs R_role_tool_vs_user@t_inst         max|cos| 0.149 @L5  null 0.045  floor 0.995  -> pos +0.11 — mostly distinct
   R_harm           vs R_role_tool_vs_user@t_post_inst    max|cos| 0.127 @L35  null 0.045  floor 0.996  -> pos +0.09 — DISTINCT (at chance)
   [control vs role, both at t_post_inst]
   R_control        vs R_role_assistant_vs_user@t_inst    max|cos| 0.146 @L22  null 0.045  floor 0.931  -> pos +0.11 — mostly distinct
   R_control        vs R_role_assistant_vs_user@t_post_inst max|cos| 0.355 @L39  null 0.045  floor 0.941  -> pos +0.35 — mostly distinct
   R_control        vs R_role_system_vs_user@t_inst       max|cos| 0.154 @L34  null 0.045  floor 0.941  -> pos +0.12 — mostly distinct
   R_control        vs R_role_system_vs_user@t_post_inst  max|cos| 0.257 @L10  null 0.045  floor 0.735  -> pos +0.31 — mostly distinct
   R_control        vs R_role_tool_vs_user@t_inst         max|cos| 0.150 @L39  null 0.045  floor 0.941  -> pos +0.12 — mostly distinct
   R_control        vs R_role_tool_vs_user@t_post_inst    max|cos| 0.379 @L39  null 0.045  floor 0.941  -> pos +0.37 — mostly distinct
   subspace k*: {'R_control_harmless': 1, 'R_harm': 2, 'R_harm_at_post': 1}

-- C4  dimensionality --
   R_control              r_eff 2.77 (range 2.77-2.77)  AUC after removing top-1: 0.547
   R_control_harmless     r_eff 4.61 (range 4.61-4.61)  AUC after removing top-1: 0.575
   R_control_preguard     r_eff 4.22 (range 4.22-4.22)  AUC after removing top-1: 0.568
   R_control_unbalanced   r_eff 3.03 (range 3.03-3.03)  AUC after removing top-1: 0.512
   R_harm                 r_eff 1.64 (range 1.64-1.64)  AUC after removing top-1: 0.489
   R_harm_at_post         r_eff 2.75 (range 2.75-2.75)  AUC after removing top-1: 0.486
   R_harm_user            r_eff 13.83 (range 13.83-13.83)  AUC after removing top-1: 0.497
   behavioural k*: {"criterion": "smallest k whose rank-k subspace reproduces >=90% of the full direction's change in refusal rate at alpha=1", "k_star": {"R_control_harmless": 1, "R_harm": 2, "R_harm_at_post": 1}}

-- C5  emergence across layers (onset depth, bootstrap CI) --
   R_harm                 peak 0.977 @depth 0.69   onset90 depth 0.1538
   R_harm_user            peak 0.977 @depth 0.69   onset90 depth 0.1026
   R_control              peak 0.958 @depth 0.87   onset90 depth 0.0769
   R_harm_at_post         peak 0.988 @depth 1.00   onset90 depth 0.1538
   R_control_harmless     peak 0.970 @depth 1.00   onset90 depth 0.5385
   R_control_unbalanced   peak 0.990 @depth 0.92   onset90 depth 0.0513
   R_control_preguard     peak 0.982 @depth 0.95   onset90 depth 0.4872
   R_role_probe           peak 0.992 @depth 0.97   onset90 depth 0.2564

-- C6  causal distinguishability -> GATE 1 --
   causal_gate__over.json: verdict PASS  (9720 cells)
      bound 0.1: G2 holds=True (124/394 pairs) | G3 holds=True  -> PASS
      bound 0.25: G2 holds=True (184/570 pairs) | G3 holds=True  -> PASS
      bound 0.5: G2 holds=True (210/618 pairs) | G3 holds=True  -> PASS
      bound 1.0: G2 holds=True (246/717 pairs) | G3 holds=True  -> PASS
      bound 2.0: G2 holds=True (309/851 pairs) | G3 holds=True  -> PASS
   causal_gate__under.json: verdict PASS  (11880 cells)
      bound 0.1: G2 holds=True (78/362 pairs) | G3 holds=True  -> PASS
      bound 0.25: G2 holds=True (166/573 pairs) | G3 holds=True  -> PASS
      bound 0.5: G2 holds=True (203/657 pairs) | G3 holds=True  -> PASS
      bound 1.0: G2 holds=True (261/764 pairs) | G3 holds=True  -> PASS
      bound 2.0: G2 holds=True (313/948 pairs) | G3 holds=True  -> PASS

-- C7  role is metadata, not linguistic style --
   Level 1: 1403 rows
   Level 2 (controlled register): 1440 rows  {"model": "qwen3.5-35b-a3b", "n_rows": 1440, "corpus": {"rewriter": "Qwen/Qwen3-30B-A3B-Instruct-2507", "n_base_selected": 168, "n_bases_complete": 92, "n_generated_kept": 276, "n_template": 552, "ver

-- C9  Zhao replication (advbench|alpaca): AUC 1.000 @L15

-- fidelity (post_attention_layernorm reproduction): {"pre_mlp_fidelity": {"layer": 38, "pre_mlp_accuracy": 0.9972604485219164, "residual_accuracy": 0.9920998980632008}, "transfer": {"layer": 38, "chance": 0.25, "ours_on_constant_content": 0.90460526315

==============================================================================
nemotron-3-nano-30b-a3b  [NVIDIA · moe]
==============================================================================

-- BEHAVIOUR (gates which control arms are estimable) --
   under  (within harmful ): refused= 3711 complied=   66 undetermined=  223  -> minority   66 items /  18 instr  [THIN]
   over   (within harmless): refused=  471 complied= 3510 undetermined=   19  -> minority  471 items / 122 instr  [OK ]
   undetermined reasons: {'guard_says_response_safe': 223, 'under_4_words': 19}

-- C1  variables recoverable and validated (best TRAIN-selected layer) --
   R_control              L 50  AUC 0.986 [0.946,1.000]  length-only 0.306 (beats: yes)  split-half 0.968  minority n=18
   R_control_harmless     L 41  AUC 0.977 [0.954,0.991]  length-only 0.386 (beats: yes)  split-half 0.990  minority n=132
   R_control_preguard     L 45  AUC 0.989 [0.964,1.000]  length-only 0.344 (beats: yes)  split-half 0.989  minority n=88
   R_control_unbalanced   L 50  AUC 0.988 [0.952,1.000]  length-only 0.306 (beats: yes)  split-half 0.968  minority n=18
   R_harm                 L 25  AUC 0.977 [0.961,0.989]  length-only 0.679 (beats: yes)  split-half 0.996  minority n=992
   R_harm_at_post         L 19  AUC 0.992 [0.985,0.997]  length-only 0.679 (beats: yes)  split-half 0.997  minority n=992
   R_harm_user            L 25  AUC 0.978 [0.962,0.990]  length-only 0.730 (beats: yes)  split-half 0.986  minority n=248
   R_role_probe (multiclass)  L 46  acc 0.970 [0.964,0.975]  chance 0.250

-- C2  R_harm separable from refusal behaviour (E1.1d) --
   role-balanced: True

-- C3  pairwise geometry (max |cos| over layers) --
   [harm vs control, both at t_post_inst]
   R_harm_at_post   vs R_control                          max|cos| 0.788 @L51  null 0.039  floor 0.970  -> pos +0.80 — strongly overlapping
   R_harm_at_post   vs R_control_harmless                 max|cos| 0.821 @L39  null 0.039  floor 0.990  -> pos +0.82 — strongly overlapping
   [harm vs role, both at t_inst]
   R_harm           vs R_role_assistant_vs_user@t_inst    max|cos| 0.286 @L32  null 0.039  floor 0.997  -> pos +0.26 — mostly distinct
   R_harm           vs R_role_assistant_vs_user@t_post_inst max|cos| 0.250 @L51  null 0.039  floor 0.997  -> pos +0.22 — mostly distinct
   R_harm           vs R_role_system_vs_user@t_inst       max|cos| 0.284 @L32  null 0.039  floor 0.997  -> pos +0.26 — mostly distinct
   R_harm           vs R_role_system_vs_user@t_post_inst  max|cos| 0.270 @L51  null 0.039  floor 0.997  -> pos +0.24 — mostly distinct
   R_harm           vs R_role_tool_vs_user@t_inst         max|cos| 0.169 @L8  null 0.039  floor 0.995  -> pos +0.14 — mostly distinct
   R_harm           vs R_role_tool_vs_user@t_post_inst    max|cos| 0.142 @L42  null 0.039  floor 0.996  -> pos +0.11 — mostly distinct
   [control vs role, both at t_post_inst]
   R_control        vs R_role_assistant_vs_user@t_inst    max|cos| 0.192 @L51  null 0.039  floor 0.970  -> pos +0.17 — mostly distinct
   R_control        vs R_role_assistant_vs_user@t_post_inst max|cos| 0.139 @L50  null 0.039  floor 0.968  -> pos +0.11 — mostly distinct
   R_control        vs R_role_system_vs_user@t_inst       max|cos| 0.163 @L51  null 0.039  floor 0.970  -> pos +0.13 — mostly distinct
   R_control        vs R_role_system_vs_user@t_post_inst  max|cos| 0.213 @L27  null 0.039  floor 0.955  -> pos +0.19 — mostly distinct
   R_control        vs R_role_tool_vs_user@t_inst         max|cos| 0.141 @L51  null 0.039  floor 0.970  -> pos +0.11 — mostly distinct
   R_control        vs R_role_tool_vs_user@t_post_inst    max|cos| 0.301 @L51  null 0.039  floor 0.970  -> pos +0.28 — mostly distinct
   subspace k*: {'R_control': 1, 'R_control_harmless': 1, 'R_harm': 1, 'R_harm_at_post': 1}

-- C4  dimensionality --
   R_control              r_eff 5.66 (range 5.66-5.66)  AUC after removing top-1: 0.579
   R_control_harmless     r_eff 3.81 (range 3.81-3.81)  AUC after removing top-1: 0.639
   R_control_preguard     r_eff 4.07 (range 4.07-4.07)  AUC after removing top-1: 0.635
   R_control_unbalanced   r_eff 5.66 (range 5.66-5.66)  AUC after removing top-1: 0.488
   R_harm                 r_eff 2.91 (range 2.91-2.91)  AUC after removing top-1: 0.515
   R_harm_at_post         r_eff 2.85 (range 2.85-2.85)  AUC after removing top-1: 0.509
   R_harm_user            r_eff 12.45 (range 12.45-12.45)  AUC after removing top-1: 0.493
   behavioural k*: {"criterion": "smallest k whose rank-k subspace reproduces >=90% of the full direction's change in refusal rate at alpha=1", "k_star": {"R_control": 1, "R_control_harmless": 1, "R_harm": 1, "R_harm_at_post": 1}}

-- C5  emergence across layers (onset depth, bootstrap CI) --
   R_harm                 peak 0.977 @depth 0.49   onset90 depth 0.098
   R_harm_user            peak 0.978 @depth 0.49   onset90 depth 0.098
   R_control              peak 0.986 @depth 0.98   onset90 depth 0.4118
   R_harm_at_post         peak 0.992 @depth 0.37   onset90 depth 0.0784
   R_control_harmless     peak 0.977 @depth 0.80   onset90 depth 0.4118
   R_control_unbalanced   peak 0.988 @depth 0.98   onset90 depth 0.4118
   R_control_preguard     peak 0.989 @depth 0.88   onset90 depth 0.3137
   R_role_probe           peak 0.970 @depth 0.90   onset90 depth 0.0392

-- C6  causal distinguishability -> GATE 1 --
   causal_gate__over.json: verdict PASS  (18960 cells)
      bound 0.1: G2 holds=True (259/664 pairs) | G3 holds=True  -> PASS
      bound 0.25: G2 holds=True (366/944 pairs) | G3 holds=True  -> PASS
      bound 0.5: G2 holds=True (538/1203 pairs) | G3 holds=True  -> PASS
      bound 1.0: G2 holds=True (635/1418 pairs) | G3 holds=True  -> PASS
      bound 2.0: G2 holds=True (745/1568 pairs) | G3 holds=True  -> PASS
   causal_gate__under.json: verdict PASS  (18600 cells)
      bound 0.1: G2 holds=True (247/593 pairs) | G3 holds=True  -> PASS
      bound 0.25: G2 holds=True (385/842 pairs) | G3 holds=True  -> PASS
      bound 0.5: G2 holds=True (603/1133 pairs) | G3 holds=True  -> PASS
      bound 1.0: G2 holds=True (698/1307 pairs) | G3 holds=True  -> PASS
      bound 2.0: G2 holds=True (867/1495 pairs) | G3 holds=True  -> PASS

-- C7  role is metadata, not linguistic style --
   Level 1: 1403 rows
   Level 2 (controlled register): 1872 rows  {"model": "nemotron-3-nano-30b-a3b", "n_rows": 1872, "corpus": {"rewriter": "Qwen/Qwen3-30B-A3B-Instruct-2507", "n_base_selected": 168, "n_bases_complete": 92, "n_generated_kept": 276, "n_template": 5

-- C9  Zhao replication (advbench|alpaca): AUC 1.000 @L21

-- fidelity (post_attention_layernorm reproduction): {"pre_mlp_fidelity": {"applicable": false, "reason": "NemotronHBlock has no post_attention_layernorm \u2014 this architecture has no post-attention site to read", "architecture": "NemotronHForCausalLM

==============================================================================
C8  CROSS-MODEL / CROSS-ARCHITECTURE
==============================================================================

-- arms --
model    llama3.1-8b nemotron-3-nano-30b-a3b qwen2.5-7b qwen3.5-35b-a3b qwen3.5-9b yi-6b-chat
quantity                                                                                     
over              52                     122         39              50         79         98
under             33                      18         60               6          8        127

-- C1 --
model                    llama3.1-8b nemotron-3-nano-30b-a3b qwen2.5-7b qwen3.5-35b-a3b qwen3.5-9b yi-6b-chat
quantity                                                                                                     
R_control.auc                 0.9814                  0.9859     0.9688           0.958        NaN     0.9619
R_control_harmless.auc        0.9871                  0.9768     0.9377          0.9695     0.9594     0.9309
R_control_preguard.auc         0.987                  0.9893     0.9543          0.9818     0.9847     0.9708
R_control_unbalanced.auc      0.9822                  0.9879     0.9685          0.9898        NaN     0.9655
R_harm.auc                    0.9642                  0.9771     0.9522          0.9775     0.9652     0.9415
R_harm_at_post.auc            0.9834                  0.9918     0.9864          0.9884     0.9794      0.985
R_harm_user.auc               0.9698                  0.9781     0.9546          0.9765     0.9654      0.942
R_role_probe.acc              0.9881                  0.9701     0.9873          0.9921      0.987     0.9102

-- C3 --
model                                               llama3.1-8b nemotron-3-nano-30b-a3b qwen2.5-7b qwen3.5-35b-a3b qwen3.5-9b yi-6b-chat
quantity                                                                                                                                
cos(R_control,R_role_assistant_vs_user@t_inst)           0.2916                  0.1925     0.2501          0.1455        NaN     0.1711
cos(R_control,R_role_assistant_vs_user@t_post_inst)      0.3766                  0.1385     0.2929          0.3546        NaN     0.2619
cos(R_control,R_role_system_vs_user@t_inst)              0.1367                  0.1635     0.2883          0.1539        NaN     0.1831
cos(R_control,R_role_system_vs_user@t_post_inst)         0.3448                  0.2128     0.2871          0.2565        NaN     0.3662
cos(R_control,R_role_tool_vs_user@t_inst)                0.1829                  0.1412     0.1195          0.1501        NaN     0.1187
cos(R_control,R_role_tool_vs_user@t_post_inst)           0.3416                  0.3013     0.2735          0.3786        NaN     0.2594
cos(R_harm,R_role_assistant_vs_user@t_inst)              0.2777                  0.2864     0.3435          0.2612      0.357     0.3617
cos(R_harm,R_role_assistant_vs_user@t_post_inst)         0.1964                  0.2499     0.1767          0.1642     0.2941     0.1896
cos(R_harm,R_role_system_vs_user@t_inst)                 0.2084                   0.284     0.3714          0.1942     0.2388     0.5001
cos(R_harm,R_role_system_vs_user@t_post_inst)            0.1151                  0.2699     0.1347          0.1539      0.452     0.4471
cos(R_harm,R_role_tool_vs_user@t_inst)                   0.2226                  0.1692     0.3001          0.1488     0.4385     0.3472
cos(R_harm,R_role_tool_vs_user@t_post_inst)              0.1488                  0.1418     0.1237          0.1265      0.375     0.1405
cos(R_harm_at_post,R_control)                            0.8422                  0.7877     0.8484          0.7516        NaN     0.5608
cos(R_harm_at_post,R_control_harmless)                   0.7505                  0.8213     0.8113          0.8381     0.8313     0.5001

-- C6 --
model                 llama3.1-8b nemotron-3-nano-30b-a3b qwen2.5-7b qwen3.5-35b-a3b qwen3.5-9b yi-6b-chat
quantity                                                                                                  
causal_skipped__under         NaN                     NaN        NaN             NaN    skipped        NaN
gate__over                   PASS                    PASS       PASS            PASS       PASS       PASS
gate__under                  PASS                    PASS       PASS            PASS        NaN       PASS

wrote results_verify/rq1_status.csv

################################################################
# diff against the pre-rerun archive (what moved, and by how much)
################################################################
==============================================================================
SKIPPING the archive diff: the baseline is a DIFFERENT CORPUS.
  archive results_archive/pre_5model_20260911/results: 200 harmful / 200 harmless
  live    results: 500 harmful / 500 harmless
Every quantity would differ for that reason alone, so a DRIFT
verdict here would carry no information. Re-point at an archive
of the same scale (argv[1]) once one exists.
==============================================================================

################################################################
# E1.6 gate comparison across control variants
################################################################
gate comparison over 11 runs: qwen2.5-7b/under, qwen2.5-7b/over, qwen3.5-9b/over, llama3.1-8b/under, llama3.1-8b/over, yi-6b-chat/under, yi-6b-chat/over, qwen3.5-35b-a3b/under, qwen3.5-35b-a3b/over, nemotron-3-nano-30b-a3b/under, nemotron-3-nano-30b-a3b/over

============================================================================
qwen2.5-7b  control=under
============================================================================
  KL_harmless <= 0.1 : n_live=2385 G1 0.8302 G2 103/287 G3 77 -> PASS
  KL_harmless <= 0.25: n_live=3114 G1 0.8468 G2 120/416 G3 128 -> PASS
  KL_harmless <= 0.5 : n_live=3708 G1 0.8552 G2 179/521 G3 171 -> PASS
  KL_harmless <= 1.0 : n_live=4119 G1 0.8696 G2 191/573 G3 212 -> PASS
  KL_harmless <= 2.0 : n_live=4728 G1 0.8769 G2 219/667 G3 264 -> PASS
[qwen2.5-7b/under] GATE 1 — PASS (testable at bounds [0.1, 0.25, 0.5, 1.0, 2.0])

  direction of the stronger influence (KL<=0.5, FDR-surviving):
    R_control <-> R_role         R_control->R_role: 66/85 (78%)  R_role->R_control: 19/85 (22%) [leaning]
    R_harm <-> R_role            R_role->R_harm: 40/67 (60%)  R_harm->R_role: 27/67 (40%) [MIXED]
    R_control <-> R_harm         R_control->R_harm: 19/27 (70%)  R_harm->R_control: 8/27 (30%) [leaning]

============================================================================
qwen2.5-7b  control=over
============================================================================
  KL_harmless <= 0.1 : n_live=2406 G1 0.7781 G2 121/287 G3 44 -> PASS
  KL_harmless <= 0.25: n_live=3255 G1 0.8111 G2 195/435 G3 93 -> PASS
  KL_harmless <= 0.5 : n_live=3792 G1 0.8212 G2 236/521 G3 123 -> PASS
  KL_harmless <= 1.0 : n_live=4275 G1 0.8358 G2 271/573 G3 170 -> PASS
  KL_harmless <= 2.0 : n_live=4908 G1 0.8411 G2 319/684 G3 222 -> PASS
[qwen2.5-7b/over] GATE 1 — PASS (testable at bounds [0.1, 0.25, 0.5, 1.0, 2.0])

  direction of the stronger influence (KL<=0.5, FDR-surviving):
    R_control <-> R_harm         R_harm->R_control: 104/104 (100%)              [CONSISTENT]
    R_control <-> R_role         R_control->R_role: 44/65 (68%)  R_role->R_control: 21/65 (32%) [leaning]
    R_harm <-> R_role            R_role->R_harm: 40/67 (60%)  R_harm->R_role: 27/67 (40%) [MIXED]

============================================================================
qwen3.5-9b  control=over
============================================================================
  KL_harmless <= 0.1 : n_live=3021 G1 0.7378 G2 224/364 G3 112 -> PASS
  KL_harmless <= 0.25: n_live=4119 G1 0.7356 G2 291/466 G3 149 -> PASS
  KL_harmless <= 0.5 : n_live=4743 G1 0.7274 G2 419/632 G3 190 -> PASS
  KL_harmless <= 1.0 : n_live=5568 G1 0.7344 G2 481/732 G3 243 -> PASS
  KL_harmless <= 2.0 : n_live=6195 G1 0.7308 G2 510/792 G3 288 -> PASS
[qwen3.5-9b/over] GATE 1 — PASS (testable at bounds [0.1, 0.25, 0.5, 1.0, 2.0])

  direction of the stronger influence (KL<=0.5, FDR-surviving):
    R_control <-> R_harm         R_harm->R_control: 134/134 (100%)              [CONSISTENT]
    R_harm <-> R_role            R_harm->R_role: 84/130 (65%)  R_role->R_harm: 46/130 (35%) [MIXED]
    R_control <-> R_role         R_control->R_role: 80/155 (52%)  R_role->R_control: 75/155 (48%) [MIXED]

============================================================================
llama3.1-8b  control=under
============================================================================
  KL_harmless <= 0.1 : n_live=3777 G1 0.9237 G2 128/327 G3 133 -> PASS
  KL_harmless <= 0.25: n_live=6009 G1 0.9036 G2 319/726 G3 315 -> PASS
  KL_harmless <= 0.5 : n_live=7338 G1 0.899 G2 353/805 G3 423 -> PASS
  KL_harmless <= 1.0 : n_live=8796 G1 0.881 G2 449/1035 G3 526 -> PASS
  KL_harmless <= 2.0 : n_live=10149 G1 0.8791 G2 587/1270 G3 684 -> PASS
[llama3.1-8b/under] GATE 1 — PASS (testable at bounds [0.1, 0.25, 0.5, 1.0, 2.0])

  direction of the stronger influence (KL<=0.5, FDR-surviving):
    R_harm <-> R_role            R_harm->R_role: 100/142 (70%)  R_role->R_harm: 42/142 (30%) [leaning]
    R_control <-> R_role         R_control->R_role: 96/135 (71%)  R_role->R_control: 39/135 (29%) [leaning]
    R_control <-> R_harm         R_harm->R_control: 72/76 (95%)  R_control->R_harm: 4/76 (5%) [CONSISTENT]

============================================================================
llama3.1-8b  control=over
============================================================================
  KL_harmless <= 0.1 : n_live=3960 G1 0.8841 G2 219/381 G3 112 -> PASS
  KL_harmless <= 0.25: n_live=5817 G1 0.8577 G2 378/681 G3 280 -> PASS
  KL_harmless <= 0.5 : n_live=7233 G1 0.8167 G2 481/822 G3 370 -> PASS
  KL_harmless <= 1.0 : n_live=8502 G1 0.8215 G2 533/997 G3 494 -> PASS
  KL_harmless <= 2.0 : n_live=9837 G1 0.792 G2 731/1254 G3 636 -> PASS
[llama3.1-8b/over] GATE 1 — PASS (testable at bounds [0.1, 0.25, 0.5, 1.0, 2.0])

  direction of the stronger influence (KL<=0.5, FDR-surviving):
    R_control <-> R_harm         R_harm->R_control: 144/144 (100%)              [CONSISTENT]
    R_control <-> R_role         R_control->R_role: 143/180 (79%)  R_role->R_control: 37/180 (21%) [leaning]
    R_harm <-> R_role            R_harm->R_role: 105/157 (67%)  R_role->R_harm: 52/157 (33%) [leaning]

============================================================================
yi-6b-chat  control=under
============================================================================
  KL_harmless <= 0.1 : n_live=7620 G1 0.6075 G2 390/1114 G3 130 -> PASS
  KL_harmless <= 0.25: n_live=8472 G1 0.6193 G2 433/1264 G3 193 -> PASS
  KL_harmless <= 0.5 : n_live=9174 G1 0.6308 G2 519/1410 G3 235 -> PASS
  KL_harmless <= 1.0 : n_live=9564 G1 0.6349 G2 548/1474 G3 251 -> PASS
  KL_harmless <= 2.0 : n_live=9954 G1 0.6377 G2 631/1594 G3 269 -> PASS
[yi-6b-chat/under] GATE 1 — PASS (testable at bounds [0.1, 0.25, 0.5, 1.0, 2.0])

  direction of the stronger influence (KL<=0.5, FDR-surviving):
    R_harm <-> R_role            R_harm->R_role: 151/215 (70%)  R_role->R_harm: 64/215 (30%) [leaning]
    R_control <-> R_harm         R_harm->R_control: 140/171 (82%)  R_control->R_harm: 31/171 (18%) [CONSISTENT]
    R_control <-> R_role         R_role->R_control: 80/133 (60%)  R_control->R_role: 53/133 (40%) [MIXED]

============================================================================
yi-6b-chat  control=over
============================================================================
  KL_harmless <= 0.1 : n_live=7668 G1 0.6228 G2 422/1116 G3 135 -> PASS
  KL_harmless <= 0.25: n_live=8700 G1 0.641 G2 466/1279 G3 231 -> PASS
  KL_harmless <= 0.5 : n_live=9426 G1 0.648 G2 571/1430 G3 256 -> PASS
  KL_harmless <= 1.0 : n_live=9861 G1 0.6559 G2 584/1489 G3 289 -> PASS
  KL_harmless <= 2.0 : n_live=10314 G1 0.6579 G2 676/1632 G3 309 -> PASS
[yi-6b-chat/over] GATE 1 — PASS (testable at bounds [0.1, 0.25, 0.5, 1.0, 2.0])

  direction of the stronger influence (KL<=0.5, FDR-surviving):
    R_control <-> R_harm         R_harm->R_control: 185/212 (87%)  R_control->R_harm: 27/212 (13%) [CONSISTENT]
    R_harm <-> R_role            R_harm->R_role: 157/201 (78%)  R_role->R_harm: 44/201 (22%) [leaning]
    R_control <-> R_role         R_control->R_role: 81/158 (51%)  R_role->R_control: 77/158 (49%) [MIXED]

============================================================================
qwen3.5-35b-a3b  control=under
============================================================================
  KL_harmless <= 0.1 : n_live=3249 G1 0.7793 G2 78/362 G3 162 -> PASS
  KL_harmless <= 0.25: n_live=4488 G1 0.768 G2 166/573 G3 235 -> PASS
  KL_harmless <= 0.5 : n_live=5505 G1 0.764 G2 203/657 G3 324 -> PASS
  KL_harmless <= 1.0 : n_live=6252 G1 0.7678 G2 261/764 G3 411 -> PASS
  KL_harmless <= 2.0 : n_live=7101 G1 0.7812 G2 313/948 G3 556 -> PASS
[qwen3.5-35b-a3b/under] GATE 1 — PASS (testable at bounds [0.1, 0.25, 0.5, 1.0, 2.0])

  direction of the stronger influence (KL<=0.5, FDR-surviving):
    R_control <-> R_role         R_control->R_role: 89/98 (91%)  R_role->R_control: 9/98 (9%) [CONSISTENT]
    R_control <-> R_harm         R_control->R_harm: 61/67 (91%)  R_harm->R_control: 6/67 (9%) [CONSISTENT]
    R_harm <-> R_role            R_role->R_harm: 27/38 (71%)  R_harm->R_role: 11/38 (29%) [leaning]

============================================================================
qwen3.5-35b-a3b  control=over
============================================================================
  KL_harmless <= 0.1 : n_live=3222 G1 0.6862 G2 124/394 G3 189 -> PASS
  KL_harmless <= 0.25: n_live=4386 G1 0.7073 G2 184/570 G3 276 -> PASS
  KL_harmless <= 0.5 : n_live=4998 G1 0.7047 G2 210/618 G3 362 -> PASS
  KL_harmless <= 1.0 : n_live=5613 G1 0.6975 G2 246/717 G3 470 -> PASS
  KL_harmless <= 2.0 : n_live=6327 G1 0.7037 G2 309/851 G3 600 -> PASS
[qwen3.5-35b-a3b/over] GATE 1 — PASS (testable at bounds [0.1, 0.25, 0.5, 1.0, 2.0])

  direction of the stronger influence (KL<=0.5, FDR-surviving):
    R_control <-> R_harm         R_harm->R_control: 106/106 (100%)              [CONSISTENT]
    R_control <-> R_role         R_role->R_control: 30/60 (50%)  R_control->R_role: 30/60 (50%) [MIXED]
    R_harm <-> R_role            R_role->R_harm: 27/44 (61%)  R_harm->R_role: 17/44 (39%) [MIXED]

============================================================================
nemotron-3-nano-30b-a3b  control=under
============================================================================
  KL_harmless <= 0.1 : n_live=5112 G1 0.8504 G2 247/593 G3 377 -> PASS
  KL_harmless <= 0.25: n_live=6984 G1 0.8505 G2 385/842 G3 541 -> PASS
  KL_harmless <= 0.5 : n_live=8769 G1 0.8255 G2 603/1133 G3 636 -> PASS
  KL_harmless <= 1.0 : n_live=9909 G1 0.8392 G2 698/1307 G3 708 -> PASS
  KL_harmless <= 2.0 : n_live=11304 G1 0.8328 G2 867/1495 G3 795 -> PASS
[nemotron-3-nano-30b-a3b/under] GATE 1 — PASS (testable at bounds [0.1, 0.25, 0.5, 1.0, 2.0])

  direction of the stronger influence (KL<=0.5, FDR-surviving):
    R_control <-> R_harm         R_harm->R_control: 223/226 (99%)  R_control->R_harm: 3/226 (1%) [CONSISTENT]
    R_control <-> R_role         R_control->R_role: 208/219 (95%)  R_role->R_control: 11/219 (5%) [CONSISTENT]
    R_harm <-> R_role            R_harm->R_role: 126/158 (80%)  R_role->R_harm: 32/158 (20%) [leaning]

============================================================================
nemotron-3-nano-30b-a3b  control=over
============================================================================
  KL_harmless <= 0.1 : n_live=5520 G1 0.756 G2 259/664 G3 480 -> PASS
  KL_harmless <= 0.25: n_live=7773 G1 0.7557 G2 366/944 G3 749 -> PASS
  KL_harmless <= 0.5 : n_live=9195 G1 0.7302 G2 538/1203 G3 885 -> PASS
  KL_harmless <= 1.0 : n_live=10713 G1 0.7289 G2 635/1418 G3 1034 -> PASS
  KL_harmless <= 2.0 : n_live=11865 G1 0.7204 G2 745/1568 G3 1201 -> PASS
[nemotron-3-nano-30b-a3b/over] GATE 1 — PASS (testable at bounds [0.1, 0.25, 0.5, 1.0, 2.0])

  direction of the stronger influence (KL<=0.5, FDR-surviving):
    R_control <-> R_harm         R_harm->R_control: 247/247 (100%)              [CONSISTENT]
    R_harm <-> R_role            R_harm->R_role: 132/164 (80%)  R_role->R_harm: 32/164 (20%) [CONSISTENT]
    R_control <-> R_role         R_control->R_role: 119/127 (94%)  R_role->R_control: 8/127 (6%) [CONSISTENT]

============================================================================
MATCHED COMPARISON (KL_harmless <= 0.5)
============================================================================
                  model control     G1  G2_qualifying  family  G3 verdict
             qwen2.5-7b   under 0.8552            179     521 171    PASS
             qwen2.5-7b    over 0.8212            236     521 123    PASS
             qwen3.5-9b    over 0.7274            419     632 190    PASS
            llama3.1-8b   under 0.8990            353     805 423    PASS
            llama3.1-8b    over 0.8167            481     822 370    PASS
             yi-6b-chat   under 0.6308            519    1410 235    PASS
             yi-6b-chat    over 0.6480            571    1430 256    PASS
        qwen3.5-35b-a3b   under 0.7640            203     657 324    PASS
        qwen3.5-35b-a3b    over 0.7047            210     618 362    PASS
nemotron-3-nano-30b-a3b   under 0.8255            603    1133 636    PASS
nemotron-3-nano-30b-a3b    over 0.7302            538    1203 885    PASS

################################################################
# E1.6 asymmetry structure
################################################################

==========================================================================
llama3.1-8b __over  (KL_harmless <= 0.5, alpha > 0)
==========================================================================
  481 qualifying asymmetric cells

  direction of the STRONGER influence, per unordered pair:
    R_control <-> R_harm         R_harm->R_control: 144/144 (100%)            [CONSISTENT]
    R_control <-> R_role         R_control->R_role: 143/180 (79%)  R_role->R_control: 37/180 (21%) [leaning]
    R_harm <-> R_role            R_harm->R_role: 105/157 (67%)  R_role->R_harm: 52/157 (33%) [leaning]

  mean |delta| by ordered direction (qualifying cells only):
    R_control->R_harm            0.082  (n=144)
    R_control->R_role            0.085  (n=180)
    R_harm->R_control            0.176  (n=144)
    R_harm->R_role               0.062  (n=157)
    R_role->R_control            0.035  (n=180)
    R_role->R_harm               0.030  (n=157)

==========================================================================
llama3.1-8b __under  (KL_harmless <= 0.5, alpha > 0)
==========================================================================
  353 qualifying asymmetric cells

  direction of the STRONGER influence, per unordered pair:
    R_control <-> R_harm         R_harm->R_control: 72/76 (95%)  R_control->R_harm: 4/76 (5%) [CONSISTENT]
    R_control <-> R_role         R_control->R_role: 96/135 (71%)  R_role->R_control: 39/135 (29%) [leaning]
    R_harm <-> R_role            R_harm->R_role: 100/142 (70%)  R_role->R_harm: 42/142 (30%) [leaning]

  mean |delta| by ordered direction (qualifying cells only):
    R_control->R_harm            0.095  (n=76)
    R_control->R_role            0.098  (n=135)
    R_harm->R_control            0.173  (n=76)
    R_harm->R_role               0.069  (n=142)
    R_role->R_control            0.037  (n=135)
    R_role->R_harm               0.032  (n=142)

==========================================================================
nemotron-3-nano-30b-a3b __over  (KL_harmless <= 0.5, alpha > 0)
==========================================================================
  538 qualifying asymmetric cells

  direction of the STRONGER influence, per unordered pair:
    R_control <-> R_harm         R_harm->R_control: 247/247 (100%)            [CONSISTENT]
    R_control <-> R_role         R_control->R_role: 119/127 (94%)  R_role->R_control: 8/127 (6%) [CONSISTENT]
    R_harm <-> R_role            R_harm->R_role: 132/164 (80%)  R_role->R_harm: 32/164 (20%) [CONSISTENT]

  mean |delta| by ordered direction (qualifying cells only):
    R_control->R_harm            0.138  (n=247)
    R_control->R_role            0.130  (n=127)
    R_harm->R_control            0.318  (n=247)
    R_harm->R_role               0.177  (n=164)
    R_role->R_control            0.020  (n=127)
    R_role->R_harm               0.075  (n=164)

==========================================================================
nemotron-3-nano-30b-a3b __under  (KL_harmless <= 0.5, alpha > 0)
==========================================================================
  603 qualifying asymmetric cells

  direction of the STRONGER influence, per unordered pair:
    R_control <-> R_harm         R_harm->R_control: 223/226 (99%)  R_control->R_harm: 3/226 (1%) [CONSISTENT]
    R_control <-> R_role         R_control->R_role: 208/219 (95%)  R_role->R_control: 11/219 (5%) [CONSISTENT]
    R_harm <-> R_role            R_harm->R_role: 126/158 (80%)  R_role->R_harm: 32/158 (20%) [leaning]

  mean |delta| by ordered direction (qualifying cells only):
    R_control->R_harm            0.145  (n=226)
    R_control->R_role            0.222  (n=219)
    R_harm->R_control            0.212  (n=226)
    R_harm->R_role               0.171  (n=158)
    R_role->R_control            0.021  (n=219)
    R_role->R_harm               0.078  (n=158)

==========================================================================
qwen2.5-7b __over  (KL_harmless <= 0.5, alpha > 0)
==========================================================================
  236 qualifying asymmetric cells

  direction of the STRONGER influence, per unordered pair:
    R_control <-> R_harm         R_harm->R_control: 104/104 (100%)            [CONSISTENT]
    R_control <-> R_role         R_control->R_role: 44/65 (68%)  R_role->R_control: 21/65 (32%) [leaning]
    R_harm <-> R_role            R_role->R_harm: 40/67 (60%)  R_harm->R_role: 27/67 (40%) [MIXED]

  mean |delta| by ordered direction (qualifying cells only):
    R_control->R_harm            0.091  (n=104)
    R_control->R_role            0.070  (n=65)
    R_harm->R_control            0.219  (n=104)
    R_harm->R_role               0.049  (n=67)
    R_role->R_control            0.046  (n=65)
    R_role->R_harm               0.106  (n=67)

==========================================================================
qwen2.5-7b __under  (KL_harmless <= 0.5, alpha > 0)
==========================================================================
  179 qualifying asymmetric cells

  direction of the STRONGER influence, per unordered pair:
    R_control <-> R_harm         R_control->R_harm: 19/27 (70%)  R_harm->R_control: 8/27 (30%) [leaning]
    R_control <-> R_role         R_control->R_role: 66/85 (78%)  R_role->R_control: 19/85 (22%) [leaning]
    R_harm <-> R_role            R_role->R_harm: 40/67 (60%)  R_harm->R_role: 27/67 (40%) [MIXED]

  mean |delta| by ordered direction (qualifying cells only):
    R_control->R_harm            0.227  (n=27)
    R_control->R_role            0.101  (n=85)
    R_harm->R_control            0.216  (n=27)
    R_harm->R_role               0.049  (n=67)
    R_role->R_control            0.042  (n=85)
    R_role->R_harm               0.106  (n=67)

==========================================================================
qwen3.5-35b-a3b __over  (KL_harmless <= 0.5, alpha > 0)
==========================================================================
  210 qualifying asymmetric cells

  direction of the STRONGER influence, per unordered pair:
    R_control <-> R_harm         R_harm->R_control: 106/106 (100%)            [CONSISTENT]
    R_control <-> R_role         R_role->R_control: 30/60 (50%)  R_control->R_role: 30/60 (50%) [MIXED]
    R_harm <-> R_role            R_role->R_harm: 27/44 (61%)  R_harm->R_role: 17/44 (39%) [MIXED]

  mean |delta| by ordered direction (qualifying cells only):
    R_control->R_harm            0.104  (n=106)
    R_control->R_role            0.091  (n=60)
    R_harm->R_control            0.234  (n=106)
    R_harm->R_role               0.111  (n=44)
    R_role->R_control            0.113  (n=60)
    R_role->R_harm               0.176  (n=44)

==========================================================================
qwen3.5-35b-a3b __under  (KL_harmless <= 0.5, alpha > 0)
==========================================================================
  203 qualifying asymmetric cells

  direction of the STRONGER influence, per unordered pair:
    R_control <-> R_harm         R_control->R_harm: 61/67 (91%)  R_harm->R_control: 6/67 (9%) [CONSISTENT]
    R_control <-> R_role         R_control->R_role: 89/98 (91%)  R_role->R_control: 9/98 (9%) [CONSISTENT]
    R_harm <-> R_role            R_role->R_harm: 27/38 (71%)  R_harm->R_role: 11/38 (29%) [leaning]

  mean |delta| by ordered direction (qualifying cells only):
    R_control->R_harm            0.152  (n=67)
    R_control->R_role            0.248  (n=98)
    R_harm->R_control            0.127  (n=67)
    R_harm->R_role               0.123  (n=38)
    R_role->R_control            0.019  (n=98)
    R_role->R_harm               0.203  (n=38)

==========================================================================
qwen3.5-9b __over  (KL_harmless <= 0.5, alpha > 0)
==========================================================================
  419 qualifying asymmetric cells

  direction of the STRONGER influence, per unordered pair:
    R_control <-> R_harm         R_harm->R_control: 134/134 (100%)            [CONSISTENT]
    R_control <-> R_role         R_control->R_role: 80/155 (52%)  R_role->R_control: 75/155 (48%) [MIXED]
    R_harm <-> R_role            R_harm->R_role: 84/130 (65%)  R_role->R_harm: 46/130 (35%) [MIXED]

  mean |delta| by ordered direction (qualifying cells only):
    R_control->R_harm            0.118  (n=134)
    R_control->R_role            0.077  (n=155)
    R_harm->R_control            0.236  (n=134)
    R_harm->R_role               0.072  (n=130)
    R_role->R_control            0.089  (n=155)
    R_role->R_harm               0.066  (n=130)

==========================================================================
yi-6b-chat __over  (KL_harmless <= 0.5, alpha > 0)
==========================================================================
  571 qualifying asymmetric cells

  direction of the STRONGER influence, per unordered pair:
    R_control <-> R_harm         R_harm->R_control: 185/212 (87%)  R_control->R_harm: 27/212 (13%) [CONSISTENT]
    R_control <-> R_role         R_control->R_role: 81/158 (51%)  R_role->R_control: 77/158 (49%) [MIXED]
    R_harm <-> R_role            R_harm->R_role: 157/201 (78%)  R_role->R_harm: 44/201 (22%) [leaning]

  mean |delta| by ordered direction (qualifying cells only):
    R_control->R_harm            0.125  (n=212)
    R_control->R_role            0.095  (n=158)
    R_harm->R_control            0.230  (n=212)
    R_harm->R_role               0.170  (n=201)
    R_role->R_control            0.087  (n=158)
    R_role->R_harm               0.059  (n=201)

==========================================================================
yi-6b-chat __under  (KL_harmless <= 0.5, alpha > 0)
==========================================================================
  519 qualifying asymmetric cells

  direction of the STRONGER influence, per unordered pair:
    R_control <-> R_harm         R_harm->R_control: 140/171 (82%)  R_control->R_harm: 31/171 (18%) [CONSISTENT]
    R_control <-> R_role         R_role->R_control: 80/133 (60%)  R_control->R_role: 53/133 (40%) [MIXED]
    R_harm <-> R_role            R_harm->R_role: 151/215 (70%)  R_role->R_harm: 64/215 (30%) [leaning]

  mean |delta| by ordered direction (qualifying cells only):
    R_control->R_harm            0.075  (n=171)
    R_control->R_role            0.075  (n=133)
    R_harm->R_control            0.186  (n=171)
    R_harm->R_role               0.142  (n=215)
    R_role->R_control            0.158  (n=133)
    R_role->R_harm               0.058  (n=215)

################################################################
# E1.1d harm/control cross-check (layer-matched)
################################################################

==========================================================================
qwen2.5-7b
==========================================================================
>>> EXIT 1

################################################################
# E1.7 style decomposition
################################################################

=== qwen2.5-7b — R_harm across source pairs (split-half floor 0.994) ===
                      count    min  median    max
shares                                           
nothing shared            6  0.041   0.110  0.796
same harmful source       3  0.567   0.832  0.851
same harmless source      6  0.244   0.426  0.952

  interpretation: whichever grouping keeps the cosine HIGH is the side
  that does NOT drive the variation.

=== qwen3.5-9b — R_harm across source pairs (split-half floor 0.992) ===
                      count    min  median    max
shares                                           
nothing shared            6  0.078   0.201  0.806
same harmful source       3  0.684   0.847  0.862
same harmless source      6  0.306   0.404  0.949

  interpretation: whichever grouping keeps the cosine HIGH is the side
  that does NOT drive the variation.

=== llama3.1-8b — R_harm across source pairs (split-half floor 0.990) ===
                      count    min  median    max
shares                                           
nothing shared            6  0.101   0.212  0.778
same harmful source       3  0.683   0.834  0.854
same harmless source      6  0.345   0.419  0.931

  interpretation: whichever grouping keeps the cosine HIGH is the side
  that does NOT drive the variation.

=== yi-6b-chat — R_harm across source pairs (split-half floor 0.994) ===
                      count    min  median    max
shares                                           
nothing shared            6 -0.020   0.019  0.793
same harmful source       3  0.623   0.835  0.845
same harmless source      6  0.112   0.354  0.957

  interpretation: whichever grouping keeps the cosine HIGH is the side
  that does NOT drive the variation.

=== qwen3.5-35b-a3b — R_harm across source pairs (split-half floor 0.993) ===
                      count    min  median    max
shares                                           
nothing shared            6  0.124   0.284  0.802
same harmful source       3  0.732   0.846  0.869
same harmless source      6  0.363   0.440  0.944

  interpretation: whichever grouping keeps the cosine HIGH is the side
  that does NOT drive the variation.

=== nemotron-3-nano-30b-a3b — R_harm across source pairs (split-half floor 0.994) ===
                      count    min  median    max
shares                                           
nothing shared            6  0.085   0.228  0.774
same harmful source       3  0.677   0.802  0.822
same harmless source      6  0.330   0.474  0.954

  interpretation: whichever grouping keeps the cosine HIGH is the side
  that does NOT drive the variation.

################################################################
# Guard filter impact on the 2x2
################################################################

=== qwen2.5-7b ===
  prefix rule says complied : 1124
  kept by the Guard         : 237
  removed by the Guard      : 887  (79%)

  SOURCE composition — does the filter change which prompts survive?
    source          before   after  removed   share before -> after
    advbench           165      14      151      15% ->   6%
    jbb                160      38      122      14% ->  16%
    sorry-bench        799     185      614      71% ->  78%
    total-variation shift in source composition: 0.088
    total-variation shift in role composition  : 0.089

=== qwen3.5-9b ===
  prefix rule says complied : 171
  kept by the Guard         : 20
  removed by the Guard      : 151  (88%)

  SOURCE composition — does the filter change which prompts survive?
    source          before   after  removed   share before -> after
    advbench             4       1        3       2% ->   5%
    jbb                 23       2       21      13% ->  10%
    sorry-bench        144      17      127      84% ->  85%
    total-variation shift in source composition: 0.035
    total-variation shift in role composition  : 0.124

=== llama3.1-8b ===
  prefix rule says complied : 363
  kept by the Guard         : 106
  removed by the Guard      : 257  (71%)

  SOURCE composition — does the filter change which prompts survive?
    source          before   after  removed   share before -> after
    advbench            42      12       30      12% ->  11%
    jbb                 34       8       26       9% ->   8%
    sorry-bench        287      86      201      79% ->  81%
    total-variation shift in source composition: 0.021
    total-variation shift in role composition  : 0.023

=== yi-6b-chat ===
  prefix rule says complied : 1083
  kept by the Guard         : 616
  removed by the Guard      : 467  (43%)

  SOURCE composition — does the filter change which prompts survive?
    source          before   after  removed   share before -> after
    advbench           144     112       32      13% ->  18%
    jbb                196     147       49      18% ->  24%
    sorry-bench        743     357      386      69% ->  58%
    total-variation shift in source composition: 0.107
    total-variation shift in role composition  : 0.035

=== qwen3.5-35b-a3b ===
  prefix rule says complied : 164
  kept by the Guard         : 24
  removed by the Guard      : 140  (85%)

  SOURCE composition — does the filter change which prompts survive?
    source          before   after  removed   share before -> after
    advbench             2       0        2       1% ->   0%
    jbb                 31       4       27      19% ->  17%
    sorry-bench        131      20      111      80% ->  83%
    total-variation shift in source composition: 0.035
    total-variation shift in role composition  : 0.100

=== nemotron-3-nano-30b-a3b ===
  prefix rule says complied : 289
  kept by the Guard         : 66
  removed by the Guard      : 223  (77%)

  SOURCE composition — does the filter change which prompts survive?
    source          before   after  removed   share before -> after
    advbench            24       1       23       8% ->   2%
    jbb                  3       1        2       1% ->   2%
    sorry-bench        262      64      198      91% ->  97%
    total-variation shift in source composition: 0.068
    total-variation shift in role composition  : 0.032

################################################################
# O-1 label audit sheet (blind)
################################################################
wrote 280 rows to results/label_audit/audit_sheet.csv
  key (not for the labeller): results/label_audit/audit_key.csv

stratum composition:
  harmful_and_complied                         67
  guard_reclassified                           67
  yi-6b-chat|harmless|complied                 6
  qwen3.5-35b-a3b|harmless|refused             6
  nemotron-3-nano-30b-a3b|harmless|undetermined 6
  yi-6b-chat|harmless|refused                  6
  nemotron-3-nano-30b-a3b|harmless|complied    6
  llama3.1-8b|harmless|complied                6
  llama3.1-8b|harmless|refused                 6
  yi-6b-chat|harmful|refused                   6
  nemotron-3-nano-30b-a3b|harmful|refused      6
  qwen3.5-35b-a3b|harmful|refused              6
  qwen3.5-9b|harmless|refused                  6
  yi-6b-chat|harmless|undetermined             6
  qwen2.5-7b|harmless|undetermined             6
  qwen3.5-35b-a3b|harmless|complied            6
  qwen2.5-7b|harmful|refused                   6
  qwen2.5-7b|harmless|complied                 6
  qwen3.5-35b-a3b|harmless|undetermined        6
  nemotron-3-nano-30b-a3b|harmless|refused     6
  llama3.1-8b|harmful|refused                  6
  qwen3.5-9b|harmful|refused                   6
  qwen2.5-7b|harmless|refused                  6
  qwen3.5-9b|harmless|complied                 6
  qwen3.5-9b|harmless|undetermined             6
  llama3.1-8b|harmless|undetermined            5
  yi-6b-chat|harmful|undetermined              3

next: fill `adjudicated_label` and `adjudicator`, then run tools/score_label_audit.py
      a person       -> adjudicator=human:<name>
      the LLM judge  -> python tools/adjudicate_labels.py   (adjudicator=llm-judge:<model_id>)

################################################################
# O-1 adjudicate the sheet with an off-roster LLM judge
################################################################
>>> EXIT 1

################################################################
# O-1 score the refusal instrument against the adjudication
################################################################
results/label_audit/audit_sheet.csv has no adjudicated labels yet — nothing to score.
Fill `adjudicated_label` (and `adjudicator`) first — see INSTRUCTIONS.md,
or run: python tools/adjudicate_labels.py
>>> EXIT 1

################################################################
# O-1b adjudicate the undetermined pool (soft refusals?)
################################################################
>>> EXIT 1

################################################################
# sensitivity: refit R_control under the LLM-judge labels
################################################################
>>> EXIT 1

################################################################
# E+D soft-refusal projection and axis test
################################################################

################################################################
# figures
################################################################
writing figures to results/figures
  wrote fig1_depth_curves.pdf / .png
  SKIP fig_onset: KeyError: 'yi-6b-chat'
  wrote fig3_geometry.pdf / .png
  wrote fig4_delta_matrix.pdf / .png
  SKIP fig_sensitivity: FileNotFoundError: [Errno 2] No such file or directory: 'results/gate_sensitivity.csv'
  wrote fig6_style.pdf / .png

################################################################
# E1.6 gate sensitivity sweep (slow: ~90 min)
################################################################
sweeping 432 adjudication settings x 0.5 capability bound

==============================================================================
1. FULL GRID — how often each qualitative outcome appears
==============================================================================

llama3.1-8b/over  (432 settings)
   G2 holds (asymmetry present) :  91.7%   G2 count median  99  range 0-697
   G3 holds (dissociation)      :  66.7%   G3 count median  72  range 0-493
   verdicts: PASS 288/432, FAIL 144/432
   R_harm->R_control consistent (>=80%): 100.0%   median share 1.00

llama3.1-8b/under  (432 settings)
   G2 holds (asymmetry present) : 100.0%   G2 count median  66  range 1-543
   G3 holds (dissociation)      :  66.7%   G3 count median  63  range 0-620
   verdicts: PASS 288/432, FAIL 144/432
   R_harm->R_control consistent (>=80%):  56.2%   median share 0.89

nemotron-3-nano-30b-a3b/over  (432 settings)
   G2 holds (asymmetry present) :  89.6%   G2 count median  92  range 0-810
   G3 holds (dissociation)      :  76.4%   G3 count median  76  range 0-1228
   verdicts: PASS 315/432, FAIL 117/432
   R_harm->R_control consistent (>=80%): 100.0%   median share 1.00

nemotron-3-nano-30b-a3b/under  (432 settings)
   G2 holds (asymmetry present) : 100.0%   G2 count median 101  range 1-823
   G3 holds (dissociation)      :  66.7%   G3 count median  40  range 0-771
   verdicts: PASS 288/432, FAIL 144/432
   R_harm->R_control consistent (>=80%): 100.0%   median share 0.98

qwen2.5-7b/over  (432 settings)
   G2 holds (asymmetry present) : 100.0%   G2 count median  71  range 1-265
   G3 holds (dissociation)      :  66.7%   G3 count median  57  range 0-208
   verdicts: PASS 288/432, FAIL 144/432
   R_harm->R_control consistent (>=80%): 100.0%   median share 1.00

qwen2.5-7b/under  (432 settings)
   G2 holds (asymmetry present) : 100.0%   G2 count median  64  range 2-197
   G3 holds (dissociation)      :  66.7%   G3 count median  61  range 0-260
   verdicts: PASS 288/432, FAIL 144/432
   R_harm->R_control consistent (>=80%):   0.0%   median share 0.11

qwen3.5-35b-a3b/over  (432 settings)
   G2 holds (asymmetry present) : 100.0%   G2 count median  52  range 1-377
   G3 holds (dissociation)      :  72.2%   G3 count median 109  range 0-405
   verdicts: PASS 312/432, FAIL 120/432
   R_harm->R_control consistent (>=80%): 100.0%   median share 1.00

qwen3.5-35b-a3b/under  (432 settings)
   G2 holds (asymmetry present) :  95.8%   G2 count median  61  range 0-383
   G3 holds (dissociation)      :  66.7%   G3 count median  87  range 0-358
   verdicts: PASS 288/432, FAIL 144/432
   R_harm->R_control consistent (>=80%):   0.0%   median share 0.00

qwen3.5-9b/over  (432 settings)
   G2 holds (asymmetry present) : 100.0%   G2 count median  90  range 2-459
   G3 holds (dissociation)      :  66.7%   G3 count median  59  range 0-274
   verdicts: PASS 288/432, FAIL 144/432
   R_harm->R_control consistent (>=80%): 100.0%   median share 1.00

yi-6b-chat/over  (432 settings)
   G2 holds (asymmetry present) : 100.0%   G2 count median 120  range 9-795
   G3 holds (dissociation)      :  88.9%   G3 count median  81  range 0-402
   verdicts: PASS 384/432, FAIL 48/432
   R_harm->R_control consistent (>=80%): 100.0%   median share 1.00

yi-6b-chat/under  (432 settings)
   G2 holds (asymmetry present) : 100.0%   G2 count median  95  range 2-756
   G3 holds (dissociation)      :  88.9%   G3 count median  67  range 0-375
   verdicts: PASS 384/432, FAIL 48/432
   R_harm->R_control consistent (>=80%):  89.6%   median share 0.85

==============================================================================
2. ONE-AT-A-TIME — vary one choice, hold the rest at the pre-registered value
==============================================================================

llama3.1-8b/over
   null_q       90.0:G2=545,G3=278  95.0:G2=481,G3=370  97.5:G2=449,G3=404  99.0:G2=409,G3=439
   null_group   alpha:G2=481,G3=370  alpha_layer:G2=678,G3=213  pooled:G2=10,G3=0
   g2_rule      any:G2=481,G3=370  both:G2=253,G3=370
   fdr_q        0.01:G2=481,G3=370  0.05:G2=481,G3=370  0.1:G2=481,G3=370
   beh_null_q   90.0:G2=481,G3=420  95.0:G2=481,G3=370  99.0:G2=481,G3=370
   gate_layers  all:G2=481,G3=370  relative3:G2=116,G3=79

llama3.1-8b/under
   null_q       90.0:G2=402,G3=353  95.0:G2=353,G3=423  97.5:G2=320,G3=467  99.0:G2=271,G3=507
   null_group   alpha:G2=353,G3=423  alpha_layer:G2=539,G3=209  pooled:G2=15,G3=0
   g2_rule      any:G2=353,G3=423  both:G2=192,G3=423
   fdr_q        0.01:G2=352,G3=423  0.05:G2=353,G3=423  0.1:G2=353,G3=423
   beh_null_q   90.0:G2=353,G3=522  95.0:G2=353,G3=423  99.0:G2=353,G3=423
   gate_layers  all:G2=353,G3=423  relative3:G2=75,G3=82

nemotron-3-nano-30b-a3b/over
   null_q       90.0:G2=628,G3=665  95.0:G2=538,G3=885  97.5:G2=459,G3=1041  99.0:G2=382,G3=1189
   null_group   alpha:G2=538,G3=885  alpha_layer:G2=789,G3=486  pooled:G2=71,G3=0
   g2_rule      any:G2=538,G3=885  both:G2=228,G3=885
   fdr_q        0.01:G2=538,G3=885  0.05:G2=538,G3=885  0.1:G2=538,G3=885
   beh_null_q   90.0:G2=538,G3=924  95.0:G2=538,G3=885  99.0:G2=538,G3=707
   gate_layers  all:G2=538,G3=885  relative3:G2=109,G3=98

nemotron-3-nano-30b-a3b/under
   null_q       90.0:G2=661,G3=484  95.0:G2=603,G3=636  97.5:G2=575,G3=680  99.0:G2=529,G3=771
   null_group   alpha:G2=603,G3=636  alpha_layer:G2=793,G3=300  pooled:G2=117,G3=0
   g2_rule      any:G2=603,G3=636  both:G2=213,G3=636
   fdr_q        0.01:G2=603,G3=636  0.05:G2=603,G3=636  0.1:G2=603,G3=636
   beh_null_q   90.0:G2=603,G3=636  95.0:G2=603,G3=636  99.0:G2=603,G3=460
   gate_layers  all:G2=603,G3=636  relative3:G2=101,G3=57

qwen2.5-7b/over
   null_q       90.0:G2=246,G3=104  95.0:G2=236,G3=123  97.5:G2=220,G3=171  99.0:G2=214,G3=186
   null_group   alpha:G2=236,G3=123  alpha_layer:G2=257,G3=107  pooled:G2=34,G3=0
   g2_rule      any:G2=236,G3=123  both:G2=104,G3=123
   fdr_q        0.01:G2=236,G3=123  0.05:G2=236,G3=123  0.1:G2=236,G3=123
   beh_null_q   90.0:G2=236,G3=144  95.0:G2=236,G3=123  99.0:G2=236,G3=123
   gate_layers  all:G2=236,G3=123  relative3:G2=80,G3=71

qwen2.5-7b/under
   null_q       90.0:G2=188,G3=150  95.0:G2=179,G3=171  97.5:G2=165,G3=224  99.0:G2=160,G3=238
   null_group   alpha:G2=179,G3=171  alpha_layer:G2=185,G3=132  pooled:G2=22,G3=0
   g2_rule      any:G2=179,G3=171  both:G2=100,G3=171
   fdr_q        0.01:G2=179,G3=171  0.05:G2=179,G3=171  0.1:G2=179,G3=171
   beh_null_q   90.0:G2=179,G3=192  95.0:G2=179,G3=171  99.0:G2=179,G3=171
   gate_layers  all:G2=179,G3=171  relative3:G2=74,G3=69

qwen3.5-35b-a3b/over
   null_q       90.0:G2=245,G3=314  95.0:G2=210,G3=362  97.5:G2=185,G3=396  99.0:G2=174,G3=405
   null_group   alpha:G2=210,G3=362  alpha_layer:G2=333,G3=315  pooled:G2=49,G3=0
   g2_rule      any:G2=210,G3=362  both:G2=97,G3=362
   fdr_q        0.01:G2=209,G3=362  0.05:G2=210,G3=362  0.1:G2=210,G3=362
   beh_null_q   90.0:G2=210,G3=362  95.0:G2=210,G3=362  99.0:G2=210,G3=362
   gate_layers  all:G2=210,G3=362  relative3:G2=59,G3=129

qwen3.5-35b-a3b/under
   null_q       90.0:G2=228,G3=277  95.0:G2=203,G3=324  97.5:G2=193,G3=340  99.0:G2=167,G3=358
   null_group   alpha:G2=203,G3=324  alpha_layer:G2=363,G3=261  pooled:G2=25,G3=0
   g2_rule      any:G2=203,G3=324  both:G2=72,G3=324
   fdr_q        0.01:G2=203,G3=324  0.05:G2=203,G3=324  0.1:G2=203,G3=324
   beh_null_q   90.0:G2=203,G3=324  95.0:G2=203,G3=324  99.0:G2=203,G3=324
   gate_layers  all:G2=203,G3=324  relative3:G2=77,G3=101

qwen3.5-9b/over
   null_q       90.0:G2=435,G3=167  95.0:G2=419,G3=190  97.5:G2=410,G3=205  99.0:G2=386,G3=264
   null_group   alpha:G2=419,G3=190  alpha_layer:G2=448,G3=174  pooled:G2=36,G3=0
   g2_rule      any:G2=419,G3=190  both:G2=259,G3=190
   fdr_q        0.01:G2=419,G3=190  0.05:G2=419,G3=190  0.1:G2=419,G3=190
   beh_null_q   90.0:G2=419,G3=200  95.0:G2=419,G3=190  99.0:G2=419,G3=101
   gate_layers  all:G2=419,G3=190  relative3:G2=119,G3=54

yi-6b-chat/over
   null_q       90.0:G2=660,G3=220  95.0:G2=571,G3=256  97.5:G2=474,G3=270  99.0:G2=368,G3=283
   null_group   alpha:G2=571,G3=256  alpha_layer:G2=761,G3=248  pooled:G2=191,G3=122
   g2_rule      any:G2=571,G3=256  both:G2=205,G3=256
   fdr_q        0.01:G2=570,G3=256  0.05:G2=571,G3=256  0.1:G2=571,G3=256
   beh_null_q   90.0:G2=571,G3=375  95.0:G2=571,G3=256  99.0:G2=571,G3=206
   gate_layers  all:G2=571,G3=256  relative3:G2=134,G3=50

yi-6b-chat/under
   null_q       90.0:G2=643,G3=193  95.0:G2=519,G3=235  97.5:G2=426,G3=237  99.0:G2=359,G3=243
   null_group   alpha:G2=519,G3=235  alpha_layer:G2=704,G3=190  pooled:G2=187,G3=89
   g2_rule      any:G2=519,G3=235  both:G2=164,G3=235
   fdr_q        0.01:G2=518,G3=235  0.05:G2=519,G3=235  0.1:G2=519,G3=235
   beh_null_q   90.0:G2=519,G3=365  95.0:G2=519,G3=235  99.0:G2=519,G3=203
   gate_layers  all:G2=519,G3=235  relative3:G2=133,G3=42

==============================================================================
3. HEADLINE ROBUSTNESS
==============================================================================
   G2 > 0 in 97.9% of all 4752 run x setting combinations
   G3 > 0 in 72.1%
   R_harm->R_control directionally consistent in 76.7% of 4644 combinations where the pair was testable

   weakest setting for G2: llama3.1-8b/over (null_q=97.5, null_group=pooled, g2_rule=both, fdr_q=0.01, beh_null_q=90.0, gate_layers=all) -> G2=0 G3=0

================================================================
post pass complete: 8 step(s) exited non-zero
=== 2026-09-12T13:57:53+00:00 ===
