model,kind,uid,source,harmful,split,role,design,n_tokens,content_tokens,t_inst,t_post_inst,slot_is_fixed
llama3.1-8b,fitting,22d86f50daae,advbench,True,test,system,fixed_slot,47,8,32,46,False
llama3.1-8b,fitting,22d86f50daae,advbench,True,test,user,fixed_slot,58,8,52,57,True
llama3.1-8b,fitting,22d86f50daae,advbench,True,test,tool,fixed_slot,60,8,53,59,True
llama3.1-8b,fitting,22d86f50daae,advbench,True,test,assistant,fixed_slot,58,8,52,57,True
llama3.1-8b,fitting,22d86f50daae,advbench,True,test,system,natural_slot,47,8,32,46,False
llama3.1-8b,fitting,22d86f50daae,advbench,True,test,user,natural_slot,49,8,43,48,False
llama3.1-8b,fitting,22d86f50daae,advbench,True,test,tool,natural_slot,68,8,61,67,False
llama3.1-8b,fitting,22d86f50daae,advbench,True,test,assistant,natural_slot,58,8,52,57,False
llama3.1-8b,fitting,d02118ea2a73,jbb,True,test,system,fixed_slot,57,18,42,56,False
llama3.1-8b,fitting,d02118ea2a73,jbb,True,test,user,fixed_slot,68,18,62,67,True
llama3.1-8b,fitting,d02118ea2a73,jbb,True,test,tool,fixed_slot,71,18,64,70,True
llama3.1-8b,fitting,d02118ea2a73,jbb,True,test,assistant,fixed_slot,68,18,62,67,True
llama3.1-8b,fitting,d02118ea2a73,jbb,True,test,system,natural_slot,57,18,42,56,False
llama3.1-8b,fitting,d02118ea2a73,jbb,True,test,user,natural_slot,59,18,53,58,False
llama3.1-8b,fitting,d02118ea2a73,jbb,True,test,tool,natural_slot,79,18,72,78,False
llama3.1-8b,fitting,d02118ea2a73,jbb,True,test,assistant,natural_slot,68,18,62,67,False
llama3.1-8b,fitting,b3cfc3442251,sorry-bench,True,train,system,fixed_slot,58,19,43,57,False
llama3.1-8b,fitting,b3cfc3442251,sorry-bench,True,train,user,fixed_slot,69,19,63,68,True
llama3.1-8b,fitting,b3cfc3442251,sorry-bench,True,train,tool,fixed_slot,71,19,65,70,True
llama3.1-8b,fitting,b3cfc3442251,sorry-bench,True,train,assistant,fixed_slot,69,19,63,68,True
llama3.1-8b,fitting,b3cfc3442251,sorry-bench,True,train,system,natural_slot,58,19,43,57,False
llama3.1-8b,fitting,b3cfc3442251,sorry-bench,True,train,user,natural_slot,60,19,54,59,False
llama3.1-8b,fitting,b3cfc3442251,sorry-bench,True,train,tool,natural_slot,79,19,73,78,False
llama3.1-8b,fitting,b3cfc3442251,sorry-bench,True,train,assistant,natural_slot,69,19,63,68,False
llama3.1-8b,fitting,57f955bb8e58,advbench,True,train,system,fixed_slot,48,9,33,47,False
llama3.1-8b,fitting,57f955bb8e58,advbench,True,train,user,fixed_slot,59,9,53,58,True
llama3.1-8b,fitting,57f955bb8e58,advbench,True,train,tool,fixed_slot,62,9,55,61,True
llama3.1-8b,fitting,57f955bb8e58,advbench,True,train,assistant,fixed_slot,59,9,53,58,True
llama3.1-8b,fitting,57f955bb8e58,advbench,True,train,system,natural_slot,48,9,33,47,False
llama3.1-8b,fitting,57f955bb8e58,advbench,True,train,user,natural_slot,50,9,44,49,False
llama3.1-8b,fitting,57f955bb8e58,advbench,True,train,tool,natural_slot,70,9,63,69,False
llama3.1-8b,fitting,57f955bb8e58,advbench,True,train,assistant,natural_slot,59,9,53,58,False
llama3.1-8b,fitting,bcc1a01ec76f,jbb,True,train,system,fixed_slot,54,15,39,53,False
llama3.1-8b,fitting,bcc1a01ec76f,jbb,True,train,user,fixed_slot,65,15,59,64,True
llama3.1-8b,fitting,bcc1a01ec76f,jbb,True,train,tool,fixed_slot,68,15,61,67,True
llama3.1-8b,fitting,bcc1a01ec76f,jbb,True,train,assistant,fixed_slot,65,15,59,64,True
llama3.1-8b,fitting,bcc1a01ec76f,jbb,True,train,system,natural_slot,54,15,39,53,False
llama3.1-8b,fitting,bcc1a01ec76f,jbb,True,train,user,natural_slot,56,15,50,55,False
llama3.1-8b,fitting,bcc1a01ec76f,jbb,True,train,tool,natural_slot,76,15,69,75,False
llama3.1-8b,fitting,bcc1a01ec76f,jbb,True,train,assistant,natural_slot,65,15,59,64,False
llama3.1-8b,fitting,ce9727c0c05e,sorry-bench,True,train,system,fixed_slot,53,14,38,52,False
llama3.1-8b,fitting,ce9727c0c05e,sorry-bench,True,train,user,fixed_slot,64,14,58,63,True
llama3.1-8b,fitting,ce9727c0c05e,sorry-bench,True,train,tool,fixed_slot,66,14,60,65,True
llama3.1-8b,fitting,ce9727c0c05e,sorry-bench,True,train,assistant,fixed_slot,64,14,58,63,True
llama3.1-8b,fitting,ce9727c0c05e,sorry-bench,True,train,system,natural_slot,53,14,38,52,False
llama3.1-8b,fitting,ce9727c0c05e,sorry-bench,True,train,user,natural_slot,55,14,49,54,False
llama3.1-8b,fitting,ce9727c0c05e,sorry-bench,True,train,tool,natural_slot,74,14,68,73,False
llama3.1-8b,fitting,ce9727c0c05e,sorry-bench,True,train,assistant,natural_slot,64,14,58,63,False
llama3.1-8b,fitting,44bf7cbdcd86,advbench,True,train,system,fixed_slot,53,14,38,52,False
llama3.1-8b,fitting,44bf7cbdcd86,advbench,True,train,user,fixed_slot,64,14,58,63,True
llama3.1-8b,fitting,44bf7cbdcd86,advbench,True,train,tool,fixed_slot,67,14,60,66,True
llama3.1-8b,fitting,44bf7cbdcd86,advbench,True,train,assistant,fixed_slot,64,14,58,63,True
llama3.1-8b,fitting,44bf7cbdcd86,advbench,True,train,system,natural_slot,53,14,38,52,False
llama3.1-8b,fitting,44bf7cbdcd86,advbench,True,train,user,natural_slot,55,14,49,54,False
llama3.1-8b,fitting,44bf7cbdcd86,advbench,True,train,tool,natural_slot,75,14,68,74,False
llama3.1-8b,fitting,44bf7cbdcd86,advbench,True,train,assistant,natural_slot,64,14,58,63,False
llama3.1-8b,fitting,89c14b5d0ce8,jbb,True,train,system,fixed_slot,57,18,42,56,False
llama3.1-8b,fitting,89c14b5d0ce8,jbb,True,train,user,fixed_slot,68,18,62,67,True
llama3.1-8b,fitting,89c14b5d0ce8,jbb,True,train,tool,fixed_slot,71,18,64,70,True
llama3.1-8b,fitting,89c14b5d0ce8,jbb,True,train,assistant,fixed_slot,68,18,62,67,True
llama3.1-8b,fitting,89c14b5d0ce8,jbb,True,train,system,natural_slot,57,18,42,56,False
llama3.1-8b,fitting,89c14b5d0ce8,jbb,True,train,user,natural_slot,59,18,53,58,False
llama3.1-8b,fitting,89c14b5d0ce8,jbb,True,train,tool,natural_slot,79,18,72,78,False
llama3.1-8b,fitting,89c14b5d0ce8,jbb,True,train,assistant,natural_slot,68,18,62,67,False
llama3.1-8b,fitting,e3eb0677aedd,sorry-bench,True,train,system,fixed_slot,106,67,91,105,False
llama3.1-8b,fitting,e3eb0677aedd,sorry-bench,True,train,user,fixed_slot,117,67,111,116,True
llama3.1-8b,fitting,e3eb0677aedd,sorry-bench,True,train,tool,fixed_slot,119,67,113,118,True
llama3.1-8b,fitting,e3eb0677aedd,sorry-bench,True,train,assistant,fixed_slot,117,67,111,116,True
llama3.1-8b,fitting,e3eb0677aedd,sorry-bench,True,train,system,natural_slot,106,67,91,105,False
llama3.1-8b,fitting,e3eb0677aedd,sorry-bench,True,train,user,natural_slot,108,67,102,107,False
llama3.1-8b,fitting,e3eb0677aedd,sorry-bench,True,train,tool,natural_slot,127,67,121,126,False
llama3.1-8b,fitting,e3eb0677aedd,sorry-bench,True,train,assistant,natural_slot,117,67,111,116,False
llama3.1-8b,fitting,c1a34a9afbfd,advbench,True,test,system,fixed_slot,51,12,36,50,False
llama3.1-8b,fitting,c1a34a9afbfd,advbench,True,test,user,fixed_slot,62,12,56,61,True
llama3.1-8b,fitting,c1a34a9afbfd,advbench,True,test,tool,fixed_slot,65,12,58,64,True
llama3.1-8b,fitting,c1a34a9afbfd,advbench,True,test,assistant,fixed_slot,62,12,56,61,True
llama3.1-8b,fitting,c1a34a9afbfd,advbench,True,test,system,natural_slot,51,12,36,50,False
llama3.1-8b,fitting,c1a34a9afbfd,advbench,True,test,user,natural_slot,53,12,47,52,False
llama3.1-8b,fitting,c1a34a9afbfd,advbench,True,test,tool,natural_slot,73,12,66,72,False
llama3.1-8b,fitting,c1a34a9afbfd,advbench,True,test,assistant,natural_slot,62,12,56,61,False
llama3.1-8b,fitting,712f240d752b,jbb,True,train,system,fixed_slot,54,15,39,53,False
llama3.1-8b,fitting,712f240d752b,jbb,True,train,user,fixed_slot,65,15,59,64,True
llama3.1-8b,fitting,712f240d752b,jbb,True,train,tool,fixed_slot,68,15,61,67,True
llama3.1-8b,fitting,712f240d752b,jbb,True,train,assistant,fixed_slot,65,15,59,64,True
llama3.1-8b,fitting,712f240d752b,jbb,True,train,system,natural_slot,54,15,39,53,False
llama3.1-8b,fitting,712f240d752b,jbb,True,train,user,natural_slot,56,15,50,55,False
llama3.1-8b,fitting,712f240d752b,jbb,True,train,tool,natural_slot,76,15,69,75,False
llama3.1-8b,fitting,712f240d752b,jbb,True,train,assistant,natural_slot,65,15,59,64,False
llama3.1-8b,fitting,3a8270b0bd41,sorry-bench,True,train,system,fixed_slot,55,16,40,54,False
llama3.1-8b,fitting,3a8270b0bd41,sorry-bench,True,train,user,fixed_slot,66,16,60,65,True
llama3.1-8b,fitting,3a8270b0bd41,sorry-bench,True,train,tool,fixed_slot,68,16,62,67,True
llama3.1-8b,fitting,3a8270b0bd41,sorry-bench,True,train,assistant,fixed_slot,66,16,60,65,True
llama3.1-8b,fitting,3a8270b0bd41,sorry-bench,True,train,system,natural_slot,55,16,40,54,False
llama3.1-8b,fitting,3a8270b0bd41,sorry-bench,True,train,user,natural_slot,57,16,51,56,False
llama3.1-8b,fitting,3a8270b0bd41,sorry-bench,True,train,tool,natural_slot,76,16,70,75,False
llama3.1-8b,fitting,3a8270b0bd41,sorry-bench,True,train,assistant,natural_slot,66,16,60,65,False
llama3.1-8b,fitting,54f074704a90,advbench,True,train,system,fixed_slot,55,16,40,54,False
llama3.1-8b,fitting,54f074704a90,advbench,True,train,user,fixed_slot,66,16,60,65,True
llama3.1-8b,fitting,54f074704a90,advbench,True,train,tool,fixed_slot,69,16,62,68,True
llama3.1-8b,fitting,54f074704a90,advbench,True,train,assistant,fixed_slot,66,16,60,65,True
llama3.1-8b,fitting,54f074704a90,advbench,True,train,system,natural_slot,55,16,40,54,False
llama3.1-8b,fitting,54f074704a90,advbench,True,train,user,natural_slot,57,16,51,56,False
llama3.1-8b,fitting,54f074704a90,advbench,True,train,tool,natural_slot,77,16,70,76,False
llama3.1-8b,fitting,54f074704a90,advbench,True,train,assistant,natural_slot,66,16,60,65,False
llama3.1-8b,fitting,484ea44df7a7,jbb,True,test,system,fixed_slot,60,21,45,59,False
llama3.1-8b,fitting,484ea44df7a7,jbb,True,test,user,fixed_slot,71,21,65,70,True
llama3.1-8b,fitting,484ea44df7a7,jbb,True,test,tool,fixed_slot,74,21,67,73,True
llama3.1-8b,fitting,484ea44df7a7,jbb,True,test,assistant,fixed_slot,71,21,65,70,True
llama3.1-8b,fitting,484ea44df7a7,jbb,True,test,system,natural_slot,60,21,45,59,False
llama3.1-8b,fitting,484ea44df7a7,jbb,True,test,user,natural_slot,62,21,56,61,False
llama3.1-8b,fitting,484ea44df7a7,jbb,True,test,tool,natural_slot,82,21,75,81,False
llama3.1-8b,fitting,484ea44df7a7,jbb,True,test,assistant,natural_slot,71,21,65,70,False
llama3.1-8b,fitting,751ee0765ae8,sorry-bench,True,train,system,fixed_slot,56,17,41,55,False
llama3.1-8b,fitting,751ee0765ae8,sorry-bench,True,train,user,fixed_slot,67,17,61,66,True
llama3.1-8b,fitting,751ee0765ae8,sorry-bench,True,train,tool,fixed_slot,69,17,63,68,True
llama3.1-8b,fitting,751ee0765ae8,sorry-bench,True,train,assistant,fixed_slot,67,17,61,66,True
llama3.1-8b,fitting,751ee0765ae8,sorry-bench,True,train,system,natural_slot,56,17,41,55,False
llama3.1-8b,fitting,751ee0765ae8,sorry-bench,True,train,user,natural_slot,58,17,52,57,False
llama3.1-8b,fitting,751ee0765ae8,sorry-bench,True,train,tool,natural_slot,77,17,71,76,False
llama3.1-8b,fitting,751ee0765ae8,sorry-bench,True,train,assistant,natural_slot,67,17,61,66,False
llama3.1-8b,fitting,6c757e9d0138,advbench,True,train,system,fixed_slot,58,19,43,57,False
llama3.1-8b,fitting,6c757e9d0138,advbench,True,train,user,fixed_slot,69,19,63,68,True
llama3.1-8b,fitting,6c757e9d0138,advbench,True,train,tool,fixed_slot,72,19,65,71,True
llama3.1-8b,fitting,6c757e9d0138,advbench,True,train,assistant,fixed_slot,69,19,63,68,True
llama3.1-8b,fitting,6c757e9d0138,advbench,True,train,system,natural_slot,58,19,43,57,False
llama3.1-8b,fitting,6c757e9d0138,advbench,True,train,user,natural_slot,60,19,54,59,False
llama3.1-8b,fitting,6c757e9d0138,advbench,True,train,tool,natural_slot,80,19,73,79,False
llama3.1-8b,fitting,6c757e9d0138,advbench,True,train,assistant,natural_slot,69,19,63,68,False
llama3.1-8b,fitting,98a9d0fc2421,jbb,True,train,system,fixed_slot,54,15,39,53,False
llama3.1-8b,fitting,98a9d0fc2421,jbb,True,train,user,fixed_slot,65,15,59,64,True
llama3.1-8b,fitting,98a9d0fc2421,jbb,True,train,tool,fixed_slot,68,15,61,67,True
llama3.1-8b,fitting,98a9d0fc2421,jbb,True,train,assistant,fixed_slot,65,15,59,64,True
llama3.1-8b,fitting,98a9d0fc2421,jbb,True,train,system,natural_slot,54,15,39,53,False
llama3.1-8b,fitting,98a9d0fc2421,jbb,True,train,user,natural_slot,56,15,50,55,False
llama3.1-8b,fitting,98a9d0fc2421,jbb,True,train,tool,natural_slot,76,15,69,75,False
llama3.1-8b,fitting,98a9d0fc2421,jbb,True,train,assistant,natural_slot,65,15,59,64,False
llama3.1-8b,fitting,f4ff569bc744,sorry-bench,True,test,system,fixed_slot,64,25,49,63,False
llama3.1-8b,fitting,f4ff569bc744,sorry-bench,True,test,user,fixed_slot,75,25,69,74,True
llama3.1-8b,fitting,f4ff569bc744,sorry-bench,True,test,tool,fixed_slot,77,25,71,76,True
llama3.1-8b,fitting,f4ff569bc744,sorry-bench,True,test,assistant,fixed_slot,75,25,69,74,True
llama3.1-8b,fitting,f4ff569bc744,sorry-bench,True,test,system,natural_slot,64,25,49,63,False
llama3.1-8b,fitting,f4ff569bc744,sorry-bench,True,test,user,natural_slot,66,25,60,65,False
llama3.1-8b,fitting,f4ff569bc744,sorry-bench,True,test,tool,natural_slot,85,25,79,84,False
llama3.1-8b,fitting,f4ff569bc744,sorry-bench,True,test,assistant,natural_slot,75,25,69,74,False
llama3.1-8b,fitting,38b2fb39b46b,advbench,True,train,system,fixed_slot,52,13,37,51,False
llama3.1-8b,fitting,38b2fb39b46b,advbench,True,train,user,fixed_slot,63,13,57,62,True
llama3.1-8b,fitting,38b2fb39b46b,advbench,True,train,tool,fixed_slot,66,13,59,65,True
llama3.1-8b,fitting,38b2fb39b46b,advbench,True,train,assistant,fixed_slot,63,13,57,62,True
llama3.1-8b,fitting,38b2fb39b46b,advbench,True,train,system,natural_slot,52,13,37,51,False
llama3.1-8b,fitting,38b2fb39b46b,advbench,True,train,user,natural_slot,54,13,48,53,False
llama3.1-8b,fitting,38b2fb39b46b,advbench,True,train,tool,natural_slot,74,13,67,73,False
llama3.1-8b,fitting,38b2fb39b46b,advbench,True,train,assistant,natural_slot,63,13,57,62,False
llama3.1-8b,fitting,05ef1424f5c9,jbb,True,train,system,fixed_slot,54,15,39,53,False
llama3.1-8b,fitting,05ef1424f5c9,jbb,True,train,user,fixed_slot,65,15,59,64,True
llama3.1-8b,fitting,05ef1424f5c9,jbb,True,train,tool,fixed_slot,68,15,61,67,True
llama3.1-8b,fitting,05ef1424f5c9,jbb,True,train,assistant,fixed_slot,65,15,59,64,True
llama3.1-8b,fitting,05ef1424f5c9,jbb,True,train,system,natural_slot,54,15,39,53,False
llama3.1-8b,fitting,05ef1424f5c9,jbb,True,train,user,natural_slot,56,15,50,55,False
llama3.1-8b,fitting,05ef1424f5c9,jbb,True,train,tool,natural_slot,76,15,69,75,False
llama3.1-8b,fitting,05ef1424f5c9,jbb,True,train,assistant,natural_slot,65,15,59,64,False
llama3.1-8b,fitting,91f8bd51a516,sorry-bench,True,train,system,fixed_slot,86,47,71,85,False
llama3.1-8b,fitting,91f8bd51a516,sorry-bench,True,train,user,fixed_slot,97,47,91,96,True
llama3.1-8b,fitting,91f8bd51a516,sorry-bench,True,train,tool,fixed_slot,98,47,92,97,True
llama3.1-8b,fitting,91f8bd51a516,sorry-bench,True,train,assistant,fixed_slot,97,47,91,96,True
llama3.1-8b,fitting,91f8bd51a516,sorry-bench,True,train,system,natural_slot,86,47,71,85,False
llama3.1-8b,fitting,91f8bd51a516,sorry-bench,True,train,user,natural_slot,88,47,82,87,False
llama3.1-8b,fitting,91f8bd51a516,sorry-bench,True,train,tool,natural_slot,106,47,100,105,False
llama3.1-8b,fitting,91f8bd51a516,sorry-bench,True,train,assistant,natural_slot,97,47,91,96,False
llama3.1-8b,fitting,8f58f7973dd9,advbench,True,test,system,fixed_slot,48,9,33,47,False
llama3.1-8b,fitting,8f58f7973dd9,advbench,True,test,user,fixed_slot,59,9,53,58,True
llama3.1-8b,fitting,8f58f7973dd9,advbench,True,test,tool,fixed_slot,61,9,54,60,True
llama3.1-8b,fitting,8f58f7973dd9,advbench,True,test,assistant,fixed_slot,59,9,53,58,True
llama3.1-8b,fitting,8f58f7973dd9,advbench,True,test,system,natural_slot,48,9,33,47,False
llama3.1-8b,fitting,8f58f7973dd9,advbench,True,test,user,natural_slot,50,9,44,49,False
llama3.1-8b,fitting,8f58f7973dd9,advbench,True,test,tool,natural_slot,69,9,62,68,False
llama3.1-8b,fitting,8f58f7973dd9,advbench,True,test,assistant,natural_slot,59,9,53,58,False
llama3.1-8b,fitting,d147de3ea3a7,jbb,True,train,system,fixed_slot,48,9,33,47,False
llama3.1-8b,fitting,d147de3ea3a7,jbb,True,train,user,fixed_slot,59,9,53,58,True
llama3.1-8b,fitting,d147de3ea3a7,jbb,True,train,tool,fixed_slot,62,9,55,61,True
llama3.1-8b,fitting,d147de3ea3a7,jbb,True,train,assistant,fixed_slot,59,9,53,58,True
llama3.1-8b,fitting,d147de3ea3a7,jbb,True,train,system,natural_slot,48,9,33,47,False
llama3.1-8b,fitting,d147de3ea3a7,jbb,True,train,user,natural_slot,50,9,44,49,False
llama3.1-8b,fitting,d147de3ea3a7,jbb,True,train,tool,natural_slot,70,9,63,69,False
llama3.1-8b,fitting,d147de3ea3a7,jbb,True,train,assistant,natural_slot,59,9,53,58,False
llama3.1-8b,fitting,23ba1e2db5d5,sorry-bench,True,train,system,fixed_slot,51,12,36,50,False
llama3.1-8b,fitting,23ba1e2db5d5,sorry-bench,True,train,user,fixed_slot,62,12,56,61,True
llama3.1-8b,fitting,23ba1e2db5d5,sorry-bench,True,train,tool,fixed_slot,64,12,58,63,True
llama3.1-8b,fitting,23ba1e2db5d5,sorry-bench,True,train,assistant,fixed_slot,62,12,56,61,True
llama3.1-8b,fitting,23ba1e2db5d5,sorry-bench,True,train,system,natural_slot,51,12,36,50,False
llama3.1-8b,fitting,23ba1e2db5d5,sorry-bench,True,train,user,natural_slot,53,12,47,52,False
llama3.1-8b,fitting,23ba1e2db5d5,sorry-bench,True,train,tool,natural_slot,72,12,66,71,False
llama3.1-8b,fitting,23ba1e2db5d5,sorry-bench,True,train,assistant,natural_slot,62,12,56,61,False
llama3.1-8b,fitting,91940b572182,advbench,True,train,system,fixed_slot,47,8,32,46,False
llama3.1-8b,fitting,91940b572182,advbench,True,train,user,fixed_slot,58,8,52,57,True
llama3.1-8b,fitting,91940b572182,advbench,True,train,tool,fixed_slot,61,8,54,60,True
llama3.1-8b,fitting,91940b572182,advbench,True,train,assistant,fixed_slot,58,8,52,57,True
llama3.1-8b,fitting,91940b572182,advbench,True,train,system,natural_slot,47,8,32,46,False
llama3.1-8b,fitting,91940b572182,advbench,True,train,user,natural_slot,49,8,43,48,False
llama3.1-8b,fitting,91940b572182,advbench,True,train,tool,natural_slot,69,8,62,68,False
llama3.1-8b,fitting,91940b572182,advbench,True,train,assistant,natural_slot,58,8,52,57,False
llama3.1-8b,fitting,4e9e752935ba,jbb,True,train,system,fixed_slot,50,11,35,49,False
llama3.1-8b,fitting,4e9e752935ba,jbb,True,train,user,fixed_slot,61,11,55,60,True
llama3.1-8b,fitting,4e9e752935ba,jbb,True,train,tool,fixed_slot,64,11,57,63,True
llama3.1-8b,fitting,4e9e752935ba,jbb,True,train,assistant,fixed_slot,61,11,55,60,True
llama3.1-8b,fitting,4e9e752935ba,jbb,True,train,system,natural_slot,50,11,35,49,False
llama3.1-8b,fitting,4e9e752935ba,jbb,True,train,user,natural_slot,52,11,46,51,False
llama3.1-8b,fitting,4e9e752935ba,jbb,True,train,tool,natural_slot,72,11,65,71,False
llama3.1-8b,fitting,4e9e752935ba,jbb,True,train,assistant,natural_slot,61,11,55,60,False
llama3.1-8b,fitting,fe1f50a10d30,sorry-bench,True,train,system,fixed_slot,53,14,38,52,False
llama3.1-8b,fitting,fe1f50a10d30,sorry-bench,True,train,user,fixed_slot,64,14,58,63,True
llama3.1-8b,fitting,fe1f50a10d30,sorry-bench,True,train,tool,fixed_slot,66,14,60,65,True
llama3.1-8b,fitting,fe1f50a10d30,sorry-bench,True,train,assistant,fixed_slot,64,14,58,63,True
llama3.1-8b,fitting,fe1f50a10d30,sorry-bench,True,train,system,natural_slot,53,14,38,52,False
llama3.1-8b,fitting,fe1f50a10d30,sorry-bench,True,train,user,natural_slot,55,14,49,54,False
llama3.1-8b,fitting,fe1f50a10d30,sorry-bench,True,train,tool,natural_slot,74,14,68,73,False
llama3.1-8b,fitting,fe1f50a10d30,sorry-bench,True,train,assistant,natural_slot,64,14,58,63,False
llama3.1-8b,fitting,74dcc43e0319,advbench,True,train,system,fixed_slot,49,10,34,48,False
llama3.1-8b,fitting,74dcc43e0319,advbench,True,train,user,fixed_slot,60,10,54,59,True
llama3.1-8b,fitting,74dcc43e0319,advbench,True,train,tool,fixed_slot,63,10,56,62,True
llama3.1-8b,fitting,74dcc43e0319,advbench,True,train,assistant,fixed_slot,60,10,54,59,True
llama3.1-8b,fitting,74dcc43e0319,advbench,True,train,system,natural_slot,49,10,34,48,False
llama3.1-8b,fitting,74dcc43e0319,advbench,True,train,user,natural_slot,51,10,45,50,False
llama3.1-8b,fitting,74dcc43e0319,advbench,True,train,tool,natural_slot,71,10,64,70,False
llama3.1-8b,fitting,74dcc43e0319,advbench,True,train,assistant,natural_slot,60,10,54,59,False
llama3.1-8b,fitting,0cfbde273fdb,jbb,True,test,system,fixed_slot,55,16,40,54,False
llama3.1-8b,fitting,0cfbde273fdb,jbb,True,test,user,fixed_slot,66,16,60,65,True
llama3.1-8b,fitting,0cfbde273fdb,jbb,True,test,tool,fixed_slot,69,16,62,68,True
llama3.1-8b,fitting,0cfbde273fdb,jbb,True,test,assistant,fixed_slot,66,16,60,65,True
llama3.1-8b,fitting,0cfbde273fdb,jbb,True,test,system,natural_slot,55,16,40,54,False
llama3.1-8b,fitting,0cfbde273fdb,jbb,True,test,user,natural_slot,57,16,51,56,False
llama3.1-8b,fitting,0cfbde273fdb,jbb,True,test,tool,natural_slot,77,16,70,76,False
llama3.1-8b,fitting,0cfbde273fdb,jbb,True,test,assistant,natural_slot,66,16,60,65,False
llama3.1-8b,fitting,faf3b41d336c,sorry-bench,True,train,system,fixed_slot,73,34,58,72,False
llama3.1-8b,fitting,faf3b41d336c,sorry-bench,True,train,user,fixed_slot,84,34,78,83,True
llama3.1-8b,fitting,faf3b41d336c,sorry-bench,True,train,tool,fixed_slot,86,34,80,85,True
llama3.1-8b,fitting,faf3b41d336c,sorry-bench,True,train,assistant,fixed_slot,84,34,78,83,True
llama3.1-8b,fitting,faf3b41d336c,sorry-bench,True,train,system,natural_slot,73,34,58,72,False
llama3.1-8b,fitting,faf3b41d336c,sorry-bench,True,train,user,natural_slot,75,34,69,74,False
llama3.1-8b,fitting,faf3b41d336c,sorry-bench,True,train,tool,natural_slot,94,34,88,93,False
llama3.1-8b,fitting,faf3b41d336c,sorry-bench,True,train,assistant,natural_slot,84,34,78,83,False
llama3.1-8b,fitting,05f22220bc06,advbench,True,train,system,fixed_slot,51,12,36,50,False
llama3.1-8b,fitting,05f22220bc06,advbench,True,train,user,fixed_slot,62,12,56,61,True
llama3.1-8b,fitting,05f22220bc06,advbench,True,train,tool,fixed_slot,65,12,58,64,True
llama3.1-8b,fitting,05f22220bc06,advbench,True,train,assistant,fixed_slot,62,12,56,61,True
llama3.1-8b,fitting,05f22220bc06,advbench,True,train,system,natural_slot,51,12,36,50,False
llama3.1-8b,fitting,05f22220bc06,advbench,True,train,user,natural_slot,53,12,47,52,False
llama3.1-8b,fitting,05f22220bc06,advbench,True,train,tool,natural_slot,73,12,66,72,False
llama3.1-8b,fitting,05f22220bc06,advbench,True,train,assistant,natural_slot,62,12,56,61,False
llama3.1-8b,fitting,8963fd086bad,jbb,True,test,system,fixed_slot,50,11,35,49,False
llama3.1-8b,fitting,8963fd086bad,jbb,True,test,user,fixed_slot,61,11,55,60,True
llama3.1-8b,fitting,8963fd086bad,jbb,True,test,tool,fixed_slot,64,11,57,63,True
llama3.1-8b,fitting,8963fd086bad,jbb,True,test,assistant,fixed_slot,61,11,55,60,True
llama3.1-8b,fitting,8963fd086bad,jbb,True,test,system,natural_slot,50,11,35,49,False
llama3.1-8b,fitting,8963fd086bad,jbb,True,test,user,natural_slot,52,11,46,51,False
llama3.1-8b,fitting,8963fd086bad,jbb,True,test,tool,natural_slot,72,11,65,71,False
llama3.1-8b,fitting,8963fd086bad,jbb,True,test,assistant,natural_slot,61,11,55,60,False
llama3.1-8b,fitting,976a6eff603a,sorry-bench,True,test,system,fixed_slot,51,12,36,50,False
llama3.1-8b,fitting,976a6eff603a,sorry-bench,True,test,user,fixed_slot,62,12,56,61,True
llama3.1-8b,fitting,976a6eff603a,sorry-bench,True,test,tool,fixed_slot,64,12,58,63,True
llama3.1-8b,fitting,976a6eff603a,sorry-bench,True,test,assistant,fixed_slot,62,12,56,61,True
llama3.1-8b,fitting,976a6eff603a,sorry-bench,True,test,system,natural_slot,51,12,36,50,False
llama3.1-8b,fitting,976a6eff603a,sorry-bench,True,test,user,natural_slot,53,12,47,52,False
llama3.1-8b,fitting,976a6eff603a,sorry-bench,True,test,tool,natural_slot,72,12,66,71,False
llama3.1-8b,fitting,976a6eff603a,sorry-bench,True,test,assistant,natural_slot,62,12,56,61,False
llama3.1-8b,fitting,12d95c01bf00,advbench,True,train,system,fixed_slot,50,11,35,49,False
llama3.1-8b,fitting,12d95c01bf00,advbench,True,train,user,fixed_slot,61,11,55,60,True
llama3.1-8b,fitting,12d95c01bf00,advbench,True,train,tool,fixed_slot,64,11,57,63,True
llama3.1-8b,fitting,12d95c01bf00,advbench,True,train,assistant,fixed_slot,61,11,55,60,True
llama3.1-8b,fitting,12d95c01bf00,advbench,True,train,system,natural_slot,50,11,35,49,False
llama3.1-8b,fitting,12d95c01bf00,advbench,True,train,user,natural_slot,52,11,46,51,False
llama3.1-8b,fitting,12d95c01bf00,advbench,True,train,tool,natural_slot,72,11,65,71,False
llama3.1-8b,fitting,12d95c01bf00,advbench,True,train,assistant,natural_slot,61,11,55,60,False
llama3.1-8b,fitting,b812e6f874ba,jbb,True,train,system,fixed_slot,62,23,47,61,False
llama3.1-8b,fitting,b812e6f874ba,jbb,True,train,user,fixed_slot,73,23,67,72,True
llama3.1-8b,fitting,b812e6f874ba,jbb,True,train,tool,fixed_slot,76,23,69,75,True
llama3.1-8b,fitting,b812e6f874ba,jbb,True,train,assistant,fixed_slot,73,23,67,72,True
llama3.1-8b,fitting,b812e6f874ba,jbb,True,train,system,natural_slot,62,23,47,61,False
llama3.1-8b,fitting,b812e6f874ba,jbb,True,train,user,natural_slot,64,23,58,63,False
llama3.1-8b,fitting,b812e6f874ba,jbb,True,train,tool,natural_slot,84,23,77,83,False
llama3.1-8b,fitting,b812e6f874ba,jbb,True,train,assistant,natural_slot,73,23,67,72,False
llama3.1-8b,fitting,0efbdb6381cc,sorry-bench,True,train,system,fixed_slot,69,30,54,68,False
llama3.1-8b,fitting,0efbdb6381cc,sorry-bench,True,train,user,fixed_slot,80,30,74,79,True
llama3.1-8b,fitting,0efbdb6381cc,sorry-bench,True,train,tool,fixed_slot,82,30,76,81,True
llama3.1-8b,fitting,0efbdb6381cc,sorry-bench,True,train,assistant,fixed_slot,80,30,74,79,True
llama3.1-8b,fitting,0efbdb6381cc,sorry-bench,True,train,system,natural_slot,69,30,54,68,False
llama3.1-8b,fitting,0efbdb6381cc,sorry-bench,True,train,user,natural_slot,71,30,65,70,False
llama3.1-8b,fitting,0efbdb6381cc,sorry-bench,True,train,tool,natural_slot,90,30,84,89,False
llama3.1-8b,fitting,0efbdb6381cc,sorry-bench,True,train,assistant,natural_slot,80,30,74,79,False
llama3.1-8b,fitting,8216f5afd681,advbench,True,train,system,fixed_slot,49,10,34,48,False
llama3.1-8b,fitting,8216f5afd681,advbench,True,train,user,fixed_slot,60,10,54,59,True
llama3.1-8b,fitting,8216f5afd681,advbench,True,train,tool,fixed_slot,63,10,56,62,True
llama3.1-8b,fitting,8216f5afd681,advbench,True,train,assistant,fixed_slot,60,10,54,59,True
llama3.1-8b,fitting,8216f5afd681,advbench,True,train,system,natural_slot,49,10,34,48,False
llama3.1-8b,fitting,8216f5afd681,advbench,True,train,user,natural_slot,51,10,45,50,False
llama3.1-8b,fitting,8216f5afd681,advbench,True,train,tool,natural_slot,71,10,64,70,False
llama3.1-8b,fitting,8216f5afd681,advbench,True,train,assistant,natural_slot,60,10,54,59,False
llama3.1-8b,fitting,f1e260620370,jbb,True,train,system,fixed_slot,50,11,35,49,False
llama3.1-8b,fitting,f1e260620370,jbb,True,train,user,fixed_slot,61,11,55,60,True
llama3.1-8b,fitting,f1e260620370,jbb,True,train,tool,fixed_slot,64,11,57,63,True
llama3.1-8b,fitting,f1e260620370,jbb,True,train,assistant,fixed_slot,61,11,55,60,True
llama3.1-8b,fitting,f1e260620370,jbb,True,train,system,natural_slot,50,11,35,49,False
llama3.1-8b,fitting,f1e260620370,jbb,True,train,user,natural_slot,52,11,46,51,False
llama3.1-8b,fitting,f1e260620370,jbb,True,train,tool,natural_slot,72,11,65,71,False
llama3.1-8b,fitting,f1e260620370,jbb,True,train,assistant,natural_slot,61,11,55,60,False
llama3.1-8b,fitting,450d0e2f16d7,sorry-bench,True,test,system,fixed_slot,81,42,66,80,False
llama3.1-8b,fitting,450d0e2f16d7,sorry-bench,True,test,user,fixed_slot,92,42,86,91,True
llama3.1-8b,fitting,450d0e2f16d7,sorry-bench,True,test,tool,fixed_slot,94,42,88,93,True
llama3.1-8b,fitting,450d0e2f16d7,sorry-bench,True,test,assistant,fixed_slot,92,42,86,91,True
llama3.1-8b,fitting,450d0e2f16d7,sorry-bench,True,test,system,natural_slot,81,42,66,80,False
llama3.1-8b,fitting,450d0e2f16d7,sorry-bench,True,test,user,natural_slot,83,42,77,82,False
llama3.1-8b,fitting,450d0e2f16d7,sorry-bench,True,test,tool,natural_slot,102,42,96,101,False
llama3.1-8b,fitting,450d0e2f16d7,sorry-bench,True,test,assistant,natural_slot,92,42,86,91,False
llama3.1-8b,fitting,eaf7c3977210,advbench,True,test,system,fixed_slot,54,15,39,53,False
llama3.1-8b,fitting,eaf7c3977210,advbench,True,test,user,fixed_slot,65,15,59,64,True
llama3.1-8b,fitting,eaf7c3977210,advbench,True,test,tool,fixed_slot,68,15,61,67,True
llama3.1-8b,fitting,eaf7c3977210,advbench,True,test,assistant,fixed_slot,65,15,59,64,True
llama3.1-8b,fitting,eaf7c3977210,advbench,True,test,system,natural_slot,54,15,39,53,False
llama3.1-8b,fitting,eaf7c3977210,advbench,True,test,user,natural_slot,56,15,50,55,False
llama3.1-8b,fitting,eaf7c3977210,advbench,True,test,tool,natural_slot,76,15,69,75,False
llama3.1-8b,fitting,eaf7c3977210,advbench,True,test,assistant,natural_slot,65,15,59,64,False
llama3.1-8b,fitting,f96d115d45f3,jbb,True,train,system,fixed_slot,52,13,37,51,False
llama3.1-8b,fitting,f96d115d45f3,jbb,True,train,user,fixed_slot,63,13,57,62,True
llama3.1-8b,fitting,f96d115d45f3,jbb,True,train,tool,fixed_slot,66,13,59,65,True
llama3.1-8b,fitting,f96d115d45f3,jbb,True,train,assistant,fixed_slot,63,13,57,62,True
llama3.1-8b,fitting,f96d115d45f3,jbb,True,train,system,natural_slot,52,13,37,51,False
llama3.1-8b,fitting,f96d115d45f3,jbb,True,train,user,natural_slot,54,13,48,53,False
llama3.1-8b,fitting,f96d115d45f3,jbb,True,train,tool,natural_slot,74,13,67,73,False
llama3.1-8b,fitting,f96d115d45f3,jbb,True,train,assistant,natural_slot,63,13,57,62,False
llama3.1-8b,fitting,77924cd75c03,sorry-bench,True,train,system,fixed_slot,84,45,69,83,False
llama3.1-8b,fitting,77924cd75c03,sorry-bench,True,train,user,fixed_slot,95,45,89,94,True
llama3.1-8b,fitting,77924cd75c03,sorry-bench,True,train,tool,fixed_slot,97,45,91,96,True
llama3.1-8b,fitting,77924cd75c03,sorry-bench,True,train,assistant,fixed_slot,95,45,89,94,True
llama3.1-8b,fitting,77924cd75c03,sorry-bench,True,train,system,natural_slot,84,45,69,83,False
llama3.1-8b,fitting,77924cd75c03,sorry-bench,True,train,user,natural_slot,86,45,80,85,False
llama3.1-8b,fitting,77924cd75c03,sorry-bench,True,train,tool,natural_slot,105,45,99,104,False
llama3.1-8b,fitting,77924cd75c03,sorry-bench,True,train,assistant,natural_slot,95,45,89,94,False
llama3.1-8b,fitting,421ed532d733,advbench,True,train,system,fixed_slot,52,13,37,51,False
llama3.1-8b,fitting,421ed532d733,advbench,True,train,user,fixed_slot,63,13,57,62,True
llama3.1-8b,fitting,421ed532d733,advbench,True,train,tool,fixed_slot,66,13,59,65,True
llama3.1-8b,fitting,421ed532d733,advbench,True,train,assistant,fixed_slot,63,13,57,62,True
llama3.1-8b,fitting,421ed532d733,advbench,True,train,system,natural_slot,52,13,37,51,False
llama3.1-8b,fitting,421ed532d733,advbench,True,train,user,natural_slot,54,13,48,53,False
llama3.1-8b,fitting,421ed532d733,advbench,True,train,tool,natural_slot,74,13,67,73,False
llama3.1-8b,fitting,421ed532d733,advbench,True,train,assistant,natural_slot,63,13,57,62,False
llama3.1-8b,fitting,4a2f7ea3c6bc,jbb,True,train,system,fixed_slot,54,15,39,53,False
llama3.1-8b,fitting,4a2f7ea3c6bc,jbb,True,train,user,fixed_slot,65,15,59,64,True
llama3.1-8b,fitting,4a2f7ea3c6bc,jbb,True,train,tool,fixed_slot,68,15,61,67,True
llama3.1-8b,fitting,4a2f7ea3c6bc,jbb,True,train,assistant,fixed_slot,65,15,59,64,True
llama3.1-8b,fitting,4a2f7ea3c6bc,jbb,True,train,system,natural_slot,54,15,39,53,False
llama3.1-8b,fitting,4a2f7ea3c6bc,jbb,True,train,user,natural_slot,56,15,50,55,False
llama3.1-8b,fitting,4a2f7ea3c6bc,jbb,True,train,tool,natural_slot,76,15,69,75,False
llama3.1-8b,fitting,4a2f7ea3c6bc,jbb,True,train,assistant,natural_slot,65,15,59,64,False
llama3.1-8b,fitting,191476e5b234,sorry-bench,True,train,system,fixed_slot,49,10,34,48,False
llama3.1-8b,fitting,191476e5b234,sorry-bench,True,train,user,fixed_slot,60,10,54,59,True
llama3.1-8b,fitting,191476e5b234,sorry-bench,True,train,tool,fixed_slot,62,10,56,61,True
llama3.1-8b,fitting,191476e5b234,sorry-bench,True,train,assistant,fixed_slot,60,10,54,59,True
llama3.1-8b,fitting,191476e5b234,sorry-bench,True,train,system,natural_slot,49,10,34,48,False
llama3.1-8b,fitting,191476e5b234,sorry-bench,True,train,user,natural_slot,51,10,45,50,False
llama3.1-8b,fitting,191476e5b234,sorry-bench,True,train,tool,natural_slot,70,10,64,69,False
llama3.1-8b,fitting,191476e5b234,sorry-bench,True,train,assistant,natural_slot,60,10,54,59,False
llama3.1-8b,fitting,d5393b933872,advbench,True,train,system,fixed_slot,56,17,41,55,False
llama3.1-8b,fitting,d5393b933872,advbench,True,train,user,fixed_slot,67,17,61,66,True
llama3.1-8b,fitting,d5393b933872,advbench,True,train,tool,fixed_slot,70,17,63,69,True
llama3.1-8b,fitting,d5393b933872,advbench,True,train,assistant,fixed_slot,67,17,61,66,True
llama3.1-8b,fitting,d5393b933872,advbench,True,train,system,natural_slot,56,17,41,55,False
llama3.1-8b,fitting,d5393b933872,advbench,True,train,user,natural_slot,58,17,52,57,False
llama3.1-8b,fitting,d5393b933872,advbench,True,train,tool,natural_slot,78,17,71,77,False
llama3.1-8b,fitting,d5393b933872,advbench,True,train,assistant,natural_slot,67,17,61,66,False
llama3.1-8b,fitting,2bf03afa1a5d,jbb,True,train,system,fixed_slot,49,10,34,48,False
llama3.1-8b,fitting,2bf03afa1a5d,jbb,True,train,user,fixed_slot,60,10,54,59,True
llama3.1-8b,fitting,2bf03afa1a5d,jbb,True,train,tool,fixed_slot,63,10,56,62,True
llama3.1-8b,fitting,2bf03afa1a5d,jbb,True,train,assistant,fixed_slot,60,10,54,59,True
llama3.1-8b,fitting,2bf03afa1a5d,jbb,True,train,system,natural_slot,49,10,34,48,False
llama3.1-8b,fitting,2bf03afa1a5d,jbb,True,train,user,natural_slot,51,10,45,50,False
llama3.1-8b,fitting,2bf03afa1a5d,jbb,True,train,tool,natural_slot,71,10,64,70,False
llama3.1-8b,fitting,2bf03afa1a5d,jbb,True,train,assistant,natural_slot,60,10,54,59,False
llama3.1-8b,fitting,d61a408b47b3,sorry-bench,True,train,system,fixed_slot,49,10,34,48,False
llama3.1-8b,fitting,d61a408b47b3,sorry-bench,True,train,user,fixed_slot,60,10,54,59,True
llama3.1-8b,fitting,d61a408b47b3,sorry-bench,True,train,tool,fixed_slot,62,10,56,61,True
llama3.1-8b,fitting,d61a408b47b3,sorry-bench,True,train,assistant,fixed_slot,60,10,54,59,True
llama3.1-8b,fitting,d61a408b47b3,sorry-bench,True,train,system,natural_slot,49,10,34,48,False
llama3.1-8b,fitting,d61a408b47b3,sorry-bench,True,train,user,natural_slot,51,10,45,50,False
llama3.1-8b,fitting,d61a408b47b3,sorry-bench,True,train,tool,natural_slot,70,10,64,69,False
llama3.1-8b,fitting,d61a408b47b3,sorry-bench,True,train,assistant,natural_slot,60,10,54,59,False
llama3.1-8b,fitting,913e08641f82,advbench,True,train,system,fixed_slot,52,13,37,51,False
llama3.1-8b,fitting,913e08641f82,advbench,True,train,user,fixed_slot,63,13,57,62,True
llama3.1-8b,fitting,913e08641f82,advbench,True,train,tool,fixed_slot,66,13,59,65,True
llama3.1-8b,fitting,913e08641f82,advbench,True,train,assistant,fixed_slot,63,13,57,62,True
llama3.1-8b,fitting,913e08641f82,advbench,True,train,system,natural_slot,52,13,37,51,False
llama3.1-8b,fitting,913e08641f82,advbench,True,train,user,natural_slot,54,13,48,53,False
llama3.1-8b,fitting,913e08641f82,advbench,True,train,tool,natural_slot,74,13,67,73,False
llama3.1-8b,fitting,913e08641f82,advbench,True,train,assistant,natural_slot,63,13,57,62,False
llama3.1-8b,fitting,d3bb7f952e27,jbb,True,train,system,fixed_slot,59,20,44,58,False
llama3.1-8b,fitting,d3bb7f952e27,jbb,True,train,user,fixed_slot,70,20,64,69,True
llama3.1-8b,fitting,d3bb7f952e27,jbb,True,train,tool,fixed_slot,73,20,66,72,True
llama3.1-8b,fitting,d3bb7f952e27,jbb,True,train,assistant,fixed_slot,70,20,64,69,True
llama3.1-8b,fitting,d3bb7f952e27,jbb,True,train,system,natural_slot,59,20,44,58,False
llama3.1-8b,fitting,d3bb7f952e27,jbb,True,train,user,natural_slot,61,20,55,60,False
llama3.1-8b,fitting,d3bb7f952e27,jbb,True,train,tool,natural_slot,81,20,74,80,False
llama3.1-8b,fitting,d3bb7f952e27,jbb,True,train,assistant,natural_slot,70,20,64,69,False
llama3.1-8b,fitting,be2f571d9e0e,sorry-bench,True,train,system,fixed_slot,73,34,58,72,False
llama3.1-8b,fitting,be2f571d9e0e,sorry-bench,True,train,user,fixed_slot,84,34,78,83,True
llama3.1-8b,fitting,be2f571d9e0e,sorry-bench,True,train,tool,fixed_slot,86,34,80,85,True
llama3.1-8b,fitting,be2f571d9e0e,sorry-bench,True,train,assistant,fixed_slot,84,34,78,83,True
llama3.1-8b,fitting,be2f571d9e0e,sorry-bench,True,train,system,natural_slot,73,34,58,72,False
llama3.1-8b,fitting,be2f571d9e0e,sorry-bench,True,train,user,natural_slot,75,34,69,74,False
llama3.1-8b,fitting,be2f571d9e0e,sorry-bench,True,train,tool,natural_slot,94,34,88,93,False
llama3.1-8b,fitting,be2f571d9e0e,sorry-bench,True,train,assistant,natural_slot,84,34,78,83,False
llama3.1-8b,fitting,c1fe6a7120c1,advbench,True,train,system,fixed_slot,55,16,40,54,False
llama3.1-8b,fitting,c1fe6a7120c1,advbench,True,train,user,fixed_slot,66,16,60,65,True
llama3.1-8b,fitting,c1fe6a7120c1,advbench,True,train,tool,fixed_slot,69,16,62,68,True
llama3.1-8b,fitting,c1fe6a7120c1,advbench,True,train,assistant,fixed_slot,66,16,60,65,True
llama3.1-8b,fitting,c1fe6a7120c1,advbench,True,train,system,natural_slot,55,16,40,54,False
llama3.1-8b,fitting,c1fe6a7120c1,advbench,True,train,user,natural_slot,57,16,51,56,False
llama3.1-8b,fitting,c1fe6a7120c1,advbench,True,train,tool,natural_slot,77,16,70,76,False
llama3.1-8b,fitting,c1fe6a7120c1,advbench,True,train,assistant,natural_slot,66,16,60,65,False
llama3.1-8b,fitting,7d28eb52f637,jbb,True,train,system,fixed_slot,69,30,54,68,False
llama3.1-8b,fitting,7d28eb52f637,jbb,True,train,user,fixed_slot,80,30,74,79,True
llama3.1-8b,fitting,7d28eb52f637,jbb,True,train,tool,fixed_slot,83,30,76,82,True
llama3.1-8b,fitting,7d28eb52f637,jbb,True,train,assistant,fixed_slot,80,30,74,79,True
llama3.1-8b,fitting,7d28eb52f637,jbb,True,train,system,natural_slot,69,30,54,68,False
llama3.1-8b,fitting,7d28eb52f637,jbb,True,train,user,natural_slot,71,30,65,70,False
llama3.1-8b,fitting,7d28eb52f637,jbb,True,train,tool,natural_slot,91,30,84,90,False
llama3.1-8b,fitting,7d28eb52f637,jbb,True,train,assistant,natural_slot,80,30,74,79,False
llama3.1-8b,fitting,093e5cf540f8,sorry-bench,True,test,system,fixed_slot,66,27,51,65,False
llama3.1-8b,fitting,093e5cf540f8,sorry-bench,True,test,user,fixed_slot,77,27,71,76,True
llama3.1-8b,fitting,093e5cf540f8,sorry-bench,True,test,tool,fixed_slot,79,27,73,78,True
llama3.1-8b,fitting,093e5cf540f8,sorry-bench,True,test,assistant,fixed_slot,77,27,71,76,True
llama3.1-8b,fitting,093e5cf540f8,sorry-bench,True,test,system,natural_slot,66,27,51,65,False
llama3.1-8b,fitting,093e5cf540f8,sorry-bench,True,test,user,natural_slot,68,27,62,67,False
llama3.1-8b,fitting,093e5cf540f8,sorry-bench,True,test,tool,natural_slot,87,27,81,86,False
llama3.1-8b,fitting,093e5cf540f8,sorry-bench,True,test,assistant,natural_slot,77,27,71,76,False
llama3.1-8b,fitting,0109611a6845,advbench,True,train,system,fixed_slot,50,11,35,49,False
llama3.1-8b,fitting,0109611a6845,advbench,True,train,user,fixed_slot,61,11,55,60,True
llama3.1-8b,fitting,0109611a6845,advbench,True,train,tool,fixed_slot,64,11,57,63,True
llama3.1-8b,fitting,0109611a6845,advbench,True,train,assistant,fixed_slot,61,11,55,60,True
llama3.1-8b,fitting,0109611a6845,advbench,True,train,system,natural_slot,50,11,35,49,False
llama3.1-8b,fitting,0109611a6845,advbench,True,train,user,natural_slot,52,11,46,51,False
llama3.1-8b,fitting,0109611a6845,advbench,True,train,tool,natural_slot,72,11,65,71,False
llama3.1-8b,fitting,0109611a6845,advbench,True,train,assistant,natural_slot,61,11,55,60,False
llama3.1-8b,fitting,711b5ce2f890,jbb,True,train,system,fixed_slot,64,25,49,63,False
llama3.1-8b,fitting,711b5ce2f890,jbb,True,train,user,fixed_slot,75,25,69,74,True
llama3.1-8b,fitting,711b5ce2f890,jbb,True,train,tool,fixed_slot,78,25,71,77,True
llama3.1-8b,fitting,711b5ce2f890,jbb,True,train,assistant,fixed_slot,75,25,69,74,True
llama3.1-8b,fitting,711b5ce2f890,jbb,True,train,system,natural_slot,64,25,49,63,False
llama3.1-8b,fitting,711b5ce2f890,jbb,True,train,user,natural_slot,66,25,60,65,False
llama3.1-8b,fitting,711b5ce2f890,jbb,True,train,tool,natural_slot,86,25,79,85,False
llama3.1-8b,fitting,711b5ce2f890,jbb,True,train,assistant,natural_slot,75,25,69,74,False
llama3.1-8b,fitting,cf8bdf5df9e1,sorry-bench,True,train,system,fixed_slot,49,10,34,48,False
llama3.1-8b,fitting,cf8bdf5df9e1,sorry-bench,True,train,user,fixed_slot,60,10,54,59,True
llama3.1-8b,fitting,cf8bdf5df9e1,sorry-bench,True,train,tool,fixed_slot,62,10,56,61,True
llama3.1-8b,fitting,cf8bdf5df9e1,sorry-bench,True,train,assistant,fixed_slot,60,10,54,59,True
llama3.1-8b,fitting,cf8bdf5df9e1,sorry-bench,True,train,system,natural_slot,49,10,34,48,False
llama3.1-8b,fitting,cf8bdf5df9e1,sorry-bench,True,train,user,natural_slot,51,10,45,50,False
llama3.1-8b,fitting,cf8bdf5df9e1,sorry-bench,True,train,tool,natural_slot,70,10,64,69,False
llama3.1-8b,fitting,cf8bdf5df9e1,sorry-bench,True,train,assistant,natural_slot,60,10,54,59,False
llama3.1-8b,fitting,dc4f21b430b6,advbench,True,train,system,fixed_slot,48,9,33,47,False
llama3.1-8b,fitting,dc4f21b430b6,advbench,True,train,user,fixed_slot,59,9,53,58,True
llama3.1-8b,fitting,dc4f21b430b6,advbench,True,train,tool,fixed_slot,62,9,55,61,True
llama3.1-8b,fitting,dc4f21b430b6,advbench,True,train,assistant,fixed_slot,59,9,53,58,True
llama3.1-8b,fitting,dc4f21b430b6,advbench,True,train,system,natural_slot,48,9,33,47,False
llama3.1-8b,fitting,dc4f21b430b6,advbench,True,train,user,natural_slot,50,9,44,49,False
llama3.1-8b,fitting,dc4f21b430b6,advbench,True,train,tool,natural_slot,70,9,63,69,False
llama3.1-8b,fitting,dc4f21b430b6,advbench,True,train,assistant,natural_slot,59,9,53,58,False
llama3.1-8b,fitting,d66a8a582ce0,jbb,True,train,system,fixed_slot,52,13,37,51,False
llama3.1-8b,fitting,d66a8a582ce0,jbb,True,train,user,fixed_slot,63,13,57,62,True
llama3.1-8b,fitting,d66a8a582ce0,jbb,True,train,tool,fixed_slot,66,13,59,65,True
llama3.1-8b,fitting,d66a8a582ce0,jbb,True,train,assistant,fixed_slot,63,13,57,62,True
llama3.1-8b,fitting,d66a8a582ce0,jbb,True,train,system,natural_slot,52,13,37,51,False
llama3.1-8b,fitting,d66a8a582ce0,jbb,True,train,user,natural_slot,54,13,48,53,False
llama3.1-8b,fitting,d66a8a582ce0,jbb,True,train,tool,natural_slot,74,13,67,73,False
llama3.1-8b,fitting,d66a8a582ce0,jbb,True,train,assistant,natural_slot,63,13,57,62,False
llama3.1-8b,fitting,783002f81bf5,sorry-bench,True,train,system,fixed_slot,58,19,43,57,False
llama3.1-8b,fitting,783002f81bf5,sorry-bench,True,train,user,fixed_slot,69,19,63,68,True
llama3.1-8b,fitting,783002f81bf5,sorry-bench,True,train,tool,fixed_slot,71,19,65,70,True
llama3.1-8b,fitting,783002f81bf5,sorry-bench,True,train,assistant,fixed_slot,69,19,63,68,True
llama3.1-8b,fitting,783002f81bf5,sorry-bench,True,train,system,natural_slot,58,19,43,57,False
llama3.1-8b,fitting,783002f81bf5,sorry-bench,True,train,user,natural_slot,60,19,54,59,False
llama3.1-8b,fitting,783002f81bf5,sorry-bench,True,train,tool,natural_slot,79,19,73,78,False
llama3.1-8b,fitting,783002f81bf5,sorry-bench,True,train,assistant,natural_slot,69,19,63,68,False
llama3.1-8b,fitting,dba92a2a5b38,advbench,True,test,system,fixed_slot,54,15,39,53,False
llama3.1-8b,fitting,dba92a2a5b38,advbench,True,test,user,fixed_slot,65,15,59,64,True
llama3.1-8b,fitting,dba92a2a5b38,advbench,True,test,tool,fixed_slot,68,15,61,67,True
llama3.1-8b,fitting,dba92a2a5b38,advbench,True,test,assistant,fixed_slot,65,15,59,64,True
llama3.1-8b,fitting,dba92a2a5b38,advbench,True,test,system,natural_slot,54,15,39,53,False
llama3.1-8b,fitting,dba92a2a5b38,advbench,True,test,user,natural_slot,56,15,50,55,False
llama3.1-8b,fitting,dba92a2a5b38,advbench,True,test,tool,natural_slot,76,15,69,75,False
llama3.1-8b,fitting,dba92a2a5b38,advbench,True,test,assistant,natural_slot,65,15,59,64,False
llama3.1-8b,fitting,cb9888f1cdd2,jbb,True,train,system,fixed_slot,55,16,40,54,False
llama3.1-8b,fitting,cb9888f1cdd2,jbb,True,train,user,fixed_slot,66,16,60,65,True
llama3.1-8b,fitting,cb9888f1cdd2,jbb,True,train,tool,fixed_slot,69,16,62,68,True
llama3.1-8b,fitting,cb9888f1cdd2,jbb,True,train,assistant,fixed_slot,66,16,60,65,True
llama3.1-8b,fitting,cb9888f1cdd2,jbb,True,train,system,natural_slot,55,16,40,54,False
llama3.1-8b,fitting,cb9888f1cdd2,jbb,True,train,user,natural_slot,57,16,51,56,False
llama3.1-8b,fitting,cb9888f1cdd2,jbb,True,train,tool,natural_slot,77,16,70,76,False
llama3.1-8b,fitting,cb9888f1cdd2,jbb,True,train,assistant,natural_slot,66,16,60,65,False
llama3.1-8b,fitting,c550b6122621,sorry-bench,True,test,system,fixed_slot,60,21,45,59,False
llama3.1-8b,fitting,c550b6122621,sorry-bench,True,test,user,fixed_slot,71,21,65,70,True
llama3.1-8b,fitting,c550b6122621,sorry-bench,True,test,tool,fixed_slot,73,21,67,72,True
llama3.1-8b,fitting,c550b6122621,sorry-bench,True,test,assistant,fixed_slot,71,21,65,70,True
llama3.1-8b,fitting,c550b6122621,sorry-bench,True,test,system,natural_slot,60,21,45,59,False
llama3.1-8b,fitting,c550b6122621,sorry-bench,True,test,user,natural_slot,62,21,56,61,False
llama3.1-8b,fitting,c550b6122621,sorry-bench,True,test,tool,natural_slot,81,21,75,80,False
llama3.1-8b,fitting,c550b6122621,sorry-bench,True,test,assistant,natural_slot,71,21,65,70,False
llama3.1-8b,fitting,f53736e9eb6f,advbench,True,train,system,fixed_slot,52,13,37,51,False
llama3.1-8b,fitting,f53736e9eb6f,advbench,True,train,user,fixed_slot,63,13,57,62,True
llama3.1-8b,fitting,f53736e9eb6f,advbench,True,train,tool,fixed_slot,66,13,59,65,True
llama3.1-8b,fitting,f53736e9eb6f,advbench,True,train,assistant,fixed_slot,63,13,57,62,True
llama3.1-8b,fitting,f53736e9eb6f,advbench,True,train,system,natural_slot,52,13,37,51,False
llama3.1-8b,fitting,f53736e9eb6f,advbench,True,train,user,natural_slot,54,13,48,53,False
llama3.1-8b,fitting,f53736e9eb6f,advbench,True,train,tool,natural_slot,74,13,67,73,False
llama3.1-8b,fitting,f53736e9eb6f,advbench,True,train,assistant,natural_slot,63,13,57,62,False
llama3.1-8b,fitting,79d2217d5c8a,jbb,True,train,system,fixed_slot,51,12,36,50,False
llama3.1-8b,fitting,79d2217d5c8a,jbb,True,train,user,fixed_slot,62,12,56,61,True
llama3.1-8b,fitting,79d2217d5c8a,jbb,True,train,tool,fixed_slot,65,12,58,64,True
llama3.1-8b,fitting,79d2217d5c8a,jbb,True,train,assistant,fixed_slot,62,12,56,61,True
llama3.1-8b,fitting,79d2217d5c8a,jbb,True,train,system,natural_slot,51,12,36,50,False
llama3.1-8b,fitting,79d2217d5c8a,jbb,True,train,user,natural_slot,53,12,47,52,False
llama3.1-8b,fitting,79d2217d5c8a,jbb,True,train,tool,natural_slot,73,12,66,72,False
llama3.1-8b,fitting,79d2217d5c8a,jbb,True,train,assistant,natural_slot,62,12,56,61,False
llama3.1-8b,fitting,3dfdc37ac978,sorry-bench,True,test,system,fixed_slot,63,24,48,62,False
llama3.1-8b,fitting,3dfdc37ac978,sorry-bench,True,test,user,fixed_slot,74,24,68,73,True
llama3.1-8b,fitting,3dfdc37ac978,sorry-bench,True,test,tool,fixed_slot,75,24,69,74,True
llama3.1-8b,fitting,3dfdc37ac978,sorry-bench,True,test,assistant,fixed_slot,74,24,68,73,True
llama3.1-8b,fitting,3dfdc37ac978,sorry-bench,True,test,system,natural_slot,63,24,48,62,False
llama3.1-8b,fitting,3dfdc37ac978,sorry-bench,True,test,user,natural_slot,65,24,59,64,False
llama3.1-8b,fitting,3dfdc37ac978,sorry-bench,True,test,tool,natural_slot,83,24,77,82,False
llama3.1-8b,fitting,3dfdc37ac978,sorry-bench,True,test,assistant,natural_slot,74,24,68,73,False
llama3.1-8b,fitting,938438ec2827,advbench,True,train,system,fixed_slot,46,7,31,45,False
llama3.1-8b,fitting,938438ec2827,advbench,True,train,user,fixed_slot,57,7,51,56,True
llama3.1-8b,fitting,938438ec2827,advbench,True,train,tool,fixed_slot,60,7,53,59,True
llama3.1-8b,fitting,938438ec2827,advbench,True,train,assistant,fixed_slot,57,7,51,56,True
llama3.1-8b,fitting,938438ec2827,advbench,True,train,system,natural_slot,46,7,31,45,False
llama3.1-8b,fitting,938438ec2827,advbench,True,train,user,natural_slot,48,7,42,47,False
llama3.1-8b,fitting,938438ec2827,advbench,True,train,tool,natural_slot,68,7,61,67,False
llama3.1-8b,fitting,938438ec2827,advbench,True,train,assistant,natural_slot,57,7,51,56,False
llama3.1-8b,fitting,e8cbb6d6aa18,jbb,True,train,system,fixed_slot,56,17,41,55,False
llama3.1-8b,fitting,e8cbb6d6aa18,jbb,True,train,user,fixed_slot,67,17,61,66,True
llama3.1-8b,fitting,e8cbb6d6aa18,jbb,True,train,tool,fixed_slot,70,17,63,69,True
llama3.1-8b,fitting,e8cbb6d6aa18,jbb,True,train,assistant,fixed_slot,67,17,61,66,True
llama3.1-8b,fitting,e8cbb6d6aa18,jbb,True,train,system,natural_slot,56,17,41,55,False
llama3.1-8b,fitting,e8cbb6d6aa18,jbb,True,train,user,natural_slot,58,17,52,57,False
llama3.1-8b,fitting,e8cbb6d6aa18,jbb,True,train,tool,natural_slot,78,17,71,77,False
llama3.1-8b,fitting,e8cbb6d6aa18,jbb,True,train,assistant,natural_slot,67,17,61,66,False
llama3.1-8b,fitting,fa16b4361175,sorry-bench,True,train,system,fixed_slot,55,16,40,54,False
llama3.1-8b,fitting,fa16b4361175,sorry-bench,True,train,user,fixed_slot,66,16,60,65,True
llama3.1-8b,fitting,fa16b4361175,sorry-bench,True,train,tool,fixed_slot,68,16,62,67,True
llama3.1-8b,fitting,fa16b4361175,sorry-bench,True,train,assistant,fixed_slot,66,16,60,65,True
llama3.1-8b,fitting,fa16b4361175,sorry-bench,True,train,system,natural_slot,55,16,40,54,False
llama3.1-8b,fitting,fa16b4361175,sorry-bench,True,train,user,natural_slot,57,16,51,56,False
llama3.1-8b,fitting,fa16b4361175,sorry-bench,True,train,tool,natural_slot,76,16,70,75,False
llama3.1-8b,fitting,fa16b4361175,sorry-bench,True,train,assistant,natural_slot,66,16,60,65,False
llama3.1-8b,fitting,72fdbf89d0c9,advbench,True,train,system,fixed_slot,49,10,34,48,False
llama3.1-8b,fitting,72fdbf89d0c9,advbench,True,train,user,fixed_slot,60,10,54,59,True
llama3.1-8b,fitting,72fdbf89d0c9,advbench,True,train,tool,fixed_slot,63,10,56,62,True
llama3.1-8b,fitting,72fdbf89d0c9,advbench,True,train,assistant,fixed_slot,60,10,54,59,True
llama3.1-8b,fitting,72fdbf89d0c9,advbench,True,train,system,natural_slot,49,10,34,48,False
llama3.1-8b,fitting,72fdbf89d0c9,advbench,True,train,user,natural_slot,51,10,45,50,False
llama3.1-8b,fitting,72fdbf89d0c9,advbench,True,train,tool,natural_slot,71,10,64,70,False
llama3.1-8b,fitting,72fdbf89d0c9,advbench,True,train,assistant,natural_slot,60,10,54,59,False
llama3.1-8b,fitting,2d8ae23d8ede,jbb,True,train,system,fixed_slot,49,10,34,48,False
llama3.1-8b,fitting,2d8ae23d8ede,jbb,True,train,user,fixed_slot,60,10,54,59,True
llama3.1-8b,fitting,2d8ae23d8ede,jbb,True,train,tool,fixed_slot,63,10,56,62,True
llama3.1-8b,fitting,2d8ae23d8ede,jbb,True,train,assistant,fixed_slot,60,10,54,59,True
llama3.1-8b,fitting,2d8ae23d8ede,jbb,True,train,system,natural_slot,49,10,34,48,False
llama3.1-8b,fitting,2d8ae23d8ede,jbb,True,train,user,natural_slot,51,10,45,50,False
llama3.1-8b,fitting,2d8ae23d8ede,jbb,True,train,tool,natural_slot,71,10,64,70,False
llama3.1-8b,fitting,2d8ae23d8ede,jbb,True,train,assistant,natural_slot,60,10,54,59,False
llama3.1-8b,fitting,ad1be43394a7,sorry-bench,True,train,system,fixed_slot,59,20,44,58,False
llama3.1-8b,fitting,ad1be43394a7,sorry-bench,True,train,user,fixed_slot,70,20,64,69,True
llama3.1-8b,fitting,ad1be43394a7,sorry-bench,True,train,tool,fixed_slot,72,20,66,71,True
llama3.1-8b,fitting,ad1be43394a7,sorry-bench,True,train,assistant,fixed_slot,70,20,64,69,True
llama3.1-8b,fitting,ad1be43394a7,sorry-bench,True,train,system,natural_slot,59,20,44,58,False
llama3.1-8b,fitting,ad1be43394a7,sorry-bench,True,train,user,natural_slot,61,20,55,60,False
llama3.1-8b,fitting,ad1be43394a7,sorry-bench,True,train,tool,natural_slot,80,20,74,79,False
llama3.1-8b,fitting,ad1be43394a7,sorry-bench,True,train,assistant,natural_slot,70,20,64,69,False
llama3.1-8b,fitting,8edcd4bfa459,advbench,True,train,system,fixed_slot,55,16,40,54,False
llama3.1-8b,fitting,8edcd4bfa459,advbench,True,train,user,fixed_slot,66,16,60,65,True
llama3.1-8b,fitting,8edcd4bfa459,advbench,True,train,tool,fixed_slot,69,16,62,68,True
llama3.1-8b,fitting,8edcd4bfa459,advbench,True,train,assistant,fixed_slot,66,16,60,65,True
llama3.1-8b,fitting,8edcd4bfa459,advbench,True,train,system,natural_slot,55,16,40,54,False
llama3.1-8b,fitting,8edcd4bfa459,advbench,True,train,user,natural_slot,57,16,51,56,False
llama3.1-8b,fitting,8edcd4bfa459,advbench,True,train,tool,natural_slot,77,16,70,76,False
llama3.1-8b,fitting,8edcd4bfa459,advbench,True,train,assistant,natural_slot,66,16,60,65,False
llama3.1-8b,fitting,673d2bdfdec7,jbb,True,train,system,fixed_slot,51,12,36,50,False
llama3.1-8b,fitting,673d2bdfdec7,jbb,True,train,user,fixed_slot,62,12,56,61,True
llama3.1-8b,fitting,673d2bdfdec7,jbb,True,train,tool,fixed_slot,65,12,58,64,True
llama3.1-8b,fitting,673d2bdfdec7,jbb,True,train,assistant,fixed_slot,62,12,56,61,True
llama3.1-8b,fitting,673d2bdfdec7,jbb,True,train,system,natural_slot,51,12,36,50,False
llama3.1-8b,fitting,673d2bdfdec7,jbb,True,train,user,natural_slot,53,12,47,52,False
llama3.1-8b,fitting,673d2bdfdec7,jbb,True,train,tool,natural_slot,73,12,66,72,False
llama3.1-8b,fitting,673d2bdfdec7,jbb,True,train,assistant,natural_slot,62,12,56,61,False
llama3.1-8b,fitting,b5eed6f2fba8,sorry-bench,True,train,system,fixed_slot,54,15,39,53,False
llama3.1-8b,fitting,b5eed6f2fba8,sorry-bench,True,train,user,fixed_slot,65,15,59,64,True
llama3.1-8b,fitting,b5eed6f2fba8,sorry-bench,True,train,tool,fixed_slot,67,15,61,66,True
llama3.1-8b,fitting,b5eed6f2fba8,sorry-bench,True,train,assistant,fixed_slot,65,15,59,64,True
llama3.1-8b,fitting,b5eed6f2fba8,sorry-bench,True,train,system,natural_slot,54,15,39,53,False
llama3.1-8b,fitting,b5eed6f2fba8,sorry-bench,True,train,user,natural_slot,56,15,50,55,False
llama3.1-8b,fitting,b5eed6f2fba8,sorry-bench,True,train,tool,natural_slot,75,15,69,74,False
llama3.1-8b,fitting,b5eed6f2fba8,sorry-bench,True,train,assistant,natural_slot,65,15,59,64,False
llama3.1-8b,fitting,54a74b00f02f,advbench,True,train,system,fixed_slot,52,13,37,51,False
llama3.1-8b,fitting,54a74b00f02f,advbench,True,train,user,fixed_slot,63,13,57,62,True
llama3.1-8b,fitting,54a74b00f02f,advbench,True,train,tool,fixed_slot,66,13,59,65,True
llama3.1-8b,fitting,54a74b00f02f,advbench,True,train,assistant,fixed_slot,63,13,57,62,True
llama3.1-8b,fitting,54a74b00f02f,advbench,True,train,system,natural_slot,52,13,37,51,False
llama3.1-8b,fitting,54a74b00f02f,advbench,True,train,user,natural_slot,54,13,48,53,False
llama3.1-8b,fitting,54a74b00f02f,advbench,True,train,tool,natural_slot,74,13,67,73,False
llama3.1-8b,fitting,54a74b00f02f,advbench,True,train,assistant,natural_slot,63,13,57,62,False
llama3.1-8b,fitting,72f94b91f18b,jbb,True,test,system,fixed_slot,55,16,40,54,False
llama3.1-8b,fitting,72f94b91f18b,jbb,True,test,user,fixed_slot,66,16,60,65,True
llama3.1-8b,fitting,72f94b91f18b,jbb,True,test,tool,fixed_slot,69,16,62,68,True
llama3.1-8b,fitting,72f94b91f18b,jbb,True,test,assistant,fixed_slot,66,16,60,65,True
llama3.1-8b,fitting,72f94b91f18b,jbb,True,test,system,natural_slot,55,16,40,54,False
llama3.1-8b,fitting,72f94b91f18b,jbb,True,test,user,natural_slot,57,16,51,56,False
llama3.1-8b,fitting,72f94b91f18b,jbb,True,test,tool,natural_slot,77,16,70,76,False
llama3.1-8b,fitting,72f94b91f18b,jbb,True,test,assistant,natural_slot,66,16,60,65,False
llama3.1-8b,fitting,ce732fee40aa,sorry-bench,True,train,system,fixed_slot,54,15,39,53,False
llama3.1-8b,fitting,ce732fee40aa,sorry-bench,True,train,user,fixed_slot,65,15,59,64,True
llama3.1-8b,fitting,ce732fee40aa,sorry-bench,True,train,tool,fixed_slot,67,15,61,66,True
llama3.1-8b,fitting,ce732fee40aa,sorry-bench,True,train,assistant,fixed_slot,65,15,59,64,True
llama3.1-8b,fitting,ce732fee40aa,sorry-bench,True,train,system,natural_slot,54,15,39,53,False
llama3.1-8b,fitting,ce732fee40aa,sorry-bench,True,train,user,natural_slot,56,15,50,55,False
llama3.1-8b,fitting,ce732fee40aa,sorry-bench,True,train,tool,natural_slot,75,15,69,74,False
llama3.1-8b,fitting,ce732fee40aa,sorry-bench,True,train,assistant,natural_slot,65,15,59,64,False
llama3.1-8b,fitting,4a6dff63bb95,advbench,True,train,system,fixed_slot,51,12,36,50,False
llama3.1-8b,fitting,4a6dff63bb95,advbench,True,train,user,fixed_slot,62,12,56,61,True
llama3.1-8b,fitting,4a6dff63bb95,advbench,True,train,tool,fixed_slot,65,12,58,64,True
llama3.1-8b,fitting,4a6dff63bb95,advbench,True,train,assistant,fixed_slot,62,12,56,61,True
llama3.1-8b,fitting,4a6dff63bb95,advbench,True,train,system,natural_slot,51,12,36,50,False
llama3.1-8b,fitting,4a6dff63bb95,advbench,True,train,user,natural_slot,53,12,47,52,False
llama3.1-8b,fitting,4a6dff63bb95,advbench,True,train,tool,natural_slot,73,12,66,72,False
llama3.1-8b,fitting,4a6dff63bb95,advbench,True,train,assistant,natural_slot,62,12,56,61,False
llama3.1-8b,fitting,04936aff0cac,jbb,True,train,system,fixed_slot,52,13,37,51,False
llama3.1-8b,fitting,04936aff0cac,jbb,True,train,user,fixed_slot,63,13,57,62,True
llama3.1-8b,fitting,04936aff0cac,jbb,True,train,tool,fixed_slot,66,13,59,65,True
llama3.1-8b,fitting,04936aff0cac,jbb,True,train,assistant,fixed_slot,63,13,57,62,True
llama3.1-8b,fitting,04936aff0cac,jbb,True,train,system,natural_slot,52,13,37,51,False
llama3.1-8b,fitting,04936aff0cac,jbb,True,train,user,natural_slot,54,13,48,53,False
llama3.1-8b,fitting,04936aff0cac,jbb,True,train,tool,natural_slot,74,13,67,73,False
llama3.1-8b,fitting,04936aff0cac,jbb,True,train,assistant,natural_slot,63,13,57,62,False
llama3.1-8b,fitting,61ee520eb673,sorry-bench,True,test,system,fixed_slot,73,34,58,72,False
llama3.1-8b,fitting,61ee520eb673,sorry-bench,True,test,user,fixed_slot,84,34,78,83,True
llama3.1-8b,fitting,61ee520eb673,sorry-bench,True,test,tool,fixed_slot,86,34,80,85,True
llama3.1-8b,fitting,61ee520eb673,sorry-bench,True,test,assistant,fixed_slot,84,34,78,83,True
llama3.1-8b,fitting,61ee520eb673,sorry-bench,True,test,system,natural_slot,73,34,58,72,False
llama3.1-8b,fitting,61ee520eb673,sorry-bench,True,test,user,natural_slot,75,34,69,74,False
llama3.1-8b,fitting,61ee520eb673,sorry-bench,True,test,tool,natural_slot,94,34,88,93,False
llama3.1-8b,fitting,61ee520eb673,sorry-bench,True,test,assistant,natural_slot,84,34,78,83,False
llama3.1-8b,fitting,614e33383967,advbench,True,train,system,fixed_slot,50,11,35,49,False
llama3.1-8b,fitting,614e33383967,advbench,True,train,user,fixed_slot,61,11,55,60,True
llama3.1-8b,fitting,614e33383967,advbench,True,train,tool,fixed_slot,64,11,57,63,True
llama3.1-8b,fitting,614e33383967,advbench,True,train,assistant,fixed_slot,61,11,55,60,True
llama3.1-8b,fitting,614e33383967,advbench,True,train,system,natural_slot,50,11,35,49,False
llama3.1-8b,fitting,614e33383967,advbench,True,train,user,natural_slot,52,11,46,51,False
llama3.1-8b,fitting,614e33383967,advbench,True,train,tool,natural_slot,72,11,65,71,False
llama3.1-8b,fitting,614e33383967,advbench,True,train,assistant,natural_slot,61,11,55,60,False
llama3.1-8b,fitting,9ab84edba2bc,jbb,True,test,system,fixed_slot,49,10,34,48,False
llama3.1-8b,fitting,9ab84edba2bc,jbb,True,test,user,fixed_slot,60,10,54,59,True
llama3.1-8b,fitting,9ab84edba2bc,jbb,True,test,tool,fixed_slot,63,10,56,62,True
llama3.1-8b,fitting,9ab84edba2bc,jbb,True,test,assistant,fixed_slot,60,10,54,59,True
llama3.1-8b,fitting,9ab84edba2bc,jbb,True,test,system,natural_slot,49,10,34,48,False
llama3.1-8b,fitting,9ab84edba2bc,jbb,True,test,user,natural_slot,51,10,45,50,False
llama3.1-8b,fitting,9ab84edba2bc,jbb,True,test,tool,natural_slot,71,10,64,70,False
llama3.1-8b,fitting,9ab84edba2bc,jbb,True,test,assistant,natural_slot,60,10,54,59,False
llama3.1-8b,fitting,4205477a21cd,sorry-bench,True,test,system,fixed_slot,78,39,63,77,False
llama3.1-8b,fitting,4205477a21cd,sorry-bench,True,test,user,fixed_slot,89,39,83,88,True
llama3.1-8b,fitting,4205477a21cd,sorry-bench,True,test,tool,fixed_slot,91,39,85,90,True
llama3.1-8b,fitting,4205477a21cd,sorry-bench,True,test,assistant,fixed_slot,89,39,83,88,True
llama3.1-8b,fitting,4205477a21cd,sorry-bench,True,test,system,natural_slot,78,39,63,77,False
llama3.1-8b,fitting,4205477a21cd,sorry-bench,True,test,user,natural_slot,80,39,74,79,False
llama3.1-8b,fitting,4205477a21cd,sorry-bench,True,test,tool,natural_slot,99,39,93,98,False
llama3.1-8b,fitting,4205477a21cd,sorry-bench,True,test,assistant,natural_slot,89,39,83,88,False
llama3.1-8b,fitting,5b3879a84862,advbench,True,train,system,fixed_slot,50,11,35,49,False
llama3.1-8b,fitting,5b3879a84862,advbench,True,train,user,fixed_slot,61,11,55,60,True
llama3.1-8b,fitting,5b3879a84862,advbench,True,train,tool,fixed_slot,63,11,56,62,True
llama3.1-8b,fitting,5b3879a84862,advbench,True,train,assistant,fixed_slot,61,11,55,60,True
llama3.1-8b,fitting,5b3879a84862,advbench,True,train,system,natural_slot,50,11,35,49,False
llama3.1-8b,fitting,5b3879a84862,advbench,True,train,user,natural_slot,52,11,46,51,False
llama3.1-8b,fitting,5b3879a84862,advbench,True,train,tool,natural_slot,71,11,64,70,False
llama3.1-8b,fitting,5b3879a84862,advbench,True,train,assistant,natural_slot,61,11,55,60,False
llama3.1-8b,fitting,3f0831c8d528,jbb,True,train,system,fixed_slot,52,13,37,51,False
llama3.1-8b,fitting,3f0831c8d528,jbb,True,train,user,fixed_slot,63,13,57,62,True
llama3.1-8b,fitting,3f0831c8d528,jbb,True,train,tool,fixed_slot,66,13,59,65,True
llama3.1-8b,fitting,3f0831c8d528,jbb,True,train,assistant,fixed_slot,63,13,57,62,True
llama3.1-8b,fitting,3f0831c8d528,jbb,True,train,system,natural_slot,52,13,37,51,False
llama3.1-8b,fitting,3f0831c8d528,jbb,True,train,user,natural_slot,54,13,48,53,False
llama3.1-8b,fitting,3f0831c8d528,jbb,True,train,tool,natural_slot,74,13,67,73,False
llama3.1-8b,fitting,3f0831c8d528,jbb,True,train,assistant,natural_slot,63,13,57,62,False
llama3.1-8b,fitting,42864aa219a7,sorry-bench,True,train,system,fixed_slot,58,19,43,57,False
llama3.1-8b,fitting,42864aa219a7,sorry-bench,True,train,user,fixed_slot,69,19,63,68,True
llama3.1-8b,fitting,42864aa219a7,sorry-bench,True,train,tool,fixed_slot,71,19,65,70,True
llama3.1-8b,fitting,42864aa219a7,sorry-bench,True,train,assistant,fixed_slot,69,19,63,68,True
llama3.1-8b,fitting,42864aa219a7,sorry-bench,True,train,system,natural_slot,58,19,43,57,False
llama3.1-8b,fitting,42864aa219a7,sorry-bench,True,train,user,natural_slot,60,19,54,59,False
llama3.1-8b,fitting,42864aa219a7,sorry-bench,True,train,tool,natural_slot,79,19,73,78,False
llama3.1-8b,fitting,42864aa219a7,sorry-bench,True,train,assistant,natural_slot,69,19,63,68,False
llama3.1-8b,fitting,7e4f12fd97ed,advbench,True,train,system,fixed_slot,54,15,39,53,False
llama3.1-8b,fitting,7e4f12fd97ed,advbench,True,train,user,fixed_slot,65,15,59,64,True
llama3.1-8b,fitting,7e4f12fd97ed,advbench,True,train,tool,fixed_slot,67,15,60,66,True
llama3.1-8b,fitting,7e4f12fd97ed,advbench,True,train,assistant,fixed_slot,65,15,59,64,True
llama3.1-8b,fitting,7e4f12fd97ed,advbench,True,train,system,natural_slot,54,15,39,53,False
llama3.1-8b,fitting,7e4f12fd97ed,advbench,True,train,user,natural_slot,56,15,50,55,False
llama3.1-8b,fitting,7e4f12fd97ed,advbench,True,train,tool,natural_slot,75,15,68,74,False
llama3.1-8b,fitting,7e4f12fd97ed,advbench,True,train,assistant,natural_slot,65,15,59,64,False
llama3.1-8b,fitting,08ed92238f55,jbb,True,test,system,fixed_slot,57,18,42,56,False
llama3.1-8b,fitting,08ed92238f55,jbb,True,test,user,fixed_slot,68,18,62,67,True
llama3.1-8b,fitting,08ed92238f55,jbb,True,test,tool,fixed_slot,71,18,64,70,True
llama3.1-8b,fitting,08ed92238f55,jbb,True,test,assistant,fixed_slot,68,18,62,67,True
llama3.1-8b,fitting,08ed92238f55,jbb,True,test,system,natural_slot,57,18,42,56,False
llama3.1-8b,fitting,08ed92238f55,jbb,True,test,user,natural_slot,59,18,53,58,False
llama3.1-8b,fitting,08ed92238f55,jbb,True,test,tool,natural_slot,79,18,72,78,False
llama3.1-8b,fitting,08ed92238f55,jbb,True,test,assistant,natural_slot,68,18,62,67,False
llama3.1-8b,fitting,89c99d4cc4b1,sorry-bench,True,train,system,fixed_slot,61,22,46,60,False
llama3.1-8b,fitting,89c99d4cc4b1,sorry-bench,True,train,user,fixed_slot,72,22,66,71,True
llama3.1-8b,fitting,89c99d4cc4b1,sorry-bench,True,train,tool,fixed_slot,74,22,68,73,True
llama3.1-8b,fitting,89c99d4cc4b1,sorry-bench,True,train,assistant,fixed_slot,72,22,66,71,True
llama3.1-8b,fitting,89c99d4cc4b1,sorry-bench,True,train,system,natural_slot,61,22,46,60,False
llama3.1-8b,fitting,89c99d4cc4b1,sorry-bench,True,train,user,natural_slot,63,22,57,62,False
llama3.1-8b,fitting,89c99d4cc4b1,sorry-bench,True,train,tool,natural_slot,82,22,76,81,False
llama3.1-8b,fitting,89c99d4cc4b1,sorry-bench,True,train,assistant,natural_slot,72,22,66,71,False
llama3.1-8b,fitting,ae9aa0ac4f11,advbench,True,train,system,fixed_slot,52,13,37,51,False
llama3.1-8b,fitting,ae9aa0ac4f11,advbench,True,train,user,fixed_slot,63,13,57,62,True
llama3.1-8b,fitting,ae9aa0ac4f11,advbench,True,train,tool,fixed_slot,66,13,59,65,True
llama3.1-8b,fitting,ae9aa0ac4f11,advbench,True,train,assistant,fixed_slot,63,13,57,62,True
llama3.1-8b,fitting,ae9aa0ac4f11,advbench,True,train,system,natural_slot,52,13,37,51,False
llama3.1-8b,fitting,ae9aa0ac4f11,advbench,True,train,user,natural_slot,54,13,48,53,False
llama3.1-8b,fitting,ae9aa0ac4f11,advbench,True,train,tool,natural_slot,74,13,67,73,False
llama3.1-8b,fitting,ae9aa0ac4f11,advbench,True,train,assistant,natural_slot,63,13,57,62,False
llama3.1-8b,fitting,1431b985bbd4,jbb,True,train,system,fixed_slot,54,15,39,53,False
llama3.1-8b,fitting,1431b985bbd4,jbb,True,train,user,fixed_slot,65,15,59,64,True
llama3.1-8b,fitting,1431b985bbd4,jbb,True,train,tool,fixed_slot,68,15,61,67,True
llama3.1-8b,fitting,1431b985bbd4,jbb,True,train,assistant,fixed_slot,65,15,59,64,True
llama3.1-8b,fitting,1431b985bbd4,jbb,True,train,system,natural_slot,54,15,39,53,False
llama3.1-8b,fitting,1431b985bbd4,jbb,True,train,user,natural_slot,56,15,50,55,False
llama3.1-8b,fitting,1431b985bbd4,jbb,True,train,tool,natural_slot,76,15,69,75,False
llama3.1-8b,fitting,1431b985bbd4,jbb,True,train,assistant,natural_slot,65,15,59,64,False
llama3.1-8b,fitting,0cd3f004f33b,sorry-bench,True,train,system,fixed_slot,73,34,58,72,False
llama3.1-8b,fitting,0cd3f004f33b,sorry-bench,True,train,user,fixed_slot,84,34,78,83,True
llama3.1-8b,fitting,0cd3f004f33b,sorry-bench,True,train,tool,fixed_slot,85,34,79,84,True
llama3.1-8b,fitting,0cd3f004f33b,sorry-bench,True,train,assistant,fixed_slot,84,34,78,83,True
llama3.1-8b,fitting,0cd3f004f33b,sorry-bench,True,train,system,natural_slot,73,34,58,72,False
llama3.1-8b,fitting,0cd3f004f33b,sorry-bench,True,train,user,natural_slot,75,34,69,74,False
llama3.1-8b,fitting,0cd3f004f33b,sorry-bench,True,train,tool,natural_slot,93,34,87,92,False
llama3.1-8b,fitting,0cd3f004f33b,sorry-bench,True,train,assistant,natural_slot,84,34,78,83,False
llama3.1-8b,fitting,c385effaab6f,advbench,True,train,system,fixed_slot,49,10,34,48,False
llama3.1-8b,fitting,c385effaab6f,advbench,True,train,user,fixed_slot,60,10,54,59,True
llama3.1-8b,fitting,c385effaab6f,advbench,True,train,tool,fixed_slot,63,10,56,62,True
llama3.1-8b,fitting,c385effaab6f,advbench,True,train,assistant,fixed_slot,60,10,54,59,True
llama3.1-8b,fitting,c385effaab6f,advbench,True,train,system,natural_slot,49,10,34,48,False
llama3.1-8b,fitting,c385effaab6f,advbench,True,train,user,natural_slot,51,10,45,50,False
llama3.1-8b,fitting,c385effaab6f,advbench,True,train,tool,natural_slot,71,10,64,70,False
llama3.1-8b,fitting,c385effaab6f,advbench,True,train,assistant,natural_slot,60,10,54,59,False
llama3.1-8b,fitting,844fb0d3de84,jbb,True,test,system,fixed_slot,67,28,52,66,False
llama3.1-8b,fitting,844fb0d3de84,jbb,True,test,user,fixed_slot,78,28,72,77,True
llama3.1-8b,fitting,844fb0d3de84,jbb,True,test,tool,fixed_slot,81,28,74,80,True
llama3.1-8b,fitting,844fb0d3de84,jbb,True,test,assistant,fixed_slot,78,28,72,77,True
llama3.1-8b,fitting,844fb0d3de84,jbb,True,test,system,natural_slot,67,28,52,66,False
llama3.1-8b,fitting,844fb0d3de84,jbb,True,test,user,natural_slot,69,28,63,68,False
llama3.1-8b,fitting,844fb0d3de84,jbb,True,test,tool,natural_slot,89,28,82,88,False
llama3.1-8b,fitting,844fb0d3de84,jbb,True,test,assistant,natural_slot,78,28,72,77,False
llama3.1-8b,fitting,e714ae5df19c,sorry-bench,True,train,system,fixed_slot,64,25,49,63,False
llama3.1-8b,fitting,e714ae5df19c,sorry-bench,True,train,user,fixed_slot,75,25,69,74,True
llama3.1-8b,fitting,e714ae5df19c,sorry-bench,True,train,tool,fixed_slot,77,25,71,76,True
llama3.1-8b,fitting,e714ae5df19c,sorry-bench,True,train,assistant,fixed_slot,75,25,69,74,True
llama3.1-8b,fitting,e714ae5df19c,sorry-bench,True,train,system,natural_slot,64,25,49,63,False
llama3.1-8b,fitting,e714ae5df19c,sorry-bench,True,train,user,natural_slot,66,25,60,65,False
llama3.1-8b,fitting,e714ae5df19c,sorry-bench,True,train,tool,natural_slot,85,25,79,84,False
llama3.1-8b,fitting,e714ae5df19c,sorry-bench,True,train,assistant,natural_slot,75,25,69,74,False
llama3.1-8b,fitting,a655f8c1b703,advbench,True,train,system,fixed_slot,56,17,41,55,False
llama3.1-8b,fitting,a655f8c1b703,advbench,True,train,user,fixed_slot,67,17,61,66,True
llama3.1-8b,fitting,a655f8c1b703,advbench,True,train,tool,fixed_slot,70,17,63,69,True
llama3.1-8b,fitting,a655f8c1b703,advbench,True,train,assistant,fixed_slot,67,17,61,66,True
llama3.1-8b,fitting,a655f8c1b703,advbench,True,train,system,natural_slot,56,17,41,55,False
llama3.1-8b,fitting,a655f8c1b703,advbench,True,train,user,natural_slot,58,17,52,57,False
llama3.1-8b,fitting,a655f8c1b703,advbench,True,train,tool,natural_slot,78,17,71,77,False
llama3.1-8b,fitting,a655f8c1b703,advbench,True,train,assistant,natural_slot,67,17,61,66,False
llama3.1-8b,fitting,ec10b7ce2309,jbb,True,train,system,fixed_slot,59,20,44,58,False
llama3.1-8b,fitting,ec10b7ce2309,jbb,True,train,user,fixed_slot,70,20,64,69,True
llama3.1-8b,fitting,ec10b7ce2309,jbb,True,train,tool,fixed_slot,73,20,66,72,True
llama3.1-8b,fitting,ec10b7ce2309,jbb,True,train,assistant,fixed_slot,70,20,64,69,True
llama3.1-8b,fitting,ec10b7ce2309,jbb,True,train,system,natural_slot,59,20,44,58,False
llama3.1-8b,fitting,ec10b7ce2309,jbb,True,train,user,natural_slot,61,20,55,60,False
llama3.1-8b,fitting,ec10b7ce2309,jbb,True,train,tool,natural_slot,81,20,74,80,False
llama3.1-8b,fitting,ec10b7ce2309,jbb,True,train,assistant,natural_slot,70,20,64,69,False
llama3.1-8b,fitting,b887a1997218,sorry-bench,True,test,system,fixed_slot,60,21,45,59,False
llama3.1-8b,fitting,b887a1997218,sorry-bench,True,test,user,fixed_slot,71,21,65,70,True
llama3.1-8b,fitting,b887a1997218,sorry-bench,True,test,tool,fixed_slot,73,21,67,72,True
llama3.1-8b,fitting,b887a1997218,sorry-bench,True,test,assistant,fixed_slot,71,21,65,70,True
llama3.1-8b,fitting,b887a1997218,sorry-bench,True,test,system,natural_slot,60,21,45,59,False
llama3.1-8b,fitting,b887a1997218,sorry-bench,True,test,user,natural_slot,62,21,56,61,False
llama3.1-8b,fitting,b887a1997218,sorry-bench,True,test,tool,natural_slot,81,21,75,80,False
llama3.1-8b,fitting,b887a1997218,sorry-bench,True,test,assistant,natural_slot,71,21,65,70,False
llama3.1-8b,fitting,94e31f36043a,advbench,True,test,system,fixed_slot,52,13,37,51,False
llama3.1-8b,fitting,94e31f36043a,advbench,True,test,user,fixed_slot,63,13,57,62,True
llama3.1-8b,fitting,94e31f36043a,advbench,True,test,tool,fixed_slot,66,13,59,65,True
llama3.1-8b,fitting,94e31f36043a,advbench,True,test,assistant,fixed_slot,63,13,57,62,True
llama3.1-8b,fitting,94e31f36043a,advbench,True,test,system,natural_slot,52,13,37,51,False
llama3.1-8b,fitting,94e31f36043a,advbench,True,test,user,natural_slot,54,13,48,53,False
llama3.1-8b,fitting,94e31f36043a,advbench,True,test,tool,natural_slot,74,13,67,73,False
llama3.1-8b,fitting,94e31f36043a,advbench,True,test,assistant,natural_slot,63,13,57,62,False
llama3.1-8b,fitting,21a8b2a98a48,jbb,True,train,system,fixed_slot,58,19,43,57,False
llama3.1-8b,fitting,21a8b2a98a48,jbb,True,train,user,fixed_slot,69,19,63,68,True
llama3.1-8b,fitting,21a8b2a98a48,jbb,True,train,tool,fixed_slot,72,19,65,71,True
llama3.1-8b,fitting,21a8b2a98a48,jbb,True,train,assistant,fixed_slot,69,19,63,68,True
llama3.1-8b,fitting,21a8b2a98a48,jbb,True,train,system,natural_slot,58,19,43,57,False
llama3.1-8b,fitting,21a8b2a98a48,jbb,True,train,user,natural_slot,60,19,54,59,False
llama3.1-8b,fitting,21a8b2a98a48,jbb,True,train,tool,natural_slot,80,19,73,79,False
llama3.1-8b,fitting,21a8b2a98a48,jbb,True,train,assistant,natural_slot,69,19,63,68,False
llama3.1-8b,fitting,deefadcdd5ad,sorry-bench,True,test,system,fixed_slot,61,22,46,60,False
llama3.1-8b,fitting,deefadcdd5ad,sorry-bench,True,test,user,fixed_slot,72,22,66,71,True
llama3.1-8b,fitting,deefadcdd5ad,sorry-bench,True,test,tool,fixed_slot,74,22,68,73,True
llama3.1-8b,fitting,deefadcdd5ad,sorry-bench,True,test,assistant,fixed_slot,72,22,66,71,True
llama3.1-8b,fitting,deefadcdd5ad,sorry-bench,True,test,system,natural_slot,61,22,46,60,False
llama3.1-8b,fitting,deefadcdd5ad,sorry-bench,True,test,user,natural_slot,63,22,57,62,False
llama3.1-8b,fitting,deefadcdd5ad,sorry-bench,True,test,tool,natural_slot,82,22,76,81,False
llama3.1-8b,fitting,deefadcdd5ad,sorry-bench,True,test,assistant,natural_slot,72,22,66,71,False
llama3.1-8b,fitting,54c41daebec4,advbench,True,test,system,fixed_slot,51,12,36,50,False
llama3.1-8b,fitting,54c41daebec4,advbench,True,test,user,fixed_slot,62,12,56,61,True
llama3.1-8b,fitting,54c41daebec4,advbench,True,test,tool,fixed_slot,65,12,58,64,True
llama3.1-8b,fitting,54c41daebec4,advbench,True,test,assistant,fixed_slot,62,12,56,61,True
llama3.1-8b,fitting,54c41daebec4,advbench,True,test,system,natural_slot,51,12,36,50,False
llama3.1-8b,fitting,54c41daebec4,advbench,True,test,user,natural_slot,53,12,47,52,False
llama3.1-8b,fitting,54c41daebec4,advbench,True,test,tool,natural_slot,73,12,66,72,False
llama3.1-8b,fitting,54c41daebec4,advbench,True,test,assistant,natural_slot,62,12,56,61,False
llama3.1-8b,fitting,dd8b9efc83d4,jbb,True,test,system,fixed_slot,53,14,38,52,False
llama3.1-8b,fitting,dd8b9efc83d4,jbb,True,test,user,fixed_slot,64,14,58,63,True
llama3.1-8b,fitting,dd8b9efc83d4,jbb,True,test,tool,fixed_slot,67,14,60,66,True
llama3.1-8b,fitting,dd8b9efc83d4,jbb,True,test,assistant,fixed_slot,64,14,58,63,True
llama3.1-8b,fitting,dd8b9efc83d4,jbb,True,test,system,natural_slot,53,14,38,52,False
llama3.1-8b,fitting,dd8b9efc83d4,jbb,True,test,user,natural_slot,55,14,49,54,False
llama3.1-8b,fitting,dd8b9efc83d4,jbb,True,test,tool,natural_slot,75,14,68,74,False
llama3.1-8b,fitting,dd8b9efc83d4,jbb,True,test,assistant,natural_slot,64,14,58,63,False
llama3.1-8b,fitting,3b8dcd3ef143,sorry-bench,True,train,system,fixed_slot,64,25,49,63,False
llama3.1-8b,fitting,3b8dcd3ef143,sorry-bench,True,train,user,fixed_slot,75,25,69,74,True
llama3.1-8b,fitting,3b8dcd3ef143,sorry-bench,True,train,tool,fixed_slot,76,25,70,75,True
llama3.1-8b,fitting,3b8dcd3ef143,sorry-bench,True,train,assistant,fixed_slot,75,25,69,74,True
llama3.1-8b,fitting,3b8dcd3ef143,sorry-bench,True,train,system,natural_slot,64,25,49,63,False
llama3.1-8b,fitting,3b8dcd3ef143,sorry-bench,True,train,user,natural_slot,66,25,60,65,False
llama3.1-8b,fitting,3b8dcd3ef143,sorry-bench,True,train,tool,natural_slot,84,25,78,83,False
llama3.1-8b,fitting,3b8dcd3ef143,sorry-bench,True,train,assistant,natural_slot,75,25,69,74,False
llama3.1-8b,fitting,ac37f7ea016f,advbench,True,train,system,fixed_slot,55,16,40,54,False
llama3.1-8b,fitting,ac37f7ea016f,advbench,True,train,user,fixed_slot,66,16,60,65,True
llama3.1-8b,fitting,ac37f7ea016f,advbench,True,train,tool,fixed_slot,69,16,62,68,True
llama3.1-8b,fitting,ac37f7ea016f,advbench,True,train,assistant,fixed_slot,66,16,60,65,True
llama3.1-8b,fitting,ac37f7ea016f,advbench,True,train,system,natural_slot,55,16,40,54,False
llama3.1-8b,fitting,ac37f7ea016f,advbench,True,train,user,natural_slot,57,16,51,56,False
llama3.1-8b,fitting,ac37f7ea016f,advbench,True,train,tool,natural_slot,77,16,70,76,False
llama3.1-8b,fitting,ac37f7ea016f,advbench,True,train,assistant,natural_slot,66,16,60,65,False
llama3.1-8b,fitting,4d21c1a3cbbc,jbb,True,train,system,fixed_slot,64,25,49,63,False
llama3.1-8b,fitting,4d21c1a3cbbc,jbb,True,train,user,fixed_slot,75,25,69,74,True
llama3.1-8b,fitting,4d21c1a3cbbc,jbb,True,train,tool,fixed_slot,78,25,71,77,True
llama3.1-8b,fitting,4d21c1a3cbbc,jbb,True,train,assistant,fixed_slot,75,25,69,74,True
llama3.1-8b,fitting,4d21c1a3cbbc,jbb,True,train,system,natural_slot,64,25,49,63,False
llama3.1-8b,fitting,4d21c1a3cbbc,jbb,True,train,user,natural_slot,66,25,60,65,False
llama3.1-8b,fitting,4d21c1a3cbbc,jbb,True,train,tool,natural_slot,86,25,79,85,False
llama3.1-8b,fitting,4d21c1a3cbbc,jbb,True,train,assistant,natural_slot,75,25,69,74,False
llama3.1-8b,fitting,57bae4654f4f,sorry-bench,True,test,system,fixed_slot,61,22,46,60,False
llama3.1-8b,fitting,57bae4654f4f,sorry-bench,True,test,user,fixed_slot,72,22,66,71,True
llama3.1-8b,fitting,57bae4654f4f,sorry-bench,True,test,tool,fixed_slot,74,22,68,73,True
llama3.1-8b,fitting,57bae4654f4f,sorry-bench,True,test,assistant,fixed_slot,72,22,66,71,True
llama3.1-8b,fitting,57bae4654f4f,sorry-bench,True,test,system,natural_slot,61,22,46,60,False
llama3.1-8b,fitting,57bae4654f4f,sorry-bench,True,test,user,natural_slot,63,22,57,62,False
llama3.1-8b,fitting,57bae4654f4f,sorry-bench,True,test,tool,natural_slot,82,22,76,81,False
llama3.1-8b,fitting,57bae4654f4f,sorry-bench,True,test,assistant,natural_slot,72,22,66,71,False
llama3.1-8b,fitting,aee2fb95bc77,advbench,True,test,system,fixed_slot,54,15,39,53,False
llama3.1-8b,fitting,aee2fb95bc77,advbench,True,test,user,fixed_slot,65,15,59,64,True
llama3.1-8b,fitting,aee2fb95bc77,advbench,True,test,tool,fixed_slot,68,15,61,67,True
llama3.1-8b,fitting,aee2fb95bc77,advbench,True,test,assistant,fixed_slot,65,15,59,64,True
llama3.1-8b,fitting,aee2fb95bc77,advbench,True,test,system,natural_slot,54,15,39,53,False
llama3.1-8b,fitting,aee2fb95bc77,advbench,True,test,user,natural_slot,56,15,50,55,False
llama3.1-8b,fitting,aee2fb95bc77,advbench,True,test,tool,natural_slot,76,15,69,75,False
llama3.1-8b,fitting,aee2fb95bc77,advbench,True,test,assistant,natural_slot,65,15,59,64,False
llama3.1-8b,fitting,4d3043b8b532,jbb,True,train,system,fixed_slot,54,15,39,53,False
llama3.1-8b,fitting,4d3043b8b532,jbb,True,train,user,fixed_slot,65,15,59,64,True
llama3.1-8b,fitting,4d3043b8b532,jbb,True,train,tool,fixed_slot,68,15,61,67,True
llama3.1-8b,fitting,4d3043b8b532,jbb,True,train,assistant,fixed_slot,65,15,59,64,True
llama3.1-8b,fitting,4d3043b8b532,jbb,True,train,system,natural_slot,54,15,39,53,False
llama3.1-8b,fitting,4d3043b8b532,jbb,True,train,user,natural_slot,56,15,50,55,False
llama3.1-8b,fitting,4d3043b8b532,jbb,True,train,tool,natural_slot,76,15,69,75,False
llama3.1-8b,fitting,4d3043b8b532,jbb,True,train,assistant,natural_slot,65,15,59,64,False
llama3.1-8b,fitting,e38235882e0b,sorry-bench,True,train,system,fixed_slot,91,52,76,90,False
llama3.1-8b,fitting,e38235882e0b,sorry-bench,True,train,user,fixed_slot,102,52,96,101,True
llama3.1-8b,fitting,e38235882e0b,sorry-bench,True,train,tool,fixed_slot,103,52,97,102,True
llama3.1-8b,fitting,e38235882e0b,sorry-bench,True,train,assistant,fixed_slot,102,52,96,101,True
llama3.1-8b,fitting,e38235882e0b,sorry-bench,True,train,system,natural_slot,91,52,76,90,False
llama3.1-8b,fitting,e38235882e0b,sorry-bench,True,train,user,natural_slot,93,52,87,92,False
llama3.1-8b,fitting,e38235882e0b,sorry-bench,True,train,tool,natural_slot,111,52,105,110,False
llama3.1-8b,fitting,e38235882e0b,sorry-bench,True,train,assistant,natural_slot,102,52,96,101,False
llama3.1-8b,fitting,3b0d3aa67c0c,advbench,True,test,system,fixed_slot,56,17,41,55,False
llama3.1-8b,fitting,3b0d3aa67c0c,advbench,True,test,user,fixed_slot,67,17,61,66,True
llama3.1-8b,fitting,3b0d3aa67c0c,advbench,True,test,tool,fixed_slot,70,17,63,69,True
llama3.1-8b,fitting,3b0d3aa67c0c,advbench,True,test,assistant,fixed_slot,67,17,61,66,True
llama3.1-8b,fitting,3b0d3aa67c0c,advbench,True,test,system,natural_slot,56,17,41,55,False
llama3.1-8b,fitting,3b0d3aa67c0c,advbench,True,test,user,natural_slot,58,17,52,57,False
llama3.1-8b,fitting,3b0d3aa67c0c,advbench,True,test,tool,natural_slot,78,17,71,77,False
llama3.1-8b,fitting,3b0d3aa67c0c,advbench,True,test,assistant,natural_slot,67,17,61,66,False
llama3.1-8b,fitting,ff4e6df780a8,jbb,True,test,system,fixed_slot,51,12,36,50,False
llama3.1-8b,fitting,ff4e6df780a8,jbb,True,test,user,fixed_slot,62,12,56,61,True
llama3.1-8b,fitting,ff4e6df780a8,jbb,True,test,tool,fixed_slot,65,12,58,64,True
llama3.1-8b,fitting,ff4e6df780a8,jbb,True,test,assistant,fixed_slot,62,12,56,61,True
llama3.1-8b,fitting,ff4e6df780a8,jbb,True,test,system,natural_slot,51,12,36,50,False
llama3.1-8b,fitting,ff4e6df780a8,jbb,True,test,user,natural_slot,53,12,47,52,False
llama3.1-8b,fitting,ff4e6df780a8,jbb,True,test,tool,natural_slot,73,12,66,72,False
llama3.1-8b,fitting,ff4e6df780a8,jbb,True,test,assistant,natural_slot,62,12,56,61,False
llama3.1-8b,fitting,05cdc842bb8e,sorry-bench,True,train,system,fixed_slot,67,28,52,66,False
llama3.1-8b,fitting,05cdc842bb8e,sorry-bench,True,train,user,fixed_slot,78,28,72,77,True
llama3.1-8b,fitting,05cdc842bb8e,sorry-bench,True,train,tool,fixed_slot,80,28,74,79,True
llama3.1-8b,fitting,05cdc842bb8e,sorry-bench,True,train,assistant,fixed_slot,78,28,72,77,True
llama3.1-8b,fitting,05cdc842bb8e,sorry-bench,True,train,system,natural_slot,67,28,52,66,False
llama3.1-8b,fitting,05cdc842bb8e,sorry-bench,True,train,user,natural_slot,69,28,63,68,False
llama3.1-8b,fitting,05cdc842bb8e,sorry-bench,True,train,tool,natural_slot,88,28,82,87,False
llama3.1-8b,fitting,05cdc842bb8e,sorry-bench,True,train,assistant,natural_slot,78,28,72,77,False
llama3.1-8b,fitting,a17ccaf3bbce,advbench,True,test,system,fixed_slot,49,10,34,48,False
llama3.1-8b,fitting,a17ccaf3bbce,advbench,True,test,user,fixed_slot,60,10,54,59,True
llama3.1-8b,fitting,a17ccaf3bbce,advbench,True,test,tool,fixed_slot,63,10,56,62,True
llama3.1-8b,fitting,a17ccaf3bbce,advbench,True,test,assistant,fixed_slot,60,10,54,59,True
llama3.1-8b,fitting,a17ccaf3bbce,advbench,True,test,system,natural_slot,49,10,34,48,False
llama3.1-8b,fitting,a17ccaf3bbce,advbench,True,test,user,natural_slot,51,10,45,50,False
llama3.1-8b,fitting,a17ccaf3bbce,advbench,True,test,tool,natural_slot,71,10,64,70,False
llama3.1-8b,fitting,a17ccaf3bbce,advbench,True,test,assistant,natural_slot,60,10,54,59,False
llama3.1-8b,fitting,e773d763ee9b,jbb,True,train,system,fixed_slot,52,13,37,51,False
llama3.1-8b,fitting,e773d763ee9b,jbb,True,train,user,fixed_slot,63,13,57,62,True
llama3.1-8b,fitting,e773d763ee9b,jbb,True,train,tool,fixed_slot,66,13,59,65,True
llama3.1-8b,fitting,e773d763ee9b,jbb,True,train,assistant,fixed_slot,63,13,57,62,True
llama3.1-8b,fitting,e773d763ee9b,jbb,True,train,system,natural_slot,52,13,37,51,False
llama3.1-8b,fitting,e773d763ee9b,jbb,True,train,user,natural_slot,54,13,48,53,False
llama3.1-8b,fitting,e773d763ee9b,jbb,True,train,tool,natural_slot,74,13,67,73,False
llama3.1-8b,fitting,e773d763ee9b,jbb,True,train,assistant,natural_slot,63,13,57,62,False
llama3.1-8b,fitting,fd5c32f78397,sorry-bench,True,train,system,fixed_slot,65,26,50,64,False
llama3.1-8b,fitting,fd5c32f78397,sorry-bench,True,train,user,fixed_slot,76,26,70,75,True
llama3.1-8b,fitting,fd5c32f78397,sorry-bench,True,train,tool,fixed_slot,78,26,72,77,True
llama3.1-8b,fitting,fd5c32f78397,sorry-bench,True,train,assistant,fixed_slot,76,26,70,75,True
llama3.1-8b,fitting,fd5c32f78397,sorry-bench,True,train,system,natural_slot,65,26,50,64,False
llama3.1-8b,fitting,fd5c32f78397,sorry-bench,True,train,user,natural_slot,67,26,61,66,False
llama3.1-8b,fitting,fd5c32f78397,sorry-bench,True,train,tool,natural_slot,86,26,80,85,False
llama3.1-8b,fitting,fd5c32f78397,sorry-bench,True,train,assistant,natural_slot,76,26,70,75,False
llama3.1-8b,fitting,73aac351bdc4,advbench,True,train,system,fixed_slot,54,15,39,53,False
llama3.1-8b,fitting,73aac351bdc4,advbench,True,train,user,fixed_slot,65,15,59,64,True
llama3.1-8b,fitting,73aac351bdc4,advbench,True,train,tool,fixed_slot,68,15,61,67,True
llama3.1-8b,fitting,73aac351bdc4,advbench,True,train,assistant,fixed_slot,65,15,59,64,True
llama3.1-8b,fitting,73aac351bdc4,advbench,True,train,system,natural_slot,54,15,39,53,False
llama3.1-8b,fitting,73aac351bdc4,advbench,True,train,user,natural_slot,56,15,50,55,False
llama3.1-8b,fitting,73aac351bdc4,advbench,True,train,tool,natural_slot,76,15,69,75,False
llama3.1-8b,fitting,73aac351bdc4,advbench,True,train,assistant,natural_slot,65,15,59,64,False
llama3.1-8b,fitting,4962e50d6b10,jbb,True,train,system,fixed_slot,60,21,45,59,False
llama3.1-8b,fitting,4962e50d6b10,jbb,True,train,user,fixed_slot,71,21,65,70,True
llama3.1-8b,fitting,4962e50d6b10,jbb,True,train,tool,fixed_slot,74,21,67,73,True
llama3.1-8b,fitting,4962e50d6b10,jbb,True,train,assistant,fixed_slot,71,21,65,70,True
llama3.1-8b,fitting,4962e50d6b10,jbb,True,train,system,natural_slot,60,21,45,59,False
llama3.1-8b,fitting,4962e50d6b10,jbb,True,train,user,natural_slot,62,21,56,61,False
llama3.1-8b,fitting,4962e50d6b10,jbb,True,train,tool,natural_slot,82,21,75,81,False
llama3.1-8b,fitting,4962e50d6b10,jbb,True,train,assistant,natural_slot,71,21,65,70,False
llama3.1-8b,fitting,69f808a5aa62,sorry-bench,True,train,system,fixed_slot,57,18,42,56,False
llama3.1-8b,fitting,69f808a5aa62,sorry-bench,True,train,user,fixed_slot,68,18,62,67,True
llama3.1-8b,fitting,69f808a5aa62,sorry-bench,True,train,tool,fixed_slot,70,18,64,69,True
llama3.1-8b,fitting,69f808a5aa62,sorry-bench,True,train,assistant,fixed_slot,68,18,62,67,True
llama3.1-8b,fitting,69f808a5aa62,sorry-bench,True,train,system,natural_slot,57,18,42,56,False
llama3.1-8b,fitting,69f808a5aa62,sorry-bench,True,train,user,natural_slot,59,18,53,58,False
llama3.1-8b,fitting,69f808a5aa62,sorry-bench,True,train,tool,natural_slot,78,18,72,77,False
llama3.1-8b,fitting,69f808a5aa62,sorry-bench,True,train,assistant,natural_slot,68,18,62,67,False
llama3.1-8b,fitting,0520519585af,advbench,True,train,system,fixed_slot,52,13,37,51,False
llama3.1-8b,fitting,0520519585af,advbench,True,train,user,fixed_slot,63,13,57,62,True
llama3.1-8b,fitting,0520519585af,advbench,True,train,tool,fixed_slot,66,13,59,65,True
llama3.1-8b,fitting,0520519585af,advbench,True,train,assistant,fixed_slot,63,13,57,62,True
llama3.1-8b,fitting,0520519585af,advbench,True,train,system,natural_slot,52,13,37,51,False
llama3.1-8b,fitting,0520519585af,advbench,True,train,user,natural_slot,54,13,48,53,False
llama3.1-8b,fitting,0520519585af,advbench,True,train,tool,natural_slot,74,13,67,73,False
llama3.1-8b,fitting,0520519585af,advbench,True,train,assistant,natural_slot,63,13,57,62,False
llama3.1-8b,fitting,b5e7e03620d3,jbb,True,train,system,fixed_slot,51,12,36,50,False
llama3.1-8b,fitting,b5e7e03620d3,jbb,True,train,user,fixed_slot,62,12,56,61,True
llama3.1-8b,fitting,b5e7e03620d3,jbb,True,train,tool,fixed_slot,65,12,58,64,True
llama3.1-8b,fitting,b5e7e03620d3,jbb,True,train,assistant,fixed_slot,62,12,56,61,True
llama3.1-8b,fitting,b5e7e03620d3,jbb,True,train,system,natural_slot,51,12,36,50,False
llama3.1-8b,fitting,b5e7e03620d3,jbb,True,train,user,natural_slot,53,12,47,52,False
llama3.1-8b,fitting,b5e7e03620d3,jbb,True,train,tool,natural_slot,73,12,66,72,False
llama3.1-8b,fitting,b5e7e03620d3,jbb,True,train,assistant,natural_slot,62,12,56,61,False
llama3.1-8b,fitting,05f6f4845a80,sorry-bench,True,test,system,fixed_slot,78,39,63,77,False
llama3.1-8b,fitting,05f6f4845a80,sorry-bench,True,test,user,fixed_slot,89,39,83,88,True
llama3.1-8b,fitting,05f6f4845a80,sorry-bench,True,test,tool,fixed_slot,91,39,85,90,True
llama3.1-8b,fitting,05f6f4845a80,sorry-bench,True,test,assistant,fixed_slot,89,39,83,88,True
llama3.1-8b,fitting,05f6f4845a80,sorry-bench,True,test,system,natural_slot,78,39,63,77,False
llama3.1-8b,fitting,05f6f4845a80,sorry-bench,True,test,user,natural_slot,80,39,74,79,False
llama3.1-8b,fitting,05f6f4845a80,sorry-bench,True,test,tool,natural_slot,99,39,93,98,False
llama3.1-8b,fitting,05f6f4845a80,sorry-bench,True,test,assistant,natural_slot,89,39,83,88,False
llama3.1-8b,fitting,51fe62710582,advbench,True,train,system,fixed_slot,50,11,35,49,False
llama3.1-8b,fitting,51fe62710582,advbench,True,train,user,fixed_slot,61,11,55,60,True
llama3.1-8b,fitting,51fe62710582,advbench,True,train,tool,fixed_slot,64,11,57,63,True
llama3.1-8b,fitting,51fe62710582,advbench,True,train,assistant,fixed_slot,61,11,55,60,True
llama3.1-8b,fitting,51fe62710582,advbench,True,train,system,natural_slot,50,11,35,49,False
llama3.1-8b,fitting,51fe62710582,advbench,True,train,user,natural_slot,52,11,46,51,False
llama3.1-8b,fitting,51fe62710582,advbench,True,train,tool,natural_slot,72,11,65,71,False
llama3.1-8b,fitting,51fe62710582,advbench,True,train,assistant,natural_slot,61,11,55,60,False
llama3.1-8b,fitting,22ced3e19403,jbb,True,train,system,fixed_slot,47,8,32,46,False
llama3.1-8b,fitting,22ced3e19403,jbb,True,train,user,fixed_slot,58,8,52,57,True
llama3.1-8b,fitting,22ced3e19403,jbb,True,train,tool,fixed_slot,61,8,54,60,True
llama3.1-8b,fitting,22ced3e19403,jbb,True,train,assistant,fixed_slot,58,8,52,57,True
llama3.1-8b,fitting,22ced3e19403,jbb,True,train,system,natural_slot,47,8,32,46,False
llama3.1-8b,fitting,22ced3e19403,jbb,True,train,user,natural_slot,49,8,43,48,False
llama3.1-8b,fitting,22ced3e19403,jbb,True,train,tool,natural_slot,69,8,62,68,False
llama3.1-8b,fitting,22ced3e19403,jbb,True,train,assistant,natural_slot,58,8,52,57,False
llama3.1-8b,fitting,fc06f9860348,sorry-bench,True,test,system,fixed_slot,61,22,46,60,False
llama3.1-8b,fitting,fc06f9860348,sorry-bench,True,test,user,fixed_slot,72,22,66,71,True
llama3.1-8b,fitting,fc06f9860348,sorry-bench,True,test,tool,fixed_slot,74,22,68,73,True
llama3.1-8b,fitting,fc06f9860348,sorry-bench,True,test,assistant,fixed_slot,72,22,66,71,True
llama3.1-8b,fitting,fc06f9860348,sorry-bench,True,test,system,natural_slot,61,22,46,60,False
llama3.1-8b,fitting,fc06f9860348,sorry-bench,True,test,user,natural_slot,63,22,57,62,False
llama3.1-8b,fitting,fc06f9860348,sorry-bench,True,test,tool,natural_slot,82,22,76,81,False
llama3.1-8b,fitting,fc06f9860348,sorry-bench,True,test,assistant,natural_slot,72,22,66,71,False
llama3.1-8b,fitting,606599b8009f,advbench,True,train,system,fixed_slot,48,9,33,47,False
llama3.1-8b,fitting,606599b8009f,advbench,True,train,user,fixed_slot,59,9,53,58,True
llama3.1-8b,fitting,606599b8009f,advbench,True,train,tool,fixed_slot,61,9,54,60,True
llama3.1-8b,fitting,606599b8009f,advbench,True,train,assistant,fixed_slot,59,9,53,58,True
llama3.1-8b,fitting,606599b8009f,advbench,True,train,system,natural_slot,48,9,33,47,False
llama3.1-8b,fitting,606599b8009f,advbench,True,train,user,natural_slot,50,9,44,49,False
llama3.1-8b,fitting,606599b8009f,advbench,True,train,tool,natural_slot,69,9,62,68,False
llama3.1-8b,fitting,606599b8009f,advbench,True,train,assistant,natural_slot,59,9,53,58,False
llama3.1-8b,fitting,ad862f5bb853,jbb,True,train,system,fixed_slot,53,14,38,52,False
llama3.1-8b,fitting,ad862f5bb853,jbb,True,train,user,fixed_slot,64,14,58,63,True
llama3.1-8b,fitting,ad862f5bb853,jbb,True,train,tool,fixed_slot,67,14,60,66,True
llama3.1-8b,fitting,ad862f5bb853,jbb,True,train,assistant,fixed_slot,64,14,58,63,True
llama3.1-8b,fitting,ad862f5bb853,jbb,True,train,system,natural_slot,53,14,38,52,False
llama3.1-8b,fitting,ad862f5bb853,jbb,True,train,user,natural_slot,55,14,49,54,False
llama3.1-8b,fitting,ad862f5bb853,jbb,True,train,tool,natural_slot,75,14,68,74,False
llama3.1-8b,fitting,ad862f5bb853,jbb,True,train,assistant,natural_slot,64,14,58,63,False
llama3.1-8b,fitting,81cd696ac4ce,sorry-bench,True,train,system,fixed_slot,57,18,42,56,False
llama3.1-8b,fitting,81cd696ac4ce,sorry-bench,True,train,user,fixed_slot,68,18,62,67,True
llama3.1-8b,fitting,81cd696ac4ce,sorry-bench,True,train,tool,fixed_slot,70,18,64,69,True
llama3.1-8b,fitting,81cd696ac4ce,sorry-bench,True,train,assistant,fixed_slot,68,18,62,67,True
llama3.1-8b,fitting,81cd696ac4ce,sorry-bench,True,train,system,natural_slot,57,18,42,56,False
llama3.1-8b,fitting,81cd696ac4ce,sorry-bench,True,train,user,natural_slot,59,18,53,58,False
llama3.1-8b,fitting,81cd696ac4ce,sorry-bench,True,train,tool,natural_slot,78,18,72,77,False
llama3.1-8b,fitting,81cd696ac4ce,sorry-bench,True,train,assistant,natural_slot,68,18,62,67,False
llama3.1-8b,fitting,d08115980a23,advbench,True,test,system,fixed_slot,51,12,36,50,False
llama3.1-8b,fitting,d08115980a23,advbench,True,test,user,fixed_slot,62,12,56,61,True
llama3.1-8b,fitting,d08115980a23,advbench,True,test,tool,fixed_slot,64,12,57,63,True
llama3.1-8b,fitting,d08115980a23,advbench,True,test,assistant,fixed_slot,62,12,56,61,True
llama3.1-8b,fitting,d08115980a23,advbench,True,test,system,natural_slot,51,12,36,50,False
llama3.1-8b,fitting,d08115980a23,advbench,True,test,user,natural_slot,53,12,47,52,False
llama3.1-8b,fitting,d08115980a23,advbench,True,test,tool,natural_slot,72,12,65,71,False
llama3.1-8b,fitting,d08115980a23,advbench,True,test,assistant,natural_slot,62,12,56,61,False
llama3.1-8b,fitting,27b11788df75,jbb,True,test,system,fixed_slot,54,15,39,53,False
llama3.1-8b,fitting,27b11788df75,jbb,True,test,user,fixed_slot,65,15,59,64,True
llama3.1-8b,fitting,27b11788df75,jbb,True,test,tool,fixed_slot,68,15,61,67,True
llama3.1-8b,fitting,27b11788df75,jbb,True,test,assistant,fixed_slot,65,15,59,64,True
llama3.1-8b,fitting,27b11788df75,jbb,True,test,system,natural_slot,54,15,39,53,False
llama3.1-8b,fitting,27b11788df75,jbb,True,test,user,natural_slot,56,15,50,55,False
llama3.1-8b,fitting,27b11788df75,jbb,True,test,tool,natural_slot,76,15,69,75,False
llama3.1-8b,fitting,27b11788df75,jbb,True,test,assistant,natural_slot,65,15,59,64,False
llama3.1-8b,fitting,1b73fdc31687,sorry-bench,True,train,system,fixed_slot,58,19,43,57,False
llama3.1-8b,fitting,1b73fdc31687,sorry-bench,True,train,user,fixed_slot,69,19,63,68,True
llama3.1-8b,fitting,1b73fdc31687,sorry-bench,True,train,tool,fixed_slot,71,19,65,70,True
llama3.1-8b,fitting,1b73fdc31687,sorry-bench,True,train,assistant,fixed_slot,69,19,63,68,True
llama3.1-8b,fitting,1b73fdc31687,sorry-bench,True,train,system,natural_slot,58,19,43,57,False
llama3.1-8b,fitting,1b73fdc31687,sorry-bench,True,train,user,natural_slot,60,19,54,59,False
llama3.1-8b,fitting,1b73fdc31687,sorry-bench,True,train,tool,natural_slot,79,19,73,78,False
llama3.1-8b,fitting,1b73fdc31687,sorry-bench,True,train,assistant,natural_slot,69,19,63,68,False
llama3.1-8b,fitting,e1fda04cd873,advbench,True,train,system,fixed_slot,53,14,38,52,False
llama3.1-8b,fitting,e1fda04cd873,advbench,True,train,user,fixed_slot,64,14,58,63,True
llama3.1-8b,fitting,e1fda04cd873,advbench,True,train,tool,fixed_slot,67,14,60,66,True
llama3.1-8b,fitting,e1fda04cd873,advbench,True,train,assistant,fixed_slot,64,14,58,63,True
llama3.1-8b,fitting,e1fda04cd873,advbench,True,train,system,natural_slot,53,14,38,52,False
llama3.1-8b,fitting,e1fda04cd873,advbench,True,train,user,natural_slot,55,14,49,54,False
llama3.1-8b,fitting,e1fda04cd873,advbench,True,train,tool,natural_slot,75,14,68,74,False
llama3.1-8b,fitting,e1fda04cd873,advbench,True,train,assistant,natural_slot,64,14,58,63,False
llama3.1-8b,fitting,95a5fecd15d9,jbb,True,train,system,fixed_slot,56,17,41,55,False
llama3.1-8b,fitting,95a5fecd15d9,jbb,True,train,user,fixed_slot,67,17,61,66,True
llama3.1-8b,fitting,95a5fecd15d9,jbb,True,train,tool,fixed_slot,70,17,63,69,True
llama3.1-8b,fitting,95a5fecd15d9,jbb,True,train,assistant,fixed_slot,67,17,61,66,True
llama3.1-8b,fitting,95a5fecd15d9,jbb,True,train,system,natural_slot,56,17,41,55,False
llama3.1-8b,fitting,95a5fecd15d9,jbb,True,train,user,natural_slot,58,17,52,57,False
llama3.1-8b,fitting,95a5fecd15d9,jbb,True,train,tool,natural_slot,78,17,71,77,False
llama3.1-8b,fitting,95a5fecd15d9,jbb,True,train,assistant,natural_slot,67,17,61,66,False
llama3.1-8b,fitting,76b8648cc494,sorry-bench,True,train,system,fixed_slot,110,71,95,109,False
llama3.1-8b,fitting,76b8648cc494,sorry-bench,True,train,user,fixed_slot,121,71,115,120,True
llama3.1-8b,fitting,76b8648cc494,sorry-bench,True,train,tool,fixed_slot,122,71,116,121,True
llama3.1-8b,fitting,76b8648cc494,sorry-bench,True,train,assistant,fixed_slot,121,71,115,120,True
llama3.1-8b,fitting,76b8648cc494,sorry-bench,True,train,system,natural_slot,110,71,95,109,False
llama3.1-8b,fitting,76b8648cc494,sorry-bench,True,train,user,natural_slot,112,71,106,111,False
llama3.1-8b,fitting,76b8648cc494,sorry-bench,True,train,tool,natural_slot,130,71,124,129,False
llama3.1-8b,fitting,76b8648cc494,sorry-bench,True,train,assistant,natural_slot,121,71,115,120,False
llama3.1-8b,fitting,bdb5b54c17e9,advbench,True,train,system,fixed_slot,53,14,38,52,False
llama3.1-8b,fitting,bdb5b54c17e9,advbench,True,train,user,fixed_slot,64,14,58,63,True
llama3.1-8b,fitting,bdb5b54c17e9,advbench,True,train,tool,fixed_slot,67,14,60,66,True
llama3.1-8b,fitting,bdb5b54c17e9,advbench,True,train,assistant,fixed_slot,64,14,58,63,True
llama3.1-8b,fitting,bdb5b54c17e9,advbench,True,train,system,natural_slot,53,14,38,52,False
llama3.1-8b,fitting,bdb5b54c17e9,advbench,True,train,user,natural_slot,55,14,49,54,False
llama3.1-8b,fitting,bdb5b54c17e9,advbench,True,train,tool,natural_slot,75,14,68,74,False
llama3.1-8b,fitting,bdb5b54c17e9,advbench,True,train,assistant,natural_slot,64,14,58,63,False
llama3.1-8b,fitting,e8109fd1d10d,jbb,True,train,system,fixed_slot,56,17,41,55,False
llama3.1-8b,fitting,e8109fd1d10d,jbb,True,train,user,fixed_slot,67,17,61,66,True
llama3.1-8b,fitting,e8109fd1d10d,jbb,True,train,tool,fixed_slot,70,17,63,69,True
llama3.1-8b,fitting,e8109fd1d10d,jbb,True,train,assistant,fixed_slot,67,17,61,66,True
llama3.1-8b,fitting,e8109fd1d10d,jbb,True,train,system,natural_slot,56,17,41,55,False
llama3.1-8b,fitting,e8109fd1d10d,jbb,True,train,user,natural_slot,58,17,52,57,False
llama3.1-8b,fitting,e8109fd1d10d,jbb,True,train,tool,natural_slot,78,17,71,77,False
llama3.1-8b,fitting,e8109fd1d10d,jbb,True,train,assistant,natural_slot,67,17,61,66,False
llama3.1-8b,fitting,0f55fc12742c,sorry-bench,True,train,system,fixed_slot,54,15,39,53,False
llama3.1-8b,fitting,0f55fc12742c,sorry-bench,True,train,user,fixed_slot,65,15,59,64,True
llama3.1-8b,fitting,0f55fc12742c,sorry-bench,True,train,tool,fixed_slot,67,15,61,66,True
llama3.1-8b,fitting,0f55fc12742c,sorry-bench,True,train,assistant,fixed_slot,65,15,59,64,True
llama3.1-8b,fitting,0f55fc12742c,sorry-bench,True,train,system,natural_slot,54,15,39,53,False
llama3.1-8b,fitting,0f55fc12742c,sorry-bench,True,train,user,natural_slot,56,15,50,55,False
llama3.1-8b,fitting,0f55fc12742c,sorry-bench,True,train,tool,natural_slot,75,15,69,74,False
llama3.1-8b,fitting,0f55fc12742c,sorry-bench,True,train,assistant,natural_slot,65,15,59,64,False
llama3.1-8b,fitting,4d779965c351,advbench,True,test,system,fixed_slot,54,15,39,53,False
llama3.1-8b,fitting,4d779965c351,advbench,True,test,user,fixed_slot,65,15,59,64,True
llama3.1-8b,fitting,4d779965c351,advbench,True,test,tool,fixed_slot,68,15,61,67,True
llama3.1-8b,fitting,4d779965c351,advbench,True,test,assistant,fixed_slot,65,15,59,64,True
llama3.1-8b,fitting,4d779965c351,advbench,True,test,system,natural_slot,54,15,39,53,False
llama3.1-8b,fitting,4d779965c351,advbench,True,test,user,natural_slot,56,15,50,55,False
llama3.1-8b,fitting,4d779965c351,advbench,True,test,tool,natural_slot,76,15,69,75,False
llama3.1-8b,fitting,4d779965c351,advbench,True,test,assistant,natural_slot,65,15,59,64,False
llama3.1-8b,fitting,d5d3fd47bf94,jbb,True,test,system,fixed_slot,52,13,37,51,False
llama3.1-8b,fitting,d5d3fd47bf94,jbb,True,test,user,fixed_slot,63,13,57,62,True
llama3.1-8b,fitting,d5d3fd47bf94,jbb,True,test,tool,fixed_slot,66,13,59,65,True
llama3.1-8b,fitting,d5d3fd47bf94,jbb,True,test,assistant,fixed_slot,63,13,57,62,True
llama3.1-8b,fitting,d5d3fd47bf94,jbb,True,test,system,natural_slot,52,13,37,51,False
llama3.1-8b,fitting,d5d3fd47bf94,jbb,True,test,user,natural_slot,54,13,48,53,False
llama3.1-8b,fitting,d5d3fd47bf94,jbb,True,test,tool,natural_slot,74,13,67,73,False
llama3.1-8b,fitting,d5d3fd47bf94,jbb,True,test,assistant,natural_slot,63,13,57,62,False
llama3.1-8b,fitting,94fdff844253,sorry-bench,True,train,system,fixed_slot,58,19,43,57,False
llama3.1-8b,fitting,94fdff844253,sorry-bench,True,train,user,fixed_slot,69,19,63,68,True
llama3.1-8b,fitting,94fdff844253,sorry-bench,True,train,tool,fixed_slot,71,19,65,70,True
llama3.1-8b,fitting,94fdff844253,sorry-bench,True,train,assistant,fixed_slot,69,19,63,68,True
llama3.1-8b,fitting,94fdff844253,sorry-bench,True,train,system,natural_slot,58,19,43,57,False
llama3.1-8b,fitting,94fdff844253,sorry-bench,True,train,user,natural_slot,60,19,54,59,False
llama3.1-8b,fitting,94fdff844253,sorry-bench,True,train,tool,natural_slot,79,19,73,78,False
llama3.1-8b,fitting,94fdff844253,sorry-bench,True,train,assistant,natural_slot,69,19,63,68,False
llama3.1-8b,fitting,0fb7b44a8153,advbench,True,train,system,fixed_slot,50,11,35,49,False
llama3.1-8b,fitting,0fb7b44a8153,advbench,True,train,user,fixed_slot,61,11,55,60,True
llama3.1-8b,fitting,0fb7b44a8153,advbench,True,train,tool,fixed_slot,64,11,57,63,True
llama3.1-8b,fitting,0fb7b44a8153,advbench,True,train,assistant,fixed_slot,61,11,55,60,True
llama3.1-8b,fitting,0fb7b44a8153,advbench,True,train,system,natural_slot,50,11,35,49,False
llama3.1-8b,fitting,0fb7b44a8153,advbench,True,train,user,natural_slot,52,11,46,51,False
llama3.1-8b,fitting,0fb7b44a8153,advbench,True,train,tool,natural_slot,72,11,65,71,False
llama3.1-8b,fitting,0fb7b44a8153,advbench,True,train,assistant,natural_slot,61,11,55,60,False
llama3.1-8b,fitting,3c53879aab10,jbb,True,train,system,fixed_slot,56,17,41,55,False
llama3.1-8b,fitting,3c53879aab10,jbb,True,train,user,fixed_slot,67,17,61,66,True
llama3.1-8b,fitting,3c53879aab10,jbb,True,train,tool,fixed_slot,70,17,63,69,True
llama3.1-8b,fitting,3c53879aab10,jbb,True,train,assistant,fixed_slot,67,17,61,66,True
llama3.1-8b,fitting,3c53879aab10,jbb,True,train,system,natural_slot,56,17,41,55,False
llama3.1-8b,fitting,3c53879aab10,jbb,True,train,user,natural_slot,58,17,52,57,False
llama3.1-8b,fitting,3c53879aab10,jbb,True,train,tool,natural_slot,78,17,71,77,False
llama3.1-8b,fitting,3c53879aab10,jbb,True,train,assistant,natural_slot,67,17,61,66,False
llama3.1-8b,fitting,c4773784f0f2,sorry-bench,True,train,system,fixed_slot,66,27,51,65,False
llama3.1-8b,fitting,c4773784f0f2,sorry-bench,True,train,user,fixed_slot,77,27,71,76,True
llama3.1-8b,fitting,c4773784f0f2,sorry-bench,True,train,tool,fixed_slot,78,27,72,77,True
llama3.1-8b,fitting,c4773784f0f2,sorry-bench,True,train,assistant,fixed_slot,77,27,71,76,True
llama3.1-8b,fitting,c4773784f0f2,sorry-bench,True,train,system,natural_slot,66,27,51,65,False
llama3.1-8b,fitting,c4773784f0f2,sorry-bench,True,train,user,natural_slot,68,27,62,67,False
llama3.1-8b,fitting,c4773784f0f2,sorry-bench,True,train,tool,natural_slot,86,27,80,85,False
llama3.1-8b,fitting,c4773784f0f2,sorry-bench,True,train,assistant,natural_slot,77,27,71,76,False
llama3.1-8b,fitting,b3d64f628f4b,advbench,True,test,system,fixed_slot,51,12,36,50,False
llama3.1-8b,fitting,b3d64f628f4b,advbench,True,test,user,fixed_slot,62,12,56,61,True
llama3.1-8b,fitting,b3d64f628f4b,advbench,True,test,tool,fixed_slot,65,12,58,64,True
llama3.1-8b,fitting,b3d64f628f4b,advbench,True,test,assistant,fixed_slot,62,12,56,61,True
llama3.1-8b,fitting,b3d64f628f4b,advbench,True,test,system,natural_slot,51,12,36,50,False
llama3.1-8b,fitting,b3d64f628f4b,advbench,True,test,user,natural_slot,53,12,47,52,False
llama3.1-8b,fitting,b3d64f628f4b,advbench,True,test,tool,natural_slot,73,12,66,72,False
llama3.1-8b,fitting,b3d64f628f4b,advbench,True,test,assistant,natural_slot,62,12,56,61,False
llama3.1-8b,fitting,f2fcd0255972,jbb,True,train,system,fixed_slot,53,14,38,52,False
llama3.1-8b,fitting,f2fcd0255972,jbb,True,train,user,fixed_slot,64,14,58,63,True
llama3.1-8b,fitting,f2fcd0255972,jbb,True,train,tool,fixed_slot,67,14,60,66,True
llama3.1-8b,fitting,f2fcd0255972,jbb,True,train,assistant,fixed_slot,64,14,58,63,True
llama3.1-8b,fitting,f2fcd0255972,jbb,True,train,system,natural_slot,53,14,38,52,False
llama3.1-8b,fitting,f2fcd0255972,jbb,True,train,user,natural_slot,55,14,49,54,False
llama3.1-8b,fitting,f2fcd0255972,jbb,True,train,tool,natural_slot,75,14,68,74,False
llama3.1-8b,fitting,f2fcd0255972,jbb,True,train,assistant,natural_slot,64,14,58,63,False
llama3.1-8b,fitting,aa7c9d01f899,sorry-bench,True,train,system,fixed_slot,66,27,51,65,False
llama3.1-8b,fitting,aa7c9d01f899,sorry-bench,True,train,user,fixed_slot,77,27,71,76,True
llama3.1-8b,fitting,aa7c9d01f899,sorry-bench,True,train,tool,fixed_slot,79,27,73,78,True
llama3.1-8b,fitting,aa7c9d01f899,sorry-bench,True,train,assistant,fixed_slot,77,27,71,76,True
llama3.1-8b,fitting,aa7c9d01f899,sorry-bench,True,train,system,natural_slot,66,27,51,65,False
llama3.1-8b,fitting,aa7c9d01f899,sorry-bench,True,train,user,natural_slot,68,27,62,67,False
llama3.1-8b,fitting,aa7c9d01f899,sorry-bench,True,train,tool,natural_slot,87,27,81,86,False
llama3.1-8b,fitting,aa7c9d01f899,sorry-bench,True,train,assistant,natural_slot,77,27,71,76,False
llama3.1-8b,fitting,f71de175b363,advbench,True,train,system,fixed_slot,52,13,37,51,False
llama3.1-8b,fitting,f71de175b363,advbench,True,train,user,fixed_slot,63,13,57,62,True
llama3.1-8b,fitting,f71de175b363,advbench,True,train,tool,fixed_slot,66,13,59,65,True
llama3.1-8b,fitting,f71de175b363,advbench,True,train,assistant,fixed_slot,63,13,57,62,True
llama3.1-8b,fitting,f71de175b363,advbench,True,train,system,natural_slot,52,13,37,51,False
llama3.1-8b,fitting,f71de175b363,advbench,True,train,user,natural_slot,54,13,48,53,False
llama3.1-8b,fitting,f71de175b363,advbench,True,train,tool,natural_slot,74,13,67,73,False
llama3.1-8b,fitting,f71de175b363,advbench,True,train,assistant,natural_slot,63,13,57,62,False
llama3.1-8b,fitting,f450019c82af,jbb,True,test,system,fixed_slot,55,16,40,54,False
llama3.1-8b,fitting,f450019c82af,jbb,True,test,user,fixed_slot,66,16,60,65,True
llama3.1-8b,fitting,f450019c82af,jbb,True,test,tool,fixed_slot,69,16,62,68,True
llama3.1-8b,fitting,f450019c82af,jbb,True,test,assistant,fixed_slot,66,16,60,65,True
llama3.1-8b,fitting,f450019c82af,jbb,True,test,system,natural_slot,55,16,40,54,False
llama3.1-8b,fitting,f450019c82af,jbb,True,test,user,natural_slot,57,16,51,56,False
llama3.1-8b,fitting,f450019c82af,jbb,True,test,tool,natural_slot,77,16,70,76,False
llama3.1-8b,fitting,f450019c82af,jbb,True,test,assistant,natural_slot,66,16,60,65,False
llama3.1-8b,fitting,307110c155df,sorry-bench,True,train,system,fixed_slot,76,37,61,75,False
llama3.1-8b,fitting,307110c155df,sorry-bench,True,train,user,fixed_slot,87,37,81,86,True
llama3.1-8b,fitting,307110c155df,sorry-bench,True,train,tool,fixed_slot,89,37,83,88,True
llama3.1-8b,fitting,307110c155df,sorry-bench,True,train,assistant,fixed_slot,87,37,81,86,True
llama3.1-8b,fitting,307110c155df,sorry-bench,True,train,system,natural_slot,76,37,61,75,False
llama3.1-8b,fitting,307110c155df,sorry-bench,True,train,user,natural_slot,78,37,72,77,False
llama3.1-8b,fitting,307110c155df,sorry-bench,True,train,tool,natural_slot,97,37,91,96,False
llama3.1-8b,fitting,307110c155df,sorry-bench,True,train,assistant,natural_slot,87,37,81,86,False
llama3.1-8b,fitting,b68fb9257312,advbench,True,train,system,fixed_slot,49,10,34,48,False
llama3.1-8b,fitting,b68fb9257312,advbench,True,train,user,fixed_slot,60,10,54,59,True
llama3.1-8b,fitting,b68fb9257312,advbench,True,train,tool,fixed_slot,62,10,55,61,True
llama3.1-8b,fitting,b68fb9257312,advbench,True,train,assistant,fixed_slot,60,10,54,59,True
llama3.1-8b,fitting,b68fb9257312,advbench,True,train,system,natural_slot,49,10,34,48,False
llama3.1-8b,fitting,b68fb9257312,advbench,True,train,user,natural_slot,51,10,45,50,False
llama3.1-8b,fitting,b68fb9257312,advbench,True,train,tool,natural_slot,70,10,63,69,False
llama3.1-8b,fitting,b68fb9257312,advbench,True,train,assistant,natural_slot,60,10,54,59,False
llama3.1-8b,fitting,c9c74db918a4,jbb,True,train,system,fixed_slot,44,5,29,43,False
llama3.1-8b,fitting,c9c74db918a4,jbb,True,train,user,fixed_slot,55,5,49,54,True
llama3.1-8b,fitting,c9c74db918a4,jbb,True,train,tool,fixed_slot,58,5,51,57,True
llama3.1-8b,fitting,c9c74db918a4,jbb,True,train,assistant,fixed_slot,55,5,49,54,True
llama3.1-8b,fitting,c9c74db918a4,jbb,True,train,system,natural_slot,44,5,29,43,False
llama3.1-8b,fitting,c9c74db918a4,jbb,True,train,user,natural_slot,46,5,40,45,False
llama3.1-8b,fitting,c9c74db918a4,jbb,True,train,tool,natural_slot,66,5,59,65,False
llama3.1-8b,fitting,c9c74db918a4,jbb,True,train,assistant,natural_slot,55,5,49,54,False
llama3.1-8b,fitting,86ad5cdedfd1,sorry-bench,True,train,system,fixed_slot,59,20,44,58,False
llama3.1-8b,fitting,86ad5cdedfd1,sorry-bench,True,train,user,fixed_slot,70,20,64,69,True
llama3.1-8b,fitting,86ad5cdedfd1,sorry-bench,True,train,tool,fixed_slot,72,20,66,71,True
llama3.1-8b,fitting,86ad5cdedfd1,sorry-bench,True,train,assistant,fixed_slot,70,20,64,69,True
llama3.1-8b,fitting,86ad5cdedfd1,sorry-bench,True,train,system,natural_slot,59,20,44,58,False
llama3.1-8b,fitting,86ad5cdedfd1,sorry-bench,True,train,user,natural_slot,61,20,55,60,False
llama3.1-8b,fitting,86ad5cdedfd1,sorry-bench,True,train,tool,natural_slot,80,20,74,79,False
llama3.1-8b,fitting,86ad5cdedfd1,sorry-bench,True,train,assistant,natural_slot,70,20,64,69,False
llama3.1-8b,fitting,d75163fb402d,advbench,True,test,system,fixed_slot,51,12,36,50,False
llama3.1-8b,fitting,d75163fb402d,advbench,True,test,user,fixed_slot,62,12,56,61,True
llama3.1-8b,fitting,d75163fb402d,advbench,True,test,tool,fixed_slot,65,12,58,64,True
llama3.1-8b,fitting,d75163fb402d,advbench,True,test,assistant,fixed_slot,62,12,56,61,True
llama3.1-8b,fitting,d75163fb402d,advbench,True,test,system,natural_slot,51,12,36,50,False
llama3.1-8b,fitting,d75163fb402d,advbench,True,test,user,natural_slot,53,12,47,52,False
llama3.1-8b,fitting,d75163fb402d,advbench,True,test,tool,natural_slot,73,12,66,72,False
llama3.1-8b,fitting,d75163fb402d,advbench,True,test,assistant,natural_slot,62,12,56,61,False
llama3.1-8b,fitting,f9a57d4efcd0,jbb,True,train,system,fixed_slot,51,12,36,50,False
llama3.1-8b,fitting,f9a57d4efcd0,jbb,True,train,user,fixed_slot,62,12,56,61,True
llama3.1-8b,fitting,f9a57d4efcd0,jbb,True,train,tool,fixed_slot,65,12,58,64,True
llama3.1-8b,fitting,f9a57d4efcd0,jbb,True,train,assistant,fixed_slot,62,12,56,61,True
llama3.1-8b,fitting,f9a57d4efcd0,jbb,True,train,system,natural_slot,51,12,36,50,False
llama3.1-8b,fitting,f9a57d4efcd0,jbb,True,train,user,natural_slot,53,12,47,52,False
llama3.1-8b,fitting,f9a57d4efcd0,jbb,True,train,tool,natural_slot,73,12,66,72,False
llama3.1-8b,fitting,f9a57d4efcd0,jbb,True,train,assistant,natural_slot,62,12,56,61,False
llama3.1-8b,fitting,8bdb8423ca93,sorry-bench,True,train,system,fixed_slot,55,16,40,54,False
llama3.1-8b,fitting,8bdb8423ca93,sorry-bench,True,train,user,fixed_slot,66,16,60,65,True
llama3.1-8b,fitting,8bdb8423ca93,sorry-bench,True,train,tool,fixed_slot,68,16,62,67,True
llama3.1-8b,fitting,8bdb8423ca93,sorry-bench,True,train,assistant,fixed_slot,66,16,60,65,True
llama3.1-8b,fitting,8bdb8423ca93,sorry-bench,True,train,system,natural_slot,55,16,40,54,False
llama3.1-8b,fitting,8bdb8423ca93,sorry-bench,True,train,user,natural_slot,57,16,51,56,False
llama3.1-8b,fitting,8bdb8423ca93,sorry-bench,True,train,tool,natural_slot,76,16,70,75,False
llama3.1-8b,fitting,8bdb8423ca93,sorry-bench,True,train,assistant,natural_slot,66,16,60,65,False
llama3.1-8b,fitting,b5d22ca1321e,advbench,True,train,system,fixed_slot,54,15,39,53,False
llama3.1-8b,fitting,b5d22ca1321e,advbench,True,train,user,fixed_slot,65,15,59,64,True
llama3.1-8b,fitting,b5d22ca1321e,advbench,True,train,tool,fixed_slot,68,15,61,67,True
llama3.1-8b,fitting,b5d22ca1321e,advbench,True,train,assistant,fixed_slot,65,15,59,64,True
llama3.1-8b,fitting,b5d22ca1321e,advbench,True,train,system,natural_slot,54,15,39,53,False
llama3.1-8b,fitting,b5d22ca1321e,advbench,True,train,user,natural_slot,56,15,50,55,False
llama3.1-8b,fitting,b5d22ca1321e,advbench,True,train,tool,natural_slot,76,15,69,75,False
llama3.1-8b,fitting,b5d22ca1321e,advbench,True,train,assistant,natural_slot,65,15,59,64,False
llama3.1-8b,fitting,dfdee2a12567,jbb,True,train,system,fixed_slot,56,17,41,55,False
llama3.1-8b,fitting,dfdee2a12567,jbb,True,train,user,fixed_slot,67,17,61,66,True
llama3.1-8b,fitting,dfdee2a12567,jbb,True,train,tool,fixed_slot,70,17,63,69,True
llama3.1-8b,fitting,dfdee2a12567,jbb,True,train,assistant,fixed_slot,67,17,61,66,True
llama3.1-8b,fitting,dfdee2a12567,jbb,True,train,system,natural_slot,56,17,41,55,False
llama3.1-8b,fitting,dfdee2a12567,jbb,True,train,user,natural_slot,58,17,52,57,False
llama3.1-8b,fitting,dfdee2a12567,jbb,True,train,tool,natural_slot,78,17,71,77,False
llama3.1-8b,fitting,dfdee2a12567,jbb,True,train,assistant,natural_slot,67,17,61,66,False
llama3.1-8b,fitting,69756a3b9bf7,sorry-bench,True,train,system,fixed_slot,58,19,43,57,False
llama3.1-8b,fitting,69756a3b9bf7,sorry-bench,True,train,user,fixed_slot,69,19,63,68,True
llama3.1-8b,fitting,69756a3b9bf7,sorry-bench,True,train,tool,fixed_slot,71,19,65,70,True
llama3.1-8b,fitting,69756a3b9bf7,sorry-bench,True,train,assistant,fixed_slot,69,19,63,68,True
llama3.1-8b,fitting,69756a3b9bf7,sorry-bench,True,train,system,natural_slot,58,19,43,57,False
llama3.1-8b,fitting,69756a3b9bf7,sorry-bench,True,train,user,natural_slot,60,19,54,59,False
llama3.1-8b,fitting,69756a3b9bf7,sorry-bench,True,train,tool,natural_slot,79,19,73,78,False
llama3.1-8b,fitting,69756a3b9bf7,sorry-bench,True,train,assistant,natural_slot,69,19,63,68,False
llama3.1-8b,fitting,3c923ba3d1c2,advbench,True,train,system,fixed_slot,52,13,37,51,False
llama3.1-8b,fitting,3c923ba3d1c2,advbench,True,train,user,fixed_slot,63,13,57,62,True
llama3.1-8b,fitting,3c923ba3d1c2,advbench,True,train,tool,fixed_slot,66,13,59,65,True
llama3.1-8b,fitting,3c923ba3d1c2,advbench,True,train,assistant,fixed_slot,63,13,57,62,True
llama3.1-8b,fitting,3c923ba3d1c2,advbench,True,train,system,natural_slot,52,13,37,51,False
llama3.1-8b,fitting,3c923ba3d1c2,advbench,True,train,user,natural_slot,54,13,48,53,False
llama3.1-8b,fitting,3c923ba3d1c2,advbench,True,train,tool,natural_slot,74,13,67,73,False
llama3.1-8b,fitting,3c923ba3d1c2,advbench,True,train,assistant,natural_slot,63,13,57,62,False
llama3.1-8b,fitting,a62eb030c706,jbb,True,train,system,fixed_slot,55,16,40,54,False
llama3.1-8b,fitting,a62eb030c706,jbb,True,train,user,fixed_slot,66,16,60,65,True
llama3.1-8b,fitting,a62eb030c706,jbb,True,train,tool,fixed_slot,69,16,62,68,True
llama3.1-8b,fitting,a62eb030c706,jbb,True,train,assistant,fixed_slot,66,16,60,65,True
llama3.1-8b,fitting,a62eb030c706,jbb,True,train,system,natural_slot,55,16,40,54,False
llama3.1-8b,fitting,a62eb030c706,jbb,True,train,user,natural_slot,57,16,51,56,False
llama3.1-8b,fitting,a62eb030c706,jbb,True,train,tool,natural_slot,77,16,70,76,False
llama3.1-8b,fitting,a62eb030c706,jbb,True,train,assistant,natural_slot,66,16,60,65,False
llama3.1-8b,fitting,540fe1bca9df,sorry-bench,True,train,system,fixed_slot,73,34,58,72,False
llama3.1-8b,fitting,540fe1bca9df,sorry-bench,True,train,user,fixed_slot,84,34,78,83,True
llama3.1-8b,fitting,540fe1bca9df,sorry-bench,True,train,tool,fixed_slot,87,35,81,86,True
llama3.1-8b,fitting,540fe1bca9df,sorry-bench,True,train,assistant,fixed_slot,84,34,78,83,True
llama3.1-8b,fitting,540fe1bca9df,sorry-bench,True,train,system,natural_slot,73,34,58,72,False
llama3.1-8b,fitting,540fe1bca9df,sorry-bench,True,train,user,natural_slot,75,34,69,74,False
llama3.1-8b,fitting,540fe1bca9df,sorry-bench,True,train,tool,natural_slot,95,35,89,94,False
llama3.1-8b,fitting,540fe1bca9df,sorry-bench,True,train,assistant,natural_slot,84,34,78,83,False
llama3.1-8b,fitting,169c50df81e4,advbench,True,train,system,fixed_slot,52,13,37,51,False
llama3.1-8b,fitting,169c50df81e4,advbench,True,train,user,fixed_slot,63,13,57,62,True
llama3.1-8b,fitting,169c50df81e4,advbench,True,train,tool,fixed_slot,66,13,59,65,True
llama3.1-8b,fitting,169c50df81e4,advbench,True,train,assistant,fixed_slot,63,13,57,62,True
llama3.1-8b,fitting,169c50df81e4,advbench,True,train,system,natural_slot,52,13,37,51,False
llama3.1-8b,fitting,169c50df81e4,advbench,True,train,user,natural_slot,54,13,48,53,False
llama3.1-8b,fitting,169c50df81e4,advbench,True,train,tool,natural_slot,74,13,67,73,False
llama3.1-8b,fitting,169c50df81e4,advbench,True,train,assistant,natural_slot,63,13,57,62,False
llama3.1-8b,fitting,503137b746ec,jbb,True,train,system,fixed_slot,53,14,38,52,False
llama3.1-8b,fitting,503137b746ec,jbb,True,train,user,fixed_slot,64,14,58,63,True
llama3.1-8b,fitting,503137b746ec,jbb,True,train,tool,fixed_slot,67,14,60,66,True
llama3.1-8b,fitting,503137b746ec,jbb,True,train,assistant,fixed_slot,64,14,58,63,True
llama3.1-8b,fitting,503137b746ec,jbb,True,train,system,natural_slot,53,14,38,52,False
llama3.1-8b,fitting,503137b746ec,jbb,True,train,user,natural_slot,55,14,49,54,False
llama3.1-8b,fitting,503137b746ec,jbb,True,train,tool,natural_slot,75,14,68,74,False
llama3.1-8b,fitting,503137b746ec,jbb,True,train,assistant,natural_slot,64,14,58,63,False
llama3.1-8b,fitting,ab3a3f2ebc04,sorry-bench,True,train,system,fixed_slot,74,35,59,73,False
llama3.1-8b,fitting,ab3a3f2ebc04,sorry-bench,True,train,user,fixed_slot,85,35,79,84,True
llama3.1-8b,fitting,ab3a3f2ebc04,sorry-bench,True,train,tool,fixed_slot,86,35,80,85,True
llama3.1-8b,fitting,ab3a3f2ebc04,sorry-bench,True,train,assistant,fixed_slot,85,35,79,84,True
llama3.1-8b,fitting,ab3a3f2ebc04,sorry-bench,True,train,system,natural_slot,74,35,59,73,False
llama3.1-8b,fitting,ab3a3f2ebc04,sorry-bench,True,train,user,natural_slot,76,35,70,75,False
llama3.1-8b,fitting,ab3a3f2ebc04,sorry-bench,True,train,tool,natural_slot,94,35,88,93,False
llama3.1-8b,fitting,ab3a3f2ebc04,sorry-bench,True,train,assistant,natural_slot,85,35,79,84,False
llama3.1-8b,fitting,53c67c7f6fee,advbench,True,train,system,fixed_slot,48,9,33,47,False
llama3.1-8b,fitting,53c67c7f6fee,advbench,True,train,user,fixed_slot,59,9,53,58,True
llama3.1-8b,fitting,53c67c7f6fee,advbench,True,train,tool,fixed_slot,62,9,55,61,True
llama3.1-8b,fitting,53c67c7f6fee,advbench,True,train,assistant,fixed_slot,59,9,53,58,True
llama3.1-8b,fitting,53c67c7f6fee,advbench,True,train,system,natural_slot,48,9,33,47,False
llama3.1-8b,fitting,53c67c7f6fee,advbench,True,train,user,natural_slot,50,9,44,49,False
llama3.1-8b,fitting,53c67c7f6fee,advbench,True,train,tool,natural_slot,70,9,63,69,False
llama3.1-8b,fitting,53c67c7f6fee,advbench,True,train,assistant,natural_slot,59,9,53,58,False
llama3.1-8b,fitting,59bf061a5ea2,jbb,True,train,system,fixed_slot,59,20,44,58,False
llama3.1-8b,fitting,59bf061a5ea2,jbb,True,train,user,fixed_slot,70,20,64,69,True
llama3.1-8b,fitting,59bf061a5ea2,jbb,True,train,tool,fixed_slot,73,20,66,72,True
llama3.1-8b,fitting,59bf061a5ea2,jbb,True,train,assistant,fixed_slot,70,20,64,69,True
llama3.1-8b,fitting,59bf061a5ea2,jbb,True,train,system,natural_slot,59,20,44,58,False
llama3.1-8b,fitting,59bf061a5ea2,jbb,True,train,user,natural_slot,61,20,55,60,False
llama3.1-8b,fitting,59bf061a5ea2,jbb,True,train,tool,natural_slot,81,20,74,80,False
llama3.1-8b,fitting,59bf061a5ea2,jbb,True,train,assistant,natural_slot,70,20,64,69,False
llama3.1-8b,fitting,8fec1d8cc38e,sorry-bench,True,train,system,fixed_slot,67,28,52,66,False
llama3.1-8b,fitting,8fec1d8cc38e,sorry-bench,True,train,user,fixed_slot,78,28,72,77,True
llama3.1-8b,fitting,8fec1d8cc38e,sorry-bench,True,train,tool,fixed_slot,79,28,73,78,True
llama3.1-8b,fitting,8fec1d8cc38e,sorry-bench,True,train,assistant,fixed_slot,78,28,72,77,True
llama3.1-8b,fitting,8fec1d8cc38e,sorry-bench,True,train,system,natural_slot,67,28,52,66,False
llama3.1-8b,fitting,8fec1d8cc38e,sorry-bench,True,train,user,natural_slot,69,28,63,68,False
llama3.1-8b,fitting,8fec1d8cc38e,sorry-bench,True,train,tool,natural_slot,87,28,81,86,False
llama3.1-8b,fitting,8fec1d8cc38e,sorry-bench,True,train,assistant,natural_slot,78,28,72,77,False
llama3.1-8b,fitting,6c773b138157,advbench,True,train,system,fixed_slot,53,14,38,52,False
llama3.1-8b,fitting,6c773b138157,advbench,True,train,user,fixed_slot,64,14,58,63,True
llama3.1-8b,fitting,6c773b138157,advbench,True,train,tool,fixed_slot,67,14,60,66,True
llama3.1-8b,fitting,6c773b138157,advbench,True,train,assistant,fixed_slot,64,14,58,63,True
llama3.1-8b,fitting,6c773b138157,advbench,True,train,system,natural_slot,53,14,38,52,False
llama3.1-8b,fitting,6c773b138157,advbench,True,train,user,natural_slot,55,14,49,54,False
llama3.1-8b,fitting,6c773b138157,advbench,True,train,tool,natural_slot,75,14,68,74,False
llama3.1-8b,fitting,6c773b138157,advbench,True,train,assistant,natural_slot,64,14,58,63,False
llama3.1-8b,fitting,86ccf594db67,jbb,True,train,system,fixed_slot,57,18,42,56,False
llama3.1-8b,fitting,86ccf594db67,jbb,True,train,user,fixed_slot,68,18,62,67,True
llama3.1-8b,fitting,86ccf594db67,jbb,True,train,tool,fixed_slot,71,18,64,70,True
llama3.1-8b,fitting,86ccf594db67,jbb,True,train,assistant,fixed_slot,68,18,62,67,True
llama3.1-8b,fitting,86ccf594db67,jbb,True,train,system,natural_slot,57,18,42,56,False
llama3.1-8b,fitting,86ccf594db67,jbb,True,train,user,natural_slot,59,18,53,58,False
llama3.1-8b,fitting,86ccf594db67,jbb,True,train,tool,natural_slot,79,18,72,78,False
llama3.1-8b,fitting,86ccf594db67,jbb,True,train,assistant,natural_slot,68,18,62,67,False
llama3.1-8b,fitting,6bcbf5ef9f1a,sorry-bench,True,test,system,fixed_slot,60,21,45,59,False
llama3.1-8b,fitting,6bcbf5ef9f1a,sorry-bench,True,test,user,fixed_slot,71,21,65,70,True
llama3.1-8b,fitting,6bcbf5ef9f1a,sorry-bench,True,test,tool,fixed_slot,73,21,67,72,True
llama3.1-8b,fitting,6bcbf5ef9f1a,sorry-bench,True,test,assistant,fixed_slot,71,21,65,70,True
llama3.1-8b,fitting,6bcbf5ef9f1a,sorry-bench,True,test,system,natural_slot,60,21,45,59,False
llama3.1-8b,fitting,6bcbf5ef9f1a,sorry-bench,True,test,user,natural_slot,62,21,56,61,False
llama3.1-8b,fitting,6bcbf5ef9f1a,sorry-bench,True,test,tool,natural_slot,81,21,75,80,False
llama3.1-8b,fitting,6bcbf5ef9f1a,sorry-bench,True,test,assistant,natural_slot,71,21,65,70,False
llama3.1-8b,fitting,577abbc29d03,advbench,True,train,system,fixed_slot,54,15,39,53,False
llama3.1-8b,fitting,577abbc29d03,advbench,True,train,user,fixed_slot,65,15,59,64,True
llama3.1-8b,fitting,577abbc29d03,advbench,True,train,tool,fixed_slot,68,15,61,67,True
llama3.1-8b,fitting,577abbc29d03,advbench,True,train,assistant,fixed_slot,65,15,59,64,True
llama3.1-8b,fitting,577abbc29d03,advbench,True,train,system,natural_slot,54,15,39,53,False
llama3.1-8b,fitting,577abbc29d03,advbench,True,train,user,natural_slot,56,15,50,55,False
llama3.1-8b,fitting,577abbc29d03,advbench,True,train,tool,natural_slot,76,15,69,75,False
llama3.1-8b,fitting,577abbc29d03,advbench,True,train,assistant,natural_slot,65,15,59,64,False
llama3.1-8b,fitting,067979fd74ef,jbb,True,train,system,fixed_slot,51,12,36,50,False
llama3.1-8b,fitting,067979fd74ef,jbb,True,train,user,fixed_slot,62,12,56,61,True
llama3.1-8b,fitting,067979fd74ef,jbb,True,train,tool,fixed_slot,65,12,58,64,True
llama3.1-8b,fitting,067979fd74ef,jbb,True,train,assistant,fixed_slot,62,12,56,61,True
llama3.1-8b,fitting,067979fd74ef,jbb,True,train,system,natural_slot,51,12,36,50,False
llama3.1-8b,fitting,067979fd74ef,jbb,True,train,user,natural_slot,53,12,47,52,False
llama3.1-8b,fitting,067979fd74ef,jbb,True,train,tool,natural_slot,73,12,66,72,False
llama3.1-8b,fitting,067979fd74ef,jbb,True,train,assistant,natural_slot,62,12,56,61,False
llama3.1-8b,fitting,b10580202810,sorry-bench,True,train,system,fixed_slot,57,18,42,56,False
llama3.1-8b,fitting,b10580202810,sorry-bench,True,train,user,fixed_slot,68,18,62,67,True
llama3.1-8b,fitting,b10580202810,sorry-bench,True,train,tool,fixed_slot,70,18,64,69,True
llama3.1-8b,fitting,b10580202810,sorry-bench,True,train,assistant,fixed_slot,68,18,62,67,True
llama3.1-8b,fitting,b10580202810,sorry-bench,True,train,system,natural_slot,57,18,42,56,False
llama3.1-8b,fitting,b10580202810,sorry-bench,True,train,user,natural_slot,59,18,53,58,False
llama3.1-8b,fitting,b10580202810,sorry-bench,True,train,tool,natural_slot,78,18,72,77,False
llama3.1-8b,fitting,b10580202810,sorry-bench,True,train,assistant,natural_slot,68,18,62,67,False
llama3.1-8b,fitting,528a1655261c,advbench,True,train,system,fixed_slot,47,8,32,46,False
llama3.1-8b,fitting,528a1655261c,advbench,True,train,user,fixed_slot,58,8,52,57,True
llama3.1-8b,fitting,528a1655261c,advbench,True,train,tool,fixed_slot,61,8,54,60,True
llama3.1-8b,fitting,528a1655261c,advbench,True,train,assistant,fixed_slot,58,8,52,57,True
llama3.1-8b,fitting,528a1655261c,advbench,True,train,system,natural_slot,47,8,32,46,False
llama3.1-8b,fitting,528a1655261c,advbench,True,train,user,natural_slot,49,8,43,48,False
llama3.1-8b,fitting,528a1655261c,advbench,True,train,tool,natural_slot,69,8,62,68,False
llama3.1-8b,fitting,528a1655261c,advbench,True,train,assistant,natural_slot,58,8,52,57,False
llama3.1-8b,fitting,c92b697edc73,jbb,True,train,system,fixed_slot,53,14,38,52,False
llama3.1-8b,fitting,c92b697edc73,jbb,True,train,user,fixed_slot,64,14,58,63,True
llama3.1-8b,fitting,c92b697edc73,jbb,True,train,tool,fixed_slot,67,14,60,66,True
llama3.1-8b,fitting,c92b697edc73,jbb,True,train,assistant,fixed_slot,64,14,58,63,True
llama3.1-8b,fitting,c92b697edc73,jbb,True,train,system,natural_slot,53,14,38,52,False
llama3.1-8b,fitting,c92b697edc73,jbb,True,train,user,natural_slot,55,14,49,54,False
llama3.1-8b,fitting,c92b697edc73,jbb,True,train,tool,natural_slot,75,14,68,74,False
llama3.1-8b,fitting,c92b697edc73,jbb,True,train,assistant,natural_slot,64,14,58,63,False
llama3.1-8b,fitting,c156d6f02f9b,sorry-bench,True,train,system,fixed_slot,64,25,49,63,False
llama3.1-8b,fitting,c156d6f02f9b,sorry-bench,True,train,user,fixed_slot,75,25,69,74,True
llama3.1-8b,fitting,c156d6f02f9b,sorry-bench,True,train,tool,fixed_slot,77,25,71,76,True
llama3.1-8b,fitting,c156d6f02f9b,sorry-bench,True,train,assistant,fixed_slot,75,25,69,74,True
llama3.1-8b,fitting,c156d6f02f9b,sorry-bench,True,train,system,natural_slot,64,25,49,63,False
llama3.1-8b,fitting,c156d6f02f9b,sorry-bench,True,train,user,natural_slot,66,25,60,65,False
llama3.1-8b,fitting,c156d6f02f9b,sorry-bench,True,train,tool,natural_slot,85,25,79,84,False
llama3.1-8b,fitting,c156d6f02f9b,sorry-bench,True,train,assistant,natural_slot,75,25,69,74,False
llama3.1-8b,fitting,5c477869c231,advbench,True,test,system,fixed_slot,54,15,39,53,False
llama3.1-8b,fitting,5c477869c231,advbench,True,test,user,fixed_slot,65,15,59,64,True
llama3.1-8b,fitting,5c477869c231,advbench,True,test,tool,fixed_slot,68,15,61,67,True
llama3.1-8b,fitting,5c477869c231,advbench,True,test,assistant,fixed_slot,65,15,59,64,True
llama3.1-8b,fitting,5c477869c231,advbench,True,test,system,natural_slot,54,15,39,53,False
llama3.1-8b,fitting,5c477869c231,advbench,True,test,user,natural_slot,56,15,50,55,False
llama3.1-8b,fitting,5c477869c231,advbench,True,test,tool,natural_slot,76,15,69,75,False
llama3.1-8b,fitting,5c477869c231,advbench,True,test,assistant,natural_slot,65,15,59,64,False
llama3.1-8b,fitting,4180816e5fca,jbb,True,train,system,fixed_slot,52,13,37,51,False
llama3.1-8b,fitting,4180816e5fca,jbb,True,train,user,fixed_slot,63,13,57,62,True
llama3.1-8b,fitting,4180816e5fca,jbb,True,train,tool,fixed_slot,66,13,59,65,True
llama3.1-8b,fitting,4180816e5fca,jbb,True,train,assistant,fixed_slot,63,13,57,62,True
llama3.1-8b,fitting,4180816e5fca,jbb,True,train,system,natural_slot,52,13,37,51,False
llama3.1-8b,fitting,4180816e5fca,jbb,True,train,user,natural_slot,54,13,48,53,False
llama3.1-8b,fitting,4180816e5fca,jbb,True,train,tool,natural_slot,74,13,67,73,False
llama3.1-8b,fitting,4180816e5fca,jbb,True,train,assistant,natural_slot,63,13,57,62,False
llama3.1-8b,fitting,4a4405cad1be,sorry-bench,True,train,system,fixed_slot,52,13,37,51,False
llama3.1-8b,fitting,4a4405cad1be,sorry-bench,True,train,user,fixed_slot,63,13,57,62,True
llama3.1-8b,fitting,4a4405cad1be,sorry-bench,True,train,tool,fixed_slot,65,13,59,64,True
llama3.1-8b,fitting,4a4405cad1be,sorry-bench,True,train,assistant,fixed_slot,63,13,57,62,True
llama3.1-8b,fitting,4a4405cad1be,sorry-bench,True,train,system,natural_slot,52,13,37,51,False
llama3.1-8b,fitting,4a4405cad1be,sorry-bench,True,train,user,natural_slot,54,13,48,53,False
llama3.1-8b,fitting,4a4405cad1be,sorry-bench,True,train,tool,natural_slot,73,13,67,72,False
llama3.1-8b,fitting,4a4405cad1be,sorry-bench,True,train,assistant,natural_slot,63,13,57,62,False
llama3.1-8b,fitting,9b3389bf8a1d,advbench,True,train,system,fixed_slot,52,13,37,51,False
llama3.1-8b,fitting,9b3389bf8a1d,advbench,True,train,user,fixed_slot,63,13,57,62,True
llama3.1-8b,fitting,9b3389bf8a1d,advbench,True,train,tool,fixed_slot,66,13,59,65,True
llama3.1-8b,fitting,9b3389bf8a1d,advbench,True,train,assistant,fixed_slot,63,13,57,62,True
llama3.1-8b,fitting,9b3389bf8a1d,advbench,True,train,system,natural_slot,52,13,37,51,False
llama3.1-8b,fitting,9b3389bf8a1d,advbench,True,train,user,natural_slot,54,13,48,53,False
llama3.1-8b,fitting,9b3389bf8a1d,advbench,True,train,tool,natural_slot,74,13,67,73,False
llama3.1-8b,fitting,9b3389bf8a1d,advbench,True,train,assistant,natural_slot,63,13,57,62,False
llama3.1-8b,fitting,f4acb2a4f2f7,jbb,True,test,system,fixed_slot,60,21,45,59,False
llama3.1-8b,fitting,f4acb2a4f2f7,jbb,True,test,user,fixed_slot,71,21,65,70,True
llama3.1-8b,fitting,f4acb2a4f2f7,jbb,True,test,tool,fixed_slot,74,21,67,73,True
llama3.1-8b,fitting,f4acb2a4f2f7,jbb,True,test,assistant,fixed_slot,71,21,65,70,True
llama3.1-8b,fitting,f4acb2a4f2f7,jbb,True,test,system,natural_slot,60,21,45,59,False
llama3.1-8b,fitting,f4acb2a4f2f7,jbb,True,test,user,natural_slot,62,21,56,61,False
llama3.1-8b,fitting,f4acb2a4f2f7,jbb,True,test,tool,natural_slot,82,21,75,81,False
llama3.1-8b,fitting,f4acb2a4f2f7,jbb,True,test,assistant,natural_slot,71,21,65,70,False
llama3.1-8b,fitting,32156b481c5e,sorry-bench,True,train,system,fixed_slot,61,22,46,60,False
llama3.1-8b,fitting,32156b481c5e,sorry-bench,True,train,user,fixed_slot,72,22,66,71,True
llama3.1-8b,fitting,32156b481c5e,sorry-bench,True,train,tool,fixed_slot,74,22,68,73,True
llama3.1-8b,fitting,32156b481c5e,sorry-bench,True,train,assistant,fixed_slot,72,22,66,71,True
llama3.1-8b,fitting,32156b481c5e,sorry-bench,True,train,system,natural_slot,61,22,46,60,False
llama3.1-8b,fitting,32156b481c5e,sorry-bench,True,train,user,natural_slot,63,22,57,62,False
llama3.1-8b,fitting,32156b481c5e,sorry-bench,True,train,tool,natural_slot,82,22,76,81,False
llama3.1-8b,fitting,32156b481c5e,sorry-bench,True,train,assistant,natural_slot,72,22,66,71,False
llama3.1-8b,fitting,8fe15155524b,advbench,True,train,system,fixed_slot,59,20,44,58,False
llama3.1-8b,fitting,8fe15155524b,advbench,True,train,user,fixed_slot,70,20,64,69,True
llama3.1-8b,fitting,8fe15155524b,advbench,True,train,tool,fixed_slot,73,20,66,72,True
llama3.1-8b,fitting,8fe15155524b,advbench,True,train,assistant,fixed_slot,70,20,64,69,True
llama3.1-8b,fitting,8fe15155524b,advbench,True,train,system,natural_slot,59,20,44,58,False
llama3.1-8b,fitting,8fe15155524b,advbench,True,train,user,natural_slot,61,20,55,60,False
llama3.1-8b,fitting,8fe15155524b,advbench,True,train,tool,natural_slot,81,20,74,80,False
llama3.1-8b,fitting,8fe15155524b,advbench,True,train,assistant,natural_slot,70,20,64,69,False
llama3.1-8b,fitting,91b6abd92162,jbb,True,test,system,fixed_slot,60,21,45,59,False
llama3.1-8b,fitting,91b6abd92162,jbb,True,test,user,fixed_slot,71,21,65,70,True
llama3.1-8b,fitting,91b6abd92162,jbb,True,test,tool,fixed_slot,74,21,67,73,True
llama3.1-8b,fitting,91b6abd92162,jbb,True,test,assistant,fixed_slot,71,21,65,70,True
llama3.1-8b,fitting,91b6abd92162,jbb,True,test,system,natural_slot,60,21,45,59,False
llama3.1-8b,fitting,91b6abd92162,jbb,True,test,user,natural_slot,62,21,56,61,False
llama3.1-8b,fitting,91b6abd92162,jbb,True,test,tool,natural_slot,82,21,75,81,False
llama3.1-8b,fitting,91b6abd92162,jbb,True,test,assistant,natural_slot,71,21,65,70,False
llama3.1-8b,fitting,ccb197719a54,sorry-bench,True,train,system,fixed_slot,58,19,43,57,False
llama3.1-8b,fitting,ccb197719a54,sorry-bench,True,train,user,fixed_slot,69,19,63,68,True
llama3.1-8b,fitting,ccb197719a54,sorry-bench,True,train,tool,fixed_slot,71,19,65,70,True
llama3.1-8b,fitting,ccb197719a54,sorry-bench,True,train,assistant,fixed_slot,69,19,63,68,True
llama3.1-8b,fitting,ccb197719a54,sorry-bench,True,train,system,natural_slot,58,19,43,57,False
llama3.1-8b,fitting,ccb197719a54,sorry-bench,True,train,user,natural_slot,60,19,54,59,False
llama3.1-8b,fitting,ccb197719a54,sorry-bench,True,train,tool,natural_slot,79,19,73,78,False
llama3.1-8b,fitting,ccb197719a54,sorry-bench,True,train,assistant,natural_slot,69,19,63,68,False
llama3.1-8b,fitting,0b808694a8a7,advbench,True,test,system,fixed_slot,53,14,38,52,False
llama3.1-8b,fitting,0b808694a8a7,advbench,True,test,user,fixed_slot,64,14,58,63,True
llama3.1-8b,fitting,0b808694a8a7,advbench,True,test,tool,fixed_slot,67,15,60,66,True
llama3.1-8b,fitting,0b808694a8a7,advbench,True,test,assistant,fixed_slot,64,14,58,63,True
llama3.1-8b,fitting,0b808694a8a7,advbench,True,test,system,natural_slot,53,14,38,52,False
llama3.1-8b,fitting,0b808694a8a7,advbench,True,test,user,natural_slot,55,14,49,54,False
llama3.1-8b,fitting,0b808694a8a7,advbench,True,test,tool,natural_slot,75,15,68,74,False
llama3.1-8b,fitting,0b808694a8a7,advbench,True,test,assistant,natural_slot,64,14,58,63,False
llama3.1-8b,fitting,61282fa27d77,jbb,True,train,system,fixed_slot,50,11,35,49,False
llama3.1-8b,fitting,61282fa27d77,jbb,True,train,user,fixed_slot,61,11,55,60,True
llama3.1-8b,fitting,61282fa27d77,jbb,True,train,tool,fixed_slot,64,11,57,63,True
llama3.1-8b,fitting,61282fa27d77,jbb,True,train,assistant,fixed_slot,61,11,55,60,True
llama3.1-8b,fitting,61282fa27d77,jbb,True,train,system,natural_slot,50,11,35,49,False
llama3.1-8b,fitting,61282fa27d77,jbb,True,train,user,natural_slot,52,11,46,51,False
llama3.1-8b,fitting,61282fa27d77,jbb,True,train,tool,natural_slot,72,11,65,71,False
llama3.1-8b,fitting,61282fa27d77,jbb,True,train,assistant,natural_slot,61,11,55,60,False
llama3.1-8b,fitting,f5d15b9659fa,sorry-bench,True,test,system,fixed_slot,56,17,41,55,False
llama3.1-8b,fitting,f5d15b9659fa,sorry-bench,True,test,user,fixed_slot,67,17,61,66,True
llama3.1-8b,fitting,f5d15b9659fa,sorry-bench,True,test,tool,fixed_slot,69,17,63,68,True
llama3.1-8b,fitting,f5d15b9659fa,sorry-bench,True,test,assistant,fixed_slot,67,17,61,66,True
llama3.1-8b,fitting,f5d15b9659fa,sorry-bench,True,test,system,natural_slot,56,17,41,55,False
llama3.1-8b,fitting,f5d15b9659fa,sorry-bench,True,test,user,natural_slot,58,17,52,57,False
llama3.1-8b,fitting,f5d15b9659fa,sorry-bench,True,test,tool,natural_slot,77,17,71,76,False
llama3.1-8b,fitting,f5d15b9659fa,sorry-bench,True,test,assistant,natural_slot,67,17,61,66,False
llama3.1-8b,fitting,307da1e906a4,advbench,True,train,system,fixed_slot,53,14,38,52,False
llama3.1-8b,fitting,307da1e906a4,advbench,True,train,user,fixed_slot,64,14,58,63,True
llama3.1-8b,fitting,307da1e906a4,advbench,True,train,tool,fixed_slot,67,14,60,66,True
llama3.1-8b,fitting,307da1e906a4,advbench,True,train,assistant,fixed_slot,64,14,58,63,True
llama3.1-8b,fitting,307da1e906a4,advbench,True,train,system,natural_slot,53,14,38,52,False
llama3.1-8b,fitting,307da1e906a4,advbench,True,train,user,natural_slot,55,14,49,54,False
llama3.1-8b,fitting,307da1e906a4,advbench,True,train,tool,natural_slot,75,14,68,74,False
llama3.1-8b,fitting,307da1e906a4,advbench,True,train,assistant,natural_slot,64,14,58,63,False
llama3.1-8b,fitting,25afb195ed54,jbb,True,train,system,fixed_slot,64,25,49,63,False
llama3.1-8b,fitting,25afb195ed54,jbb,True,train,user,fixed_slot,75,25,69,74,True
llama3.1-8b,fitting,25afb195ed54,jbb,True,train,tool,fixed_slot,78,25,71,77,True
llama3.1-8b,fitting,25afb195ed54,jbb,True,train,assistant,fixed_slot,75,25,69,74,True
llama3.1-8b,fitting,25afb195ed54,jbb,True,train,system,natural_slot,64,25,49,63,False
llama3.1-8b,fitting,25afb195ed54,jbb,True,train,user,natural_slot,66,25,60,65,False
llama3.1-8b,fitting,25afb195ed54,jbb,True,train,tool,natural_slot,86,25,79,85,False
llama3.1-8b,fitting,25afb195ed54,jbb,True,train,assistant,natural_slot,75,25,69,74,False
llama3.1-8b,fitting,c71bd06f4cc2,sorry-bench,True,train,system,fixed_slot,86,47,71,85,False
llama3.1-8b,fitting,c71bd06f4cc2,sorry-bench,True,train,user,fixed_slot,97,47,91,96,True
llama3.1-8b,fitting,c71bd06f4cc2,sorry-bench,True,train,tool,fixed_slot,98,47,92,97,True
llama3.1-8b,fitting,c71bd06f4cc2,sorry-bench,True,train,assistant,fixed_slot,97,47,91,96,True
llama3.1-8b,fitting,c71bd06f4cc2,sorry-bench,True,train,system,natural_slot,86,47,71,85,False
llama3.1-8b,fitting,c71bd06f4cc2,sorry-bench,True,train,user,natural_slot,88,47,82,87,False
llama3.1-8b,fitting,c71bd06f4cc2,sorry-bench,True,train,tool,natural_slot,106,47,100,105,False
llama3.1-8b,fitting,c71bd06f4cc2,sorry-bench,True,train,assistant,natural_slot,97,47,91,96,False
llama3.1-8b,fitting,451bfc154d01,advbench,True,train,system,fixed_slot,51,12,36,50,False
llama3.1-8b,fitting,451bfc154d01,advbench,True,train,user,fixed_slot,62,12,56,61,True
llama3.1-8b,fitting,451bfc154d01,advbench,True,train,tool,fixed_slot,65,12,58,64,True
llama3.1-8b,fitting,451bfc154d01,advbench,True,train,assistant,fixed_slot,62,12,56,61,True
llama3.1-8b,fitting,451bfc154d01,advbench,True,train,system,natural_slot,51,12,36,50,False
llama3.1-8b,fitting,451bfc154d01,advbench,True,train,user,natural_slot,53,12,47,52,False
llama3.1-8b,fitting,451bfc154d01,advbench,True,train,tool,natural_slot,73,12,66,72,False
llama3.1-8b,fitting,451bfc154d01,advbench,True,train,assistant,natural_slot,62,12,56,61,False
llama3.1-8b,fitting,fdc9c54475da,jbb,True,train,system,fixed_slot,45,6,30,44,False
llama3.1-8b,fitting,fdc9c54475da,jbb,True,train,user,fixed_slot,56,6,50,55,True
llama3.1-8b,fitting,fdc9c54475da,jbb,True,train,tool,fixed_slot,59,6,52,58,True
llama3.1-8b,fitting,fdc9c54475da,jbb,True,train,assistant,fixed_slot,56,6,50,55,True
llama3.1-8b,fitting,fdc9c54475da,jbb,True,train,system,natural_slot,45,6,30,44,False
llama3.1-8b,fitting,fdc9c54475da,jbb,True,train,user,natural_slot,47,6,41,46,False
llama3.1-8b,fitting,fdc9c54475da,jbb,True,train,tool,natural_slot,67,6,60,66,False
llama3.1-8b,fitting,fdc9c54475da,jbb,True,train,assistant,natural_slot,56,6,50,55,False
llama3.1-8b,fitting,98a9752142a7,sorry-bench,True,test,system,fixed_slot,89,50,74,88,False
llama3.1-8b,fitting,98a9752142a7,sorry-bench,True,test,user,fixed_slot,100,50,94,99,True
llama3.1-8b,fitting,98a9752142a7,sorry-bench,True,test,tool,fixed_slot,102,50,96,101,True
llama3.1-8b,fitting,98a9752142a7,sorry-bench,True,test,assistant,fixed_slot,100,50,94,99,True
llama3.1-8b,fitting,98a9752142a7,sorry-bench,True,test,system,natural_slot,89,50,74,88,False
llama3.1-8b,fitting,98a9752142a7,sorry-bench,True,test,user,natural_slot,91,50,85,90,False
llama3.1-8b,fitting,98a9752142a7,sorry-bench,True,test,tool,natural_slot,110,50,104,109,False
llama3.1-8b,fitting,98a9752142a7,sorry-bench,True,test,assistant,natural_slot,100,50,94,99,False
llama3.1-8b,fitting,d5004847e55a,advbench,True,train,system,fixed_slot,47,8,32,46,False
llama3.1-8b,fitting,d5004847e55a,advbench,True,train,user,fixed_slot,58,8,52,57,True
llama3.1-8b,fitting,d5004847e55a,advbench,True,train,tool,fixed_slot,60,8,53,59,True
llama3.1-8b,fitting,d5004847e55a,advbench,True,train,assistant,fixed_slot,58,8,52,57,True
llama3.1-8b,fitting,d5004847e55a,advbench,True,train,system,natural_slot,47,8,32,46,False
llama3.1-8b,fitting,d5004847e55a,advbench,True,train,user,natural_slot,49,8,43,48,False
llama3.1-8b,fitting,d5004847e55a,advbench,True,train,tool,natural_slot,68,8,61,67,False
llama3.1-8b,fitting,d5004847e55a,advbench,True,train,assistant,natural_slot,58,8,52,57,False
llama3.1-8b,fitting,03b3884a94cc,jbb,True,test,system,fixed_slot,50,11,35,49,False
llama3.1-8b,fitting,03b3884a94cc,jbb,True,test,user,fixed_slot,61,11,55,60,True
llama3.1-8b,fitting,03b3884a94cc,jbb,True,test,tool,fixed_slot,64,11,57,63,True
llama3.1-8b,fitting,03b3884a94cc,jbb,True,test,assistant,fixed_slot,61,11,55,60,True
llama3.1-8b,fitting,03b3884a94cc,jbb,True,test,system,natural_slot,50,11,35,49,False
llama3.1-8b,fitting,03b3884a94cc,jbb,True,test,user,natural_slot,52,11,46,51,False
llama3.1-8b,fitting,03b3884a94cc,jbb,True,test,tool,natural_slot,72,11,65,71,False
llama3.1-8b,fitting,03b3884a94cc,jbb,True,test,assistant,natural_slot,61,11,55,60,False
llama3.1-8b,fitting,e065989d0498,sorry-bench,True,train,system,fixed_slot,56,17,41,55,False
llama3.1-8b,fitting,e065989d0498,sorry-bench,True,train,user,fixed_slot,67,17,61,66,True
llama3.1-8b,fitting,e065989d0498,sorry-bench,True,train,tool,fixed_slot,69,17,63,68,True
llama3.1-8b,fitting,e065989d0498,sorry-bench,True,train,assistant,fixed_slot,67,17,61,66,True
llama3.1-8b,fitting,e065989d0498,sorry-bench,True,train,system,natural_slot,56,17,41,55,False
llama3.1-8b,fitting,e065989d0498,sorry-bench,True,train,user,natural_slot,58,17,52,57,False
llama3.1-8b,fitting,e065989d0498,sorry-bench,True,train,tool,natural_slot,77,17,71,76,False
llama3.1-8b,fitting,e065989d0498,sorry-bench,True,train,assistant,natural_slot,67,17,61,66,False
llama3.1-8b,fitting,74d9290edaa3,advbench,True,test,system,fixed_slot,57,18,42,56,False
llama3.1-8b,fitting,74d9290edaa3,advbench,True,test,user,fixed_slot,68,18,62,67,True
llama3.1-8b,fitting,74d9290edaa3,advbench,True,test,tool,fixed_slot,71,18,64,70,True
llama3.1-8b,fitting,74d9290edaa3,advbench,True,test,assistant,fixed_slot,68,18,62,67,True
llama3.1-8b,fitting,74d9290edaa3,advbench,True,test,system,natural_slot,57,18,42,56,False
llama3.1-8b,fitting,74d9290edaa3,advbench,True,test,user,natural_slot,59,18,53,58,False
llama3.1-8b,fitting,74d9290edaa3,advbench,True,test,tool,natural_slot,79,18,72,78,False
llama3.1-8b,fitting,74d9290edaa3,advbench,True,test,assistant,natural_slot,68,18,62,67,False
llama3.1-8b,fitting,c1864ca64cf4,jbb,True,test,system,fixed_slot,58,19,43,57,False
llama3.1-8b,fitting,c1864ca64cf4,jbb,True,test,user,fixed_slot,69,19,63,68,True
llama3.1-8b,fitting,c1864ca64cf4,jbb,True,test,tool,fixed_slot,72,19,65,71,True
llama3.1-8b,fitting,c1864ca64cf4,jbb,True,test,assistant,fixed_slot,69,19,63,68,True
llama3.1-8b,fitting,c1864ca64cf4,jbb,True,test,system,natural_slot,58,19,43,57,False
llama3.1-8b,fitting,c1864ca64cf4,jbb,True,test,user,natural_slot,60,19,54,59,False
llama3.1-8b,fitting,c1864ca64cf4,jbb,True,test,tool,natural_slot,80,19,73,79,False
llama3.1-8b,fitting,c1864ca64cf4,jbb,True,test,assistant,natural_slot,69,19,63,68,False
llama3.1-8b,fitting,fdb336a5c283,alpaca,False,train,system,fixed_slot,48,9,33,47,False
llama3.1-8b,fitting,fdb336a5c283,alpaca,False,train,user,fixed_slot,59,9,53,58,True
llama3.1-8b,fitting,fdb336a5c283,alpaca,False,train,tool,fixed_slot,62,10,55,61,True
llama3.1-8b,fitting,fdb336a5c283,alpaca,False,train,assistant,fixed_slot,59,9,53,58,True
llama3.1-8b,fitting,fdb336a5c283,alpaca,False,train,system,natural_slot,48,9,33,47,False
llama3.1-8b,fitting,fdb336a5c283,alpaca,False,train,user,natural_slot,50,9,44,49,False
llama3.1-8b,fitting,fdb336a5c283,alpaca,False,train,tool,natural_slot,70,10,63,69,False
llama3.1-8b,fitting,fdb336a5c283,alpaca,False,train,assistant,natural_slot,59,9,53,58,False
llama3.1-8b,fitting,56ad48744625,xstest_safe,False,train,system,fixed_slot,54,15,39,53,False
llama3.1-8b,fitting,56ad48744625,xstest_safe,False,train,user,fixed_slot,65,15,59,64,True
llama3.1-8b,fitting,56ad48744625,xstest_safe,False,train,tool,fixed_slot,66,15,60,65,True
llama3.1-8b,fitting,56ad48744625,xstest_safe,False,train,assistant,fixed_slot,65,15,59,64,True
llama3.1-8b,fitting,56ad48744625,xstest_safe,False,train,system,natural_slot,54,15,39,53,False
llama3.1-8b,fitting,56ad48744625,xstest_safe,False,train,user,natural_slot,56,15,50,55,False
llama3.1-8b,fitting,56ad48744625,xstest_safe,False,train,tool,natural_slot,74,15,68,73,False
llama3.1-8b,fitting,56ad48744625,xstest_safe,False,train,assistant,natural_slot,65,15,59,64,False
llama3.1-8b,fitting,a050b44f11d9,alpaca,False,train,system,fixed_slot,46,7,31,45,False
llama3.1-8b,fitting,a050b44f11d9,alpaca,False,train,user,fixed_slot,57,7,51,56,True
llama3.1-8b,fitting,a050b44f11d9,alpaca,False,train,tool,fixed_slot,60,7,53,59,True
llama3.1-8b,fitting,a050b44f11d9,alpaca,False,train,assistant,fixed_slot,57,7,51,56,True
llama3.1-8b,fitting,a050b44f11d9,alpaca,False,train,system,natural_slot,46,7,31,45,False
llama3.1-8b,fitting,a050b44f11d9,alpaca,False,train,user,natural_slot,48,7,42,47,False
llama3.1-8b,fitting,a050b44f11d9,alpaca,False,train,tool,natural_slot,68,7,61,67,False
llama3.1-8b,fitting,a050b44f11d9,alpaca,False,train,assistant,natural_slot,57,7,51,56,False
llama3.1-8b,fitting,61ea3427ea0f,xstest_safe,False,train,system,fixed_slot,49,10,34,48,False
llama3.1-8b,fitting,61ea3427ea0f,xstest_safe,False,train,user,fixed_slot,60,10,54,59,True
llama3.1-8b,fitting,61ea3427ea0f,xstest_safe,False,train,tool,fixed_slot,61,10,55,60,True
llama3.1-8b,fitting,61ea3427ea0f,xstest_safe,False,train,assistant,fixed_slot,60,10,54,59,True
llama3.1-8b,fitting,61ea3427ea0f,xstest_safe,False,train,system,natural_slot,49,10,34,48,False
llama3.1-8b,fitting,61ea3427ea0f,xstest_safe,False,train,user,natural_slot,51,10,45,50,False
llama3.1-8b,fitting,61ea3427ea0f,xstest_safe,False,train,tool,natural_slot,69,10,63,68,False
llama3.1-8b,fitting,61ea3427ea0f,xstest_safe,False,train,assistant,natural_slot,60,10,54,59,False
llama3.1-8b,fitting,fe4f6850ef74,alpaca,False,train,system,fixed_slot,48,9,33,47,False
llama3.1-8b,fitting,fe4f6850ef74,alpaca,False,train,user,fixed_slot,59,9,53,58,True
llama3.1-8b,fitting,fe4f6850ef74,alpaca,False,train,tool,fixed_slot,62,9,55,61,True
llama3.1-8b,fitting,fe4f6850ef74,alpaca,False,train,assistant,fixed_slot,59,9,53,58,True
llama3.1-8b,fitting,fe4f6850ef74,alpaca,False,train,system,natural_slot,48,9,33,47,False
llama3.1-8b,fitting,fe4f6850ef74,alpaca,False,train,user,natural_slot,50,9,44,49,False
llama3.1-8b,fitting,fe4f6850ef74,alpaca,False,train,tool,natural_slot,70,9,63,69,False
llama3.1-8b,fitting,fe4f6850ef74,alpaca,False,train,assistant,natural_slot,59,9,53,58,False
llama3.1-8b,fitting,9833e11581a7,xstest_safe,False,train,system,fixed_slot,49,10,34,48,False
llama3.1-8b,fitting,9833e11581a7,xstest_safe,False,train,user,fixed_slot,60,10,54,59,True
llama3.1-8b,fitting,9833e11581a7,xstest_safe,False,train,tool,fixed_slot,61,10,55,60,True
llama3.1-8b,fitting,9833e11581a7,xstest_safe,False,train,assistant,fixed_slot,60,10,54,59,True
llama3.1-8b,fitting,9833e11581a7,xstest_safe,False,train,system,natural_slot,49,10,34,48,False
llama3.1-8b,fitting,9833e11581a7,xstest_safe,False,train,user,natural_slot,51,10,45,50,False
llama3.1-8b,fitting,9833e11581a7,xstest_safe,False,train,tool,natural_slot,69,10,63,68,False
llama3.1-8b,fitting,9833e11581a7,xstest_safe,False,train,assistant,natural_slot,60,10,54,59,False
llama3.1-8b,fitting,1dfa132316ea,alpaca,False,train,system,fixed_slot,59,20,44,58,False
llama3.1-8b,fitting,1dfa132316ea,alpaca,False,train,user,fixed_slot,70,20,64,69,True
llama3.1-8b,fitting,1dfa132316ea,alpaca,False,train,tool,fixed_slot,72,20,66,71,True
llama3.1-8b,fitting,1dfa132316ea,alpaca,False,train,assistant,fixed_slot,70,20,64,69,True
llama3.1-8b,fitting,1dfa132316ea,alpaca,False,train,system,natural_slot,59,20,44,58,False
llama3.1-8b,fitting,1dfa132316ea,alpaca,False,train,user,natural_slot,61,20,55,60,False
llama3.1-8b,fitting,1dfa132316ea,alpaca,False,train,tool,natural_slot,80,20,74,79,False
llama3.1-8b,fitting,1dfa132316ea,alpaca,False,train,assistant,natural_slot,70,20,64,69,False
llama3.1-8b,fitting,580924d6e26c,xstest_safe,False,train,system,fixed_slot,47,8,32,46,False
llama3.1-8b,fitting,580924d6e26c,xstest_safe,False,train,user,fixed_slot,58,8,52,57,True
llama3.1-8b,fitting,580924d6e26c,xstest_safe,False,train,tool,fixed_slot,59,8,53,58,True
llama3.1-8b,fitting,580924d6e26c,xstest_safe,False,train,assistant,fixed_slot,58,8,52,57,True
llama3.1-8b,fitting,580924d6e26c,xstest_safe,False,train,system,natural_slot,47,8,32,46,False
llama3.1-8b,fitting,580924d6e26c,xstest_safe,False,train,user,natural_slot,49,8,43,48,False
llama3.1-8b,fitting,580924d6e26c,xstest_safe,False,train,tool,natural_slot,67,8,61,66,False
llama3.1-8b,fitting,580924d6e26c,xstest_safe,False,train,assistant,natural_slot,58,8,52,57,False
llama3.1-8b,fitting,ebfd8ca30dde,alpaca,False,train,system,fixed_slot,55,16,40,54,False
llama3.1-8b,fitting,ebfd8ca30dde,alpaca,False,train,user,fixed_slot,66,16,60,65,True
llama3.1-8b,fitting,ebfd8ca30dde,alpaca,False,train,tool,fixed_slot,68,16,62,67,True
llama3.1-8b,fitting,ebfd8ca30dde,alpaca,False,train,assistant,fixed_slot,66,16,60,65,True
llama3.1-8b,fitting,ebfd8ca30dde,alpaca,False,train,system,natural_slot,55,16,40,54,False
llama3.1-8b,fitting,ebfd8ca30dde,alpaca,False,train,user,natural_slot,57,16,51,56,False
llama3.1-8b,fitting,ebfd8ca30dde,alpaca,False,train,tool,natural_slot,76,16,70,75,False
llama3.1-8b,fitting,ebfd8ca30dde,alpaca,False,train,assistant,natural_slot,66,16,60,65,False
llama3.1-8b,fitting,b2022bb29633,xstest_safe,False,train,system,fixed_slot,52,13,37,51,False
llama3.1-8b,fitting,b2022bb29633,xstest_safe,False,train,user,fixed_slot,63,13,57,62,True
llama3.1-8b,fitting,b2022bb29633,xstest_safe,False,train,tool,fixed_slot,64,13,58,63,True
llama3.1-8b,fitting,b2022bb29633,xstest_safe,False,train,assistant,fixed_slot,63,13,57,62,True
llama3.1-8b,fitting,b2022bb29633,xstest_safe,False,train,system,natural_slot,52,13,37,51,False
llama3.1-8b,fitting,b2022bb29633,xstest_safe,False,train,user,natural_slot,54,13,48,53,False
llama3.1-8b,fitting,b2022bb29633,xstest_safe,False,train,tool,natural_slot,72,13,66,71,False
llama3.1-8b,fitting,b2022bb29633,xstest_safe,False,train,assistant,natural_slot,63,13,57,62,False
llama3.1-8b,fitting,453d8db18509,alpaca,False,train,system,fixed_slot,58,19,43,57,False
llama3.1-8b,fitting,453d8db18509,alpaca,False,train,user,fixed_slot,69,19,63,68,True
llama3.1-8b,fitting,453d8db18509,alpaca,False,train,tool,fixed_slot,71,19,65,70,True
llama3.1-8b,fitting,453d8db18509,alpaca,False,train,assistant,fixed_slot,69,19,63,68,True
llama3.1-8b,fitting,453d8db18509,alpaca,False,train,system,natural_slot,58,19,43,57,False
llama3.1-8b,fitting,453d8db18509,alpaca,False,train,user,natural_slot,60,19,54,59,False
llama3.1-8b,fitting,453d8db18509,alpaca,False,train,tool,natural_slot,79,19,73,78,False
llama3.1-8b,fitting,453d8db18509,alpaca,False,train,assistant,natural_slot,69,19,63,68,False
llama3.1-8b,fitting,bcae9046f25e,xstest_safe,False,train,system,fixed_slot,50,11,35,49,False
llama3.1-8b,fitting,bcae9046f25e,xstest_safe,False,train,user,fixed_slot,61,11,55,60,True
llama3.1-8b,fitting,bcae9046f25e,xstest_safe,False,train,tool,fixed_slot,62,11,56,61,True
llama3.1-8b,fitting,bcae9046f25e,xstest_safe,False,train,assistant,fixed_slot,61,11,55,60,True
llama3.1-8b,fitting,bcae9046f25e,xstest_safe,False,train,system,natural_slot,50,11,35,49,False
llama3.1-8b,fitting,bcae9046f25e,xstest_safe,False,train,user,natural_slot,52,11,46,51,False
llama3.1-8b,fitting,bcae9046f25e,xstest_safe,False,train,tool,natural_slot,70,11,64,69,False
llama3.1-8b,fitting,bcae9046f25e,xstest_safe,False,train,assistant,natural_slot,61,11,55,60,False
llama3.1-8b,fitting,d810afdc5a8c,alpaca,False,train,system,fixed_slot,52,13,37,51,False
llama3.1-8b,fitting,d810afdc5a8c,alpaca,False,train,user,fixed_slot,63,13,57,62,True
llama3.1-8b,fitting,d810afdc5a8c,alpaca,False,train,tool,fixed_slot,65,13,59,64,True
llama3.1-8b,fitting,d810afdc5a8c,alpaca,False,train,assistant,fixed_slot,63,13,57,62,True
llama3.1-8b,fitting,d810afdc5a8c,alpaca,False,train,system,natural_slot,52,13,37,51,False
llama3.1-8b,fitting,d810afdc5a8c,alpaca,False,train,user,natural_slot,54,13,48,53,False
llama3.1-8b,fitting,d810afdc5a8c,alpaca,False,train,tool,natural_slot,73,13,67,72,False
llama3.1-8b,fitting,d810afdc5a8c,alpaca,False,train,assistant,natural_slot,63,13,57,62,False
llama3.1-8b,fitting,0b155758a6a4,xstest_safe,False,train,system,fixed_slot,51,12,36,50,False
llama3.1-8b,fitting,0b155758a6a4,xstest_safe,False,train,user,fixed_slot,62,12,56,61,True
llama3.1-8b,fitting,0b155758a6a4,xstest_safe,False,train,tool,fixed_slot,63,12,57,62,True
llama3.1-8b,fitting,0b155758a6a4,xstest_safe,False,train,assistant,fixed_slot,62,12,56,61,True
llama3.1-8b,fitting,0b155758a6a4,xstest_safe,False,train,system,natural_slot,51,12,36,50,False
llama3.1-8b,fitting,0b155758a6a4,xstest_safe,False,train,user,natural_slot,53,12,47,52,False
llama3.1-8b,fitting,0b155758a6a4,xstest_safe,False,train,tool,natural_slot,71,12,65,70,False
llama3.1-8b,fitting,0b155758a6a4,xstest_safe,False,train,assistant,natural_slot,62,12,56,61,False
llama3.1-8b,fitting,46a4f044baca,alpaca,False,train,system,fixed_slot,61,22,46,60,False
llama3.1-8b,fitting,46a4f044baca,alpaca,False,train,user,fixed_slot,72,22,66,71,True
llama3.1-8b,fitting,46a4f044baca,alpaca,False,train,tool,fixed_slot,74,22,68,73,True
llama3.1-8b,fitting,46a4f044baca,alpaca,False,train,assistant,fixed_slot,72,22,66,71,True
llama3.1-8b,fitting,46a4f044baca,alpaca,False,train,system,natural_slot,61,22,46,60,False
llama3.1-8b,fitting,46a4f044baca,alpaca,False,train,user,natural_slot,63,22,57,62,False
llama3.1-8b,fitting,46a4f044baca,alpaca,False,train,tool,natural_slot,82,22,76,81,False
llama3.1-8b,fitting,46a4f044baca,alpaca,False,train,assistant,natural_slot,72,22,66,71,False
llama3.1-8b,fitting,0494e0c63435,xstest_safe,False,test,system,fixed_slot,48,9,33,47,False
llama3.1-8b,fitting,0494e0c63435,xstest_safe,False,test,user,fixed_slot,59,9,53,58,True
llama3.1-8b,fitting,0494e0c63435,xstest_safe,False,test,tool,fixed_slot,60,9,54,59,True
llama3.1-8b,fitting,0494e0c63435,xstest_safe,False,test,assistant,fixed_slot,59,9,53,58,True
llama3.1-8b,fitting,0494e0c63435,xstest_safe,False,test,system,natural_slot,48,9,33,47,False
llama3.1-8b,fitting,0494e0c63435,xstest_safe,False,test,user,natural_slot,50,9,44,49,False
llama3.1-8b,fitting,0494e0c63435,xstest_safe,False,test,tool,natural_slot,68,9,62,67,False
llama3.1-8b,fitting,0494e0c63435,xstest_safe,False,test,assistant,natural_slot,59,9,53,58,False
llama3.1-8b,fitting,e15f5071d7a2,alpaca,False,test,system,fixed_slot,51,12,36,50,False
llama3.1-8b,fitting,e15f5071d7a2,alpaca,False,test,user,fixed_slot,62,12,56,61,True
llama3.1-8b,fitting,e15f5071d7a2,alpaca,False,test,tool,fixed_slot,64,12,58,63,True
llama3.1-8b,fitting,e15f5071d7a2,alpaca,False,test,assistant,fixed_slot,62,12,56,61,True
llama3.1-8b,fitting,e15f5071d7a2,alpaca,False,test,system,natural_slot,51,12,36,50,False
llama3.1-8b,fitting,e15f5071d7a2,alpaca,False,test,user,natural_slot,53,12,47,52,False
llama3.1-8b,fitting,e15f5071d7a2,alpaca,False,test,tool,natural_slot,72,12,66,71,False
llama3.1-8b,fitting,e15f5071d7a2,alpaca,False,test,assistant,natural_slot,62,12,56,61,False
llama3.1-8b,fitting,01ea610ce668,xstest_safe,False,train,system,fixed_slot,45,6,30,44,False
llama3.1-8b,fitting,01ea610ce668,xstest_safe,False,train,user,fixed_slot,56,6,50,55,True
llama3.1-8b,fitting,01ea610ce668,xstest_safe,False,train,tool,fixed_slot,57,6,51,56,True
llama3.1-8b,fitting,01ea610ce668,xstest_safe,False,train,assistant,fixed_slot,56,6,50,55,True
llama3.1-8b,fitting,01ea610ce668,xstest_safe,False,train,system,natural_slot,45,6,30,44,False
llama3.1-8b,fitting,01ea610ce668,xstest_safe,False,train,user,natural_slot,47,6,41,46,False
llama3.1-8b,fitting,01ea610ce668,xstest_safe,False,train,tool,natural_slot,65,6,59,64,False
llama3.1-8b,fitting,01ea610ce668,xstest_safe,False,train,assistant,natural_slot,56,6,50,55,False
llama3.1-8b,fitting,9f38c2f5a42e,alpaca,False,test,system,fixed_slot,52,13,37,51,False
llama3.1-8b,fitting,9f38c2f5a42e,alpaca,False,test,user,fixed_slot,63,13,57,62,True
llama3.1-8b,fitting,9f38c2f5a42e,alpaca,False,test,tool,fixed_slot,65,13,59,64,True
llama3.1-8b,fitting,9f38c2f5a42e,alpaca,False,test,assistant,fixed_slot,63,13,57,62,True
llama3.1-8b,fitting,9f38c2f5a42e,alpaca,False,test,system,natural_slot,52,13,37,51,False
llama3.1-8b,fitting,9f38c2f5a42e,alpaca,False,test,user,natural_slot,54,13,48,53,False
llama3.1-8b,fitting,9f38c2f5a42e,alpaca,False,test,tool,natural_slot,73,13,67,72,False
llama3.1-8b,fitting,9f38c2f5a42e,alpaca,False,test,assistant,natural_slot,63,13,57,62,False
llama3.1-8b,fitting,148ce50a7b74,xstest_safe,False,train,system,fixed_slot,48,9,33,47,False
llama3.1-8b,fitting,148ce50a7b74,xstest_safe,False,train,user,fixed_slot,59,9,53,58,True
llama3.1-8b,fitting,148ce50a7b74,xstest_safe,False,train,tool,fixed_slot,60,9,54,59,True
llama3.1-8b,fitting,148ce50a7b74,xstest_safe,False,train,assistant,fixed_slot,59,9,53,58,True
llama3.1-8b,fitting,148ce50a7b74,xstest_safe,False,train,system,natural_slot,48,9,33,47,False
llama3.1-8b,fitting,148ce50a7b74,xstest_safe,False,train,user,natural_slot,50,9,44,49,False
llama3.1-8b,fitting,148ce50a7b74,xstest_safe,False,train,tool,natural_slot,68,9,62,67,False
llama3.1-8b,fitting,148ce50a7b74,xstest_safe,False,train,assistant,natural_slot,59,9,53,58,False
llama3.1-8b,fitting,04921ea727be,alpaca,False,train,system,fixed_slot,50,11,35,49,False
llama3.1-8b,fitting,04921ea727be,alpaca,False,train,user,fixed_slot,61,11,55,60,True
llama3.1-8b,fitting,04921ea727be,alpaca,False,train,tool,fixed_slot,63,11,57,62,True
llama3.1-8b,fitting,04921ea727be,alpaca,False,train,assistant,fixed_slot,61,11,55,60,True
llama3.1-8b,fitting,04921ea727be,alpaca,False,train,system,natural_slot,50,11,35,49,False
llama3.1-8b,fitting,04921ea727be,alpaca,False,train,user,natural_slot,52,11,46,51,False
llama3.1-8b,fitting,04921ea727be,alpaca,False,train,tool,natural_slot,71,11,65,70,False
llama3.1-8b,fitting,04921ea727be,alpaca,False,train,assistant,natural_slot,61,11,55,60,False
llama3.1-8b,fitting,ea3890f41abb,xstest_safe,False,test,system,fixed_slot,52,13,37,51,False
llama3.1-8b,fitting,ea3890f41abb,xstest_safe,False,test,user,fixed_slot,63,13,57,62,True
llama3.1-8b,fitting,ea3890f41abb,xstest_safe,False,test,tool,fixed_slot,64,13,58,63,True
llama3.1-8b,fitting,ea3890f41abb,xstest_safe,False,test,assistant,fixed_slot,63,13,57,62,True
llama3.1-8b,fitting,ea3890f41abb,xstest_safe,False,test,system,natural_slot,52,13,37,51,False
llama3.1-8b,fitting,ea3890f41abb,xstest_safe,False,test,user,natural_slot,54,13,48,53,False
llama3.1-8b,fitting,ea3890f41abb,xstest_safe,False,test,tool,natural_slot,72,13,66,71,False
llama3.1-8b,fitting,ea3890f41abb,xstest_safe,False,test,assistant,natural_slot,63,13,57,62,False
llama3.1-8b,fitting,085f177a6f09,alpaca,False,train,system,fixed_slot,47,8,32,46,False
llama3.1-8b,fitting,085f177a6f09,alpaca,False,train,user,fixed_slot,58,8,52,57,True
llama3.1-8b,fitting,085f177a6f09,alpaca,False,train,tool,fixed_slot,60,8,54,59,True
llama3.1-8b,fitting,085f177a6f09,alpaca,False,train,assistant,fixed_slot,58,8,52,57,True
llama3.1-8b,fitting,085f177a6f09,alpaca,False,train,system,natural_slot,47,8,32,46,False
llama3.1-8b,fitting,085f177a6f09,alpaca,False,train,user,natural_slot,49,8,43,48,False
llama3.1-8b,fitting,085f177a6f09,alpaca,False,train,tool,natural_slot,68,8,62,67,False
llama3.1-8b,fitting,085f177a6f09,alpaca,False,train,assistant,natural_slot,58,8,52,57,False
llama3.1-8b,fitting,baf79b64e8db,xstest_safe,False,train,system,fixed_slot,48,9,33,47,False
llama3.1-8b,fitting,baf79b64e8db,xstest_safe,False,train,user,fixed_slot,59,9,53,58,True
llama3.1-8b,fitting,baf79b64e8db,xstest_safe,False,train,tool,fixed_slot,60,9,54,59,True
llama3.1-8b,fitting,baf79b64e8db,xstest_safe,False,train,assistant,fixed_slot,59,9,53,58,True
llama3.1-8b,fitting,baf79b64e8db,xstest_safe,False,train,system,natural_slot,48,9,33,47,False
llama3.1-8b,fitting,baf79b64e8db,xstest_safe,False,train,user,natural_slot,50,9,44,49,False
llama3.1-8b,fitting,baf79b64e8db,xstest_safe,False,train,tool,natural_slot,68,9,62,67,False
llama3.1-8b,fitting,baf79b64e8db,xstest_safe,False,train,assistant,natural_slot,59,9,53,58,False
llama3.1-8b,fitting,f274129d147b,alpaca,False,train,system,fixed_slot,46,7,31,45,False
llama3.1-8b,fitting,f274129d147b,alpaca,False,train,user,fixed_slot,57,7,51,56,True
llama3.1-8b,fitting,f274129d147b,alpaca,False,train,tool,fixed_slot,60,7,53,59,True
llama3.1-8b,fitting,f274129d147b,alpaca,False,train,assistant,fixed_slot,57,7,51,56,True
llama3.1-8b,fitting,f274129d147b,alpaca,False,train,system,natural_slot,46,7,31,45,False
llama3.1-8b,fitting,f274129d147b,alpaca,False,train,user,natural_slot,48,7,42,47,False
llama3.1-8b,fitting,f274129d147b,alpaca,False,train,tool,natural_slot,68,7,61,67,False
llama3.1-8b,fitting,f274129d147b,alpaca,False,train,assistant,natural_slot,57,7,51,56,False
llama3.1-8b,fitting,5efbdd1093e8,xstest_safe,False,train,system,fixed_slot,51,12,36,50,False
llama3.1-8b,fitting,5efbdd1093e8,xstest_safe,False,train,user,fixed_slot,62,12,56,61,True
llama3.1-8b,fitting,5efbdd1093e8,xstest_safe,False,train,tool,fixed_slot,63,12,57,62,True
llama3.1-8b,fitting,5efbdd1093e8,xstest_safe,False,train,assistant,fixed_slot,62,12,56,61,True
llama3.1-8b,fitting,5efbdd1093e8,xstest_safe,False,train,system,natural_slot,51,12,36,50,False
llama3.1-8b,fitting,5efbdd1093e8,xstest_safe,False,train,user,natural_slot,53,12,47,52,False
llama3.1-8b,fitting,5efbdd1093e8,xstest_safe,False,train,tool,natural_slot,71,12,65,70,False
llama3.1-8b,fitting,5efbdd1093e8,xstest_safe,False,train,assistant,natural_slot,62,12,56,61,False
llama3.1-8b,fitting,4050cd512447,alpaca,False,train,system,fixed_slot,50,11,35,49,False
llama3.1-8b,fitting,4050cd512447,alpaca,False,train,user,fixed_slot,61,11,55,60,True
llama3.1-8b,fitting,4050cd512447,alpaca,False,train,tool,fixed_slot,63,11,57,62,True
llama3.1-8b,fitting,4050cd512447,alpaca,False,train,assistant,fixed_slot,61,11,55,60,True
llama3.1-8b,fitting,4050cd512447,alpaca,False,train,system,natural_slot,50,11,35,49,False
llama3.1-8b,fitting,4050cd512447,alpaca,False,train,user,natural_slot,52,11,46,51,False
llama3.1-8b,fitting,4050cd512447,alpaca,False,train,tool,natural_slot,71,11,65,70,False
llama3.1-8b,fitting,4050cd512447,alpaca,False,train,assistant,natural_slot,61,11,55,60,False
llama3.1-8b,fitting,b7dad19d76d4,xstest_safe,False,test,system,fixed_slot,51,12,36,50,False
llama3.1-8b,fitting,b7dad19d76d4,xstest_safe,False,test,user,fixed_slot,62,12,56,61,True
llama3.1-8b,fitting,b7dad19d76d4,xstest_safe,False,test,tool,fixed_slot,63,12,57,62,True
llama3.1-8b,fitting,b7dad19d76d4,xstest_safe,False,test,assistant,fixed_slot,62,12,56,61,True
llama3.1-8b,fitting,b7dad19d76d4,xstest_safe,False,test,system,natural_slot,51,12,36,50,False
llama3.1-8b,fitting,b7dad19d76d4,xstest_safe,False,test,user,natural_slot,53,12,47,52,False
llama3.1-8b,fitting,b7dad19d76d4,xstest_safe,False,test,tool,natural_slot,71,12,65,70,False
llama3.1-8b,fitting,b7dad19d76d4,xstest_safe,False,test,assistant,natural_slot,62,12,56,61,False
llama3.1-8b,fitting,0bb84e8dcb79,alpaca,False,train,system,fixed_slot,52,13,37,51,False
llama3.1-8b,fitting,0bb84e8dcb79,alpaca,False,train,user,fixed_slot,63,13,57,62,True
llama3.1-8b,fitting,0bb84e8dcb79,alpaca,False,train,tool,fixed_slot,65,13,59,64,True
llama3.1-8b,fitting,0bb84e8dcb79,alpaca,False,train,assistant,fixed_slot,63,13,57,62,True
llama3.1-8b,fitting,0bb84e8dcb79,alpaca,False,train,system,natural_slot,52,13,37,51,False
llama3.1-8b,fitting,0bb84e8dcb79,alpaca,False,train,user,natural_slot,54,13,48,53,False
llama3.1-8b,fitting,0bb84e8dcb79,alpaca,False,train,tool,natural_slot,73,13,67,72,False
llama3.1-8b,fitting,0bb84e8dcb79,alpaca,False,train,assistant,natural_slot,63,13,57,62,False
llama3.1-8b,fitting,973fd049977e,xstest_safe,False,train,system,fixed_slot,49,10,34,48,False
llama3.1-8b,fitting,973fd049977e,xstest_safe,False,train,user,fixed_slot,60,10,54,59,True
llama3.1-8b,fitting,973fd049977e,xstest_safe,False,train,tool,fixed_slot,62,10,56,61,True
llama3.1-8b,fitting,973fd049977e,xstest_safe,False,train,assistant,fixed_slot,60,10,54,59,True
llama3.1-8b,fitting,973fd049977e,xstest_safe,False,train,system,natural_slot,49,10,34,48,False
llama3.1-8b,fitting,973fd049977e,xstest_safe,False,train,user,natural_slot,51,10,45,50,False
llama3.1-8b,fitting,973fd049977e,xstest_safe,False,train,tool,natural_slot,70,10,64,69,False
llama3.1-8b,fitting,973fd049977e,xstest_safe,False,train,assistant,natural_slot,60,10,54,59,False
llama3.1-8b,fitting,78fb743430bd,alpaca,False,train,system,fixed_slot,49,10,34,48,False
llama3.1-8b,fitting,78fb743430bd,alpaca,False,train,user,fixed_slot,60,10,54,59,True
llama3.1-8b,fitting,78fb743430bd,alpaca,False,train,tool,fixed_slot,62,10,56,61,True
llama3.1-8b,fitting,78fb743430bd,alpaca,False,train,assistant,fixed_slot,60,10,54,59,True
llama3.1-8b,fitting,78fb743430bd,alpaca,False,train,system,natural_slot,49,10,34,48,False
llama3.1-8b,fitting,78fb743430bd,alpaca,False,train,user,natural_slot,51,10,45,50,False
llama3.1-8b,fitting,78fb743430bd,alpaca,False,train,tool,natural_slot,70,10,64,69,False
llama3.1-8b,fitting,78fb743430bd,alpaca,False,train,assistant,natural_slot,60,10,54,59,False
llama3.1-8b,fitting,e6d2b3a643a5,xstest_safe,False,test,system,fixed_slot,51,12,36,50,False
llama3.1-8b,fitting,e6d2b3a643a5,xstest_safe,False,test,user,fixed_slot,62,12,56,61,True
llama3.1-8b,fitting,e6d2b3a643a5,xstest_safe,False,test,tool,fixed_slot,63,12,57,62,True
llama3.1-8b,fitting,e6d2b3a643a5,xstest_safe,False,test,assistant,fixed_slot,62,12,56,61,True
llama3.1-8b,fitting,e6d2b3a643a5,xstest_safe,False,test,system,natural_slot,51,12,36,50,False
llama3.1-8b,fitting,e6d2b3a643a5,xstest_safe,False,test,user,natural_slot,53,12,47,52,False
llama3.1-8b,fitting,e6d2b3a643a5,xstest_safe,False,test,tool,natural_slot,71,12,65,70,False
llama3.1-8b,fitting,e6d2b3a643a5,xstest_safe,False,test,assistant,natural_slot,62,12,56,61,False
llama3.1-8b,fitting,3fe2b2789ed2,alpaca,False,train,system,fixed_slot,47,8,32,46,False
llama3.1-8b,fitting,3fe2b2789ed2,alpaca,False,train,user,fixed_slot,58,8,52,57,True
llama3.1-8b,fitting,3fe2b2789ed2,alpaca,False,train,tool,fixed_slot,60,8,54,59,True
llama3.1-8b,fitting,3fe2b2789ed2,alpaca,False,train,assistant,fixed_slot,58,8,52,57,True
llama3.1-8b,fitting,3fe2b2789ed2,alpaca,False,train,system,natural_slot,47,8,32,46,False
llama3.1-8b,fitting,3fe2b2789ed2,alpaca,False,train,user,natural_slot,49,8,43,48,False
llama3.1-8b,fitting,3fe2b2789ed2,alpaca,False,train,tool,natural_slot,68,8,62,67,False
llama3.1-8b,fitting,3fe2b2789ed2,alpaca,False,train,assistant,natural_slot,58,8,52,57,False
llama3.1-8b,fitting,05b440261177,xstest_safe,False,train,system,fixed_slot,53,14,38,52,False
llama3.1-8b,fitting,05b440261177,xstest_safe,False,train,user,fixed_slot,64,14,58,63,True
llama3.1-8b,fitting,05b440261177,xstest_safe,False,train,tool,fixed_slot,65,14,59,64,True
llama3.1-8b,fitting,05b440261177,xstest_safe,False,train,assistant,fixed_slot,64,14,58,63,True
llama3.1-8b,fitting,05b440261177,xstest_safe,False,train,system,natural_slot,53,14,38,52,False
llama3.1-8b,fitting,05b440261177,xstest_safe,False,train,user,natural_slot,55,14,49,54,False
llama3.1-8b,fitting,05b440261177,xstest_safe,False,train,tool,natural_slot,73,14,67,72,False
llama3.1-8b,fitting,05b440261177,xstest_safe,False,train,assistant,natural_slot,64,14,58,63,False
llama3.1-8b,fitting,21388db0da1f,alpaca,False,train,system,fixed_slot,47,8,32,46,False
llama3.1-8b,fitting,21388db0da1f,alpaca,False,train,user,fixed_slot,58,8,52,57,True
llama3.1-8b,fitting,21388db0da1f,alpaca,False,train,tool,fixed_slot,60,8,54,59,True
llama3.1-8b,fitting,21388db0da1f,alpaca,False,train,assistant,fixed_slot,58,8,52,57,True
llama3.1-8b,fitting,21388db0da1f,alpaca,False,train,system,natural_slot,47,8,32,46,False
llama3.1-8b,fitting,21388db0da1f,alpaca,False,train,user,natural_slot,49,8,43,48,False
llama3.1-8b,fitting,21388db0da1f,alpaca,False,train,tool,natural_slot,68,8,62,67,False
llama3.1-8b,fitting,21388db0da1f,alpaca,False,train,assistant,natural_slot,58,8,52,57,False
llama3.1-8b,fitting,1392fc223d84,xstest_safe,False,test,system,fixed_slot,43,4,28,42,False
llama3.1-8b,fitting,1392fc223d84,xstest_safe,False,test,user,fixed_slot,54,4,48,53,True
llama3.1-8b,fitting,1392fc223d84,xstest_safe,False,test,tool,fixed_slot,55,4,49,54,True
llama3.1-8b,fitting,1392fc223d84,xstest_safe,False,test,assistant,fixed_slot,54,4,48,53,True
llama3.1-8b,fitting,1392fc223d84,xstest_safe,False,test,system,natural_slot,43,4,28,42,False
llama3.1-8b,fitting,1392fc223d84,xstest_safe,False,test,user,natural_slot,45,4,39,44,False
llama3.1-8b,fitting,1392fc223d84,xstest_safe,False,test,tool,natural_slot,63,4,57,62,False
llama3.1-8b,fitting,1392fc223d84,xstest_safe,False,test,assistant,natural_slot,54,4,48,53,False
llama3.1-8b,fitting,3070a5b0313e,alpaca,False,train,system,fixed_slot,45,6,30,44,False
llama3.1-8b,fitting,3070a5b0313e,alpaca,False,train,user,fixed_slot,56,6,50,55,True
llama3.1-8b,fitting,3070a5b0313e,alpaca,False,train,tool,fixed_slot,59,6,52,58,True
llama3.1-8b,fitting,3070a5b0313e,alpaca,False,train,assistant,fixed_slot,56,6,50,55,True
llama3.1-8b,fitting,3070a5b0313e,alpaca,False,train,system,natural_slot,45,6,30,44,False
llama3.1-8b,fitting,3070a5b0313e,alpaca,False,train,user,natural_slot,47,6,41,46,False
llama3.1-8b,fitting,3070a5b0313e,alpaca,False,train,tool,natural_slot,67,6,60,66,False
llama3.1-8b,fitting,3070a5b0313e,alpaca,False,train,assistant,natural_slot,56,6,50,55,False
llama3.1-8b,fitting,04f52fb4f9aa,xstest_safe,False,train,system,fixed_slot,49,10,34,48,False
llama3.1-8b,fitting,04f52fb4f9aa,xstest_safe,False,train,user,fixed_slot,60,10,54,59,True
llama3.1-8b,fitting,04f52fb4f9aa,xstest_safe,False,train,tool,fixed_slot,61,10,55,60,True
llama3.1-8b,fitting,04f52fb4f9aa,xstest_safe,False,train,assistant,fixed_slot,60,10,54,59,True
llama3.1-8b,fitting,04f52fb4f9aa,xstest_safe,False,train,system,natural_slot,49,10,34,48,False
llama3.1-8b,fitting,04f52fb4f9aa,xstest_safe,False,train,user,natural_slot,51,10,45,50,False
llama3.1-8b,fitting,04f52fb4f9aa,xstest_safe,False,train,tool,natural_slot,69,10,63,68,False
llama3.1-8b,fitting,04f52fb4f9aa,xstest_safe,False,train,assistant,natural_slot,60,10,54,59,False
llama3.1-8b,fitting,b36c23723a40,alpaca,False,test,system,fixed_slot,68,29,53,67,False
llama3.1-8b,fitting,b36c23723a40,alpaca,False,test,user,fixed_slot,79,29,73,78,True
llama3.1-8b,fitting,b36c23723a40,alpaca,False,test,tool,fixed_slot,80,29,74,79,True
llama3.1-8b,fitting,b36c23723a40,alpaca,False,test,assistant,fixed_slot,79,29,73,78,True
llama3.1-8b,fitting,b36c23723a40,alpaca,False,test,system,natural_slot,68,29,53,67,False
llama3.1-8b,fitting,b36c23723a40,alpaca,False,test,user,natural_slot,70,29,64,69,False
llama3.1-8b,fitting,b36c23723a40,alpaca,False,test,tool,natural_slot,88,29,82,87,False
llama3.1-8b,fitting,b36c23723a40,alpaca,False,test,assistant,natural_slot,79,29,73,78,False
llama3.1-8b,fitting,a899278c2d01,xstest_safe,False,train,system,fixed_slot,50,11,35,49,False
llama3.1-8b,fitting,a899278c2d01,xstest_safe,False,train,user,fixed_slot,61,11,55,60,True
llama3.1-8b,fitting,a899278c2d01,xstest_safe,False,train,tool,fixed_slot,62,11,56,61,True
llama3.1-8b,fitting,a899278c2d01,xstest_safe,False,train,assistant,fixed_slot,61,11,55,60,True
llama3.1-8b,fitting,a899278c2d01,xstest_safe,False,train,system,natural_slot,50,11,35,49,False
llama3.1-8b,fitting,a899278c2d01,xstest_safe,False,train,user,natural_slot,52,11,46,51,False
llama3.1-8b,fitting,a899278c2d01,xstest_safe,False,train,tool,natural_slot,70,11,64,69,False
llama3.1-8b,fitting,a899278c2d01,xstest_safe,False,train,assistant,natural_slot,61,11,55,60,False
llama3.1-8b,fitting,67048b62e5c9,alpaca,False,train,system,fixed_slot,45,6,30,44,False
llama3.1-8b,fitting,67048b62e5c9,alpaca,False,train,user,fixed_slot,56,6,50,55,True
llama3.1-8b,fitting,67048b62e5c9,alpaca,False,train,tool,fixed_slot,58,6,52,57,True
llama3.1-8b,fitting,67048b62e5c9,alpaca,False,train,assistant,fixed_slot,56,6,50,55,True
llama3.1-8b,fitting,67048b62e5c9,alpaca,False,train,system,natural_slot,45,6,30,44,False
llama3.1-8b,fitting,67048b62e5c9,alpaca,False,train,user,natural_slot,47,6,41,46,False
llama3.1-8b,fitting,67048b62e5c9,alpaca,False,train,tool,natural_slot,66,6,60,65,False
llama3.1-8b,fitting,67048b62e5c9,alpaca,False,train,assistant,natural_slot,56,6,50,55,False
llama3.1-8b,fitting,78a941f9883d,xstest_safe,False,train,system,fixed_slot,48,9,33,47,False
llama3.1-8b,fitting,78a941f9883d,xstest_safe,False,train,user,fixed_slot,59,9,53,58,True
llama3.1-8b,fitting,78a941f9883d,xstest_safe,False,train,tool,fixed_slot,61,9,55,60,True
llama3.1-8b,fitting,78a941f9883d,xstest_safe,False,train,assistant,fixed_slot,59,9,53,58,True
llama3.1-8b,fitting,78a941f9883d,xstest_safe,False,train,system,natural_slot,48,9,33,47,False
llama3.1-8b,fitting,78a941f9883d,xstest_safe,False,train,user,natural_slot,50,9,44,49,False
llama3.1-8b,fitting,78a941f9883d,xstest_safe,False,train,tool,natural_slot,69,9,63,68,False
llama3.1-8b,fitting,78a941f9883d,xstest_safe,False,train,assistant,natural_slot,59,9,53,58,False
llama3.1-8b,fitting,eadbaf390e11,alpaca,False,train,system,fixed_slot,47,8,32,46,False
llama3.1-8b,fitting,eadbaf390e11,alpaca,False,train,user,fixed_slot,58,8,52,57,True
llama3.1-8b,fitting,eadbaf390e11,alpaca,False,train,tool,fixed_slot,60,8,54,59,True
llama3.1-8b,fitting,eadbaf390e11,alpaca,False,train,assistant,fixed_slot,58,8,52,57,True
llama3.1-8b,fitting,eadbaf390e11,alpaca,False,train,system,natural_slot,47,8,32,46,False
llama3.1-8b,fitting,eadbaf390e11,alpaca,False,train,user,natural_slot,49,8,43,48,False
llama3.1-8b,fitting,eadbaf390e11,alpaca,False,train,tool,natural_slot,68,8,62,67,False
llama3.1-8b,fitting,eadbaf390e11,alpaca,False,train,assistant,natural_slot,58,8,52,57,False
llama3.1-8b,fitting,e791c48d79ed,xstest_safe,False,test,system,fixed_slot,50,11,35,49,False
llama3.1-8b,fitting,e791c48d79ed,xstest_safe,False,test,user,fixed_slot,61,11,55,60,True
llama3.1-8b,fitting,e791c48d79ed,xstest_safe,False,test,tool,fixed_slot,62,11,56,61,True
llama3.1-8b,fitting,e791c48d79ed,xstest_safe,False,test,assistant,fixed_slot,61,11,55,60,True
llama3.1-8b,fitting,e791c48d79ed,xstest_safe,False,test,system,natural_slot,50,11,35,49,False
llama3.1-8b,fitting,e791c48d79ed,xstest_safe,False,test,user,natural_slot,52,11,46,51,False
llama3.1-8b,fitting,e791c48d79ed,xstest_safe,False,test,tool,natural_slot,70,11,64,69,False
llama3.1-8b,fitting,e791c48d79ed,xstest_safe,False,test,assistant,natural_slot,61,11,55,60,False
llama3.1-8b,fitting,33e48b6429b1,alpaca,False,train,system,fixed_slot,54,15,39,53,False
llama3.1-8b,fitting,33e48b6429b1,alpaca,False,train,user,fixed_slot,65,15,59,64,True
llama3.1-8b,fitting,33e48b6429b1,alpaca,False,train,tool,fixed_slot,67,15,61,66,True
llama3.1-8b,fitting,33e48b6429b1,alpaca,False,train,assistant,fixed_slot,65,15,59,64,True
llama3.1-8b,fitting,33e48b6429b1,alpaca,False,train,system,natural_slot,54,15,39,53,False
llama3.1-8b,fitting,33e48b6429b1,alpaca,False,train,user,natural_slot,56,15,50,55,False
llama3.1-8b,fitting,33e48b6429b1,alpaca,False,train,tool,natural_slot,75,15,69,74,False
llama3.1-8b,fitting,33e48b6429b1,alpaca,False,train,assistant,natural_slot,65,15,59,64,False
llama3.1-8b,fitting,90cb020d7055,xstest_safe,False,train,system,fixed_slot,46,7,31,45,False
llama3.1-8b,fitting,90cb020d7055,xstest_safe,False,train,user,fixed_slot,57,7,51,56,True
llama3.1-8b,fitting,90cb020d7055,xstest_safe,False,train,tool,fixed_slot,58,7,52,57,True
llama3.1-8b,fitting,90cb020d7055,xstest_safe,False,train,assistant,fixed_slot,57,7,51,56,True
llama3.1-8b,fitting,90cb020d7055,xstest_safe,False,train,system,natural_slot,46,7,31,45,False
llama3.1-8b,fitting,90cb020d7055,xstest_safe,False,train,user,natural_slot,48,7,42,47,False
llama3.1-8b,fitting,90cb020d7055,xstest_safe,False,train,tool,natural_slot,66,7,60,65,False
llama3.1-8b,fitting,90cb020d7055,xstest_safe,False,train,assistant,natural_slot,57,7,51,56,False
llama3.1-8b,fitting,fbee83655bbe,alpaca,False,test,system,fixed_slot,48,9,33,47,False
llama3.1-8b,fitting,fbee83655bbe,alpaca,False,test,user,fixed_slot,59,9,53,58,True
llama3.1-8b,fitting,fbee83655bbe,alpaca,False,test,tool,fixed_slot,61,9,55,60,True
llama3.1-8b,fitting,fbee83655bbe,alpaca,False,test,assistant,fixed_slot,59,9,53,58,True
llama3.1-8b,fitting,fbee83655bbe,alpaca,False,test,system,natural_slot,48,9,33,47,False
llama3.1-8b,fitting,fbee83655bbe,alpaca,False,test,user,natural_slot,50,9,44,49,False
llama3.1-8b,fitting,fbee83655bbe,alpaca,False,test,tool,natural_slot,69,9,63,68,False
llama3.1-8b,fitting,fbee83655bbe,alpaca,False,test,assistant,natural_slot,59,9,53,58,False
llama3.1-8b,fitting,f8a7b2f2d908,xstest_safe,False,test,system,fixed_slot,47,8,32,46,False
llama3.1-8b,fitting,f8a7b2f2d908,xstest_safe,False,test,user,fixed_slot,58,8,52,57,True
llama3.1-8b,fitting,f8a7b2f2d908,xstest_safe,False,test,tool,fixed_slot,59,8,53,58,True
llama3.1-8b,fitting,f8a7b2f2d908,xstest_safe,False,test,assistant,fixed_slot,58,8,52,57,True
llama3.1-8b,fitting,f8a7b2f2d908,xstest_safe,False,test,system,natural_slot,47,8,32,46,False
llama3.1-8b,fitting,f8a7b2f2d908,xstest_safe,False,test,user,natural_slot,49,8,43,48,False
llama3.1-8b,fitting,f8a7b2f2d908,xstest_safe,False,test,tool,natural_slot,67,8,61,66,False
llama3.1-8b,fitting,f8a7b2f2d908,xstest_safe,False,test,assistant,natural_slot,58,8,52,57,False
llama3.1-8b,fitting,eae39d9e53cb,alpaca,False,train,system,fixed_slot,52,13,37,51,False
llama3.1-8b,fitting,eae39d9e53cb,alpaca,False,train,user,fixed_slot,63,13,57,62,True
llama3.1-8b,fitting,eae39d9e53cb,alpaca,False,train,tool,fixed_slot,65,13,59,64,True
llama3.1-8b,fitting,eae39d9e53cb,alpaca,False,train,assistant,fixed_slot,63,13,57,62,True
llama3.1-8b,fitting,eae39d9e53cb,alpaca,False,train,system,natural_slot,52,13,37,51,False
llama3.1-8b,fitting,eae39d9e53cb,alpaca,False,train,user,natural_slot,54,13,48,53,False
llama3.1-8b,fitting,eae39d9e53cb,alpaca,False,train,tool,natural_slot,73,13,67,72,False
llama3.1-8b,fitting,eae39d9e53cb,alpaca,False,train,assistant,natural_slot,63,13,57,62,False
llama3.1-8b,fitting,b2a76c7d4f58,xstest_safe,False,train,system,fixed_slot,52,13,37,51,False
llama3.1-8b,fitting,b2a76c7d4f58,xstest_safe,False,train,user,fixed_slot,63,13,57,62,True
llama3.1-8b,fitting,b2a76c7d4f58,xstest_safe,False,train,tool,fixed_slot,64,13,58,63,True
llama3.1-8b,fitting,b2a76c7d4f58,xstest_safe,False,train,assistant,fixed_slot,63,13,57,62,True
llama3.1-8b,fitting,b2a76c7d4f58,xstest_safe,False,train,system,natural_slot,52,13,37,51,False
llama3.1-8b,fitting,b2a76c7d4f58,xstest_safe,False,train,user,natural_slot,54,13,48,53,False
llama3.1-8b,fitting,b2a76c7d4f58,xstest_safe,False,train,tool,natural_slot,72,13,66,71,False
llama3.1-8b,fitting,b2a76c7d4f58,xstest_safe,False,train,assistant,natural_slot,63,13,57,62,False
llama3.1-8b,fitting,4e93c46da55a,alpaca,False,test,system,fixed_slot,49,10,34,48,False
llama3.1-8b,fitting,4e93c46da55a,alpaca,False,test,user,fixed_slot,60,10,54,59,True
llama3.1-8b,fitting,4e93c46da55a,alpaca,False,test,tool,fixed_slot,61,10,55,60,True
llama3.1-8b,fitting,4e93c46da55a,alpaca,False,test,assistant,fixed_slot,60,10,54,59,True
llama3.1-8b,fitting,4e93c46da55a,alpaca,False,test,system,natural_slot,49,10,34,48,False
llama3.1-8b,fitting,4e93c46da55a,alpaca,False,test,user,natural_slot,51,10,45,50,False
llama3.1-8b,fitting,4e93c46da55a,alpaca,False,test,tool,natural_slot,69,10,63,68,False
llama3.1-8b,fitting,4e93c46da55a,alpaca,False,test,assistant,natural_slot,60,10,54,59,False
llama3.1-8b,fitting,9b3904cf9587,xstest_safe,False,test,system,fixed_slot,48,9,33,47,False
llama3.1-8b,fitting,9b3904cf9587,xstest_safe,False,test,user,fixed_slot,59,9,53,58,True
llama3.1-8b,fitting,9b3904cf9587,xstest_safe,False,test,tool,fixed_slot,60,9,54,59,True
llama3.1-8b,fitting,9b3904cf9587,xstest_safe,False,test,assistant,fixed_slot,59,9,53,58,True
llama3.1-8b,fitting,9b3904cf9587,xstest_safe,False,test,system,natural_slot,48,9,33,47,False
llama3.1-8b,fitting,9b3904cf9587,xstest_safe,False,test,user,natural_slot,50,9,44,49,False
llama3.1-8b,fitting,9b3904cf9587,xstest_safe,False,test,tool,natural_slot,68,9,62,67,False
llama3.1-8b,fitting,9b3904cf9587,xstest_safe,False,test,assistant,natural_slot,59,9,53,58,False
llama3.1-8b,fitting,98a7be99f9f1,alpaca,False,train,system,fixed_slot,59,20,44,58,False
llama3.1-8b,fitting,98a7be99f9f1,alpaca,False,train,user,fixed_slot,70,20,64,69,True
llama3.1-8b,fitting,98a7be99f9f1,alpaca,False,train,tool,fixed_slot,72,20,66,71,True
llama3.1-8b,fitting,98a7be99f9f1,alpaca,False,train,assistant,fixed_slot,70,20,64,69,True
llama3.1-8b,fitting,98a7be99f9f1,alpaca,False,train,system,natural_slot,59,20,44,58,False
llama3.1-8b,fitting,98a7be99f9f1,alpaca,False,train,user,natural_slot,61,20,55,60,False
llama3.1-8b,fitting,98a7be99f9f1,alpaca,False,train,tool,natural_slot,80,20,74,79,False
llama3.1-8b,fitting,98a7be99f9f1,alpaca,False,train,assistant,natural_slot,70,20,64,69,False
llama3.1-8b,fitting,0880a214f30e,xstest_safe,False,train,system,fixed_slot,50,11,35,49,False
llama3.1-8b,fitting,0880a214f30e,xstest_safe,False,train,user,fixed_slot,61,11,55,60,True
llama3.1-8b,fitting,0880a214f30e,xstest_safe,False,train,tool,fixed_slot,63,11,57,62,True
llama3.1-8b,fitting,0880a214f30e,xstest_safe,False,train,assistant,fixed_slot,61,11,55,60,True
llama3.1-8b,fitting,0880a214f30e,xstest_safe,False,train,system,natural_slot,50,11,35,49,False
llama3.1-8b,fitting,0880a214f30e,xstest_safe,False,train,user,natural_slot,52,11,46,51,False
llama3.1-8b,fitting,0880a214f30e,xstest_safe,False,train,tool,natural_slot,71,11,65,70,False
llama3.1-8b,fitting,0880a214f30e,xstest_safe,False,train,assistant,natural_slot,61,11,55,60,False
llama3.1-8b,fitting,44d60cf44524,alpaca,False,test,system,fixed_slot,47,8,32,46,False
llama3.1-8b,fitting,44d60cf44524,alpaca,False,test,user,fixed_slot,58,8,52,57,True
llama3.1-8b,fitting,44d60cf44524,alpaca,False,test,tool,fixed_slot,60,8,54,59,True
llama3.1-8b,fitting,44d60cf44524,alpaca,False,test,assistant,fixed_slot,58,8,52,57,True
llama3.1-8b,fitting,44d60cf44524,alpaca,False,test,system,natural_slot,47,8,32,46,False
llama3.1-8b,fitting,44d60cf44524,alpaca,False,test,user,natural_slot,49,8,43,48,False
llama3.1-8b,fitting,44d60cf44524,alpaca,False,test,tool,natural_slot,68,8,62,67,False
llama3.1-8b,fitting,44d60cf44524,alpaca,False,test,assistant,natural_slot,58,8,52,57,False
llama3.1-8b,fitting,023fb01664c6,xstest_safe,False,train,system,fixed_slot,49,10,34,48,False
llama3.1-8b,fitting,023fb01664c6,xstest_safe,False,train,user,fixed_slot,60,10,54,59,True
llama3.1-8b,fitting,023fb01664c6,xstest_safe,False,train,tool,fixed_slot,61,10,55,60,True
llama3.1-8b,fitting,023fb01664c6,xstest_safe,False,train,assistant,fixed_slot,60,10,54,59,True
llama3.1-8b,fitting,023fb01664c6,xstest_safe,False,train,system,natural_slot,49,10,34,48,False
llama3.1-8b,fitting,023fb01664c6,xstest_safe,False,train,user,natural_slot,51,10,45,50,False
llama3.1-8b,fitting,023fb01664c6,xstest_safe,False,train,tool,natural_slot,69,10,63,68,False
llama3.1-8b,fitting,023fb01664c6,xstest_safe,False,train,assistant,natural_slot,60,10,54,59,False
llama3.1-8b,fitting,5509bd687a8c,alpaca,False,train,system,fixed_slot,51,12,36,50,False
llama3.1-8b,fitting,5509bd687a8c,alpaca,False,train,user,fixed_slot,62,12,56,61,True
llama3.1-8b,fitting,5509bd687a8c,alpaca,False,train,tool,fixed_slot,65,12,58,64,True
llama3.1-8b,fitting,5509bd687a8c,alpaca,False,train,assistant,fixed_slot,62,12,56,61,True
llama3.1-8b,fitting,5509bd687a8c,alpaca,False,train,system,natural_slot,51,12,36,50,False
llama3.1-8b,fitting,5509bd687a8c,alpaca,False,train,user,natural_slot,53,12,47,52,False
llama3.1-8b,fitting,5509bd687a8c,alpaca,False,train,tool,natural_slot,73,12,66,72,False
llama3.1-8b,fitting,5509bd687a8c,alpaca,False,train,assistant,natural_slot,62,12,56,61,False
llama3.1-8b,fitting,fe147cff9fd3,xstest_safe,False,train,system,fixed_slot,47,8,32,46,False
llama3.1-8b,fitting,fe147cff9fd3,xstest_safe,False,train,user,fixed_slot,58,8,52,57,True
llama3.1-8b,fitting,fe147cff9fd3,xstest_safe,False,train,tool,fixed_slot,59,8,53,58,True
llama3.1-8b,fitting,fe147cff9fd3,xstest_safe,False,train,assistant,fixed_slot,58,8,52,57,True
llama3.1-8b,fitting,fe147cff9fd3,xstest_safe,False,train,system,natural_slot,47,8,32,46,False
llama3.1-8b,fitting,fe147cff9fd3,xstest_safe,False,train,user,natural_slot,49,8,43,48,False
llama3.1-8b,fitting,fe147cff9fd3,xstest_safe,False,train,tool,natural_slot,67,8,61,66,False
llama3.1-8b,fitting,fe147cff9fd3,xstest_safe,False,train,assistant,natural_slot,58,8,52,57,False
llama3.1-8b,fitting,69970b3cc8fa,alpaca,False,train,system,fixed_slot,48,9,33,47,False
llama3.1-8b,fitting,69970b3cc8fa,alpaca,False,train,user,fixed_slot,59,9,53,58,True
llama3.1-8b,fitting,69970b3cc8fa,alpaca,False,train,tool,fixed_slot,61,9,55,60,True
llama3.1-8b,fitting,69970b3cc8fa,alpaca,False,train,assistant,fixed_slot,59,9,53,58,True
llama3.1-8b,fitting,69970b3cc8fa,alpaca,False,train,system,natural_slot,48,9,33,47,False
llama3.1-8b,fitting,69970b3cc8fa,alpaca,False,train,user,natural_slot,50,9,44,49,False
llama3.1-8b,fitting,69970b3cc8fa,alpaca,False,train,tool,natural_slot,69,9,63,68,False
llama3.1-8b,fitting,69970b3cc8fa,alpaca,False,train,assistant,natural_slot,59,9,53,58,False
llama3.1-8b,fitting,467ca3e0ee1c,xstest_safe,False,test,system,fixed_slot,53,14,38,52,False
llama3.1-8b,fitting,467ca3e0ee1c,xstest_safe,False,test,user,fixed_slot,64,14,58,63,True
llama3.1-8b,fitting,467ca3e0ee1c,xstest_safe,False,test,tool,fixed_slot,65,14,59,64,True
llama3.1-8b,fitting,467ca3e0ee1c,xstest_safe,False,test,assistant,fixed_slot,64,14,58,63,True
llama3.1-8b,fitting,467ca3e0ee1c,xstest_safe,False,test,system,natural_slot,53,14,38,52,False
llama3.1-8b,fitting,467ca3e0ee1c,xstest_safe,False,test,user,natural_slot,55,14,49,54,False
llama3.1-8b,fitting,467ca3e0ee1c,xstest_safe,False,test,tool,natural_slot,73,14,67,72,False
llama3.1-8b,fitting,467ca3e0ee1c,xstest_safe,False,test,assistant,natural_slot,64,14,58,63,False
llama3.1-8b,fitting,0eeeca45e667,alpaca,False,train,system,fixed_slot,49,10,34,48,False
llama3.1-8b,fitting,0eeeca45e667,alpaca,False,train,user,fixed_slot,60,10,54,59,True
llama3.1-8b,fitting,0eeeca45e667,alpaca,False,train,tool,fixed_slot,62,10,56,61,True
llama3.1-8b,fitting,0eeeca45e667,alpaca,False,train,assistant,fixed_slot,60,10,54,59,True
llama3.1-8b,fitting,0eeeca45e667,alpaca,False,train,system,natural_slot,49,10,34,48,False
llama3.1-8b,fitting,0eeeca45e667,alpaca,False,train,user,natural_slot,51,10,45,50,False
llama3.1-8b,fitting,0eeeca45e667,alpaca,False,train,tool,natural_slot,70,10,64,69,False
llama3.1-8b,fitting,0eeeca45e667,alpaca,False,train,assistant,natural_slot,60,10,54,59,False
llama3.1-8b,fitting,971e711614c3,xstest_safe,False,train,system,fixed_slot,47,8,32,46,False
llama3.1-8b,fitting,971e711614c3,xstest_safe,False,train,user,fixed_slot,58,8,52,57,True
llama3.1-8b,fitting,971e711614c3,xstest_safe,False,train,tool,fixed_slot,59,8,53,58,True
llama3.1-8b,fitting,971e711614c3,xstest_safe,False,train,assistant,fixed_slot,58,8,52,57,True
llama3.1-8b,fitting,971e711614c3,xstest_safe,False,train,system,natural_slot,47,8,32,46,False
llama3.1-8b,fitting,971e711614c3,xstest_safe,False,train,user,natural_slot,49,8,43,48,False
llama3.1-8b,fitting,971e711614c3,xstest_safe,False,train,tool,natural_slot,67,8,61,66,False
llama3.1-8b,fitting,971e711614c3,xstest_safe,False,train,assistant,natural_slot,58,8,52,57,False
llama3.1-8b,fitting,1fc2085ff4dd,alpaca,False,train,system,fixed_slot,48,9,33,47,False
llama3.1-8b,fitting,1fc2085ff4dd,alpaca,False,train,user,fixed_slot,59,9,53,58,True
llama3.1-8b,fitting,1fc2085ff4dd,alpaca,False,train,tool,fixed_slot,61,9,55,60,True
llama3.1-8b,fitting,1fc2085ff4dd,alpaca,False,train,assistant,fixed_slot,59,9,53,58,True
llama3.1-8b,fitting,1fc2085ff4dd,alpaca,False,train,system,natural_slot,48,9,33,47,False
llama3.1-8b,fitting,1fc2085ff4dd,alpaca,False,train,user,natural_slot,50,9,44,49,False
llama3.1-8b,fitting,1fc2085ff4dd,alpaca,False,train,tool,natural_slot,69,9,63,68,False
llama3.1-8b,fitting,1fc2085ff4dd,alpaca,False,train,assistant,natural_slot,59,9,53,58,False
llama3.1-8b,fitting,f034a69f1a98,xstest_safe,False,test,system,fixed_slot,50,11,35,49,False
llama3.1-8b,fitting,f034a69f1a98,xstest_safe,False,test,user,fixed_slot,61,11,55,60,True
llama3.1-8b,fitting,f034a69f1a98,xstest_safe,False,test,tool,fixed_slot,62,11,56,61,True
llama3.1-8b,fitting,f034a69f1a98,xstest_safe,False,test,assistant,fixed_slot,61,11,55,60,True
llama3.1-8b,fitting,f034a69f1a98,xstest_safe,False,test,system,natural_slot,50,11,35,49,False
llama3.1-8b,fitting,f034a69f1a98,xstest_safe,False,test,user,natural_slot,52,11,46,51,False
llama3.1-8b,fitting,f034a69f1a98,xstest_safe,False,test,tool,natural_slot,70,11,64,69,False
llama3.1-8b,fitting,f034a69f1a98,xstest_safe,False,test,assistant,natural_slot,61,11,55,60,False
llama3.1-8b,fitting,2bb18cf249dd,alpaca,False,train,system,fixed_slot,49,10,34,48,False
llama3.1-8b,fitting,2bb18cf249dd,alpaca,False,train,user,fixed_slot,60,10,54,59,True
llama3.1-8b,fitting,2bb18cf249dd,alpaca,False,train,tool,fixed_slot,62,10,56,61,True
llama3.1-8b,fitting,2bb18cf249dd,alpaca,False,train,assistant,fixed_slot,60,10,54,59,True
llama3.1-8b,fitting,2bb18cf249dd,alpaca,False,train,system,natural_slot,49,10,34,48,False
llama3.1-8b,fitting,2bb18cf249dd,alpaca,False,train,user,natural_slot,51,10,45,50,False
llama3.1-8b,fitting,2bb18cf249dd,alpaca,False,train,tool,natural_slot,70,10,64,69,False
llama3.1-8b,fitting,2bb18cf249dd,alpaca,False,train,assistant,natural_slot,60,10,54,59,False
llama3.1-8b,fitting,dd83daffc0ce,xstest_safe,False,train,system,fixed_slot,47,8,32,46,False
llama3.1-8b,fitting,dd83daffc0ce,xstest_safe,False,train,user,fixed_slot,58,8,52,57,True
llama3.1-8b,fitting,dd83daffc0ce,xstest_safe,False,train,tool,fixed_slot,59,8,53,58,True
llama3.1-8b,fitting,dd83daffc0ce,xstest_safe,False,train,assistant,fixed_slot,58,8,52,57,True
llama3.1-8b,fitting,dd83daffc0ce,xstest_safe,False,train,system,natural_slot,47,8,32,46,False
llama3.1-8b,fitting,dd83daffc0ce,xstest_safe,False,train,user,natural_slot,49,8,43,48,False
llama3.1-8b,fitting,dd83daffc0ce,xstest_safe,False,train,tool,natural_slot,67,8,61,66,False
llama3.1-8b,fitting,dd83daffc0ce,xstest_safe,False,train,assistant,natural_slot,58,8,52,57,False
llama3.1-8b,fitting,58ad358ca672,alpaca,False,test,system,fixed_slot,52,13,37,51,False
llama3.1-8b,fitting,58ad358ca672,alpaca,False,test,user,fixed_slot,63,13,57,62,True
llama3.1-8b,fitting,58ad358ca672,alpaca,False,test,tool,fixed_slot,66,14,60,65,True
llama3.1-8b,fitting,58ad358ca672,alpaca,False,test,assistant,fixed_slot,63,13,57,62,True
llama3.1-8b,fitting,58ad358ca672,alpaca,False,test,system,natural_slot,52,13,37,51,False
llama3.1-8b,fitting,58ad358ca672,alpaca,False,test,user,natural_slot,54,13,48,53,False
llama3.1-8b,fitting,58ad358ca672,alpaca,False,test,tool,natural_slot,74,14,68,73,False
llama3.1-8b,fitting,58ad358ca672,alpaca,False,test,assistant,natural_slot,63,13,57,62,False
llama3.1-8b,fitting,0dc8abb8845b,xstest_safe,False,test,system,fixed_slot,49,10,34,48,False
llama3.1-8b,fitting,0dc8abb8845b,xstest_safe,False,test,user,fixed_slot,60,10,54,59,True
llama3.1-8b,fitting,0dc8abb8845b,xstest_safe,False,test,tool,fixed_slot,61,10,55,60,True
llama3.1-8b,fitting,0dc8abb8845b,xstest_safe,False,test,assistant,fixed_slot,60,10,54,59,True
llama3.1-8b,fitting,0dc8abb8845b,xstest_safe,False,test,system,natural_slot,49,10,34,48,False
llama3.1-8b,fitting,0dc8abb8845b,xstest_safe,False,test,user,natural_slot,51,10,45,50,False
llama3.1-8b,fitting,0dc8abb8845b,xstest_safe,False,test,tool,natural_slot,69,10,63,68,False
llama3.1-8b,fitting,0dc8abb8845b,xstest_safe,False,test,assistant,natural_slot,60,10,54,59,False
llama3.1-8b,fitting,242ae5a1b1c0,alpaca,False,train,system,fixed_slot,47,8,32,46,False
llama3.1-8b,fitting,242ae5a1b1c0,alpaca,False,train,user,fixed_slot,58,8,52,57,True
llama3.1-8b,fitting,242ae5a1b1c0,alpaca,False,train,tool,fixed_slot,60,8,54,59,True
llama3.1-8b,fitting,242ae5a1b1c0,alpaca,False,train,assistant,fixed_slot,58,8,52,57,True
llama3.1-8b,fitting,242ae5a1b1c0,alpaca,False,train,system,natural_slot,47,8,32,46,False
llama3.1-8b,fitting,242ae5a1b1c0,alpaca,False,train,user,natural_slot,49,8,43,48,False
llama3.1-8b,fitting,242ae5a1b1c0,alpaca,False,train,tool,natural_slot,68,8,62,67,False
llama3.1-8b,fitting,242ae5a1b1c0,alpaca,False,train,assistant,natural_slot,58,8,52,57,False
llama3.1-8b,fitting,80fa60e8dac5,xstest_safe,False,train,system,fixed_slot,46,7,31,45,False
llama3.1-8b,fitting,80fa60e8dac5,xstest_safe,False,train,user,fixed_slot,57,7,51,56,True
llama3.1-8b,fitting,80fa60e8dac5,xstest_safe,False,train,tool,fixed_slot,58,7,52,57,True
llama3.1-8b,fitting,80fa60e8dac5,xstest_safe,False,train,assistant,fixed_slot,57,7,51,56,True
llama3.1-8b,fitting,80fa60e8dac5,xstest_safe,False,train,system,natural_slot,46,7,31,45,False
llama3.1-8b,fitting,80fa60e8dac5,xstest_safe,False,train,user,natural_slot,48,7,42,47,False
llama3.1-8b,fitting,80fa60e8dac5,xstest_safe,False,train,tool,natural_slot,66,7,60,65,False
llama3.1-8b,fitting,80fa60e8dac5,xstest_safe,False,train,assistant,natural_slot,57,7,51,56,False
llama3.1-8b,fitting,4e10ae6516e1,alpaca,False,test,system,fixed_slot,52,13,37,51,False
llama3.1-8b,fitting,4e10ae6516e1,alpaca,False,test,user,fixed_slot,63,13,57,62,True
llama3.1-8b,fitting,4e10ae6516e1,alpaca,False,test,tool,fixed_slot,65,13,59,64,True
llama3.1-8b,fitting,4e10ae6516e1,alpaca,False,test,assistant,fixed_slot,63,13,57,62,True
llama3.1-8b,fitting,4e10ae6516e1,alpaca,False,test,system,natural_slot,52,13,37,51,False
llama3.1-8b,fitting,4e10ae6516e1,alpaca,False,test,user,natural_slot,54,13,48,53,False
llama3.1-8b,fitting,4e10ae6516e1,alpaca,False,test,tool,natural_slot,73,13,67,72,False
llama3.1-8b,fitting,4e10ae6516e1,alpaca,False,test,assistant,natural_slot,63,13,57,62,False
llama3.1-8b,fitting,e74f02d74c3c,xstest_safe,False,train,system,fixed_slot,51,12,36,50,False
llama3.1-8b,fitting,e74f02d74c3c,xstest_safe,False,train,user,fixed_slot,62,12,56,61,True
llama3.1-8b,fitting,e74f02d74c3c,xstest_safe,False,train,tool,fixed_slot,63,12,57,62,True
llama3.1-8b,fitting,e74f02d74c3c,xstest_safe,False,train,assistant,fixed_slot,62,12,56,61,True
llama3.1-8b,fitting,e74f02d74c3c,xstest_safe,False,train,system,natural_slot,51,12,36,50,False
llama3.1-8b,fitting,e74f02d74c3c,xstest_safe,False,train,user,natural_slot,53,12,47,52,False
llama3.1-8b,fitting,e74f02d74c3c,xstest_safe,False,train,tool,natural_slot,71,12,65,70,False
llama3.1-8b,fitting,e74f02d74c3c,xstest_safe,False,train,assistant,natural_slot,62,12,56,61,False
llama3.1-8b,fitting,0688176ca383,alpaca,False,train,system,fixed_slot,50,11,35,49,False
llama3.1-8b,fitting,0688176ca383,alpaca,False,train,user,fixed_slot,61,11,55,60,True
llama3.1-8b,fitting,0688176ca383,alpaca,False,train,tool,fixed_slot,62,11,56,61,True
llama3.1-8b,fitting,0688176ca383,alpaca,False,train,assistant,fixed_slot,61,11,55,60,True
llama3.1-8b,fitting,0688176ca383,alpaca,False,train,system,natural_slot,50,11,35,49,False
llama3.1-8b,fitting,0688176ca383,alpaca,False,train,user,natural_slot,52,11,46,51,False
llama3.1-8b,fitting,0688176ca383,alpaca,False,train,tool,natural_slot,70,11,64,69,False
llama3.1-8b,fitting,0688176ca383,alpaca,False,train,assistant,natural_slot,61,11,55,60,False
llama3.1-8b,fitting,4ea082435261,xstest_safe,False,test,system,fixed_slot,48,9,33,47,False
llama3.1-8b,fitting,4ea082435261,xstest_safe,False,test,user,fixed_slot,59,9,53,58,True
llama3.1-8b,fitting,4ea082435261,xstest_safe,False,test,tool,fixed_slot,60,9,54,59,True
llama3.1-8b,fitting,4ea082435261,xstest_safe,False,test,assistant,fixed_slot,59,9,53,58,True
llama3.1-8b,fitting,4ea082435261,xstest_safe,False,test,system,natural_slot,48,9,33,47,False
llama3.1-8b,fitting,4ea082435261,xstest_safe,False,test,user,natural_slot,50,9,44,49,False
llama3.1-8b,fitting,4ea082435261,xstest_safe,False,test,tool,natural_slot,68,9,62,67,False
llama3.1-8b,fitting,4ea082435261,xstest_safe,False,test,assistant,natural_slot,59,9,53,58,False
llama3.1-8b,fitting,e5b160e13c28,alpaca,False,train,system,fixed_slot,48,9,33,47,False
llama3.1-8b,fitting,e5b160e13c28,alpaca,False,train,user,fixed_slot,59,9,53,58,True
llama3.1-8b,fitting,e5b160e13c28,alpaca,False,train,tool,fixed_slot,61,9,55,60,True
llama3.1-8b,fitting,e5b160e13c28,alpaca,False,train,assistant,fixed_slot,59,9,53,58,True
llama3.1-8b,fitting,e5b160e13c28,alpaca,False,train,system,natural_slot,48,9,33,47,False
llama3.1-8b,fitting,e5b160e13c28,alpaca,False,train,user,natural_slot,50,9,44,49,False
llama3.1-8b,fitting,e5b160e13c28,alpaca,False,train,tool,natural_slot,69,9,63,68,False
llama3.1-8b,fitting,e5b160e13c28,alpaca,False,train,assistant,natural_slot,59,9,53,58,False
llama3.1-8b,fitting,3c88114a2a7a,xstest_safe,False,train,system,fixed_slot,51,12,36,50,False
llama3.1-8b,fitting,3c88114a2a7a,xstest_safe,False,train,user,fixed_slot,62,12,56,61,True
llama3.1-8b,fitting,3c88114a2a7a,xstest_safe,False,train,tool,fixed_slot,63,12,57,62,True
llama3.1-8b,fitting,3c88114a2a7a,xstest_safe,False,train,assistant,fixed_slot,62,12,56,61,True
llama3.1-8b,fitting,3c88114a2a7a,xstest_safe,False,train,system,natural_slot,51,12,36,50,False
llama3.1-8b,fitting,3c88114a2a7a,xstest_safe,False,train,user,natural_slot,53,12,47,52,False
llama3.1-8b,fitting,3c88114a2a7a,xstest_safe,False,train,tool,natural_slot,71,12,65,70,False
llama3.1-8b,fitting,3c88114a2a7a,xstest_safe,False,train,assistant,natural_slot,62,12,56,61,False
llama3.1-8b,fitting,35bfa578b43f,alpaca,False,train,system,fixed_slot,49,10,34,48,False
llama3.1-8b,fitting,35bfa578b43f,alpaca,False,train,user,fixed_slot,60,10,54,59,True
llama3.1-8b,fitting,35bfa578b43f,alpaca,False,train,tool,fixed_slot,62,10,56,61,True
llama3.1-8b,fitting,35bfa578b43f,alpaca,False,train,assistant,fixed_slot,60,10,54,59,True
llama3.1-8b,fitting,35bfa578b43f,alpaca,False,train,system,natural_slot,49,10,34,48,False
llama3.1-8b,fitting,35bfa578b43f,alpaca,False,train,user,natural_slot,51,10,45,50,False
llama3.1-8b,fitting,35bfa578b43f,alpaca,False,train,tool,natural_slot,70,10,64,69,False
llama3.1-8b,fitting,35bfa578b43f,alpaca,False,train,assistant,natural_slot,60,10,54,59,False
llama3.1-8b,fitting,7d828e4d038f,xstest_safe,False,test,system,fixed_slot,51,12,36,50,False
llama3.1-8b,fitting,7d828e4d038f,xstest_safe,False,test,user,fixed_slot,62,12,56,61,True
llama3.1-8b,fitting,7d828e4d038f,xstest_safe,False,test,tool,fixed_slot,63,12,57,62,True
llama3.1-8b,fitting,7d828e4d038f,xstest_safe,False,test,assistant,fixed_slot,62,12,56,61,True
llama3.1-8b,fitting,7d828e4d038f,xstest_safe,False,test,system,natural_slot,51,12,36,50,False
llama3.1-8b,fitting,7d828e4d038f,xstest_safe,False,test,user,natural_slot,53,12,47,52,False
llama3.1-8b,fitting,7d828e4d038f,xstest_safe,False,test,tool,natural_slot,71,12,65,70,False
llama3.1-8b,fitting,7d828e4d038f,xstest_safe,False,test,assistant,natural_slot,62,12,56,61,False
llama3.1-8b,fitting,83b1c59220d4,alpaca,False,train,system,fixed_slot,51,12,36,50,False
llama3.1-8b,fitting,83b1c59220d4,alpaca,False,train,user,fixed_slot,62,12,56,61,True
llama3.1-8b,fitting,83b1c59220d4,alpaca,False,train,tool,fixed_slot,64,12,58,63,True
llama3.1-8b,fitting,83b1c59220d4,alpaca,False,train,assistant,fixed_slot,62,12,56,61,True
llama3.1-8b,fitting,83b1c59220d4,alpaca,False,train,system,natural_slot,51,12,36,50,False
llama3.1-8b,fitting,83b1c59220d4,alpaca,False,train,user,natural_slot,53,12,47,52,False
llama3.1-8b,fitting,83b1c59220d4,alpaca,False,train,tool,natural_slot,72,12,66,71,False
llama3.1-8b,fitting,83b1c59220d4,alpaca,False,train,assistant,natural_slot,62,12,56,61,False
llama3.1-8b,fitting,61dbea843f42,xstest_safe,False,test,system,fixed_slot,43,4,28,42,False
llama3.1-8b,fitting,61dbea843f42,xstest_safe,False,test,user,fixed_slot,54,4,48,53,True
llama3.1-8b,fitting,61dbea843f42,xstest_safe,False,test,tool,fixed_slot,55,4,49,54,True
llama3.1-8b,fitting,61dbea843f42,xstest_safe,False,test,assistant,fixed_slot,54,4,48,53,True
llama3.1-8b,fitting,61dbea843f42,xstest_safe,False,test,system,natural_slot,43,4,28,42,False
llama3.1-8b,fitting,61dbea843f42,xstest_safe,False,test,user,natural_slot,45,4,39,44,False
llama3.1-8b,fitting,61dbea843f42,xstest_safe,False,test,tool,natural_slot,63,4,57,62,False
llama3.1-8b,fitting,61dbea843f42,xstest_safe,False,test,assistant,natural_slot,54,4,48,53,False
llama3.1-8b,fitting,e9056fd9e901,alpaca,False,test,system,fixed_slot,55,16,40,54,False
llama3.1-8b,fitting,e9056fd9e901,alpaca,False,test,user,fixed_slot,66,16,60,65,True
llama3.1-8b,fitting,e9056fd9e901,alpaca,False,test,tool,fixed_slot,69,16,62,68,True
llama3.1-8b,fitting,e9056fd9e901,alpaca,False,test,assistant,fixed_slot,66,16,60,65,True
llama3.1-8b,fitting,e9056fd9e901,alpaca,False,test,system,natural_slot,55,16,40,54,False
llama3.1-8b,fitting,e9056fd9e901,alpaca,False,test,user,natural_slot,57,16,51,56,False
llama3.1-8b,fitting,e9056fd9e901,alpaca,False,test,tool,natural_slot,77,16,70,76,False
llama3.1-8b,fitting,e9056fd9e901,alpaca,False,test,assistant,natural_slot,66,16,60,65,False
llama3.1-8b,fitting,ee4820d2d765,xstest_safe,False,train,system,fixed_slot,54,15,39,53,False
llama3.1-8b,fitting,ee4820d2d765,xstest_safe,False,train,user,fixed_slot,65,15,59,64,True
llama3.1-8b,fitting,ee4820d2d765,xstest_safe,False,train,tool,fixed_slot,66,15,60,65,True
llama3.1-8b,fitting,ee4820d2d765,xstest_safe,False,train,assistant,fixed_slot,65,15,59,64,True
llama3.1-8b,fitting,ee4820d2d765,xstest_safe,False,train,system,natural_slot,54,15,39,53,False
llama3.1-8b,fitting,ee4820d2d765,xstest_safe,False,train,user,natural_slot,56,15,50,55,False
llama3.1-8b,fitting,ee4820d2d765,xstest_safe,False,train,tool,natural_slot,74,15,68,73,False
llama3.1-8b,fitting,ee4820d2d765,xstest_safe,False,train,assistant,natural_slot,65,15,59,64,False
llama3.1-8b,fitting,08eb92ada6f2,alpaca,False,train,system,fixed_slot,47,8,32,46,False
llama3.1-8b,fitting,08eb92ada6f2,alpaca,False,train,user,fixed_slot,58,8,52,57,True
llama3.1-8b,fitting,08eb92ada6f2,alpaca,False,train,tool,fixed_slot,60,8,54,59,True
llama3.1-8b,fitting,08eb92ada6f2,alpaca,False,train,assistant,fixed_slot,58,8,52,57,True
llama3.1-8b,fitting,08eb92ada6f2,alpaca,False,train,system,natural_slot,47,8,32,46,False
llama3.1-8b,fitting,08eb92ada6f2,alpaca,False,train,user,natural_slot,49,8,43,48,False
llama3.1-8b,fitting,08eb92ada6f2,alpaca,False,train,tool,natural_slot,68,8,62,67,False
llama3.1-8b,fitting,08eb92ada6f2,alpaca,False,train,assistant,natural_slot,58,8,52,57,False
llama3.1-8b,fitting,921bd65e6ea2,xstest_safe,False,test,system,fixed_slot,52,13,37,51,False
llama3.1-8b,fitting,921bd65e6ea2,xstest_safe,False,test,user,fixed_slot,63,13,57,62,True
llama3.1-8b,fitting,921bd65e6ea2,xstest_safe,False,test,tool,fixed_slot,64,13,58,63,True
llama3.1-8b,fitting,921bd65e6ea2,xstest_safe,False,test,assistant,fixed_slot,63,13,57,62,True
llama3.1-8b,fitting,921bd65e6ea2,xstest_safe,False,test,system,natural_slot,52,13,37,51,False
llama3.1-8b,fitting,921bd65e6ea2,xstest_safe,False,test,user,natural_slot,54,13,48,53,False
llama3.1-8b,fitting,921bd65e6ea2,xstest_safe,False,test,tool,natural_slot,72,13,66,71,False
llama3.1-8b,fitting,921bd65e6ea2,xstest_safe,False,test,assistant,natural_slot,63,13,57,62,False
llama3.1-8b,fitting,d3a98f732f12,alpaca,False,test,system,fixed_slot,53,14,38,52,False
llama3.1-8b,fitting,d3a98f732f12,alpaca,False,test,user,fixed_slot,64,14,58,63,True
llama3.1-8b,fitting,d3a98f732f12,alpaca,False,test,tool,fixed_slot,66,14,60,65,True
llama3.1-8b,fitting,d3a98f732f12,alpaca,False,test,assistant,fixed_slot,64,14,58,63,True
llama3.1-8b,fitting,d3a98f732f12,alpaca,False,test,system,natural_slot,53,14,38,52,False
llama3.1-8b,fitting,d3a98f732f12,alpaca,False,test,user,natural_slot,55,14,49,54,False
llama3.1-8b,fitting,d3a98f732f12,alpaca,False,test,tool,natural_slot,74,14,68,73,False
llama3.1-8b,fitting,d3a98f732f12,alpaca,False,test,assistant,natural_slot,64,14,58,63,False
llama3.1-8b,fitting,046ccfa9ba04,xstest_safe,False,train,system,fixed_slot,49,10,34,48,False
llama3.1-8b,fitting,046ccfa9ba04,xstest_safe,False,train,user,fixed_slot,60,10,54,59,True
llama3.1-8b,fitting,046ccfa9ba04,xstest_safe,False,train,tool,fixed_slot,62,10,56,61,True
llama3.1-8b,fitting,046ccfa9ba04,xstest_safe,False,train,assistant,fixed_slot,60,10,54,59,True
llama3.1-8b,fitting,046ccfa9ba04,xstest_safe,False,train,system,natural_slot,49,10,34,48,False
llama3.1-8b,fitting,046ccfa9ba04,xstest_safe,False,train,user,natural_slot,51,10,45,50,False
llama3.1-8b,fitting,046ccfa9ba04,xstest_safe,False,train,tool,natural_slot,70,10,64,69,False
llama3.1-8b,fitting,046ccfa9ba04,xstest_safe,False,train,assistant,natural_slot,60,10,54,59,False
llama3.1-8b,fitting,8840c2b06bfc,alpaca,False,train,system,fixed_slot,45,6,30,44,False
llama3.1-8b,fitting,8840c2b06bfc,alpaca,False,train,user,fixed_slot,56,6,50,55,True
llama3.1-8b,fitting,8840c2b06bfc,alpaca,False,train,tool,fixed_slot,59,6,52,58,True
llama3.1-8b,fitting,8840c2b06bfc,alpaca,False,train,assistant,fixed_slot,56,6,50,55,True
llama3.1-8b,fitting,8840c2b06bfc,alpaca,False,train,system,natural_slot,45,6,30,44,False
llama3.1-8b,fitting,8840c2b06bfc,alpaca,False,train,user,natural_slot,47,6,41,46,False
llama3.1-8b,fitting,8840c2b06bfc,alpaca,False,train,tool,natural_slot,67,6,60,66,False
llama3.1-8b,fitting,8840c2b06bfc,alpaca,False,train,assistant,natural_slot,56,6,50,55,False
llama3.1-8b,fitting,ff315f29f2ce,xstest_safe,False,train,system,fixed_slot,44,5,29,43,False
llama3.1-8b,fitting,ff315f29f2ce,xstest_safe,False,train,user,fixed_slot,55,5,49,54,True
llama3.1-8b,fitting,ff315f29f2ce,xstest_safe,False,train,tool,fixed_slot,56,5,50,55,True
llama3.1-8b,fitting,ff315f29f2ce,xstest_safe,False,train,assistant,fixed_slot,55,5,49,54,True
llama3.1-8b,fitting,ff315f29f2ce,xstest_safe,False,train,system,natural_slot,44,5,29,43,False
llama3.1-8b,fitting,ff315f29f2ce,xstest_safe,False,train,user,natural_slot,46,5,40,45,False
llama3.1-8b,fitting,ff315f29f2ce,xstest_safe,False,train,tool,natural_slot,64,5,58,63,False
llama3.1-8b,fitting,ff315f29f2ce,xstest_safe,False,train,assistant,natural_slot,55,5,49,54,False
llama3.1-8b,fitting,71bd39c8c71a,alpaca,False,train,system,fixed_slot,48,9,33,47,False
llama3.1-8b,fitting,71bd39c8c71a,alpaca,False,train,user,fixed_slot,59,9,53,58,True
llama3.1-8b,fitting,71bd39c8c71a,alpaca,False,train,tool,fixed_slot,61,9,55,60,True
llama3.1-8b,fitting,71bd39c8c71a,alpaca,False,train,assistant,fixed_slot,59,9,53,58,True
llama3.1-8b,fitting,71bd39c8c71a,alpaca,False,train,system,natural_slot,48,9,33,47,False
llama3.1-8b,fitting,71bd39c8c71a,alpaca,False,train,user,natural_slot,50,9,44,49,False
llama3.1-8b,fitting,71bd39c8c71a,alpaca,False,train,tool,natural_slot,69,9,63,68,False
llama3.1-8b,fitting,71bd39c8c71a,alpaca,False,train,assistant,natural_slot,59,9,53,58,False
llama3.1-8b,fitting,c13fb4850c4d,xstest_safe,False,train,system,fixed_slot,50,11,35,49,False
llama3.1-8b,fitting,c13fb4850c4d,xstest_safe,False,train,user,fixed_slot,61,11,55,60,True
llama3.1-8b,fitting,c13fb4850c4d,xstest_safe,False,train,tool,fixed_slot,62,11,56,61,True
llama3.1-8b,fitting,c13fb4850c4d,xstest_safe,False,train,assistant,fixed_slot,61,11,55,60,True
llama3.1-8b,fitting,c13fb4850c4d,xstest_safe,False,train,system,natural_slot,50,11,35,49,False
llama3.1-8b,fitting,c13fb4850c4d,xstest_safe,False,train,user,natural_slot,52,11,46,51,False
llama3.1-8b,fitting,c13fb4850c4d,xstest_safe,False,train,tool,natural_slot,70,11,64,69,False
llama3.1-8b,fitting,c13fb4850c4d,xstest_safe,False,train,assistant,natural_slot,61,11,55,60,False
llama3.1-8b,fitting,c040ea9b810c,alpaca,False,train,system,fixed_slot,53,14,38,52,False
llama3.1-8b,fitting,c040ea9b810c,alpaca,False,train,user,fixed_slot,64,14,58,63,True
llama3.1-8b,fitting,c040ea9b810c,alpaca,False,train,tool,fixed_slot,66,14,60,65,True
llama3.1-8b,fitting,c040ea9b810c,alpaca,False,train,assistant,fixed_slot,64,14,58,63,True
llama3.1-8b,fitting,c040ea9b810c,alpaca,False,train,system,natural_slot,53,14,38,52,False
llama3.1-8b,fitting,c040ea9b810c,alpaca,False,train,user,natural_slot,55,14,49,54,False
llama3.1-8b,fitting,c040ea9b810c,alpaca,False,train,tool,natural_slot,74,14,68,73,False
llama3.1-8b,fitting,c040ea9b810c,alpaca,False,train,assistant,natural_slot,64,14,58,63,False
llama3.1-8b,fitting,3e7c01cc7034,xstest_safe,False,train,system,fixed_slot,53,14,38,52,False
llama3.1-8b,fitting,3e7c01cc7034,xstest_safe,False,train,user,fixed_slot,64,14,58,63,True
llama3.1-8b,fitting,3e7c01cc7034,xstest_safe,False,train,tool,fixed_slot,65,14,59,64,True
llama3.1-8b,fitting,3e7c01cc7034,xstest_safe,False,train,assistant,fixed_slot,64,14,58,63,True
llama3.1-8b,fitting,3e7c01cc7034,xstest_safe,False,train,system,natural_slot,53,14,38,52,False
llama3.1-8b,fitting,3e7c01cc7034,xstest_safe,False,train,user,natural_slot,55,14,49,54,False
llama3.1-8b,fitting,3e7c01cc7034,xstest_safe,False,train,tool,natural_slot,73,14,67,72,False
llama3.1-8b,fitting,3e7c01cc7034,xstest_safe,False,train,assistant,natural_slot,64,14,58,63,False
llama3.1-8b,fitting,e13f1c6fbdfb,alpaca,False,train,system,fixed_slot,45,6,30,44,False
llama3.1-8b,fitting,e13f1c6fbdfb,alpaca,False,train,user,fixed_slot,56,6,50,55,True
llama3.1-8b,fitting,e13f1c6fbdfb,alpaca,False,train,tool,fixed_slot,57,6,51,56,True
llama3.1-8b,fitting,e13f1c6fbdfb,alpaca,False,train,assistant,fixed_slot,56,6,50,55,True
llama3.1-8b,fitting,e13f1c6fbdfb,alpaca,False,train,system,natural_slot,45,6,30,44,False
llama3.1-8b,fitting,e13f1c6fbdfb,alpaca,False,train,user,natural_slot,47,6,41,46,False
llama3.1-8b,fitting,e13f1c6fbdfb,alpaca,False,train,tool,natural_slot,65,6,59,64,False
llama3.1-8b,fitting,e13f1c6fbdfb,alpaca,False,train,assistant,natural_slot,56,6,50,55,False
llama3.1-8b,fitting,8823ef119394,xstest_safe,False,train,system,fixed_slot,47,8,32,46,False
llama3.1-8b,fitting,8823ef119394,xstest_safe,False,train,user,fixed_slot,58,8,52,57,True
llama3.1-8b,fitting,8823ef119394,xstest_safe,False,train,tool,fixed_slot,59,8,53,58,True
llama3.1-8b,fitting,8823ef119394,xstest_safe,False,train,assistant,fixed_slot,58,8,52,57,True
llama3.1-8b,fitting,8823ef119394,xstest_safe,False,train,system,natural_slot,47,8,32,46,False
llama3.1-8b,fitting,8823ef119394,xstest_safe,False,train,user,natural_slot,49,8,43,48,False
llama3.1-8b,fitting,8823ef119394,xstest_safe,False,train,tool,natural_slot,67,8,61,66,False
llama3.1-8b,fitting,8823ef119394,xstest_safe,False,train,assistant,natural_slot,58,8,52,57,False
llama3.1-8b,fitting,677a62e72063,alpaca,False,train,system,fixed_slot,47,8,32,46,False
llama3.1-8b,fitting,677a62e72063,alpaca,False,train,user,fixed_slot,58,8,52,57,True
llama3.1-8b,fitting,677a62e72063,alpaca,False,train,tool,fixed_slot,60,8,54,59,True
llama3.1-8b,fitting,677a62e72063,alpaca,False,train,assistant,fixed_slot,58,8,52,57,True
llama3.1-8b,fitting,677a62e72063,alpaca,False,train,system,natural_slot,47,8,32,46,False
llama3.1-8b,fitting,677a62e72063,alpaca,False,train,user,natural_slot,49,8,43,48,False
llama3.1-8b,fitting,677a62e72063,alpaca,False,train,tool,natural_slot,68,8,62,67,False
llama3.1-8b,fitting,677a62e72063,alpaca,False,train,assistant,natural_slot,58,8,52,57,False
llama3.1-8b,fitting,b7d3debe1dce,xstest_safe,False,test,system,fixed_slot,49,10,34,48,False
llama3.1-8b,fitting,b7d3debe1dce,xstest_safe,False,test,user,fixed_slot,60,10,54,59,True
llama3.1-8b,fitting,b7d3debe1dce,xstest_safe,False,test,tool,fixed_slot,61,10,55,60,True
llama3.1-8b,fitting,b7d3debe1dce,xstest_safe,False,test,assistant,fixed_slot,60,10,54,59,True
llama3.1-8b,fitting,b7d3debe1dce,xstest_safe,False,test,system,natural_slot,49,10,34,48,False
llama3.1-8b,fitting,b7d3debe1dce,xstest_safe,False,test,user,natural_slot,51,10,45,50,False
llama3.1-8b,fitting,b7d3debe1dce,xstest_safe,False,test,tool,natural_slot,69,10,63,68,False
llama3.1-8b,fitting,b7d3debe1dce,xstest_safe,False,test,assistant,natural_slot,60,10,54,59,False
llama3.1-8b,fitting,b647ad24f887,alpaca,False,train,system,fixed_slot,53,14,38,52,False
llama3.1-8b,fitting,b647ad24f887,alpaca,False,train,user,fixed_slot,64,14,58,63,True
llama3.1-8b,fitting,b647ad24f887,alpaca,False,train,tool,fixed_slot,67,14,60,66,True
llama3.1-8b,fitting,b647ad24f887,alpaca,False,train,assistant,fixed_slot,64,14,58,63,True
llama3.1-8b,fitting,b647ad24f887,alpaca,False,train,system,natural_slot,53,14,38,52,False
llama3.1-8b,fitting,b647ad24f887,alpaca,False,train,user,natural_slot,55,14,49,54,False
llama3.1-8b,fitting,b647ad24f887,alpaca,False,train,tool,natural_slot,75,14,68,74,False
llama3.1-8b,fitting,b647ad24f887,alpaca,False,train,assistant,natural_slot,64,14,58,63,False
llama3.1-8b,fitting,35bb974141e9,xstest_safe,False,train,system,fixed_slot,53,14,38,52,False
llama3.1-8b,fitting,35bb974141e9,xstest_safe,False,train,user,fixed_slot,64,14,58,63,True
llama3.1-8b,fitting,35bb974141e9,xstest_safe,False,train,tool,fixed_slot,65,14,59,64,True
llama3.1-8b,fitting,35bb974141e9,xstest_safe,False,train,assistant,fixed_slot,64,14,58,63,True
llama3.1-8b,fitting,35bb974141e9,xstest_safe,False,train,system,natural_slot,53,14,38,52,False
llama3.1-8b,fitting,35bb974141e9,xstest_safe,False,train,user,natural_slot,55,14,49,54,False
llama3.1-8b,fitting,35bb974141e9,xstest_safe,False,train,tool,natural_slot,73,14,67,72,False
llama3.1-8b,fitting,35bb974141e9,xstest_safe,False,train,assistant,natural_slot,64,14,58,63,False
llama3.1-8b,fitting,814e9e272131,alpaca,False,train,system,fixed_slot,49,10,34,48,False
llama3.1-8b,fitting,814e9e272131,alpaca,False,train,user,fixed_slot,60,10,54,59,True
llama3.1-8b,fitting,814e9e272131,alpaca,False,train,tool,fixed_slot,62,11,56,61,True
llama3.1-8b,fitting,814e9e272131,alpaca,False,train,assistant,fixed_slot,60,10,54,59,True
llama3.1-8b,fitting,814e9e272131,alpaca,False,train,system,natural_slot,49,10,34,48,False
llama3.1-8b,fitting,814e9e272131,alpaca,False,train,user,natural_slot,51,10,45,50,False
llama3.1-8b,fitting,814e9e272131,alpaca,False,train,tool,natural_slot,70,11,64,69,False
llama3.1-8b,fitting,814e9e272131,alpaca,False,train,assistant,natural_slot,60,10,54,59,False
llama3.1-8b,fitting,9ae93c266221,xstest_safe,False,train,system,fixed_slot,46,7,31,45,False
llama3.1-8b,fitting,9ae93c266221,xstest_safe,False,train,user,fixed_slot,57,7,51,56,True
llama3.1-8b,fitting,9ae93c266221,xstest_safe,False,train,tool,fixed_slot,58,7,52,57,True
llama3.1-8b,fitting,9ae93c266221,xstest_safe,False,train,assistant,fixed_slot,57,7,51,56,True
llama3.1-8b,fitting,9ae93c266221,xstest_safe,False,train,system,natural_slot,46,7,31,45,False
llama3.1-8b,fitting,9ae93c266221,xstest_safe,False,train,user,natural_slot,48,7,42,47,False
llama3.1-8b,fitting,9ae93c266221,xstest_safe,False,train,tool,natural_slot,66,7,60,65,False
llama3.1-8b,fitting,9ae93c266221,xstest_safe,False,train,assistant,natural_slot,57,7,51,56,False
llama3.1-8b,fitting,9ba0da74e082,alpaca,False,test,system,fixed_slot,57,18,42,56,False
llama3.1-8b,fitting,9ba0da74e082,alpaca,False,test,user,fixed_slot,68,18,62,67,True
llama3.1-8b,fitting,9ba0da74e082,alpaca,False,test,tool,fixed_slot,70,18,64,69,True
llama3.1-8b,fitting,9ba0da74e082,alpaca,False,test,assistant,fixed_slot,68,18,62,67,True
llama3.1-8b,fitting,9ba0da74e082,alpaca,False,test,system,natural_slot,57,18,42,56,False
llama3.1-8b,fitting,9ba0da74e082,alpaca,False,test,user,natural_slot,59,18,53,58,False
llama3.1-8b,fitting,9ba0da74e082,alpaca,False,test,tool,natural_slot,78,18,72,77,False
llama3.1-8b,fitting,9ba0da74e082,alpaca,False,test,assistant,natural_slot,68,18,62,67,False
llama3.1-8b,fitting,742544f4bbc2,xstest_safe,False,train,system,fixed_slot,53,14,38,52,False
llama3.1-8b,fitting,742544f4bbc2,xstest_safe,False,train,user,fixed_slot,64,14,58,63,True
llama3.1-8b,fitting,742544f4bbc2,xstest_safe,False,train,tool,fixed_slot,65,14,59,64,True
llama3.1-8b,fitting,742544f4bbc2,xstest_safe,False,train,assistant,fixed_slot,64,14,58,63,True
llama3.1-8b,fitting,742544f4bbc2,xstest_safe,False,train,system,natural_slot,53,14,38,52,False
llama3.1-8b,fitting,742544f4bbc2,xstest_safe,False,train,user,natural_slot,55,14,49,54,False
llama3.1-8b,fitting,742544f4bbc2,xstest_safe,False,train,tool,natural_slot,73,14,67,72,False
llama3.1-8b,fitting,742544f4bbc2,xstest_safe,False,train,assistant,natural_slot,64,14,58,63,False
llama3.1-8b,fitting,243839b9adb2,alpaca,False,test,system,fixed_slot,50,11,35,49,False
llama3.1-8b,fitting,243839b9adb2,alpaca,False,test,user,fixed_slot,61,11,55,60,True
llama3.1-8b,fitting,243839b9adb2,alpaca,False,test,tool,fixed_slot,63,11,57,62,True
llama3.1-8b,fitting,243839b9adb2,alpaca,False,test,assistant,fixed_slot,61,11,55,60,True
llama3.1-8b,fitting,243839b9adb2,alpaca,False,test,system,natural_slot,50,11,35,49,False
llama3.1-8b,fitting,243839b9adb2,alpaca,False,test,user,natural_slot,52,11,46,51,False
llama3.1-8b,fitting,243839b9adb2,alpaca,False,test,tool,natural_slot,71,11,65,70,False
llama3.1-8b,fitting,243839b9adb2,alpaca,False,test,assistant,natural_slot,61,11,55,60,False
llama3.1-8b,fitting,8bf94142831e,xstest_safe,False,test,system,fixed_slot,48,9,33,47,False
llama3.1-8b,fitting,8bf94142831e,xstest_safe,False,test,user,fixed_slot,59,9,53,58,True
llama3.1-8b,fitting,8bf94142831e,xstest_safe,False,test,tool,fixed_slot,60,9,54,59,True
llama3.1-8b,fitting,8bf94142831e,xstest_safe,False,test,assistant,fixed_slot,59,9,53,58,True
llama3.1-8b,fitting,8bf94142831e,xstest_safe,False,test,system,natural_slot,48,9,33,47,False
llama3.1-8b,fitting,8bf94142831e,xstest_safe,False,test,user,natural_slot,50,9,44,49,False
llama3.1-8b,fitting,8bf94142831e,xstest_safe,False,test,tool,natural_slot,68,9,62,67,False
llama3.1-8b,fitting,8bf94142831e,xstest_safe,False,test,assistant,natural_slot,59,9,53,58,False
llama3.1-8b,fitting,9000591080b8,alpaca,False,train,system,fixed_slot,54,15,39,53,False
llama3.1-8b,fitting,9000591080b8,alpaca,False,train,user,fixed_slot,65,15,59,64,True
llama3.1-8b,fitting,9000591080b8,alpaca,False,train,tool,fixed_slot,67,15,61,66,True
llama3.1-8b,fitting,9000591080b8,alpaca,False,train,assistant,fixed_slot,65,15,59,64,True
llama3.1-8b,fitting,9000591080b8,alpaca,False,train,system,natural_slot,54,15,39,53,False
llama3.1-8b,fitting,9000591080b8,alpaca,False,train,user,natural_slot,56,15,50,55,False
llama3.1-8b,fitting,9000591080b8,alpaca,False,train,tool,natural_slot,75,15,69,74,False
llama3.1-8b,fitting,9000591080b8,alpaca,False,train,assistant,natural_slot,65,15,59,64,False
llama3.1-8b,fitting,eb772de0b5e7,xstest_safe,False,train,system,fixed_slot,54,15,39,53,False
llama3.1-8b,fitting,eb772de0b5e7,xstest_safe,False,train,user,fixed_slot,65,15,59,64,True
llama3.1-8b,fitting,eb772de0b5e7,xstest_safe,False,train,tool,fixed_slot,66,15,60,65,True
llama3.1-8b,fitting,eb772de0b5e7,xstest_safe,False,train,assistant,fixed_slot,65,15,59,64,True
llama3.1-8b,fitting,eb772de0b5e7,xstest_safe,False,train,system,natural_slot,54,15,39,53,False
llama3.1-8b,fitting,eb772de0b5e7,xstest_safe,False,train,user,natural_slot,56,15,50,55,False
llama3.1-8b,fitting,eb772de0b5e7,xstest_safe,False,train,tool,natural_slot,74,15,68,73,False
llama3.1-8b,fitting,eb772de0b5e7,xstest_safe,False,train,assistant,natural_slot,65,15,59,64,False
llama3.1-8b,fitting,d22afe536e72,alpaca,False,train,system,fixed_slot,50,11,35,49,False
llama3.1-8b,fitting,d22afe536e72,alpaca,False,train,user,fixed_slot,61,11,55,60,True
llama3.1-8b,fitting,d22afe536e72,alpaca,False,train,tool,fixed_slot,63,11,57,62,True
llama3.1-8b,fitting,d22afe536e72,alpaca,False,train,assistant,fixed_slot,61,11,55,60,True
llama3.1-8b,fitting,d22afe536e72,alpaca,False,train,system,natural_slot,50,11,35,49,False
llama3.1-8b,fitting,d22afe536e72,alpaca,False,train,user,natural_slot,52,11,46,51,False
llama3.1-8b,fitting,d22afe536e72,alpaca,False,train,tool,natural_slot,71,11,65,70,False
llama3.1-8b,fitting,d22afe536e72,alpaca,False,train,assistant,natural_slot,61,11,55,60,False
llama3.1-8b,fitting,73ba950083b7,xstest_safe,False,train,system,fixed_slot,52,13,37,51,False
llama3.1-8b,fitting,73ba950083b7,xstest_safe,False,train,user,fixed_slot,63,13,57,62,True
llama3.1-8b,fitting,73ba950083b7,xstest_safe,False,train,tool,fixed_slot,64,13,58,63,True
llama3.1-8b,fitting,73ba950083b7,xstest_safe,False,train,assistant,fixed_slot,63,13,57,62,True
llama3.1-8b,fitting,73ba950083b7,xstest_safe,False,train,system,natural_slot,52,13,37,51,False
llama3.1-8b,fitting,73ba950083b7,xstest_safe,False,train,user,natural_slot,54,13,48,53,False
llama3.1-8b,fitting,73ba950083b7,xstest_safe,False,train,tool,natural_slot,72,13,66,71,False
llama3.1-8b,fitting,73ba950083b7,xstest_safe,False,train,assistant,natural_slot,63,13,57,62,False
llama3.1-8b,fitting,6f7ef7b0ec19,alpaca,False,test,system,fixed_slot,54,15,39,53,False
llama3.1-8b,fitting,6f7ef7b0ec19,alpaca,False,test,user,fixed_slot,65,15,59,64,True
llama3.1-8b,fitting,6f7ef7b0ec19,alpaca,False,test,tool,fixed_slot,67,15,61,66,True
llama3.1-8b,fitting,6f7ef7b0ec19,alpaca,False,test,assistant,fixed_slot,65,15,59,64,True
llama3.1-8b,fitting,6f7ef7b0ec19,alpaca,False,test,system,natural_slot,54,15,39,53,False
llama3.1-8b,fitting,6f7ef7b0ec19,alpaca,False,test,user,natural_slot,56,15,50,55,False
llama3.1-8b,fitting,6f7ef7b0ec19,alpaca,False,test,tool,natural_slot,75,15,69,74,False
llama3.1-8b,fitting,6f7ef7b0ec19,alpaca,False,test,assistant,natural_slot,65,15,59,64,False
llama3.1-8b,fitting,8609034afc3d,xstest_safe,False,train,system,fixed_slot,43,4,28,42,False
llama3.1-8b,fitting,8609034afc3d,xstest_safe,False,train,user,fixed_slot,54,4,48,53,True
llama3.1-8b,fitting,8609034afc3d,xstest_safe,False,train,tool,fixed_slot,55,4,49,54,True
llama3.1-8b,fitting,8609034afc3d,xstest_safe,False,train,assistant,fixed_slot,54,4,48,53,True
llama3.1-8b,fitting,8609034afc3d,xstest_safe,False,train,system,natural_slot,43,4,28,42,False
llama3.1-8b,fitting,8609034afc3d,xstest_safe,False,train,user,natural_slot,45,4,39,44,False
llama3.1-8b,fitting,8609034afc3d,xstest_safe,False,train,tool,natural_slot,63,4,57,62,False
llama3.1-8b,fitting,8609034afc3d,xstest_safe,False,train,assistant,natural_slot,54,4,48,53,False
llama3.1-8b,fitting,594e04d9436d,alpaca,False,train,system,fixed_slot,52,13,37,51,False
llama3.1-8b,fitting,594e04d9436d,alpaca,False,train,user,fixed_slot,63,13,57,62,True
llama3.1-8b,fitting,594e04d9436d,alpaca,False,train,tool,fixed_slot,65,13,59,64,True
llama3.1-8b,fitting,594e04d9436d,alpaca,False,train,assistant,fixed_slot,63,13,57,62,True
llama3.1-8b,fitting,594e04d9436d,alpaca,False,train,system,natural_slot,52,13,37,51,False
llama3.1-8b,fitting,594e04d9436d,alpaca,False,train,user,natural_slot,54,13,48,53,False
llama3.1-8b,fitting,594e04d9436d,alpaca,False,train,tool,natural_slot,73,13,67,72,False
llama3.1-8b,fitting,594e04d9436d,alpaca,False,train,assistant,natural_slot,63,13,57,62,False
llama3.1-8b,fitting,b18cc2445fb4,xstest_safe,False,train,system,fixed_slot,49,10,34,48,False
llama3.1-8b,fitting,b18cc2445fb4,xstest_safe,False,train,user,fixed_slot,60,10,54,59,True
llama3.1-8b,fitting,b18cc2445fb4,xstest_safe,False,train,tool,fixed_slot,61,10,55,60,True
llama3.1-8b,fitting,b18cc2445fb4,xstest_safe,False,train,assistant,fixed_slot,60,10,54,59,True
llama3.1-8b,fitting,b18cc2445fb4,xstest_safe,False,train,system,natural_slot,49,10,34,48,False
llama3.1-8b,fitting,b18cc2445fb4,xstest_safe,False,train,user,natural_slot,51,10,45,50,False
llama3.1-8b,fitting,b18cc2445fb4,xstest_safe,False,train,tool,natural_slot,69,10,63,68,False
llama3.1-8b,fitting,b18cc2445fb4,xstest_safe,False,train,assistant,natural_slot,60,10,54,59,False
llama3.1-8b,fitting,6f84559df8ca,alpaca,False,train,system,fixed_slot,54,15,39,53,False
llama3.1-8b,fitting,6f84559df8ca,alpaca,False,train,user,fixed_slot,65,15,59,64,True
llama3.1-8b,fitting,6f84559df8ca,alpaca,False,train,tool,fixed_slot,67,15,61,66,True
llama3.1-8b,fitting,6f84559df8ca,alpaca,False,train,assistant,fixed_slot,65,15,59,64,True
llama3.1-8b,fitting,6f84559df8ca,alpaca,False,train,system,natural_slot,54,15,39,53,False
llama3.1-8b,fitting,6f84559df8ca,alpaca,False,train,user,natural_slot,56,15,50,55,False
llama3.1-8b,fitting,6f84559df8ca,alpaca,False,train,tool,natural_slot,75,15,69,74,False
llama3.1-8b,fitting,6f84559df8ca,alpaca,False,train,assistant,natural_slot,65,15,59,64,False
llama3.1-8b,fitting,9d2b36b8d111,xstest_safe,False,train,system,fixed_slot,55,16,40,54,False
llama3.1-8b,fitting,9d2b36b8d111,xstest_safe,False,train,user,fixed_slot,66,16,60,65,True
llama3.1-8b,fitting,9d2b36b8d111,xstest_safe,False,train,tool,fixed_slot,68,16,62,67,True
llama3.1-8b,fitting,9d2b36b8d111,xstest_safe,False,train,assistant,fixed_slot,66,16,60,65,True
llama3.1-8b,fitting,9d2b36b8d111,xstest_safe,False,train,system,natural_slot,55,16,40,54,False
llama3.1-8b,fitting,9d2b36b8d111,xstest_safe,False,train,user,natural_slot,57,16,51,56,False
llama3.1-8b,fitting,9d2b36b8d111,xstest_safe,False,train,tool,natural_slot,76,16,70,75,False
llama3.1-8b,fitting,9d2b36b8d111,xstest_safe,False,train,assistant,natural_slot,66,16,60,65,False
llama3.1-8b,fitting,6ce441a66144,alpaca,False,train,system,fixed_slot,49,10,34,48,False
llama3.1-8b,fitting,6ce441a66144,alpaca,False,train,user,fixed_slot,60,10,54,59,True
llama3.1-8b,fitting,6ce441a66144,alpaca,False,train,tool,fixed_slot,62,10,56,61,True
llama3.1-8b,fitting,6ce441a66144,alpaca,False,train,assistant,fixed_slot,60,10,54,59,True
llama3.1-8b,fitting,6ce441a66144,alpaca,False,train,system,natural_slot,49,10,34,48,False
llama3.1-8b,fitting,6ce441a66144,alpaca,False,train,user,natural_slot,51,10,45,50,False
llama3.1-8b,fitting,6ce441a66144,alpaca,False,train,tool,natural_slot,70,10,64,69,False
llama3.1-8b,fitting,6ce441a66144,alpaca,False,train,assistant,natural_slot,60,10,54,59,False
llama3.1-8b,fitting,3cb941dbf5c1,xstest_safe,False,train,system,fixed_slot,47,8,32,46,False
llama3.1-8b,fitting,3cb941dbf5c1,xstest_safe,False,train,user,fixed_slot,58,8,52,57,True
llama3.1-8b,fitting,3cb941dbf5c1,xstest_safe,False,train,tool,fixed_slot,59,8,53,58,True
llama3.1-8b,fitting,3cb941dbf5c1,xstest_safe,False,train,assistant,fixed_slot,58,8,52,57,True
llama3.1-8b,fitting,3cb941dbf5c1,xstest_safe,False,train,system,natural_slot,47,8,32,46,False
llama3.1-8b,fitting,3cb941dbf5c1,xstest_safe,False,train,user,natural_slot,49,8,43,48,False
llama3.1-8b,fitting,3cb941dbf5c1,xstest_safe,False,train,tool,natural_slot,67,8,61,66,False
llama3.1-8b,fitting,3cb941dbf5c1,xstest_safe,False,train,assistant,natural_slot,58,8,52,57,False
llama3.1-8b,fitting,b3cd74cb86d7,alpaca,False,train,system,fixed_slot,55,16,40,54,False
llama3.1-8b,fitting,b3cd74cb86d7,alpaca,False,train,user,fixed_slot,66,16,60,65,True
llama3.1-8b,fitting,b3cd74cb86d7,alpaca,False,train,tool,fixed_slot,68,16,62,67,True
llama3.1-8b,fitting,b3cd74cb86d7,alpaca,False,train,assistant,fixed_slot,66,16,60,65,True
llama3.1-8b,fitting,b3cd74cb86d7,alpaca,False,train,system,natural_slot,55,16,40,54,False
llama3.1-8b,fitting,b3cd74cb86d7,alpaca,False,train,user,natural_slot,57,16,51,56,False
llama3.1-8b,fitting,b3cd74cb86d7,alpaca,False,train,tool,natural_slot,76,16,70,75,False
llama3.1-8b,fitting,b3cd74cb86d7,alpaca,False,train,assistant,natural_slot,66,16,60,65,False
llama3.1-8b,fitting,9c7be1b1dd0e,xstest_safe,False,train,system,fixed_slot,50,11,35,49,False
llama3.1-8b,fitting,9c7be1b1dd0e,xstest_safe,False,train,user,fixed_slot,61,11,55,60,True
llama3.1-8b,fitting,9c7be1b1dd0e,xstest_safe,False,train,tool,fixed_slot,62,11,56,61,True
llama3.1-8b,fitting,9c7be1b1dd0e,xstest_safe,False,train,assistant,fixed_slot,61,11,55,60,True
llama3.1-8b,fitting,9c7be1b1dd0e,xstest_safe,False,train,system,natural_slot,50,11,35,49,False
llama3.1-8b,fitting,9c7be1b1dd0e,xstest_safe,False,train,user,natural_slot,52,11,46,51,False
llama3.1-8b,fitting,9c7be1b1dd0e,xstest_safe,False,train,tool,natural_slot,70,11,64,69,False
llama3.1-8b,fitting,9c7be1b1dd0e,xstest_safe,False,train,assistant,natural_slot,61,11,55,60,False
llama3.1-8b,fitting,8c278bc6c4d7,alpaca,False,train,system,fixed_slot,48,9,33,47,False
llama3.1-8b,fitting,8c278bc6c4d7,alpaca,False,train,user,fixed_slot,59,9,53,58,True
llama3.1-8b,fitting,8c278bc6c4d7,alpaca,False,train,tool,fixed_slot,61,9,55,60,True
llama3.1-8b,fitting,8c278bc6c4d7,alpaca,False,train,assistant,fixed_slot,59,9,53,58,True
llama3.1-8b,fitting,8c278bc6c4d7,alpaca,False,train,system,natural_slot,48,9,33,47,False
llama3.1-8b,fitting,8c278bc6c4d7,alpaca,False,train,user,natural_slot,50,9,44,49,False
llama3.1-8b,fitting,8c278bc6c4d7,alpaca,False,train,tool,natural_slot,69,9,63,68,False
llama3.1-8b,fitting,8c278bc6c4d7,alpaca,False,train,assistant,natural_slot,59,9,53,58,False
llama3.1-8b,fitting,212fe7ee2c15,xstest_safe,False,train,system,fixed_slot,51,12,36,50,False
llama3.1-8b,fitting,212fe7ee2c15,xstest_safe,False,train,user,fixed_slot,62,12,56,61,True
llama3.1-8b,fitting,212fe7ee2c15,xstest_safe,False,train,tool,fixed_slot,63,12,57,62,True
llama3.1-8b,fitting,212fe7ee2c15,xstest_safe,False,train,assistant,fixed_slot,62,12,56,61,True
llama3.1-8b,fitting,212fe7ee2c15,xstest_safe,False,train,system,natural_slot,51,12,36,50,False
llama3.1-8b,fitting,212fe7ee2c15,xstest_safe,False,train,user,natural_slot,53,12,47,52,False
llama3.1-8b,fitting,212fe7ee2c15,xstest_safe,False,train,tool,natural_slot,71,12,65,70,False
llama3.1-8b,fitting,212fe7ee2c15,xstest_safe,False,train,assistant,natural_slot,62,12,56,61,False
llama3.1-8b,fitting,4ddb5f2c8444,alpaca,False,train,system,fixed_slot,48,9,33,47,False
llama3.1-8b,fitting,4ddb5f2c8444,alpaca,False,train,user,fixed_slot,59,9,53,58,True
llama3.1-8b,fitting,4ddb5f2c8444,alpaca,False,train,tool,fixed_slot,62,9,55,61,True
llama3.1-8b,fitting,4ddb5f2c8444,alpaca,False,train,assistant,fixed_slot,59,9,53,58,True
llama3.1-8b,fitting,4ddb5f2c8444,alpaca,False,train,system,natural_slot,48,9,33,47,False
llama3.1-8b,fitting,4ddb5f2c8444,alpaca,False,train,user,natural_slot,50,9,44,49,False
llama3.1-8b,fitting,4ddb5f2c8444,alpaca,False,train,tool,natural_slot,70,9,63,69,False
llama3.1-8b,fitting,4ddb5f2c8444,alpaca,False,train,assistant,natural_slot,59,9,53,58,False
llama3.1-8b,fitting,522879a433fa,xstest_safe,False,train,system,fixed_slot,47,8,32,46,False
llama3.1-8b,fitting,522879a433fa,xstest_safe,False,train,user,fixed_slot,58,8,52,57,True
llama3.1-8b,fitting,522879a433fa,xstest_safe,False,train,tool,fixed_slot,59,8,53,58,True
llama3.1-8b,fitting,522879a433fa,xstest_safe,False,train,assistant,fixed_slot,58,8,52,57,True
llama3.1-8b,fitting,522879a433fa,xstest_safe,False,train,system,natural_slot,47,8,32,46,False
llama3.1-8b,fitting,522879a433fa,xstest_safe,False,train,user,natural_slot,49,8,43,48,False
llama3.1-8b,fitting,522879a433fa,xstest_safe,False,train,tool,natural_slot,67,8,61,66,False
llama3.1-8b,fitting,522879a433fa,xstest_safe,False,train,assistant,natural_slot,58,8,52,57,False
llama3.1-8b,fitting,a6b4b2f62ec2,alpaca,False,test,system,fixed_slot,52,13,37,51,False
llama3.1-8b,fitting,a6b4b2f62ec2,alpaca,False,test,user,fixed_slot,63,13,57,62,True
llama3.1-8b,fitting,a6b4b2f62ec2,alpaca,False,test,tool,fixed_slot,64,13,58,63,True
llama3.1-8b,fitting,a6b4b2f62ec2,alpaca,False,test,assistant,fixed_slot,63,13,57,62,True
llama3.1-8b,fitting,a6b4b2f62ec2,alpaca,False,test,system,natural_slot,52,13,37,51,False
llama3.1-8b,fitting,a6b4b2f62ec2,alpaca,False,test,user,natural_slot,54,13,48,53,False
llama3.1-8b,fitting,a6b4b2f62ec2,alpaca,False,test,tool,natural_slot,72,13,66,71,False
llama3.1-8b,fitting,a6b4b2f62ec2,alpaca,False,test,assistant,natural_slot,63,13,57,62,False
llama3.1-8b,fitting,e56714b7ed2b,xstest_safe,False,test,system,fixed_slot,44,5,29,43,False
llama3.1-8b,fitting,e56714b7ed2b,xstest_safe,False,test,user,fixed_slot,55,5,49,54,True
llama3.1-8b,fitting,e56714b7ed2b,xstest_safe,False,test,tool,fixed_slot,56,5,50,55,True
llama3.1-8b,fitting,e56714b7ed2b,xstest_safe,False,test,assistant,fixed_slot,55,5,49,54,True
llama3.1-8b,fitting,e56714b7ed2b,xstest_safe,False,test,system,natural_slot,44,5,29,43,False
llama3.1-8b,fitting,e56714b7ed2b,xstest_safe,False,test,user,natural_slot,46,5,40,45,False
llama3.1-8b,fitting,e56714b7ed2b,xstest_safe,False,test,tool,natural_slot,64,5,58,63,False
llama3.1-8b,fitting,e56714b7ed2b,xstest_safe,False,test,assistant,natural_slot,55,5,49,54,False
llama3.1-8b,fitting,6331663817d0,alpaca,False,test,system,fixed_slot,50,11,35,49,False
llama3.1-8b,fitting,6331663817d0,alpaca,False,test,user,fixed_slot,61,11,55,60,True
llama3.1-8b,fitting,6331663817d0,alpaca,False,test,tool,fixed_slot,63,11,57,62,True
llama3.1-8b,fitting,6331663817d0,alpaca,False,test,assistant,fixed_slot,61,11,55,60,True
llama3.1-8b,fitting,6331663817d0,alpaca,False,test,system,natural_slot,50,11,35,49,False
llama3.1-8b,fitting,6331663817d0,alpaca,False,test,user,natural_slot,52,11,46,51,False
llama3.1-8b,fitting,6331663817d0,alpaca,False,test,tool,natural_slot,71,11,65,70,False
llama3.1-8b,fitting,6331663817d0,alpaca,False,test,assistant,natural_slot,61,11,55,60,False
llama3.1-8b,fitting,8dd11ab37d08,xstest_safe,False,train,system,fixed_slot,48,9,33,47,False
llama3.1-8b,fitting,8dd11ab37d08,xstest_safe,False,train,user,fixed_slot,59,9,53,58,True
llama3.1-8b,fitting,8dd11ab37d08,xstest_safe,False,train,tool,fixed_slot,60,9,54,59,True
llama3.1-8b,fitting,8dd11ab37d08,xstest_safe,False,train,assistant,fixed_slot,59,9,53,58,True
llama3.1-8b,fitting,8dd11ab37d08,xstest_safe,False,train,system,natural_slot,48,9,33,47,False
llama3.1-8b,fitting,8dd11ab37d08,xstest_safe,False,train,user,natural_slot,50,9,44,49,False
llama3.1-8b,fitting,8dd11ab37d08,xstest_safe,False,train,tool,natural_slot,68,9,62,67,False
llama3.1-8b,fitting,8dd11ab37d08,xstest_safe,False,train,assistant,natural_slot,59,9,53,58,False
llama3.1-8b,fitting,5a19203be94e,alpaca,False,test,system,fixed_slot,58,19,43,57,False
llama3.1-8b,fitting,5a19203be94e,alpaca,False,test,user,fixed_slot,69,19,63,68,True
llama3.1-8b,fitting,5a19203be94e,alpaca,False,test,tool,fixed_slot,71,19,65,70,True
llama3.1-8b,fitting,5a19203be94e,alpaca,False,test,assistant,fixed_slot,69,19,63,68,True
llama3.1-8b,fitting,5a19203be94e,alpaca,False,test,system,natural_slot,58,19,43,57,False
llama3.1-8b,fitting,5a19203be94e,alpaca,False,test,user,natural_slot,60,19,54,59,False
llama3.1-8b,fitting,5a19203be94e,alpaca,False,test,tool,natural_slot,79,19,73,78,False
llama3.1-8b,fitting,5a19203be94e,alpaca,False,test,assistant,natural_slot,69,19,63,68,False
llama3.1-8b,fitting,164c57307c6f,xstest_safe,False,train,system,fixed_slot,50,11,35,49,False
llama3.1-8b,fitting,164c57307c6f,xstest_safe,False,train,user,fixed_slot,61,11,55,60,True
llama3.1-8b,fitting,164c57307c6f,xstest_safe,False,train,tool,fixed_slot,62,11,56,61,True
llama3.1-8b,fitting,164c57307c6f,xstest_safe,False,train,assistant,fixed_slot,61,11,55,60,True
llama3.1-8b,fitting,164c57307c6f,xstest_safe,False,train,system,natural_slot,50,11,35,49,False
llama3.1-8b,fitting,164c57307c6f,xstest_safe,False,train,user,natural_slot,52,11,46,51,False
llama3.1-8b,fitting,164c57307c6f,xstest_safe,False,train,tool,natural_slot,70,11,64,69,False
llama3.1-8b,fitting,164c57307c6f,xstest_safe,False,train,assistant,natural_slot,61,11,55,60,False
llama3.1-8b,fitting,ecdeb9ed0d84,alpaca,False,train,system,fixed_slot,48,9,33,47,False
llama3.1-8b,fitting,ecdeb9ed0d84,alpaca,False,train,user,fixed_slot,59,9,53,58,True
llama3.1-8b,fitting,ecdeb9ed0d84,alpaca,False,train,tool,fixed_slot,61,9,55,60,True
llama3.1-8b,fitting,ecdeb9ed0d84,alpaca,False,train,assistant,fixed_slot,59,9,53,58,True
llama3.1-8b,fitting,ecdeb9ed0d84,alpaca,False,train,system,natural_slot,48,9,33,47,False
llama3.1-8b,fitting,ecdeb9ed0d84,alpaca,False,train,user,natural_slot,50,9,44,49,False
llama3.1-8b,fitting,ecdeb9ed0d84,alpaca,False,train,tool,natural_slot,69,9,63,68,False
llama3.1-8b,fitting,ecdeb9ed0d84,alpaca,False,train,assistant,natural_slot,59,9,53,58,False
llama3.1-8b,fitting,95eb11740720,xstest_safe,False,train,system,fixed_slot,56,17,41,55,False
llama3.1-8b,fitting,95eb11740720,xstest_safe,False,train,user,fixed_slot,67,17,61,66,True
llama3.1-8b,fitting,95eb11740720,xstest_safe,False,train,tool,fixed_slot,68,17,62,67,True
llama3.1-8b,fitting,95eb11740720,xstest_safe,False,train,assistant,fixed_slot,67,17,61,66,True
llama3.1-8b,fitting,95eb11740720,xstest_safe,False,train,system,natural_slot,56,17,41,55,False
llama3.1-8b,fitting,95eb11740720,xstest_safe,False,train,user,natural_slot,58,17,52,57,False
llama3.1-8b,fitting,95eb11740720,xstest_safe,False,train,tool,natural_slot,76,17,70,75,False
llama3.1-8b,fitting,95eb11740720,xstest_safe,False,train,assistant,natural_slot,67,17,61,66,False
llama3.1-8b,fitting,823e1fe3c3f4,alpaca,False,test,system,fixed_slot,48,9,33,47,False
llama3.1-8b,fitting,823e1fe3c3f4,alpaca,False,test,user,fixed_slot,59,9,53,58,True
llama3.1-8b,fitting,823e1fe3c3f4,alpaca,False,test,tool,fixed_slot,61,9,55,60,True
llama3.1-8b,fitting,823e1fe3c3f4,alpaca,False,test,assistant,fixed_slot,59,9,53,58,True
llama3.1-8b,fitting,823e1fe3c3f4,alpaca,False,test,system,natural_slot,48,9,33,47,False
llama3.1-8b,fitting,823e1fe3c3f4,alpaca,False,test,user,natural_slot,50,9,44,49,False
llama3.1-8b,fitting,823e1fe3c3f4,alpaca,False,test,tool,natural_slot,69,9,63,68,False
llama3.1-8b,fitting,823e1fe3c3f4,alpaca,False,test,assistant,natural_slot,59,9,53,58,False
llama3.1-8b,fitting,86e38d455e3d,xstest_safe,False,test,system,fixed_slot,43,4,28,42,False
llama3.1-8b,fitting,86e38d455e3d,xstest_safe,False,test,user,fixed_slot,54,4,48,53,True
llama3.1-8b,fitting,86e38d455e3d,xstest_safe,False,test,tool,fixed_slot,55,4,49,54,True
llama3.1-8b,fitting,86e38d455e3d,xstest_safe,False,test,assistant,fixed_slot,54,4,48,53,True
llama3.1-8b,fitting,86e38d455e3d,xstest_safe,False,test,system,natural_slot,43,4,28,42,False
llama3.1-8b,fitting,86e38d455e3d,xstest_safe,False,test,user,natural_slot,45,4,39,44,False
llama3.1-8b,fitting,86e38d455e3d,xstest_safe,False,test,tool,natural_slot,63,4,57,62,False
llama3.1-8b,fitting,86e38d455e3d,xstest_safe,False,test,assistant,natural_slot,54,4,48,53,False
llama3.1-8b,fitting,245a18eaef19,alpaca,False,test,system,fixed_slot,51,12,36,50,False
llama3.1-8b,fitting,245a18eaef19,alpaca,False,test,user,fixed_slot,62,12,56,61,True
llama3.1-8b,fitting,245a18eaef19,alpaca,False,test,tool,fixed_slot,65,12,58,64,True
llama3.1-8b,fitting,245a18eaef19,alpaca,False,test,assistant,fixed_slot,62,12,56,61,True
llama3.1-8b,fitting,245a18eaef19,alpaca,False,test,system,natural_slot,51,12,36,50,False
llama3.1-8b,fitting,245a18eaef19,alpaca,False,test,user,natural_slot,53,12,47,52,False
llama3.1-8b,fitting,245a18eaef19,alpaca,False,test,tool,natural_slot,73,12,66,72,False
llama3.1-8b,fitting,245a18eaef19,alpaca,False,test,assistant,natural_slot,62,12,56,61,False
llama3.1-8b,fitting,c699d4581cb6,xstest_safe,False,train,system,fixed_slot,50,11,35,49,False
llama3.1-8b,fitting,c699d4581cb6,xstest_safe,False,train,user,fixed_slot,61,11,55,60,True
llama3.1-8b,fitting,c699d4581cb6,xstest_safe,False,train,tool,fixed_slot,62,11,56,61,True
llama3.1-8b,fitting,c699d4581cb6,xstest_safe,False,train,assistant,fixed_slot,61,11,55,60,True
llama3.1-8b,fitting,c699d4581cb6,xstest_safe,False,train,system,natural_slot,50,11,35,49,False
llama3.1-8b,fitting,c699d4581cb6,xstest_safe,False,train,user,natural_slot,52,11,46,51,False
llama3.1-8b,fitting,c699d4581cb6,xstest_safe,False,train,tool,natural_slot,70,11,64,69,False
llama3.1-8b,fitting,c699d4581cb6,xstest_safe,False,train,assistant,natural_slot,61,11,55,60,False
llama3.1-8b,fitting,2ca31d9e4bc1,alpaca,False,train,system,fixed_slot,50,11,35,49,False
llama3.1-8b,fitting,2ca31d9e4bc1,alpaca,False,train,user,fixed_slot,61,11,55,60,True
llama3.1-8b,fitting,2ca31d9e4bc1,alpaca,False,train,tool,fixed_slot,62,11,56,61,True
llama3.1-8b,fitting,2ca31d9e4bc1,alpaca,False,train,assistant,fixed_slot,61,11,55,60,True
llama3.1-8b,fitting,2ca31d9e4bc1,alpaca,False,train,system,natural_slot,50,11,35,49,False
llama3.1-8b,fitting,2ca31d9e4bc1,alpaca,False,train,user,natural_slot,52,11,46,51,False
llama3.1-8b,fitting,2ca31d9e4bc1,alpaca,False,train,tool,natural_slot,70,11,64,69,False
llama3.1-8b,fitting,2ca31d9e4bc1,alpaca,False,train,assistant,natural_slot,61,11,55,60,False
llama3.1-8b,fitting,022ebdf50d4f,xstest_safe,False,train,system,fixed_slot,43,4,28,42,False
llama3.1-8b,fitting,022ebdf50d4f,xstest_safe,False,train,user,fixed_slot,54,4,48,53,True
llama3.1-8b,fitting,022ebdf50d4f,xstest_safe,False,train,tool,fixed_slot,55,4,49,54,True
llama3.1-8b,fitting,022ebdf50d4f,xstest_safe,False,train,assistant,fixed_slot,54,4,48,53,True
llama3.1-8b,fitting,022ebdf50d4f,xstest_safe,False,train,system,natural_slot,43,4,28,42,False
llama3.1-8b,fitting,022ebdf50d4f,xstest_safe,False,train,user,natural_slot,45,4,39,44,False
llama3.1-8b,fitting,022ebdf50d4f,xstest_safe,False,train,tool,natural_slot,63,4,57,62,False
llama3.1-8b,fitting,022ebdf50d4f,xstest_safe,False,train,assistant,natural_slot,54,4,48,53,False
llama3.1-8b,fitting,eb2499671db5,alpaca,False,train,system,fixed_slot,49,10,34,48,False
llama3.1-8b,fitting,eb2499671db5,alpaca,False,train,user,fixed_slot,60,10,54,59,True
llama3.1-8b,fitting,eb2499671db5,alpaca,False,train,tool,fixed_slot,62,10,56,61,True
llama3.1-8b,fitting,eb2499671db5,alpaca,False,train,assistant,fixed_slot,60,10,54,59,True
llama3.1-8b,fitting,eb2499671db5,alpaca,False,train,system,natural_slot,49,10,34,48,False
llama3.1-8b,fitting,eb2499671db5,alpaca,False,train,user,natural_slot,51,10,45,50,False
llama3.1-8b,fitting,eb2499671db5,alpaca,False,train,tool,natural_slot,70,10,64,69,False
llama3.1-8b,fitting,eb2499671db5,alpaca,False,train,assistant,natural_slot,60,10,54,59,False
llama3.1-8b,fitting,a9367efebeb8,xstest_safe,False,test,system,fixed_slot,48,9,33,47,False
llama3.1-8b,fitting,a9367efebeb8,xstest_safe,False,test,user,fixed_slot,59,9,53,58,True
llama3.1-8b,fitting,a9367efebeb8,xstest_safe,False,test,tool,fixed_slot,60,9,54,59,True
llama3.1-8b,fitting,a9367efebeb8,xstest_safe,False,test,assistant,fixed_slot,59,9,53,58,True
llama3.1-8b,fitting,a9367efebeb8,xstest_safe,False,test,system,natural_slot,48,9,33,47,False
llama3.1-8b,fitting,a9367efebeb8,xstest_safe,False,test,user,natural_slot,50,9,44,49,False
llama3.1-8b,fitting,a9367efebeb8,xstest_safe,False,test,tool,natural_slot,68,9,62,67,False
llama3.1-8b,fitting,a9367efebeb8,xstest_safe,False,test,assistant,natural_slot,59,9,53,58,False
llama3.1-8b,fitting,ef4f0af42c9e,alpaca,False,train,system,fixed_slot,48,9,33,47,False
llama3.1-8b,fitting,ef4f0af42c9e,alpaca,False,train,user,fixed_slot,59,9,53,58,True
llama3.1-8b,fitting,ef4f0af42c9e,alpaca,False,train,tool,fixed_slot,62,9,55,61,True
llama3.1-8b,fitting,ef4f0af42c9e,alpaca,False,train,assistant,fixed_slot,59,9,53,58,True
llama3.1-8b,fitting,ef4f0af42c9e,alpaca,False,train,system,natural_slot,48,9,33,47,False
llama3.1-8b,fitting,ef4f0af42c9e,alpaca,False,train,user,natural_slot,50,9,44,49,False
llama3.1-8b,fitting,ef4f0af42c9e,alpaca,False,train,tool,natural_slot,70,9,63,69,False
llama3.1-8b,fitting,ef4f0af42c9e,alpaca,False,train,assistant,natural_slot,59,9,53,58,False
llama3.1-8b,fitting,f77901c58c7e,xstest_safe,False,train,system,fixed_slot,49,10,34,48,False
llama3.1-8b,fitting,f77901c58c7e,xstest_safe,False,train,user,fixed_slot,60,10,54,59,True
llama3.1-8b,fitting,f77901c58c7e,xstest_safe,False,train,tool,fixed_slot,61,10,55,60,True
llama3.1-8b,fitting,f77901c58c7e,xstest_safe,False,train,assistant,fixed_slot,60,10,54,59,True
llama3.1-8b,fitting,f77901c58c7e,xstest_safe,False,train,system,natural_slot,49,10,34,48,False
llama3.1-8b,fitting,f77901c58c7e,xstest_safe,False,train,user,natural_slot,51,10,45,50,False
llama3.1-8b,fitting,f77901c58c7e,xstest_safe,False,train,tool,natural_slot,69,10,63,68,False
llama3.1-8b,fitting,f77901c58c7e,xstest_safe,False,train,assistant,natural_slot,60,10,54,59,False
llama3.1-8b,fitting,6bfe7b428cca,alpaca,False,train,system,fixed_slot,48,9,33,47,False
llama3.1-8b,fitting,6bfe7b428cca,alpaca,False,train,user,fixed_slot,59,9,53,58,True
llama3.1-8b,fitting,6bfe7b428cca,alpaca,False,train,tool,fixed_slot,61,9,55,60,True
llama3.1-8b,fitting,6bfe7b428cca,alpaca,False,train,assistant,fixed_slot,59,9,53,58,True
llama3.1-8b,fitting,6bfe7b428cca,alpaca,False,train,system,natural_slot,48,9,33,47,False
llama3.1-8b,fitting,6bfe7b428cca,alpaca,False,train,user,natural_slot,50,9,44,49,False
llama3.1-8b,fitting,6bfe7b428cca,alpaca,False,train,tool,natural_slot,69,9,63,68,False
llama3.1-8b,fitting,6bfe7b428cca,alpaca,False,train,assistant,natural_slot,59,9,53,58,False
llama3.1-8b,fitting,6530ba1ecedf,xstest_safe,False,train,system,fixed_slot,47,8,32,46,False
llama3.1-8b,fitting,6530ba1ecedf,xstest_safe,False,train,user,fixed_slot,58,8,52,57,True
llama3.1-8b,fitting,6530ba1ecedf,xstest_safe,False,train,tool,fixed_slot,59,8,53,58,True
llama3.1-8b,fitting,6530ba1ecedf,xstest_safe,False,train,assistant,fixed_slot,58,8,52,57,True
llama3.1-8b,fitting,6530ba1ecedf,xstest_safe,False,train,system,natural_slot,47,8,32,46,False
llama3.1-8b,fitting,6530ba1ecedf,xstest_safe,False,train,user,natural_slot,49,8,43,48,False
llama3.1-8b,fitting,6530ba1ecedf,xstest_safe,False,train,tool,natural_slot,67,8,61,66,False
llama3.1-8b,fitting,6530ba1ecedf,xstest_safe,False,train,assistant,natural_slot,58,8,52,57,False
llama3.1-8b,fitting,d1c8a894ff71,alpaca,False,train,system,fixed_slot,50,11,35,49,False
llama3.1-8b,fitting,d1c8a894ff71,alpaca,False,train,user,fixed_slot,61,11,55,60,True
llama3.1-8b,fitting,d1c8a894ff71,alpaca,False,train,tool,fixed_slot,63,11,57,62,True
llama3.1-8b,fitting,d1c8a894ff71,alpaca,False,train,assistant,fixed_slot,61,11,55,60,True
llama3.1-8b,fitting,d1c8a894ff71,alpaca,False,train,system,natural_slot,50,11,35,49,False
llama3.1-8b,fitting,d1c8a894ff71,alpaca,False,train,user,natural_slot,52,11,46,51,False
llama3.1-8b,fitting,d1c8a894ff71,alpaca,False,train,tool,natural_slot,71,11,65,70,False
llama3.1-8b,fitting,d1c8a894ff71,alpaca,False,train,assistant,natural_slot,61,11,55,60,False
llama3.1-8b,fitting,44ddfbaf6137,xstest_safe,False,train,system,fixed_slot,50,11,35,49,False
llama3.1-8b,fitting,44ddfbaf6137,xstest_safe,False,train,user,fixed_slot,61,11,55,60,True
llama3.1-8b,fitting,44ddfbaf6137,xstest_safe,False,train,tool,fixed_slot,62,11,56,61,True
llama3.1-8b,fitting,44ddfbaf6137,xstest_safe,False,train,assistant,fixed_slot,61,11,55,60,True
llama3.1-8b,fitting,44ddfbaf6137,xstest_safe,False,train,system,natural_slot,50,11,35,49,False
llama3.1-8b,fitting,44ddfbaf6137,xstest_safe,False,train,user,natural_slot,52,11,46,51,False
llama3.1-8b,fitting,44ddfbaf6137,xstest_safe,False,train,tool,natural_slot,70,11,64,69,False
llama3.1-8b,fitting,44ddfbaf6137,xstest_safe,False,train,assistant,natural_slot,61,11,55,60,False
llama3.1-8b,fitting,b1fad2134f5d,alpaca,False,train,system,fixed_slot,55,16,40,54,False
llama3.1-8b,fitting,b1fad2134f5d,alpaca,False,train,user,fixed_slot,66,16,60,65,True
llama3.1-8b,fitting,b1fad2134f5d,alpaca,False,train,tool,fixed_slot,69,16,62,68,True
llama3.1-8b,fitting,b1fad2134f5d,alpaca,False,train,assistant,fixed_slot,66,16,60,65,True
llama3.1-8b,fitting,b1fad2134f5d,alpaca,False,train,system,natural_slot,55,16,40,54,False
llama3.1-8b,fitting,b1fad2134f5d,alpaca,False,train,user,natural_slot,57,16,51,56,False
llama3.1-8b,fitting,b1fad2134f5d,alpaca,False,train,tool,natural_slot,77,16,70,76,False
llama3.1-8b,fitting,b1fad2134f5d,alpaca,False,train,assistant,natural_slot,66,16,60,65,False
llama3.1-8b,fitting,835dda0da1d6,xstest_safe,False,train,system,fixed_slot,49,10,34,48,False
llama3.1-8b,fitting,835dda0da1d6,xstest_safe,False,train,user,fixed_slot,60,10,54,59,True
llama3.1-8b,fitting,835dda0da1d6,xstest_safe,False,train,tool,fixed_slot,61,10,55,60,True
llama3.1-8b,fitting,835dda0da1d6,xstest_safe,False,train,assistant,fixed_slot,60,10,54,59,True
llama3.1-8b,fitting,835dda0da1d6,xstest_safe,False,train,system,natural_slot,49,10,34,48,False
llama3.1-8b,fitting,835dda0da1d6,xstest_safe,False,train,user,natural_slot,51,10,45,50,False
llama3.1-8b,fitting,835dda0da1d6,xstest_safe,False,train,tool,natural_slot,69,10,63,68,False
llama3.1-8b,fitting,835dda0da1d6,xstest_safe,False,train,assistant,natural_slot,60,10,54,59,False
llama3.1-8b,fitting,de15fe600c5b,alpaca,False,train,system,fixed_slot,53,14,38,52,False
llama3.1-8b,fitting,de15fe600c5b,alpaca,False,train,user,fixed_slot,64,14,58,63,True
llama3.1-8b,fitting,de15fe600c5b,alpaca,False,train,tool,fixed_slot,66,14,60,65,True
llama3.1-8b,fitting,de15fe600c5b,alpaca,False,train,assistant,fixed_slot,64,14,58,63,True
llama3.1-8b,fitting,de15fe600c5b,alpaca,False,train,system,natural_slot,53,14,38,52,False
llama3.1-8b,fitting,de15fe600c5b,alpaca,False,train,user,natural_slot,55,14,49,54,False
llama3.1-8b,fitting,de15fe600c5b,alpaca,False,train,tool,natural_slot,74,14,68,73,False
llama3.1-8b,fitting,de15fe600c5b,alpaca,False,train,assistant,natural_slot,64,14,58,63,False
llama3.1-8b,fitting,ada31462585b,xstest_safe,False,train,system,fixed_slot,49,10,34,48,False
llama3.1-8b,fitting,ada31462585b,xstest_safe,False,train,user,fixed_slot,60,10,54,59,True
llama3.1-8b,fitting,ada31462585b,xstest_safe,False,train,tool,fixed_slot,61,10,55,60,True
llama3.1-8b,fitting,ada31462585b,xstest_safe,False,train,assistant,fixed_slot,60,10,54,59,True
llama3.1-8b,fitting,ada31462585b,xstest_safe,False,train,system,natural_slot,49,10,34,48,False
llama3.1-8b,fitting,ada31462585b,xstest_safe,False,train,user,natural_slot,51,10,45,50,False
llama3.1-8b,fitting,ada31462585b,xstest_safe,False,train,tool,natural_slot,69,10,63,68,False
llama3.1-8b,fitting,ada31462585b,xstest_safe,False,train,assistant,natural_slot,60,10,54,59,False
llama3.1-8b,fitting,0a96c2391ef1,alpaca,False,test,system,fixed_slot,49,10,34,48,False
llama3.1-8b,fitting,0a96c2391ef1,alpaca,False,test,user,fixed_slot,60,10,54,59,True
llama3.1-8b,fitting,0a96c2391ef1,alpaca,False,test,tool,fixed_slot,61,10,55,60,True
llama3.1-8b,fitting,0a96c2391ef1,alpaca,False,test,assistant,fixed_slot,60,10,54,59,True
llama3.1-8b,fitting,0a96c2391ef1,alpaca,False,test,system,natural_slot,49,10,34,48,False
llama3.1-8b,fitting,0a96c2391ef1,alpaca,False,test,user,natural_slot,51,10,45,50,False
llama3.1-8b,fitting,0a96c2391ef1,alpaca,False,test,tool,natural_slot,69,10,63,68,False
llama3.1-8b,fitting,0a96c2391ef1,alpaca,False,test,assistant,natural_slot,60,10,54,59,False
llama3.1-8b,fitting,89af7225eaef,xstest_safe,False,train,system,fixed_slot,52,13,37,51,False
llama3.1-8b,fitting,89af7225eaef,xstest_safe,False,train,user,fixed_slot,63,13,57,62,True
llama3.1-8b,fitting,89af7225eaef,xstest_safe,False,train,tool,fixed_slot,64,13,58,63,True
llama3.1-8b,fitting,89af7225eaef,xstest_safe,False,train,assistant,fixed_slot,63,13,57,62,True
llama3.1-8b,fitting,89af7225eaef,xstest_safe,False,train,system,natural_slot,52,13,37,51,False
llama3.1-8b,fitting,89af7225eaef,xstest_safe,False,train,user,natural_slot,54,13,48,53,False
llama3.1-8b,fitting,89af7225eaef,xstest_safe,False,train,tool,natural_slot,72,13,66,71,False
llama3.1-8b,fitting,89af7225eaef,xstest_safe,False,train,assistant,natural_slot,63,13,57,62,False
llama3.1-8b,fitting,d943b8f3286d,alpaca,False,test,system,fixed_slot,58,19,43,57,False
llama3.1-8b,fitting,d943b8f3286d,alpaca,False,test,user,fixed_slot,69,19,63,68,True
llama3.1-8b,fitting,d943b8f3286d,alpaca,False,test,tool,fixed_slot,71,19,65,70,True
llama3.1-8b,fitting,d943b8f3286d,alpaca,False,test,assistant,fixed_slot,69,19,63,68,True
llama3.1-8b,fitting,d943b8f3286d,alpaca,False,test,system,natural_slot,58,19,43,57,False
llama3.1-8b,fitting,d943b8f3286d,alpaca,False,test,user,natural_slot,60,19,54,59,False
llama3.1-8b,fitting,d943b8f3286d,alpaca,False,test,tool,natural_slot,79,19,73,78,False
llama3.1-8b,fitting,d943b8f3286d,alpaca,False,test,assistant,natural_slot,69,19,63,68,False
llama3.1-8b,fitting,82ecfe0ee0f7,xstest_safe,False,train,system,fixed_slot,50,11,35,49,False
llama3.1-8b,fitting,82ecfe0ee0f7,xstest_safe,False,train,user,fixed_slot,61,11,55,60,True
llama3.1-8b,fitting,82ecfe0ee0f7,xstest_safe,False,train,tool,fixed_slot,62,11,56,61,True
llama3.1-8b,fitting,82ecfe0ee0f7,xstest_safe,False,train,assistant,fixed_slot,61,11,55,60,True
llama3.1-8b,fitting,82ecfe0ee0f7,xstest_safe,False,train,system,natural_slot,50,11,35,49,False
llama3.1-8b,fitting,82ecfe0ee0f7,xstest_safe,False,train,user,natural_slot,52,11,46,51,False
llama3.1-8b,fitting,82ecfe0ee0f7,xstest_safe,False,train,tool,natural_slot,70,11,64,69,False
llama3.1-8b,fitting,82ecfe0ee0f7,xstest_safe,False,train,assistant,natural_slot,61,11,55,60,False
llama3.1-8b,fitting,f5738956f393,alpaca,False,train,system,fixed_slot,50,11,35,49,False
llama3.1-8b,fitting,f5738956f393,alpaca,False,train,user,fixed_slot,61,11,55,60,True
llama3.1-8b,fitting,f5738956f393,alpaca,False,train,tool,fixed_slot,63,11,57,62,True
llama3.1-8b,fitting,f5738956f393,alpaca,False,train,assistant,fixed_slot,61,11,55,60,True
llama3.1-8b,fitting,f5738956f393,alpaca,False,train,system,natural_slot,50,11,35,49,False
llama3.1-8b,fitting,f5738956f393,alpaca,False,train,user,natural_slot,52,11,46,51,False
llama3.1-8b,fitting,f5738956f393,alpaca,False,train,tool,natural_slot,71,11,65,70,False
llama3.1-8b,fitting,f5738956f393,alpaca,False,train,assistant,natural_slot,61,11,55,60,False
llama3.1-8b,fitting,266f5b1d834d,xstest_safe,False,test,system,fixed_slot,50,11,35,49,False
llama3.1-8b,fitting,266f5b1d834d,xstest_safe,False,test,user,fixed_slot,61,11,55,60,True
llama3.1-8b,fitting,266f5b1d834d,xstest_safe,False,test,tool,fixed_slot,62,11,56,61,True
llama3.1-8b,fitting,266f5b1d834d,xstest_safe,False,test,assistant,fixed_slot,61,11,55,60,True
llama3.1-8b,fitting,266f5b1d834d,xstest_safe,False,test,system,natural_slot,50,11,35,49,False
llama3.1-8b,fitting,266f5b1d834d,xstest_safe,False,test,user,natural_slot,52,11,46,51,False
llama3.1-8b,fitting,266f5b1d834d,xstest_safe,False,test,tool,natural_slot,70,11,64,69,False
llama3.1-8b,fitting,266f5b1d834d,xstest_safe,False,test,assistant,natural_slot,61,11,55,60,False
llama3.1-8b,fitting,cc224f8a130c,alpaca,False,test,system,fixed_slot,49,10,34,48,False
llama3.1-8b,fitting,cc224f8a130c,alpaca,False,test,user,fixed_slot,60,10,54,59,True
llama3.1-8b,fitting,cc224f8a130c,alpaca,False,test,tool,fixed_slot,61,10,55,60,True
llama3.1-8b,fitting,cc224f8a130c,alpaca,False,test,assistant,fixed_slot,60,10,54,59,True
llama3.1-8b,fitting,cc224f8a130c,alpaca,False,test,system,natural_slot,49,10,34,48,False
llama3.1-8b,fitting,cc224f8a130c,alpaca,False,test,user,natural_slot,51,10,45,50,False
llama3.1-8b,fitting,cc224f8a130c,alpaca,False,test,tool,natural_slot,69,10,63,68,False
llama3.1-8b,fitting,cc224f8a130c,alpaca,False,test,assistant,natural_slot,60,10,54,59,False
llama3.1-8b,fitting,e0623cf5a547,xstest_safe,False,train,system,fixed_slot,54,15,39,53,False
llama3.1-8b,fitting,e0623cf5a547,xstest_safe,False,train,user,fixed_slot,65,15,59,64,True
llama3.1-8b,fitting,e0623cf5a547,xstest_safe,False,train,tool,fixed_slot,66,15,60,65,True
llama3.1-8b,fitting,e0623cf5a547,xstest_safe,False,train,assistant,fixed_slot,65,15,59,64,True
llama3.1-8b,fitting,e0623cf5a547,xstest_safe,False,train,system,natural_slot,54,15,39,53,False
llama3.1-8b,fitting,e0623cf5a547,xstest_safe,False,train,user,natural_slot,56,15,50,55,False
llama3.1-8b,fitting,e0623cf5a547,xstest_safe,False,train,tool,natural_slot,74,15,68,73,False
llama3.1-8b,fitting,e0623cf5a547,xstest_safe,False,train,assistant,natural_slot,65,15,59,64,False
llama3.1-8b,fitting,a7fd2b4b98e6,alpaca,False,train,system,fixed_slot,53,14,38,52,False
llama3.1-8b,fitting,a7fd2b4b98e6,alpaca,False,train,user,fixed_slot,64,14,58,63,True
llama3.1-8b,fitting,a7fd2b4b98e6,alpaca,False,train,tool,fixed_slot,66,14,60,65,True
llama3.1-8b,fitting,a7fd2b4b98e6,alpaca,False,train,assistant,fixed_slot,64,14,58,63,True
llama3.1-8b,fitting,a7fd2b4b98e6,alpaca,False,train,system,natural_slot,53,14,38,52,False
llama3.1-8b,fitting,a7fd2b4b98e6,alpaca,False,train,user,natural_slot,55,14,49,54,False
llama3.1-8b,fitting,a7fd2b4b98e6,alpaca,False,train,tool,natural_slot,74,14,68,73,False
llama3.1-8b,fitting,a7fd2b4b98e6,alpaca,False,train,assistant,natural_slot,64,14,58,63,False
llama3.1-8b,fitting,ff78a383dd23,xstest_safe,False,train,system,fixed_slot,49,10,34,48,False
llama3.1-8b,fitting,ff78a383dd23,xstest_safe,False,train,user,fixed_slot,60,10,54,59,True
llama3.1-8b,fitting,ff78a383dd23,xstest_safe,False,train,tool,fixed_slot,61,10,55,60,True
llama3.1-8b,fitting,ff78a383dd23,xstest_safe,False,train,assistant,fixed_slot,60,10,54,59,True
llama3.1-8b,fitting,ff78a383dd23,xstest_safe,False,train,system,natural_slot,49,10,34,48,False
llama3.1-8b,fitting,ff78a383dd23,xstest_safe,False,train,user,natural_slot,51,10,45,50,False
llama3.1-8b,fitting,ff78a383dd23,xstest_safe,False,train,tool,natural_slot,69,10,63,68,False
llama3.1-8b,fitting,ff78a383dd23,xstest_safe,False,train,assistant,natural_slot,60,10,54,59,False
llama3.1-8b,fitting,149243a897fe,alpaca,False,train,system,fixed_slot,66,27,51,65,False
llama3.1-8b,fitting,149243a897fe,alpaca,False,train,user,fixed_slot,77,27,71,76,True
llama3.1-8b,fitting,149243a897fe,alpaca,False,train,tool,fixed_slot,79,27,73,78,True
llama3.1-8b,fitting,149243a897fe,alpaca,False,train,assistant,fixed_slot,77,27,71,76,True
llama3.1-8b,fitting,149243a897fe,alpaca,False,train,system,natural_slot,66,27,51,65,False
llama3.1-8b,fitting,149243a897fe,alpaca,False,train,user,natural_slot,68,27,62,67,False
llama3.1-8b,fitting,149243a897fe,alpaca,False,train,tool,natural_slot,87,27,81,86,False
llama3.1-8b,fitting,149243a897fe,alpaca,False,train,assistant,natural_slot,77,27,71,76,False
llama3.1-8b,fitting,914d8d44387f,xstest_safe,False,train,system,fixed_slot,48,9,33,47,False
llama3.1-8b,fitting,914d8d44387f,xstest_safe,False,train,user,fixed_slot,59,9,53,58,True
llama3.1-8b,fitting,914d8d44387f,xstest_safe,False,train,tool,fixed_slot,60,9,54,59,True
llama3.1-8b,fitting,914d8d44387f,xstest_safe,False,train,assistant,fixed_slot,59,9,53,58,True
llama3.1-8b,fitting,914d8d44387f,xstest_safe,False,train,system,natural_slot,48,9,33,47,False
llama3.1-8b,fitting,914d8d44387f,xstest_safe,False,train,user,natural_slot,50,9,44,49,False
llama3.1-8b,fitting,914d8d44387f,xstest_safe,False,train,tool,natural_slot,68,9,62,67,False
llama3.1-8b,fitting,914d8d44387f,xstest_safe,False,train,assistant,natural_slot,59,9,53,58,False
llama3.1-8b,fitting,f12777e5ef3c,alpaca,False,train,system,fixed_slot,47,8,32,46,False
llama3.1-8b,fitting,f12777e5ef3c,alpaca,False,train,user,fixed_slot,58,8,52,57,True
llama3.1-8b,fitting,f12777e5ef3c,alpaca,False,train,tool,fixed_slot,59,8,53,58,True
llama3.1-8b,fitting,f12777e5ef3c,alpaca,False,train,assistant,fixed_slot,58,8,52,57,True
llama3.1-8b,fitting,f12777e5ef3c,alpaca,False,train,system,natural_slot,47,8,32,46,False
llama3.1-8b,fitting,f12777e5ef3c,alpaca,False,train,user,natural_slot,49,8,43,48,False
llama3.1-8b,fitting,f12777e5ef3c,alpaca,False,train,tool,natural_slot,67,8,61,66,False
llama3.1-8b,fitting,f12777e5ef3c,alpaca,False,train,assistant,natural_slot,58,8,52,57,False
llama3.1-8b,fitting,742ec34e671f,xstest_safe,False,train,system,fixed_slot,50,11,35,49,False
llama3.1-8b,fitting,742ec34e671f,xstest_safe,False,train,user,fixed_slot,61,11,55,60,True
llama3.1-8b,fitting,742ec34e671f,xstest_safe,False,train,tool,fixed_slot,62,11,56,61,True
llama3.1-8b,fitting,742ec34e671f,xstest_safe,False,train,assistant,fixed_slot,61,11,55,60,True
llama3.1-8b,fitting,742ec34e671f,xstest_safe,False,train,system,natural_slot,50,11,35,49,False
llama3.1-8b,fitting,742ec34e671f,xstest_safe,False,train,user,natural_slot,52,11,46,51,False
llama3.1-8b,fitting,742ec34e671f,xstest_safe,False,train,tool,natural_slot,70,11,64,69,False
llama3.1-8b,fitting,742ec34e671f,xstest_safe,False,train,assistant,natural_slot,61,11,55,60,False
llama3.1-8b,fitting,7f21786cb8ed,alpaca,False,test,system,fixed_slot,44,5,29,43,False
llama3.1-8b,fitting,7f21786cb8ed,alpaca,False,test,user,fixed_slot,55,5,49,54,True
llama3.1-8b,fitting,7f21786cb8ed,alpaca,False,test,tool,fixed_slot,57,5,51,56,True
llama3.1-8b,fitting,7f21786cb8ed,alpaca,False,test,assistant,fixed_slot,55,5,49,54,True
llama3.1-8b,fitting,7f21786cb8ed,alpaca,False,test,system,natural_slot,44,5,29,43,False
llama3.1-8b,fitting,7f21786cb8ed,alpaca,False,test,user,natural_slot,46,5,40,45,False
llama3.1-8b,fitting,7f21786cb8ed,alpaca,False,test,tool,natural_slot,65,5,59,64,False
llama3.1-8b,fitting,7f21786cb8ed,alpaca,False,test,assistant,natural_slot,55,5,49,54,False
llama3.1-8b,fitting,c504b88c6c0c,xstest_safe,False,train,system,fixed_slot,47,8,32,46,False
llama3.1-8b,fitting,c504b88c6c0c,xstest_safe,False,train,user,fixed_slot,58,8,52,57,True
llama3.1-8b,fitting,c504b88c6c0c,xstest_safe,False,train,tool,fixed_slot,59,8,53,58,True
llama3.1-8b,fitting,c504b88c6c0c,xstest_safe,False,train,assistant,fixed_slot,58,8,52,57,True
llama3.1-8b,fitting,c504b88c6c0c,xstest_safe,False,train,system,natural_slot,47,8,32,46,False
llama3.1-8b,fitting,c504b88c6c0c,xstest_safe,False,train,user,natural_slot,49,8,43,48,False
llama3.1-8b,fitting,c504b88c6c0c,xstest_safe,False,train,tool,natural_slot,67,8,61,66,False
llama3.1-8b,fitting,c504b88c6c0c,xstest_safe,False,train,assistant,natural_slot,58,8,52,57,False
llama3.1-8b,fitting,83e24fdffc5a,alpaca,False,test,system,fixed_slot,53,14,38,52,False
llama3.1-8b,fitting,83e24fdffc5a,alpaca,False,test,user,fixed_slot,64,14,58,63,True
llama3.1-8b,fitting,83e24fdffc5a,alpaca,False,test,tool,fixed_slot,66,14,60,65,True
llama3.1-8b,fitting,83e24fdffc5a,alpaca,False,test,assistant,fixed_slot,64,14,58,63,True
llama3.1-8b,fitting,83e24fdffc5a,alpaca,False,test,system,natural_slot,53,14,38,52,False
llama3.1-8b,fitting,83e24fdffc5a,alpaca,False,test,user,natural_slot,55,14,49,54,False
llama3.1-8b,fitting,83e24fdffc5a,alpaca,False,test,tool,natural_slot,74,14,68,73,False
llama3.1-8b,fitting,83e24fdffc5a,alpaca,False,test,assistant,natural_slot,64,14,58,63,False
llama3.1-8b,fitting,9ea835f50183,xstest_safe,False,test,system,fixed_slot,52,13,37,51,False
llama3.1-8b,fitting,9ea835f50183,xstest_safe,False,test,user,fixed_slot,63,13,57,62,True
llama3.1-8b,fitting,9ea835f50183,xstest_safe,False,test,tool,fixed_slot,64,13,58,63,True
llama3.1-8b,fitting,9ea835f50183,xstest_safe,False,test,assistant,fixed_slot,63,13,57,62,True
llama3.1-8b,fitting,9ea835f50183,xstest_safe,False,test,system,natural_slot,52,13,37,51,False
llama3.1-8b,fitting,9ea835f50183,xstest_safe,False,test,user,natural_slot,54,13,48,53,False
llama3.1-8b,fitting,9ea835f50183,xstest_safe,False,test,tool,natural_slot,72,13,66,71,False
llama3.1-8b,fitting,9ea835f50183,xstest_safe,False,test,assistant,natural_slot,63,13,57,62,False
llama3.1-8b,fitting,e6c7300b92e2,alpaca,False,train,system,fixed_slot,57,18,42,56,False
llama3.1-8b,fitting,e6c7300b92e2,alpaca,False,train,user,fixed_slot,68,18,62,67,True
llama3.1-8b,fitting,e6c7300b92e2,alpaca,False,train,tool,fixed_slot,70,18,64,69,True
llama3.1-8b,fitting,e6c7300b92e2,alpaca,False,train,assistant,fixed_slot,68,18,62,67,True
llama3.1-8b,fitting,e6c7300b92e2,alpaca,False,train,system,natural_slot,57,18,42,56,False
llama3.1-8b,fitting,e6c7300b92e2,alpaca,False,train,user,natural_slot,59,18,53,58,False
llama3.1-8b,fitting,e6c7300b92e2,alpaca,False,train,tool,natural_slot,78,18,72,77,False
llama3.1-8b,fitting,e6c7300b92e2,alpaca,False,train,assistant,natural_slot,68,18,62,67,False
llama3.1-8b,fitting,f7a69b7b29aa,xstest_safe,False,train,system,fixed_slot,48,9,33,47,False
llama3.1-8b,fitting,f7a69b7b29aa,xstest_safe,False,train,user,fixed_slot,59,9,53,58,True
llama3.1-8b,fitting,f7a69b7b29aa,xstest_safe,False,train,tool,fixed_slot,60,9,54,59,True
llama3.1-8b,fitting,f7a69b7b29aa,xstest_safe,False,train,assistant,fixed_slot,59,9,53,58,True
llama3.1-8b,fitting,f7a69b7b29aa,xstest_safe,False,train,system,natural_slot,48,9,33,47,False
llama3.1-8b,fitting,f7a69b7b29aa,xstest_safe,False,train,user,natural_slot,50,9,44,49,False
llama3.1-8b,fitting,f7a69b7b29aa,xstest_safe,False,train,tool,natural_slot,68,9,62,67,False
llama3.1-8b,fitting,f7a69b7b29aa,xstest_safe,False,train,assistant,natural_slot,59,9,53,58,False
llama3.1-8b,fitting,f4ab3769e5af,alpaca,False,train,system,fixed_slot,57,18,42,56,False
llama3.1-8b,fitting,f4ab3769e5af,alpaca,False,train,user,fixed_slot,68,18,62,67,True
llama3.1-8b,fitting,f4ab3769e5af,alpaca,False,train,tool,fixed_slot,70,18,64,69,True
llama3.1-8b,fitting,f4ab3769e5af,alpaca,False,train,assistant,fixed_slot,68,18,62,67,True
llama3.1-8b,fitting,f4ab3769e5af,alpaca,False,train,system,natural_slot,57,18,42,56,False
llama3.1-8b,fitting,f4ab3769e5af,alpaca,False,train,user,natural_slot,59,18,53,58,False
llama3.1-8b,fitting,f4ab3769e5af,alpaca,False,train,tool,natural_slot,78,18,72,77,False
llama3.1-8b,fitting,f4ab3769e5af,alpaca,False,train,assistant,natural_slot,68,18,62,67,False
llama3.1-8b,fitting,39e52d86773d,xstest_safe,False,train,system,fixed_slot,50,11,35,49,False
llama3.1-8b,fitting,39e52d86773d,xstest_safe,False,train,user,fixed_slot,61,11,55,60,True
llama3.1-8b,fitting,39e52d86773d,xstest_safe,False,train,tool,fixed_slot,62,11,56,61,True
llama3.1-8b,fitting,39e52d86773d,xstest_safe,False,train,assistant,fixed_slot,61,11,55,60,True
llama3.1-8b,fitting,39e52d86773d,xstest_safe,False,train,system,natural_slot,50,11,35,49,False
llama3.1-8b,fitting,39e52d86773d,xstest_safe,False,train,user,natural_slot,52,11,46,51,False
llama3.1-8b,fitting,39e52d86773d,xstest_safe,False,train,tool,natural_slot,70,11,64,69,False
llama3.1-8b,fitting,39e52d86773d,xstest_safe,False,train,assistant,natural_slot,61,11,55,60,False
llama3.1-8b,fitting,5630662f55d7,alpaca,False,train,system,fixed_slot,49,10,34,48,False
llama3.1-8b,fitting,5630662f55d7,alpaca,False,train,user,fixed_slot,60,10,54,59,True
llama3.1-8b,fitting,5630662f55d7,alpaca,False,train,tool,fixed_slot,62,10,56,61,True
llama3.1-8b,fitting,5630662f55d7,alpaca,False,train,assistant,fixed_slot,60,10,54,59,True
llama3.1-8b,fitting,5630662f55d7,alpaca,False,train,system,natural_slot,49,10,34,48,False
llama3.1-8b,fitting,5630662f55d7,alpaca,False,train,user,natural_slot,51,10,45,50,False
llama3.1-8b,fitting,5630662f55d7,alpaca,False,train,tool,natural_slot,70,10,64,69,False
llama3.1-8b,fitting,5630662f55d7,alpaca,False,train,assistant,natural_slot,60,10,54,59,False
llama3.1-8b,fitting,47b44131f077,xstest_safe,False,train,system,fixed_slot,50,11,35,49,False
llama3.1-8b,fitting,47b44131f077,xstest_safe,False,train,user,fixed_slot,61,11,55,60,True
llama3.1-8b,fitting,47b44131f077,xstest_safe,False,train,tool,fixed_slot,62,11,56,61,True
llama3.1-8b,fitting,47b44131f077,xstest_safe,False,train,assistant,fixed_slot,61,11,55,60,True
llama3.1-8b,fitting,47b44131f077,xstest_safe,False,train,system,natural_slot,50,11,35,49,False
llama3.1-8b,fitting,47b44131f077,xstest_safe,False,train,user,natural_slot,52,11,46,51,False
llama3.1-8b,fitting,47b44131f077,xstest_safe,False,train,tool,natural_slot,70,11,64,69,False
llama3.1-8b,fitting,47b44131f077,xstest_safe,False,train,assistant,natural_slot,61,11,55,60,False
llama3.1-8b,fitting,421eb2bb577f,alpaca,False,train,system,fixed_slot,58,19,43,57,False
llama3.1-8b,fitting,421eb2bb577f,alpaca,False,train,user,fixed_slot,69,19,63,68,True
llama3.1-8b,fitting,421eb2bb577f,alpaca,False,train,tool,fixed_slot,71,19,65,70,True
llama3.1-8b,fitting,421eb2bb577f,alpaca,False,train,assistant,fixed_slot,69,19,63,68,True
llama3.1-8b,fitting,421eb2bb577f,alpaca,False,train,system,natural_slot,58,19,43,57,False
llama3.1-8b,fitting,421eb2bb577f,alpaca,False,train,user,natural_slot,60,19,54,59,False
llama3.1-8b,fitting,421eb2bb577f,alpaca,False,train,tool,natural_slot,79,19,73,78,False
llama3.1-8b,fitting,421eb2bb577f,alpaca,False,train,assistant,natural_slot,69,19,63,68,False
llama3.1-8b,fitting,480d4b7c1ff5,xstest_safe,False,train,system,fixed_slot,47,8,32,46,False
llama3.1-8b,fitting,480d4b7c1ff5,xstest_safe,False,train,user,fixed_slot,58,8,52,57,True
llama3.1-8b,fitting,480d4b7c1ff5,xstest_safe,False,train,tool,fixed_slot,59,8,53,58,True
llama3.1-8b,fitting,480d4b7c1ff5,xstest_safe,False,train,assistant,fixed_slot,58,8,52,57,True
llama3.1-8b,fitting,480d4b7c1ff5,xstest_safe,False,train,system,natural_slot,47,8,32,46,False
llama3.1-8b,fitting,480d4b7c1ff5,xstest_safe,False,train,user,natural_slot,49,8,43,48,False
llama3.1-8b,fitting,480d4b7c1ff5,xstest_safe,False,train,tool,natural_slot,67,8,61,66,False
llama3.1-8b,fitting,480d4b7c1ff5,xstest_safe,False,train,assistant,natural_slot,58,8,52,57,False
llama3.1-8b,fitting,bf366b2d1e86,alpaca,False,train,system,fixed_slot,57,18,42,56,False
llama3.1-8b,fitting,bf366b2d1e86,alpaca,False,train,user,fixed_slot,68,18,62,67,True
llama3.1-8b,fitting,bf366b2d1e86,alpaca,False,train,tool,fixed_slot,69,18,63,68,True
llama3.1-8b,fitting,bf366b2d1e86,alpaca,False,train,assistant,fixed_slot,68,18,62,67,True
llama3.1-8b,fitting,bf366b2d1e86,alpaca,False,train,system,natural_slot,57,18,42,56,False
llama3.1-8b,fitting,bf366b2d1e86,alpaca,False,train,user,natural_slot,59,18,53,58,False
llama3.1-8b,fitting,bf366b2d1e86,alpaca,False,train,tool,natural_slot,77,18,71,76,False
llama3.1-8b,fitting,bf366b2d1e86,alpaca,False,train,assistant,natural_slot,68,18,62,67,False
llama3.1-8b,fitting,34a2fead1622,xstest_safe,False,train,system,fixed_slot,48,9,33,47,False
llama3.1-8b,fitting,34a2fead1622,xstest_safe,False,train,user,fixed_slot,59,9,53,58,True
llama3.1-8b,fitting,34a2fead1622,xstest_safe,False,train,tool,fixed_slot,61,9,55,60,True
llama3.1-8b,fitting,34a2fead1622,xstest_safe,False,train,assistant,fixed_slot,59,9,53,58,True
llama3.1-8b,fitting,34a2fead1622,xstest_safe,False,train,system,natural_slot,48,9,33,47,False
llama3.1-8b,fitting,34a2fead1622,xstest_safe,False,train,user,natural_slot,50,9,44,49,False
llama3.1-8b,fitting,34a2fead1622,xstest_safe,False,train,tool,natural_slot,69,9,63,68,False
llama3.1-8b,fitting,34a2fead1622,xstest_safe,False,train,assistant,natural_slot,59,9,53,58,False
llama3.1-8b,fitting,8e5278276997,alpaca,False,train,system,fixed_slot,48,9,33,47,False
llama3.1-8b,fitting,8e5278276997,alpaca,False,train,user,fixed_slot,59,9,53,58,True
llama3.1-8b,fitting,8e5278276997,alpaca,False,train,tool,fixed_slot,60,9,54,59,True
llama3.1-8b,fitting,8e5278276997,alpaca,False,train,assistant,fixed_slot,59,9,53,58,True
llama3.1-8b,fitting,8e5278276997,alpaca,False,train,system,natural_slot,48,9,33,47,False
llama3.1-8b,fitting,8e5278276997,alpaca,False,train,user,natural_slot,50,9,44,49,False
llama3.1-8b,fitting,8e5278276997,alpaca,False,train,tool,natural_slot,68,9,62,67,False
llama3.1-8b,fitting,8e5278276997,alpaca,False,train,assistant,natural_slot,59,9,53,58,False
llama3.1-8b,fitting,2b5e736e4a2a,xstest_safe,False,test,system,fixed_slot,50,11,35,49,False
llama3.1-8b,fitting,2b5e736e4a2a,xstest_safe,False,test,user,fixed_slot,61,11,55,60,True
llama3.1-8b,fitting,2b5e736e4a2a,xstest_safe,False,test,tool,fixed_slot,62,11,56,61,True
llama3.1-8b,fitting,2b5e736e4a2a,xstest_safe,False,test,assistant,fixed_slot,61,11,55,60,True
llama3.1-8b,fitting,2b5e736e4a2a,xstest_safe,False,test,system,natural_slot,50,11,35,49,False
llama3.1-8b,fitting,2b5e736e4a2a,xstest_safe,False,test,user,natural_slot,52,11,46,51,False
llama3.1-8b,fitting,2b5e736e4a2a,xstest_safe,False,test,tool,natural_slot,70,11,64,69,False
llama3.1-8b,fitting,2b5e736e4a2a,xstest_safe,False,test,assistant,natural_slot,61,11,55,60,False
llama3.1-8b,fitting,1af98bfb1de6,alpaca,False,test,system,fixed_slot,50,11,35,49,False
llama3.1-8b,fitting,1af98bfb1de6,alpaca,False,test,user,fixed_slot,61,11,55,60,True
llama3.1-8b,fitting,1af98bfb1de6,alpaca,False,test,tool,fixed_slot,63,11,57,62,True
llama3.1-8b,fitting,1af98bfb1de6,alpaca,False,test,assistant,fixed_slot,61,11,55,60,True
llama3.1-8b,fitting,1af98bfb1de6,alpaca,False,test,system,natural_slot,50,11,35,49,False
llama3.1-8b,fitting,1af98bfb1de6,alpaca,False,test,user,natural_slot,52,11,46,51,False
llama3.1-8b,fitting,1af98bfb1de6,alpaca,False,test,tool,natural_slot,71,11,65,70,False
llama3.1-8b,fitting,1af98bfb1de6,alpaca,False,test,assistant,natural_slot,61,11,55,60,False
llama3.1-8b,fitting,d671e1bf38a2,xstest_safe,False,train,system,fixed_slot,52,13,37,51,False
llama3.1-8b,fitting,d671e1bf38a2,xstest_safe,False,train,user,fixed_slot,63,13,57,62,True
llama3.1-8b,fitting,d671e1bf38a2,xstest_safe,False,train,tool,fixed_slot,64,13,58,63,True
llama3.1-8b,fitting,d671e1bf38a2,xstest_safe,False,train,assistant,fixed_slot,63,13,57,62,True
llama3.1-8b,fitting,d671e1bf38a2,xstest_safe,False,train,system,natural_slot,52,13,37,51,False
llama3.1-8b,fitting,d671e1bf38a2,xstest_safe,False,train,user,natural_slot,54,13,48,53,False
llama3.1-8b,fitting,d671e1bf38a2,xstest_safe,False,train,tool,natural_slot,72,13,66,71,False
llama3.1-8b,fitting,d671e1bf38a2,xstest_safe,False,train,assistant,natural_slot,63,13,57,62,False
llama3.1-8b,fitting,f6efc7498017,alpaca,False,train,system,fixed_slot,58,19,43,57,False
llama3.1-8b,fitting,f6efc7498017,alpaca,False,train,user,fixed_slot,69,19,63,68,True
llama3.1-8b,fitting,f6efc7498017,alpaca,False,train,tool,fixed_slot,72,19,65,71,True
llama3.1-8b,fitting,f6efc7498017,alpaca,False,train,assistant,fixed_slot,69,19,63,68,True
llama3.1-8b,fitting,f6efc7498017,alpaca,False,train,system,natural_slot,58,19,43,57,False
llama3.1-8b,fitting,f6efc7498017,alpaca,False,train,user,natural_slot,60,19,54,59,False
llama3.1-8b,fitting,f6efc7498017,alpaca,False,train,tool,natural_slot,80,19,73,79,False
llama3.1-8b,fitting,f6efc7498017,alpaca,False,train,assistant,natural_slot,69,19,63,68,False
llama3.1-8b,fitting,73db10f47abc,xstest_safe,False,test,system,fixed_slot,47,8,32,46,False
llama3.1-8b,fitting,73db10f47abc,xstest_safe,False,test,user,fixed_slot,58,8,52,57,True
llama3.1-8b,fitting,73db10f47abc,xstest_safe,False,test,tool,fixed_slot,59,8,53,58,True
llama3.1-8b,fitting,73db10f47abc,xstest_safe,False,test,assistant,fixed_slot,58,8,52,57,True
llama3.1-8b,fitting,73db10f47abc,xstest_safe,False,test,system,natural_slot,47,8,32,46,False
llama3.1-8b,fitting,73db10f47abc,xstest_safe,False,test,user,natural_slot,49,8,43,48,False
llama3.1-8b,fitting,73db10f47abc,xstest_safe,False,test,tool,natural_slot,67,8,61,66,False
llama3.1-8b,fitting,73db10f47abc,xstest_safe,False,test,assistant,natural_slot,58,8,52,57,False
llama3.1-8b,fitting,931401f4ecf1,alpaca,False,train,system,fixed_slot,53,14,38,52,False
llama3.1-8b,fitting,931401f4ecf1,alpaca,False,train,user,fixed_slot,64,14,58,63,True
llama3.1-8b,fitting,931401f4ecf1,alpaca,False,train,tool,fixed_slot,66,14,60,65,True
llama3.1-8b,fitting,931401f4ecf1,alpaca,False,train,assistant,fixed_slot,64,14,58,63,True
llama3.1-8b,fitting,931401f4ecf1,alpaca,False,train,system,natural_slot,53,14,38,52,False
llama3.1-8b,fitting,931401f4ecf1,alpaca,False,train,user,natural_slot,55,14,49,54,False
llama3.1-8b,fitting,931401f4ecf1,alpaca,False,train,tool,natural_slot,74,14,68,73,False
llama3.1-8b,fitting,931401f4ecf1,alpaca,False,train,assistant,natural_slot,64,14,58,63,False
llama3.1-8b,fitting,285bf4693565,xstest_safe,False,train,system,fixed_slot,51,12,36,50,False
llama3.1-8b,fitting,285bf4693565,xstest_safe,False,train,user,fixed_slot,62,12,56,61,True
llama3.1-8b,fitting,285bf4693565,xstest_safe,False,train,tool,fixed_slot,63,12,57,62,True
llama3.1-8b,fitting,285bf4693565,xstest_safe,False,train,assistant,fixed_slot,62,12,56,61,True
llama3.1-8b,fitting,285bf4693565,xstest_safe,False,train,system,natural_slot,51,12,36,50,False
llama3.1-8b,fitting,285bf4693565,xstest_safe,False,train,user,natural_slot,53,12,47,52,False
llama3.1-8b,fitting,285bf4693565,xstest_safe,False,train,tool,natural_slot,71,12,65,70,False
llama3.1-8b,fitting,285bf4693565,xstest_safe,False,train,assistant,natural_slot,62,12,56,61,False
llama3.1-8b,fitting,18a1e09ae512,alpaca,False,train,system,fixed_slot,50,11,35,49,False
llama3.1-8b,fitting,18a1e09ae512,alpaca,False,train,user,fixed_slot,61,11,55,60,True
llama3.1-8b,fitting,18a1e09ae512,alpaca,False,train,tool,fixed_slot,63,11,57,62,True
llama3.1-8b,fitting,18a1e09ae512,alpaca,False,train,assistant,fixed_slot,61,11,55,60,True
llama3.1-8b,fitting,18a1e09ae512,alpaca,False,train,system,natural_slot,50,11,35,49,False
llama3.1-8b,fitting,18a1e09ae512,alpaca,False,train,user,natural_slot,52,11,46,51,False
llama3.1-8b,fitting,18a1e09ae512,alpaca,False,train,tool,natural_slot,71,11,65,70,False
llama3.1-8b,fitting,18a1e09ae512,alpaca,False,train,assistant,natural_slot,61,11,55,60,False
llama3.1-8b,fitting,a28bebd68e95,xstest_safe,False,test,system,fixed_slot,52,13,37,51,False
llama3.1-8b,fitting,a28bebd68e95,xstest_safe,False,test,user,fixed_slot,63,13,57,62,True
llama3.1-8b,fitting,a28bebd68e95,xstest_safe,False,test,tool,fixed_slot,64,13,58,63,True
llama3.1-8b,fitting,a28bebd68e95,xstest_safe,False,test,assistant,fixed_slot,63,13,57,62,True
llama3.1-8b,fitting,a28bebd68e95,xstest_safe,False,test,system,natural_slot,52,13,37,51,False
llama3.1-8b,fitting,a28bebd68e95,xstest_safe,False,test,user,natural_slot,54,13,48,53,False
llama3.1-8b,fitting,a28bebd68e95,xstest_safe,False,test,tool,natural_slot,72,13,66,71,False
llama3.1-8b,fitting,a28bebd68e95,xstest_safe,False,test,assistant,natural_slot,63,13,57,62,False
llama3.1-8b,fitting,a761eed5c1f4,alpaca,False,test,system,fixed_slot,54,15,39,53,False
llama3.1-8b,fitting,a761eed5c1f4,alpaca,False,test,user,fixed_slot,65,15,59,64,True
llama3.1-8b,fitting,a761eed5c1f4,alpaca,False,test,tool,fixed_slot,68,15,61,67,True
llama3.1-8b,fitting,a761eed5c1f4,alpaca,False,test,assistant,fixed_slot,65,15,59,64,True
llama3.1-8b,fitting,a761eed5c1f4,alpaca,False,test,system,natural_slot,54,15,39,53,False
llama3.1-8b,fitting,a761eed5c1f4,alpaca,False,test,user,natural_slot,56,15,50,55,False
llama3.1-8b,fitting,a761eed5c1f4,alpaca,False,test,tool,natural_slot,76,15,69,75,False
llama3.1-8b,fitting,a761eed5c1f4,alpaca,False,test,assistant,natural_slot,65,15,59,64,False
llama3.1-8b,fitting,6ca973466e42,xstest_safe,False,train,system,fixed_slot,48,9,33,47,False
llama3.1-8b,fitting,6ca973466e42,xstest_safe,False,train,user,fixed_slot,59,9,53,58,True
llama3.1-8b,fitting,6ca973466e42,xstest_safe,False,train,tool,fixed_slot,60,9,54,59,True
llama3.1-8b,fitting,6ca973466e42,xstest_safe,False,train,assistant,fixed_slot,59,9,53,58,True
llama3.1-8b,fitting,6ca973466e42,xstest_safe,False,train,system,natural_slot,48,9,33,47,False
llama3.1-8b,fitting,6ca973466e42,xstest_safe,False,train,user,natural_slot,50,9,44,49,False
llama3.1-8b,fitting,6ca973466e42,xstest_safe,False,train,tool,natural_slot,68,9,62,67,False
llama3.1-8b,fitting,6ca973466e42,xstest_safe,False,train,assistant,natural_slot,59,9,53,58,False
llama3.1-8b,fitting,1131bd5fd31e,alpaca,False,train,system,fixed_slot,51,12,36,50,False
llama3.1-8b,fitting,1131bd5fd31e,alpaca,False,train,user,fixed_slot,62,12,56,61,True
llama3.1-8b,fitting,1131bd5fd31e,alpaca,False,train,tool,fixed_slot,65,12,58,64,True
llama3.1-8b,fitting,1131bd5fd31e,alpaca,False,train,assistant,fixed_slot,62,12,56,61,True
llama3.1-8b,fitting,1131bd5fd31e,alpaca,False,train,system,natural_slot,51,12,36,50,False
llama3.1-8b,fitting,1131bd5fd31e,alpaca,False,train,user,natural_slot,53,12,47,52,False
llama3.1-8b,fitting,1131bd5fd31e,alpaca,False,train,tool,natural_slot,73,12,66,72,False
llama3.1-8b,fitting,1131bd5fd31e,alpaca,False,train,assistant,natural_slot,62,12,56,61,False
llama3.1-8b,fitting,dc4d873a47cb,xstest_safe,False,train,system,fixed_slot,53,14,38,52,False
llama3.1-8b,fitting,dc4d873a47cb,xstest_safe,False,train,user,fixed_slot,64,14,58,63,True
llama3.1-8b,fitting,dc4d873a47cb,xstest_safe,False,train,tool,fixed_slot,65,14,59,64,True
llama3.1-8b,fitting,dc4d873a47cb,xstest_safe,False,train,assistant,fixed_slot,64,14,58,63,True
llama3.1-8b,fitting,dc4d873a47cb,xstest_safe,False,train,system,natural_slot,53,14,38,52,False
llama3.1-8b,fitting,dc4d873a47cb,xstest_safe,False,train,user,natural_slot,55,14,49,54,False
llama3.1-8b,fitting,dc4d873a47cb,xstest_safe,False,train,tool,natural_slot,73,14,67,72,False
llama3.1-8b,fitting,dc4d873a47cb,xstest_safe,False,train,assistant,natural_slot,64,14,58,63,False
llama3.1-8b,fitting,8f0dd610956c,alpaca,False,train,system,fixed_slot,49,10,34,48,False
llama3.1-8b,fitting,8f0dd610956c,alpaca,False,train,user,fixed_slot,60,10,54,59,True
llama3.1-8b,fitting,8f0dd610956c,alpaca,False,train,tool,fixed_slot,62,10,56,61,True
llama3.1-8b,fitting,8f0dd610956c,alpaca,False,train,assistant,fixed_slot,60,10,54,59,True
llama3.1-8b,fitting,8f0dd610956c,alpaca,False,train,system,natural_slot,49,10,34,48,False
llama3.1-8b,fitting,8f0dd610956c,alpaca,False,train,user,natural_slot,51,10,45,50,False
llama3.1-8b,fitting,8f0dd610956c,alpaca,False,train,tool,natural_slot,70,10,64,69,False
llama3.1-8b,fitting,8f0dd610956c,alpaca,False,train,assistant,natural_slot,60,10,54,59,False
llama3.1-8b,fitting,2982fc9f990b,xstest_safe,False,train,system,fixed_slot,50,11,35,49,False
llama3.1-8b,fitting,2982fc9f990b,xstest_safe,False,train,user,fixed_slot,61,11,55,60,True
llama3.1-8b,fitting,2982fc9f990b,xstest_safe,False,train,tool,fixed_slot,62,11,56,61,True
llama3.1-8b,fitting,2982fc9f990b,xstest_safe,False,train,assistant,fixed_slot,61,11,55,60,True
llama3.1-8b,fitting,2982fc9f990b,xstest_safe,False,train,system,natural_slot,50,11,35,49,False
llama3.1-8b,fitting,2982fc9f990b,xstest_safe,False,train,user,natural_slot,52,11,46,51,False
llama3.1-8b,fitting,2982fc9f990b,xstest_safe,False,train,tool,natural_slot,70,11,64,69,False
llama3.1-8b,fitting,2982fc9f990b,xstest_safe,False,train,assistant,natural_slot,61,11,55,60,False
llama3.1-8b,fitting,0f33cd0dad59,alpaca,False,train,system,fixed_slot,48,9,33,47,False
llama3.1-8b,fitting,0f33cd0dad59,alpaca,False,train,user,fixed_slot,59,9,53,58,True
llama3.1-8b,fitting,0f33cd0dad59,alpaca,False,train,tool,fixed_slot,61,9,55,60,True
llama3.1-8b,fitting,0f33cd0dad59,alpaca,False,train,assistant,fixed_slot,59,9,53,58,True
llama3.1-8b,fitting,0f33cd0dad59,alpaca,False,train,system,natural_slot,48,9,33,47,False
llama3.1-8b,fitting,0f33cd0dad59,alpaca,False,train,user,natural_slot,50,9,44,49,False
llama3.1-8b,fitting,0f33cd0dad59,alpaca,False,train,tool,natural_slot,69,9,63,68,False
llama3.1-8b,fitting,0f33cd0dad59,alpaca,False,train,assistant,natural_slot,59,9,53,58,False
llama3.1-8b,fitting,0a8b47d3e87e,xstest_safe,False,train,system,fixed_slot,47,8,32,46,False
llama3.1-8b,fitting,0a8b47d3e87e,xstest_safe,False,train,user,fixed_slot,58,8,52,57,True
llama3.1-8b,fitting,0a8b47d3e87e,xstest_safe,False,train,tool,fixed_slot,60,8,54,59,True
llama3.1-8b,fitting,0a8b47d3e87e,xstest_safe,False,train,assistant,fixed_slot,58,8,52,57,True
llama3.1-8b,fitting,0a8b47d3e87e,xstest_safe,False,train,system,natural_slot,47,8,32,46,False
llama3.1-8b,fitting,0a8b47d3e87e,xstest_safe,False,train,user,natural_slot,49,8,43,48,False
llama3.1-8b,fitting,0a8b47d3e87e,xstest_safe,False,train,tool,natural_slot,68,8,62,67,False
llama3.1-8b,fitting,0a8b47d3e87e,xstest_safe,False,train,assistant,natural_slot,58,8,52,57,False
llama3.1-8b,fitting,0311daf1a2f4,alpaca,False,train,system,fixed_slot,51,12,36,50,False
llama3.1-8b,fitting,0311daf1a2f4,alpaca,False,train,user,fixed_slot,62,12,56,61,True
llama3.1-8b,fitting,0311daf1a2f4,alpaca,False,train,tool,fixed_slot,64,12,58,63,True
llama3.1-8b,fitting,0311daf1a2f4,alpaca,False,train,assistant,fixed_slot,62,12,56,61,True
llama3.1-8b,fitting,0311daf1a2f4,alpaca,False,train,system,natural_slot,51,12,36,50,False
llama3.1-8b,fitting,0311daf1a2f4,alpaca,False,train,user,natural_slot,53,12,47,52,False
llama3.1-8b,fitting,0311daf1a2f4,alpaca,False,train,tool,natural_slot,72,12,66,71,False
llama3.1-8b,fitting,0311daf1a2f4,alpaca,False,train,assistant,natural_slot,62,12,56,61,False
llama3.1-8b,fitting,6f485355c12e,xstest_safe,False,train,system,fixed_slot,48,9,33,47,False
llama3.1-8b,fitting,6f485355c12e,xstest_safe,False,train,user,fixed_slot,59,9,53,58,True
llama3.1-8b,fitting,6f485355c12e,xstest_safe,False,train,tool,fixed_slot,60,9,54,59,True
llama3.1-8b,fitting,6f485355c12e,xstest_safe,False,train,assistant,fixed_slot,59,9,53,58,True
llama3.1-8b,fitting,6f485355c12e,xstest_safe,False,train,system,natural_slot,48,9,33,47,False
llama3.1-8b,fitting,6f485355c12e,xstest_safe,False,train,user,natural_slot,50,9,44,49,False
llama3.1-8b,fitting,6f485355c12e,xstest_safe,False,train,tool,natural_slot,68,9,62,67,False
llama3.1-8b,fitting,6f485355c12e,xstest_safe,False,train,assistant,natural_slot,59,9,53,58,False
llama3.1-8b,fitting,49acbbfc7492,alpaca,False,train,system,fixed_slot,60,21,45,59,False
llama3.1-8b,fitting,49acbbfc7492,alpaca,False,train,user,fixed_slot,71,21,65,70,True
llama3.1-8b,fitting,49acbbfc7492,alpaca,False,train,tool,fixed_slot,73,21,67,72,True
llama3.1-8b,fitting,49acbbfc7492,alpaca,False,train,assistant,fixed_slot,71,21,65,70,True
llama3.1-8b,fitting,49acbbfc7492,alpaca,False,train,system,natural_slot,60,21,45,59,False
llama3.1-8b,fitting,49acbbfc7492,alpaca,False,train,user,natural_slot,62,21,56,61,False
llama3.1-8b,fitting,49acbbfc7492,alpaca,False,train,tool,natural_slot,81,21,75,80,False
llama3.1-8b,fitting,49acbbfc7492,alpaca,False,train,assistant,natural_slot,71,21,65,70,False
llama3.1-8b,fitting,1d800a29f8a9,xstest_safe,False,train,system,fixed_slot,50,11,35,49,False
llama3.1-8b,fitting,1d800a29f8a9,xstest_safe,False,train,user,fixed_slot,61,11,55,60,True
llama3.1-8b,fitting,1d800a29f8a9,xstest_safe,False,train,tool,fixed_slot,62,11,56,61,True
llama3.1-8b,fitting,1d800a29f8a9,xstest_safe,False,train,assistant,fixed_slot,61,11,55,60,True
llama3.1-8b,fitting,1d800a29f8a9,xstest_safe,False,train,system,natural_slot,50,11,35,49,False
llama3.1-8b,fitting,1d800a29f8a9,xstest_safe,False,train,user,natural_slot,52,11,46,51,False
llama3.1-8b,fitting,1d800a29f8a9,xstest_safe,False,train,tool,natural_slot,70,11,64,69,False
llama3.1-8b,fitting,1d800a29f8a9,xstest_safe,False,train,assistant,natural_slot,61,11,55,60,False
llama3.1-8b,fitting,c7895a377d60,alpaca,False,train,system,fixed_slot,56,17,41,55,False
llama3.1-8b,fitting,c7895a377d60,alpaca,False,train,user,fixed_slot,67,17,61,66,True
llama3.1-8b,fitting,c7895a377d60,alpaca,False,train,tool,fixed_slot,68,17,62,67,True
llama3.1-8b,fitting,c7895a377d60,alpaca,False,train,assistant,fixed_slot,67,17,61,66,True
llama3.1-8b,fitting,c7895a377d60,alpaca,False,train,system,natural_slot,56,17,41,55,False
llama3.1-8b,fitting,c7895a377d60,alpaca,False,train,user,natural_slot,58,17,52,57,False
llama3.1-8b,fitting,c7895a377d60,alpaca,False,train,tool,natural_slot,76,17,70,75,False
llama3.1-8b,fitting,c7895a377d60,alpaca,False,train,assistant,natural_slot,67,17,61,66,False
llama3.1-8b,fitting,de60c351fc75,xstest_safe,False,train,system,fixed_slot,49,10,34,48,False
llama3.1-8b,fitting,de60c351fc75,xstest_safe,False,train,user,fixed_slot,60,10,54,59,True
llama3.1-8b,fitting,de60c351fc75,xstest_safe,False,train,tool,fixed_slot,61,10,55,60,True
llama3.1-8b,fitting,de60c351fc75,xstest_safe,False,train,assistant,fixed_slot,60,10,54,59,True
llama3.1-8b,fitting,de60c351fc75,xstest_safe,False,train,system,natural_slot,49,10,34,48,False
llama3.1-8b,fitting,de60c351fc75,xstest_safe,False,train,user,natural_slot,51,10,45,50,False
llama3.1-8b,fitting,de60c351fc75,xstest_safe,False,train,tool,natural_slot,69,10,63,68,False
llama3.1-8b,fitting,de60c351fc75,xstest_safe,False,train,assistant,natural_slot,60,10,54,59,False
llama3.1-8b,transfer,8d0ec92f8830,c4,False,train,system,fixed_slot,80,41,65,79,False
llama3.1-8b,transfer,8d0ec92f8830,c4,False,train,user,fixed_slot,91,41,85,90,True
llama3.1-8b,transfer,8d0ec92f8830,c4,False,train,tool,fixed_slot,93,41,87,92,True
llama3.1-8b,transfer,8d0ec92f8830,c4,False,train,assistant,fixed_slot,91,41,85,90,True
llama3.1-8b,transfer,8d0ec92f8830,c4,False,train,system,natural_slot,80,41,65,79,False
llama3.1-8b,transfer,8d0ec92f8830,c4,False,train,user,natural_slot,82,41,76,81,False
llama3.1-8b,transfer,8d0ec92f8830,c4,False,train,tool,natural_slot,101,41,95,100,False
llama3.1-8b,transfer,8d0ec92f8830,c4,False,train,assistant,natural_slot,91,41,85,90,False
llama3.1-8b,transfer,f0e7cb43169c,c4,False,train,system,fixed_slot,100,61,85,99,False
llama3.1-8b,transfer,f0e7cb43169c,c4,False,train,user,fixed_slot,111,61,105,110,True
llama3.1-8b,transfer,f0e7cb43169c,c4,False,train,tool,fixed_slot,112,61,106,111,True
llama3.1-8b,transfer,f0e7cb43169c,c4,False,train,assistant,fixed_slot,111,61,105,110,True
llama3.1-8b,transfer,f0e7cb43169c,c4,False,train,system,natural_slot,100,61,85,99,False
llama3.1-8b,transfer,f0e7cb43169c,c4,False,train,user,natural_slot,102,61,96,101,False
llama3.1-8b,transfer,f0e7cb43169c,c4,False,train,tool,natural_slot,120,61,114,119,False
llama3.1-8b,transfer,f0e7cb43169c,c4,False,train,assistant,natural_slot,111,61,105,110,False
llama3.1-8b,transfer,7498838c22d4,c4,False,test,system,fixed_slot,112,73,97,111,False
llama3.1-8b,transfer,7498838c22d4,c4,False,test,user,fixed_slot,123,73,117,122,True
llama3.1-8b,transfer,7498838c22d4,c4,False,test,tool,fixed_slot,125,73,119,124,True
llama3.1-8b,transfer,7498838c22d4,c4,False,test,assistant,fixed_slot,123,73,117,122,True
llama3.1-8b,transfer,7498838c22d4,c4,False,test,system,natural_slot,112,73,97,111,False
llama3.1-8b,transfer,7498838c22d4,c4,False,test,user,natural_slot,114,73,108,113,False
llama3.1-8b,transfer,7498838c22d4,c4,False,test,tool,natural_slot,133,73,127,132,False
llama3.1-8b,transfer,7498838c22d4,c4,False,test,assistant,natural_slot,123,73,117,122,False
llama3.1-8b,transfer,24cca4a76cdc,c4,False,train,system,fixed_slot,85,46,70,84,False
llama3.1-8b,transfer,24cca4a76cdc,c4,False,train,user,fixed_slot,96,46,90,95,True
llama3.1-8b,transfer,24cca4a76cdc,c4,False,train,tool,fixed_slot,97,46,91,96,True
llama3.1-8b,transfer,24cca4a76cdc,c4,False,train,assistant,fixed_slot,96,46,90,95,True
llama3.1-8b,transfer,24cca4a76cdc,c4,False,train,system,natural_slot,85,46,70,84,False
llama3.1-8b,transfer,24cca4a76cdc,c4,False,train,user,natural_slot,87,46,81,86,False
llama3.1-8b,transfer,24cca4a76cdc,c4,False,train,tool,natural_slot,105,46,99,104,False
llama3.1-8b,transfer,24cca4a76cdc,c4,False,train,assistant,natural_slot,96,46,90,95,False
llama3.1-8b,transfer,6afbf041c32d,c4,False,train,system,fixed_slot,83,44,68,82,False
llama3.1-8b,transfer,6afbf041c32d,c4,False,train,user,fixed_slot,94,44,88,93,True
llama3.1-8b,transfer,6afbf041c32d,c4,False,train,tool,fixed_slot,96,44,90,95,True
llama3.1-8b,transfer,6afbf041c32d,c4,False,train,assistant,fixed_slot,94,44,88,93,True
llama3.1-8b,transfer,6afbf041c32d,c4,False,train,system,natural_slot,83,44,68,82,False
llama3.1-8b,transfer,6afbf041c32d,c4,False,train,user,natural_slot,85,44,79,84,False
llama3.1-8b,transfer,6afbf041c32d,c4,False,train,tool,natural_slot,104,44,98,103,False
llama3.1-8b,transfer,6afbf041c32d,c4,False,train,assistant,natural_slot,94,44,88,93,False
llama3.1-8b,transfer,bbfd8ce77e21,c4,False,train,system,fixed_slot,118,79,103,117,False
llama3.1-8b,transfer,bbfd8ce77e21,c4,False,train,user,fixed_slot,129,79,123,128,True
llama3.1-8b,transfer,bbfd8ce77e21,c4,False,train,tool,fixed_slot,132,79,125,131,True
llama3.1-8b,transfer,bbfd8ce77e21,c4,False,train,assistant,fixed_slot,129,79,123,128,True
llama3.1-8b,transfer,bbfd8ce77e21,c4,False,train,system,natural_slot,118,79,103,117,False
llama3.1-8b,transfer,bbfd8ce77e21,c4,False,train,user,natural_slot,120,79,114,119,False
llama3.1-8b,transfer,bbfd8ce77e21,c4,False,train,tool,natural_slot,140,79,133,139,False
llama3.1-8b,transfer,bbfd8ce77e21,c4,False,train,assistant,natural_slot,129,79,123,128,False
llama3.1-8b,transfer,be8fa59d7a51,c4,False,test,system,fixed_slot,82,43,67,81,False
llama3.1-8b,transfer,be8fa59d7a51,c4,False,test,user,fixed_slot,93,43,87,92,True
llama3.1-8b,transfer,be8fa59d7a51,c4,False,test,tool,fixed_slot,94,43,88,93,True
llama3.1-8b,transfer,be8fa59d7a51,c4,False,test,assistant,fixed_slot,93,43,87,92,True
llama3.1-8b,transfer,be8fa59d7a51,c4,False,test,system,natural_slot,82,43,67,81,False
llama3.1-8b,transfer,be8fa59d7a51,c4,False,test,user,natural_slot,84,43,78,83,False
llama3.1-8b,transfer,be8fa59d7a51,c4,False,test,tool,natural_slot,102,43,96,101,False
llama3.1-8b,transfer,be8fa59d7a51,c4,False,test,assistant,natural_slot,93,43,87,92,False
llama3.1-8b,transfer,b43029a1c01c,c4,False,test,system,fixed_slot,77,38,62,76,False
llama3.1-8b,transfer,b43029a1c01c,c4,False,test,user,fixed_slot,88,38,82,87,True
llama3.1-8b,transfer,b43029a1c01c,c4,False,test,tool,fixed_slot,89,38,83,88,True
llama3.1-8b,transfer,b43029a1c01c,c4,False,test,assistant,fixed_slot,88,38,82,87,True
llama3.1-8b,transfer,b43029a1c01c,c4,False,test,system,natural_slot,77,38,62,76,False
llama3.1-8b,transfer,b43029a1c01c,c4,False,test,user,natural_slot,79,38,73,78,False
llama3.1-8b,transfer,b43029a1c01c,c4,False,test,tool,natural_slot,97,38,91,96,False
llama3.1-8b,transfer,b43029a1c01c,c4,False,test,assistant,natural_slot,88,38,82,87,False
llama3.1-8b,transfer,2844a6a49efc,c4,False,train,system,fixed_slot,93,54,78,92,False
llama3.1-8b,transfer,2844a6a49efc,c4,False,train,user,fixed_slot,104,54,98,103,True
llama3.1-8b,transfer,2844a6a49efc,c4,False,train,tool,fixed_slot,106,54,100,105,True
llama3.1-8b,transfer,2844a6a49efc,c4,False,train,assistant,fixed_slot,104,54,98,103,True
llama3.1-8b,transfer,2844a6a49efc,c4,False,train,system,natural_slot,93,54,78,92,False
llama3.1-8b,transfer,2844a6a49efc,c4,False,train,user,natural_slot,95,54,89,94,False
llama3.1-8b,transfer,2844a6a49efc,c4,False,train,tool,natural_slot,114,54,108,113,False
llama3.1-8b,transfer,2844a6a49efc,c4,False,train,assistant,natural_slot,104,54,98,103,False
llama3.1-8b,transfer,13aacc9d2208,c4,False,train,system,fixed_slot,120,81,105,119,False
llama3.1-8b,transfer,13aacc9d2208,c4,False,train,user,fixed_slot,131,81,125,130,True
llama3.1-8b,transfer,13aacc9d2208,c4,False,train,tool,fixed_slot,133,81,126,132,True
llama3.1-8b,transfer,13aacc9d2208,c4,False,train,assistant,fixed_slot,131,81,125,130,True
llama3.1-8b,transfer,13aacc9d2208,c4,False,train,system,natural_slot,120,81,105,119,False
llama3.1-8b,transfer,13aacc9d2208,c4,False,train,user,natural_slot,122,81,116,121,False
llama3.1-8b,transfer,13aacc9d2208,c4,False,train,tool,natural_slot,141,81,134,140,False
llama3.1-8b,transfer,13aacc9d2208,c4,False,train,assistant,natural_slot,131,81,125,130,False
llama3.1-8b,transfer,3cf7c121bf85,c4,False,train,system,fixed_slot,85,46,70,84,False
llama3.1-8b,transfer,3cf7c121bf85,c4,False,train,user,fixed_slot,96,46,90,95,True
llama3.1-8b,transfer,3cf7c121bf85,c4,False,train,tool,fixed_slot,97,46,91,96,True
llama3.1-8b,transfer,3cf7c121bf85,c4,False,train,assistant,fixed_slot,96,46,90,95,True
llama3.1-8b,transfer,3cf7c121bf85,c4,False,train,system,natural_slot,85,46,70,84,False
llama3.1-8b,transfer,3cf7c121bf85,c4,False,train,user,natural_slot,87,46,81,86,False
llama3.1-8b,transfer,3cf7c121bf85,c4,False,train,tool,natural_slot,105,46,99,104,False
llama3.1-8b,transfer,3cf7c121bf85,c4,False,train,assistant,natural_slot,96,46,90,95,False
llama3.1-8b,transfer,fe06060dcd62,c4,False,train,system,fixed_slot,100,61,85,99,False
llama3.1-8b,transfer,fe06060dcd62,c4,False,train,user,fixed_slot,111,61,105,110,True
llama3.1-8b,transfer,fe06060dcd62,c4,False,train,tool,fixed_slot,112,61,106,111,True
llama3.1-8b,transfer,fe06060dcd62,c4,False,train,assistant,fixed_slot,111,61,105,110,True
llama3.1-8b,transfer,fe06060dcd62,c4,False,train,system,natural_slot,100,61,85,99,False
llama3.1-8b,transfer,fe06060dcd62,c4,False,train,user,natural_slot,102,61,96,101,False
llama3.1-8b,transfer,fe06060dcd62,c4,False,train,tool,natural_slot,120,61,114,119,False
llama3.1-8b,transfer,fe06060dcd62,c4,False,train,assistant,natural_slot,111,61,105,110,False
llama3.1-8b,transfer,e35a87730cd8,c4,False,train,system,fixed_slot,109,70,94,108,False
llama3.1-8b,transfer,e35a87730cd8,c4,False,train,user,fixed_slot,120,70,114,119,True
llama3.1-8b,transfer,e35a87730cd8,c4,False,train,tool,fixed_slot,122,70,116,121,True
llama3.1-8b,transfer,e35a87730cd8,c4,False,train,assistant,fixed_slot,120,70,114,119,True
llama3.1-8b,transfer,e35a87730cd8,c4,False,train,system,natural_slot,109,70,94,108,False
llama3.1-8b,transfer,e35a87730cd8,c4,False,train,user,natural_slot,111,70,105,110,False
llama3.1-8b,transfer,e35a87730cd8,c4,False,train,tool,natural_slot,130,70,124,129,False
llama3.1-8b,transfer,e35a87730cd8,c4,False,train,assistant,natural_slot,120,70,114,119,False
llama3.1-8b,transfer,f31fc60da501,c4,False,train,system,fixed_slot,105,66,90,104,False
llama3.1-8b,transfer,f31fc60da501,c4,False,train,user,fixed_slot,116,66,110,115,True
llama3.1-8b,transfer,f31fc60da501,c4,False,train,tool,fixed_slot,117,66,111,116,True
llama3.1-8b,transfer,f31fc60da501,c4,False,train,assistant,fixed_slot,116,66,110,115,True
llama3.1-8b,transfer,f31fc60da501,c4,False,train,system,natural_slot,105,66,90,104,False
llama3.1-8b,transfer,f31fc60da501,c4,False,train,user,natural_slot,107,66,101,106,False
llama3.1-8b,transfer,f31fc60da501,c4,False,train,tool,natural_slot,125,66,119,124,False
llama3.1-8b,transfer,f31fc60da501,c4,False,train,assistant,natural_slot,116,66,110,115,False
llama3.1-8b,transfer,acd83ec38e5f,c4,False,train,system,fixed_slot,138,99,123,137,False
llama3.1-8b,transfer,acd83ec38e5f,c4,False,train,user,fixed_slot,149,99,143,148,True
llama3.1-8b,transfer,acd83ec38e5f,c4,False,train,tool,fixed_slot,150,99,144,149,True
llama3.1-8b,transfer,acd83ec38e5f,c4,False,train,assistant,fixed_slot,149,99,143,148,True
llama3.1-8b,transfer,acd83ec38e5f,c4,False,train,system,natural_slot,138,99,123,137,False
llama3.1-8b,transfer,acd83ec38e5f,c4,False,train,user,natural_slot,140,99,134,139,False
llama3.1-8b,transfer,acd83ec38e5f,c4,False,train,tool,natural_slot,158,99,152,157,False
llama3.1-8b,transfer,acd83ec38e5f,c4,False,train,assistant,natural_slot,149,99,143,148,False
llama3.1-8b,transfer,a532c6da0701,c4,False,train,system,fixed_slot,72,33,57,71,False
llama3.1-8b,transfer,a532c6da0701,c4,False,train,user,fixed_slot,83,33,77,82,True
llama3.1-8b,transfer,a532c6da0701,c4,False,train,tool,fixed_slot,85,33,79,84,True
llama3.1-8b,transfer,a532c6da0701,c4,False,train,assistant,fixed_slot,83,33,77,82,True
llama3.1-8b,transfer,a532c6da0701,c4,False,train,system,natural_slot,72,33,57,71,False
llama3.1-8b,transfer,a532c6da0701,c4,False,train,user,natural_slot,74,33,68,73,False
llama3.1-8b,transfer,a532c6da0701,c4,False,train,tool,natural_slot,93,33,87,92,False
llama3.1-8b,transfer,a532c6da0701,c4,False,train,assistant,natural_slot,83,33,77,82,False
llama3.1-8b,transfer,5ea4776161d6,c4,False,train,system,fixed_slot,72,33,57,71,False
llama3.1-8b,transfer,5ea4776161d6,c4,False,train,user,fixed_slot,83,33,77,82,True
llama3.1-8b,transfer,5ea4776161d6,c4,False,train,tool,fixed_slot,84,33,78,83,True
llama3.1-8b,transfer,5ea4776161d6,c4,False,train,assistant,fixed_slot,83,33,77,82,True
llama3.1-8b,transfer,5ea4776161d6,c4,False,train,system,natural_slot,72,33,57,71,False
llama3.1-8b,transfer,5ea4776161d6,c4,False,train,user,natural_slot,74,33,68,73,False
llama3.1-8b,transfer,5ea4776161d6,c4,False,train,tool,natural_slot,92,33,86,91,False
llama3.1-8b,transfer,5ea4776161d6,c4,False,train,assistant,natural_slot,83,33,77,82,False
llama3.1-8b,transfer,88d3dec285f3,c4,False,train,system,fixed_slot,108,69,93,107,False
llama3.1-8b,transfer,88d3dec285f3,c4,False,train,user,fixed_slot,119,69,113,118,True
llama3.1-8b,transfer,88d3dec285f3,c4,False,train,tool,fixed_slot,121,69,114,120,True
llama3.1-8b,transfer,88d3dec285f3,c4,False,train,assistant,fixed_slot,119,69,113,118,True
llama3.1-8b,transfer,88d3dec285f3,c4,False,train,system,natural_slot,108,69,93,107,False
llama3.1-8b,transfer,88d3dec285f3,c4,False,train,user,natural_slot,110,69,104,109,False
llama3.1-8b,transfer,88d3dec285f3,c4,False,train,tool,natural_slot,129,69,122,128,False
llama3.1-8b,transfer,88d3dec285f3,c4,False,train,assistant,natural_slot,119,69,113,118,False
llama3.1-8b,transfer,2b94fd940d7e,c4,False,test,system,fixed_slot,108,69,93,107,False
llama3.1-8b,transfer,2b94fd940d7e,c4,False,test,user,fixed_slot,119,69,113,118,True
llama3.1-8b,transfer,2b94fd940d7e,c4,False,test,tool,fixed_slot,121,69,114,120,True
llama3.1-8b,transfer,2b94fd940d7e,c4,False,test,assistant,fixed_slot,119,69,113,118,True
llama3.1-8b,transfer,2b94fd940d7e,c4,False,test,system,natural_slot,108,69,93,107,False
llama3.1-8b,transfer,2b94fd940d7e,c4,False,test,user,natural_slot,110,69,104,109,False
llama3.1-8b,transfer,2b94fd940d7e,c4,False,test,tool,natural_slot,129,69,122,128,False
llama3.1-8b,transfer,2b94fd940d7e,c4,False,test,assistant,natural_slot,119,69,113,118,False
llama3.1-8b,transfer,24e79e5d0b4f,c4,False,train,system,fixed_slot,72,33,57,71,False
llama3.1-8b,transfer,24e79e5d0b4f,c4,False,train,user,fixed_slot,83,33,77,82,True
llama3.1-8b,transfer,24e79e5d0b4f,c4,False,train,tool,fixed_slot,85,33,79,84,True
llama3.1-8b,transfer,24e79e5d0b4f,c4,False,train,assistant,fixed_slot,83,33,77,82,True
llama3.1-8b,transfer,24e79e5d0b4f,c4,False,train,system,natural_slot,72,33,57,71,False
llama3.1-8b,transfer,24e79e5d0b4f,c4,False,train,user,natural_slot,74,33,68,73,False
llama3.1-8b,transfer,24e79e5d0b4f,c4,False,train,tool,natural_slot,93,33,87,92,False
llama3.1-8b,transfer,24e79e5d0b4f,c4,False,train,assistant,natural_slot,83,33,77,82,False
llama3.1-8b,transfer,83e91890a735,c4,False,train,system,fixed_slot,106,67,91,105,False
llama3.1-8b,transfer,83e91890a735,c4,False,train,user,fixed_slot,117,67,111,116,True
llama3.1-8b,transfer,83e91890a735,c4,False,train,tool,fixed_slot,120,67,113,119,True
llama3.1-8b,transfer,83e91890a735,c4,False,train,assistant,fixed_slot,117,67,111,116,True
llama3.1-8b,transfer,83e91890a735,c4,False,train,system,natural_slot,106,67,91,105,False
llama3.1-8b,transfer,83e91890a735,c4,False,train,user,natural_slot,108,67,102,107,False
llama3.1-8b,transfer,83e91890a735,c4,False,train,tool,natural_slot,128,67,121,127,False
llama3.1-8b,transfer,83e91890a735,c4,False,train,assistant,natural_slot,117,67,111,116,False
llama3.1-8b,transfer,107681a7f208,c4,False,train,system,fixed_slot,75,36,60,74,False
llama3.1-8b,transfer,107681a7f208,c4,False,train,user,fixed_slot,86,36,80,85,True
llama3.1-8b,transfer,107681a7f208,c4,False,train,tool,fixed_slot,88,36,82,87,True
llama3.1-8b,transfer,107681a7f208,c4,False,train,assistant,fixed_slot,86,36,80,85,True
llama3.1-8b,transfer,107681a7f208,c4,False,train,system,natural_slot,75,36,60,74,False
llama3.1-8b,transfer,107681a7f208,c4,False,train,user,natural_slot,77,36,71,76,False
llama3.1-8b,transfer,107681a7f208,c4,False,train,tool,natural_slot,96,36,90,95,False
llama3.1-8b,transfer,107681a7f208,c4,False,train,assistant,natural_slot,86,36,80,85,False
llama3.1-8b,transfer,4929cfe24b87,c4,False,test,system,fixed_slot,108,69,93,107,False
llama3.1-8b,transfer,4929cfe24b87,c4,False,test,user,fixed_slot,119,69,113,118,True
llama3.1-8b,transfer,4929cfe24b87,c4,False,test,tool,fixed_slot,120,69,114,119,True
llama3.1-8b,transfer,4929cfe24b87,c4,False,test,assistant,fixed_slot,119,69,113,118,True
llama3.1-8b,transfer,4929cfe24b87,c4,False,test,system,natural_slot,108,69,93,107,False
llama3.1-8b,transfer,4929cfe24b87,c4,False,test,user,natural_slot,110,69,104,109,False
llama3.1-8b,transfer,4929cfe24b87,c4,False,test,tool,natural_slot,128,69,122,127,False
llama3.1-8b,transfer,4929cfe24b87,c4,False,test,assistant,natural_slot,119,69,113,118,False
llama3.1-8b,transfer,1a031edb5783,c4,False,test,system,fixed_slot,123,84,108,122,False
llama3.1-8b,transfer,1a031edb5783,c4,False,test,user,fixed_slot,134,84,128,133,True
llama3.1-8b,transfer,1a031edb5783,c4,False,test,tool,fixed_slot,136,84,130,135,True
llama3.1-8b,transfer,1a031edb5783,c4,False,test,assistant,fixed_slot,134,84,128,133,True
llama3.1-8b,transfer,1a031edb5783,c4,False,test,system,natural_slot,123,84,108,122,False
llama3.1-8b,transfer,1a031edb5783,c4,False,test,user,natural_slot,125,84,119,124,False
llama3.1-8b,transfer,1a031edb5783,c4,False,test,tool,natural_slot,144,84,138,143,False
llama3.1-8b,transfer,1a031edb5783,c4,False,test,assistant,natural_slot,134,84,128,133,False
llama3.1-8b,transfer,8d7e6eec956b,c4,False,test,system,fixed_slot,149,110,134,148,False
llama3.1-8b,transfer,8d7e6eec956b,c4,False,test,user,fixed_slot,160,110,154,159,True
llama3.1-8b,transfer,8d7e6eec956b,c4,False,test,tool,fixed_slot,162,110,155,161,True
llama3.1-8b,transfer,8d7e6eec956b,c4,False,test,assistant,fixed_slot,160,110,154,159,True
llama3.1-8b,transfer,8d7e6eec956b,c4,False,test,system,natural_slot,149,110,134,148,False
llama3.1-8b,transfer,8d7e6eec956b,c4,False,test,user,natural_slot,151,110,145,150,False
llama3.1-8b,transfer,8d7e6eec956b,c4,False,test,tool,natural_slot,170,110,163,169,False
llama3.1-8b,transfer,8d7e6eec956b,c4,False,test,assistant,natural_slot,160,110,154,159,False
llama3.1-8b,transfer,45ab9cbdeaed,c4,False,test,system,fixed_slot,78,39,63,77,False
llama3.1-8b,transfer,45ab9cbdeaed,c4,False,test,user,fixed_slot,89,39,83,88,True
llama3.1-8b,transfer,45ab9cbdeaed,c4,False,test,tool,fixed_slot,91,39,85,90,True
llama3.1-8b,transfer,45ab9cbdeaed,c4,False,test,assistant,fixed_slot,89,39,83,88,True
llama3.1-8b,transfer,45ab9cbdeaed,c4,False,test,system,natural_slot,78,39,63,77,False
llama3.1-8b,transfer,45ab9cbdeaed,c4,False,test,user,natural_slot,80,39,74,79,False
llama3.1-8b,transfer,45ab9cbdeaed,c4,False,test,tool,natural_slot,99,39,93,98,False
llama3.1-8b,transfer,45ab9cbdeaed,c4,False,test,assistant,natural_slot,89,39,83,88,False
llama3.1-8b,transfer,93ceaefcaaae,c4,False,train,system,fixed_slot,93,54,78,92,False
llama3.1-8b,transfer,93ceaefcaaae,c4,False,train,user,fixed_slot,104,54,98,103,True
llama3.1-8b,transfer,93ceaefcaaae,c4,False,train,tool,fixed_slot,106,54,100,105,True
llama3.1-8b,transfer,93ceaefcaaae,c4,False,train,assistant,fixed_slot,104,54,98,103,True
llama3.1-8b,transfer,93ceaefcaaae,c4,False,train,system,natural_slot,93,54,78,92,False
llama3.1-8b,transfer,93ceaefcaaae,c4,False,train,user,natural_slot,95,54,89,94,False
llama3.1-8b,transfer,93ceaefcaaae,c4,False,train,tool,natural_slot,114,54,108,113,False
llama3.1-8b,transfer,93ceaefcaaae,c4,False,train,assistant,natural_slot,104,54,98,103,False
llama3.1-8b,transfer,5ea1b5efb60c,c4,False,train,system,fixed_slot,82,43,67,81,False
llama3.1-8b,transfer,5ea1b5efb60c,c4,False,train,user,fixed_slot,93,43,87,92,True
llama3.1-8b,transfer,5ea1b5efb60c,c4,False,train,tool,fixed_slot,95,43,89,94,True
llama3.1-8b,transfer,5ea1b5efb60c,c4,False,train,assistant,fixed_slot,93,43,87,92,True
llama3.1-8b,transfer,5ea1b5efb60c,c4,False,train,system,natural_slot,82,43,67,81,False
llama3.1-8b,transfer,5ea1b5efb60c,c4,False,train,user,natural_slot,84,43,78,83,False
llama3.1-8b,transfer,5ea1b5efb60c,c4,False,train,tool,natural_slot,103,43,97,102,False
llama3.1-8b,transfer,5ea1b5efb60c,c4,False,train,assistant,natural_slot,93,43,87,92,False
llama3.1-8b,transfer,97debf0590a2,c4,False,train,system,fixed_slot,115,76,100,114,False
llama3.1-8b,transfer,97debf0590a2,c4,False,train,user,fixed_slot,126,76,120,125,True
llama3.1-8b,transfer,97debf0590a2,c4,False,train,tool,fixed_slot,128,76,121,127,True
llama3.1-8b,transfer,97debf0590a2,c4,False,train,assistant,fixed_slot,126,76,120,125,True
llama3.1-8b,transfer,97debf0590a2,c4,False,train,system,natural_slot,115,76,100,114,False
llama3.1-8b,transfer,97debf0590a2,c4,False,train,user,natural_slot,117,76,111,116,False
llama3.1-8b,transfer,97debf0590a2,c4,False,train,tool,natural_slot,136,76,129,135,False
llama3.1-8b,transfer,97debf0590a2,c4,False,train,assistant,natural_slot,126,76,120,125,False
llama3.1-8b,transfer,0e562ba8a53a,c4,False,train,system,fixed_slot,87,48,72,86,False
llama3.1-8b,transfer,0e562ba8a53a,c4,False,train,user,fixed_slot,98,48,92,97,True
llama3.1-8b,transfer,0e562ba8a53a,c4,False,train,tool,fixed_slot,99,48,93,98,True
llama3.1-8b,transfer,0e562ba8a53a,c4,False,train,assistant,fixed_slot,98,48,92,97,True
llama3.1-8b,transfer,0e562ba8a53a,c4,False,train,system,natural_slot,87,48,72,86,False
llama3.1-8b,transfer,0e562ba8a53a,c4,False,train,user,natural_slot,89,48,83,88,False
llama3.1-8b,transfer,0e562ba8a53a,c4,False,train,tool,natural_slot,107,48,101,106,False
llama3.1-8b,transfer,0e562ba8a53a,c4,False,train,assistant,natural_slot,98,48,92,97,False
llama3.1-8b,transfer,adf158b8caa8,c4,False,train,system,fixed_slot,119,80,104,118,False
llama3.1-8b,transfer,adf158b8caa8,c4,False,train,user,fixed_slot,130,80,124,129,True
llama3.1-8b,transfer,adf158b8caa8,c4,False,train,tool,fixed_slot,133,80,126,132,True
llama3.1-8b,transfer,adf158b8caa8,c4,False,train,assistant,fixed_slot,130,80,124,129,True
llama3.1-8b,transfer,adf158b8caa8,c4,False,train,system,natural_slot,119,80,104,118,False
llama3.1-8b,transfer,adf158b8caa8,c4,False,train,user,natural_slot,121,80,115,120,False
llama3.1-8b,transfer,adf158b8caa8,c4,False,train,tool,natural_slot,141,80,134,140,False
llama3.1-8b,transfer,adf158b8caa8,c4,False,train,assistant,natural_slot,130,80,124,129,False
llama3.1-8b,transfer,1771287f91f9,c4,False,train,system,fixed_slot,102,63,87,101,False
llama3.1-8b,transfer,1771287f91f9,c4,False,train,user,fixed_slot,113,63,107,112,True
llama3.1-8b,transfer,1771287f91f9,c4,False,train,tool,fixed_slot,115,63,109,114,True
llama3.1-8b,transfer,1771287f91f9,c4,False,train,assistant,fixed_slot,113,63,107,112,True
llama3.1-8b,transfer,1771287f91f9,c4,False,train,system,natural_slot,102,63,87,101,False
llama3.1-8b,transfer,1771287f91f9,c4,False,train,user,natural_slot,104,63,98,103,False
llama3.1-8b,transfer,1771287f91f9,c4,False,train,tool,natural_slot,123,63,117,122,False
llama3.1-8b,transfer,1771287f91f9,c4,False,train,assistant,natural_slot,113,63,107,112,False
llama3.1-8b,transfer,c9c70c4a0471,c4,False,test,system,fixed_slot,88,49,73,87,False
llama3.1-8b,transfer,c9c70c4a0471,c4,False,test,user,fixed_slot,99,49,93,98,True
llama3.1-8b,transfer,c9c70c4a0471,c4,False,test,tool,fixed_slot,101,49,95,100,True
llama3.1-8b,transfer,c9c70c4a0471,c4,False,test,assistant,fixed_slot,99,49,93,98,True
llama3.1-8b,transfer,c9c70c4a0471,c4,False,test,system,natural_slot,88,49,73,87,False
llama3.1-8b,transfer,c9c70c4a0471,c4,False,test,user,natural_slot,90,49,84,89,False
llama3.1-8b,transfer,c9c70c4a0471,c4,False,test,tool,natural_slot,109,49,103,108,False
llama3.1-8b,transfer,c9c70c4a0471,c4,False,test,assistant,natural_slot,99,49,93,98,False
llama3.1-8b,transfer,bf908a052173,c4,False,test,system,fixed_slot,106,67,91,105,False
llama3.1-8b,transfer,bf908a052173,c4,False,test,user,fixed_slot,117,67,111,116,True
llama3.1-8b,transfer,bf908a052173,c4,False,test,tool,fixed_slot,120,67,113,119,True
llama3.1-8b,transfer,bf908a052173,c4,False,test,assistant,fixed_slot,117,67,111,116,True
llama3.1-8b,transfer,bf908a052173,c4,False,test,system,natural_slot,106,67,91,105,False
llama3.1-8b,transfer,bf908a052173,c4,False,test,user,natural_slot,108,67,102,107,False
llama3.1-8b,transfer,bf908a052173,c4,False,test,tool,natural_slot,128,67,121,127,False
llama3.1-8b,transfer,bf908a052173,c4,False,test,assistant,natural_slot,117,67,111,116,False
llama3.1-8b,transfer,8dd223557f42,c4,False,test,system,fixed_slot,115,76,100,114,False
llama3.1-8b,transfer,8dd223557f42,c4,False,test,user,fixed_slot,126,76,120,125,True
llama3.1-8b,transfer,8dd223557f42,c4,False,test,tool,fixed_slot,128,76,121,127,True
llama3.1-8b,transfer,8dd223557f42,c4,False,test,assistant,fixed_slot,126,76,120,125,True
llama3.1-8b,transfer,8dd223557f42,c4,False,test,system,natural_slot,115,76,100,114,False
llama3.1-8b,transfer,8dd223557f42,c4,False,test,user,natural_slot,117,76,111,116,False
llama3.1-8b,transfer,8dd223557f42,c4,False,test,tool,natural_slot,136,76,129,135,False
llama3.1-8b,transfer,8dd223557f42,c4,False,test,assistant,natural_slot,126,76,120,125,False
llama3.1-8b,transfer,c69d6c4e2260,c4,False,train,system,fixed_slot,120,81,105,119,False
llama3.1-8b,transfer,c69d6c4e2260,c4,False,train,user,fixed_slot,131,81,125,130,True
llama3.1-8b,transfer,c69d6c4e2260,c4,False,train,tool,fixed_slot,134,81,127,133,True
llama3.1-8b,transfer,c69d6c4e2260,c4,False,train,assistant,fixed_slot,131,81,125,130,True
llama3.1-8b,transfer,c69d6c4e2260,c4,False,train,system,natural_slot,120,81,105,119,False
llama3.1-8b,transfer,c69d6c4e2260,c4,False,train,user,natural_slot,122,81,116,121,False
llama3.1-8b,transfer,c69d6c4e2260,c4,False,train,tool,natural_slot,142,81,135,141,False
llama3.1-8b,transfer,c69d6c4e2260,c4,False,train,assistant,natural_slot,131,81,125,130,False
llama3.1-8b,transfer,e6609c0c79a6,c4,False,train,system,fixed_slot,117,78,102,116,False
llama3.1-8b,transfer,e6609c0c79a6,c4,False,train,user,fixed_slot,128,78,122,127,True
llama3.1-8b,transfer,e6609c0c79a6,c4,False,train,tool,fixed_slot,131,78,124,130,True
llama3.1-8b,transfer,e6609c0c79a6,c4,False,train,assistant,fixed_slot,128,78,122,127,True
llama3.1-8b,transfer,e6609c0c79a6,c4,False,train,system,natural_slot,117,78,102,116,False
llama3.1-8b,transfer,e6609c0c79a6,c4,False,train,user,natural_slot,119,78,113,118,False
llama3.1-8b,transfer,e6609c0c79a6,c4,False,train,tool,natural_slot,139,78,132,138,False
llama3.1-8b,transfer,e6609c0c79a6,c4,False,train,assistant,natural_slot,128,78,122,127,False
llama3.1-8b,transfer,950b0df5b179,c4,False,test,system,fixed_slot,99,60,84,98,False
llama3.1-8b,transfer,950b0df5b179,c4,False,test,user,fixed_slot,110,60,104,109,True
llama3.1-8b,transfer,950b0df5b179,c4,False,test,tool,fixed_slot,111,60,105,110,True
llama3.1-8b,transfer,950b0df5b179,c4,False,test,assistant,fixed_slot,110,60,104,109,True
llama3.1-8b,transfer,950b0df5b179,c4,False,test,system,natural_slot,99,60,84,98,False
llama3.1-8b,transfer,950b0df5b179,c4,False,test,user,natural_slot,101,60,95,100,False
llama3.1-8b,transfer,950b0df5b179,c4,False,test,tool,natural_slot,119,60,113,118,False
llama3.1-8b,transfer,950b0df5b179,c4,False,test,assistant,natural_slot,110,60,104,109,False
llama3.1-8b,transfer,67708f2271c8,c4,False,train,system,fixed_slot,106,67,91,105,False
llama3.1-8b,transfer,67708f2271c8,c4,False,train,user,fixed_slot,117,67,111,116,True
llama3.1-8b,transfer,67708f2271c8,c4,False,train,tool,fixed_slot,119,67,113,118,True
llama3.1-8b,transfer,67708f2271c8,c4,False,train,assistant,fixed_slot,117,67,111,116,True
llama3.1-8b,transfer,67708f2271c8,c4,False,train,system,natural_slot,106,67,91,105,False
llama3.1-8b,transfer,67708f2271c8,c4,False,train,user,natural_slot,108,67,102,107,False
llama3.1-8b,transfer,67708f2271c8,c4,False,train,tool,natural_slot,127,67,121,126,False
llama3.1-8b,transfer,67708f2271c8,c4,False,train,assistant,natural_slot,117,67,111,116,False
llama3.1-8b,transfer,c494264192d4,c4,False,train,system,fixed_slot,122,83,107,121,False
llama3.1-8b,transfer,c494264192d4,c4,False,train,user,fixed_slot,133,83,127,132,True
llama3.1-8b,transfer,c494264192d4,c4,False,train,tool,fixed_slot,135,83,128,134,True
llama3.1-8b,transfer,c494264192d4,c4,False,train,assistant,fixed_slot,133,83,127,132,True
llama3.1-8b,transfer,c494264192d4,c4,False,train,system,natural_slot,122,83,107,121,False
llama3.1-8b,transfer,c494264192d4,c4,False,train,user,natural_slot,124,83,118,123,False
llama3.1-8b,transfer,c494264192d4,c4,False,train,tool,natural_slot,143,83,136,142,False
llama3.1-8b,transfer,c494264192d4,c4,False,train,assistant,natural_slot,133,83,127,132,False
llama3.1-8b,transfer,086872349e17,c4,False,train,system,fixed_slot,105,66,90,104,False
llama3.1-8b,transfer,086872349e17,c4,False,train,user,fixed_slot,116,66,110,115,True
llama3.1-8b,transfer,086872349e17,c4,False,train,tool,fixed_slot,119,67,113,118,True
llama3.1-8b,transfer,086872349e17,c4,False,train,assistant,fixed_slot,116,66,110,115,True
llama3.1-8b,transfer,086872349e17,c4,False,train,system,natural_slot,105,66,90,104,False
llama3.1-8b,transfer,086872349e17,c4,False,train,user,natural_slot,107,66,101,106,False
llama3.1-8b,transfer,086872349e17,c4,False,train,tool,natural_slot,127,67,121,126,False
llama3.1-8b,transfer,086872349e17,c4,False,train,assistant,natural_slot,116,66,110,115,False
llama3.1-8b,transfer,f3f6de88ca7f,c4,False,train,system,fixed_slot,113,74,98,112,False
llama3.1-8b,transfer,f3f6de88ca7f,c4,False,train,user,fixed_slot,124,74,118,123,True
llama3.1-8b,transfer,f3f6de88ca7f,c4,False,train,tool,fixed_slot,126,74,120,125,True
llama3.1-8b,transfer,f3f6de88ca7f,c4,False,train,assistant,fixed_slot,124,74,118,123,True
llama3.1-8b,transfer,f3f6de88ca7f,c4,False,train,system,natural_slot,113,74,98,112,False
llama3.1-8b,transfer,f3f6de88ca7f,c4,False,train,user,natural_slot,115,74,109,114,False
llama3.1-8b,transfer,f3f6de88ca7f,c4,False,train,tool,natural_slot,134,74,128,133,False
llama3.1-8b,transfer,f3f6de88ca7f,c4,False,train,assistant,natural_slot,124,74,118,123,False
llama3.1-8b,transfer,09f1fded2968,c4,False,train,system,fixed_slot,83,44,68,82,False
llama3.1-8b,transfer,09f1fded2968,c4,False,train,user,fixed_slot,94,44,88,93,True
llama3.1-8b,transfer,09f1fded2968,c4,False,train,tool,fixed_slot,96,44,90,95,True
llama3.1-8b,transfer,09f1fded2968,c4,False,train,assistant,fixed_slot,94,44,88,93,True
llama3.1-8b,transfer,09f1fded2968,c4,False,train,system,natural_slot,83,44,68,82,False
llama3.1-8b,transfer,09f1fded2968,c4,False,train,user,natural_slot,85,44,79,84,False
llama3.1-8b,transfer,09f1fded2968,c4,False,train,tool,natural_slot,104,44,98,103,False
llama3.1-8b,transfer,09f1fded2968,c4,False,train,assistant,natural_slot,94,44,88,93,False
llama3.1-8b,transfer,a630f3721609,c4,False,train,system,fixed_slot,93,54,78,92,False
llama3.1-8b,transfer,a630f3721609,c4,False,train,user,fixed_slot,104,54,98,103,True
llama3.1-8b,transfer,a630f3721609,c4,False,train,tool,fixed_slot,106,54,100,105,True
llama3.1-8b,transfer,a630f3721609,c4,False,train,assistant,fixed_slot,104,54,98,103,True
llama3.1-8b,transfer,a630f3721609,c4,False,train,system,natural_slot,93,54,78,92,False
llama3.1-8b,transfer,a630f3721609,c4,False,train,user,natural_slot,95,54,89,94,False
llama3.1-8b,transfer,a630f3721609,c4,False,train,tool,natural_slot,114,54,108,113,False
llama3.1-8b,transfer,a630f3721609,c4,False,train,assistant,natural_slot,104,54,98,103,False
llama3.1-8b,transfer,c1827282d91e,c4,False,train,system,fixed_slot,112,73,97,111,False
llama3.1-8b,transfer,c1827282d91e,c4,False,train,user,fixed_slot,123,73,117,122,True
llama3.1-8b,transfer,c1827282d91e,c4,False,train,tool,fixed_slot,125,73,119,124,True
llama3.1-8b,transfer,c1827282d91e,c4,False,train,assistant,fixed_slot,123,73,117,122,True
llama3.1-8b,transfer,c1827282d91e,c4,False,train,system,natural_slot,112,73,97,111,False
llama3.1-8b,transfer,c1827282d91e,c4,False,train,user,natural_slot,114,73,108,113,False
llama3.1-8b,transfer,c1827282d91e,c4,False,train,tool,natural_slot,133,73,127,132,False
llama3.1-8b,transfer,c1827282d91e,c4,False,train,assistant,natural_slot,123,73,117,122,False
llama3.1-8b,transfer,ad296a56e678,c4,False,train,system,fixed_slot,116,77,101,115,False
llama3.1-8b,transfer,ad296a56e678,c4,False,train,user,fixed_slot,127,77,121,126,True
llama3.1-8b,transfer,ad296a56e678,c4,False,train,tool,fixed_slot,128,77,122,127,True
llama3.1-8b,transfer,ad296a56e678,c4,False,train,assistant,fixed_slot,127,77,121,126,True
llama3.1-8b,transfer,ad296a56e678,c4,False,train,system,natural_slot,116,77,101,115,False
llama3.1-8b,transfer,ad296a56e678,c4,False,train,user,natural_slot,118,77,112,117,False
llama3.1-8b,transfer,ad296a56e678,c4,False,train,tool,natural_slot,136,77,130,135,False
llama3.1-8b,transfer,ad296a56e678,c4,False,train,assistant,natural_slot,127,77,121,126,False
llama3.1-8b,transfer,1d202efec6e9,c4,False,train,system,fixed_slot,110,71,95,109,False
llama3.1-8b,transfer,1d202efec6e9,c4,False,train,user,fixed_slot,121,71,115,120,True
llama3.1-8b,transfer,1d202efec6e9,c4,False,train,tool,fixed_slot,123,71,116,122,True
llama3.1-8b,transfer,1d202efec6e9,c4,False,train,assistant,fixed_slot,121,71,115,120,True
llama3.1-8b,transfer,1d202efec6e9,c4,False,train,system,natural_slot,110,71,95,109,False
llama3.1-8b,transfer,1d202efec6e9,c4,False,train,user,natural_slot,112,71,106,111,False
llama3.1-8b,transfer,1d202efec6e9,c4,False,train,tool,natural_slot,131,71,124,130,False
llama3.1-8b,transfer,1d202efec6e9,c4,False,train,assistant,natural_slot,121,71,115,120,False
llama3.1-8b,transfer,868a723f0d54,c4,False,train,system,fixed_slot,103,64,88,102,False
llama3.1-8b,transfer,868a723f0d54,c4,False,train,user,fixed_slot,114,64,108,113,True
llama3.1-8b,transfer,868a723f0d54,c4,False,train,tool,fixed_slot,116,64,110,115,True
llama3.1-8b,transfer,868a723f0d54,c4,False,train,assistant,fixed_slot,114,64,108,113,True
llama3.1-8b,transfer,868a723f0d54,c4,False,train,system,natural_slot,103,64,88,102,False
llama3.1-8b,transfer,868a723f0d54,c4,False,train,user,natural_slot,105,64,99,104,False
llama3.1-8b,transfer,868a723f0d54,c4,False,train,tool,natural_slot,124,64,118,123,False
llama3.1-8b,transfer,868a723f0d54,c4,False,train,assistant,natural_slot,114,64,108,113,False
llama3.1-8b,transfer,75d054dd1835,c4,False,train,system,fixed_slot,120,81,105,119,False
llama3.1-8b,transfer,75d054dd1835,c4,False,train,user,fixed_slot,131,81,125,130,True
llama3.1-8b,transfer,75d054dd1835,c4,False,train,tool,fixed_slot,132,81,126,131,True
llama3.1-8b,transfer,75d054dd1835,c4,False,train,assistant,fixed_slot,131,81,125,130,True
llama3.1-8b,transfer,75d054dd1835,c4,False,train,system,natural_slot,120,81,105,119,False
llama3.1-8b,transfer,75d054dd1835,c4,False,train,user,natural_slot,122,81,116,121,False
llama3.1-8b,transfer,75d054dd1835,c4,False,train,tool,natural_slot,140,81,134,139,False
llama3.1-8b,transfer,75d054dd1835,c4,False,train,assistant,natural_slot,131,81,125,130,False
llama3.1-8b,transfer,a9e18e29e208,c4,False,train,system,fixed_slot,73,34,58,72,False
llama3.1-8b,transfer,a9e18e29e208,c4,False,train,user,fixed_slot,84,34,78,83,True
llama3.1-8b,transfer,a9e18e29e208,c4,False,train,tool,fixed_slot,86,34,80,85,True
llama3.1-8b,transfer,a9e18e29e208,c4,False,train,assistant,fixed_slot,84,34,78,83,True
llama3.1-8b,transfer,a9e18e29e208,c4,False,train,system,natural_slot,73,34,58,72,False
llama3.1-8b,transfer,a9e18e29e208,c4,False,train,user,natural_slot,75,34,69,74,False
llama3.1-8b,transfer,a9e18e29e208,c4,False,train,tool,natural_slot,94,34,88,93,False
llama3.1-8b,transfer,a9e18e29e208,c4,False,train,assistant,natural_slot,84,34,78,83,False
llama3.1-8b,transfer,21268cc05f70,c4,False,train,system,fixed_slot,118,79,103,117,False
llama3.1-8b,transfer,21268cc05f70,c4,False,train,user,fixed_slot,129,79,123,128,True
llama3.1-8b,transfer,21268cc05f70,c4,False,train,tool,fixed_slot,132,79,125,131,True
llama3.1-8b,transfer,21268cc05f70,c4,False,train,assistant,fixed_slot,129,79,123,128,True
llama3.1-8b,transfer,21268cc05f70,c4,False,train,system,natural_slot,118,79,103,117,False
llama3.1-8b,transfer,21268cc05f70,c4,False,train,user,natural_slot,120,79,114,119,False
llama3.1-8b,transfer,21268cc05f70,c4,False,train,tool,natural_slot,140,79,133,139,False
llama3.1-8b,transfer,21268cc05f70,c4,False,train,assistant,natural_slot,129,79,123,128,False
llama3.1-8b,transfer,0c43debd304b,c4,False,train,system,fixed_slot,81,42,66,80,False
llama3.1-8b,transfer,0c43debd304b,c4,False,train,user,fixed_slot,92,42,86,91,True
llama3.1-8b,transfer,0c43debd304b,c4,False,train,tool,fixed_slot,94,42,88,93,True
llama3.1-8b,transfer,0c43debd304b,c4,False,train,assistant,fixed_slot,92,42,86,91,True
llama3.1-8b,transfer,0c43debd304b,c4,False,train,system,natural_slot,81,42,66,80,False
llama3.1-8b,transfer,0c43debd304b,c4,False,train,user,natural_slot,83,42,77,82,False
llama3.1-8b,transfer,0c43debd304b,c4,False,train,tool,natural_slot,102,42,96,101,False
llama3.1-8b,transfer,0c43debd304b,c4,False,train,assistant,natural_slot,92,42,86,91,False
llama3.1-8b,transfer,902d1bf15552,c4,False,test,system,fixed_slot,110,71,95,109,False
llama3.1-8b,transfer,902d1bf15552,c4,False,test,user,fixed_slot,121,71,115,120,True
llama3.1-8b,transfer,902d1bf15552,c4,False,test,tool,fixed_slot,123,71,116,122,True
llama3.1-8b,transfer,902d1bf15552,c4,False,test,assistant,fixed_slot,121,71,115,120,True
llama3.1-8b,transfer,902d1bf15552,c4,False,test,system,natural_slot,110,71,95,109,False
llama3.1-8b,transfer,902d1bf15552,c4,False,test,user,natural_slot,112,71,106,111,False
llama3.1-8b,transfer,902d1bf15552,c4,False,test,tool,natural_slot,131,71,124,130,False
llama3.1-8b,transfer,902d1bf15552,c4,False,test,assistant,natural_slot,121,71,115,120,False
llama3.1-8b,transfer,fa0420258353,c4,False,test,system,fixed_slot,138,99,123,137,False
llama3.1-8b,transfer,fa0420258353,c4,False,test,user,fixed_slot,149,99,143,148,True
llama3.1-8b,transfer,fa0420258353,c4,False,test,tool,fixed_slot,151,99,145,150,True
llama3.1-8b,transfer,fa0420258353,c4,False,test,assistant,fixed_slot,149,99,143,148,True
llama3.1-8b,transfer,fa0420258353,c4,False,test,system,natural_slot,138,99,123,137,False
llama3.1-8b,transfer,fa0420258353,c4,False,test,user,natural_slot,140,99,134,139,False
llama3.1-8b,transfer,fa0420258353,c4,False,test,tool,natural_slot,159,99,153,158,False
llama3.1-8b,transfer,fa0420258353,c4,False,test,assistant,natural_slot,149,99,143,148,False
llama3.1-8b,transfer,694f9f0656c5,c4,False,train,system,fixed_slot,106,67,91,105,False
llama3.1-8b,transfer,694f9f0656c5,c4,False,train,user,fixed_slot,117,67,111,116,True
llama3.1-8b,transfer,694f9f0656c5,c4,False,train,tool,fixed_slot,120,67,113,119,True
llama3.1-8b,transfer,694f9f0656c5,c4,False,train,assistant,fixed_slot,117,67,111,116,True
llama3.1-8b,transfer,694f9f0656c5,c4,False,train,system,natural_slot,106,67,91,105,False
llama3.1-8b,transfer,694f9f0656c5,c4,False,train,user,natural_slot,108,67,102,107,False
llama3.1-8b,transfer,694f9f0656c5,c4,False,train,tool,natural_slot,128,67,121,127,False
llama3.1-8b,transfer,694f9f0656c5,c4,False,train,assistant,natural_slot,117,67,111,116,False
llama3.1-8b,transfer,56a4529764e9,c4,False,train,system,fixed_slot,73,34,58,72,False
llama3.1-8b,transfer,56a4529764e9,c4,False,train,user,fixed_slot,84,34,78,83,True
llama3.1-8b,transfer,56a4529764e9,c4,False,train,tool,fixed_slot,86,34,80,85,True
llama3.1-8b,transfer,56a4529764e9,c4,False,train,assistant,fixed_slot,84,34,78,83,True
llama3.1-8b,transfer,56a4529764e9,c4,False,train,system,natural_slot,73,34,58,72,False
llama3.1-8b,transfer,56a4529764e9,c4,False,train,user,natural_slot,75,34,69,74,False
llama3.1-8b,transfer,56a4529764e9,c4,False,train,tool,natural_slot,94,34,88,93,False
llama3.1-8b,transfer,56a4529764e9,c4,False,train,assistant,natural_slot,84,34,78,83,False
llama3.1-8b,transfer,e12f4001d282,c4,False,train,system,fixed_slot,93,54,78,92,False
llama3.1-8b,transfer,e12f4001d282,c4,False,train,user,fixed_slot,104,54,98,103,True
llama3.1-8b,transfer,e12f4001d282,c4,False,train,tool,fixed_slot,106,54,100,105,True
llama3.1-8b,transfer,e12f4001d282,c4,False,train,assistant,fixed_slot,104,54,98,103,True
llama3.1-8b,transfer,e12f4001d282,c4,False,train,system,natural_slot,93,54,78,92,False
llama3.1-8b,transfer,e12f4001d282,c4,False,train,user,natural_slot,95,54,89,94,False
llama3.1-8b,transfer,e12f4001d282,c4,False,train,tool,natural_slot,114,54,108,113,False
llama3.1-8b,transfer,e12f4001d282,c4,False,train,assistant,natural_slot,104,54,98,103,False
llama3.1-8b,transfer,0b6cc92e1e5f,c4,False,train,system,fixed_slot,118,79,103,117,False
llama3.1-8b,transfer,0b6cc92e1e5f,c4,False,train,user,fixed_slot,129,79,123,128,True
llama3.1-8b,transfer,0b6cc92e1e5f,c4,False,train,tool,fixed_slot,131,79,124,130,True
llama3.1-8b,transfer,0b6cc92e1e5f,c4,False,train,assistant,fixed_slot,129,79,123,128,True
llama3.1-8b,transfer,0b6cc92e1e5f,c4,False,train,system,natural_slot,118,79,103,117,False
llama3.1-8b,transfer,0b6cc92e1e5f,c4,False,train,user,natural_slot,120,79,114,119,False
llama3.1-8b,transfer,0b6cc92e1e5f,c4,False,train,tool,natural_slot,139,79,132,138,False
llama3.1-8b,transfer,0b6cc92e1e5f,c4,False,train,assistant,natural_slot,129,79,123,128,False
llama3.1-8b,transfer,84ae9d493158,c4,False,test,system,fixed_slot,105,66,90,104,False
llama3.1-8b,transfer,84ae9d493158,c4,False,test,user,fixed_slot,116,66,110,115,True
llama3.1-8b,transfer,84ae9d493158,c4,False,test,tool,fixed_slot,117,66,111,116,True
llama3.1-8b,transfer,84ae9d493158,c4,False,test,assistant,fixed_slot,116,66,110,115,True
llama3.1-8b,transfer,84ae9d493158,c4,False,test,system,natural_slot,105,66,90,104,False
llama3.1-8b,transfer,84ae9d493158,c4,False,test,user,natural_slot,107,66,101,106,False
llama3.1-8b,transfer,84ae9d493158,c4,False,test,tool,natural_slot,125,66,119,124,False
llama3.1-8b,transfer,84ae9d493158,c4,False,test,assistant,natural_slot,116,66,110,115,False
llama3.1-8b,transfer,ce8315037c8f,c4,False,train,system,fixed_slot,71,32,56,70,False
llama3.1-8b,transfer,ce8315037c8f,c4,False,train,user,fixed_slot,82,32,76,81,True
llama3.1-8b,transfer,ce8315037c8f,c4,False,train,tool,fixed_slot,83,32,77,82,True
llama3.1-8b,transfer,ce8315037c8f,c4,False,train,assistant,fixed_slot,82,32,76,81,True
llama3.1-8b,transfer,ce8315037c8f,c4,False,train,system,natural_slot,71,32,56,70,False
llama3.1-8b,transfer,ce8315037c8f,c4,False,train,user,natural_slot,73,32,67,72,False
llama3.1-8b,transfer,ce8315037c8f,c4,False,train,tool,natural_slot,91,32,85,90,False
llama3.1-8b,transfer,ce8315037c8f,c4,False,train,assistant,natural_slot,82,32,76,81,False
llama3.1-8b,transfer,97161dc9659d,c4,False,train,system,fixed_slot,104,65,89,103,False
llama3.1-8b,transfer,97161dc9659d,c4,False,train,user,fixed_slot,115,65,109,114,True
llama3.1-8b,transfer,97161dc9659d,c4,False,train,tool,fixed_slot,116,65,110,115,True
llama3.1-8b,transfer,97161dc9659d,c4,False,train,assistant,fixed_slot,115,65,109,114,True
llama3.1-8b,transfer,97161dc9659d,c4,False,train,system,natural_slot,104,65,89,103,False
llama3.1-8b,transfer,97161dc9659d,c4,False,train,user,natural_slot,106,65,100,105,False
llama3.1-8b,transfer,97161dc9659d,c4,False,train,tool,natural_slot,124,65,118,123,False
llama3.1-8b,transfer,97161dc9659d,c4,False,train,assistant,natural_slot,115,65,109,114,False
llama3.1-8b,transfer,f9302fc61fff,c4,False,train,system,fixed_slot,84,45,69,83,False
llama3.1-8b,transfer,f9302fc61fff,c4,False,train,user,fixed_slot,95,45,89,94,True
llama3.1-8b,transfer,f9302fc61fff,c4,False,train,tool,fixed_slot,97,45,91,96,True
llama3.1-8b,transfer,f9302fc61fff,c4,False,train,assistant,fixed_slot,95,45,89,94,True
llama3.1-8b,transfer,f9302fc61fff,c4,False,train,system,natural_slot,84,45,69,83,False
llama3.1-8b,transfer,f9302fc61fff,c4,False,train,user,natural_slot,86,45,80,85,False
llama3.1-8b,transfer,f9302fc61fff,c4,False,train,tool,natural_slot,105,45,99,104,False
llama3.1-8b,transfer,f9302fc61fff,c4,False,train,assistant,natural_slot,95,45,89,94,False
llama3.1-8b,transfer,e1fba2fed979,c4,False,test,system,fixed_slot,79,40,64,78,False
llama3.1-8b,transfer,e1fba2fed979,c4,False,test,user,fixed_slot,90,40,84,89,True
llama3.1-8b,transfer,e1fba2fed979,c4,False,test,tool,fixed_slot,91,40,85,90,True
llama3.1-8b,transfer,e1fba2fed979,c4,False,test,assistant,fixed_slot,90,40,84,89,True
llama3.1-8b,transfer,e1fba2fed979,c4,False,test,system,natural_slot,79,40,64,78,False
llama3.1-8b,transfer,e1fba2fed979,c4,False,test,user,natural_slot,81,40,75,80,False
llama3.1-8b,transfer,e1fba2fed979,c4,False,test,tool,natural_slot,99,40,93,98,False
llama3.1-8b,transfer,e1fba2fed979,c4,False,test,assistant,natural_slot,90,40,84,89,False
llama3.1-8b,transfer,1c55406547e1,c4,False,train,system,fixed_slot,104,65,89,103,False
llama3.1-8b,transfer,1c55406547e1,c4,False,train,user,fixed_slot,115,65,109,114,True
llama3.1-8b,transfer,1c55406547e1,c4,False,train,tool,fixed_slot,118,65,111,117,True
llama3.1-8b,transfer,1c55406547e1,c4,False,train,assistant,fixed_slot,115,65,109,114,True
llama3.1-8b,transfer,1c55406547e1,c4,False,train,system,natural_slot,104,65,89,103,False
llama3.1-8b,transfer,1c55406547e1,c4,False,train,user,natural_slot,106,65,100,105,False
llama3.1-8b,transfer,1c55406547e1,c4,False,train,tool,natural_slot,126,65,119,125,False
llama3.1-8b,transfer,1c55406547e1,c4,False,train,assistant,natural_slot,115,65,109,114,False
llama3.1-8b,transfer,8013f04fb1cd,c4,False,test,system,fixed_slot,118,79,103,117,False
llama3.1-8b,transfer,8013f04fb1cd,c4,False,test,user,fixed_slot,129,79,123,128,True
llama3.1-8b,transfer,8013f04fb1cd,c4,False,test,tool,fixed_slot,131,79,125,130,True
llama3.1-8b,transfer,8013f04fb1cd,c4,False,test,assistant,fixed_slot,129,79,123,128,True
llama3.1-8b,transfer,8013f04fb1cd,c4,False,test,system,natural_slot,118,79,103,117,False
llama3.1-8b,transfer,8013f04fb1cd,c4,False,test,user,natural_slot,120,79,114,119,False
llama3.1-8b,transfer,8013f04fb1cd,c4,False,test,tool,natural_slot,139,79,133,138,False
llama3.1-8b,transfer,8013f04fb1cd,c4,False,test,assistant,natural_slot,129,79,123,128,False
llama3.1-8b,transfer,e0ac3cdc9065,c4,False,train,system,fixed_slot,113,74,98,112,False
llama3.1-8b,transfer,e0ac3cdc9065,c4,False,train,user,fixed_slot,124,74,118,123,True
llama3.1-8b,transfer,e0ac3cdc9065,c4,False,train,tool,fixed_slot,125,74,119,124,True
llama3.1-8b,transfer,e0ac3cdc9065,c4,False,train,assistant,fixed_slot,124,74,118,123,True
llama3.1-8b,transfer,e0ac3cdc9065,c4,False,train,system,natural_slot,113,74,98,112,False
llama3.1-8b,transfer,e0ac3cdc9065,c4,False,train,user,natural_slot,115,74,109,114,False
llama3.1-8b,transfer,e0ac3cdc9065,c4,False,train,tool,natural_slot,133,74,127,132,False
llama3.1-8b,transfer,e0ac3cdc9065,c4,False,train,assistant,natural_slot,124,74,118,123,False
llama3.1-8b,transfer,3c18ce7564e9,c4,False,train,system,fixed_slot,79,40,64,78,False
llama3.1-8b,transfer,3c18ce7564e9,c4,False,train,user,fixed_slot,90,40,84,89,True
llama3.1-8b,transfer,3c18ce7564e9,c4,False,train,tool,fixed_slot,91,40,85,90,True
llama3.1-8b,transfer,3c18ce7564e9,c4,False,train,assistant,fixed_slot,90,40,84,89,True
llama3.1-8b,transfer,3c18ce7564e9,c4,False,train,system,natural_slot,79,40,64,78,False
llama3.1-8b,transfer,3c18ce7564e9,c4,False,train,user,natural_slot,81,40,75,80,False
llama3.1-8b,transfer,3c18ce7564e9,c4,False,train,tool,natural_slot,99,40,93,98,False
llama3.1-8b,transfer,3c18ce7564e9,c4,False,train,assistant,natural_slot,90,40,84,89,False
llama3.1-8b,transfer,7dcec5995f09,c4,False,test,system,fixed_slot,116,77,101,115,False
llama3.1-8b,transfer,7dcec5995f09,c4,False,test,user,fixed_slot,127,77,121,126,True
llama3.1-8b,transfer,7dcec5995f09,c4,False,test,tool,fixed_slot,129,77,122,128,True
llama3.1-8b,transfer,7dcec5995f09,c4,False,test,assistant,fixed_slot,127,77,121,126,True
llama3.1-8b,transfer,7dcec5995f09,c4,False,test,system,natural_slot,116,77,101,115,False
llama3.1-8b,transfer,7dcec5995f09,c4,False,test,user,natural_slot,118,77,112,117,False
llama3.1-8b,transfer,7dcec5995f09,c4,False,test,tool,natural_slot,137,77,130,136,False
llama3.1-8b,transfer,7dcec5995f09,c4,False,test,assistant,natural_slot,127,77,121,126,False
llama3.1-8b,transfer,78628bf9e5bc,c4,False,train,system,fixed_slot,121,82,106,120,False
llama3.1-8b,transfer,78628bf9e5bc,c4,False,train,user,fixed_slot,132,82,126,131,True
llama3.1-8b,transfer,78628bf9e5bc,c4,False,train,tool,fixed_slot,135,82,128,134,True
llama3.1-8b,transfer,78628bf9e5bc,c4,False,train,assistant,fixed_slot,132,82,126,131,True
llama3.1-8b,transfer,78628bf9e5bc,c4,False,train,system,natural_slot,121,82,106,120,False
llama3.1-8b,transfer,78628bf9e5bc,c4,False,train,user,natural_slot,123,82,117,122,False
llama3.1-8b,transfer,78628bf9e5bc,c4,False,train,tool,natural_slot,143,82,136,142,False
llama3.1-8b,transfer,78628bf9e5bc,c4,False,train,assistant,natural_slot,132,82,126,131,False
llama3.1-8b,transfer,95d06b79e097,c4,False,train,system,fixed_slot,108,69,93,107,False
llama3.1-8b,transfer,95d06b79e097,c4,False,train,user,fixed_slot,119,69,113,118,True
llama3.1-8b,transfer,95d06b79e097,c4,False,train,tool,fixed_slot,121,69,114,120,True
llama3.1-8b,transfer,95d06b79e097,c4,False,train,assistant,fixed_slot,119,69,113,118,True
llama3.1-8b,transfer,95d06b79e097,c4,False,train,system,natural_slot,108,69,93,107,False
llama3.1-8b,transfer,95d06b79e097,c4,False,train,user,natural_slot,110,69,104,109,False
llama3.1-8b,transfer,95d06b79e097,c4,False,train,tool,natural_slot,129,69,122,128,False
llama3.1-8b,transfer,95d06b79e097,c4,False,train,assistant,natural_slot,119,69,113,118,False
llama3.1-8b,transfer,bd24a01c22d5,c4,False,train,system,fixed_slot,73,34,58,72,False
llama3.1-8b,transfer,bd24a01c22d5,c4,False,train,user,fixed_slot,84,34,78,83,True
llama3.1-8b,transfer,bd24a01c22d5,c4,False,train,tool,fixed_slot,85,34,79,84,True
llama3.1-8b,transfer,bd24a01c22d5,c4,False,train,assistant,fixed_slot,84,34,78,83,True
llama3.1-8b,transfer,bd24a01c22d5,c4,False,train,system,natural_slot,73,34,58,72,False
llama3.1-8b,transfer,bd24a01c22d5,c4,False,train,user,natural_slot,75,34,69,74,False
llama3.1-8b,transfer,bd24a01c22d5,c4,False,train,tool,natural_slot,93,34,87,92,False
llama3.1-8b,transfer,bd24a01c22d5,c4,False,train,assistant,natural_slot,84,34,78,83,False
llama3.1-8b,transfer,b683810cd8b5,c4,False,train,system,fixed_slot,74,35,59,73,False
llama3.1-8b,transfer,b683810cd8b5,c4,False,train,user,fixed_slot,85,35,79,84,True
llama3.1-8b,transfer,b683810cd8b5,c4,False,train,tool,fixed_slot,87,35,81,86,True
llama3.1-8b,transfer,b683810cd8b5,c4,False,train,assistant,fixed_slot,85,35,79,84,True
llama3.1-8b,transfer,b683810cd8b5,c4,False,train,system,natural_slot,74,35,59,73,False
llama3.1-8b,transfer,b683810cd8b5,c4,False,train,user,natural_slot,76,35,70,75,False
llama3.1-8b,transfer,b683810cd8b5,c4,False,train,tool,natural_slot,95,35,89,94,False
llama3.1-8b,transfer,b683810cd8b5,c4,False,train,assistant,natural_slot,85,35,79,84,False
llama3.1-8b,transfer,16c145a465ce,c4,False,train,system,fixed_slot,77,38,62,76,False
llama3.1-8b,transfer,16c145a465ce,c4,False,train,user,fixed_slot,88,38,82,87,True
llama3.1-8b,transfer,16c145a465ce,c4,False,train,tool,fixed_slot,89,38,83,88,True
llama3.1-8b,transfer,16c145a465ce,c4,False,train,assistant,fixed_slot,88,38,82,87,True
llama3.1-8b,transfer,16c145a465ce,c4,False,train,system,natural_slot,77,38,62,76,False
llama3.1-8b,transfer,16c145a465ce,c4,False,train,user,natural_slot,79,38,73,78,False
llama3.1-8b,transfer,16c145a465ce,c4,False,train,tool,natural_slot,97,38,91,96,False
llama3.1-8b,transfer,16c145a465ce,c4,False,train,assistant,natural_slot,88,38,82,87,False
llama3.1-8b,transfer,1359123372db,c4,False,train,system,fixed_slot,110,71,95,109,False
llama3.1-8b,transfer,1359123372db,c4,False,train,user,fixed_slot,121,71,115,120,True
llama3.1-8b,transfer,1359123372db,c4,False,train,tool,fixed_slot,124,71,117,123,True
llama3.1-8b,transfer,1359123372db,c4,False,train,assistant,fixed_slot,121,71,115,120,True
llama3.1-8b,transfer,1359123372db,c4,False,train,system,natural_slot,110,71,95,109,False
llama3.1-8b,transfer,1359123372db,c4,False,train,user,natural_slot,112,71,106,111,False
llama3.1-8b,transfer,1359123372db,c4,False,train,tool,natural_slot,132,71,125,131,False
llama3.1-8b,transfer,1359123372db,c4,False,train,assistant,natural_slot,121,71,115,120,False
llama3.1-8b,transfer,987060c6030c,c4,False,train,system,fixed_slot,98,59,83,97,False
llama3.1-8b,transfer,987060c6030c,c4,False,train,user,fixed_slot,109,59,103,108,True
llama3.1-8b,transfer,987060c6030c,c4,False,train,tool,fixed_slot,111,59,105,110,True
llama3.1-8b,transfer,987060c6030c,c4,False,train,assistant,fixed_slot,109,59,103,108,True
llama3.1-8b,transfer,987060c6030c,c4,False,train,system,natural_slot,98,59,83,97,False
llama3.1-8b,transfer,987060c6030c,c4,False,train,user,natural_slot,100,59,94,99,False
llama3.1-8b,transfer,987060c6030c,c4,False,train,tool,natural_slot,119,59,113,118,False
llama3.1-8b,transfer,987060c6030c,c4,False,train,assistant,natural_slot,109,59,103,108,False
llama3.1-8b,transfer,86404b49b6ed,c4,False,test,system,fixed_slot,112,73,97,111,False
llama3.1-8b,transfer,86404b49b6ed,c4,False,test,user,fixed_slot,123,73,117,122,True
llama3.1-8b,transfer,86404b49b6ed,c4,False,test,tool,fixed_slot,126,73,119,125,True
llama3.1-8b,transfer,86404b49b6ed,c4,False,test,assistant,fixed_slot,123,73,117,122,True
llama3.1-8b,transfer,86404b49b6ed,c4,False,test,system,natural_slot,112,73,97,111,False
llama3.1-8b,transfer,86404b49b6ed,c4,False,test,user,natural_slot,114,73,108,113,False
llama3.1-8b,transfer,86404b49b6ed,c4,False,test,tool,natural_slot,134,73,127,133,False
llama3.1-8b,transfer,86404b49b6ed,c4,False,test,assistant,natural_slot,123,73,117,122,False
llama3.1-8b,transfer,e1f0e2e20c8c,c4,False,test,system,fixed_slot,108,69,93,107,False
llama3.1-8b,transfer,e1f0e2e20c8c,c4,False,test,user,fixed_slot,119,69,113,118,True
llama3.1-8b,transfer,e1f0e2e20c8c,c4,False,test,tool,fixed_slot,120,69,114,119,True
llama3.1-8b,transfer,e1f0e2e20c8c,c4,False,test,assistant,fixed_slot,119,69,113,118,True
llama3.1-8b,transfer,e1f0e2e20c8c,c4,False,test,system,natural_slot,108,69,93,107,False
llama3.1-8b,transfer,e1f0e2e20c8c,c4,False,test,user,natural_slot,110,69,104,109,False
llama3.1-8b,transfer,e1f0e2e20c8c,c4,False,test,tool,natural_slot,128,69,122,127,False
llama3.1-8b,transfer,e1f0e2e20c8c,c4,False,test,assistant,natural_slot,119,69,113,118,False
llama3.1-8b,transfer,64ea85b0519c,c4,False,train,system,fixed_slot,142,103,127,141,False
llama3.1-8b,transfer,64ea85b0519c,c4,False,train,user,fixed_slot,153,103,147,152,True
llama3.1-8b,transfer,64ea85b0519c,c4,False,train,tool,fixed_slot,156,103,149,155,True
llama3.1-8b,transfer,64ea85b0519c,c4,False,train,assistant,fixed_slot,153,103,147,152,True
llama3.1-8b,transfer,64ea85b0519c,c4,False,train,system,natural_slot,142,103,127,141,False
llama3.1-8b,transfer,64ea85b0519c,c4,False,train,user,natural_slot,144,103,138,143,False
llama3.1-8b,transfer,64ea85b0519c,c4,False,train,tool,natural_slot,164,103,157,163,False
llama3.1-8b,transfer,64ea85b0519c,c4,False,train,assistant,natural_slot,153,103,147,152,False
llama3.1-8b,transfer,5538aa87486a,c4,False,train,system,fixed_slot,114,75,99,113,False
llama3.1-8b,transfer,5538aa87486a,c4,False,train,user,fixed_slot,125,75,119,124,True
llama3.1-8b,transfer,5538aa87486a,c4,False,train,tool,fixed_slot,127,75,120,126,True
llama3.1-8b,transfer,5538aa87486a,c4,False,train,assistant,fixed_slot,125,75,119,124,True
llama3.1-8b,transfer,5538aa87486a,c4,False,train,system,natural_slot,114,75,99,113,False
llama3.1-8b,transfer,5538aa87486a,c4,False,train,user,natural_slot,116,75,110,115,False
llama3.1-8b,transfer,5538aa87486a,c4,False,train,tool,natural_slot,135,75,128,134,False
llama3.1-8b,transfer,5538aa87486a,c4,False,train,assistant,natural_slot,125,75,119,124,False
llama3.1-8b,transfer,f4556a192d7c,c4,False,train,system,fixed_slot,69,30,54,68,False
llama3.1-8b,transfer,f4556a192d7c,c4,False,train,user,fixed_slot,80,30,74,79,True
llama3.1-8b,transfer,f4556a192d7c,c4,False,train,tool,fixed_slot,81,30,75,80,True
llama3.1-8b,transfer,f4556a192d7c,c4,False,train,assistant,fixed_slot,80,30,74,79,True
llama3.1-8b,transfer,f4556a192d7c,c4,False,train,system,natural_slot,69,30,54,68,False
llama3.1-8b,transfer,f4556a192d7c,c4,False,train,user,natural_slot,71,30,65,70,False
llama3.1-8b,transfer,f4556a192d7c,c4,False,train,tool,natural_slot,89,30,83,88,False
llama3.1-8b,transfer,f4556a192d7c,c4,False,train,assistant,natural_slot,80,30,74,79,False
llama3.1-8b,transfer,8d32a036900a,c4,False,train,system,fixed_slot,111,72,96,110,False
llama3.1-8b,transfer,8d32a036900a,c4,False,train,user,fixed_slot,122,72,116,121,True
llama3.1-8b,transfer,8d32a036900a,c4,False,train,tool,fixed_slot,125,72,118,124,True
llama3.1-8b,transfer,8d32a036900a,c4,False,train,assistant,fixed_slot,122,72,116,121,True
llama3.1-8b,transfer,8d32a036900a,c4,False,train,system,natural_slot,111,72,96,110,False
llama3.1-8b,transfer,8d32a036900a,c4,False,train,user,natural_slot,113,72,107,112,False
llama3.1-8b,transfer,8d32a036900a,c4,False,train,tool,natural_slot,133,72,126,132,False
llama3.1-8b,transfer,8d32a036900a,c4,False,train,assistant,natural_slot,122,72,116,121,False
llama3.1-8b,transfer,7d5b6d318508,c4,False,train,system,fixed_slot,103,64,88,102,False
llama3.1-8b,transfer,7d5b6d318508,c4,False,train,user,fixed_slot,114,64,108,113,True
llama3.1-8b,transfer,7d5b6d318508,c4,False,train,tool,fixed_slot,116,64,109,115,True
llama3.1-8b,transfer,7d5b6d318508,c4,False,train,assistant,fixed_slot,114,64,108,113,True
llama3.1-8b,transfer,7d5b6d318508,c4,False,train,system,natural_slot,103,64,88,102,False
llama3.1-8b,transfer,7d5b6d318508,c4,False,train,user,natural_slot,105,64,99,104,False
llama3.1-8b,transfer,7d5b6d318508,c4,False,train,tool,natural_slot,124,64,117,123,False
llama3.1-8b,transfer,7d5b6d318508,c4,False,train,assistant,natural_slot,114,64,108,113,False
llama3.1-8b,transfer,b05c0716fd3d,c4,False,train,system,fixed_slot,96,57,81,95,False
llama3.1-8b,transfer,b05c0716fd3d,c4,False,train,user,fixed_slot,107,57,101,106,True
llama3.1-8b,transfer,b05c0716fd3d,c4,False,train,tool,fixed_slot,109,57,103,108,True
llama3.1-8b,transfer,b05c0716fd3d,c4,False,train,assistant,fixed_slot,107,57,101,106,True
llama3.1-8b,transfer,b05c0716fd3d,c4,False,train,system,natural_slot,96,57,81,95,False
llama3.1-8b,transfer,b05c0716fd3d,c4,False,train,user,natural_slot,98,57,92,97,False
llama3.1-8b,transfer,b05c0716fd3d,c4,False,train,tool,natural_slot,117,57,111,116,False
llama3.1-8b,transfer,b05c0716fd3d,c4,False,train,assistant,natural_slot,107,57,101,106,False
llama3.1-8b,transfer,a63b29ec3fe4,c4,False,test,system,fixed_slot,97,58,82,96,False
llama3.1-8b,transfer,a63b29ec3fe4,c4,False,test,user,fixed_slot,108,58,102,107,True
llama3.1-8b,transfer,a63b29ec3fe4,c4,False,test,tool,fixed_slot,110,58,104,109,True
llama3.1-8b,transfer,a63b29ec3fe4,c4,False,test,assistant,fixed_slot,108,58,102,107,True
llama3.1-8b,transfer,a63b29ec3fe4,c4,False,test,system,natural_slot,97,58,82,96,False
llama3.1-8b,transfer,a63b29ec3fe4,c4,False,test,user,natural_slot,99,58,93,98,False
llama3.1-8b,transfer,a63b29ec3fe4,c4,False,test,tool,natural_slot,118,58,112,117,False
llama3.1-8b,transfer,a63b29ec3fe4,c4,False,test,assistant,natural_slot,108,58,102,107,False
llama3.1-8b,transfer,3f354f6e8b89,c4,False,train,system,fixed_slot,103,64,88,102,False
llama3.1-8b,transfer,3f354f6e8b89,c4,False,train,user,fixed_slot,114,64,108,113,True
llama3.1-8b,transfer,3f354f6e8b89,c4,False,train,tool,fixed_slot,116,64,109,115,True
llama3.1-8b,transfer,3f354f6e8b89,c4,False,train,assistant,fixed_slot,114,64,108,113,True
llama3.1-8b,transfer,3f354f6e8b89,c4,False,train,system,natural_slot,103,64,88,102,False
llama3.1-8b,transfer,3f354f6e8b89,c4,False,train,user,natural_slot,105,64,99,104,False
llama3.1-8b,transfer,3f354f6e8b89,c4,False,train,tool,natural_slot,124,64,117,123,False
llama3.1-8b,transfer,3f354f6e8b89,c4,False,train,assistant,natural_slot,114,64,108,113,False
llama3.1-8b,transfer,d709ea38cdaa,c4,False,test,system,fixed_slot,83,44,68,82,False
llama3.1-8b,transfer,d709ea38cdaa,c4,False,test,user,fixed_slot,94,44,88,93,True
llama3.1-8b,transfer,d709ea38cdaa,c4,False,test,tool,fixed_slot,96,44,90,95,True
llama3.1-8b,transfer,d709ea38cdaa,c4,False,test,assistant,fixed_slot,94,44,88,93,True
llama3.1-8b,transfer,d709ea38cdaa,c4,False,test,system,natural_slot,83,44,68,82,False
llama3.1-8b,transfer,d709ea38cdaa,c4,False,test,user,natural_slot,85,44,79,84,False
llama3.1-8b,transfer,d709ea38cdaa,c4,False,test,tool,natural_slot,104,44,98,103,False
llama3.1-8b,transfer,d709ea38cdaa,c4,False,test,assistant,natural_slot,94,44,88,93,False
llama3.1-8b,transfer,4c67ded70311,c4,False,test,system,fixed_slot,81,42,66,80,False
llama3.1-8b,transfer,4c67ded70311,c4,False,test,user,fixed_slot,92,42,86,91,True
llama3.1-8b,transfer,4c67ded70311,c4,False,test,tool,fixed_slot,94,42,88,93,True
llama3.1-8b,transfer,4c67ded70311,c4,False,test,assistant,fixed_slot,92,42,86,91,True
llama3.1-8b,transfer,4c67ded70311,c4,False,test,system,natural_slot,81,42,66,80,False
llama3.1-8b,transfer,4c67ded70311,c4,False,test,user,natural_slot,83,42,77,82,False
llama3.1-8b,transfer,4c67ded70311,c4,False,test,tool,natural_slot,102,42,96,101,False
llama3.1-8b,transfer,4c67ded70311,c4,False,test,assistant,natural_slot,92,42,86,91,False
llama3.1-8b,transfer,5da77a9e04eb,c4,False,test,system,fixed_slot,104,65,89,103,False
llama3.1-8b,transfer,5da77a9e04eb,c4,False,test,user,fixed_slot,115,65,109,114,True
llama3.1-8b,transfer,5da77a9e04eb,c4,False,test,tool,fixed_slot,117,65,110,116,True
llama3.1-8b,transfer,5da77a9e04eb,c4,False,test,assistant,fixed_slot,115,65,109,114,True
llama3.1-8b,transfer,5da77a9e04eb,c4,False,test,system,natural_slot,104,65,89,103,False
llama3.1-8b,transfer,5da77a9e04eb,c4,False,test,user,natural_slot,106,65,100,105,False
llama3.1-8b,transfer,5da77a9e04eb,c4,False,test,tool,natural_slot,125,65,118,124,False
llama3.1-8b,transfer,5da77a9e04eb,c4,False,test,assistant,natural_slot,115,65,109,114,False
llama3.1-8b,transfer,be9ae6137a0d,c4,False,train,system,fixed_slot,113,74,98,112,False
llama3.1-8b,transfer,be9ae6137a0d,c4,False,train,user,fixed_slot,124,74,118,123,True
llama3.1-8b,transfer,be9ae6137a0d,c4,False,train,tool,fixed_slot,126,74,120,125,True
llama3.1-8b,transfer,be9ae6137a0d,c4,False,train,assistant,fixed_slot,124,74,118,123,True
llama3.1-8b,transfer,be9ae6137a0d,c4,False,train,system,natural_slot,113,74,98,112,False
llama3.1-8b,transfer,be9ae6137a0d,c4,False,train,user,natural_slot,115,74,109,114,False
llama3.1-8b,transfer,be9ae6137a0d,c4,False,train,tool,natural_slot,134,74,128,133,False
llama3.1-8b,transfer,be9ae6137a0d,c4,False,train,assistant,natural_slot,124,74,118,123,False
llama3.1-8b,transfer,9cb3954e4d7e,c4,False,train,system,fixed_slot,78,39,63,77,False
llama3.1-8b,transfer,9cb3954e4d7e,c4,False,train,user,fixed_slot,89,39,83,88,True
llama3.1-8b,transfer,9cb3954e4d7e,c4,False,train,tool,fixed_slot,91,39,85,90,True
llama3.1-8b,transfer,9cb3954e4d7e,c4,False,train,assistant,fixed_slot,89,39,83,88,True
llama3.1-8b,transfer,9cb3954e4d7e,c4,False,train,system,natural_slot,78,39,63,77,False
llama3.1-8b,transfer,9cb3954e4d7e,c4,False,train,user,natural_slot,80,39,74,79,False
llama3.1-8b,transfer,9cb3954e4d7e,c4,False,train,tool,natural_slot,99,39,93,98,False
llama3.1-8b,transfer,9cb3954e4d7e,c4,False,train,assistant,natural_slot,89,39,83,88,False
llama3.1-8b,transfer,f2ddc9bc3f19,c4,False,test,system,fixed_slot,76,37,61,75,False
llama3.1-8b,transfer,f2ddc9bc3f19,c4,False,test,user,fixed_slot,87,37,81,86,True
llama3.1-8b,transfer,f2ddc9bc3f19,c4,False,test,tool,fixed_slot,89,37,83,88,True
llama3.1-8b,transfer,f2ddc9bc3f19,c4,False,test,assistant,fixed_slot,87,37,81,86,True
llama3.1-8b,transfer,f2ddc9bc3f19,c4,False,test,system,natural_slot,76,37,61,75,False
llama3.1-8b,transfer,f2ddc9bc3f19,c4,False,test,user,natural_slot,78,37,72,77,False
llama3.1-8b,transfer,f2ddc9bc3f19,c4,False,test,tool,natural_slot,97,37,91,96,False
llama3.1-8b,transfer,f2ddc9bc3f19,c4,False,test,assistant,natural_slot,87,37,81,86,False
llama3.1-8b,transfer,bf8eda45ad4e,c4,False,train,system,fixed_slot,90,51,75,89,False
llama3.1-8b,transfer,bf8eda45ad4e,c4,False,train,user,fixed_slot,101,51,95,100,True
llama3.1-8b,transfer,bf8eda45ad4e,c4,False,train,tool,fixed_slot,102,51,96,101,True
llama3.1-8b,transfer,bf8eda45ad4e,c4,False,train,assistant,fixed_slot,101,51,95,100,True
llama3.1-8b,transfer,bf8eda45ad4e,c4,False,train,system,natural_slot,90,51,75,89,False
llama3.1-8b,transfer,bf8eda45ad4e,c4,False,train,user,natural_slot,92,51,86,91,False
llama3.1-8b,transfer,bf8eda45ad4e,c4,False,train,tool,natural_slot,110,51,104,109,False
llama3.1-8b,transfer,bf8eda45ad4e,c4,False,train,assistant,natural_slot,101,51,95,100,False
llama3.1-8b,transfer,e27c1fe61b62,c4,False,train,system,fixed_slot,104,65,89,103,False
llama3.1-8b,transfer,e27c1fe61b62,c4,False,train,user,fixed_slot,115,65,109,114,True
llama3.1-8b,transfer,e27c1fe61b62,c4,False,train,tool,fixed_slot,117,65,111,116,True
llama3.1-8b,transfer,e27c1fe61b62,c4,False,train,assistant,fixed_slot,115,65,109,114,True
llama3.1-8b,transfer,e27c1fe61b62,c4,False,train,system,natural_slot,104,65,89,103,False
llama3.1-8b,transfer,e27c1fe61b62,c4,False,train,user,natural_slot,106,65,100,105,False
llama3.1-8b,transfer,e27c1fe61b62,c4,False,train,tool,natural_slot,125,65,119,124,False
llama3.1-8b,transfer,e27c1fe61b62,c4,False,train,assistant,natural_slot,115,65,109,114,False
llama3.1-8b,transfer,1e09c464dde7,c4,False,train,system,fixed_slot,116,77,101,115,False
llama3.1-8b,transfer,1e09c464dde7,c4,False,train,user,fixed_slot,127,77,121,126,True
llama3.1-8b,transfer,1e09c464dde7,c4,False,train,tool,fixed_slot,129,77,122,128,True
llama3.1-8b,transfer,1e09c464dde7,c4,False,train,assistant,fixed_slot,127,77,121,126,True
llama3.1-8b,transfer,1e09c464dde7,c4,False,train,system,natural_slot,116,77,101,115,False
llama3.1-8b,transfer,1e09c464dde7,c4,False,train,user,natural_slot,118,77,112,117,False
llama3.1-8b,transfer,1e09c464dde7,c4,False,train,tool,natural_slot,137,77,130,136,False
llama3.1-8b,transfer,1e09c464dde7,c4,False,train,assistant,natural_slot,127,77,121,126,False
llama3.1-8b,transfer,85abbe801217,c4,False,test,system,fixed_slot,102,63,87,101,False
llama3.1-8b,transfer,85abbe801217,c4,False,test,user,fixed_slot,113,63,107,112,True
llama3.1-8b,transfer,85abbe801217,c4,False,test,tool,fixed_slot,114,63,108,113,True
llama3.1-8b,transfer,85abbe801217,c4,False,test,assistant,fixed_slot,113,63,107,112,True
llama3.1-8b,transfer,85abbe801217,c4,False,test,system,natural_slot,102,63,87,101,False
llama3.1-8b,transfer,85abbe801217,c4,False,test,user,natural_slot,104,63,98,103,False
llama3.1-8b,transfer,85abbe801217,c4,False,test,tool,natural_slot,122,63,116,121,False
llama3.1-8b,transfer,85abbe801217,c4,False,test,assistant,natural_slot,113,63,107,112,False
llama3.1-8b,transfer,a70d6c6bee6d,c4,False,train,system,fixed_slot,118,79,103,117,False
llama3.1-8b,transfer,a70d6c6bee6d,c4,False,train,user,fixed_slot,129,79,123,128,True
llama3.1-8b,transfer,a70d6c6bee6d,c4,False,train,tool,fixed_slot,130,79,124,129,True
llama3.1-8b,transfer,a70d6c6bee6d,c4,False,train,assistant,fixed_slot,129,79,123,128,True
llama3.1-8b,transfer,a70d6c6bee6d,c4,False,train,system,natural_slot,118,79,103,117,False
llama3.1-8b,transfer,a70d6c6bee6d,c4,False,train,user,natural_slot,120,79,114,119,False
llama3.1-8b,transfer,a70d6c6bee6d,c4,False,train,tool,natural_slot,138,79,132,137,False
llama3.1-8b,transfer,a70d6c6bee6d,c4,False,train,assistant,natural_slot,129,79,123,128,False
llama3.1-8b,transfer,ccd518f1bb5d,c4,False,train,system,fixed_slot,109,70,94,108,False
llama3.1-8b,transfer,ccd518f1bb5d,c4,False,train,user,fixed_slot,120,70,114,119,True
llama3.1-8b,transfer,ccd518f1bb5d,c4,False,train,tool,fixed_slot,123,70,116,122,True
llama3.1-8b,transfer,ccd518f1bb5d,c4,False,train,assistant,fixed_slot,120,70,114,119,True
llama3.1-8b,transfer,ccd518f1bb5d,c4,False,train,system,natural_slot,109,70,94,108,False
llama3.1-8b,transfer,ccd518f1bb5d,c4,False,train,user,natural_slot,111,70,105,110,False
llama3.1-8b,transfer,ccd518f1bb5d,c4,False,train,tool,natural_slot,131,70,124,130,False
llama3.1-8b,transfer,ccd518f1bb5d,c4,False,train,assistant,natural_slot,120,70,114,119,False
llama3.1-8b,transfer,c2ec1723e8eb,c4,False,train,system,fixed_slot,99,60,84,98,False
llama3.1-8b,transfer,c2ec1723e8eb,c4,False,train,user,fixed_slot,110,60,104,109,True
llama3.1-8b,transfer,c2ec1723e8eb,c4,False,train,tool,fixed_slot,111,60,105,110,True
llama3.1-8b,transfer,c2ec1723e8eb,c4,False,train,assistant,fixed_slot,110,60,104,109,True
llama3.1-8b,transfer,c2ec1723e8eb,c4,False,train,system,natural_slot,99,60,84,98,False
llama3.1-8b,transfer,c2ec1723e8eb,c4,False,train,user,natural_slot,101,60,95,100,False
llama3.1-8b,transfer,c2ec1723e8eb,c4,False,train,tool,natural_slot,119,60,113,118,False
llama3.1-8b,transfer,c2ec1723e8eb,c4,False,train,assistant,natural_slot,110,60,104,109,False
llama3.1-8b,transfer,7bda9f6d44dc,c4,False,test,system,fixed_slot,105,66,90,104,False
llama3.1-8b,transfer,7bda9f6d44dc,c4,False,test,user,fixed_slot,116,66,110,115,True
llama3.1-8b,transfer,7bda9f6d44dc,c4,False,test,tool,fixed_slot,118,66,111,117,True
llama3.1-8b,transfer,7bda9f6d44dc,c4,False,test,assistant,fixed_slot,116,66,110,115,True
llama3.1-8b,transfer,7bda9f6d44dc,c4,False,test,system,natural_slot,105,66,90,104,False
llama3.1-8b,transfer,7bda9f6d44dc,c4,False,test,user,natural_slot,107,66,101,106,False
llama3.1-8b,transfer,7bda9f6d44dc,c4,False,test,tool,natural_slot,126,66,119,125,False
llama3.1-8b,transfer,7bda9f6d44dc,c4,False,test,assistant,natural_slot,116,66,110,115,False
llama3.1-8b,transfer,6a5a81ac9a93,c4,False,train,system,fixed_slot,115,76,100,114,False
llama3.1-8b,transfer,6a5a81ac9a93,c4,False,train,user,fixed_slot,126,76,120,125,True
llama3.1-8b,transfer,6a5a81ac9a93,c4,False,train,tool,fixed_slot,129,76,122,128,True
llama3.1-8b,transfer,6a5a81ac9a93,c4,False,train,assistant,fixed_slot,126,76,120,125,True
llama3.1-8b,transfer,6a5a81ac9a93,c4,False,train,system,natural_slot,115,76,100,114,False
llama3.1-8b,transfer,6a5a81ac9a93,c4,False,train,user,natural_slot,117,76,111,116,False
llama3.1-8b,transfer,6a5a81ac9a93,c4,False,train,tool,natural_slot,137,76,130,136,False
llama3.1-8b,transfer,6a5a81ac9a93,c4,False,train,assistant,natural_slot,126,76,120,125,False
llama3.1-8b,transfer,5df5a13e714b,c4,False,train,system,fixed_slot,112,73,97,111,False
llama3.1-8b,transfer,5df5a13e714b,c4,False,train,user,fixed_slot,123,73,117,122,True
llama3.1-8b,transfer,5df5a13e714b,c4,False,train,tool,fixed_slot,126,73,119,125,True
llama3.1-8b,transfer,5df5a13e714b,c4,False,train,assistant,fixed_slot,123,73,117,122,True
llama3.1-8b,transfer,5df5a13e714b,c4,False,train,system,natural_slot,112,73,97,111,False
llama3.1-8b,transfer,5df5a13e714b,c4,False,train,user,natural_slot,114,73,108,113,False
llama3.1-8b,transfer,5df5a13e714b,c4,False,train,tool,natural_slot,134,73,127,133,False
llama3.1-8b,transfer,5df5a13e714b,c4,False,train,assistant,natural_slot,123,73,117,122,False
llama3.1-8b,transfer,e47c00804d80,c4,False,train,system,fixed_slot,93,54,78,92,False
llama3.1-8b,transfer,e47c00804d80,c4,False,train,user,fixed_slot,104,54,98,103,True
llama3.1-8b,transfer,e47c00804d80,c4,False,train,tool,fixed_slot,106,54,100,105,True
llama3.1-8b,transfer,e47c00804d80,c4,False,train,assistant,fixed_slot,104,54,98,103,True
llama3.1-8b,transfer,e47c00804d80,c4,False,train,system,natural_slot,93,54,78,92,False
llama3.1-8b,transfer,e47c00804d80,c4,False,train,user,natural_slot,95,54,89,94,False
llama3.1-8b,transfer,e47c00804d80,c4,False,train,tool,natural_slot,114,54,108,113,False
llama3.1-8b,transfer,e47c00804d80,c4,False,train,assistant,natural_slot,104,54,98,103,False
llama3.1-8b,transfer,79b67cb9f498,c4,False,train,system,fixed_slot,108,69,93,107,False
llama3.1-8b,transfer,79b67cb9f498,c4,False,train,user,fixed_slot,119,69,113,118,True
llama3.1-8b,transfer,79b67cb9f498,c4,False,train,tool,fixed_slot,121,69,114,120,True
llama3.1-8b,transfer,79b67cb9f498,c4,False,train,assistant,fixed_slot,119,69,113,118,True
llama3.1-8b,transfer,79b67cb9f498,c4,False,train,system,natural_slot,108,69,93,107,False
llama3.1-8b,transfer,79b67cb9f498,c4,False,train,user,natural_slot,110,69,104,109,False
llama3.1-8b,transfer,79b67cb9f498,c4,False,train,tool,natural_slot,129,69,122,128,False
llama3.1-8b,transfer,79b67cb9f498,c4,False,train,assistant,natural_slot,119,69,113,118,False
llama3.1-8b,transfer,3c33e0491c83,c4,False,train,system,fixed_slot,88,49,73,87,False
llama3.1-8b,transfer,3c33e0491c83,c4,False,train,user,fixed_slot,99,49,93,98,True
llama3.1-8b,transfer,3c33e0491c83,c4,False,train,tool,fixed_slot,101,49,95,100,True
llama3.1-8b,transfer,3c33e0491c83,c4,False,train,assistant,fixed_slot,99,49,93,98,True
llama3.1-8b,transfer,3c33e0491c83,c4,False,train,system,natural_slot,88,49,73,87,False
llama3.1-8b,transfer,3c33e0491c83,c4,False,train,user,natural_slot,90,49,84,89,False
llama3.1-8b,transfer,3c33e0491c83,c4,False,train,tool,natural_slot,109,49,103,108,False
llama3.1-8b,transfer,3c33e0491c83,c4,False,train,assistant,natural_slot,99,49,93,98,False
llama3.1-8b,transfer,aec1cfd7acd0,c4,False,test,system,fixed_slot,83,44,68,82,False
llama3.1-8b,transfer,aec1cfd7acd0,c4,False,test,user,fixed_slot,94,44,88,93,True
llama3.1-8b,transfer,aec1cfd7acd0,c4,False,test,tool,fixed_slot,96,44,90,95,True
llama3.1-8b,transfer,aec1cfd7acd0,c4,False,test,assistant,fixed_slot,94,44,88,93,True
llama3.1-8b,transfer,aec1cfd7acd0,c4,False,test,system,natural_slot,83,44,68,82,False
llama3.1-8b,transfer,aec1cfd7acd0,c4,False,test,user,natural_slot,85,44,79,84,False
llama3.1-8b,transfer,aec1cfd7acd0,c4,False,test,tool,natural_slot,104,44,98,103,False
llama3.1-8b,transfer,aec1cfd7acd0,c4,False,test,assistant,natural_slot,94,44,88,93,False
llama3.1-8b,transfer,289574a8dae3,c4,False,test,system,fixed_slot,108,69,93,107,False
llama3.1-8b,transfer,289574a8dae3,c4,False,test,user,fixed_slot,119,69,113,118,True
llama3.1-8b,transfer,289574a8dae3,c4,False,test,tool,fixed_slot,121,69,114,120,True
llama3.1-8b,transfer,289574a8dae3,c4,False,test,assistant,fixed_slot,119,69,113,118,True
llama3.1-8b,transfer,289574a8dae3,c4,False,test,system,natural_slot,108,69,93,107,False
llama3.1-8b,transfer,289574a8dae3,c4,False,test,user,natural_slot,110,69,104,109,False
llama3.1-8b,transfer,289574a8dae3,c4,False,test,tool,natural_slot,129,69,122,128,False
llama3.1-8b,transfer,289574a8dae3,c4,False,test,assistant,natural_slot,119,69,113,118,False
llama3.1-8b,transfer,26a4f36466a4,c4,False,train,system,fixed_slot,111,72,96,110,False
llama3.1-8b,transfer,26a4f36466a4,c4,False,train,user,fixed_slot,122,72,116,121,True
llama3.1-8b,transfer,26a4f36466a4,c4,False,train,tool,fixed_slot,125,72,118,124,True
llama3.1-8b,transfer,26a4f36466a4,c4,False,train,assistant,fixed_slot,122,72,116,121,True
llama3.1-8b,transfer,26a4f36466a4,c4,False,train,system,natural_slot,111,72,96,110,False
llama3.1-8b,transfer,26a4f36466a4,c4,False,train,user,natural_slot,113,72,107,112,False
llama3.1-8b,transfer,26a4f36466a4,c4,False,train,tool,natural_slot,133,72,126,132,False
llama3.1-8b,transfer,26a4f36466a4,c4,False,train,assistant,natural_slot,122,72,116,121,False
llama3.1-8b,transfer,71d571461b75,c4,False,test,system,fixed_slot,116,77,101,115,False
llama3.1-8b,transfer,71d571461b75,c4,False,test,user,fixed_slot,127,77,121,126,True
llama3.1-8b,transfer,71d571461b75,c4,False,test,tool,fixed_slot,129,77,123,128,True
llama3.1-8b,transfer,71d571461b75,c4,False,test,assistant,fixed_slot,127,77,121,126,True
llama3.1-8b,transfer,71d571461b75,c4,False,test,system,natural_slot,116,77,101,115,False
llama3.1-8b,transfer,71d571461b75,c4,False,test,user,natural_slot,118,77,112,117,False
llama3.1-8b,transfer,71d571461b75,c4,False,test,tool,natural_slot,137,77,131,136,False
llama3.1-8b,transfer,71d571461b75,c4,False,test,assistant,natural_slot,127,77,121,126,False
llama3.1-8b,transfer,7e9afc100c28,c4,False,train,system,fixed_slot,104,65,89,103,False
llama3.1-8b,transfer,7e9afc100c28,c4,False,train,user,fixed_slot,115,65,109,114,True
llama3.1-8b,transfer,7e9afc100c28,c4,False,train,tool,fixed_slot,118,66,111,117,True
llama3.1-8b,transfer,7e9afc100c28,c4,False,train,assistant,fixed_slot,115,65,109,114,True
llama3.1-8b,transfer,7e9afc100c28,c4,False,train,system,natural_slot,104,65,89,103,False
llama3.1-8b,transfer,7e9afc100c28,c4,False,train,user,natural_slot,106,65,100,105,False
llama3.1-8b,transfer,7e9afc100c28,c4,False,train,tool,natural_slot,126,66,119,125,False
llama3.1-8b,transfer,7e9afc100c28,c4,False,train,assistant,natural_slot,115,65,109,114,False
llama3.1-8b,transfer,3a8c7b70093b,c4,False,train,system,fixed_slot,119,80,104,118,False
llama3.1-8b,transfer,3a8c7b70093b,c4,False,train,user,fixed_slot,130,80,124,129,True
llama3.1-8b,transfer,3a8c7b70093b,c4,False,train,tool,fixed_slot,133,80,126,132,True
llama3.1-8b,transfer,3a8c7b70093b,c4,False,train,assistant,fixed_slot,130,80,124,129,True
llama3.1-8b,transfer,3a8c7b70093b,c4,False,train,system,natural_slot,119,80,104,118,False
llama3.1-8b,transfer,3a8c7b70093b,c4,False,train,user,natural_slot,121,80,115,120,False
llama3.1-8b,transfer,3a8c7b70093b,c4,False,train,tool,natural_slot,141,80,134,140,False
llama3.1-8b,transfer,3a8c7b70093b,c4,False,train,assistant,natural_slot,130,80,124,129,False
llama3.1-8b,transfer,e1192349ba25,c4,False,train,system,fixed_slot,74,35,59,73,False
llama3.1-8b,transfer,e1192349ba25,c4,False,train,user,fixed_slot,85,35,79,84,True
llama3.1-8b,transfer,e1192349ba25,c4,False,train,tool,fixed_slot,86,35,80,85,True
llama3.1-8b,transfer,e1192349ba25,c4,False,train,assistant,fixed_slot,85,35,79,84,True
llama3.1-8b,transfer,e1192349ba25,c4,False,train,system,natural_slot,74,35,59,73,False
llama3.1-8b,transfer,e1192349ba25,c4,False,train,user,natural_slot,76,35,70,75,False
llama3.1-8b,transfer,e1192349ba25,c4,False,train,tool,natural_slot,94,35,88,93,False
llama3.1-8b,transfer,e1192349ba25,c4,False,train,assistant,natural_slot,85,35,79,84,False
llama3.1-8b,transfer,98a6c7be1d87,c4,False,train,system,fixed_slot,86,47,71,85,False
llama3.1-8b,transfer,98a6c7be1d87,c4,False,train,user,fixed_slot,97,47,91,96,True
llama3.1-8b,transfer,98a6c7be1d87,c4,False,train,tool,fixed_slot,99,47,93,98,True
llama3.1-8b,transfer,98a6c7be1d87,c4,False,train,assistant,fixed_slot,97,47,91,96,True
llama3.1-8b,transfer,98a6c7be1d87,c4,False,train,system,natural_slot,86,47,71,85,False
llama3.1-8b,transfer,98a6c7be1d87,c4,False,train,user,natural_slot,88,47,82,87,False
llama3.1-8b,transfer,98a6c7be1d87,c4,False,train,tool,natural_slot,107,47,101,106,False
llama3.1-8b,transfer,98a6c7be1d87,c4,False,train,assistant,natural_slot,97,47,91,96,False
llama3.1-8b,transfer,57759aef9874,c4,False,train,system,fixed_slot,112,73,97,111,False
llama3.1-8b,transfer,57759aef9874,c4,False,train,user,fixed_slot,123,73,117,122,True
llama3.1-8b,transfer,57759aef9874,c4,False,train,tool,fixed_slot,125,73,118,124,True
llama3.1-8b,transfer,57759aef9874,c4,False,train,assistant,fixed_slot,123,73,117,122,True
llama3.1-8b,transfer,57759aef9874,c4,False,train,system,natural_slot,112,73,97,111,False
llama3.1-8b,transfer,57759aef9874,c4,False,train,user,natural_slot,114,73,108,113,False
llama3.1-8b,transfer,57759aef9874,c4,False,train,tool,natural_slot,133,73,126,132,False
llama3.1-8b,transfer,57759aef9874,c4,False,train,assistant,natural_slot,123,73,117,122,False
llama3.1-8b,transfer,4d5beff59818,c4,False,train,system,fixed_slot,90,51,75,89,False
llama3.1-8b,transfer,4d5beff59818,c4,False,train,user,fixed_slot,101,51,95,100,True
llama3.1-8b,transfer,4d5beff59818,c4,False,train,tool,fixed_slot,102,51,96,101,True
llama3.1-8b,transfer,4d5beff59818,c4,False,train,assistant,fixed_slot,101,51,95,100,True
llama3.1-8b,transfer,4d5beff59818,c4,False,train,system,natural_slot,90,51,75,89,False
llama3.1-8b,transfer,4d5beff59818,c4,False,train,user,natural_slot,92,51,86,91,False
llama3.1-8b,transfer,4d5beff59818,c4,False,train,tool,natural_slot,110,51,104,109,False
llama3.1-8b,transfer,4d5beff59818,c4,False,train,assistant,natural_slot,101,51,95,100,False
llama3.1-8b,transfer,c87ebd512268,c4,False,train,system,fixed_slot,85,46,70,84,False
llama3.1-8b,transfer,c87ebd512268,c4,False,train,user,fixed_slot,96,46,90,95,True
llama3.1-8b,transfer,c87ebd512268,c4,False,train,tool,fixed_slot,98,46,92,97,True
llama3.1-8b,transfer,c87ebd512268,c4,False,train,assistant,fixed_slot,96,46,90,95,True
llama3.1-8b,transfer,c87ebd512268,c4,False,train,system,natural_slot,85,46,70,84,False
llama3.1-8b,transfer,c87ebd512268,c4,False,train,user,natural_slot,87,46,81,86,False
llama3.1-8b,transfer,c87ebd512268,c4,False,train,tool,natural_slot,106,46,100,105,False
llama3.1-8b,transfer,c87ebd512268,c4,False,train,assistant,natural_slot,96,46,90,95,False
llama3.1-8b,transfer,4a7d46acab6b,c4,False,train,system,fixed_slot,112,73,97,111,False
llama3.1-8b,transfer,4a7d46acab6b,c4,False,train,user,fixed_slot,123,73,117,122,True
llama3.1-8b,transfer,4a7d46acab6b,c4,False,train,tool,fixed_slot,126,73,119,125,True
llama3.1-8b,transfer,4a7d46acab6b,c4,False,train,assistant,fixed_slot,123,73,117,122,True
llama3.1-8b,transfer,4a7d46acab6b,c4,False,train,system,natural_slot,112,73,97,111,False
llama3.1-8b,transfer,4a7d46acab6b,c4,False,train,user,natural_slot,114,73,108,113,False
llama3.1-8b,transfer,4a7d46acab6b,c4,False,train,tool,natural_slot,134,73,127,133,False
llama3.1-8b,transfer,4a7d46acab6b,c4,False,train,assistant,natural_slot,123,73,117,122,False
llama3.1-8b,transfer,dff692e94675,c4,False,train,system,fixed_slot,110,71,95,109,False
llama3.1-8b,transfer,dff692e94675,c4,False,train,user,fixed_slot,121,71,115,120,True
llama3.1-8b,transfer,dff692e94675,c4,False,train,tool,fixed_slot,123,72,117,122,True
llama3.1-8b,transfer,dff692e94675,c4,False,train,assistant,fixed_slot,121,71,115,120,True
llama3.1-8b,transfer,dff692e94675,c4,False,train,system,natural_slot,110,71,95,109,False
llama3.1-8b,transfer,dff692e94675,c4,False,train,user,natural_slot,112,71,106,111,False
llama3.1-8b,transfer,dff692e94675,c4,False,train,tool,natural_slot,131,72,125,130,False
llama3.1-8b,transfer,dff692e94675,c4,False,train,assistant,natural_slot,121,71,115,120,False
llama3.1-8b,transfer,fc743905a087,c4,False,train,system,fixed_slot,79,40,64,78,False
llama3.1-8b,transfer,fc743905a087,c4,False,train,user,fixed_slot,90,40,84,89,True
llama3.1-8b,transfer,fc743905a087,c4,False,train,tool,fixed_slot,91,40,85,90,True
llama3.1-8b,transfer,fc743905a087,c4,False,train,assistant,fixed_slot,90,40,84,89,True
llama3.1-8b,transfer,fc743905a087,c4,False,train,system,natural_slot,79,40,64,78,False
llama3.1-8b,transfer,fc743905a087,c4,False,train,user,natural_slot,81,40,75,80,False
llama3.1-8b,transfer,fc743905a087,c4,False,train,tool,natural_slot,99,40,93,98,False
llama3.1-8b,transfer,fc743905a087,c4,False,train,assistant,natural_slot,90,40,84,89,False
llama3.1-8b,transfer,e0a3e3b4d631,c4,False,train,system,fixed_slot,96,57,81,95,False
llama3.1-8b,transfer,e0a3e3b4d631,c4,False,train,user,fixed_slot,107,57,101,106,True
llama3.1-8b,transfer,e0a3e3b4d631,c4,False,train,tool,fixed_slot,109,57,103,108,True
llama3.1-8b,transfer,e0a3e3b4d631,c4,False,train,assistant,fixed_slot,107,57,101,106,True
llama3.1-8b,transfer,e0a3e3b4d631,c4,False,train,system,natural_slot,96,57,81,95,False
llama3.1-8b,transfer,e0a3e3b4d631,c4,False,train,user,natural_slot,98,57,92,97,False
llama3.1-8b,transfer,e0a3e3b4d631,c4,False,train,tool,natural_slot,117,57,111,116,False
llama3.1-8b,transfer,e0a3e3b4d631,c4,False,train,assistant,natural_slot,107,57,101,106,False
llama3.1-8b,transfer,44a18a45a70c,c4,False,train,system,fixed_slot,103,64,88,102,False
llama3.1-8b,transfer,44a18a45a70c,c4,False,train,user,fixed_slot,114,64,108,113,True
llama3.1-8b,transfer,44a18a45a70c,c4,False,train,tool,fixed_slot,116,64,109,115,True
llama3.1-8b,transfer,44a18a45a70c,c4,False,train,assistant,fixed_slot,114,64,108,113,True
llama3.1-8b,transfer,44a18a45a70c,c4,False,train,system,natural_slot,103,64,88,102,False
llama3.1-8b,transfer,44a18a45a70c,c4,False,train,user,natural_slot,105,64,99,104,False
llama3.1-8b,transfer,44a18a45a70c,c4,False,train,tool,natural_slot,124,64,117,123,False
llama3.1-8b,transfer,44a18a45a70c,c4,False,train,assistant,natural_slot,114,64,108,113,False
llama3.1-8b,transfer,5522878329e4,c4,False,train,system,fixed_slot,111,72,96,110,False
llama3.1-8b,transfer,5522878329e4,c4,False,train,user,fixed_slot,122,72,116,121,True
llama3.1-8b,transfer,5522878329e4,c4,False,train,tool,fixed_slot,124,72,117,123,True
llama3.1-8b,transfer,5522878329e4,c4,False,train,assistant,fixed_slot,122,72,116,121,True
llama3.1-8b,transfer,5522878329e4,c4,False,train,system,natural_slot,111,72,96,110,False
llama3.1-8b,transfer,5522878329e4,c4,False,train,user,natural_slot,113,72,107,112,False
llama3.1-8b,transfer,5522878329e4,c4,False,train,tool,natural_slot,132,72,125,131,False
llama3.1-8b,transfer,5522878329e4,c4,False,train,assistant,natural_slot,122,72,116,121,False
llama3.1-8b,transfer,1b67419dc4e4,c4,False,test,system,fixed_slot,70,31,55,69,False
llama3.1-8b,transfer,1b67419dc4e4,c4,False,test,user,fixed_slot,81,31,75,80,True
llama3.1-8b,transfer,1b67419dc4e4,c4,False,test,tool,fixed_slot,82,31,76,81,True
llama3.1-8b,transfer,1b67419dc4e4,c4,False,test,assistant,fixed_slot,81,31,75,80,True
llama3.1-8b,transfer,1b67419dc4e4,c4,False,test,system,natural_slot,70,31,55,69,False
llama3.1-8b,transfer,1b67419dc4e4,c4,False,test,user,natural_slot,72,31,66,71,False
llama3.1-8b,transfer,1b67419dc4e4,c4,False,test,tool,natural_slot,90,31,84,89,False
llama3.1-8b,transfer,1b67419dc4e4,c4,False,test,assistant,natural_slot,81,31,75,80,False
llama3.1-8b,transfer,b3752fcc6710,c4,False,train,system,fixed_slot,118,79,103,117,False
llama3.1-8b,transfer,b3752fcc6710,c4,False,train,user,fixed_slot,129,79,123,128,True
llama3.1-8b,transfer,b3752fcc6710,c4,False,train,tool,fixed_slot,130,79,124,129,True
llama3.1-8b,transfer,b3752fcc6710,c4,False,train,assistant,fixed_slot,129,79,123,128,True
llama3.1-8b,transfer,b3752fcc6710,c4,False,train,system,natural_slot,118,79,103,117,False
llama3.1-8b,transfer,b3752fcc6710,c4,False,train,user,natural_slot,120,79,114,119,False
llama3.1-8b,transfer,b3752fcc6710,c4,False,train,tool,natural_slot,138,79,132,137,False
llama3.1-8b,transfer,b3752fcc6710,c4,False,train,assistant,natural_slot,129,79,123,128,False
llama3.1-8b,transfer,f32a4b894394,c4,False,train,system,fixed_slot,107,68,92,106,False
llama3.1-8b,transfer,f32a4b894394,c4,False,train,user,fixed_slot,118,68,112,117,True
llama3.1-8b,transfer,f32a4b894394,c4,False,train,tool,fixed_slot,120,68,113,119,True
llama3.1-8b,transfer,f32a4b894394,c4,False,train,assistant,fixed_slot,118,68,112,117,True
llama3.1-8b,transfer,f32a4b894394,c4,False,train,system,natural_slot,107,68,92,106,False
llama3.1-8b,transfer,f32a4b894394,c4,False,train,user,natural_slot,109,68,103,108,False
llama3.1-8b,transfer,f32a4b894394,c4,False,train,tool,natural_slot,128,68,121,127,False
llama3.1-8b,transfer,f32a4b894394,c4,False,train,assistant,natural_slot,118,68,112,117,False
llama3.1-8b,transfer,46afdb645f25,c4,False,train,system,fixed_slot,82,43,67,81,False
llama3.1-8b,transfer,46afdb645f25,c4,False,train,user,fixed_slot,93,43,87,92,True
llama3.1-8b,transfer,46afdb645f25,c4,False,train,tool,fixed_slot,94,43,88,93,True
llama3.1-8b,transfer,46afdb645f25,c4,False,train,assistant,fixed_slot,93,43,87,92,True
llama3.1-8b,transfer,46afdb645f25,c4,False,train,system,natural_slot,82,43,67,81,False
llama3.1-8b,transfer,46afdb645f25,c4,False,train,user,natural_slot,84,43,78,83,False
llama3.1-8b,transfer,46afdb645f25,c4,False,train,tool,natural_slot,102,43,96,101,False
llama3.1-8b,transfer,46afdb645f25,c4,False,train,assistant,natural_slot,93,43,87,92,False
llama3.1-8b,transfer,2e178187fc79,c4,False,test,system,fixed_slot,108,69,93,107,False
llama3.1-8b,transfer,2e178187fc79,c4,False,test,user,fixed_slot,119,69,113,118,True
llama3.1-8b,transfer,2e178187fc79,c4,False,test,tool,fixed_slot,121,69,114,120,True
llama3.1-8b,transfer,2e178187fc79,c4,False,test,assistant,fixed_slot,119,69,113,118,True
llama3.1-8b,transfer,2e178187fc79,c4,False,test,system,natural_slot,108,69,93,107,False
llama3.1-8b,transfer,2e178187fc79,c4,False,test,user,natural_slot,110,69,104,109,False
llama3.1-8b,transfer,2e178187fc79,c4,False,test,tool,natural_slot,129,69,122,128,False
llama3.1-8b,transfer,2e178187fc79,c4,False,test,assistant,natural_slot,119,69,113,118,False
llama3.1-8b,transfer,23117fc5988f,c4,False,test,system,fixed_slot,95,56,80,94,False
llama3.1-8b,transfer,23117fc5988f,c4,False,test,user,fixed_slot,106,56,100,105,True
llama3.1-8b,transfer,23117fc5988f,c4,False,test,tool,fixed_slot,108,56,102,107,True
llama3.1-8b,transfer,23117fc5988f,c4,False,test,assistant,fixed_slot,106,56,100,105,True
llama3.1-8b,transfer,23117fc5988f,c4,False,test,system,natural_slot,95,56,80,94,False
llama3.1-8b,transfer,23117fc5988f,c4,False,test,user,natural_slot,97,56,91,96,False
llama3.1-8b,transfer,23117fc5988f,c4,False,test,tool,natural_slot,116,56,110,115,False
llama3.1-8b,transfer,23117fc5988f,c4,False,test,assistant,natural_slot,106,56,100,105,False
llama3.1-8b,transfer,e6ee4da6a878,c4,False,train,system,fixed_slot,128,89,113,127,False
llama3.1-8b,transfer,e6ee4da6a878,c4,False,train,user,fixed_slot,139,89,133,138,True
llama3.1-8b,transfer,e6ee4da6a878,c4,False,train,tool,fixed_slot,142,89,135,141,True
llama3.1-8b,transfer,e6ee4da6a878,c4,False,train,assistant,fixed_slot,139,89,133,138,True
llama3.1-8b,transfer,e6ee4da6a878,c4,False,train,system,natural_slot,128,89,113,127,False
llama3.1-8b,transfer,e6ee4da6a878,c4,False,train,user,natural_slot,130,89,124,129,False
llama3.1-8b,transfer,e6ee4da6a878,c4,False,train,tool,natural_slot,150,89,143,149,False
llama3.1-8b,transfer,e6ee4da6a878,c4,False,train,assistant,natural_slot,139,89,133,138,False
llama3.1-8b,transfer,ace16899552a,c4,False,train,system,fixed_slot,80,41,65,79,False
llama3.1-8b,transfer,ace16899552a,c4,False,train,user,fixed_slot,91,41,85,90,True
llama3.1-8b,transfer,ace16899552a,c4,False,train,tool,fixed_slot,93,41,87,92,True
llama3.1-8b,transfer,ace16899552a,c4,False,train,assistant,fixed_slot,91,41,85,90,True
llama3.1-8b,transfer,ace16899552a,c4,False,train,system,natural_slot,80,41,65,79,False
llama3.1-8b,transfer,ace16899552a,c4,False,train,user,natural_slot,82,41,76,81,False
llama3.1-8b,transfer,ace16899552a,c4,False,train,tool,natural_slot,101,41,95,100,False
llama3.1-8b,transfer,ace16899552a,c4,False,train,assistant,natural_slot,91,41,85,90,False
llama3.1-8b,transfer,7be69fecd522,c4,False,train,system,fixed_slot,100,61,85,99,False
llama3.1-8b,transfer,7be69fecd522,c4,False,train,user,fixed_slot,111,61,105,110,True
llama3.1-8b,transfer,7be69fecd522,c4,False,train,tool,fixed_slot,113,61,107,112,True
llama3.1-8b,transfer,7be69fecd522,c4,False,train,assistant,fixed_slot,111,61,105,110,True
llama3.1-8b,transfer,7be69fecd522,c4,False,train,system,natural_slot,100,61,85,99,False
llama3.1-8b,transfer,7be69fecd522,c4,False,train,user,natural_slot,102,61,96,101,False
llama3.1-8b,transfer,7be69fecd522,c4,False,train,tool,natural_slot,121,61,115,120,False
llama3.1-8b,transfer,7be69fecd522,c4,False,train,assistant,natural_slot,111,61,105,110,False
llama3.1-8b,transfer,cfa255603abe,c4,False,test,system,fixed_slot,116,77,101,115,False
llama3.1-8b,transfer,cfa255603abe,c4,False,test,user,fixed_slot,127,77,121,126,True
llama3.1-8b,transfer,cfa255603abe,c4,False,test,tool,fixed_slot,129,77,122,128,True
llama3.1-8b,transfer,cfa255603abe,c4,False,test,assistant,fixed_slot,127,77,121,126,True
llama3.1-8b,transfer,cfa255603abe,c4,False,test,system,natural_slot,116,77,101,115,False
llama3.1-8b,transfer,cfa255603abe,c4,False,test,user,natural_slot,118,77,112,117,False
llama3.1-8b,transfer,cfa255603abe,c4,False,test,tool,natural_slot,137,77,130,136,False
llama3.1-8b,transfer,cfa255603abe,c4,False,test,assistant,natural_slot,127,77,121,126,False
llama3.1-8b,transfer,e6a32029c862,c4,False,train,system,fixed_slot,109,70,94,108,False
llama3.1-8b,transfer,e6a32029c862,c4,False,train,user,fixed_slot,120,70,114,119,True
llama3.1-8b,transfer,e6a32029c862,c4,False,train,tool,fixed_slot,122,70,115,121,True
llama3.1-8b,transfer,e6a32029c862,c4,False,train,assistant,fixed_slot,120,70,114,119,True
llama3.1-8b,transfer,e6a32029c862,c4,False,train,system,natural_slot,109,70,94,108,False
llama3.1-8b,transfer,e6a32029c862,c4,False,train,user,natural_slot,111,70,105,110,False
llama3.1-8b,transfer,e6a32029c862,c4,False,train,tool,natural_slot,130,70,123,129,False
llama3.1-8b,transfer,e6a32029c862,c4,False,train,assistant,natural_slot,120,70,114,119,False
llama3.1-8b,transfer,f55d99ed0374,c4,False,train,system,fixed_slot,104,65,89,103,False
llama3.1-8b,transfer,f55d99ed0374,c4,False,train,user,fixed_slot,115,65,109,114,True
llama3.1-8b,transfer,f55d99ed0374,c4,False,train,tool,fixed_slot,117,65,110,116,True
llama3.1-8b,transfer,f55d99ed0374,c4,False,train,assistant,fixed_slot,115,65,109,114,True
llama3.1-8b,transfer,f55d99ed0374,c4,False,train,system,natural_slot,104,65,89,103,False
llama3.1-8b,transfer,f55d99ed0374,c4,False,train,user,natural_slot,106,65,100,105,False
llama3.1-8b,transfer,f55d99ed0374,c4,False,train,tool,natural_slot,125,65,118,124,False
llama3.1-8b,transfer,f55d99ed0374,c4,False,train,assistant,natural_slot,115,65,109,114,False
llama3.1-8b,transfer,23ebe3e9d5f9,c4,False,train,system,fixed_slot,98,59,83,97,False
llama3.1-8b,transfer,23ebe3e9d5f9,c4,False,train,user,fixed_slot,109,59,103,108,True
llama3.1-8b,transfer,23ebe3e9d5f9,c4,False,train,tool,fixed_slot,110,59,104,109,True
llama3.1-8b,transfer,23ebe3e9d5f9,c4,False,train,assistant,fixed_slot,109,59,103,108,True
llama3.1-8b,transfer,23ebe3e9d5f9,c4,False,train,system,natural_slot,98,59,83,97,False
llama3.1-8b,transfer,23ebe3e9d5f9,c4,False,train,user,natural_slot,100,59,94,99,False
llama3.1-8b,transfer,23ebe3e9d5f9,c4,False,train,tool,natural_slot,118,59,112,117,False
llama3.1-8b,transfer,23ebe3e9d5f9,c4,False,train,assistant,natural_slot,109,59,103,108,False
llama3.1-8b,transfer,53557a1a26e4,c4,False,test,system,fixed_slot,94,55,79,93,False
llama3.1-8b,transfer,53557a1a26e4,c4,False,test,user,fixed_slot,105,55,99,104,True
llama3.1-8b,transfer,53557a1a26e4,c4,False,test,tool,fixed_slot,106,55,100,105,True
llama3.1-8b,transfer,53557a1a26e4,c4,False,test,assistant,fixed_slot,105,55,99,104,True
llama3.1-8b,transfer,53557a1a26e4,c4,False,test,system,natural_slot,94,55,79,93,False
llama3.1-8b,transfer,53557a1a26e4,c4,False,test,user,natural_slot,96,55,90,95,False
llama3.1-8b,transfer,53557a1a26e4,c4,False,test,tool,natural_slot,114,55,108,113,False
llama3.1-8b,transfer,53557a1a26e4,c4,False,test,assistant,natural_slot,105,55,99,104,False
llama3.1-8b,transfer,80714b877f45,c4,False,train,system,fixed_slot,113,74,98,112,False
llama3.1-8b,transfer,80714b877f45,c4,False,train,user,fixed_slot,124,74,118,123,True
llama3.1-8b,transfer,80714b877f45,c4,False,train,tool,fixed_slot,126,74,119,125,True
llama3.1-8b,transfer,80714b877f45,c4,False,train,assistant,fixed_slot,124,74,118,123,True
llama3.1-8b,transfer,80714b877f45,c4,False,train,system,natural_slot,113,74,98,112,False
llama3.1-8b,transfer,80714b877f45,c4,False,train,user,natural_slot,115,74,109,114,False
llama3.1-8b,transfer,80714b877f45,c4,False,train,tool,natural_slot,134,74,127,133,False
llama3.1-8b,transfer,80714b877f45,c4,False,train,assistant,natural_slot,124,74,118,123,False
llama3.1-8b,transfer,7715bc6cac40,c4,False,train,system,fixed_slot,110,71,95,109,False
llama3.1-8b,transfer,7715bc6cac40,c4,False,train,user,fixed_slot,121,71,115,120,True
llama3.1-8b,transfer,7715bc6cac40,c4,False,train,tool,fixed_slot,123,71,117,122,True
llama3.1-8b,transfer,7715bc6cac40,c4,False,train,assistant,fixed_slot,121,71,115,120,True
llama3.1-8b,transfer,7715bc6cac40,c4,False,train,system,natural_slot,110,71,95,109,False
llama3.1-8b,transfer,7715bc6cac40,c4,False,train,user,natural_slot,112,71,106,111,False
llama3.1-8b,transfer,7715bc6cac40,c4,False,train,tool,natural_slot,131,71,125,130,False
llama3.1-8b,transfer,7715bc6cac40,c4,False,train,assistant,natural_slot,121,71,115,120,False
llama3.1-8b,transfer,ffee1ea34464,c4,False,train,system,fixed_slot,75,36,60,74,False
llama3.1-8b,transfer,ffee1ea34464,c4,False,train,user,fixed_slot,86,36,80,85,True
llama3.1-8b,transfer,ffee1ea34464,c4,False,train,tool,fixed_slot,87,36,81,86,True
llama3.1-8b,transfer,ffee1ea34464,c4,False,train,assistant,fixed_slot,86,36,80,85,True
llama3.1-8b,transfer,ffee1ea34464,c4,False,train,system,natural_slot,75,36,60,74,False
llama3.1-8b,transfer,ffee1ea34464,c4,False,train,user,natural_slot,77,36,71,76,False
llama3.1-8b,transfer,ffee1ea34464,c4,False,train,tool,natural_slot,95,36,89,94,False
llama3.1-8b,transfer,ffee1ea34464,c4,False,train,assistant,natural_slot,86,36,80,85,False
llama3.1-8b,transfer,4fde9d931be1,c4,False,train,system,fixed_slot,73,34,58,72,False
llama3.1-8b,transfer,4fde9d931be1,c4,False,train,user,fixed_slot,84,34,78,83,True
llama3.1-8b,transfer,4fde9d931be1,c4,False,train,tool,fixed_slot,86,34,80,85,True
llama3.1-8b,transfer,4fde9d931be1,c4,False,train,assistant,fixed_slot,84,34,78,83,True
llama3.1-8b,transfer,4fde9d931be1,c4,False,train,system,natural_slot,73,34,58,72,False
llama3.1-8b,transfer,4fde9d931be1,c4,False,train,user,natural_slot,75,34,69,74,False
llama3.1-8b,transfer,4fde9d931be1,c4,False,train,tool,natural_slot,94,34,88,93,False
llama3.1-8b,transfer,4fde9d931be1,c4,False,train,assistant,natural_slot,84,34,78,83,False
llama3.1-8b,transfer,63d56580c9f8,c4,False,train,system,fixed_slot,87,48,72,86,False
llama3.1-8b,transfer,63d56580c9f8,c4,False,train,user,fixed_slot,98,48,92,97,True
llama3.1-8b,transfer,63d56580c9f8,c4,False,train,tool,fixed_slot,99,48,93,98,True
llama3.1-8b,transfer,63d56580c9f8,c4,False,train,assistant,fixed_slot,98,48,92,97,True
llama3.1-8b,transfer,63d56580c9f8,c4,False,train,system,natural_slot,87,48,72,86,False
llama3.1-8b,transfer,63d56580c9f8,c4,False,train,user,natural_slot,89,48,83,88,False
llama3.1-8b,transfer,63d56580c9f8,c4,False,train,tool,natural_slot,107,48,101,106,False
llama3.1-8b,transfer,63d56580c9f8,c4,False,train,assistant,natural_slot,98,48,92,97,False
llama3.1-8b,transfer,825874a70a05,c4,False,train,system,fixed_slot,102,63,87,101,False
llama3.1-8b,transfer,825874a70a05,c4,False,train,user,fixed_slot,113,63,107,112,True
llama3.1-8b,transfer,825874a70a05,c4,False,train,tool,fixed_slot,115,63,109,114,True
llama3.1-8b,transfer,825874a70a05,c4,False,train,assistant,fixed_slot,113,63,107,112,True
llama3.1-8b,transfer,825874a70a05,c4,False,train,system,natural_slot,102,63,87,101,False
llama3.1-8b,transfer,825874a70a05,c4,False,train,user,natural_slot,104,63,98,103,False
llama3.1-8b,transfer,825874a70a05,c4,False,train,tool,natural_slot,123,63,117,122,False
llama3.1-8b,transfer,825874a70a05,c4,False,train,assistant,natural_slot,113,63,107,112,False
llama3.1-8b,transfer,b1782b87f7db,c4,False,train,system,fixed_slot,85,46,70,84,False
llama3.1-8b,transfer,b1782b87f7db,c4,False,train,user,fixed_slot,96,46,90,95,True
llama3.1-8b,transfer,b1782b87f7db,c4,False,train,tool,fixed_slot,97,46,91,96,True
llama3.1-8b,transfer,b1782b87f7db,c4,False,train,assistant,fixed_slot,96,46,90,95,True
llama3.1-8b,transfer,b1782b87f7db,c4,False,train,system,natural_slot,85,46,70,84,False
llama3.1-8b,transfer,b1782b87f7db,c4,False,train,user,natural_slot,87,46,81,86,False
llama3.1-8b,transfer,b1782b87f7db,c4,False,train,tool,natural_slot,105,46,99,104,False
llama3.1-8b,transfer,b1782b87f7db,c4,False,train,assistant,natural_slot,96,46,90,95,False
llama3.1-8b,transfer,eafd118ec064,c4,False,test,system,fixed_slot,114,75,99,113,False
llama3.1-8b,transfer,eafd118ec064,c4,False,test,user,fixed_slot,125,75,119,124,True
llama3.1-8b,transfer,eafd118ec064,c4,False,test,tool,fixed_slot,126,75,120,125,True
llama3.1-8b,transfer,eafd118ec064,c4,False,test,assistant,fixed_slot,125,75,119,124,True
llama3.1-8b,transfer,eafd118ec064,c4,False,test,system,natural_slot,114,75,99,113,False
llama3.1-8b,transfer,eafd118ec064,c4,False,test,user,natural_slot,116,75,110,115,False
llama3.1-8b,transfer,eafd118ec064,c4,False,test,tool,natural_slot,134,75,128,133,False
llama3.1-8b,transfer,eafd118ec064,c4,False,test,assistant,natural_slot,125,75,119,124,False
llama3.1-8b,transfer,e099505cdc23,c4,False,test,system,fixed_slot,89,50,74,88,False
llama3.1-8b,transfer,e099505cdc23,c4,False,test,user,fixed_slot,100,50,94,99,True
llama3.1-8b,transfer,e099505cdc23,c4,False,test,tool,fixed_slot,101,50,95,100,True
llama3.1-8b,transfer,e099505cdc23,c4,False,test,assistant,fixed_slot,100,50,94,99,True
llama3.1-8b,transfer,e099505cdc23,c4,False,test,system,natural_slot,89,50,74,88,False
llama3.1-8b,transfer,e099505cdc23,c4,False,test,user,natural_slot,91,50,85,90,False
llama3.1-8b,transfer,e099505cdc23,c4,False,test,tool,natural_slot,109,50,103,108,False
llama3.1-8b,transfer,e099505cdc23,c4,False,test,assistant,natural_slot,100,50,94,99,False
llama3.1-8b,transfer,2033d0d0b9ee,c4,False,train,system,fixed_slot,116,77,101,115,False
llama3.1-8b,transfer,2033d0d0b9ee,c4,False,train,user,fixed_slot,127,77,121,126,True
llama3.1-8b,transfer,2033d0d0b9ee,c4,False,train,tool,fixed_slot,130,77,123,129,True
llama3.1-8b,transfer,2033d0d0b9ee,c4,False,train,assistant,fixed_slot,127,77,121,126,True
llama3.1-8b,transfer,2033d0d0b9ee,c4,False,train,system,natural_slot,116,77,101,115,False
llama3.1-8b,transfer,2033d0d0b9ee,c4,False,train,user,natural_slot,118,77,112,117,False
llama3.1-8b,transfer,2033d0d0b9ee,c4,False,train,tool,natural_slot,138,77,131,137,False
llama3.1-8b,transfer,2033d0d0b9ee,c4,False,train,assistant,natural_slot,127,77,121,126,False
llama3.1-8b,transfer,97d82bfdedca,c4,False,test,system,fixed_slot,115,76,100,114,False
llama3.1-8b,transfer,97d82bfdedca,c4,False,test,user,fixed_slot,126,76,120,125,True
llama3.1-8b,transfer,97d82bfdedca,c4,False,test,tool,fixed_slot,129,76,122,128,True
llama3.1-8b,transfer,97d82bfdedca,c4,False,test,assistant,fixed_slot,126,76,120,125,True
llama3.1-8b,transfer,97d82bfdedca,c4,False,test,system,natural_slot,115,76,100,114,False
llama3.1-8b,transfer,97d82bfdedca,c4,False,test,user,natural_slot,117,76,111,116,False
llama3.1-8b,transfer,97d82bfdedca,c4,False,test,tool,natural_slot,137,76,130,136,False
llama3.1-8b,transfer,97d82bfdedca,c4,False,test,assistant,natural_slot,126,76,120,125,False
llama3.1-8b,transfer,cfaadcf8b286,c4,False,train,system,fixed_slot,111,72,96,110,False
llama3.1-8b,transfer,cfaadcf8b286,c4,False,train,user,fixed_slot,122,72,116,121,True
llama3.1-8b,transfer,cfaadcf8b286,c4,False,train,tool,fixed_slot,125,72,118,124,True
llama3.1-8b,transfer,cfaadcf8b286,c4,False,train,assistant,fixed_slot,122,72,116,121,True
llama3.1-8b,transfer,cfaadcf8b286,c4,False,train,system,natural_slot,111,72,96,110,False
llama3.1-8b,transfer,cfaadcf8b286,c4,False,train,user,natural_slot,113,72,107,112,False
llama3.1-8b,transfer,cfaadcf8b286,c4,False,train,tool,natural_slot,133,72,126,132,False
llama3.1-8b,transfer,cfaadcf8b286,c4,False,train,assistant,natural_slot,122,72,116,121,False
llama3.1-8b,transfer,1a21e1280e11,c4,False,train,system,fixed_slot,73,34,58,72,False
llama3.1-8b,transfer,1a21e1280e11,c4,False,train,user,fixed_slot,84,34,78,83,True
llama3.1-8b,transfer,1a21e1280e11,c4,False,train,tool,fixed_slot,85,34,79,84,True
llama3.1-8b,transfer,1a21e1280e11,c4,False,train,assistant,fixed_slot,84,34,78,83,True
llama3.1-8b,transfer,1a21e1280e11,c4,False,train,system,natural_slot,73,34,58,72,False
llama3.1-8b,transfer,1a21e1280e11,c4,False,train,user,natural_slot,75,34,69,74,False
llama3.1-8b,transfer,1a21e1280e11,c4,False,train,tool,natural_slot,93,34,87,92,False
llama3.1-8b,transfer,1a21e1280e11,c4,False,train,assistant,natural_slot,84,34,78,83,False
llama3.1-8b,transfer,b368090355d3,c4,False,train,system,fixed_slot,81,42,66,80,False
llama3.1-8b,transfer,b368090355d3,c4,False,train,user,fixed_slot,92,42,86,91,True
llama3.1-8b,transfer,b368090355d3,c4,False,train,tool,fixed_slot,94,42,88,93,True
llama3.1-8b,transfer,b368090355d3,c4,False,train,assistant,fixed_slot,92,42,86,91,True
llama3.1-8b,transfer,b368090355d3,c4,False,train,system,natural_slot,81,42,66,80,False
llama3.1-8b,transfer,b368090355d3,c4,False,train,user,natural_slot,83,42,77,82,False
llama3.1-8b,transfer,b368090355d3,c4,False,train,tool,natural_slot,102,42,96,101,False
llama3.1-8b,transfer,b368090355d3,c4,False,train,assistant,natural_slot,92,42,86,91,False
llama3.1-8b,transfer,cc7c7def599c,c4,False,train,system,fixed_slot,101,62,86,100,False
llama3.1-8b,transfer,cc7c7def599c,c4,False,train,user,fixed_slot,112,62,106,111,True
llama3.1-8b,transfer,cc7c7def599c,c4,False,train,tool,fixed_slot,113,62,107,112,True
llama3.1-8b,transfer,cc7c7def599c,c4,False,train,assistant,fixed_slot,112,62,106,111,True
llama3.1-8b,transfer,cc7c7def599c,c4,False,train,system,natural_slot,101,62,86,100,False
llama3.1-8b,transfer,cc7c7def599c,c4,False,train,user,natural_slot,103,62,97,102,False
llama3.1-8b,transfer,cc7c7def599c,c4,False,train,tool,natural_slot,121,62,115,120,False
llama3.1-8b,transfer,cc7c7def599c,c4,False,train,assistant,natural_slot,112,62,106,111,False
