model,stage,steer_layer,read_layer,source,target,alpha,abs_alpha,delta,ci_low,ci_high,delta_auc,mean_kl,kl_harmless,random_kl_harmless,content_ratio,refusal_rate,d_refusal,d_refusal_harmful,d_refusal_harmless,margin_shift,class_gap
qwen3.5-9b,C,7,8,R_harm,R_harm,0.25,0.25,0.22842653095722198,0.22603458315134048,0.23075968213379383,0.0004000067710876465,0.0025741844438016415,0.0049309819005429745,0.0025808495556702837,1.9106041612186602,0.49,0.010000000000000009,0.0,0.02,0.09718749672174454,1.976116418838501
qwen3.5-9b,C,7,8,R_harm,R_control,0.25,0.25,-0.046143822371959686,-0.048700814694166185,-0.04362788023427129,-0.0040000081062316895,0.0025741844438016415,0.0049309819005429745,0.0025808495556702837,1.9106041612186602,0.49,0.010000000000000009,0.0,0.02,0.09718749672174454,1.0689592361450195
qwen3.5-9b,C,7,8,R_harm,R_role,0.25,0.25,-0.023090271279215813,-0.02371999965980649,-0.022450652811676262,0.007999986410140991,0.0025741844438016415,0.0049309819005429745,0.0025808495556702837,1.9106041612186602,0.49,0.010000000000000009,0.0,0.02,0.09718749672174454,4.93510103225708
qwen3.5-9b,C,7,19,R_harm,R_harm,0.25,0.25,0.005828531924635172,0.0035583906690590085,0.00827333154156804,-0.0012000203132629395,0.0025741844438016415,0.0049309819005429745,0.0025808495556702837,1.9106041612186602,0.49,0.010000000000000009,0.0,0.02,0.09718749672174454,23.36080551147461
qwen3.5-9b,C,7,19,R_harm,R_control,0.25,0.25,0.0021840762346982956,-0.0010804371966514736,0.005665899615269153,-0.0004000067710876465,0.0025741844438016415,0.0049309819005429745,0.0025808495556702837,1.9106041612186602,0.49,0.010000000000000009,0.0,0.02,0.09718749672174454,15.32968807220459
qwen3.5-9b,C,7,19,R_harm,R_role,0.25,0.25,-0.008440366014838219,-0.011779357399791478,-0.004997054801788182,-0.010399997234344482,0.0025741844438016415,0.0049309819005429745,0.0025808495556702837,1.9106041612186602,0.49,0.010000000000000009,0.0,0.02,0.09718749672174454,12.593536376953125
qwen3.5-9b,C,7,31,R_harm,R_harm,0.25,0.25,0.005384813528507948,0.003648712229914963,0.007444926316384225,-0.0004000067710876465,0.0025741844438016415,0.0049309819005429745,0.0025808495556702837,1.9106041612186602,0.49,0.010000000000000009,0.0,0.02,0.09718749672174454,118.91390991210938
qwen3.5-9b,C,7,31,R_harm,R_control,0.25,0.25,0.005909128114581108,0.0035298138041980564,0.00882718360517174,-0.0003999471664428711,0.0025741844438016415,0.0049309819005429745,0.0025808495556702837,1.9106041612186602,0.49,0.010000000000000009,0.0,0.02,0.09718749672174454,76.66504669189453
qwen3.5-9b,C,7,31,R_harm,R_role,0.25,0.25,-0.003078789683058858,-0.006704513903241604,0.00043009127257391376,-0.0012000203132629395,0.0025741844438016415,0.0049309819005429745,0.0025808495556702837,1.9106041612186602,0.49,0.010000000000000009,0.0,0.02,0.09718749672174454,60.2837028503418
qwen3.5-9b,C,7,8,R_harm,R_harm,-0.25,0.25,-0.23046396672725677,-0.23248629756271838,-0.22843497358262538,0.0,0.004006020724773407,0.007646879646927118,0.0025808495556702837,2.962931190671869,0.48,0.0,0.0,0.0,-0.12031249701976776,1.976116418838501
qwen3.5-9b,C,7,8,R_harm,R_control,-0.25,0.25,0.04271388426423073,0.04003445440903306,0.045213865023106335,0.0031999945640563965,0.004006020724773407,0.007646879646927118,0.0025808495556702837,2.962931190671869,0.48,0.0,0.0,0.0,-0.12031249701976776,1.0689592361450195
qwen3.5-9b,C,7,8,R_harm,R_role,-0.25,0.25,0.024181509390473366,0.023574254615232347,0.024807754065841438,-0.010399997234344482,0.004006020724773407,0.007646879646927118,0.0025808495556702837,2.962931190671869,0.48,0.0,0.0,0.0,-0.12031249701976776,4.93510103225708
qwen3.5-9b,C,7,19,R_harm,R_harm,-0.25,0.25,-0.0071523552760481834,-0.009398987772874534,-0.004925099085085096,0.000800013542175293,0.004006020724773407,0.007646879646927118,0.0025808495556702837,2.962931190671869,0.48,0.0,0.0,0.0,-0.12031249701976776,23.36080551147461
qwen3.5-9b,C,7,19,R_harm,R_control,-0.25,0.25,-0.004077286925166845,-0.0074610889190807935,-0.0008086339264991706,0.001600027084350586,0.004006020724773407,0.007646879646927118,0.0025808495556702837,2.962931190671869,0.48,0.0,0.0,0.0,-0.12031249701976776,15.32968807220459
qwen3.5-9b,C,7,19,R_harm,R_role,-0.25,0.25,0.004919110331684351,0.0014375994796864688,0.008117544976994394,0.012400031089782715,0.004006020724773407,0.007646879646927118,0.0025808495556702837,2.962931190671869,0.48,0.0,0.0,0.0,-0.12031249701976776,12.593536376953125
qwen3.5-9b,C,7,31,R_harm,R_harm,-0.25,0.25,-0.0060630422085523605,-0.008171445969492198,-0.004273531166836623,0.0,0.004006020724773407,0.007646879646927118,0.0025808495556702837,2.962931190671869,0.48,0.0,0.0,0.0,-0.12031249701976776,118.91390991210938
qwen3.5-9b,C,7,31,R_harm,R_control,-0.25,0.25,-0.0066752140410244465,-0.01005122580099851,-0.004154136683791877,0.0012000203132629395,0.004006020724773407,0.007646879646927118,0.0025808495556702837,2.962931190671869,0.48,0.0,0.0,0.0,-0.12031249701976776,76.66504669189453
qwen3.5-9b,C,7,31,R_harm,R_role,-0.25,0.25,0.00022261831327341497,-0.004058859799988568,0.004335183429066091,0.0067999958992004395,0.004006020724773407,0.007646879646927118,0.0025808495556702837,2.962931190671869,0.48,0.0,0.0,0.0,-0.12031249701976776,60.2837028503418
qwen3.5-9b,C,7,8,R_harm,R_harm,0.5,0.5,0.44912758469581604,0.44424994066357615,0.4541552685201168,0.0004000067710876465,0.009209191426634789,0.01767408289015293,0.007937832648167387,2.226562800392795,0.49,0.010000000000000009,0.0,0.02,0.2265625,1.976116418838501
qwen3.5-9b,C,7,8,R_harm,R_control,0.5,0.5,-0.08670257776975632,-0.09121035281568765,-0.08192099630832672,-0.006400018930435181,0.009209191426634789,0.01767408289015293,0.007937832648167387,2.226562800392795,0.49,0.010000000000000009,0.0,0.02,0.2265625,1.0689592361450195
qwen3.5-9b,C,7,8,R_harm,R_role,0.5,0.5,-0.04517616331577301,-0.046419219207018615,-0.043920282274484634,0.021600008010864258,0.009209191426634789,0.01767408289015293,0.007937832648167387,2.226562800392795,0.49,0.010000000000000009,0.0,0.02,0.2265625,4.93510103225708
qwen3.5-9b,C,7,19,R_harm,R_harm,0.5,0.5,0.01071818545460701,0.006262887176126242,0.015345509862527248,-0.0012000203132629395,0.009209191426634789,0.01767408289015293,0.007937832648167387,2.226562800392795,0.49,0.010000000000000009,0.0,0.02,0.2265625,23.36080551147461
qwen3.5-9b,C,7,19,R_harm,R_control,0.5,0.5,0.0029027496930211782,-0.0034579018072690816,0.009344332036562252,-0.0023999810218811035,0.009209191426634789,0.01767408289015293,0.007937832648167387,2.226562800392795,0.49,0.010000000000000009,0.0,0.02,0.2265625,15.32968807220459
qwen3.5-9b,C,7,19,R_harm,R_role,0.5,0.5,-0.019173525273799896,-0.024486688850447535,-0.013814146607182923,-0.02120000123977661,0.009209191426634789,0.01767408289015293,0.007937832648167387,2.226562800392795,0.49,0.010000000000000009,0.0,0.02,0.2265625,12.593536376953125
qwen3.5-9b,C,7,31,R_harm,R_harm,0.5,0.5,0.010871200822293758,0.007346724800299853,0.01492262550164014,-0.0012000203132629395,0.009209191426634789,0.01767408289015293,0.007937832648167387,2.226562800392795,0.49,0.010000000000000009,0.0,0.02,0.2265625,118.91390991210938
qwen3.5-9b,C,7,31,R_harm,R_control,0.5,0.5,0.010580459609627724,0.005973622913006693,0.01624711542390286,-0.001999974250793457,0.009209191426634789,0.01767408289015293,0.007937832648167387,2.226562800392795,0.49,0.010000000000000009,0.0,0.02,0.2265625,76.66504669189453
qwen3.5-9b,C,7,31,R_harm,R_role,0.5,0.5,-0.0043828594498336315,-0.010828688880428672,0.001976494042901322,-0.005199998617172241,0.009209191426634789,0.01767408289015293,0.007937832648167387,2.226562800392795,0.49,0.010000000000000009,0.0,0.02,0.2265625,60.2837028503418
qwen3.5-9b,C,7,8,R_harm,R_harm,-0.5,0.5,-0.45796138048171997,-0.4614955440163612,-0.45445327162742616,0.0004000067710876465,0.01486931648105383,0.028451338410377502,0.007937832648167387,3.584270375988096,0.48,0.0,0.0,0.0,-0.25593748688697815,1.976116418838501
qwen3.5-9b,C,7,8,R_harm,R_control,-0.5,0.5,0.07480242848396301,0.07025110721588135,0.07907190825790167,0.004799991846084595,0.01486931648105383,0.028451338410377502,0.007937832648167387,3.584270375988096,0.48,0.0,0.0,0.0,-0.25593748688697815,1.0689592361450195
qwen3.5-9b,C,7,8,R_harm,R_role,-0.5,0.5,0.049656543880701065,0.04854299919679761,0.050815234612673524,-0.020799994468688965,0.01486931648105383,0.028451338410377502,0.007937832648167387,3.584270375988096,0.48,0.0,0.0,0.0,-0.25593748688697815,4.93510103225708
qwen3.5-9b,C,7,19,R_harm,R_harm,-0.5,0.5,-0.01510126143693924,-0.019837879249826072,-0.010648449952714146,0.000800013542175293,0.01486931648105383,0.028451338410377502,0.007937832648167387,3.584270375988096,0.48,0.0,0.0,0.0,-0.25593748688697815,23.36080551147461
qwen3.5-9b,C,7,19,R_harm,R_control,-0.5,0.5,-0.00917793344706297,-0.01590459905564785,-0.002684814209351322,0.00279998779296875,0.01486931648105383,0.028451338410377502,0.007937832648167387,3.584270375988096,0.48,0.0,0.0,0.0,-0.25593748688697815,15.32968807220459
qwen3.5-9b,C,7,19,R_harm,R_role,-0.5,0.5,0.009985116310417652,0.0037552170921117066,0.01602068780921399,0.026000022888183594,0.01486931648105383,0.028451338410377502,0.007937832648167387,3.584270375988096,0.48,0.0,0.0,0.0,-0.25593748688697815,12.593536376953125
qwen3.5-9b,C,7,31,R_harm,R_harm,-0.5,0.5,-0.013051808811724186,-0.016824215510860087,-0.009687305288389327,0.0012000203132629395,0.01486931648105383,0.028451338410377502,0.007937832648167387,3.584270375988096,0.48,0.0,0.0,0.0,-0.25593748688697815,118.91390991210938
qwen3.5-9b,C,7,31,R_harm,R_control,-0.5,0.5,-0.01394390594214201,-0.020521531719714402,-0.00884447302669287,0.0020000338554382324,0.01486931648105383,0.028451338410377502,0.007937832648167387,3.584270375988096,0.48,0.0,0.0,0.0,-0.25593748688697815,76.66504669189453
qwen3.5-9b,C,7,31,R_harm,R_role,-0.5,0.5,0.001058728201314807,-0.0063660632818937305,0.008252708800137041,0.01479998230934143,0.01486931648105383,0.028451338410377502,0.007937832648167387,3.584270375988096,0.48,0.0,0.0,0.0,-0.25593748688697815,60.2837028503418
qwen3.5-9b,C,7,8,R_harm,R_harm,1.0,1.0,0.8856223225593567,0.873794624209404,0.897659307718277,0.0,0.02961072139441967,0.056652363389730453,0.02956344257108867,1.916297916032728,0.49,0.010000000000000009,0.0,0.02,0.42625001072883606,1.976116418838501
qwen3.5-9b,C,7,8,R_harm,R_control,1.0,1.0,-0.18879224359989166,-0.1983090430498123,-0.17854879088699818,-0.010399997234344482,0.02961072139441967,0.056652363389730453,0.02956344257108867,1.916297916032728,0.49,0.010000000000000009,0.0,0.02,0.42625001072883606,1.0689592361450195
qwen3.5-9b,C,7,8,R_harm,R_role,1.0,1.0,-0.08582404255867004,-0.08831076752394437,-0.08339536637067795,0.03720000386238098,0.02961072139441967,0.056652363389730453,0.02956344257108867,1.916297916032728,0.49,0.010000000000000009,0.0,0.02,0.42625001072883606,4.93510103225708
qwen3.5-9b,C,7,19,R_harm,R_harm,1.0,1.0,0.016278665512800217,0.0076870124088600274,0.024867635918781144,-0.0015999674797058105,0.02961072139441967,0.056652363389730453,0.02956344257108867,1.916297916032728,0.49,0.010000000000000009,0.0,0.02,0.42625001072883606,23.36080551147461
qwen3.5-9b,C,7,19,R_harm,R_control,1.0,1.0,-0.0017386926338076591,-0.013318250840529799,0.010387916211038815,-0.0040000081062316895,0.02961072139441967,0.056652363389730453,0.02956344257108867,1.916297916032728,0.49,0.010000000000000009,0.0,0.02,0.42625001072883606,15.32968807220459
qwen3.5-9b,C,7,19,R_harm,R_role,1.0,1.0,-0.043011970818042755,-0.05210467725992203,-0.03352624382823706,-0.035999953746795654,0.02961072139441967,0.056652363389730453,0.02956344257108867,1.916297916032728,0.49,0.010000000000000009,0.0,0.02,0.42625001072883606,12.593536376953125
qwen3.5-9b,C,7,31,R_harm,R_harm,1.0,1.0,0.017564792186021805,0.011308401124551892,0.024638974899426097,-0.001600027084350586,0.02961072139441967,0.056652363389730453,0.02956344257108867,1.916297916032728,0.49,0.010000000000000009,0.0,0.02,0.42625001072883606,118.91390991210938
qwen3.5-9b,C,7,31,R_harm,R_control,1.0,1.0,0.017816608771681786,0.00947425002232194,0.027977152587845916,-0.0031999945640563965,0.02961072139441967,0.056652363389730453,0.02956344257108867,1.916297916032728,0.49,0.010000000000000009,0.0,0.02,0.42625001072883606,76.66504669189453
qwen3.5-9b,C,7,31,R_harm,R_role,1.0,1.0,-0.005683037452399731,-0.017324143927544354,0.005889472225680938,-0.0040000081062316895,0.02961072139441967,0.056652363389730453,0.02956344257108867,1.916297916032728,0.49,0.010000000000000009,0.0,0.02,0.42625001072883606,60.2837028503418
qwen3.5-9b,C,7,8,R_harm,R_harm,-1.0,1.0,-0.9208396673202515,-0.9280040115118027,-0.9137986436486244,-0.0004000067710876465,0.058538440614938736,0.11153795570135117,0.02956344257108867,3.772833810986167,0.48,0.0,0.0,0.0,-0.535937488079071,1.976116418838501
qwen3.5-9b,C,7,8,R_harm,R_control,-1.0,1.0,0.14369803667068481,0.13445846624672414,0.15213230922818183,0.013199985027313232,0.058538440614938736,0.11153795570135117,0.02956344257108867,3.772833810986167,0.48,0.0,0.0,0.0,-0.535937488079071,1.0689592361450195
qwen3.5-9b,C,7,8,R_harm,R_role,-1.0,1.0,0.1030891016125679,0.10105391796678305,0.10518698934465646,-0.03880000114440918,0.058538440614938736,0.11153795570135117,0.02956344257108867,3.772833810986167,0.48,0.0,0.0,0.0,-0.535937488079071,4.93510103225708
qwen3.5-9b,C,7,19,R_harm,R_harm,-1.0,1.0,-0.03369313105940819,-0.04330151528120041,-0.02409064900130034,0.0012000203132629395,0.058538440614938736,0.11153795570135117,0.02956344257108867,3.772833810986167,0.48,0.0,0.0,0.0,-0.535937488079071,23.36080551147461
qwen3.5-9b,C,7,19,R_harm,R_control,-1.0,1.0,-0.02323799394071102,-0.037313771154731515,-0.009609224135056141,0.0031999945640563965,0.058538440614938736,0.11153795570135117,0.02956344257108867,3.772833810986167,0.48,0.0,0.0,0.0,-0.535937488079071,15.32968807220459
qwen3.5-9b,C,7,19,R_harm,R_role,-1.0,1.0,0.01700066775083542,0.004409355798270553,0.028976991865783928,0.03800004720687866,0.058538440614938736,0.11153795570135117,0.02956344257108867,3.772833810986167,0.48,0.0,0.0,0.0,-0.535937488079071,12.593536376953125
qwen3.5-9b,C,7,31,R_harm,R_harm,-1.0,1.0,-0.025874711573123932,-0.03318938631564379,-0.019506401382386684,0.0012000203132629395,0.058538440614938736,0.11153795570135117,0.02956344257108867,3.772833810986167,0.48,0.0,0.0,0.0,-0.535937488079071,118.91390991210938
qwen3.5-9b,C,7,31,R_harm,R_control,-1.0,1.0,-0.02803346887230873,-0.04001016803085804,-0.018564347643405203,0.0028000473976135254,0.058538440614938736,0.11153795570135117,0.02956344257108867,3.772833810986167,0.48,0.0,0.0,0.0,-0.535937488079071,76.66504669189453
qwen3.5-9b,C,7,31,R_harm,R_role,-1.0,1.0,0.0033956626430153847,-0.011986650107428432,0.017976666009053583,0.03679996728897095,0.058538440614938736,0.11153795570135117,0.02956344257108867,3.772833810986167,0.48,0.0,0.0,0.0,-0.535937488079071,60.2837028503418
qwen3.5-9b,C,7,8,R_harm,R_harm,2.0,2.0,1.6773511171340942,1.6497886925935745,1.7040937334299087,-0.000800013542175293,0.09295273572206497,0.1747419238090515,0.09694742504507303,1.8024400723155882,0.52,0.040000000000000036,0.020000000000000018,0.06,0.8407812714576721,1.976116418838501
qwen3.5-9b,C,7,8,R_harm,R_control,2.0,2.0,-0.38543641567230225,-0.40579690262675283,-0.3639169804751873,-0.015599995851516724,0.09295273572206497,0.1747419238090515,0.09694742504507303,1.8024400723155882,0.52,0.040000000000000036,0.020000000000000018,0.06,0.8407812714576721,1.0689592361450195
qwen3.5-9b,C,7,8,R_harm,R_role,2.0,2.0,-0.15803059935569763,-0.16254626512527465,-0.15370730310678482,0.055599987506866455,0.09295273572206497,0.1747419238090515,0.09694742504507303,1.8024400723155882,0.52,0.040000000000000036,0.020000000000000018,0.06,0.8407812714576721,4.93510103225708
qwen3.5-9b,C,7,19,R_harm,R_harm,2.0,2.0,0.014062473550438881,-0.002869776252191514,0.03025143542326986,-0.0031999945640563965,0.09295273572206497,0.1747419238090515,0.09694742504507303,1.8024400723155882,0.52,0.040000000000000036,0.020000000000000018,0.06,0.8407812714576721,23.36080551147461
qwen3.5-9b,C,7,19,R_harm,R_control,2.0,2.0,-0.029222087934613228,-0.051603653095662595,-0.007000040274579085,-0.012000024318695068,0.09295273572206497,0.1747419238090515,0.09694742504507303,1.8024400723155882,0.52,0.040000000000000036,0.020000000000000018,0.06,0.8407812714576721,15.32968807220459
qwen3.5-9b,C,7,19,R_harm,R_role,2.0,2.0,-0.1095203086733818,-0.12507253065705298,-0.0939108271151781,-0.04519999027252197,0.09295273572206497,0.1747419238090515,0.09694742504507303,1.8024400723155882,0.52,0.040000000000000036,0.020000000000000018,0.06,0.8407812714576721,12.593536376953125
qwen3.5-9b,C,7,31,R_harm,R_harm,2.0,2.0,0.02380365878343582,0.012809093110263348,0.03570281779393553,-0.003600001335144043,0.09295273572206497,0.1747419238090515,0.09694742504507303,1.8024400723155882,0.52,0.040000000000000036,0.020000000000000018,0.06,0.8407812714576721,118.91390991210938
qwen3.5-9b,C,7,31,R_harm,R_control,2.0,2.0,0.02560436725616455,0.011716357129625977,0.04154137987643478,-0.007999956607818604,0.09295273572206497,0.1747419238090515,0.09694742504507303,1.8024400723155882,0.52,0.040000000000000036,0.020000000000000018,0.06,0.8407812714576721,76.66504669189453
qwen3.5-9b,C,7,31,R_harm,R_role,2.0,2.0,-0.011572166346013546,-0.03301437208428979,0.008442979631945484,0.012400001287460327,0.09295273572206497,0.1747419238090515,0.09694742504507303,1.8024400723155882,0.52,0.040000000000000036,0.020000000000000018,0.06,0.8407812714576721,60.2837028503418
qwen3.5-9b,C,7,8,R_harm,R_harm,-2.0,2.0,-1.7821239233016968,-1.8028051644563674,-1.7619129210710525,-0.004799962043762207,0.18463565409183502,0.3196224272251129,0.09694742504507303,3.296863501805368,0.47,-0.010000000000000009,0.0,-0.02,-1.0831249952316284,1.976116418838501
qwen3.5-9b,C,7,8,R_harm,R_control,-2.0,2.0,0.20999474823474884,0.1905731126666069,0.22783691808581352,0.030399978160858154,0.18463565409183502,0.3196224272251129,0.09694742504507303,3.296863501805368,0.47,-0.010000000000000009,0.0,-0.02,-1.0831249952316284,1.0689592361450195
qwen3.5-9b,C,7,8,R_harm,R_role,-2.0,2.0,0.21803195774555206,0.21501464992761612,0.2209719568490982,-0.06000000238418579,0.18463565409183502,0.3196224272251129,0.09694742504507303,3.296863501805368,0.47,-0.010000000000000009,0.0,-0.02,-1.0831249952316284,4.93510103225708
qwen3.5-9b,C,7,19,R_harm,R_harm,-2.0,2.0,-0.07300246506929398,-0.09322648793458939,-0.054202506225556134,0.001600027084350586,0.18463565409183502,0.3196224272251129,0.09694742504507303,3.296863501805368,0.47,-0.010000000000000009,0.0,-0.02,-1.0831249952316284,23.36080551147461
qwen3.5-9b,C,7,19,R_harm,R_control,-2.0,2.0,-0.05228652432560921,-0.08104645647108555,-0.025674008578062058,0.000800013542175293,0.18463565409183502,0.3196224272251129,0.09694742504507303,3.296863501805368,0.47,-0.010000000000000009,0.0,-0.02,-1.0831249952316284,15.32968807220459
qwen3.5-9b,C,7,19,R_harm,R_role,-2.0,2.0,0.03342931345105171,0.009677602048031987,0.055206518340855826,0.009600043296813965,0.18463565409183502,0.3196224272251129,0.09694742504507303,3.296863501805368,0.47,-0.010000000000000009,0.0,-0.02,-1.0831249952316284,12.593536376953125
qwen3.5-9b,C,7,31,R_harm,R_harm,-2.0,2.0,-0.05319679155945778,-0.06736719999462366,-0.040150492452085025,0.0012000203132629395,0.18463565409183502,0.3196224272251129,0.09694742504507303,3.296863501805368,0.47,-0.010000000000000009,0.0,-0.02,-1.0831249952316284,118.91390991210938
qwen3.5-9b,C,7,31,R_harm,R_control,-2.0,2.0,-0.054624151438474655,-0.07636967096477747,-0.037051123660057805,0.002400040626525879,0.18463565409183502,0.3196224272251129,0.09694742504507303,3.296863501805368,0.47,-0.010000000000000009,0.0,-0.02,-1.0831249952316284,76.66504669189453
qwen3.5-9b,C,7,31,R_harm,R_role,-2.0,2.0,0.02022331953048706,-0.010658723884262145,0.047159641142934534,0.09520000219345093,0.18463565409183502,0.3196224272251129,0.09694742504507303,3.296863501805368,0.47,-0.010000000000000009,0.0,-0.02,-1.0831249952316284,60.2837028503418
qwen3.5-9b,C,7,8,R_harm,R_harm,4.0,4.0,3.016566276550293,2.9676810622215273,3.0661725044250487,-0.006399989128112793,0.32549595832824707,0.5977989435195923,0.2774599976837635,2.154541009550994,0.55,0.07000000000000006,0.040000000000000036,0.09999999999999999,1.7649999856948853,1.976116418838501
qwen3.5-9b,C,7,8,R_harm,R_control,4.0,4.0,-0.7807846665382385,-0.8208110570907593,-0.7375799357891083,-0.02000001072883606,0.32549595832824707,0.5977989435195923,0.2774599976837635,2.154541009550994,0.55,0.07000000000000006,0.040000000000000036,0.09999999999999999,1.7649999856948853,1.0689592361450195
qwen3.5-9b,C,7,8,R_harm,R_role,4.0,4.0,-0.2910717725753784,-0.29752002060413363,-0.2848880060017109,0.03880000114440918,0.32549595832824707,0.5977989435195923,0.2774599976837635,2.154541009550994,0.55,0.07000000000000006,0.040000000000000036,0.09999999999999999,1.7649999856948853,4.93510103225708
qwen3.5-9b,C,7,19,R_harm,R_harm,4.0,4.0,-0.052885737270116806,-0.09289459623396397,-0.01561375060118739,-0.01239997148513794,0.32549595832824707,0.5977989435195923,0.2774599976837635,2.154541009550994,0.55,0.07000000000000006,0.040000000000000036,0.09999999999999999,1.7649999856948853,23.36080551147461
qwen3.5-9b,C,7,19,R_harm,R_control,4.0,4.0,-0.16808763146400452,-0.21797530427575112,-0.12022908963263036,-0.025600016117095947,0.32549595832824707,0.5977989435195923,0.2774599976837635,2.154541009550994,0.55,0.07000000000000006,0.040000000000000036,0.09999999999999999,1.7649999856948853,15.32968807220459
qwen3.5-9b,C,7,19,R_harm,R_role,4.0,4.0,-0.31362298130989075,-0.3393030591309071,-0.2881838582456112,-0.09880000352859497,0.32549595832824707,0.5977989435195923,0.2774599976837635,2.154541009550994,0.55,0.07000000000000006,0.040000000000000036,0.09999999999999999,1.7649999856948853,12.593536376953125
qwen3.5-9b,C,7,31,R_harm,R_harm,4.0,4.0,-0.005737002938985825,-0.030573369329795243,0.019070012122392635,-0.007200002670288086,0.32549595832824707,0.5977989435195923,0.2774599976837635,2.154541009550994,0.55,0.07000000000000006,0.040000000000000036,0.09999999999999999,1.7649999856948853,118.91390991210938
qwen3.5-9b,C,7,31,R_harm,R_control,4.0,4.0,0.0029738275334239006,-0.024828540021553637,0.030648591089993713,-0.01919996738433838,0.32549595832824707,0.5977989435195923,0.2774599976837635,2.154541009550994,0.55,0.07000000000000006,0.040000000000000036,0.09999999999999999,1.7649999856948853,76.66504669189453
qwen3.5-9b,C,7,31,R_harm,R_role,4.0,4.0,-0.06094074621796608,-0.09829810094088316,-0.023445144575089224,0.029999971389770508,0.32549595832824707,0.5977989435195923,0.2774599976837635,2.154541009550994,0.55,0.07000000000000006,0.040000000000000036,0.09999999999999999,1.7649999856948853,60.2837028503418
qwen3.5-9b,C,7,8,R_harm,R_harm,-4.0,4.0,-3.138310432434082,-3.1936901330947878,-3.082368123531342,-0.018799960613250732,0.6505742073059082,0.7126218676567078,0.2774599976837635,2.568376968232092,0.4,-0.07999999999999996,-0.1399999999999999,-0.02,-2.104687452316284,1.976116418838501
qwen3.5-9b,C,7,8,R_harm,R_control,-4.0,4.0,0.1582629531621933,0.11709562372416257,0.19804050438106058,0.07719999551773071,0.6505742073059082,0.7126218676567078,0.2774599976837635,2.568376968232092,0.4,-0.07999999999999996,-0.1399999999999999,-0.02,-2.104687452316284,1.0689592361450195
qwen3.5-9b,C,7,8,R_harm,R_role,-4.0,4.0,0.4386259913444519,0.4344597928225994,0.4424287423491478,-0.036799997091293335,0.6505742073059082,0.7126218676567078,0.2774599976837635,2.568376968232092,0.4,-0.07999999999999996,-0.1399999999999999,-0.02,-2.104687452316284,4.93510103225708
qwen3.5-9b,C,7,19,R_harm,R_harm,-4.0,4.0,-0.1379459649324417,-0.1753253534436226,-0.10203136578202249,-0.0059999823570251465,0.6505742073059082,0.7126218676567078,0.2774599976837635,2.568376968232092,0.4,-0.07999999999999996,-0.1399999999999999,-0.02,-2.104687452316284,23.36080551147461
qwen3.5-9b,C,7,19,R_harm,R_control,-4.0,4.0,-0.09846393764019012,-0.153165191039443,-0.04762038551270972,-0.02240002155303955,0.6505742073059082,0.7126218676567078,0.2774599976837635,2.568376968232092,0.4,-0.07999999999999996,-0.1399999999999999,-0.02,-2.104687452316284,15.32968807220459
qwen3.5-9b,C,7,19,R_harm,R_role,-4.0,4.0,0.193449005484581,0.15664728321135044,0.22846297435462473,-0.1395999789237976,0.6505742073059082,0.7126218676567078,0.2774599976837635,2.568376968232092,0.4,-0.07999999999999996,-0.1399999999999999,-0.02,-2.104687452316284,12.593536376953125
qwen3.5-9b,C,7,31,R_harm,R_harm,-4.0,4.0,-0.1255691796541214,-0.15577976033091545,-0.09735736530274156,-0.0004000067710876465,0.6505742073059082,0.7126218676567078,0.2774599976837635,2.568376968232092,0.4,-0.07999999999999996,-0.1399999999999999,-0.02,-2.104687452316284,118.91390991210938
qwen3.5-9b,C,7,31,R_harm,R_control,-4.0,4.0,-0.09470218420028687,-0.1333055842667818,-0.05707852663472296,-0.011999964714050293,0.6505742073059082,0.7126218676567078,0.2774599976837635,2.568376968232092,0.4,-0.07999999999999996,-0.1399999999999999,-0.02,-2.104687452316284,76.66504669189453
qwen3.5-9b,C,7,31,R_harm,R_role,-4.0,4.0,0.10496295988559723,0.05484859133139253,0.15209502205252648,0.10759997367858887,0.6505742073059082,0.7126218676567078,0.2774599976837635,2.568376968232092,0.4,-0.07999999999999996,-0.1399999999999999,-0.02,-2.104687452316284,60.2837028503418
qwen3.5-9b,C,7,8,R_control,R_harm,0.25,0.25,-0.0037838181015104055,-0.0045531499199569225,-0.002990663022501394,0.0004000067710876465,0.0010005788644775748,0.0016307213809341192,0.0025808495556702837,0.6318544904530855,0.49,0.010000000000000009,0.0,0.02,-0.02437499910593033,1.976116418838501
qwen3.5-9b,C,7,8,R_control,R_control,0.25,0.25,0.20403185486793518,0.20157010294497013,0.20642919167876245,-0.005199998617172241,0.0010005788644775748,0.0016307213809341192,0.0025808495556702837,0.6318544904530855,0.49,0.010000000000000009,0.0,0.02,-0.02437499910593033,1.0689592361450195
qwen3.5-9b,C,7,8,R_control,R_role,0.25,0.25,-0.004596414975821972,-0.004925141634885222,-0.004284795990679413,-0.000800013542175293,0.0010005788644775748,0.0016307213809341192,0.0025808495556702837,0.6318544904530855,0.49,0.010000000000000009,0.0,0.02,-0.02437499910593033,4.93510103225708
qwen3.5-9b,C,7,19,R_control,R_harm,0.25,0.25,0.0022394286934286356,0.0011630291148321704,0.0033298610826022895,0.0,0.0010005788644775748,0.0016307213809341192,0.0025808495556702837,0.6318544904530855,0.49,0.010000000000000009,0.0,0.02,-0.02437499910593033,23.36080551147461
qwen3.5-9b,C,7,19,R_control,R_control,0.25,0.25,0.006520119495689869,0.004937202739529312,0.008227857598103582,0.0004000067710876465,0.0010005788644775748,0.0016307213809341192,0.0025808495556702837,0.6318544904530855,0.49,0.010000000000000009,0.0,0.02,-0.02437499910593033,15.32968807220459
qwen3.5-9b,C,7,19,R_control,R_role,0.25,0.25,0.0052027832716703415,0.003420504677342251,0.00706388580147177,0.005600035190582275,0.0010005788644775748,0.0016307213809341192,0.0025808495556702837,0.6318544904530855,0.49,0.010000000000000009,0.0,0.02,-0.02437499910593033,12.593536376953125
qwen3.5-9b,C,7,31,R_control,R_harm,0.25,0.25,0.003417808096855879,0.0023504680953919887,0.0045305191772058604,-0.0004000067710876465,0.0010005788644775748,0.0016307213809341192,0.0025808495556702837,0.6318544904530855,0.49,0.010000000000000009,0.0,0.02,-0.02437499910593033,118.91390991210938
qwen3.5-9b,C,7,31,R_control,R_control,0.25,0.25,0.0042920829728245735,0.002933578088413924,0.005891500017605722,-0.0007999539375305176,0.0010005788644775748,0.0016307213809341192,0.0025808495556702837,0.6318544904530855,0.49,0.010000000000000009,0.0,0.02,-0.02437499910593033,76.66504669189453
qwen3.5-9b,C,7,31,R_control,R_role,0.25,0.25,-0.008067989721894264,-0.010691866814158856,-0.005365108791738749,0.00279998779296875,0.0010005788644775748,0.0016307213809341192,0.0025808495556702837,0.6318544904530855,0.49,0.010000000000000009,0.0,0.02,-0.02437499910593033,60.2837028503418
qwen3.5-9b,C,7,8,R_control,R_harm,-0.25,0.25,0.004355947487056255,0.0035341613227501513,0.005163817154243588,0.0004000067710876465,0.0012261406518518925,0.0020438069477677345,0.0025808495556702837,0.7919124705573659,0.48,0.0,0.0,0.0,0.01875000074505806,1.976116418838501
qwen3.5-9b,C,7,8,R_control,R_control,-0.25,0.25,-0.20657232403755188,-0.20876212045550346,-0.2043243259191513,0.00279998779296875,0.0012261406518518925,0.0020438069477677345,0.0025808495556702837,0.7919124705573659,0.48,0.0,0.0,0.0,0.01875000074505806,1.0689592361450195
qwen3.5-9b,C,7,8,R_control,R_role,-0.25,0.25,0.004947456996887922,0.004645538295153529,0.005252879380714148,-0.0031999945640563965,0.0012261406518518925,0.0020438069477677345,0.0025808495556702837,0.7919124705573659,0.48,0.0,0.0,0.0,0.01875000074505806,4.93510103225708
qwen3.5-9b,C,7,19,R_control,R_harm,-0.25,0.25,-0.0026060810778290033,-0.0035999925923533736,-0.0017032790521625432,0.0,0.0012261406518518925,0.0020438069477677345,0.0025808495556702837,0.7919124705573659,0.48,0.0,0.0,0.0,0.01875000074505806,23.36080551147461
qwen3.5-9b,C,7,19,R_control,R_control,-0.25,0.25,-0.007046121172606945,-0.008463719324208797,-0.005651459761429578,0.0,0.0012261406518518925,0.0020438069477677345,0.0025808495556702837,0.7919124705573659,0.48,0.0,0.0,0.0,0.01875000074505806,15.32968807220459
qwen3.5-9b,C,7,19,R_control,R_role,-0.25,0.25,-0.006111781578511,-0.008086777199059725,-0.00434693670831621,-0.0007999539375305176,0.0012261406518518925,0.0020438069477677345,0.0025808495556702837,0.7919124705573659,0.48,0.0,0.0,0.0,0.01875000074505806,12.593536376953125
qwen3.5-9b,C,7,31,R_control,R_harm,-0.25,0.25,-0.003664502175524831,-0.004609811690170318,-0.0027518663206137716,0.0,0.0012261406518518925,0.0020438069477677345,0.0025808495556702837,0.7919124705573659,0.48,0.0,0.0,0.0,0.01875000074505806,118.91390991210938
qwen3.5-9b,C,7,31,R_control,R_control,-0.25,0.25,-0.0047251214273273945,-0.006330089922994375,-0.0033032489300239844,0.0004000067710876465,0.0012261406518518925,0.0020438069477677345,0.0025808495556702837,0.7919124705573659,0.48,0.0,0.0,0.0,0.01875000074505806,76.66504669189453
qwen3.5-9b,C,7,31,R_control,R_role,-0.25,0.25,0.005819156765937805,0.0031955404672771694,0.008505719201639287,0.0011999905109405518,0.0012261406518518925,0.0020438069477677345,0.0025808495556702837,0.7919124705573659,0.48,0.0,0.0,0.0,0.01875000074505806,60.2837028503418
qwen3.5-9b,C,7,8,R_control,R_harm,0.5,0.5,-0.012407058849930763,-0.013544610957615078,-0.011258822632953525,0.0,0.0025334178935736418,0.004224467556923628,0.007937832648167387,0.5321940817055313,0.49,0.010000000000000009,0.0,0.02,-0.05656249821186066,1.976116418838501
qwen3.5-9b,C,7,8,R_control,R_control,0.5,0.5,0.41556262969970703,0.4112442314624786,0.420031613856554,-0.008000016212463379,0.0025334178935736418,0.004224467556923628,0.007937832648167387,0.5321940817055313,0.49,0.010000000000000009,0.0,0.02,-0.05656249821186066,1.0689592361450195
qwen3.5-9b,C,7,8,R_control,R_role,0.5,0.5,-0.008597987703979015,-0.009128330927342176,-0.008122305315919221,0.00279998779296875,0.0025334178935736418,0.004224467556923628,0.007937832648167387,0.5321940817055313,0.49,0.010000000000000009,0.0,0.02,-0.05656249821186066,4.93510103225708
qwen3.5-9b,C,7,19,R_control,R_harm,0.5,0.5,0.0045423018746078014,0.00277360983309336,0.006500171241350471,0.0,0.0025334178935736418,0.004224467556923628,0.007937832648167387,0.5321940817055313,0.49,0.010000000000000009,0.0,0.02,-0.05656249821186066,23.36080551147461
qwen3.5-9b,C,7,19,R_control,R_control,0.5,0.5,0.012926649302244186,0.010252988431602716,0.015893835807219148,0.000800013542175293,0.0025334178935736418,0.004224467556923628,0.007937832648167387,0.5321940817055313,0.49,0.010000000000000009,0.0,0.02,-0.05656249821186066,15.32968807220459
qwen3.5-9b,C,7,19,R_control,R_role,0.5,0.5,0.00910548958927393,0.006199459219351411,0.012008604570291936,0.002400040626525879,0.0025334178935736418,0.004224467556923628,0.007937832648167387,0.5321940817055313,0.49,0.010000000000000009,0.0,0.02,-0.05656249821186066,12.593536376953125
qwen3.5-9b,C,7,31,R_control,R_harm,0.5,0.5,0.006412571761757135,0.004801306873559952,0.008242415683344006,-0.0004000067710876465,0.0025334178935736418,0.004224467556923628,0.007937832648167387,0.5321940817055313,0.49,0.010000000000000009,0.0,0.02,-0.05656249821186066,118.91390991210938
qwen3.5-9b,C,7,31,R_control,R_control,0.5,0.5,0.00753794563934207,0.0054871936095878485,0.010006283246912061,-0.001199960708618164,0.0025334178935736418,0.004224467556923628,0.007937832648167387,0.5321940817055313,0.49,0.010000000000000009,0.0,0.02,-0.05656249821186066,76.66504669189453
qwen3.5-9b,C,7,31,R_control,R_role,0.5,0.5,-0.013888257555663586,-0.01775118140503764,-0.00990775206591934,-0.0004000067710876465,0.0025334178935736418,0.004224467556923628,0.007937832648167387,0.5321940817055313,0.49,0.010000000000000009,0.0,0.02,-0.05656249821186066,60.2837028503418
qwen3.5-9b,C,7,8,R_control,R_harm,-0.5,0.5,0.013226239942014217,0.012253105663694442,0.014290656917728484,0.0,0.0039056905079632998,0.006707032211124897,0.007937832648167387,0.8449450257273129,0.48,0.0,0.0,0.0,0.019062500447034836,1.976116418838501
qwen3.5-9b,C,7,8,R_control,R_control,-0.5,0.5,-0.4202272295951843,-0.4247406259179115,-0.41593578532338144,0.004799991846084595,0.0039056905079632998,0.006707032211124897,0.007937832648167387,0.8449450257273129,0.48,0.0,0.0,0.0,0.019062500447034836,1.0689592361450195
qwen3.5-9b,C,7,8,R_control,R_role,-0.5,0.5,0.010352849029004574,0.009868786903098226,0.010851946426555514,-0.005600005388259888,0.0039056905079632998,0.006707032211124897,0.007937832648167387,0.8449450257273129,0.48,0.0,0.0,0.0,0.019062500447034836,4.93510103225708
qwen3.5-9b,C,7,19,R_control,R_harm,-0.5,0.5,-0.005567618645727634,-0.007535701512824744,-0.003761133743682877,-0.000800013542175293,0.0039056905079632998,0.006707032211124897,0.007937832648167387,0.8449450257273129,0.48,0.0,0.0,0.0,0.019062500447034836,23.36080551147461
qwen3.5-9b,C,7,19,R_control,R_control,-0.5,0.5,-0.014608320780098438,-0.017514225374907256,-0.01190606968011707,-0.0004000067710876465,0.0039056905079632998,0.006707032211124897,0.007937832648167387,0.8449450257273129,0.48,0.0,0.0,0.0,0.019062500447034836,15.32968807220459
qwen3.5-9b,C,7,19,R_control,R_role,-0.5,0.5,-0.01165912114083767,-0.015002697636373342,-0.008620661776512864,-0.0015999674797058105,0.0039056905079632998,0.006707032211124897,0.007937832648167387,0.8449450257273129,0.48,0.0,0.0,0.0,0.019062500447034836,12.593536376953125
qwen3.5-9b,C,7,31,R_control,R_harm,-0.5,0.5,-0.006987656466662884,-0.00872942372225225,-0.005386121780611575,0.0,0.0039056905079632998,0.006707032211124897,0.007937832648167387,0.8449450257273129,0.48,0.0,0.0,0.0,0.019062500447034836,118.91390991210938
qwen3.5-9b,C,7,31,R_control,R_control,-0.5,0.5,-0.008799798786640167,-0.011651354795321821,-0.006397751800250264,0.0004000067710876465,0.0039056905079632998,0.006707032211124897,0.007937832648167387,0.8449450257273129,0.48,0.0,0.0,0.0,0.019062500447034836,76.66504669189453
qwen3.5-9b,C,7,31,R_control,R_role,-0.5,0.5,0.012306516058743,0.007591650064568967,0.017196349147707218,0.0059999823570251465,0.0039056905079632998,0.006707032211124897,0.007937832648167387,0.8449450257273129,0.48,0.0,0.0,0.0,0.019062500447034836,60.2837028503418
qwen3.5-9b,C,7,8,R_control,R_harm,1.0,1.0,-0.023637404665350914,-0.025780409621074796,-0.021390117611736058,-0.0004000067710876465,0.009584522806107998,0.016543293371796608,0.02956344257108867,0.5595861622683613,0.49,0.010000000000000009,0.0,0.02,-0.13750000298023224,1.976116418838501
qwen3.5-9b,C,7,8,R_control,R_control,1.0,1.0,0.8228838443756104,0.8145402938127517,0.831614100933075,-0.01320001482963562,0.009584522806107998,0.016543293371796608,0.02956344257108867,0.5595861622683613,0.49,0.010000000000000009,0.0,0.02,-0.13750000298023224,1.0689592361450195
qwen3.5-9b,C,7,8,R_control,R_role,1.0,1.0,-0.015759354457259178,-0.01681971768848598,-0.014807581598870457,0.004399985074996948,0.009584522806107998,0.016543293371796608,0.02956344257108867,0.5595861622683613,0.49,0.010000000000000009,0.0,0.02,-0.13750000298023224,4.93510103225708
qwen3.5-9b,C,7,19,R_control,R_harm,1.0,1.0,0.009294328279793262,0.005670272163115442,0.013189339404925698,0.0,0.009584522806107998,0.016543293371796608,0.02956344257108867,0.5595861622683613,0.49,0.010000000000000009,0.0,0.02,-0.13750000298023224,23.36080551147461
qwen3.5-9b,C,7,19,R_control,R_control,1.0,1.0,0.026408618316054344,0.021004591276869176,0.03228641208261251,0.000800013542175293,0.009584522806107998,0.016543293371796608,0.02956344257108867,0.5595861622683613,0.49,0.010000000000000009,0.0,0.02,-0.13750000298023224,15.32968807220459
qwen3.5-9b,C,7,19,R_control,R_role,1.0,1.0,0.021193675696849823,0.01558510058093816,0.02715795962139964,0.0020000338554382324,0.009584522806107998,0.016543293371796608,0.02956344257108867,0.5595861622683613,0.49,0.010000000000000009,0.0,0.02,-0.13750000298023224,12.593536376953125
qwen3.5-9b,C,7,31,R_control,R_harm,1.0,1.0,0.013679690659046173,0.010519440844655037,0.017239864263683555,-0.0004000067710876465,0.009584522806107998,0.016543293371796608,0.02956344257108867,0.5595861622683613,0.49,0.010000000000000009,0.0,0.02,-0.13750000298023224,118.91390991210938
qwen3.5-9b,C,7,31,R_control,R_control,1.0,1.0,0.016323737800121307,0.012178320554085076,0.021543035050854087,-0.0015999674797058105,0.009584522806107998,0.016543293371796608,0.02956344257108867,0.5595861622683613,0.49,0.010000000000000009,0.0,0.02,-0.13750000298023224,76.66504669189453
qwen3.5-9b,C,7,31,R_control,R_role,1.0,1.0,-0.02730291336774826,-0.03498170468956232,-0.01908072684891522,-0.003600001335144043,0.009584522806107998,0.016543293371796608,0.02956344257108867,0.5595861622683613,0.49,0.010000000000000009,0.0,0.02,-0.13750000298023224,60.2837028503418
qwen3.5-9b,C,7,8,R_control,R_harm,-1.0,1.0,0.025085577741265297,0.02338676410727203,0.026975623751059174,0.0004000067710876465,0.0142999067902565,0.026014404371380806,0.02956344257108867,0.8799517954929031,0.48,0.0,0.0,0.0,0.028437500819563866,1.976116418838501
qwen3.5-9b,C,7,8,R_control,R_control,-1.0,1.0,-0.8386048674583435,-0.8478271991014481,-0.8295138627290726,0.009999990463256836,0.0142999067902565,0.026014404371380806,0.02956344257108867,0.8799517954929031,0.48,0.0,0.0,0.0,0.028437500819563866,1.0689592361450195
qwen3.5-9b,C,7,8,R_control,R_role,-1.0,1.0,0.022509384900331497,0.021650502132251857,0.023369694082066416,-0.011200010776519775,0.0142999067902565,0.026014404371380806,0.02956344257108867,0.8799517954929031,0.48,0.0,0.0,0.0,0.028437500819563866,4.93510103225708
qwen3.5-9b,C,7,19,R_control,R_harm,-1.0,1.0,-0.012323010712862015,-0.01644025552086532,-0.008584332722239197,-0.000800013542175293,0.0142999067902565,0.026014404371380806,0.02956344257108867,0.8799517954929031,0.48,0.0,0.0,0.0,0.028437500819563866,23.36080551147461
qwen3.5-9b,C,7,19,R_control,R_control,-1.0,1.0,-0.03055601753294468,-0.03656611274927855,-0.02495504873804748,-0.000800013542175293,0.0142999067902565,0.026014404371380806,0.02956344257108867,0.8799517954929031,0.48,0.0,0.0,0.0,0.028437500819563866,15.32968807220459
qwen3.5-9b,C,7,19,R_control,R_role,-1.0,1.0,-0.021152181550860405,-0.027373932348564268,-0.015042409929446882,-0.007599949836730957,0.0142999067902565,0.026014404371380806,0.02956344257108867,0.8799517954929031,0.48,0.0,0.0,0.0,0.028437500819563866,12.593536376953125
qwen3.5-9b,C,7,31,R_control,R_harm,-1.0,1.0,-0.014105450361967087,-0.017454774025827645,-0.010982262878678742,0.0004000067710876465,0.0142999067902565,0.026014404371380806,0.02956344257108867,0.8799517954929031,0.48,0.0,0.0,0.0,0.028437500819563866,118.91390991210938
qwen3.5-9b,C,7,31,R_control,R_control,-1.0,1.0,-0.018103284761309624,-0.02387339831329882,-0.013339977618306876,0.000800013542175293,0.0142999067902565,0.026014404371380806,0.02956344257108867,0.8799517954929031,0.48,0.0,0.0,0.0,0.028437500819563866,76.66504669189453
qwen3.5-9b,C,7,31,R_control,R_role,-1.0,1.0,0.025038892403244972,0.01573530351743102,0.035355811193585385,0.01199999451637268,0.0142999067902565,0.026014404371380806,0.02956344257108867,0.8799517954929031,0.48,0.0,0.0,0.0,0.028437500819563866,60.2837028503418
qwen3.5-9b,C,7,8,R_control,R_harm,2.0,2.0,-0.04322784021496773,-0.04887310275807977,-0.03746949192136526,0.0,0.027178509160876274,0.048281535506248474,0.09694742504507303,0.4980177192308234,0.49,0.010000000000000009,0.0,0.02,-0.2890625,1.976116418838501
qwen3.5-9b,C,7,8,R_control,R_control,2.0,2.0,1.6012580394744873,1.5849907398223877,1.6188839316368102,-0.024800002574920654,0.027178509160876274,0.048281535506248474,0.09694742504507303,0.4980177192308234,0.49,0.010000000000000009,0.0,0.02,-0.2890625,1.0689592361450195
qwen3.5-9b,C,7,8,R_control,R_role,2.0,2.0,-0.025621863082051277,-0.027706582378596068,-0.023791974317282437,0.011200010776519775,0.027178509160876274,0.048281535506248474,0.09694742504507303,0.4980177192308234,0.49,0.010000000000000009,0.0,0.02,-0.2890625,4.93510103225708
qwen3.5-9b,C,7,19,R_control,R_harm,2.0,2.0,0.016862040385603905,0.009549589874222875,0.02424256312660873,0.0,0.027178509160876274,0.048281535506248474,0.09694742504507303,0.4980177192308234,0.49,0.010000000000000009,0.0,0.02,-0.2890625,23.36080551147461
qwen3.5-9b,C,7,19,R_control,R_control,2.0,2.0,0.04975805804133415,0.039278021547943354,0.06115839378908276,0.001600027084350586,0.027178509160876274,0.048281535506248474,0.09694742504507303,0.4980177192308234,0.49,0.010000000000000009,0.0,0.02,-0.2890625,15.32968807220459
qwen3.5-9b,C,7,19,R_control,R_role,2.0,2.0,0.042970169335603714,0.0329404846765101,0.053544285055249906,0.008000016212463379,0.027178509160876274,0.048281535506248474,0.09694742504507303,0.4980177192308234,0.49,0.010000000000000009,0.0,0.02,-0.2890625,12.593536376953125
qwen3.5-9b,C,7,31,R_control,R_harm,2.0,2.0,0.025451648980379105,0.01969482214190066,0.03184768855571747,-0.0012000203132629395,0.027178509160876274,0.048281535506248474,0.09694742504507303,0.4980177192308234,0.49,0.010000000000000009,0.0,0.02,-0.2890625,118.91390991210938
qwen3.5-9b,C,7,31,R_control,R_control,2.0,2.0,0.029310619458556175,0.02218018379062414,0.03820714801549911,-0.0015999674797058105,0.027178509160876274,0.048281535506248474,0.09694742504507303,0.4980177192308234,0.49,0.010000000000000009,0.0,0.02,-0.2890625,76.66504669189453
qwen3.5-9b,C,7,31,R_control,R_role,2.0,2.0,-0.051469434052705765,-0.0658717980608344,-0.037085250951349735,-0.018000006675720215,0.027178509160876274,0.048281535506248474,0.09694742504507303,0.4980177192308234,0.49,0.010000000000000009,0.0,0.02,-0.2890625,60.2837028503418
qwen3.5-9b,C,7,8,R_control,R_harm,-2.0,2.0,0.044793203473091125,0.04070133762434125,0.049155917018651955,0.0004000067710876465,0.057567186653614044,0.10853134095668793,0.09694742504507303,1.1194865764225226,0.48,0.0,0.0,0.0,-0.045625001192092896,1.976116418838501
qwen3.5-9b,C,7,8,R_control,R_control,-2.0,2.0,-1.6524128913879395,-1.6725215315818787,-1.63262520134449,0.021999984979629517,0.057567186653614044,0.10853134095668793,0.09694742504507303,1.1194865764225226,0.48,0.0,0.0,0.0,-0.045625001192092896,1.0689592361450195
qwen3.5-9b,C,7,8,R_control,R_role,-2.0,2.0,0.05113036185503006,0.049563227128237484,0.05267764311283827,-0.018000006675720215,0.057567186653614044,0.10853134095668793,0.09694742504507303,1.1194865764225226,0.48,0.0,0.0,0.0,-0.045625001192092896,4.93510103225708
qwen3.5-9b,C,7,19,R_control,R_harm,-2.0,2.0,-0.027962997555732727,-0.036685044318437575,-0.020105651766061786,-0.0004000067710876465,0.057567186653614044,0.10853134095668793,0.09694742504507303,1.1194865764225226,0.48,0.0,0.0,0.0,-0.045625001192092896,23.36080551147461
qwen3.5-9b,C,7,19,R_control,R_control,-2.0,2.0,-0.06471506506204605,-0.07715213168412446,-0.05354095939546824,-0.00279998779296875,0.057567186653614044,0.10853134095668793,0.09694742504507303,1.1194865764225226,0.48,0.0,0.0,0.0,-0.045625001192092896,15.32968807220459
qwen3.5-9b,C,7,19,R_control,R_role,-2.0,2.0,-0.04219730943441391,-0.054019647929817435,-0.030516423005610718,-0.026399970054626465,0.057567186653614044,0.10853134095668793,0.09694742504507303,1.1194865764225226,0.48,0.0,0.0,0.0,-0.045625001192092896,12.593536376953125
qwen3.5-9b,C,7,31,R_control,R_harm,-2.0,2.0,-0.029397383332252502,-0.036115603242069486,-0.023427788307890298,0.000800013542175293,0.057567186653614044,0.10853134095668793,0.09694742504507303,1.1194865764225226,0.48,0.0,0.0,0.0,-0.045625001192092896,118.91390991210938
qwen3.5-9b,C,7,31,R_control,R_control,-2.0,2.0,-0.036945272237062454,-0.04853072436526418,-0.026923850923776627,0.000800013542175293,0.057567186653614044,0.10853134095668793,0.09694742504507303,1.1194865764225226,0.48,0.0,0.0,0.0,-0.045625001192092896,76.66504669189453
qwen3.5-9b,C,7,31,R_control,R_role,-2.0,2.0,0.05491069704294205,0.03794344142079353,0.07210059687495227,0.013599991798400879,0.057567186653614044,0.10853134095668793,0.09694742504507303,1.1194865764225226,0.48,0.0,0.0,0.0,-0.045625001192092896,60.2837028503418
qwen3.5-9b,C,7,8,R_control,R_harm,4.0,4.0,-0.08166176080703735,-0.09719429388642312,-0.06586281675845385,0.0,0.06809975206851959,0.11878862231969833,0.2774599976837635,0.42812882329469454,0.5,0.020000000000000018,0.020000000000000018,0.02,-0.5228124856948853,1.976116418838501
qwen3.5-9b,C,7,8,R_control,R_control,4.0,4.0,2.9999148845672607,2.9631893396377564,3.037722623348236,-0.06360000371932983,0.06809975206851959,0.11878862231969833,0.2774599976837635,0.42812882329469454,0.5,0.020000000000000018,0.020000000000000018,0.02,-0.5228124856948853,1.0689592361450195
qwen3.5-9b,C,7,8,R_control,R_role,4.0,4.0,-0.034858912229537964,-0.0386856522411108,-0.03130708234384656,0.013999998569488525,0.06809975206851959,0.11878862231969833,0.2774599976837635,0.42812882329469454,0.5,0.020000000000000018,0.020000000000000018,0.02,-0.5228124856948853,4.93510103225708
qwen3.5-9b,C,7,19,R_control,R_harm,4.0,4.0,0.031166722998023033,0.017644778080284595,0.04503169106319547,-0.000800013542175293,0.06809975206851959,0.11878862231969833,0.2774599976837635,0.42812882329469454,0.5,0.020000000000000018,0.020000000000000018,0.02,-0.5228124856948853,23.36080551147461
qwen3.5-9b,C,7,19,R_control,R_control,4.0,4.0,0.093134306371212,0.07301090061664581,0.11353900525718927,0.001600027084350586,0.06809975206851959,0.11878862231969833,0.2774599976837635,0.42812882329469454,0.5,0.020000000000000018,0.020000000000000018,0.02,-0.5228124856948853,15.32968807220459
qwen3.5-9b,C,7,19,R_control,R_role,4.0,4.0,0.09254629909992218,0.07659077756106854,0.10979141276329756,-0.003600001335144043,0.06809975206851959,0.11878862231969833,0.2774599976837635,0.42812882329469454,0.5,0.020000000000000018,0.020000000000000018,0.02,-0.5228124856948853,12.593536376953125
qwen3.5-9b,C,7,31,R_control,R_harm,4.0,4.0,0.04305281117558479,0.03350317217409611,0.053419764619320624,-0.001600027084350586,0.06809975206851959,0.11878862231969833,0.2774599976837635,0.42812882329469454,0.5,0.020000000000000018,0.020000000000000018,0.02,-0.5228124856948853,118.91390991210938
qwen3.5-9b,C,7,31,R_control,R_control,4.0,4.0,0.046984415501356125,0.0353087654337287,0.05953218881040811,-0.0015999674797058105,0.06809975206851959,0.11878862231969833,0.2774599976837635,0.42812882329469454,0.5,0.020000000000000018,0.020000000000000018,0.02,-0.5228124856948853,76.66504669189453
qwen3.5-9b,C,7,31,R_control,R_role,4.0,4.0,-0.10798655450344086,-0.13401919230818748,-0.08162787314504386,-0.03519999980926514,0.06809975206851959,0.11878862231969833,0.2774599976837635,0.42812882329469454,0.5,0.020000000000000018,0.020000000000000018,0.02,-0.5228124856948853,60.2837028503418
qwen3.5-9b,C,7,8,R_control,R_harm,-4.0,4.0,0.09469794481992722,0.08110733889043331,0.10877143386751412,0.0,0.15151697397232056,0.2669103741645813,0.2774599976837635,0.9619778576830877,0.47,-0.010000000000000009,0.0,-0.02,-0.5043749809265137,1.976116418838501
qwen3.5-9b,C,7,8,R_control,R_control,-4.0,4.0,-3.1483266353607178,-3.1941815614700317,-3.101958382129669,0.03479999303817749,0.15151697397232056,0.2669103741645813,0.2774599976837635,0.9619778576830877,0.47,-0.010000000000000009,0.0,-0.02,-0.5043749809265137,1.0689592361450195
qwen3.5-9b,C,7,8,R_control,R_role,-4.0,4.0,0.11968591064214706,0.11699182540178299,0.12235042285174132,-0.040800005197525024,0.15151697397232056,0.2669103741645813,0.2774599976837635,0.9619778576830877,0.47,-0.010000000000000009,0.0,-0.02,-0.5043749809265137,4.93510103225708
qwen3.5-9b,C,7,19,R_control,R_harm,-4.0,4.0,-0.06748738139867783,-0.08527005854994059,-0.051672779582440855,-0.001999974250793457,0.15151697397232056,0.2669103741645813,0.2774599976837635,0.9619778576830877,0.47,-0.010000000000000009,0.0,-0.02,-0.5043749809265137,23.36080551147461
qwen3.5-9b,C,7,19,R_control,R_control,-4.0,4.0,-0.13593608140945435,-0.1617001101374626,-0.1125496430322528,-0.010800004005432129,0.15151697397232056,0.2669103741645813,0.2774599976837635,0.9619778576830877,0.47,-0.010000000000000009,0.0,-0.02,-0.5043749809265137,15.32968807220459
qwen3.5-9b,C,7,19,R_control,R_role,-4.0,4.0,-0.07814619690179825,-0.0994887413457036,-0.056662291288375854,-0.061199963092803955,0.15151697397232056,0.2669103741645813,0.2774599976837635,0.9619778576830877,0.47,-0.010000000000000009,0.0,-0.02,-0.5043749809265137,12.593536376953125
qwen3.5-9b,C,7,31,R_control,R_harm,-4.0,4.0,-0.06353562325239182,-0.07653394751250744,-0.05132659524679184,0.0004000067710876465,0.15151697397232056,0.2669103741645813,0.2774599976837635,0.9619778576830877,0.47,-0.010000000000000009,0.0,-0.02,-0.5043749809265137,118.91390991210938
qwen3.5-9b,C,7,31,R_control,R_control,-4.0,4.0,-0.06941820681095123,-0.08977522794157267,-0.051252995152026415,-0.001999974250793457,0.15151697397232056,0.2669103741645813,0.2774599976837635,0.9619778576830877,0.47,-0.010000000000000009,0.0,-0.02,-0.5043749809265137,76.66504669189453
qwen3.5-9b,C,7,31,R_control,R_role,-4.0,4.0,0.14514818787574768,0.11410435084253549,0.17326676584780215,0.04640001058578491,0.15151697397232056,0.2669103741645813,0.2774599976837635,0.9619778576830877,0.47,-0.010000000000000009,0.0,-0.02,-0.5043749809265137,60.2837028503418
qwen3.5-9b,C,7,8,R_role,R_harm,0.25,0.25,-0.16392989456653595,-0.16688554510474204,-0.1609000500291586,0.0004000067710876465,0.009607258252799511,0.016810350120067596,0.0025808495556702837,6.51349478435666,0.48,0.0,0.0,0.0,-0.45656248927116394,1.976116418838501
qwen3.5-9b,C,7,8,R_role,R_control,0.25,0.25,-0.04619830101728439,-0.04994229804724455,-0.042529265955090524,-0.003200024366378784,0.009607258252799511,0.016810350120067596,0.0025808495556702837,6.51349478435666,0.48,0.0,0.0,0.0,-0.45656248927116394,1.0689592361450195
qwen3.5-9b,C,7,8,R_role,R_role,0.25,0.25,0.2307543307542801,0.2288801185786724,0.23268079198896885,-0.02279999852180481,0.009607258252799511,0.016810350120067596,0.0025808495556702837,6.51349478435666,0.48,0.0,0.0,0.0,-0.45656248927116394,4.93510103225708
qwen3.5-9b,C,7,19,R_role,R_harm,0.25,0.25,0.015168561600148678,0.011582747055217623,0.018717791326344012,0.0,0.009607258252799511,0.016810350120067596,0.0025808495556702837,6.51349478435666,0.48,0.0,0.0,0.0,-0.45656248927116394,23.36080551147461
qwen3.5-9b,C,7,19,R_role,R_control,0.25,0.25,0.03416835889220238,0.029364969301968812,0.03889702167361975,0.0,0.009607258252799511,0.016810350120067596,0.0025808495556702837,6.51349478435666,0.48,0.0,0.0,0.0,-0.45656248927116394,15.32968807220459
qwen3.5-9b,C,7,19,R_role,R_role,0.25,0.25,0.16380031406879425,0.15606485456228256,0.17113313153386117,0.010399997234344482,0.009607258252799511,0.016810350120067596,0.0025808495556702837,6.51349478435666,0.48,0.0,0.0,0.0,-0.45656248927116394,12.593536376953125
qwen3.5-9b,C,7,31,R_role,R_harm,0.25,0.25,0.00910882093012333,0.005577005248051137,0.013041550782509145,0.0004000067710876465,0.009607258252799511,0.016810350120067596,0.0025808495556702837,6.51349478435666,0.48,0.0,0.0,0.0,-0.45656248927116394,118.91390991210938
qwen3.5-9b,C,7,31,R_role,R_control,0.25,0.25,0.012861950322985649,0.008990982500836252,0.016895124316215513,-0.0003999471664428711,0.009607258252799511,0.016810350120067596,0.0025808495556702837,6.51349478435666,0.48,0.0,0.0,0.0,-0.45656248927116394,76.66504669189453
qwen3.5-9b,C,7,31,R_role,R_role,0.25,0.25,0.0855003297328949,0.0753830572590232,0.09554110951721667,-0.0252000093460083,0.009607258252799511,0.016810350120067596,0.0025808495556702837,6.51349478435666,0.48,0.0,0.0,0.0,-0.45656248927116394,60.2837028503418
qwen3.5-9b,C,7,8,R_role,R_harm,-0.25,0.25,0.1596257984638214,0.15538995824754237,0.16375597156584262,-0.000800013542175293,0.010104124434292316,0.0182968657463789,0.0025808495556702837,7.0894739703752085,0.49,0.010000000000000009,0.0,0.02,0.3856250047683716,1.976116418838501
qwen3.5-9b,C,7,8,R_role,R_control,-0.25,0.25,0.03528802469372749,0.03067139950580895,0.040296956431120634,0.0023999810218811035,0.010104124434292316,0.0182968657463789,0.0025808495556702837,7.0894739703752085,0.49,0.010000000000000009,0.0,0.02,0.3856250047683716,1.0689592361450195
qwen3.5-9b,C,7,8,R_role,R_role,-0.25,0.25,-0.21686390042304993,-0.2187387965619564,-0.21506619304418564,0.016400009393692017,0.010104124434292316,0.0182968657463789,0.0025808495556702837,7.0894739703752085,0.49,0.010000000000000009,0.0,0.02,0.3856250047683716,4.93510103225708
qwen3.5-9b,C,7,19,R_role,R_harm,-0.25,0.25,-0.0150578198954463,-0.01910920552909374,-0.011099020577967173,-0.0004000067710876465,0.010104124434292316,0.0182968657463789,0.0025808495556702837,7.0894739703752085,0.49,0.010000000000000009,0.0,0.02,0.3856250047683716,23.36080551147461
qwen3.5-9b,C,7,19,R_role,R_control,-0.25,0.25,-0.033056288957595825,-0.03838010961189866,-0.027817295072600248,-0.0012000203132629395,0.010104124434292316,0.0182968657463789,0.0025808495556702837,7.0894739703752085,0.49,0.010000000000000009,0.0,0.02,0.3856250047683716,15.32968807220459
qwen3.5-9b,C,7,19,R_role,R_role,-0.25,0.25,-0.13816212117671967,-0.14477769397199153,-0.13113925531506537,-0.0051999688148498535,0.010104124434292316,0.0182968657463789,0.0025808495556702837,7.0894739703752085,0.49,0.010000000000000009,0.0,0.02,0.3856250047683716,12.593536376953125
qwen3.5-9b,C,7,31,R_role,R_harm,-0.25,0.25,-0.01004231721162796,-0.013935115444473923,-0.0062988163321278995,0.0,0.010104124434292316,0.0182968657463789,0.0025808495556702837,7.0894739703752085,0.49,0.010000000000000009,0.0,0.02,0.3856250047683716,118.91390991210938
qwen3.5-9b,C,7,31,R_role,R_control,-0.25,0.25,-0.01345385704189539,-0.018159755831584336,-0.009112758561968807,0.0020000338554382324,0.010104124434292316,0.0182968657463789,0.0025808495556702837,7.0894739703752085,0.49,0.010000000000000009,0.0,0.02,0.3856250047683716,76.66504669189453
qwen3.5-9b,C,7,31,R_role,R_role,-0.25,0.25,-0.08700065314769745,-0.09734594132751226,-0.07760365996509791,0.022399961948394775,0.010104124434292316,0.0182968657463789,0.0025808495556702837,7.0894739703752085,0.49,0.010000000000000009,0.0,0.02,0.3856250047683716,60.2837028503418
qwen3.5-9b,C,7,8,R_role,R_harm,0.5,0.5,-0.32524436712265015,-0.32995789870619774,-0.3204978309571743,0.0004000067710876465,0.039411190897226334,0.06725521385669708,0.007937832648167387,8.472742729367612,0.48,0.0,0.0,0.0,-0.9637500047683716,1.976116418838501
qwen3.5-9b,C,7,8,R_role,R_control,0.5,0.5,-0.11936391890048981,-0.12551790550351144,-0.11320666484534742,-0.0040000081062316895,0.039411190897226334,0.06725521385669708,0.007937832648167387,8.472742729367612,0.48,0.0,0.0,0.0,-0.9637500047683716,1.0689592361450195
qwen3.5-9b,C,7,8,R_role,R_role,0.5,0.5,0.4727700352668762,0.4691857799887657,0.4763052500784397,-0.04120001196861267,0.039411190897226334,0.06725521385669708,0.007937832648167387,8.472742729367612,0.48,0.0,0.0,0.0,-0.9637500047683716,4.93510103225708
qwen3.5-9b,C,7,19,R_role,R_harm,0.5,0.5,0.03192013129591942,0.025133825838565826,0.038497815467417235,0.0,0.039411190897226334,0.06725521385669708,0.007937832648167387,8.472742729367612,0.48,0.0,0.0,0.0,-0.9637500047683716,23.36080551147461
qwen3.5-9b,C,7,19,R_role,R_control,0.5,0.5,0.0718541070818901,0.06279243268072605,0.0805777184665203,0.0004000067710876465,0.039411190897226334,0.06725521385669708,0.007937832648167387,8.472742729367612,0.48,0.0,0.0,0.0,-0.9637500047683716,15.32968807220459
qwen3.5-9b,C,7,19,R_role,R_role,0.5,0.5,0.35746127367019653,0.34266662523150443,0.37086350098252296,0.015200018882751465,0.039411190897226334,0.06725521385669708,0.007937832648167387,8.472742729367612,0.48,0.0,0.0,0.0,-0.9637500047683716,12.593536376953125
qwen3.5-9b,C,7,31,R_role,R_harm,0.5,0.5,0.01900390349328518,0.011058979202061892,0.027311715297400944,0.000800013542175293,0.039411190897226334,0.06725521385669708,0.007937832648167387,8.472742729367612,0.48,0.0,0.0,0.0,-0.9637500047683716,118.91390991210938
qwen3.5-9b,C,7,31,R_role,R_control,0.5,0.5,0.028001366183161736,0.02009172481484711,0.03633900182321667,-0.0003999471664428711,0.039411190897226334,0.06725521385669708,0.007937832648167387,8.472742729367612,0.48,0.0,0.0,0.0,-0.9637500047683716,76.66504669189453
qwen3.5-9b,C,7,31,R_role,R_role,0.5,0.5,0.16865138709545135,0.14690814018249512,0.1897077914327383,-0.07760000228881836,0.039411190897226334,0.06725521385669708,0.007937832648167387,8.472742729367612,0.48,0.0,0.0,0.0,-0.9637500047683716,60.2837028503418
qwen3.5-9b,C,7,8,R_role,R_harm,-0.5,0.5,0.309441477060318,0.30087917000055314,0.3180189646780491,-0.000800013542175293,0.04051230847835541,0.0757218599319458,0.007937832648167387,9.539362101496025,0.49,0.010000000000000009,0.0,0.02,0.6973437666893005,1.976116418838501
qwen3.5-9b,C,7,8,R_role,R_control,-0.5,0.5,0.07366836071014404,0.06421906277537345,0.08366406373679636,0.005199998617172241,0.04051230847835541,0.0757218599319458,0.007937832648167387,9.539362101496025,0.49,0.010000000000000009,0.0,0.02,0.6973437666893005,1.0689592361450195
qwen3.5-9b,C,7,8,R_role,R_role,-0.5,0.5,-0.42096564173698425,-0.42446158900856973,-0.4175343565642834,0.03479999303817749,0.04051230847835541,0.0757218599319458,0.007937832648167387,9.539362101496025,0.49,0.010000000000000009,0.0,0.02,0.6973437666893005,4.93510103225708
qwen3.5-9b,C,7,19,R_role,R_harm,-0.5,0.5,-0.02958286553621292,-0.03760061888024211,-0.0216805434320122,-0.0004000067710876465,0.04051230847835541,0.0757218599319458,0.007937832648167387,9.539362101496025,0.49,0.010000000000000009,0.0,0.02,0.6973437666893005,23.36080551147461
qwen3.5-9b,C,7,19,R_role,R_control,-0.5,0.5,-0.06490369886159897,-0.07573238965123892,-0.05461230268701912,0.0004000067710876465,0.04051230847835541,0.0757218599319458,0.007937832648167387,9.539362101496025,0.49,0.010000000000000009,0.0,0.02,0.6973437666893005,15.32968807220459
qwen3.5-9b,C,7,19,R_role,R_role,-0.5,0.5,-0.2537783086299896,-0.2665463022887707,-0.2407541200518608,0.0,0.04051230847835541,0.0757218599319458,0.007937832648167387,9.539362101496025,0.49,0.010000000000000009,0.0,0.02,0.6973437666893005,12.593536376953125
qwen3.5-9b,C,7,31,R_role,R_harm,-0.5,0.5,-0.01942291669547558,-0.026852990919724106,-0.012428475380875176,0.000800013542175293,0.04051230847835541,0.0757218599319458,0.007937832648167387,9.539362101496025,0.49,0.010000000000000009,0.0,0.02,0.6973437666893005,118.91390991210938
qwen3.5-9b,C,7,31,R_role,R_control,-0.5,0.5,-0.026897625997662544,-0.03620784068480134,-0.018252571206539885,0.003200054168701172,0.04051230847835541,0.0757218599319458,0.007937832648167387,9.539362101496025,0.49,0.010000000000000009,0.0,0.02,0.6973437666893005,76.66504669189453
qwen3.5-9b,C,7,31,R_role,R_role,-0.5,0.5,-0.16529998183250427,-0.1853844989091158,-0.1466989073902369,0.028800010681152344,0.04051230847835541,0.0757218599319458,0.007937832648167387,9.539362101496025,0.49,0.010000000000000009,0.0,0.02,0.6973437666893005,60.2837028503418
qwen3.5-9b,C,7,8,R_role,R_harm,1.0,1.0,-0.645948588848114,-0.6554538130760192,-0.6354404553771019,-0.000800013542175293,0.16873186826705933,0.27386245131492615,0.02956344257108867,9.263550774115451,0.49,0.010000000000000009,0.020000000000000018,0.0,-2.0484375953674316,1.976116418838501
qwen3.5-9b,C,7,8,R_role,R_control,1.0,1.0,-0.3337395191192627,-0.34834536388516424,-0.31978658884763717,-0.007600009441375732,0.16873186826705933,0.27386245131492615,0.02956344257108867,9.263550774115451,0.49,0.010000000000000009,0.020000000000000018,0.0,-2.0484375953674316,1.0689592361450195
qwen3.5-9b,C,7,8,R_role,R_role,1.0,1.0,0.9631417989730835,0.9566822215914726,0.9697877287864685,-0.07400000095367432,0.16873186826705933,0.27386245131492615,0.02956344257108867,9.263550774115451,0.49,0.010000000000000009,0.020000000000000018,0.0,-2.0484375953674316,4.93510103225708
qwen3.5-9b,C,7,19,R_role,R_harm,1.0,1.0,0.08050338923931122,0.069096421264112,0.09214605074375867,0.0,0.16873186826705933,0.27386245131492615,0.02956344257108867,9.263550774115451,0.49,0.010000000000000009,0.020000000000000018,0.0,-2.0484375953674316,23.36080551147461
qwen3.5-9b,C,7,19,R_role,R_control,1.0,1.0,0.16589374840259552,0.1498254917562008,0.18207741156220433,0.0023999810218811035,0.16873186826705933,0.27386245131492615,0.02956344257108867,9.263550774115451,0.49,0.010000000000000009,0.020000000000000018,0.0,-2.0484375953674316,15.32968807220459
qwen3.5-9b,C,7,19,R_role,R_role,1.0,1.0,0.7970613241195679,0.7686550125479699,0.8242179065942764,0.04080003499984741,0.16873186826705933,0.27386245131492615,0.02956344257108867,9.263550774115451,0.49,0.010000000000000009,0.020000000000000018,0.0,-2.0484375953674316,12.593536376953125
qwen3.5-9b,C,7,31,R_role,R_harm,1.0,1.0,0.041899699717760086,0.02714260811917484,0.05735663585364817,0.000800013542175293,0.16873186826705933,0.27386245131492615,0.02956344257108867,9.263550774115451,0.49,0.010000000000000009,0.020000000000000018,0.0,-2.0484375953674316,118.91390991210938
qwen3.5-9b,C,7,31,R_role,R_control,1.0,1.0,0.06443287432193756,0.04982736241072416,0.07906134333461522,0.0004000067710876465,0.16873186826705933,0.27386245131492615,0.02956344257108867,9.263550774115451,0.49,0.010000000000000009,0.020000000000000018,0.0,-2.0484375953674316,76.66504669189453
qwen3.5-9b,C,7,31,R_role,R_role,1.0,1.0,0.2661457657814026,0.2151609521359205,0.3153904989361763,-0.22440001368522644,0.16873186826705933,0.27386245131492615,0.02956344257108867,9.263550774115451,0.49,0.010000000000000009,0.020000000000000018,0.0,-2.0484375953674316,60.2837028503418
qwen3.5-9b,C,7,8,R_role,R_harm,-1.0,1.0,0.6001418232917786,0.5828734472393989,0.6171344518661499,-0.000800013542175293,0.15472382307052612,0.2914890944957733,0.02956344257108867,9.859781850332705,0.48,0.0,0.0,0.0,1.1760936975479126,1.976116418838501
qwen3.5-9b,C,7,8,R_role,R_control,-1.0,1.0,0.13866250216960907,0.11897020787000656,0.1595574539154768,0.010800004005432129,0.15472382307052612,0.2914890944957733,0.02956344257108867,9.859781850332705,0.48,0.0,0.0,0.0,1.1760936975479126,1.0689592361450195
qwen3.5-9b,C,7,8,R_role,R_role,-1.0,1.0,-0.8003179430961609,-0.8059936881065368,-0.7947412773966789,0.047600001096725464,0.15472382307052612,0.2914890944957733,0.02956344257108867,9.859781850332705,0.48,0.0,0.0,0.0,1.1760936975479126,4.93510103225708
qwen3.5-9b,C,7,19,R_role,R_harm,-1.0,1.0,-0.05841900408267975,-0.07503024209290743,-0.04258450698107481,-0.0004000067710876465,0.15472382307052612,0.2914890944957733,0.02956344257108867,9.859781850332705,0.48,0.0,0.0,0.0,1.1760936975479126,23.36080551147461
qwen3.5-9b,C,7,19,R_role,R_control,-1.0,1.0,-0.12694969773292542,-0.1488465666770935,-0.10634963121265173,-0.001999974250793457,0.15472382307052612,0.2914890944957733,0.02956344257108867,9.859781850332705,0.48,0.0,0.0,0.0,1.1760936975479126,15.32968807220459
qwen3.5-9b,C,7,19,R_role,R_role,-1.0,1.0,-0.42675599455833435,-0.4496350333094597,-0.4038916908204556,0.004400014877319336,0.15472382307052612,0.2914890944957733,0.02956344257108867,9.859781850332705,0.48,0.0,0.0,0.0,1.1760936975479126,12.593536376953125
qwen3.5-9b,C,7,31,R_role,R_harm,-1.0,1.0,-0.03708018735051155,-0.05083509003743529,-0.024636927014216794,-0.0004000067710876465,0.15472382307052612,0.2914890944957733,0.02956344257108867,9.859781850332705,0.48,0.0,0.0,0.0,1.1760936975479126,118.91390991210938
qwen3.5-9b,C,7,31,R_role,R_control,-1.0,1.0,-0.051402896642684937,-0.067740323767066,-0.03549607368186116,0.003200054168701172,0.15472382307052612,0.2914890944957733,0.02956344257108867,9.859781850332705,0.48,0.0,0.0,0.0,1.1760936975479126,76.66504669189453
qwen3.5-9b,C,7,31,R_role,R_role,-1.0,1.0,-0.28640785813331604,-0.3251269407570362,-0.25045295804739,0.05239999294281006,0.15472382307052612,0.2914890944957733,0.02956344257108867,9.859781850332705,0.48,0.0,0.0,0.0,1.1760936975479126,60.2837028503418
qwen3.5-9b,C,7,8,R_role,R_harm,2.0,2.0,-1.1375865936279297,-1.1730276346206665,-1.0994292378425599,-0.0055999755859375,1.025410532951355,1.867526650428772,0.09694742504507303,19.263292960700266,0.47,-0.010000000000000009,0.0,-0.02,-4.359062671661377,1.976116418838501
qwen3.5-9b,C,7,8,R_role,R_control,2.0,2.0,-1.0154529809951782,-1.060208609700203,-0.9690712943673134,-0.008400022983551025,1.025410532951355,1.867526650428772,0.09694742504507303,19.263292960700266,0.47,-0.010000000000000009,0.0,-0.02,-4.359062671661377,1.0689592361450195
qwen3.5-9b,C,7,8,R_role,R_role,2.0,2.0,1.7624304294586182,1.7481714963912964,1.776547560095787,-0.133200004696846,1.025410532951355,1.867526650428772,0.09694742504507303,19.263292960700266,0.47,-0.010000000000000009,0.0,-0.02,-4.359062671661377,4.93510103225708
qwen3.5-9b,C,7,19,R_role,R_harm,2.0,2.0,0.14723826944828033,0.11803055759519339,0.17513961493968963,0.0040000081062316895,1.025410532951355,1.867526650428772,0.09694742504507303,19.263292960700266,0.47,-0.010000000000000009,0.0,-0.02,-4.359062671661377,23.36080551147461
qwen3.5-9b,C,7,19,R_role,R_control,2.0,2.0,0.3012506663799286,0.25449664071202277,0.34697833731770517,0.0040000081062316895,1.025410532951355,1.867526650428772,0.09694742504507303,19.263292960700266,0.47,-0.010000000000000009,0.0,-0.02,-4.359062671661377,15.32968807220459
qwen3.5-9b,C,7,19,R_role,R_role,2.0,2.0,1.1944727897644043,1.142044973373413,1.2434483528137206,-0.1499999761581421,1.025410532951355,1.867526650428772,0.09694742504507303,19.263292960700266,0.47,-0.010000000000000009,0.0,-0.02,-4.359062671661377,12.593536376953125
qwen3.5-9b,C,7,31,R_role,R_harm,2.0,2.0,0.117793969810009,0.09067091774195432,0.14298515021800995,-0.001600027084350586,1.025410532951355,1.867526650428772,0.09694742504507303,19.263292960700266,0.47,-0.010000000000000009,0.0,-0.02,-4.359062671661377,118.91390991210938
qwen3.5-9b,C,7,31,R_role,R_control,2.0,2.0,0.1263159215450287,0.09994097482413053,0.15125101841986177,0.003600001335144043,1.025410532951355,1.867526650428772,0.09694742504507303,19.263292960700266,0.47,-0.010000000000000009,0.0,-0.02,-4.359062671661377,76.66504669189453
qwen3.5-9b,C,7,31,R_role,R_role,2.0,2.0,0.360643208026886,0.27683551609516144,0.4510437682271003,-0.36640001088380814,1.025410532951355,1.867526650428772,0.09694742504507303,19.263292960700266,0.47,-0.010000000000000009,0.0,-0.02,-4.359062671661377,60.2837028503418
qwen3.5-9b,C,7,8,R_role,R_harm,-2.0,2.0,1.1418921947479248,1.1120761424303054,1.1720643430948257,-0.0015999674797058105,0.4071723222732544,0.6716635823249817,0.09694742504507303,6.928121938387845,0.48,0.0,0.0,0.0,1.2887500524520874,1.976116418838501
qwen3.5-9b,C,7,8,R_role,R_control,-2.0,2.0,0.30356737971305847,0.26750498190522193,0.3400490060448646,0.017999976873397827,0.4071723222732544,0.6716635823249817,0.09694742504507303,6.928121938387845,0.48,0.0,0.0,0.0,1.2887500524520874,1.0689592361450195
qwen3.5-9b,C,7,8,R_role,R_role,-2.0,2.0,-1.5126128196716309,-1.5199296414852141,-1.50541709959507,0.04399999976158142,0.4071723222732544,0.6716635823249817,0.09694742504507303,6.928121938387845,0.48,0.0,0.0,0.0,1.2887500524520874,4.93510103225708
qwen3.5-9b,C,7,19,R_role,R_harm,-2.0,2.0,-0.1171453595161438,-0.15339499600231649,-0.08243919238448144,-0.004400014877319336,0.4071723222732544,0.6716635823249817,0.09694742504507303,6.928121938387845,0.48,0.0,0.0,0.0,1.2887500524520874,23.36080551147461
qwen3.5-9b,C,7,19,R_role,R_control,-2.0,2.0,-0.24176490306854248,-0.2899953745305538,-0.19681965149939062,-0.01239997148513794,0.4071723222732544,0.6716635823249817,0.09694742504507303,6.928121938387845,0.48,0.0,0.0,0.0,1.2887500524520874,15.32968807220459
qwen3.5-9b,C,7,19,R_role,R_role,-2.0,2.0,-0.607754111289978,-0.6433796927332878,-0.5733722448348999,0.024800002574920654,0.4071723222732544,0.6716635823249817,0.09694742504507303,6.928121938387845,0.48,0.0,0.0,0.0,1.2887500524520874,12.593536376953125
qwen3.5-9b,C,7,31,R_role,R_harm,-2.0,2.0,-0.09197913855314255,-0.12119956705719233,-0.06526479758322243,-0.0004000067710876465,0.4071723222732544,0.6716635823249817,0.09694742504507303,6.928121938387845,0.48,0.0,0.0,0.0,1.2887500524520874,118.91390991210938
qwen3.5-9b,C,7,31,R_role,R_control,-2.0,2.0,-0.11733417212963104,-0.1493868689984083,-0.08711381386965514,-0.0043999552726745605,0.4071723222732544,0.6716635823249817,0.09694742504507303,6.928121938387845,0.48,0.0,0.0,0.0,1.2887500524520874,76.66504669189453
qwen3.5-9b,C,7,31,R_role,R_role,-2.0,2.0,-0.3296073079109192,-0.3861869163811207,-0.2780183918774128,0.06679999828338623,0.4071723222732544,0.6716635823249817,0.09694742504507303,6.928121938387845,0.48,0.0,0.0,0.0,1.2887500524520874,60.2837028503418
qwen3.5-9b,C,7,8,R_role,R_harm,4.0,4.0,-1.6056591272354126,-1.6680993765592576,-1.5403134614229204,-0.0004000067710876465,3.6268179416656494,4.609570026397705,0.2774599976837635,16.613458029548053,0.0,-0.48,-0.94,-0.02,-6.681875228881836,1.976116418838501
qwen3.5-9b,C,7,8,R_role,R_control,4.0,4.0,-2.2838830947875977,-2.3673727214336395,-2.198016196489334,0.013199985027313232,3.6268179416656494,4.609570026397705,0.2774599976837635,16.613458029548053,0.0,-0.48,-0.94,-0.02,-6.681875228881836,1.0689592361450195
qwen3.5-9b,C,7,8,R_role,R_role,4.0,4.0,2.8275911808013916,2.809763032197952,2.844461292028427,-0.21639999747276306,3.6268179416656494,4.609570026397705,0.2774599976837635,16.613458029548053,0.0,-0.48,-0.94,-0.02,-6.681875228881836,4.93510103225708
qwen3.5-9b,C,7,19,R_role,R_harm,4.0,4.0,-0.1136784479022026,-0.21753199361264705,-0.012097291578538746,-0.06679999828338623,3.6268179416656494,4.609570026397705,0.2774599976837635,16.613458029548053,0.0,-0.48,-0.94,-0.02,-6.681875228881836,23.36080551147461
qwen3.5-9b,C,7,19,R_role,R_control,4.0,4.0,-0.09992479532957077,-0.23925037048757075,0.038704681396484315,-0.26759999990463257,3.6268179416656494,4.609570026397705,0.2774599976837635,16.613458029548053,0.0,-0.48,-0.94,-0.02,-6.681875228881836,15.32968807220459
qwen3.5-9b,C,7,19,R_role,R_role,4.0,4.0,1.0836158990859985,1.0284160107374192,1.1359883189201354,-0.2595999836921692,3.6268179416656494,4.609570026397705,0.2774599976837635,16.613458029548053,0.0,-0.48,-0.94,-0.02,-6.681875228881836,12.593536376953125
qwen3.5-9b,C,7,31,R_role,R_harm,4.0,4.0,-0.2114981710910797,-0.30920191630721094,-0.11802642811089764,-0.3547999858856201,3.6268179416656494,4.609570026397705,0.2774599976837635,16.613458029548053,0.0,-0.48,-0.94,-0.02,-6.681875228881836,118.91390991210938
qwen3.5-9b,C,7,31,R_role,R_control,4.0,4.0,-0.3926505744457245,-0.5000513017177581,-0.28879547491669655,-0.15279996395111084,3.6268179416656494,4.609570026397705,0.2774599976837635,16.613458029548053,0.0,-0.48,-0.94,-0.02,-6.681875228881836,76.66504669189453
qwen3.5-9b,C,7,31,R_role,R_role,4.0,4.0,1.7968906164169312,1.721825122833252,1.8752695709466933,0.19359999895095825,3.6268179416656494,4.609570026397705,0.2774599976837635,16.613458029548053,0.0,-0.48,-0.94,-0.02,-6.681875228881836,60.2837028503418
qwen3.5-9b,C,7,8,R_role,R_harm,-4.0,4.0,2.154635190963745,2.111700785160065,2.1964705288410187,-0.00279998779296875,1.8665226697921753,1.5997073650360107,0.2774599976837635,5.765542342645319,0.31,-0.16999999999999998,-0.33999999999999997,0.0,-1.5282812118530273,1.976116418838501
qwen3.5-9b,C,7,8,R_role,R_control,-4.0,4.0,0.7907224297523499,0.7404331862926483,0.8418289542198181,0.03319999575614929,1.8665226697921753,1.5997073650360107,0.2774599976837635,5.765542342645319,0.31,-0.16999999999999998,-0.33999999999999997,0.0,-1.5282812118530273,1.0689592361450195
qwen3.5-9b,C,7,8,R_role,R_role,-4.0,4.0,-2.929938316345215,-2.9375967741012574,-2.9222989976406097,0.02000001072883606,1.8665226697921753,1.5997073650360107,0.2774599976837635,5.765542342645319,0.31,-0.16999999999999998,-0.33999999999999997,0.0,-1.5282812118530273,4.93510103225708
qwen3.5-9b,C,7,19,R_role,R_harm,-4.0,4.0,-0.18196739256381989,-0.2604322820901871,-0.10708723980933431,-0.031599998474121094,1.8665226697921753,1.5997073650360107,0.2774599976837635,5.765542342645319,0.31,-0.16999999999999998,-0.33999999999999997,0.0,-1.5282812118530273,23.36080551147461
qwen3.5-9b,C,7,19,R_role,R_control,-4.0,4.0,-0.37582510709762573,-0.4784753479063511,-0.27774232774972935,-0.07719999551773071,1.8665226697921753,1.5997073650360107,0.2774599976837635,5.765542342645319,0.31,-0.16999999999999998,-0.33999999999999997,0.0,-1.5282812118530273,15.32968807220459
qwen3.5-9b,C,7,19,R_role,R_role,-4.0,4.0,-0.757851779460907,-0.8031330674886703,-0.7139656782150269,-0.21199995279312134,1.8665226697921753,1.5997073650360107,0.2774599976837635,5.765542342645319,0.31,-0.16999999999999998,-0.33999999999999997,0.0,-1.5282812118530273,12.593536376953125
qwen3.5-9b,C,7,31,R_role,R_harm,-4.0,4.0,-0.2638908922672272,-0.3367037884891033,-0.190989126265049,-0.006399989128112793,1.8665226697921753,1.5997073650360107,0.2774599976837635,5.765542342645319,0.31,-0.16999999999999998,-0.33999999999999997,0.0,-1.5282812118530273,118.91390991210938
qwen3.5-9b,C,7,31,R_role,R_control,-4.0,4.0,-0.3697251081466675,-0.45085848942399026,-0.28871801346540454,-0.0867999792098999,1.8665226697921753,1.5997073650360107,0.2774599976837635,5.765542342645319,0.31,-0.16999999999999998,-0.33999999999999997,0.0,-1.5282812118530273,76.66504669189453
qwen3.5-9b,C,7,31,R_role,R_role,-4.0,4.0,-0.09125087410211563,-0.1591428756713867,-0.022603177512064608,-0.004800021648406982,1.8665226697921753,1.5997073650360107,0.2774599976837635,5.765542342645319,0.31,-0.16999999999999998,-0.33999999999999997,0.0,-1.5282812118530273,60.2837028503418
qwen3.5-9b,C,7,8,random,R_harm,0.25,0.25,-0.005952684208750725,-0.006935521028935909,-0.004978333250619472,0.0004000067710876465,0.0007355050183832645,0.0013811950339004397,0.0025808495556702837,0.5351706886075053,0.48,0.0,0.0,0.0,-0.042500000447034836,1.976116418838501
qwen3.5-9b,C,7,8,random,R_control,0.25,0.25,0.015181239694356918,0.01365899525117129,0.0166417580563575,0.0007999837398529053,0.0007355050183832645,0.0013811950339004397,0.0025808495556702837,0.5351706886075053,0.48,0.0,0.0,0.0,-0.042500000447034836,1.0689592361450195
qwen3.5-9b,C,7,8,random,R_role,0.25,0.25,-0.004496206995099783,-0.004794609651435166,-0.004210387705825269,-0.003600001335144043,0.0007355050183832645,0.0013811950339004397,0.0025808495556702837,0.5351706886075053,0.48,0.0,0.0,0.0,-0.042500000447034836,4.93510103225708
qwen3.5-9b,C,7,19,random,R_harm,0.25,0.25,0.0014252157416194677,0.0003694521299621556,0.0025051664677448564,-0.000800013542175293,0.0007355050183832645,0.0013811950339004397,0.0025808495556702837,0.5351706886075053,0.48,0.0,0.0,0.0,-0.042500000447034836,23.36080551147461
qwen3.5-9b,C,7,19,random,R_control,0.25,0.25,0.0029528832528740168,0.0015096074785105884,0.004409274214413016,-0.0004000067710876465,0.0007355050183832645,0.0013811950339004397,0.0025808495556702837,0.5351706886075053,0.48,0.0,0.0,0.0,-0.042500000447034836,15.32968807220459
qwen3.5-9b,C,7,19,random,R_role,0.25,0.25,0.004840540699660778,0.0026812041644006966,0.007118677976541221,-0.0043999552726745605,0.0007355050183832645,0.0013811950339004397,0.0025808495556702837,0.5351706886075053,0.48,0.0,0.0,0.0,-0.042500000447034836,12.593536376953125
qwen3.5-9b,C,7,31,random,R_harm,0.25,0.25,0.001018099719658494,2.3918339752526677e-05,0.002007089887047186,0.0,0.0007355050183832645,0.0013811950339004397,0.0025808495556702837,0.5351706886075053,0.48,0.0,0.0,0.0,-0.042500000447034836,118.91390991210938
qwen3.5-9b,C,7,31,random,R_control,0.25,0.25,0.0014736928278580308,0.00020229535766702614,0.002571365248877555,0.0004000067710876465,0.0007355050183832645,0.0013811950339004397,0.0025808495556702837,0.5351706886075053,0.48,0.0,0.0,0.0,-0.042500000447034836,76.66504669189453
qwen3.5-9b,C,7,31,random,R_role,0.25,0.25,0.0009550231043249369,-0.0012856711517088115,0.0032698700670152903,0.0015999972820281982,0.0007355050183832645,0.0013811950339004397,0.0025808495556702837,0.5351706886075053,0.48,0.0,0.0,0.0,-0.042500000447034836,60.2837028503418
qwen3.5-9b,C,7,8,random,R_harm,-0.25,0.25,0.0065801916643977165,0.005458013946190476,0.007705580291803925,0.0004000067710876465,0.0008561467402614653,0.0015120139578357339,0.0025808495556702837,0.5858590069745627,0.49,0.010000000000000009,0.0,0.02,0.04906250163912773,1.976116418838501
qwen3.5-9b,C,7,8,random,R_control,-0.25,0.25,-0.01761830411851406,-0.019286968326196075,-0.016016285680234433,-0.000800013542175293,0.0008561467402614653,0.0015120139578357339,0.0025808495556702837,0.5858590069745627,0.49,0.010000000000000009,0.0,0.02,0.04906250163912773,1.0689592361450195
qwen3.5-9b,C,7,8,random,R_role,-0.25,0.25,0.005277120508253574,0.004974151204805821,0.005570434033870697,0.0004000067710876465,0.0008561467402614653,0.0015120139578357339,0.0025808495556702837,0.5858590069745627,0.49,0.010000000000000009,0.0,0.02,0.04906250163912773,4.93510103225708
qwen3.5-9b,C,7,19,random,R_harm,-0.25,0.25,-0.00212760828435421,-0.003180609457194805,-0.0011071853135945278,0.0,0.0008561467402614653,0.0015120139578357339,0.0025808495556702837,0.5858590069745627,0.49,0.010000000000000009,0.0,0.02,0.04906250163912773,23.36080551147461
qwen3.5-9b,C,7,19,random,R_control,-0.25,0.25,-0.004067032132297754,-0.005518274789210409,-0.002590579906245694,0.0004000067710876465,0.0008561467402614653,0.0015120139578357339,0.0025808495556702837,0.5858590069745627,0.49,0.010000000000000009,0.0,0.02,0.04906250163912773,15.32968807220459
qwen3.5-9b,C,7,19,random,R_role,-0.25,0.25,-0.00794241763651371,-0.010353725589811801,-0.005657423718366773,0.003600001335144043,0.0008561467402614653,0.0015120139578357339,0.0025808495556702837,0.5858590069745627,0.49,0.010000000000000009,0.0,0.02,0.04906250163912773,12.593536376953125
qwen3.5-9b,C,7,31,random,R_harm,-0.25,0.25,-0.001684008864685893,-0.0025831205828581007,-0.0008248048237874175,0.0,0.0008561467402614653,0.0015120139578357339,0.0025808495556702837,0.5858590069745627,0.49,0.010000000000000009,0.0,0.02,0.04906250163912773,118.91390991210938
qwen3.5-9b,C,7,31,random,R_control,-0.25,0.25,-0.002317032776772976,-0.0034896844008471817,-0.0011734410916687922,0.0,0.0008561467402614653,0.0015120139578357339,0.0025808495556702837,0.5858590069745627,0.49,0.010000000000000009,0.0,0.02,0.04906250163912773,76.66504669189453
qwen3.5-9b,C,7,31,random,R_role,-0.25,0.25,-0.0051969909109175205,-0.008385528973303736,-0.0019900076673366137,0.005199998617172241,0.0008561467402614653,0.0015120139578357339,0.0025808495556702837,0.5858590069745627,0.49,0.010000000000000009,0.0,0.02,0.04906250163912773,60.2837028503418
qwen3.5-9b,C,7,8,random,R_harm,0.5,0.5,-0.011762972921133041,-0.013035427872091531,-0.010557612241245807,0.0004000067710876465,0.0019781000446528196,0.003626804566010833,0.007937832648167387,0.45690111227630326,0.48,0.0,0.0,0.0,-0.12593750655651093,1.976116418838501
qwen3.5-9b,C,7,8,random,R_control,0.5,0.5,0.02845497615635395,0.026426874846220017,0.03053902299143374,0.0,0.0019781000446528196,0.003626804566010833,0.007937832648167387,0.45690111227630326,0.48,0.0,0.0,0.0,-0.12593750655651093,1.0689592361450195
qwen3.5-9b,C,7,8,random,R_role,0.5,0.5,-0.007963641546666622,-0.008397019328549504,-0.007530933537054808,-0.003600001335144043,0.0019781000446528196,0.003626804566010833,0.007937832648167387,0.45690111227630326,0.48,0.0,0.0,0.0,-0.12593750655651093,4.93510103225708
qwen3.5-9b,C,7,19,random,R_harm,0.5,0.5,0.0030914638191461563,0.0011516285419929772,0.005108819692395625,-0.0004000067710876465,0.0019781000446528196,0.003626804566010833,0.007937832648167387,0.45690111227630326,0.48,0.0,0.0,0.0,-0.12593750655651093,23.36080551147461
qwen3.5-9b,C,7,19,random,R_control,0.5,0.5,0.006257131230086088,0.003531966521404684,0.008987704780884084,-0.000800013542175293,0.0019781000446528196,0.003626804566010833,0.007937832648167387,0.45690111227630326,0.48,0.0,0.0,0.0,-0.12593750655651093,15.32968807220459
qwen3.5-9b,C,7,19,random,R_role,0.5,0.5,0.01294158585369587,0.009590471419505775,0.016296047577634455,-0.007200002670288086,0.0019781000446528196,0.003626804566010833,0.007937832648167387,0.45690111227630326,0.48,0.0,0.0,0.0,-0.12593750655651093,12.593536376953125
qwen3.5-9b,C,7,31,random,R_harm,0.5,0.5,0.0025477635208517313,0.0007067873622872867,0.004230577452108264,0.0,0.0019781000446528196,0.003626804566010833,0.007937832648167387,0.45690111227630326,0.48,0.0,0.0,0.0,-0.12593750655651093,118.91390991210938
qwen3.5-9b,C,7,31,random,R_control,0.5,0.5,0.003603244200348854,0.0013632060727104545,0.005555378773715343,0.000800013542175293,0.0019781000446528196,0.003626804566010833,0.007937832648167387,0.45690111227630326,0.48,0.0,0.0,0.0,-0.12593750655651093,76.66504669189453
qwen3.5-9b,C,7,31,random,R_role,0.5,0.5,0.002976809162646532,-0.0009960840601706876,0.00695875043747946,-0.0012000203132629395,0.0019781000446528196,0.003626804566010833,0.007937832648167387,0.45690111227630326,0.48,0.0,0.0,0.0,-0.12593750655651093,60.2837028503418
qwen3.5-9b,C,7,8,random,R_harm,-0.5,0.5,0.013433579355478287,0.01132244449108839,0.015580354072153564,0.0004000067710876465,0.002239037537947297,0.0040997834876179695,0.007937832648167387,0.5164865107813138,0.49,0.010000000000000009,0.0,0.02,0.09593749791383743,1.976116418838501
qwen3.5-9b,C,7,8,random,R_control,-0.5,0.5,-0.03729311004281044,-0.040235476940870284,-0.03438822720199824,-0.0012000203132629395,0.002239037537947297,0.0040997834876179695,0.007937832648167387,0.5164865107813138,0.49,0.010000000000000009,0.0,0.02,0.09593749791383743,1.0689592361450195
qwen3.5-9b,C,7,8,random,R_role,-0.5,0.5,0.011536495760083199,0.011056634527631105,0.012021505134180188,-0.0004000067710876465,0.002239037537947297,0.0040997834876179695,0.007937832648167387,0.5164865107813138,0.49,0.010000000000000009,0.0,0.02,0.09593749791383743,4.93510103225708
qwen3.5-9b,C,7,19,random,R_harm,-0.5,0.5,-0.0032460594084113836,-0.005186547839548439,-0.0013656373397680007,0.0,0.002239037537947297,0.0040997834876179695,0.007937832648167387,0.5164865107813138,0.49,0.010000000000000009,0.0,0.02,0.09593749791383743,23.36080551147461
qwen3.5-9b,C,7,19,random,R_control,-0.5,0.5,-0.006959355901926756,-0.009642807394266128,-0.00429498814046383,0.0012000203132629395,0.002239037537947297,0.0040997834876179695,0.007937832648167387,0.5164865107813138,0.49,0.010000000000000009,0.0,0.02,0.09593749791383743,15.32968807220459
qwen3.5-9b,C,7,19,random,R_role,-0.5,0.5,-0.012901400215923786,-0.016451153764501215,-0.00941995633766055,0.009200036525726318,0.002239037537947297,0.0040997834876179695,0.007937832648167387,0.5164865107813138,0.49,0.010000000000000009,0.0,0.02,0.09593749791383743,12.593536376953125
qwen3.5-9b,C,7,31,random,R_harm,-0.5,0.5,-0.0029259203001856804,-0.004435242433100939,-0.0014308440295280893,0.0,0.002239037537947297,0.0040997834876179695,0.007937832648167387,0.5164865107813138,0.49,0.010000000000000009,0.0,0.02,0.09593749791383743,118.91390991210938
qwen3.5-9b,C,7,31,random,R_control,-0.5,0.5,-0.004648556932806969,-0.006624443363398314,-0.002788956771837548,-0.0007999539375305176,0.002239037537947297,0.0040997834876179695,0.007937832648167387,0.5164865107813138,0.49,0.010000000000000009,0.0,0.02,0.09593749791383743,76.66504669189453
qwen3.5-9b,C,7,31,random,R_role,-0.5,0.5,-0.009112998843193054,-0.014107133145444095,-0.004212767293211075,0.011599987745285034,0.002239037537947297,0.0040997834876179695,0.007937832648167387,0.5164865107813138,0.49,0.010000000000000009,0.0,0.02,0.09593749791383743,60.2837028503418
qwen3.5-9b,C,7,8,random,R_harm,1.0,1.0,-0.017791111022233963,-0.019419196480885147,-0.016251011006534102,0.0004000067710876465,0.007062647491693497,0.01304122805595398,0.02956344257108867,0.44112684186203477,0.48,0.0,0.0,0.0,-0.28312501311302185,1.976116418838501
qwen3.5-9b,C,7,8,random,R_control,1.0,1.0,0.04049244523048401,0.03704694639891386,0.044036598317325114,-0.0020000040531158447,0.007062647491693497,0.01304122805595398,0.02956344257108867,0.44112684186203477,0.48,0.0,0.0,0.0,-0.28312501311302185,1.0689592361450195
qwen3.5-9b,C,7,8,random,R_role,1.0,1.0,-0.011017242446541786,-0.011689851759001613,-0.010320994840003551,-0.008000016212463379,0.007062647491693497,0.01304122805595398,0.02956344257108867,0.44112684186203477,0.48,0.0,0.0,0.0,-0.28312501311302185,4.93510103225708
qwen3.5-9b,C,7,19,random,R_harm,1.0,1.0,0.007563373073935509,0.003850665187928826,0.011489125597290694,-0.0004000067710876465,0.007062647491693497,0.01304122805595398,0.02956344257108867,0.44112684186203477,0.48,0.0,0.0,0.0,-0.28312501311302185,23.36080551147461
qwen3.5-9b,C,7,19,random,R_control,1.0,1.0,0.0149356909096241,0.009889703243970871,0.020483784889802337,-0.001999974250793457,0.007062647491693497,0.01304122805595398,0.02956344257108867,0.44112684186203477,0.48,0.0,0.0,0.0,-0.28312501311302185,15.32968807220459
qwen3.5-9b,C,7,19,random,R_role,1.0,1.0,0.035996388643980026,0.030292814970016478,0.04173851069062948,-0.01639997959136963,0.007062647491693497,0.01304122805595398,0.02956344257108867,0.44112684186203477,0.48,0.0,0.0,0.0,-0.28312501311302185,12.593536376953125
qwen3.5-9b,C,7,31,random,R_harm,1.0,1.0,0.005788194946944714,0.0028242397645954044,0.008753999648615717,0.000800013542175293,0.007062647491693497,0.01304122805595398,0.02956344257108867,0.44112684186203477,0.48,0.0,0.0,0.0,-0.28312501311302185,118.91390991210938
qwen3.5-9b,C,7,31,random,R_control,1.0,1.0,0.008325993083417416,0.004605091467965394,0.012070432561449703,0.0012000203132629395,0.007062647491693497,0.01304122805595398,0.02956344257108867,0.44112684186203477,0.48,0.0,0.0,0.0,-0.28312501311302185,76.66504669189453
qwen3.5-9b,C,7,31,random,R_role,1.0,1.0,0.009354664944112301,0.002170813491102308,0.016631537489593028,0.0015999972820281982,0.007062647491693497,0.01304122805595398,0.02956344257108867,0.44112684186203477,0.48,0.0,0.0,0.0,-0.28312501311302185,60.2837028503418
qwen3.5-9b,C,7,8,random,R_harm,-1.0,1.0,0.02176276221871376,0.017090189503505826,0.026535635674372313,0.0,0.007428287994116545,0.013894516043365002,0.02956344257108867,0.4699897858632009,0.49,0.010000000000000009,0.0,0.02,0.16015625,1.976116418838501
qwen3.5-9b,C,7,8,random,R_control,-1.0,1.0,-0.07080148905515671,-0.07670442964881659,-0.0651965118944645,-0.0015999972820281982,0.007428287994116545,0.013894516043365002,0.02956344257108867,0.4699897858632009,0.49,0.010000000000000009,0.0,0.02,0.16015625,1.0689592361450195
qwen3.5-9b,C,7,8,random,R_role,-1.0,1.0,0.025987934321165085,0.02506843996234238,0.026925382530316712,0.0004000067710876465,0.007428287994116545,0.013894516043365002,0.02956344257108867,0.4699897858632009,0.49,0.010000000000000009,0.0,0.02,0.16015625,4.93510103225708
qwen3.5-9b,C,7,19,random,R_harm,-1.0,1.0,-0.006914408877491951,-0.010763793252408504,-0.0032414231100119655,0.0004000067710876465,0.007428287994116545,0.013894516043365002,0.02956344257108867,0.4699897858632009,0.49,0.010000000000000009,0.0,0.02,0.16015625,23.36080551147461
qwen3.5-9b,C,7,19,random,R_control,-1.0,1.0,-0.01479329727590084,-0.020132148778066038,-0.009740394446998835,0.000800013542175293,0.007428287994116545,0.013894516043365002,0.02956344257108867,0.4699897858632009,0.49,0.010000000000000009,0.0,0.02,0.16015625,15.32968807220459
qwen3.5-9b,C,7,19,random,R_role,-1.0,1.0,-0.024175992235541344,-0.03123892955482006,-0.017452703416347505,0.016400039196014404,0.007428287994116545,0.013894516043365002,0.02956344257108867,0.4699897858632009,0.49,0.010000000000000009,0.0,0.02,0.16015625,12.593536376953125
qwen3.5-9b,C,7,31,random,R_harm,-1.0,1.0,-0.006981183309108019,-0.010132901999168099,-0.0039231526898220225,-0.0004000067710876465,0.007428287994116545,0.013894516043365002,0.02956344257108867,0.4699897858632009,0.49,0.010000000000000009,0.0,0.02,0.16015625,118.91390991210938
qwen3.5-9b,C,7,31,random,R_control,-1.0,1.0,-0.01092023029923439,-0.014684272115118802,-0.00728427973808721,-0.0007999539375305176,0.007428287994116545,0.013894516043365002,0.02956344257108867,0.4699897858632009,0.49,0.010000000000000009,0.0,0.02,0.16015625,76.66504669189453
qwen3.5-9b,C,7,31,random,R_role,-1.0,1.0,-0.016847437247633934,-0.02621565540321171,-0.007693645311519509,0.0252000093460083,0.007428287994116545,0.013894516043365002,0.02956344257108867,0.4699897858632009,0.49,0.010000000000000009,0.0,0.02,0.16015625,60.2837028503418
qwen3.5-9b,C,7,8,random,R_harm,2.0,2.0,-0.035426799207925797,-0.04067290797829628,-0.030138843366876247,0.0004000067710876465,0.02860732562839985,0.05179634690284729,0.09694742504507303,0.5342725387370114,0.48,0.0,0.0,0.0,-0.6337500214576721,1.976116418838501
qwen3.5-9b,C,7,8,random,R_control,2.0,2.0,0.051348041743040085,0.04254970215260982,0.06043552476912736,-0.0015999972820281982,0.02860732562839985,0.05179634690284729,0.09694742504507303,0.5342725387370114,0.48,0.0,0.0,0.0,-0.6337500214576721,1.0689592361450195
qwen3.5-9b,C,7,8,random,R_role,2.0,2.0,-0.006751080043613911,-0.008042059140279889,-0.0054893684922717526,-0.014400005340576172,0.02860732562839985,0.05179634690284729,0.09694742504507303,0.5342725387370114,0.48,0.0,0.0,0.0,-0.6337500214576721,4.93510103225708
qwen3.5-9b,C,7,19,random,R_harm,2.0,2.0,0.016027458012104034,0.008553184336051345,0.02379075586795805,-0.000800013542175293,0.02860732562839985,0.05179634690284729,0.09694742504507303,0.5342725387370114,0.48,0.0,0.0,0.0,-0.6337500214576721,23.36080551147461
qwen3.5-9b,C,7,19,random,R_control,2.0,2.0,0.030891861766576767,0.02025390127673745,0.04202525392174718,-0.0040000081062316895,0.02860732562839985,0.05179634690284729,0.09694742504507303,0.5342725387370114,0.48,0.0,0.0,0.0,-0.6337500214576721,15.32968807220459
qwen3.5-9b,C,7,19,random,R_role,2.0,2.0,0.08189639449119568,0.07079775612801313,0.09348136875778436,-0.04039996862411499,0.02860732562839985,0.05179634690284729,0.09694742504507303,0.5342725387370114,0.48,0.0,0.0,0.0,-0.6337500214576721,12.593536376953125
qwen3.5-9b,C,7,31,random,R_harm,2.0,2.0,0.014782573096454144,0.009093993296846747,0.020442336285486817,0.001999974250793457,0.02860732562839985,0.05179634690284729,0.09694742504507303,0.5342725387370114,0.48,0.0,0.0,0.0,-0.6337500214576721,118.91390991210938
qwen3.5-9b,C,7,31,random,R_control,2.0,2.0,0.01715029776096344,0.009491555765271187,0.024720829585567115,0.0012000203132629395,0.02860732562839985,0.05179634690284729,0.09694742504507303,0.5342725387370114,0.48,0.0,0.0,0.0,-0.6337500214576721,76.66504669189453
qwen3.5-9b,C,7,31,random,R_role,2.0,2.0,0.0123849892988801,-0.0013937306619482112,0.02694687927141784,0.007999986410140991,0.02860732562839985,0.05179634690284729,0.09694742504507303,0.5342725387370114,0.48,0.0,0.0,0.0,-0.6337500214576721,60.2837028503418
qwen3.5-9b,C,7,8,random,R_harm,-2.0,2.0,0.04981696233153343,0.03767895335331559,0.062220437172800284,0.0,0.033423230051994324,0.0620727576315403,0.09694742504507303,0.6402723703355843,0.49,0.010000000000000009,0.0,0.02,0.24937500059604645,1.976116418838501
qwen3.5-9b,C,7,8,random,R_control,-2.0,2.0,-0.16168709099292755,-0.17613324970006944,-0.14714323468506338,-0.0004000067710876465,0.033423230051994324,0.0620727576315403,0.09694742504507303,0.6402723703355843,0.49,0.010000000000000009,0.0,0.02,0.24937500059604645,1.0689592361450195
qwen3.5-9b,C,7,8,random,R_role,-2.0,2.0,0.06142919883131981,0.0593900422565639,0.06355315577238799,0.0020000040531158447,0.033423230051994324,0.0620727576315403,0.09694742504507303,0.6402723703355843,0.49,0.010000000000000009,0.0,0.02,0.24937500059604645,4.93510103225708
qwen3.5-9b,C,7,19,random,R_harm,-2.0,2.0,-0.010292388498783112,-0.017899948358535766,-0.003121660510078074,0.0004000067710876465,0.033423230051994324,0.0620727576315403,0.09694742504507303,0.6402723703355843,0.49,0.010000000000000009,0.0,0.02,0.24937500059604645,23.36080551147461
qwen3.5-9b,C,7,19,random,R_control,-2.0,2.0,-0.025693843141198158,-0.036184991151094435,-0.01606027227826417,0.0023999810218811035,0.033423230051994324,0.0620727576315403,0.09694742504507303,0.6402723703355843,0.49,0.010000000000000009,0.0,0.02,0.24937500059604645,15.32968807220459
qwen3.5-9b,C,7,19,random,R_role,-2.0,2.0,-0.030160322785377502,-0.04267750466242433,-0.01819275883026421,0.04080003499984741,0.033423230051994324,0.0620727576315403,0.09694742504507303,0.6402723703355843,0.49,0.010000000000000009,0.0,0.02,0.24937500059604645,12.593536376953125
qwen3.5-9b,C,7,31,random,R_harm,-2.0,2.0,-0.015865271911025047,-0.022069313703104852,-0.00981710257474333,0.0,0.033423230051994324,0.0620727576315403,0.09694742504507303,0.6402723703355843,0.49,0.010000000000000009,0.0,0.02,0.24937500059604645,118.91390991210938
qwen3.5-9b,C,7,31,random,R_control,-2.0,2.0,-0.025874940678477287,-0.03393652345985174,-0.018412725999951363,-0.0007999539375305176,0.033423230051994324,0.0620727576315403,0.09694742504507303,0.6402723703355843,0.49,0.010000000000000009,0.0,0.02,0.24937500059604645,76.66504669189453
qwen3.5-9b,C,7,31,random,R_role,-2.0,2.0,-0.02129851095378399,-0.03893395820632577,-0.004413343814667324,0.05640000104904175,0.033423230051994324,0.0620727576315403,0.09694742504507303,0.6402723703355843,0.49,0.010000000000000009,0.0,0.02,0.24937500059604645,60.2837028503418
qwen3.5-9b,C,7,8,random,R_harm,4.0,4.0,-0.03812587633728981,-0.059217694122344254,-0.017178406147286353,0.0,0.1345565766096115,0.22068746387958527,0.2774599976837635,0.7953847968063309,0.5,0.020000000000000018,0.040000000000000036,0.0,-1.135312557220459,1.976116418838501
qwen3.5-9b,C,7,8,random,R_control,4.0,4.0,-0.0258772149682045,-0.05416311677545309,0.003186698560602901,-0.002400010824203491,0.1345565766096115,0.22068746387958527,0.2774599976837635,0.7953847968063309,0.5,0.020000000000000018,0.040000000000000036,0.0,-1.135312557220459,1.0689592361450195
qwen3.5-9b,C,7,8,random,R_role,4.0,4.0,0.028842920437455177,0.025806417502462865,0.03196281660348177,-0.028400003910064697,0.1345565766096115,0.22068746387958527,0.2774599976837635,0.7953847968063309,0.5,0.020000000000000018,0.040000000000000036,0.0,-1.135312557220459,4.93510103225708
qwen3.5-9b,C,7,19,random,R_harm,4.0,4.0,0.038439806550741196,0.018337759375572204,0.057841515354812134,-0.00279998779296875,0.1345565766096115,0.22068746387958527,0.2774599976837635,0.7953847968063309,0.5,0.020000000000000018,0.040000000000000036,0.0,-1.135312557220459,23.36080551147461
qwen3.5-9b,C,7,19,random,R_control,4.0,4.0,0.06922698020935059,0.04163372041657567,0.0968878775835037,-0.008799970149993896,0.1345565766096115,0.22068746387958527,0.2774599976837635,0.7953847968063309,0.5,0.020000000000000018,0.040000000000000036,0.0,-1.135312557220459,15.32968807220459
qwen3.5-9b,C,7,19,random,R_role,4.0,4.0,0.1862083077430725,0.16557557992637156,0.20727740339934825,-0.0843999981880188,0.1345565766096115,0.22068746387958527,0.2774599976837635,0.7953847968063309,0.5,0.020000000000000018,0.040000000000000036,0.0,-1.135312557220459,12.593536376953125
qwen3.5-9b,C,7,31,random,R_harm,4.0,4.0,0.053170379251241684,0.04113859832286835,0.06507276687771081,0.0012000203132629395,0.1345565766096115,0.22068746387958527,0.2774599976837635,0.7953847968063309,0.5,0.020000000000000018,0.040000000000000036,0.0,-1.135312557220459,118.91390991210938
qwen3.5-9b,C,7,31,random,R_control,4.0,4.0,0.052552636712789536,0.03623589808121323,0.06833090521395206,-0.0007999539375305176,0.1345565766096115,0.22068746387958527,0.2774599976837635,0.7953847968063309,0.5,0.020000000000000018,0.040000000000000036,0.0,-1.135312557220459,76.66504669189453
qwen3.5-9b,C,7,31,random,R_role,4.0,4.0,-0.02497319132089615,-0.058107593283057216,0.0069010972511023,0.04280000925064087,0.1345565766096115,0.22068746387958527,0.2774599976837635,0.7953847968063309,0.5,0.020000000000000018,0.040000000000000036,0.0,-1.135312557220459,60.2837028503418
qwen3.5-9b,C,7,8,random,R_harm,-4.0,4.0,0.09927929192781448,0.07087158598005772,0.12816271781921382,-0.000800013542175293,0.19965605437755585,0.37077468633651733,0.2774599976837635,1.3363176293222265,0.5,0.020000000000000018,0.020000000000000018,0.02,0.13500000536441803,1.976116418838501
qwen3.5-9b,C,7,8,random,R_control,-4.0,4.0,-0.3214290738105774,-0.35609764233231544,-0.2862852059304714,0.0031999945640563965,0.19965605437755585,0.37077468633651733,0.2774599976837635,1.3363176293222265,0.5,0.020000000000000018,0.020000000000000018,0.02,0.13500000536441803,1.0689592361450195
qwen3.5-9b,C,7,8,random,R_role,-4.0,4.0,0.13240429759025574,0.12814201340079306,0.13684823475778102,-0.0067999958992004395,0.19965605437755585,0.37077468633651733,0.2774599976837635,1.3363176293222265,0.5,0.020000000000000018,0.020000000000000018,0.02,0.13500000536441803,4.93510103225708
qwen3.5-9b,C,7,19,random,R_harm,-4.0,4.0,-0.012703820131719112,-0.028644279437139628,0.0035007595084607587,0.0020000338554382324,0.19965605437755585,0.37077468633651733,0.2774599976837635,1.3363176293222265,0.5,0.020000000000000018,0.020000000000000018,0.02,0.13500000536441803,23.36080551147461
qwen3.5-9b,C,7,19,random,R_control,-4.0,4.0,-0.028258085250854492,-0.049906157236546275,-0.007866764499340227,0.0004000067710876465,0.19965605437755585,0.37077468633651733,0.2774599976837635,1.3363176293222265,0.5,0.020000000000000018,0.020000000000000018,0.02,0.13500000536441803,15.32968807220459
qwen3.5-9b,C,7,19,random,R_role,-4.0,4.0,-0.01478481013327837,-0.03631218764930964,0.005548301897943015,0.04919999837875366,0.19965605437755585,0.37077468633651733,0.2774599976837635,1.3363176293222265,0.5,0.020000000000000018,0.020000000000000018,0.02,0.13500000536441803,12.593536376953125
qwen3.5-9b,C,7,31,random,R_harm,-4.0,4.0,-0.03532694652676582,-0.048902105260640386,-0.021992469066754,-0.000800013542175293,0.19965605437755585,0.37077468633651733,0.2774599976837635,1.3363176293222265,0.5,0.020000000000000018,0.020000000000000018,0.02,0.13500000536441803,118.91390991210938
qwen3.5-9b,C,7,31,random,R_control,-4.0,4.0,-0.058709438890218735,-0.07692964021116495,-0.0418463627807796,-0.0015999674797058105,0.19965605437755585,0.37077468633651733,0.2774599976837635,1.3363176293222265,0.5,0.020000000000000018,0.020000000000000018,0.02,0.13500000536441803,76.66504669189453
qwen3.5-9b,C,7,31,random,R_role,-4.0,4.0,0.025175614282488823,-0.01169525741133839,0.0595711695961654,0.17239999771118164,0.19965605437755585,0.37077468633651733,0.2774599976837635,1.3363176293222265,0.5,0.020000000000000018,0.020000000000000018,0.02,0.13500000536441803,60.2837028503418
qwen3.5-9b,C,15,16,R_harm,R_harm,0.25,0.25,0.2237664759159088,0.22138637565076352,0.22606721073389052,0.0,0.024283088743686676,0.042766693979501724,0.007234797463752329,5.911249650563233,0.5,0.020000000000000018,0.020000000000000018,0.02,0.37406250834465027,10.192642211914062
qwen3.5-9b,C,15,16,R_harm,R_control,0.25,0.25,0.2751654088497162,0.26961432844400407,0.2806168384850025,-0.0015999674797058105,0.024283088743686676,0.042766693979501724,0.007234797463752329,5.911249650563233,0.5,0.020000000000000018,0.020000000000000018,0.02,0.37406250834465027,6.531675815582275
qwen3.5-9b,C,15,16,R_harm,R_role,0.25,0.25,0.03594408184289932,0.03483211798593402,0.037064796406775714,0.007600009441375732,0.024283088743686676,0.042766693979501724,0.007234797463752329,5.911249650563233,0.5,0.020000000000000018,0.020000000000000018,0.02,0.37406250834465027,9.099043846130371
qwen3.5-9b,C,15,23,R_harm,R_harm,0.25,0.25,0.04249068349599838,0.03519825479015708,0.04948519067838788,-0.001600027084350586,0.024283088743686676,0.042766693979501724,0.007234797463752329,5.911249650563233,0.5,0.020000000000000018,0.020000000000000018,0.02,0.37406250834465027,50.47686004638672
qwen3.5-9b,C,15,23,R_harm,R_control,0.25,0.25,0.05389363318681717,0.04324579797685146,0.0651281341910362,-0.001199960708618164,0.024283088743686676,0.042766693979501724,0.007234797463752329,5.911249650563233,0.5,0.020000000000000018,0.020000000000000018,0.02,0.37406250834465027,33.62088394165039
qwen3.5-9b,C,15,23,R_harm,R_role,0.25,0.25,0.034659720957279205,0.030344519531354308,0.0391613544896245,-0.013599991798400879,0.024283088743686676,0.042766693979501724,0.007234797463752329,5.911249650563233,0.5,0.020000000000000018,0.020000000000000018,0.02,0.37406250834465027,19.147296905517578
qwen3.5-9b,C,15,31,R_harm,R_harm,0.25,0.25,0.039130061864852905,0.03370789643377066,0.04485759641975164,-0.000800013542175293,0.024283088743686676,0.042766693979501724,0.007234797463752329,5.911249650563233,0.5,0.020000000000000018,0.020000000000000018,0.02,0.37406250834465027,118.91390991210938
qwen3.5-9b,C,15,31,R_harm,R_control,0.25,0.25,0.0451253205537796,0.03713283892720938,0.05413299091160297,-0.0023999810218811035,0.024283088743686676,0.042766693979501724,0.007234797463752329,5.911249650563233,0.5,0.020000000000000018,0.020000000000000018,0.02,0.37406250834465027,76.66504669189453
qwen3.5-9b,C,15,31,R_harm,R_role,0.25,0.25,-0.014312483370304108,-0.025484211184084414,-0.003736724873306242,-0.0020000040531158447,0.024283088743686676,0.042766693979501724,0.007234797463752329,5.911249650563233,0.5,0.020000000000000018,0.020000000000000018,0.02,0.37406250834465027,60.2837028503418
qwen3.5-9b,C,15,16,R_harm,R_harm,-0.25,0.25,-0.2247406393289566,-0.22712174504995347,-0.22235559076070785,-0.0003999471664428711,0.02317134663462639,0.040323153138160706,0.007234797463752329,5.573501309495828,0.47,-0.010000000000000009,0.0,-0.02,-0.3828125,10.192642211914062
qwen3.5-9b,C,15,16,R_harm,R_control,-0.25,0.25,-0.2815050780773163,-0.2855776734650135,-0.2773940786719322,-0.0003999471664428711,0.02317134663462639,0.040323153138160706,0.007234797463752329,5.573501309495828,0.47,-0.010000000000000009,0.0,-0.02,-0.3828125,6.531675815582275
qwen3.5-9b,C,15,16,R_harm,R_role,-0.25,0.25,-0.03378576040267944,-0.03530043410137296,-0.032312871888279915,-0.012799978256225586,0.02317134663462639,0.040323153138160706,0.007234797463752329,5.573501309495828,0.47,-0.010000000000000009,0.0,-0.02,-0.3828125,9.099043846130371
qwen3.5-9b,C,15,23,R_harm,R_harm,-0.25,0.25,-0.0468071848154068,-0.0531875685788691,-0.04049140186980367,0.0015999674797058105,0.02317134663462639,0.040323153138160706,0.007234797463752329,5.573501309495828,0.47,-0.010000000000000009,0.0,-0.02,-0.3828125,50.47686004638672
qwen3.5-9b,C,15,23,R_harm,R_control,-0.25,0.25,-0.05831977725028992,-0.06843062974512577,-0.04799350379034877,0.001600027084350586,0.02317134663462639,0.040323153138160706,0.007234797463752329,5.573501309495828,0.47,-0.010000000000000009,0.0,-0.02,-0.3828125,33.62088394165039
qwen3.5-9b,C,15,23,R_harm,R_role,-0.25,0.25,-0.03333418816328049,-0.037628522608429193,-0.02918310221284628,0.010000050067901611,0.02317134663462639,0.040323153138160706,0.007234797463752329,5.573501309495828,0.47,-0.010000000000000009,0.0,-0.02,-0.3828125,19.147296905517578
qwen3.5-9b,C,15,31,R_harm,R_harm,-0.25,0.25,-0.0428343266248703,-0.048174110148102044,-0.03801990980282426,0.0,0.02317134663462639,0.040323153138160706,0.007234797463752329,5.573501309495828,0.47,-0.010000000000000009,0.0,-0.02,-0.3828125,118.91390991210938
qwen3.5-9b,C,15,31,R_harm,R_control,-0.25,0.25,-0.04593682289123535,-0.05420524822548032,-0.03831634689122439,0.002400040626525879,0.02317134663462639,0.040323153138160706,0.007234797463752329,5.573501309495828,0.47,-0.010000000000000009,0.0,-0.02,-0.3828125,76.66504669189453
qwen3.5-9b,C,15,31,R_harm,R_role,-0.25,0.25,0.011025710962712765,0.0001993284640775528,0.0222687754780054,0.010799974203109741,0.02317134663462639,0.040323153138160706,0.007234797463752329,5.573501309495828,0.47,-0.010000000000000009,0.0,-0.02,-0.3828125,60.2837028503418
qwen3.5-9b,C,15,16,R_harm,R_harm,0.5,0.5,0.44347766041755676,0.43804249837994574,0.44869727492332456,0.0,0.09667413681745529,0.16932816803455353,0.027772074565291405,6.097065872283597,0.52,0.040000000000000036,0.040000000000000036,0.039999999999999994,0.807812511920929,10.192642211914062
qwen3.5-9b,C,15,16,R_harm,R_control,0.5,0.5,0.5400936007499695,0.5275898426771164,0.5522417217493057,-0.0035999417304992676,0.09667413681745529,0.16932816803455353,0.027772074565291405,6.097065872283597,0.52,0.040000000000000036,0.040000000000000036,0.039999999999999994,0.807812511920929,6.531675815582275
qwen3.5-9b,C,15,16,R_harm,R_role,0.5,0.5,0.07332957535982132,0.07137681376188994,0.07529320679605007,0.011200010776519775,0.09667413681745529,0.16932816803455353,0.027772074565291405,6.097065872283597,0.52,0.040000000000000036,0.040000000000000036,0.039999999999999994,0.807812511920929,9.099043846130371
qwen3.5-9b,C,15,23,R_harm,R_harm,0.5,0.5,0.08317503333091736,0.06782755330204963,0.0982874436303973,-0.0028000473976135254,0.09667413681745529,0.16932816803455353,0.027772074565291405,6.097065872283597,0.52,0.040000000000000036,0.040000000000000036,0.039999999999999994,0.807812511920929,50.47686004638672
qwen3.5-9b,C,15,23,R_harm,R_control,0.5,0.5,0.10642579197883606,0.08365768380463123,0.12938948012888432,-0.006399989128112793,0.09667413681745529,0.16932816803455353,0.027772074565291405,6.097065872283597,0.52,0.040000000000000036,0.040000000000000036,0.039999999999999994,0.807812511920929,33.62088394165039
qwen3.5-9b,C,15,23,R_harm,R_role,0.5,0.5,0.07346244156360626,0.06494856085628271,0.08266403507441282,-0.027199983596801758,0.09667413681745529,0.16932816803455353,0.027772074565291405,6.097065872283597,0.52,0.040000000000000036,0.040000000000000036,0.039999999999999994,0.807812511920929,19.147296905517578
qwen3.5-9b,C,15,31,R_harm,R_harm,0.5,0.5,0.0763230249285698,0.06505724880844355,0.0884069625288248,-0.0023999810218811035,0.09667413681745529,0.16932816803455353,0.027772074565291405,6.097065872283597,0.52,0.040000000000000036,0.040000000000000036,0.039999999999999994,0.807812511920929,118.91390991210938
qwen3.5-9b,C,15,31,R_harm,R_control,0.5,0.5,0.09151649475097656,0.07544413134455681,0.10954019147902727,-0.0055999755859375,0.09667413681745529,0.16932816803455353,0.027772074565291405,6.097065872283597,0.52,0.040000000000000036,0.040000000000000036,0.039999999999999994,0.807812511920929,76.66504669189453
qwen3.5-9b,C,15,31,R_harm,R_role,0.5,0.5,-0.03455818071961403,-0.056896348390728234,-0.013464716309681551,-0.013999998569488525,0.09667413681745529,0.16932816803455353,0.027772074565291405,6.097065872283597,0.52,0.040000000000000036,0.040000000000000036,0.039999999999999994,0.807812511920929,60.2837028503418
qwen3.5-9b,C,15,16,R_harm,R_harm,-0.5,0.5,-0.4472973346710205,-0.4529143512248993,-0.4418188750743866,-0.0003999471664428711,0.08843902498483658,0.14649154245853424,0.027772074565291405,5.274778523085718,0.47,-0.010000000000000009,0.0,-0.02,-0.8103125095367432,10.192642211914062
qwen3.5-9b,C,15,16,R_harm,R_control,-0.5,0.5,-0.5647983551025391,-0.5722683906555176,-0.5574967980384826,-0.0007999539375305176,0.08843902498483658,0.14649154245853424,0.027772074565291405,5.274778523085718,0.47,-0.010000000000000009,0.0,-0.02,-0.8103125095367432,6.531675815582275
qwen3.5-9b,C,15,16,R_harm,R_role,-0.5,0.5,-0.064031220972538,-0.06730628143996001,-0.060833081416785714,-0.02479994297027588,0.08843902498483658,0.14649154245853424,0.027772074565291405,5.274778523085718,0.47,-0.010000000000000009,0.0,-0.02,-0.8103125095367432,9.099043846130371
qwen3.5-9b,C,15,23,R_harm,R_harm,-0.5,0.5,-0.099998839199543,-0.11213083993643522,-0.08789650090038777,0.0023999810218811035,0.08843902498483658,0.14649154245853424,0.027772074565291405,5.274778523085718,0.47,-0.010000000000000009,0.0,-0.02,-0.8103125095367432,50.47686004638672
qwen3.5-9b,C,15,23,R_harm,R_control,-0.5,0.5,-0.12373331934213638,-0.14275271706283094,-0.10413024891167881,0.0,0.08843902498483658,0.14649154245853424,0.027772074565291405,5.274778523085718,0.47,-0.010000000000000009,0.0,-0.02,-0.8103125095367432,33.62088394165039
qwen3.5-9b,C,15,23,R_harm,R_role,-0.5,0.5,-0.06569476425647736,-0.07383965961635112,-0.05798530401661992,0.013200044631958008,0.08843902498483658,0.14649154245853424,0.027772074565291405,5.274778523085718,0.47,-0.010000000000000009,0.0,-0.02,-0.8103125095367432,19.147296905517578
qwen3.5-9b,C,15,31,R_harm,R_harm,-0.5,0.5,-0.09091466665267944,-0.10135172083973884,-0.08145329970866444,0.001999974250793457,0.08843902498483658,0.14649154245853424,0.027772074565291405,5.274778523085718,0.47,-0.010000000000000009,0.0,-0.02,-0.8103125095367432,118.91390991210938
qwen3.5-9b,C,15,31,R_harm,R_control,-0.5,0.5,-0.0942787155508995,-0.10964577049016952,-0.0796135637909174,0.002400040626525879,0.08843902498483658,0.14649154245853424,0.027772074565291405,5.274778523085718,0.47,-0.010000000000000009,0.0,-0.02,-0.8103125095367432,76.66504669189453
qwen3.5-9b,C,15,31,R_harm,R_role,-0.5,0.5,0.024885933846235275,0.005068285786546767,0.046855070069432216,0.021600008010864258,0.08843902498483658,0.14649154245853424,0.027772074565291405,5.274778523085718,0.47,-0.010000000000000009,0.0,-0.02,-0.8103125095367432,60.2837028503418
qwen3.5-9b,C,15,16,R_harm,R_harm,1.0,1.0,0.8622294664382935,0.8484660848975182,0.8752198770642281,0.0,0.3444976806640625,0.5943458080291748,0.11806951370090246,5.033863436879997,0.57,0.08999999999999997,0.040000000000000036,0.14,1.8654687404632568,10.192642211914062
qwen3.5-9b,C,15,16,R_harm,R_control,1.0,1.0,1.0304453372955322,1.0013941079378128,1.0585309773683549,-0.010399997234344482,0.3444976806640625,0.5943458080291748,0.11806951370090246,5.033863436879997,0.57,0.08999999999999997,0.040000000000000036,0.14,1.8654687404632568,6.531675815582275
qwen3.5-9b,C,15,16,R_harm,R_role,1.0,1.0,0.14818117022514343,0.14463775381445884,0.15172200351953505,0.011600017547607422,0.3444976806640625,0.5943458080291748,0.11806951370090246,5.033863436879997,0.57,0.08999999999999997,0.040000000000000036,0.14,1.8654687404632568,9.099043846130371
qwen3.5-9b,C,15,23,R_harm,R_harm,1.0,1.0,0.16346557438373566,0.13014761731028557,0.1967055920511484,-0.0031999945640563965,0.3444976806640625,0.5943458080291748,0.11806951370090246,5.033863436879997,0.57,0.08999999999999997,0.040000000000000036,0.14,1.8654687404632568,50.47686004638672
qwen3.5-9b,C,15,23,R_harm,R_control,1.0,1.0,0.2092505395412445,0.1595760826021433,0.2583707965910434,-0.022000014781951904,0.3444976806640625,0.5943458080291748,0.11806951370090246,5.033863436879997,0.57,0.08999999999999997,0.040000000000000036,0.14,1.8654687404632568,33.62088394165039
qwen3.5-9b,C,15,23,R_harm,R_role,1.0,1.0,0.16593068838119507,0.1485996399074793,0.1846996769309044,-0.06919997930526733,0.3444976806640625,0.5943458080291748,0.11806951370090246,5.033863436879997,0.57,0.08999999999999997,0.040000000000000036,0.14,1.8654687404632568,19.147296905517578
qwen3.5-9b,C,15,31,R_harm,R_harm,1.0,1.0,0.14923356473445892,0.12512104399502277,0.17536928839981555,-0.004400014877319336,0.3444976806640625,0.5943458080291748,0.11806951370090246,5.033863436879997,0.57,0.08999999999999997,0.040000000000000036,0.14,1.8654687404632568,118.91390991210938
qwen3.5-9b,C,15,31,R_harm,R_control,1.0,1.0,0.18743808567523956,0.15385867655277252,0.22317830622196197,-0.021199941635131836,0.3444976806640625,0.5943458080291748,0.11806951370090246,5.033863436879997,0.57,0.08999999999999997,0.040000000000000036,0.14,1.8654687404632568,76.66504669189453
qwen3.5-9b,C,15,31,R_harm,R_role,1.0,1.0,-0.09329966455698013,-0.13389080986380578,-0.053377287462353734,-0.03240001201629639,0.3444976806640625,0.5943458080291748,0.11806951370090246,5.033863436879997,0.57,0.08999999999999997,0.040000000000000036,0.14,1.8654687404632568,60.2837028503418
qwen3.5-9b,C,15,16,R_harm,R_harm,-1.0,1.0,-0.8756417632102966,-0.88985276222229,-0.861268226802349,-0.0003999471664428711,0.3544984459877014,0.46679800748825073,0.11806951370090246,3.953586263349561,0.43,-0.04999999999999999,-0.07999999999999996,-0.02,-1.8762500286102295,10.192642211914062
qwen3.5-9b,C,15,16,R_harm,R_control,-1.0,1.0,-1.1211507320404053,-1.1373479425907136,-1.1052677094936372,-0.0015999674797058105,0.3544984459877014,0.46679800748825073,0.11806951370090246,3.953586263349561,0.43,-0.04999999999999999,-0.07999999999999996,-0.02,-1.8762500286102295,6.531675815582275
qwen3.5-9b,C,15,16,R_harm,R_role,-1.0,1.0,-0.11397311836481094,-0.12082029283046722,-0.10721865706145764,-0.0615999698638916,0.3544984459877014,0.46679800748825073,0.11806951370090246,3.953586263349561,0.43,-0.04999999999999999,-0.07999999999999996,-0.02,-1.8762500286102295,9.099043846130371
qwen3.5-9b,C,15,23,R_harm,R_harm,-1.0,1.0,-0.23082499206066132,-0.2578848317265511,-0.2053177434951067,0.0007999539375305176,0.3544984459877014,0.46679800748825073,0.11806951370090246,3.953586263349561,0.43,-0.04999999999999999,-0.07999999999999996,-0.02,-1.8762500286102295,50.47686004638672
qwen3.5-9b,C,15,23,R_harm,R_control,-1.0,1.0,-0.28490686416625977,-0.32265801578760145,-0.24831150360405446,-0.0067999958992004395,0.3544984459877014,0.46679800748825073,0.11806951370090246,3.953586263349561,0.43,-0.04999999999999999,-0.07999999999999996,-0.02,-1.8762500286102295,33.62088394165039
qwen3.5-9b,C,15,23,R_harm,R_role,-1.0,1.0,-0.12226703017950058,-0.13710570074617862,-0.10798915140330793,0.0020000338554382324,0.3544984459877014,0.46679800748825073,0.11806951370090246,3.953586263349561,0.43,-0.04999999999999999,-0.07999999999999996,-0.02,-1.8762500286102295,19.147296905517578
qwen3.5-9b,C,15,31,R_harm,R_harm,-1.0,1.0,-0.20591866970062256,-0.2283017911016941,-0.18403094150125981,0.0004000067710876465,0.3544984459877014,0.46679800748825073,0.11806951370090246,3.953586263349561,0.43,-0.04999999999999999,-0.07999999999999996,-0.02,-1.8762500286102295,118.91390991210938
qwen3.5-9b,C,15,31,R_harm,R_control,-1.0,1.0,-0.20259518921375275,-0.23257627785205842,-0.17463216520845892,-0.0007999539375305176,0.3544984459877014,0.46679800748825073,0.11806951370090246,3.953586263349561,0.43,-0.04999999999999999,-0.07999999999999996,-0.02,-1.8762500286102295,76.66504669189453
qwen3.5-9b,C,15,31,R_harm,R_role,-1.0,1.0,0.06257134675979614,0.024244238482788207,0.10217969398945567,0.05079996585845947,0.3544984459877014,0.46679800748825073,0.11806951370090246,3.953586263349561,0.43,-0.04999999999999999,-0.07999999999999996,-0.02,-1.8762500286102295,60.2837028503418
qwen3.5-9b,C,15,16,R_harm,R_harm,2.0,2.0,1.611648678779602,1.5824510753154755,1.6397590845823289,-0.0007999539375305176,1.1777485609054565,2.1580657958984375,0.5194221213459969,4.154743718473456,0.81,0.33000000000000007,0.040000000000000036,0.62,3.700937509536743,10.192642211914062
qwen3.5-9b,C,15,16,R_harm,R_control,2.0,2.0,1.8654247522354126,1.8121128112077713,1.9179722607135772,-0.01799994707107544,1.1777485609054565,2.1580657958984375,0.5194221213459969,4.154743718473456,0.81,0.33000000000000007,0.040000000000000036,0.62,3.700937509536743,6.531675815582275
qwen3.5-9b,C,15,16,R_harm,R_role,2.0,2.0,0.2779364287853241,0.27051925882697103,0.2852485962212086,-0.003999948501586914,1.1777485609054565,2.1580657958984375,0.5194221213459969,4.154743718473456,0.81,0.33000000000000007,0.040000000000000036,0.62,3.700937509536743,9.099043846130371
qwen3.5-9b,C,15,23,R_harm,R_harm,2.0,2.0,0.28773418068885803,0.21371929086744784,0.35950715914368625,-0.013999998569488525,1.1777485609054565,2.1580657958984375,0.5194221213459969,4.154743718473456,0.81,0.33000000000000007,0.040000000000000036,0.62,3.700937509536743,50.47686004638672
qwen3.5-9b,C,15,23,R_harm,R_control,2.0,2.0,0.3501761257648468,0.25058518908917904,0.451714152097702,-0.08399999141693115,1.1777485609054565,2.1580657958984375,0.5194221213459969,4.154743718473456,0.81,0.33000000000000007,0.040000000000000036,0.62,3.700937509536743,33.62088394165039
qwen3.5-9b,C,15,23,R_harm,R_role,2.0,2.0,0.3442111313343048,0.30500889718532564,0.382477705925703,-0.19599997997283936,1.1777485609054565,2.1580657958984375,0.5194221213459969,4.154743718473456,0.81,0.33000000000000007,0.040000000000000036,0.62,3.700937509536743,19.147296905517578
qwen3.5-9b,C,15,31,R_harm,R_harm,2.0,2.0,0.27625900506973267,0.21686176732182502,0.33467378616333004,-0.013999998569488525,1.1777485609054565,2.1580657958984375,0.5194221213459969,4.154743718473456,0.81,0.33000000000000007,0.040000000000000036,0.62,3.700937509536743,118.91390991210938
qwen3.5-9b,C,15,31,R_harm,R_control,2.0,2.0,0.34376415610313416,0.2674927912652493,0.4201797075569629,-0.10559999942779541,1.1777485609054565,2.1580657958984375,0.5194221213459969,4.154743718473456,0.81,0.33000000000000007,0.040000000000000036,0.62,3.700937509536743,76.66504669189453
qwen3.5-9b,C,15,31,R_harm,R_role,2.0,2.0,-0.24893338978290558,-0.3063009738922119,-0.18929644264280798,-0.15640002489089966,1.1777485609054565,2.1580657958984375,0.5194221213459969,4.154743718473456,0.81,0.33000000000000007,0.040000000000000036,0.62,3.700937509536743,60.2837028503418
qwen3.5-9b,C,15,16,R_harm,R_harm,-2.0,2.0,-1.6315722465515137,-1.6615528762340546,-1.6018647074699401,-0.0007999539375305176,1.8091827630996704,1.2311710119247437,0.5194221213459969,2.370270655270451,0.24,-0.24,-0.45999999999999996,-0.02,-5.347187519073486,10.192642211914062
qwen3.5-9b,C,15,16,R_harm,R_control,-2.0,2.0,-2.1141622066497803,-2.150992953777313,-2.0759894967079164,-0.009199976921081543,1.8091827630996704,1.2311710119247437,0.5194221213459969,2.370270655270451,0.24,-0.24,-0.45999999999999996,-0.02,-5.347187519073486,6.531675815582275
qwen3.5-9b,C,15,16,R_harm,R_role,-2.0,2.0,-0.175745889544487,-0.18633586615324021,-0.16524590887129306,-0.08879995346069336,1.8091827630996704,1.2311710119247437,0.5194221213459969,2.370270655270451,0.24,-0.24,-0.45999999999999996,-0.02,-5.347187519073486,9.099043846130371
qwen3.5-9b,C,15,23,R_harm,R_harm,-2.0,2.0,-0.5684788227081299,-0.6326090604066849,-0.5057267561554909,-0.01759999990463257,1.8091827630996704,1.2311710119247437,0.5194221213459969,2.370270655270451,0.24,-0.24,-0.45999999999999996,-0.02,-5.347187519073486,50.47686004638672
qwen3.5-9b,C,15,23,R_harm,R_control,-2.0,2.0,-0.7412739396095276,-0.819529901444912,-0.6662681415677071,-0.07120001316070557,1.8091827630996704,1.2311710119247437,0.5194221213459969,2.370270655270451,0.24,-0.24,-0.45999999999999996,-0.02,-5.347187519073486,33.62088394165039
qwen3.5-9b,C,15,23,R_harm,R_role,-2.0,2.0,-0.19365501403808594,-0.22109459675848483,-0.16550573222339154,-0.08959996700286865,1.8091827630996704,1.2311710119247437,0.5194221213459969,2.370270655270451,0.24,-0.24,-0.45999999999999996,-0.02,-5.347187519073486,19.147296905517578
qwen3.5-9b,C,15,31,R_harm,R_harm,-2.0,2.0,-0.49297699332237244,-0.5505343899130821,-0.4354968205094338,-0.0307999849319458,1.8091827630996704,1.2311710119247437,0.5194221213459969,2.370270655270451,0.24,-0.24,-0.45999999999999996,-0.02,-5.347187519073486,118.91390991210938
qwen3.5-9b,C,15,31,R_harm,R_control,-2.0,2.0,-0.5139154195785522,-0.5740226984024048,-0.457521951943636,-0.04239994287490845,1.8091827630996704,1.2311710119247437,0.5194221213459969,2.370270655270451,0.24,-0.24,-0.45999999999999996,-0.02,-5.347187519073486,76.66504669189453
qwen3.5-9b,C,15,31,R_harm,R_role,-2.0,2.0,0.10859476029872894,0.045238238479942086,0.17226535193622103,0.014399975538253784,1.8091827630996704,1.2311710119247437,0.5194221213459969,2.370270655270451,0.24,-0.24,-0.45999999999999996,-0.02,-5.347187519073486,60.2837028503418
qwen3.5-9b,C,15,16,R_harm,R_harm,4.0,4.0,2.934685707092285,2.893453359603882,2.9743070185184477,-0.003600001335144043,3.2395968437194824,5.842657089233398,2.4441414028406143,2.3904742509754073,0.98,0.5,0.06000000000000005,0.94,3.9221668243408203,10.192642211914062
qwen3.5-9b,C,15,16,R_harm,R_control,4.0,4.0,3.316528081893921,3.2501749813556673,3.3825877904891968,-0.021599948406219482,3.2395968437194824,5.842657089233398,2.4441414028406143,2.3904742509754073,0.98,0.5,0.06000000000000005,0.94,3.9221668243408203,6.531675815582275
qwen3.5-9b,C,15,16,R_harm,R_role,4.0,4.0,0.4763769507408142,0.4644602440297604,0.48825530484318735,-0.02399998903274536,3.2395968437194824,5.842657089233398,2.4441414028406143,2.3904742509754073,0.98,0.5,0.06000000000000005,0.94,3.9221668243408203,9.099043846130371
qwen3.5-9b,C,15,23,R_harm,R_harm,4.0,4.0,0.26704269647598267,0.15548672787845136,0.37490813881158824,-0.63960000872612,3.2395968437194824,5.842657089233398,2.4441414028406143,2.3904742509754073,0.98,0.5,0.06000000000000005,0.94,3.9221668243408203,50.47686004638672
qwen3.5-9b,C,15,23,R_harm,R_control,4.0,4.0,0.2772597074508667,0.13612814731895923,0.4184391029179096,-0.7755999863147736,3.2395968437194824,5.842657089233398,2.4441414028406143,2.3904742509754073,0.98,0.5,0.06000000000000005,0.94,3.9221668243408203,33.62088394165039
qwen3.5-9b,C,15,23,R_harm,R_role,4.0,4.0,0.2716120779514313,0.19737225621938706,0.345764747262001,-0.7399999797344208,3.2395968437194824,5.842657089233398,2.4441414028406143,2.3904742509754073,0.98,0.5,0.06000000000000005,0.94,3.9221668243408203,19.147296905517578
qwen3.5-9b,C,15,31,R_harm,R_harm,4.0,4.0,0.2145421952009201,0.11000318583101035,0.315907011181116,-0.6356000006198883,3.2395968437194824,5.842657089233398,2.4441414028406143,2.3904742509754073,0.98,0.5,0.06000000000000005,0.94,3.9221668243408203,118.91390991210938
qwen3.5-9b,C,15,31,R_harm,R_control,4.0,4.0,0.16378778219223022,0.03636255916208029,0.28585690036416034,-0.8679999709129333,3.2395968437194824,5.842657089233398,2.4441414028406143,2.3904742509754073,0.98,0.5,0.06000000000000005,0.94,3.9221668243408203,76.66504669189453
qwen3.5-9b,C,15,31,R_harm,R_role,4.0,4.0,-0.6578483581542969,-0.7280277475714684,-0.5843282461166381,-0.38200001418590546,3.2395968437194824,5.842657089233398,2.4441414028406143,2.3904742509754073,0.98,0.5,0.06000000000000005,0.94,3.9221668243408203,60.2837028503418
qwen3.5-9b,C,15,16,R_harm,R_harm,-4.0,4.0,-2.9472861289978027,-2.9835355460643767,-2.910828763246536,-0.0003999471664428711,5.808443546295166,3.3075084686279297,2.4441414028406143,1.3532394094645663,0.0,-0.48,-0.94,-0.02,-8.324999809265137,10.192642211914062
qwen3.5-9b,C,15,16,R_harm,R_control,-4.0,4.0,-3.7686803340911865,-3.82031534910202,-3.715600609779358,-0.01239997148513794,5.808443546295166,3.3075084686279297,2.4441414028406143,1.3532394094645663,0.0,-0.48,-0.94,-0.02,-8.324999809265137,6.531675815582275
qwen3.5-9b,C,15,16,R_harm,R_role,-4.0,4.0,-0.27945053577423096,-0.2912758745253086,-0.2680490456521511,-0.07319998741149902,5.808443546295166,3.3075084686279297,2.4441414028406143,1.3532394094645663,0.0,-0.48,-0.94,-0.02,-8.324999809265137,9.099043846130371
qwen3.5-9b,C,15,23,R_harm,R_harm,-4.0,4.0,-0.7988389730453491,-0.9056368827819824,-0.6959203779697418,-0.2720000147819519,5.808443546295166,3.3075084686279297,2.4441414028406143,1.3532394094645663,0.0,-0.48,-0.94,-0.02,-8.324999809265137,50.47686004638672
qwen3.5-9b,C,15,23,R_harm,R_control,-4.0,4.0,-1.12955904006958,-1.2678886711597444,-0.9990891352295875,-0.4631999731063843,5.808443546295166,3.3075084686279297,2.4441414028406143,1.3532394094645663,0.0,-0.48,-0.94,-0.02,-8.324999809265137,33.62088394165039
qwen3.5-9b,C,15,23,R_harm,R_role,-4.0,4.0,-0.13488909602165222,-0.1816275015473366,-0.0886906772851944,-0.21439999341964722,5.808443546295166,3.3075084686279297,2.4441414028406143,1.3532394094645663,0.0,-0.48,-0.94,-0.02,-8.324999809265137,19.147296905517578
qwen3.5-9b,C,15,31,R_harm,R_harm,-4.0,4.0,-0.7357818484306335,-0.8364493191242218,-0.6396134003996851,-0.3903999924659729,5.808443546295166,3.3075084686279297,2.4441414028406143,1.3532394094645663,0.0,-0.48,-0.94,-0.02,-8.324999809265137,118.91390991210938
qwen3.5-9b,C,15,31,R_harm,R_control,-4.0,4.0,-0.9752146005630493,-1.0869595766067506,-0.8648754909634591,-0.44839996099472046,5.808443546295166,3.3075084686279297,2.4441414028406143,1.3532394094645663,0.0,-0.48,-0.94,-0.02,-8.324999809265137,76.66504669189453
qwen3.5-9b,C,15,31,R_harm,R_role,-4.0,4.0,0.4316197633743286,0.35496874079108237,0.5090727224946021,0.27880001068115234,5.808443546295166,3.3075084686279297,2.4441414028406143,1.3532394094645663,0.0,-0.48,-0.94,-0.02,-8.324999809265137,60.2837028503418
qwen3.5-9b,C,15,16,R_control,R_harm,0.25,0.25,0.11448252946138382,0.11323530953377485,0.11578651610761881,0.0004000067710876465,0.00984878372400999,0.01689365692436695,0.007234797463752329,2.3350559582361896,0.49,0.010000000000000009,0.0,0.02,0.0859375,10.192642211914062
qwen3.5-9b,C,15,16,R_control,R_control,0.25,0.25,0.2207210212945938,0.21799541525542737,0.22338225692510605,-0.0007999539375305176,0.00984878372400999,0.01689365692436695,0.007234797463752329,2.3350559582361896,0.49,0.010000000000000009,0.0,0.02,0.0859375,6.531675815582275
qwen3.5-9b,C,15,16,R_control,R_role,0.25,0.25,0.041388899087905884,0.04066544799134135,0.042128793150186535,0.003600001335144043,0.00984878372400999,0.01689365692436695,0.007234797463752329,2.3350559582361896,0.49,0.010000000000000009,0.0,0.02,0.0859375,9.099043846130371
qwen3.5-9b,C,15,23,R_control,R_harm,0.25,0.25,0.027495233342051506,0.023904398269951343,0.031088733207434414,-0.0004000067710876465,0.00984878372400999,0.01689365692436695,0.007234797463752329,2.3350559582361896,0.49,0.010000000000000009,0.0,0.02,0.0859375,50.47686004638672
qwen3.5-9b,C,15,23,R_control,R_control,0.25,0.25,0.04765401408076286,0.042030231654644014,0.053229221422225234,0.0004000067710876465,0.00984878372400999,0.01689365692436695,0.007234797463752329,2.3350559582361896,0.49,0.010000000000000009,0.0,0.02,0.0859375,33.62088394165039
qwen3.5-9b,C,15,23,R_control,R_role,0.25,0.25,0.04571550711989403,0.04326455732807517,0.04828414162620902,-0.001199960708618164,0.00984878372400999,0.01689365692436695,0.007234797463752329,2.3350559582361896,0.49,0.010000000000000009,0.0,0.02,0.0859375,19.147296905517578
qwen3.5-9b,C,15,31,R_control,R_harm,0.25,0.25,0.027465593069791794,0.024262637738138436,0.030925032356753944,-0.0004000067710876465,0.00984878372400999,0.01689365692436695,0.007234797463752329,2.3350559582361896,0.49,0.010000000000000009,0.0,0.02,0.0859375,118.91390991210938
qwen3.5-9b,C,15,31,R_control,R_control,0.25,0.25,0.0388035774230957,0.034606856573373077,0.04353612726554275,-0.001999974250793457,0.00984878372400999,0.01689365692436695,0.007234797463752329,2.3350559582361896,0.49,0.010000000000000009,0.0,0.02,0.0859375,76.66504669189453
qwen3.5-9b,C,15,31,R_control,R_role,0.25,0.25,0.015700550749897957,0.006880311807617545,0.023802153114229438,-0.003200024366378784,0.00984878372400999,0.01689365692436695,0.007234797463752329,2.3350559582361896,0.49,0.010000000000000009,0.0,0.02,0.0859375,60.2837028503418
qwen3.5-9b,C,15,16,R_control,R_harm,-0.25,0.25,-0.11387400329113007,-0.11552608255296945,-0.112244026735425,0.0,0.01116726640611887,0.01936323568224907,0.007234797463752329,2.6764032827819237,0.47,-0.010000000000000009,0.0,-0.02,-0.09281250089406967,10.192642211914062
qwen3.5-9b,C,15,16,R_control,R_control,-0.25,0.25,-0.22152432799339294,-0.2241941060870886,-0.21897916942834855,-0.0003999471664428711,0.01116726640611887,0.01936323568224907,0.007234797463752329,2.6764032827819237,0.47,-0.010000000000000009,0.0,-0.02,-0.09281250089406967,6.531675815582275
qwen3.5-9b,C,15,16,R_control,R_role,-0.25,0.25,-0.040989700704813004,-0.04188486197963357,-0.04009237485006452,-0.006399989128112793,0.01116726640611887,0.01936323568224907,0.007234797463752329,2.6764032827819237,0.47,-0.010000000000000009,0.0,-0.02,-0.09281250089406967,9.099043846130371
qwen3.5-9b,C,15,23,R_control,R_harm,-0.25,0.25,-0.02962622232735157,-0.03297922573983669,-0.0264268069062382,0.0004000067710876465,0.01116726640611887,0.01936323568224907,0.007234797463752329,2.6764032827819237,0.47,-0.010000000000000009,0.0,-0.02,-0.09281250089406967,50.47686004638672
qwen3.5-9b,C,15,23,R_control,R_control,-0.25,0.25,-0.04957561567425728,-0.054922469239681956,-0.04437252022325993,0.000800013542175293,0.01116726640611887,0.01936323568224907,0.007234797463752329,2.6764032827819237,0.47,-0.010000000000000009,0.0,-0.02,-0.09281250089406967,33.62088394165039
qwen3.5-9b,C,15,23,R_control,R_role,-0.25,0.25,-0.046712879091501236,-0.04952210793271661,-0.043918315507471564,0.0012000203132629395,0.01116726640611887,0.01936323568224907,0.007234797463752329,2.6764032827819237,0.47,-0.010000000000000009,0.0,-0.02,-0.09281250089406967,19.147296905517578
qwen3.5-9b,C,15,31,R_control,R_harm,-0.25,0.25,-0.02759297378361225,-0.03103002645075321,-0.02432949119247496,0.0,0.01116726640611887,0.01936323568224907,0.007234797463752329,2.6764032827819237,0.47,-0.010000000000000009,0.0,-0.02,-0.09281250089406967,118.91390991210938
qwen3.5-9b,C,15,31,R_control,R_control,-0.25,0.25,-0.03751768916845322,-0.042111269850283864,-0.033331562858074905,0.0012000203132629395,0.01116726640611887,0.01936323568224907,0.007234797463752329,2.6764032827819237,0.47,-0.010000000000000009,0.0,-0.02,-0.09281250089406967,76.66504669189453
qwen3.5-9b,C,15,31,R_control,R_role,-0.25,0.25,-0.02184777893126011,-0.0307300241664052,-0.012636812380515046,0.006399989128112793,0.01116726640611887,0.01936323568224907,0.007234797463752329,2.6764032827819237,0.47,-0.010000000000000009,0.0,-0.02,-0.09281250089406967,60.2837028503418
qwen3.5-9b,C,15,16,R_control,R_harm,0.5,0.5,0.22778461873531342,0.22542843222618103,0.23009048961102962,0.0,0.041555553674697876,0.07294616848230362,0.027772074565291405,2.6266013477246406,0.5,0.020000000000000018,0.020000000000000018,0.02,0.1681250035762787,10.192642211914062
qwen3.5-9b,C,15,16,R_control,R_control,0.5,0.5,0.4382633864879608,0.43233164995908735,0.4438450999557972,-0.001199960708618164,0.041555553674697876,0.07294616848230362,0.027772074565291405,2.6266013477246406,0.5,0.020000000000000018,0.020000000000000018,0.02,0.1681250035762787,6.531675815582275
qwen3.5-9b,C,15,16,R_control,R_role,0.5,0.5,0.08403359353542328,0.0826573247089982,0.08544747959822416,0.006400048732757568,0.041555553674697876,0.07294616848230362,0.027772074565291405,2.6266013477246406,0.5,0.020000000000000018,0.020000000000000018,0.02,0.1681250035762787,9.099043846130371
qwen3.5-9b,C,15,23,R_control,R_harm,0.5,0.5,0.05401110276579857,0.04655818250030279,0.06133718704804778,-0.0004000067710876465,0.041555553674697876,0.07294616848230362,0.027772074565291405,2.6266013477246406,0.5,0.020000000000000018,0.020000000000000018,0.02,0.1681250035762787,50.47686004638672
qwen3.5-9b,C,15,23,R_control,R_control,0.5,0.5,0.09549252688884735,0.08404092527925969,0.10725276283919812,0.0,0.041555553674697876,0.07294616848230362,0.027772074565291405,2.6266013477246406,0.5,0.020000000000000018,0.020000000000000018,0.02,0.1681250035762787,33.62088394165039
qwen3.5-9b,C,15,23,R_control,R_role,0.5,0.5,0.09751016646623611,0.09233985058963298,0.10290003791451453,-0.0023999810218811035,0.041555553674697876,0.07294616848230362,0.027772074565291405,2.6266013477246406,0.5,0.020000000000000018,0.020000000000000018,0.02,0.1681250035762787,19.147296905517578
qwen3.5-9b,C,15,31,R_control,R_harm,0.5,0.5,0.05447183549404144,0.04826030358672142,0.06137080155313015,-0.000800013542175293,0.041555553674697876,0.07294616848230362,0.027772074565291405,2.6266013477246406,0.5,0.020000000000000018,0.020000000000000018,0.02,0.1681250035762787,118.91390991210938
qwen3.5-9b,C,15,31,R_control,R_control,0.5,0.5,0.07849437743425369,0.07032883781939744,0.08777830507606267,-0.00279998779296875,0.041555553674697876,0.07294616848230362,0.027772074565291405,2.6266013477246406,0.5,0.020000000000000018,0.020000000000000018,0.02,0.1681250035762787,76.66504669189453
qwen3.5-9b,C,15,31,R_control,R_role,0.5,0.5,0.030520644038915634,0.012595568224787712,0.047545213438570495,-0.011200010776519775,0.041555553674697876,0.07294616848230362,0.027772074565291405,2.6266013477246406,0.5,0.020000000000000018,0.020000000000000018,0.02,0.1681250035762787,60.2837028503418
qwen3.5-9b,C,15,16,R_control,R_harm,-0.5,0.5,-0.22655098140239716,-0.23008873611688613,-0.22309280410408974,-0.0003999471664428711,0.040168289095163345,0.0686124935746193,0.027772074565291405,2.470557012704008,0.47,-0.010000000000000009,0.0,-0.02,-0.1862500011920929,10.192642211914062
qwen3.5-9b,C,15,16,R_control,R_control,-0.5,0.5,-0.4431571662425995,-0.4484672375023365,-0.43788495659828186,-0.0007999539375305176,0.040168289095163345,0.0686124935746193,0.027772074565291405,2.470557012704008,0.47,-0.010000000000000009,0.0,-0.02,-0.1862500011920929,6.531675815582275
qwen3.5-9b,C,15,16,R_control,R_role,-0.5,0.5,-0.08210324496030807,-0.08396877516061067,-0.08022987712174655,-0.013199985027313232,0.040168289095163345,0.0686124935746193,0.027772074565291405,2.470557012704008,0.47,-0.010000000000000009,0.0,-0.02,-0.1862500011920929,9.099043846130371
qwen3.5-9b,C,15,23,R_control,R_harm,-0.5,0.5,-0.06171272322535515,-0.06856929138302803,-0.05516025898978114,0.0004000067710876465,0.040168289095163345,0.0686124935746193,0.027772074565291405,2.470557012704008,0.47,-0.010000000000000009,0.0,-0.02,-0.1862500011920929,50.47686004638672
qwen3.5-9b,C,15,23,R_control,R_control,-0.5,0.5,-0.10161419212818146,-0.11200936995446682,-0.09157508872449399,-0.0004000067710876465,0.040168289095163345,0.0686124935746193,0.027772074565291405,2.470557012704008,0.47,-0.010000000000000009,0.0,-0.02,-0.1862500011920929,33.62088394165039
qwen3.5-9b,C,15,23,R_control,R_role,-0.5,0.5,-0.09575603157281876,-0.10105577502399683,-0.09066672697663307,-0.0031999945640563965,0.040168289095163345,0.0686124935746193,0.027772074565291405,2.470557012704008,0.47,-0.010000000000000009,0.0,-0.02,-0.1862500011920929,19.147296905517578
qwen3.5-9b,C,15,31,R_control,R_harm,-0.5,0.5,-0.055838342756032944,-0.06271858550608159,-0.04930592393502593,0.0004000067710876465,0.040168289095163345,0.0686124935746193,0.027772074565291405,2.470557012704008,0.47,-0.010000000000000009,0.0,-0.02,-0.1862500011920929,118.91390991210938
qwen3.5-9b,C,15,31,R_control,R_control,-0.5,0.5,-0.07474876195192337,-0.0838089657947421,-0.06655105128884316,0.0020000338554382324,0.040168289095163345,0.0686124935746193,0.027772074565291405,2.470557012704008,0.47,-0.010000000000000009,0.0,-0.02,-0.1862500011920929,76.66504669189453
qwen3.5-9b,C,15,31,R_control,R_role,-0.5,0.5,-0.043817855417728424,-0.06096346089616418,-0.025780746061354894,0.007599979639053345,0.040168289095163345,0.0686124935746193,0.027772074565291405,2.470557012704008,0.47,-0.010000000000000009,0.0,-0.02,-0.1862500011920929,60.2837028503418
qwen3.5-9b,C,15,16,R_control,R_harm,1.0,1.0,0.4529949426651001,0.44841398000717164,0.4576061852276325,0.0,0.16039004921913147,0.2830367982387543,0.11806951370090246,2.397204742925869,0.54,0.06000000000000005,0.040000000000000036,0.08,0.38593751192092896,10.192642211914062
qwen3.5-9b,C,15,16,R_control,R_control,1.0,1.0,0.8635326623916626,0.8502114847302437,0.8765883401036263,-0.0023999810218811035,0.16039004921913147,0.2830367982387543,0.11806951370090246,2.397204742925869,0.54,0.06000000000000005,0.040000000000000036,0.08,0.38593751192092896,6.531675815582275
qwen3.5-9b,C,15,16,R_control,R_role,1.0,1.0,0.16692639887332916,0.1644264318048954,0.16945573650300502,0.011200010776519775,0.16039004921913147,0.2830367982387543,0.11806951370090246,2.397204742925869,0.54,0.06000000000000005,0.040000000000000036,0.08,0.38593751192092896,9.099043846130371
qwen3.5-9b,C,15,23,R_control,R_harm,1.0,1.0,0.10392157733440399,0.08753938190639018,0.12006863933056587,-0.0020000338554382324,0.16039004921913147,0.2830367982387543,0.11806951370090246,2.397204742925869,0.54,0.06000000000000005,0.040000000000000036,0.08,0.38593751192092896,50.47686004638672
qwen3.5-9b,C,15,23,R_control,R_control,1.0,1.0,0.18852728605270386,0.16322255991399287,0.21397298015654084,-0.0040000081062316895,0.16039004921913147,0.2830367982387543,0.11806951370090246,2.397204742925869,0.54,0.06000000000000005,0.040000000000000036,0.08,0.38593751192092896,33.62088394165039
qwen3.5-9b,C,15,23,R_control,R_role,1.0,1.0,0.19654548168182373,0.18576438203454018,0.20766511000692844,-0.009199976921081543,0.16039004921913147,0.2830367982387543,0.11806951370090246,2.397204742925869,0.54,0.06000000000000005,0.040000000000000036,0.08,0.38593751192092896,19.147296905517578
qwen3.5-9b,C,15,31,R_control,R_harm,1.0,1.0,0.10986515879631042,0.09755471274256707,0.12348138820379971,-0.004800021648406982,0.16039004921913147,0.2830367982387543,0.11806951370090246,2.397204742925869,0.54,0.06000000000000005,0.040000000000000036,0.08,0.38593751192092896,118.91390991210938
qwen3.5-9b,C,15,31,R_control,R_control,1.0,1.0,0.1626114696264267,0.14588252194225787,0.18058875016868112,-0.0031999945640563965,0.16039004921913147,0.2830367982387543,0.11806951370090246,2.397204742925869,0.54,0.06000000000000005,0.040000000000000036,0.08,0.38593751192092896,76.66504669189453
qwen3.5-9b,C,15,31,R_control,R_role,1.0,1.0,0.03967558220028877,0.003299521509325132,0.07405768912285562,-0.042000025510787964,0.16039004921913147,0.2830367982387543,0.11806951370090246,2.397204742925869,0.54,0.06000000000000005,0.040000000000000036,0.08,0.38593751192092896,60.2837028503418
qwen3.5-9b,C,15,16,R_control,R_harm,-1.0,1.0,-0.44650042057037354,-0.4547794684767723,-0.437938329577446,-0.0003999471664428711,0.15386389195919037,0.24247443675994873,0.11806951370090246,2.0536582997554547,0.47,-0.010000000000000009,0.0,-0.02,-0.4806250035762787,10.192642211914062
qwen3.5-9b,C,15,16,R_control,R_control,-1.0,1.0,-0.8792820572853088,-0.8908496603369713,-0.8681282415986061,-0.0003999471664428711,0.15386389195919037,0.24247443675994873,0.11806951370090246,2.0536582997554547,0.47,-0.010000000000000009,0.0,-0.02,-0.4806250035762787,6.531675815582275
qwen3.5-9b,C,15,16,R_control,R_role,-1.0,1.0,-0.15772391855716705,-0.16176420897245408,-0.1535120766609907,-0.025199949741363525,0.15386389195919037,0.24247443675994873,0.11806951370090246,2.0536582997554547,0.47,-0.010000000000000009,0.0,-0.02,-0.4806250035762787,9.099043846130371
qwen3.5-9b,C,15,23,R_control,R_harm,-1.0,1.0,-0.1352064460515976,-0.15078118145465852,-0.12068668771535158,0.0,0.15386389195919037,0.24247443675994873,0.11806951370090246,2.0536582997554547,0.47,-0.010000000000000009,0.0,-0.02,-0.4806250035762787,50.47686004638672
qwen3.5-9b,C,15,23,R_control,R_control,-1.0,1.0,-0.21506153047084808,-0.23551920093595982,-0.19488751105964183,-0.0031999945640563965,0.15386389195919037,0.24247443675994873,0.11806951370090246,2.0536582997554547,0.47,-0.010000000000000009,0.0,-0.02,-0.4806250035762787,33.62088394165039
qwen3.5-9b,C,15,23,R_control,R_role,-1.0,1.0,-0.18533970415592194,-0.19619392268359662,-0.1754891261458397,-0.010399997234344482,0.15386389195919037,0.24247443675994873,0.11806951370090246,2.0536582997554547,0.47,-0.010000000000000009,0.0,-0.02,-0.4806250035762787,19.147296905517578
qwen3.5-9b,C,15,31,R_control,R_harm,-1.0,1.0,-0.11577869206666946,-0.13013714365661144,-0.10177376084029674,0.0023999810218811035,0.15386389195919037,0.24247443675994873,0.11806951370090246,2.0536582997554547,0.47,-0.010000000000000009,0.0,-0.02,-0.4806250035762787,118.91390991210938
qwen3.5-9b,C,15,31,R_control,R_control,-1.0,1.0,-0.14903293550014496,-0.1663235105574131,-0.13313612416386605,0.001600027084350586,0.15386389195919037,0.24247443675994873,0.11806951370090246,2.0536582997554547,0.47,-0.010000000000000009,0.0,-0.02,-0.4806250035762787,76.66504669189453
qwen3.5-9b,C,15,31,R_control,R_role,-1.0,1.0,-0.07862985134124756,-0.11081635300070047,-0.04325141264125709,0.013599991798400879,0.15386389195919037,0.24247443675994873,0.11806951370090246,2.0536582997554547,0.47,-0.010000000000000009,0.0,-0.02,-0.4806250035762787,60.2837028503418
qwen3.5-9b,C,15,16,R_control,R_harm,2.0,2.0,0.8784031867980957,0.8671216264367103,0.8896371066570282,0.0,0.5648779273033142,1.0035486221313477,0.5194221213459969,1.932048291533708,0.61,0.13,0.040000000000000036,0.22,0.9787499904632568,10.192642211914062
qwen3.5-9b,C,15,16,R_control,R_control,2.0,2.0,1.6504281759262085,1.6189778596162796,1.680453398823738,-0.006399989128112793,0.5648779273033142,1.0035486221313477,0.5194221213459969,1.932048291533708,0.61,0.13,0.040000000000000036,0.22,0.9787499904632568,6.531675815582275
qwen3.5-9b,C,15,16,R_control,R_role,2.0,2.0,0.3228987753391266,0.31776344031095505,0.3278517000377178,0.006800055503845215,0.5648779273033142,1.0035486221313477,0.5194221213459969,1.932048291533708,0.61,0.13,0.040000000000000036,0.22,0.9787499904632568,9.099043846130371
qwen3.5-9b,C,15,23,R_control,R_harm,2.0,2.0,0.19844558835029602,0.1614878445863724,0.23555696569383136,-0.0031999945640563965,0.5648779273033142,1.0035486221313477,0.5194221213459969,1.932048291533708,0.61,0.13,0.040000000000000036,0.22,0.9787499904632568,50.47686004638672
qwen3.5-9b,C,15,23,R_control,R_control,2.0,2.0,0.37140870094299316,0.31478212103247644,0.42689473927021027,-0.0067999958992004395,0.5648779273033142,1.0035486221313477,0.5194221213459969,1.932048291533708,0.61,0.13,0.040000000000000036,0.22,0.9787499904632568,33.62088394165039
qwen3.5-9b,C,15,23,R_control,R_role,2.0,2.0,0.4230269193649292,0.39760598391294477,0.44882116839289665,-0.06839996576309204,0.5648779273033142,1.0035486221313477,0.5194221213459969,1.932048291533708,0.61,0.13,0.040000000000000036,0.22,0.9787499904632568,19.147296905517578
qwen3.5-9b,C,15,31,R_control,R_harm,2.0,2.0,0.2220250368118286,0.1950076311826706,0.25141218677163124,-0.008799970149993896,0.5648779273033142,1.0035486221313477,0.5194221213459969,1.932048291533708,0.61,0.13,0.040000000000000036,0.22,0.9787499904632568,118.91390991210938
qwen3.5-9b,C,15,31,R_control,R_control,2.0,2.0,0.3389395773410797,0.30171243846416473,0.3793067842721939,-0.013599991798400879,0.5648779273033142,1.0035486221313477,0.5194221213459969,1.932048291533708,0.61,0.13,0.040000000000000036,0.22,0.9787499904632568,76.66504669189453
qwen3.5-9b,C,15,31,R_control,R_role,2.0,2.0,-0.0005003434489481151,-0.060472143907099964,0.059221838321536775,-0.15680000185966492,0.5648779273033142,1.0035486221313477,0.5194221213459969,1.932048291533708,0.61,0.13,0.040000000000000036,0.22,0.9787499904632568,60.2837028503418
qwen3.5-9b,C,15,16,R_control,R_harm,-2.0,2.0,-0.851853609085083,-0.8709726080298423,-0.8324781030416489,-0.0003999471664428711,0.6656444072723389,0.7108913660049438,0.5194221213459969,1.368619734875338,0.42,-0.06,-0.09999999999999998,-0.02,-1.8221875429153442,10.192642211914062
qwen3.5-9b,C,15,16,R_control,R_control,-2.0,2.0,-1.6974461078643799,-1.7245465070009232,-1.6701433569192887,-0.0007999539375305176,0.6656444072723389,0.7108913660049438,0.5194221213459969,1.368619734875338,0.42,-0.06,-0.09999999999999998,-0.02,-1.8221875429153442,6.531675815582275
qwen3.5-9b,C,15,16,R_control,R_role,-2.0,2.0,-0.2884940803050995,-0.29718401208519934,-0.27959905490279197,-0.06319999694824219,0.6656444072723389,0.7108913660049438,0.5194221213459969,1.368619734875338,0.42,-0.06,-0.09999999999999998,-0.02,-1.8221875429153442,9.099043846130371
qwen3.5-9b,C,15,23,R_control,R_harm,-2.0,2.0,-0.3226190507411957,-0.3620378695428371,-0.28604783788323407,-0.004400014877319336,0.6656444072723389,0.7108913660049438,0.5194221213459969,1.368619734875338,0.42,-0.06,-0.09999999999999998,-0.02,-1.8221875429153442,50.47686004638672
qwen3.5-9b,C,15,23,R_control,R_control,-2.0,2.0,-0.49925151467323303,-0.5475295066833497,-0.4541342318058014,-0.02120000123977661,0.6656444072723389,0.7108913660049438,0.5194221213459969,1.368619734875338,0.42,-0.06,-0.09999999999999998,-0.02,-1.8221875429153442,33.62088394165039
qwen3.5-9b,C,15,23,R_control,R_role,-2.0,2.0,-0.35053443908691406,-0.37239433005452155,-0.3287220686674118,-0.06639999151229858,0.6656444072723389,0.7108913660049438,0.5194221213459969,1.368619734875338,0.42,-0.06,-0.09999999999999998,-0.02,-1.8221875429153442,19.147296905517578
qwen3.5-9b,C,15,31,R_control,R_harm,-2.0,2.0,-0.26085326075553894,-0.29647035002708433,-0.22677137032151223,-0.011200010776519775,0.6656444072723389,0.7108913660049438,0.5194221213459969,1.368619734875338,0.42,-0.06,-0.09999999999999998,-0.02,-1.8221875429153442,118.91390991210938
qwen3.5-9b,C,15,31,R_control,R_control,-2.0,2.0,-0.31553682684898376,-0.35338703021407125,-0.27937455400824546,-0.01639997959136963,0.6656444072723389,0.7108913660049438,0.5194221213459969,1.368619734875338,0.42,-0.06,-0.09999999999999998,-0.02,-1.8221875429153442,76.66504669189453
qwen3.5-9b,C,15,31,R_control,R_role,-2.0,2.0,-0.0853000283241272,-0.13695814199745654,-0.030450803460553306,0.07559996843338013,0.6656444072723389,0.7108913660049438,0.5194221213459969,1.368619734875338,0.42,-0.06,-0.09999999999999998,-0.02,-1.8221875429153442,60.2837028503418
qwen3.5-9b,C,15,16,R_control,R_harm,4.0,4.0,1.6362360715866089,1.6100644618272781,1.6611278980970383,0.0,1.80814528465271,3.3659863471984863,2.4441414028406143,1.3771651440814723,0.9,0.42000000000000004,0.06000000000000005,0.78,1.802187442779541,10.192642211914062
qwen3.5-9b,C,15,16,R_control,R_control,4.0,4.0,3.0147149562835693,2.9577628910541534,3.0712371468544006,-0.013599991798400879,1.80814528465271,3.3659863471984863,2.4441414028406143,1.3771651440814723,0.9,0.42000000000000004,0.06000000000000005,0.78,1.802187442779541,6.531675815582275
qwen3.5-9b,C,15,16,R_control,R_role,4.0,4.0,0.5830521583557129,0.5731120824813842,0.5927021518349648,-0.013199985027313232,1.80814528465271,3.3659863471984863,2.4441414028406143,1.3771651440814723,0.9,0.42000000000000004,0.06000000000000005,0.78,1.802187442779541,9.099043846130371
qwen3.5-9b,C,15,23,R_control,R_harm,4.0,4.0,0.2854959964752197,0.204498852416873,0.36515204533934587,-0.011200010776519775,1.80814528465271,3.3659863471984863,2.4441414028406143,1.3771651440814723,0.9,0.42000000000000004,0.06000000000000005,0.78,1.802187442779541,50.47686004638672
qwen3.5-9b,C,15,23,R_control,R_control,4.0,4.0,0.5561131834983826,0.44385640099644663,0.6701867163181305,-0.061199963092803955,1.80814528465271,3.3659863471984863,2.4441414028406143,1.3771651440814723,0.9,0.42000000000000004,0.06000000000000005,0.78,1.802187442779541,33.62088394165039
qwen3.5-9b,C,15,23,R_control,R_role,4.0,4.0,0.7126286029815674,0.649939839541912,0.7749331921339034,-0.4503999650478363,1.80814528465271,3.3659863471984863,2.4441414028406143,1.3771651440814723,0.9,0.42000000000000004,0.06000000000000005,0.78,1.802187442779541,19.147296905517578
qwen3.5-9b,C,15,31,R_control,R_harm,4.0,4.0,0.3577205240726471,0.28869933933019637,0.42519332095980633,-0.0307999849319458,1.80814528465271,3.3659863471984863,2.4441414028406143,1.3771651440814723,0.9,0.42000000000000004,0.06000000000000005,0.78,1.802187442779541,118.91390991210938
qwen3.5-9b,C,15,31,R_control,R_control,4.0,4.0,0.530444860458374,0.44263541921973226,0.617961274087429,-0.07239997386932373,1.80814528465271,3.3659863471984863,2.4441414028406143,1.3771651440814723,0.9,0.42000000000000004,0.06000000000000005,0.78,1.802187442779541,76.66504669189453
qwen3.5-9b,C,15,31,R_control,R_role,4.0,4.0,-0.22965097427368164,-0.3012297488749027,-0.15784036479890357,-0.2396000176668167,1.80814528465271,3.3659863471984863,2.4441414028406143,1.3771651440814723,0.9,0.42000000000000004,0.06000000000000005,0.78,1.802187442779541,60.2837028503418
qwen3.5-9b,C,15,16,R_control,R_harm,-4.0,4.0,-1.5329921245574951,-1.5647647351026535,-1.501318746805191,-0.0003999471664428711,3.5869977474212646,1.6792161464691162,2.4441414028406143,0.6870372330003118,0.0,-0.48,-0.94,-0.02,-5.680624961853027,10.192642211914062
qwen3.5-9b,C,15,16,R_control,R_control,-4.0,4.0,-3.0673303604125977,-3.115647977590561,-3.0180337190628053,-0.001999974250793457,3.5869977474212646,1.6792161464691162,2.4441414028406143,0.6870372330003118,0.0,-0.48,-0.94,-0.02,-5.680624961853027,6.531675815582275
qwen3.5-9b,C,15,16,R_control,R_role,-4.0,4.0,-0.47348979115486145,-0.48542824387550354,-0.46139488071203233,-0.08079999685287476,3.5869977474212646,1.6792161464691162,2.4441414028406143,0.6870372330003118,0.0,-0.48,-0.94,-0.02,-5.680624961853027,9.099043846130371
qwen3.5-9b,C,15,23,R_control,R_harm,-4.0,4.0,-0.6350530385971069,-0.725306810438633,-0.5498579800128938,-0.025600016117095947,3.5869977474212646,1.6792161464691162,2.4441414028406143,0.6870372330003118,0.0,-0.48,-0.94,-0.02,-5.680624961853027,50.47686004638672
qwen3.5-9b,C,15,23,R_control,R_control,-4.0,4.0,-1.0612671375274658,-1.1764491826295853,-0.9507137760519981,-0.13239997625350952,3.5869977474212646,1.6792161464691162,2.4441414028406143,0.6870372330003118,0.0,-0.48,-0.94,-0.02,-5.680624961853027,33.62088394165039
qwen3.5-9b,C,15,23,R_control,R_role,-4.0,4.0,-0.5240206122398376,-0.5699965640902519,-0.4781958542764187,-0.24799996614456177,3.5869977474212646,1.6792161464691162,2.4441414028406143,0.6870372330003118,0.0,-0.48,-0.94,-0.02,-5.680624961853027,19.147296905517578
qwen3.5-9b,C,15,31,R_control,R_harm,-4.0,4.0,-0.5427494049072266,-0.6277313798666,-0.4624562956392766,-0.07359999418258667,3.5869977474212646,1.6792161464691162,2.4441414028406143,0.6870372330003118,0.0,-0.48,-0.94,-0.02,-5.680624961853027,118.91390991210938
qwen3.5-9b,C,15,31,R_control,R_control,-4.0,4.0,-0.7803730964660645,-0.8692562431097031,-0.6933606654405594,-0.16359996795654297,3.5869977474212646,1.6792161464691162,2.4441414028406143,0.6870372330003118,0.0,-0.48,-0.94,-0.02,-5.680624961853027,76.66504669189453
qwen3.5-9b,C,15,31,R_control,R_role,-4.0,4.0,-0.026623912155628204,-0.09988615456968546,0.04494132036343215,0.08799999952316284,3.5869977474212646,1.6792161464691162,2.4441414028406143,0.6870372330003118,0.0,-0.48,-0.94,-0.02,-5.680624961853027,60.2837028503418
qwen3.5-9b,C,15,16,R_role,R_harm,0.25,0.25,0.033555205911397934,0.032291317638009784,0.03476000428199768,0.0,0.019457368180155754,0.035624437034130096,0.007234797463752329,4.924040681527728,0.48,0.0,0.0,0.0,-0.5693749785423279,10.192642211914062
qwen3.5-9b,C,15,16,R_role,R_control,0.25,0.25,0.0861426368355751,0.08484844490885735,0.08746139034628868,-0.0003999471664428711,0.019457368180155754,0.035624437034130096,0.007234797463752329,4.924040681527728,0.48,0.0,0.0,0.0,-0.5693749785423279,6.531675815582275
qwen3.5-9b,C,15,16,R_role,R_role,0.25,0.25,0.25108802318573,0.24949104115366935,0.25263592302799226,0.0012000203132629395,0.019457368180155754,0.035624437034130096,0.007234797463752329,4.924040681527728,0.48,0.0,0.0,0.0,-0.5693749785423279,9.099043846130371
qwen3.5-9b,C,15,23,R_role,R_harm,0.25,0.25,0.02314959466457367,0.019719289569184183,0.026590283447876572,0.0004000067710876465,0.019457368180155754,0.035624437034130096,0.007234797463752329,4.924040681527728,0.48,0.0,0.0,0.0,-0.5693749785423279,50.47686004638672
qwen3.5-9b,C,15,23,R_role,R_control,0.25,0.25,0.040613699704408646,0.036092831194400786,0.04502614950761199,0.0004000067710876465,0.019457368180155754,0.035624437034130096,0.007234797463752329,4.924040681527728,0.48,0.0,0.0,0.0,-0.5693749785423279,33.62088394165039
qwen3.5-9b,C,15,23,R_role,R_role,0.25,0.25,0.24998608231544495,0.2420009605586529,0.2579464212059975,0.03280001878738403,0.019457368180155754,0.035624437034130096,0.007234797463752329,4.924040681527728,0.48,0.0,0.0,0.0,-0.5693749785423279,19.147296905517578
qwen3.5-9b,C,15,31,R_role,R_harm,0.25,0.25,0.022261440753936768,0.0172818414401263,0.027670018607750535,0.0,0.019457368180155754,0.035624437034130096,0.007234797463752329,4.924040681527728,0.48,0.0,0.0,0.0,-0.5693749785423279,118.91390991210938
qwen3.5-9b,C,15,31,R_role,R_control,0.25,0.25,0.034156497567892075,0.02838467280380428,0.04016818357631562,-0.001199960708618164,0.019457368180155754,0.035624437034130096,0.007234797463752329,4.924040681527728,0.48,0.0,0.0,0.0,-0.5693749785423279,76.66504669189453
qwen3.5-9b,C,15,31,R_role,R_role,0.25,0.25,0.08993517607450485,0.07916861306875944,0.10076198428869246,-0.03280001878738403,0.019457368180155754,0.035624437034130096,0.007234797463752329,4.924040681527728,0.48,0.0,0.0,0.0,-0.5693749785423279,60.2837028503418
qwen3.5-9b,C,15,16,R_role,R_harm,-0.25,0.25,-0.03187150880694389,-0.0336792110465467,-0.03003961001522839,0.0,0.017686326056718826,0.03257313743233681,0.007234797463752329,4.502287395816433,0.49,0.010000000000000009,0.0,0.02,0.6176562309265137,10.192642211914062
qwen3.5-9b,C,15,16,R_role,R_control,-0.25,0.25,-0.08463982492685318,-0.08654905743896961,-0.08268905263394118,0.0,0.017686326056718826,0.03257313743233681,0.007234797463752329,4.502287395816433,0.49,0.010000000000000009,0.0,0.02,0.6176562309265137,6.531675815582275
qwen3.5-9b,C,15,16,R_role,R_role,-0.25,0.25,-0.24489325284957886,-0.246479120105505,-0.24319909177720547,-0.004799962043762207,0.017686326056718826,0.03257313743233681,0.007234797463752329,4.502287395816433,0.49,0.010000000000000009,0.0,0.02,0.6176562309265137,9.099043846130371
qwen3.5-9b,C,15,23,R_role,R_harm,-0.25,0.25,-0.028186168521642685,-0.033035066444426775,-0.02343329517170787,0.0,0.017686326056718826,0.03257313743233681,0.007234797463752329,4.502287395816433,0.49,0.010000000000000009,0.0,0.02,0.6176562309265137,50.47686004638672
qwen3.5-9b,C,15,23,R_role,R_control,-0.25,0.25,-0.044256530702114105,-0.05034848833456636,-0.038283804897218957,0.000800013542175293,0.017686326056718826,0.03257313743233681,0.007234797463752329,4.502287395816433,0.49,0.010000000000000009,0.0,0.02,0.6176562309265137,33.62088394165039
qwen3.5-9b,C,15,23,R_role,R_role,-0.25,0.25,-0.2423475831747055,-0.2510337345302105,-0.23382007665932178,-0.03799998760223389,0.017686326056718826,0.03257313743233681,0.007234797463752329,4.502287395816433,0.49,0.010000000000000009,0.0,0.02,0.6176562309265137,19.147296905517578
qwen3.5-9b,C,15,31,R_role,R_harm,-0.25,0.25,-0.021996287629008293,-0.027819635346531868,-0.016675831051543362,0.0,0.017686326056718826,0.03257313743233681,0.007234797463752329,4.502287395816433,0.49,0.010000000000000009,0.0,0.02,0.6176562309265137,118.91390991210938
qwen3.5-9b,C,15,31,R_role,R_control,-0.25,0.25,-0.03309331089258194,-0.039457568898797035,-0.026788348611444242,0.0004000067710876465,0.017686326056718826,0.03257313743233681,0.007234797463752329,4.502287395816433,0.49,0.010000000000000009,0.0,0.02,0.6176562309265137,76.66504669189453
qwen3.5-9b,C,15,31,R_role,R_role,-0.25,0.25,-0.10419866442680359,-0.11538186315447092,-0.09291338976472617,0.004399985074996948,0.017686326056718826,0.03257313743233681,0.007234797463752329,4.502287395816433,0.49,0.010000000000000009,0.0,0.02,0.6176562309265137,60.2837028503418
qwen3.5-9b,C,15,16,R_role,R_harm,0.5,0.5,0.0676342025399208,0.06582302711904049,0.06929427422583102,0.0004000067710876465,0.0782223716378212,0.14491315186023712,0.027772074565291405,5.2179447926927525,0.48,0.0,0.0,0.0,-1.0934375524520874,10.192642211914062
qwen3.5-9b,C,15,16,R_role,R_control,0.5,0.5,0.17249849438667297,0.16988509334623814,0.17507380545139312,-0.0007999539375305176,0.0782223716378212,0.14491315186023712,0.027772074565291405,5.2179447926927525,0.48,0.0,0.0,0.0,-1.0934375524520874,6.531675815582275
qwen3.5-9b,C,15,16,R_role,R_role,0.5,0.5,0.5063550472259521,0.503226538002491,0.5093436986207962,0.004800021648406982,0.0782223716378212,0.14491315186023712,0.027772074565291405,5.2179447926927525,0.48,0.0,0.0,0.0,-1.0934375524520874,9.099043846130371
qwen3.5-9b,C,15,23,R_role,R_harm,0.5,0.5,0.041669782251119614,0.03619062127545476,0.047195227723568677,0.0,0.0782223716378212,0.14491315186023712,0.027772074565291405,5.2179447926927525,0.48,0.0,0.0,0.0,-1.0934375524520874,50.47686004638672
qwen3.5-9b,C,15,23,R_role,R_control,0.5,0.5,0.07834688574075699,0.07076700050383807,0.0856288468465209,-0.000800013542175293,0.0782223716378212,0.14491315186023712,0.027772074565291405,5.2179447926927525,0.48,0.0,0.0,0.0,-1.0934375524520874,33.62088394165039
qwen3.5-9b,C,15,23,R_role,R_role,0.5,0.5,0.5052850246429443,0.4897272028028965,0.5204036653041839,0.053600013256073,0.0782223716378212,0.14491315186023712,0.027772074565291405,5.2179447926927525,0.48,0.0,0.0,0.0,-1.0934375524520874,19.147296905517578
qwen3.5-9b,C,15,31,R_role,R_harm,0.5,0.5,0.0451311320066452,0.03554833615198731,0.05538225192576647,-0.000800013542175293,0.0782223716378212,0.14491315186023712,0.027772074565291405,5.2179447926927525,0.48,0.0,0.0,0.0,-1.0934375524520874,118.91390991210938
qwen3.5-9b,C,15,31,R_role,R_control,0.5,0.5,0.06756434589624405,0.05637703984975815,0.07906665429472921,-0.0031999945640563965,0.0782223716378212,0.14491315186023712,0.027772074565291405,5.2179447926927525,0.48,0.0,0.0,0.0,-1.0934375524520874,76.66504669189453
qwen3.5-9b,C,15,31,R_role,R_role,0.5,0.5,0.16317042708396912,0.1411766491830349,0.18541806563735008,-0.09200000762939453,0.0782223716378212,0.14491315186023712,0.027772074565291405,5.2179447926927525,0.48,0.0,0.0,0.0,-1.0934375524520874,60.2837028503418
qwen3.5-9b,C,15,16,R_role,R_harm,-0.5,0.5,-0.060628537088632584,-0.0646776732057333,-0.05661206049844623,0.0,0.0646447017788887,0.11839672178030014,0.027772074565291405,4.263157276996092,0.5,0.020000000000000018,0.020000000000000018,0.02,1.2831250429153442,10.192642211914062
qwen3.5-9b,C,15,16,R_role,R_control,-0.5,0.5,-0.16663533449172974,-0.17100495472550392,-0.16215371824800967,-0.0003999471664428711,0.0646447017788887,0.11839672178030014,0.027772074565291405,4.263157276996092,0.5,0.020000000000000018,0.020000000000000018,0.02,1.2831250429153442,6.531675815582275
qwen3.5-9b,C,15,16,R_role,R_role,-0.5,0.5,-0.482549786567688,-0.48581778556108474,-0.4790446735918522,-0.011199951171875,0.0646447017788887,0.11839672178030014,0.027772074565291405,4.263157276996092,0.5,0.020000000000000018,0.020000000000000018,0.02,1.2831250429153442,9.099043846130371
qwen3.5-9b,C,15,23,R_role,R_harm,-0.5,0.5,-0.06190354377031326,-0.07334315832704305,-0.05071423873305321,0.0,0.0646447017788887,0.11839672178030014,0.027772074565291405,4.263157276996092,0.5,0.020000000000000018,0.020000000000000018,0.02,1.2831250429153442,50.47686004638672
qwen3.5-9b,C,15,23,R_role,R_control,-0.5,0.5,-0.09347908943891525,-0.1074094733223319,-0.07970415577292442,0.0012000203132629395,0.0646447017788887,0.11839672178030014,0.027772074565291405,4.263157276996092,0.5,0.020000000000000018,0.020000000000000018,0.02,1.2831250429153442,33.62088394165039
qwen3.5-9b,C,15,23,R_role,R_role,-0.5,0.5,-0.47463148832321167,-0.4920217476785183,-0.4577639326453209,-0.08559995889663696,0.0646447017788887,0.11839672178030014,0.027772074565291405,4.263157276996092,0.5,0.020000000000000018,0.020000000000000018,0.02,1.2831250429153442,19.147296905517578
qwen3.5-9b,C,15,31,R_role,R_harm,-0.5,0.5,-0.04409922659397125,-0.05592398988083005,-0.03308686651289463,0.0004000067710876465,0.0646447017788887,0.11839672178030014,0.027772074565291405,4.263157276996092,0.5,0.020000000000000018,0.020000000000000018,0.02,1.2831250429153442,118.91390991210938
qwen3.5-9b,C,15,31,R_role,R_control,-0.5,0.5,-0.06442149728536606,-0.07720912676304578,-0.05210859859362245,0.000800013542175293,0.0646447017788887,0.11839672178030014,0.027772074565291405,4.263157276996092,0.5,0.020000000000000018,0.020000000000000018,0.02,1.2831250429153442,76.66504669189453
qwen3.5-9b,C,15,31,R_role,R_role,-0.5,0.5,-0.2226511538028717,-0.24512924514710904,-0.20081333965063097,-0.02000001072883606,0.0646447017788887,0.11839672178030014,0.027772074565291405,4.263157276996092,0.5,0.020000000000000018,0.020000000000000018,0.02,1.2831250429153442,60.2837028503418
qwen3.5-9b,C,15,16,R_role,R_harm,1.0,1.0,0.13568376004695892,0.13288309723138808,0.1384500626474619,0.0004000067710876465,0.2686919867992401,0.4880259037017822,0.11806951370090246,4.133377773860112,0.48,0.0,0.020000000000000018,-0.02,-1.9612499475479126,10.192642211914062
qwen3.5-9b,C,15,16,R_role,R_control,1.0,1.0,0.33885523676872253,0.3316468343138695,0.34638363495469093,-0.0023999810218811035,0.2686919867992401,0.4880259037017822,0.11806951370090246,4.133377773860112,0.48,0.0,0.020000000000000018,-0.02,-1.9612499475479126,6.531675815582275
qwen3.5-9b,C,15,16,R_role,R_role,1.0,1.0,1.0119034051895142,1.005731213092804,1.0177997589111327,0.011200010776519775,0.2686919867992401,0.4880259037017822,0.11806951370090246,4.133377773860112,0.48,0.0,0.020000000000000018,-0.02,-1.9612499475479126,9.099043846130371
qwen3.5-9b,C,15,23,R_role,R_harm,1.0,1.0,0.0669139176607132,0.058282649610191584,0.07537825144827366,-0.000800013542175293,0.2686919867992401,0.4880259037017822,0.11806951370090246,4.133377773860112,0.48,0.0,0.020000000000000018,-0.02,-1.9612499475479126,50.47686004638672
qwen3.5-9b,C,15,23,R_role,R_control,1.0,1.0,0.14257292449474335,0.1308996446430683,0.15414323434233665,-0.0040000081062316895,0.2686919867992401,0.4880259037017822,0.11806951370090246,4.133377773860112,0.48,0.0,0.020000000000000018,-0.02,-1.9612499475479126,33.62088394165039
qwen3.5-9b,C,15,23,R_role,R_role,1.0,1.0,0.9859133958816528,0.9570978254079818,1.012402406334877,0.06960004568099976,0.2686919867992401,0.4880259037017822,0.11806951370090246,4.133377773860112,0.48,0.0,0.020000000000000018,-0.02,-1.9612499475479126,19.147296905517578
qwen3.5-9b,C,15,31,R_role,R_harm,1.0,1.0,0.09349215775728226,0.07749263439327478,0.11056921500712633,-0.0031999945640563965,0.2686919867992401,0.4880259037017822,0.11806951370090246,4.133377773860112,0.48,0.0,0.020000000000000018,-0.02,-1.9612499475479126,118.91390991210938
qwen3.5-9b,C,15,31,R_role,R_control,1.0,1.0,0.13156217336654663,0.11219591535627842,0.15112372413277625,-0.0055999755859375,0.2686919867992401,0.4880259037017822,0.11806951370090246,4.133377773860112,0.48,0.0,0.020000000000000018,-0.02,-1.9612499475479126,76.66504669189453
qwen3.5-9b,C,15,31,R_role,R_role,1.0,1.0,0.26710444688796997,0.2183654822409153,0.3161569789052009,-0.2476000189781189,0.2686919867992401,0.4880259037017822,0.11806951370090246,4.133377773860112,0.48,0.0,0.020000000000000018,-0.02,-1.9612499475479126,60.2837028503418
qwen3.5-9b,C,15,16,R_role,R_harm,-1.0,1.0,-0.11286395788192749,-0.12251912746578456,-0.10334126371890306,0.0,0.24013939499855042,0.43850311636924744,0.11806951370090246,3.713940225756141,0.5,0.020000000000000018,0.020000000000000018,0.02,2.36328125,10.192642211914062
qwen3.5-9b,C,15,16,R_role,R_control,-1.0,1.0,-0.3226085901260376,-0.3338375210762024,-0.3112686224281788,-0.0007999539375305176,0.24013939499855042,0.43850311636924744,0.11806951370090246,3.713940225756141,0.5,0.020000000000000018,0.020000000000000018,0.02,2.36328125,6.531675815582275
qwen3.5-9b,C,15,16,R_role,R_role,-1.0,1.0,-0.9285849928855896,-0.9350381702184677,-0.9215506404638291,-0.02120000123977661,0.24013939499855042,0.43850311636924744,0.11806951370090246,3.713940225756141,0.5,0.020000000000000018,0.020000000000000018,0.02,2.36328125,9.099043846130371
qwen3.5-9b,C,15,23,R_role,R_harm,-1.0,1.0,-0.13880911469459534,-0.16728514917194842,-0.11156815197318794,-0.000800013542175293,0.24013939499855042,0.43850311636924744,0.11806951370090246,3.713940225756141,0.5,0.020000000000000018,0.020000000000000018,0.02,2.36328125,50.47686004638672
qwen3.5-9b,C,15,23,R_role,R_control,-1.0,1.0,-0.19897247850894928,-0.23282996639609338,-0.16550860889256003,0.0004000067710876465,0.24013939499855042,0.43850311636924744,0.11806951370090246,3.713940225756141,0.5,0.020000000000000018,0.020000000000000018,0.02,2.36328125,33.62088394165039
qwen3.5-9b,C,15,23,R_role,R_role,-1.0,1.0,-0.8664036393165588,-0.8994405269622803,-0.8332871749997139,-0.167199969291687,0.24013939499855042,0.43850311636924744,0.11806951370090246,3.713940225756141,0.5,0.020000000000000018,0.020000000000000018,0.02,2.36328125,19.147296905517578
qwen3.5-9b,C,15,31,R_role,R_harm,-1.0,1.0,-0.08695622533559799,-0.11080170273780823,-0.06393688656389715,0.0,0.24013939499855042,0.43850311636924744,0.11806951370090246,3.713940225756141,0.5,0.020000000000000018,0.020000000000000018,0.02,2.36328125,118.91390991210938
qwen3.5-9b,C,15,31,R_role,R_control,-1.0,1.0,-0.11837300658226013,-0.14341869205236435,-0.09441654086112981,-0.0003999471664428711,0.24013939499855042,0.43850311636924744,0.11806951370090246,3.713940225756141,0.5,0.020000000000000018,0.020000000000000018,0.02,2.36328125,76.66504669189453
qwen3.5-9b,C,15,31,R_role,R_role,-1.0,1.0,-0.46365591883659363,-0.5105845093727112,-0.4170449763536454,-0.15000000596046448,0.24013939499855042,0.43850311636924744,0.11806951370090246,3.713940225756141,0.5,0.020000000000000018,0.020000000000000018,0.02,2.36328125,60.2837028503418
qwen3.5-9b,C,15,16,R_role,R_harm,2.0,2.0,0.24834968149662018,0.23855883292853833,0.25822429507970807,0.0,0.7312054634094238,1.2279808521270752,0.5194221213459969,2.3641289072266796,0.54,0.06000000000000005,0.020000000000000018,0.09999999999999999,-3.637500047683716,10.192642211914062
qwen3.5-9b,C,15,16,R_role,R_control,2.0,2.0,0.6171973943710327,0.5954701989889145,0.638628539443016,-0.0031999945640563965,0.7312054634094238,1.2279808521270752,0.5194221213459969,2.3641289072266796,0.54,0.06000000000000005,0.020000000000000018,0.09999999999999999,-3.637500047683716,6.531675815582275
qwen3.5-9b,C,15,16,R_role,R_role,2.0,2.0,1.9442485570907593,1.9322644829750062,1.9555314660072327,0.024000048637390137,0.7312054634094238,1.2279808521270752,0.5194221213459969,2.3641289072266796,0.54,0.06000000000000005,0.020000000000000018,0.09999999999999999,-3.637500047683716,9.099043846130371
qwen3.5-9b,C,15,23,R_role,R_harm,2.0,2.0,0.08073371648788452,0.05679841935634613,0.1042571548372507,-0.0028000473976135254,0.7312054634094238,1.2279808521270752,0.5194221213459969,2.3641289072266796,0.54,0.06000000000000005,0.020000000000000018,0.09999999999999999,-3.637500047683716,50.47686004638672
qwen3.5-9b,C,15,23,R_role,R_control,2.0,2.0,0.2150079607963562,0.18530927151441573,0.24491695463657379,-0.011999964714050293,0.7312054634094238,1.2279808521270752,0.5194221213459969,2.3641289072266796,0.54,0.06000000000000005,0.020000000000000018,0.09999999999999999,-3.637500047683716,33.62088394165039
qwen3.5-9b,C,15,23,R_role,R_role,2.0,2.0,1.6806457042694092,1.6299065619707107,1.7281582325696945,0.04680001735687256,0.7312054634094238,1.2279808521270752,0.5194221213459969,2.3641289072266796,0.54,0.06000000000000005,0.020000000000000018,0.09999999999999999,-3.637500047683716,19.147296905517578
qwen3.5-9b,C,15,31,R_role,R_harm,2.0,2.0,0.16656017303466797,0.137660126760602,0.19709376543760299,-0.00959998369216919,0.7312054634094238,1.2279808521270752,0.5194221213459969,2.3641289072266796,0.54,0.06000000000000005,0.020000000000000018,0.09999999999999999,-3.637500047683716,118.91390991210938
qwen3.5-9b,C,15,31,R_role,R_control,2.0,2.0,0.21783332526683807,0.1926373541355133,0.2452150110155344,-0.015999972820281982,0.7312054634094238,1.2279808521270752,0.5194221213459969,2.3641289072266796,0.54,0.06000000000000005,0.020000000000000018,0.09999999999999999,-3.637500047683716,76.66504669189453
qwen3.5-9b,C,15,31,R_role,R_role,2.0,2.0,0.38266411423683167,0.3056368909776211,0.459654814004898,-0.3500000089406967,0.7312054634094238,1.2279808521270752,0.5194221213459969,2.3641289072266796,0.54,0.06000000000000005,0.020000000000000018,0.09999999999999999,-3.637500047683716,60.2837028503418
qwen3.5-9b,C,15,16,R_role,R_harm,-2.0,2.0,-0.20112331211566925,-0.2216351494193077,-0.18120180778205397,-0.0003999471664428711,1.1883703470230103,1.8868155479431152,0.5194221213459969,3.6325282855757925,0.43,-0.04999999999999999,-0.07999999999999996,-0.02,1.3614062070846558,10.192642211914062
qwen3.5-9b,C,15,16,R_role,R_control,-2.0,2.0,-0.6050719618797302,-0.6319389745593071,-0.5779914632439613,-0.0015999674797058105,1.1883703470230103,1.8868155479431152,0.5194221213459969,3.6325282855757925,0.43,-0.04999999999999999,-0.07999999999999996,-0.02,1.3614062070846558,6.531675815582275
qwen3.5-9b,C,15,16,R_role,R_role,-2.0,2.0,-1.7257367372512817,-1.736713284254074,-1.7144974619150162,-0.02879995107650757,1.1883703470230103,1.8868155479431152,0.5194221213459969,3.6325282855757925,0.43,-0.04999999999999999,-0.07999999999999996,-0.02,1.3614062070846558,9.099043846130371
qwen3.5-9b,C,15,23,R_role,R_harm,-2.0,2.0,-0.26805567741394043,-0.3327305719256401,-0.20628271847963336,-0.001600027084350586,1.1883703470230103,1.8868155479431152,0.5194221213459969,3.6325282855757925,0.43,-0.04999999999999999,-0.07999999999999996,-0.02,1.3614062070846558,50.47686004638672
qwen3.5-9b,C,15,23,R_role,R_control,-2.0,2.0,-0.3892086446285248,-0.4625228136777878,-0.31614779829978945,-0.001199960708618164,1.1883703470230103,1.8868155479431152,0.5194221213459969,3.6325282855757925,0.43,-0.04999999999999999,-0.07999999999999996,-0.02,1.3614062070846558,33.62088394165039
qwen3.5-9b,C,15,23,R_role,R_role,-2.0,2.0,-1.3030122518539429,-1.3520559906959533,-1.252931296825409,-0.19159996509552002,1.1883703470230103,1.8868155479431152,0.5194221213459969,3.6325282855757925,0.43,-0.04999999999999999,-0.07999999999999996,-0.02,1.3614062070846558,19.147296905517578
qwen3.5-9b,C,15,31,R_role,R_harm,-2.0,2.0,-0.2049911469221115,-0.2618926115334034,-0.14972305521368987,0.001600027084350586,1.1883703470230103,1.8868155479431152,0.5194221213459969,3.6325282855757925,0.43,-0.04999999999999999,-0.07999999999999996,-0.02,1.3614062070846558,118.91390991210938
qwen3.5-9b,C,15,31,R_role,R_control,-2.0,2.0,-0.27829501032829285,-0.33661089539527894,-0.22074899673461917,-0.010399997234344482,1.1883703470230103,1.8868155479431152,0.5194221213459969,3.6325282855757925,0.43,-0.04999999999999999,-0.07999999999999996,-0.02,1.3614062070846558,76.66504669189453
qwen3.5-9b,C,15,31,R_role,R_role,-2.0,2.0,-0.6784471869468689,-0.7427172094583512,-0.6158791676163674,-0.2476000189781189,1.1883703470230103,1.8868155479431152,0.5194221213459969,3.6325282855757925,0.43,-0.04999999999999999,-0.07999999999999996,-0.02,1.3614062070846558,60.2837028503418
qwen3.5-9b,C,15,16,R_role,R_harm,4.0,4.0,0.39398929476737976,0.3697668068110943,0.4178483203053474,-0.0003999471664428711,2.466235399246216,3.7081823348999023,2.4441414028406143,1.5171717686178887,0.17,-0.30999999999999994,-0.7799999999999999,0.16,-5.467187404632568,10.192642211914062
qwen3.5-9b,C,15,16,R_role,R_control,4.0,4.0,1.0278962850570679,0.986473397910595,1.0698635518550872,-0.0031999945640563965,2.466235399246216,3.7081823348999023,2.4441414028406143,1.5171717686178887,0.17,-0.30999999999999994,-0.7799999999999999,0.16,-5.467187404632568,6.531675815582275
qwen3.5-9b,C,15,16,R_role,R_role,4.0,4.0,3.551241874694824,3.5349512815475466,3.5668848872184755,0.017200052738189697,2.466235399246216,3.7081823348999023,2.4441414028406143,1.5171717686178887,0.17,-0.30999999999999994,-0.7799999999999999,0.16,-5.467187404632568,9.099043846130371
qwen3.5-9b,C,15,23,R_role,R_harm,4.0,4.0,0.014404178597033024,-0.055958766117691995,0.08259000666439528,-0.009200036525726318,2.466235399246216,3.7081823348999023,2.4441414028406143,1.5171717686178887,0.17,-0.30999999999999994,-0.7799999999999999,0.16,-5.467187404632568,50.47686004638672
qwen3.5-9b,C,15,23,R_role,R_control,4.0,4.0,0.15152829885482788,0.06669130567461252,0.2361840646713972,-0.02120000123977661,2.466235399246216,3.7081823348999023,2.4441414028406143,1.5171717686178887,0.17,-0.30999999999999994,-0.7799999999999999,0.16,-5.467187404632568,33.62088394165039
qwen3.5-9b,C,15,23,R_role,R_role,4.0,4.0,1.882374882698059,1.8061748027801514,1.959286481142044,-0.3471999764442444,2.466235399246216,3.7081823348999023,2.4441414028406143,1.5171717686178887,0.17,-0.30999999999999994,-0.7799999999999999,0.16,-5.467187404632568,19.147296905517578
qwen3.5-9b,C,15,31,R_role,R_harm,4.0,4.0,0.06777211278676987,-0.0033605901291593903,0.1378976941108703,-0.01759999990463257,2.466235399246216,3.7081823348999023,2.4441414028406143,1.5171717686178887,0.17,-0.30999999999999994,-0.7799999999999999,0.16,-5.467187404632568,118.91390991210938
qwen3.5-9b,C,15,31,R_role,R_control,4.0,4.0,0.07862423360347748,0.009271875163540244,0.14908713847398755,-0.037199974060058594,2.466235399246216,3.7081823348999023,2.4441414028406143,1.5171717686178887,0.17,-0.30999999999999994,-0.7799999999999999,0.16,-5.467187404632568,76.66504669189453
qwen3.5-9b,C,15,31,R_role,R_role,4.0,4.0,0.5275304317474365,0.46352075412869453,0.5918934792280196,-0.20360001921653748,2.466235399246216,3.7081823348999023,2.4441414028406143,1.5171717686178887,0.17,-0.30999999999999994,-0.7799999999999999,0.16,-5.467187404632568,60.2837028503418
qwen3.5-9b,C,15,16,R_role,R_harm,-4.0,4.0,-0.3613027334213257,-0.39298917576670644,-0.33090977892279627,-0.001199960708618164,8.536737442016602,6.416181564331055,2.4441414028406143,2.625126990146348,0.0,-0.48,-0.94,-0.02,-5.857165336608887,10.192642211914062
qwen3.5-9b,C,15,16,R_role,R_control,-4.0,4.0,-1.1073211431503296,-1.151202753186226,-1.0636861979961396,-0.0035999417304992676,8.536737442016602,6.416181564331055,2.4441414028406143,2.625126990146348,0.0,-0.48,-0.94,-0.02,-5.857165336608887,6.531675815582275
qwen3.5-9b,C,15,16,R_role,R_role,-4.0,4.0,-3.205674171447754,-3.217994886636734,-3.193254953622818,-0.025199949741363525,8.536737442016602,6.416181564331055,2.4441414028406143,2.625126990146348,0.0,-0.48,-0.94,-0.02,-5.857165336608887,9.099043846130371
qwen3.5-9b,C,15,23,R_role,R_harm,-4.0,4.0,-0.3268262445926666,-0.4203590452671051,-0.23636663742363456,-0.008000016212463379,8.536737442016602,6.416181564331055,2.4441414028406143,2.625126990146348,0.0,-0.48,-0.94,-0.02,-5.857165336608887,50.47686004638672
qwen3.5-9b,C,15,23,R_role,R_control,-4.0,4.0,-0.5220836400985718,-0.635732726752758,-0.41027440354228023,-0.013199985027313232,8.536737442016602,6.416181564331055,2.4441414028406143,2.625126990146348,0.0,-0.48,-0.94,-0.02,-5.857165336608887,33.62088394165039
qwen3.5-9b,C,15,23,R_role,R_role,-4.0,4.0,-1.4325882196426392,-1.487222483754158,-1.3787206411361694,-0.08559995889663696,8.536737442016602,6.416181564331055,2.4441414028406143,2.625126990146348,0.0,-0.48,-0.94,-0.02,-5.857165336608887,19.147296905517578
qwen3.5-9b,C,15,31,R_role,R_harm,-4.0,4.0,-0.3011218011379242,-0.39358844980597496,-0.21012325994670403,0.0012000203132629395,8.536737442016602,6.416181564331055,2.4441414028406143,2.625126990146348,0.0,-0.48,-0.94,-0.02,-5.857165336608887,118.91390991210938
qwen3.5-9b,C,15,31,R_role,R_control,-4.0,4.0,-0.5824020504951477,-0.6869401142001152,-0.4787678472697735,-0.03919994831085205,8.536737442016602,6.416181564331055,2.4441414028406143,2.625126990146348,0.0,-0.48,-0.94,-0.02,-5.857165336608887,76.66504669189453
qwen3.5-9b,C,15,31,R_role,R_role,-4.0,4.0,-0.807310163974762,-0.8700800701975823,-0.7468383461236954,0.089199960231781,8.536737442016602,6.416181564331055,2.4441414028406143,2.625126990146348,0.0,-0.48,-0.94,-0.02,-5.857165336608887,60.2837028503418
qwen3.5-9b,C,15,16,random,R_harm,0.25,0.25,0.004421489778906107,0.0030503791815135626,0.005807702639140188,0.0,0.004775098524987698,0.008680803701281548,0.007234797463752329,1.1998682402339493,0.48,0.0,0.0,0.0,0.04062499850988388,10.192642211914062
qwen3.5-9b,C,15,16,random,R_control,0.25,0.25,0.00224567879922688,0.0007108172110747547,0.00386441042064689,-0.0007999539375305176,0.004775098524987698,0.008680803701281548,0.007234797463752329,1.1998682402339493,0.48,0.0,0.0,0.0,0.04062499850988388,6.531675815582275
qwen3.5-9b,C,15,16,random,R_role,0.25,0.25,-0.008336050435900688,-0.008906007348559796,-0.0077226988039910795,-0.00279998779296875,0.004775098524987698,0.008680803701281548,0.007234797463752329,1.1998682402339493,0.48,0.0,0.0,0.0,0.04062499850988388,9.099043846130371
qwen3.5-9b,C,15,23,random,R_harm,0.25,0.25,-0.005692183505743742,-0.007446088257711381,-0.003984840924385937,0.0,0.004775098524987698,0.008680803701281548,0.007234797463752329,1.1998682402339493,0.48,0.0,0.0,0.0,0.04062499850988388,50.47686004638672
qwen3.5-9b,C,15,23,random,R_control,0.25,0.25,-0.013302155770361423,-0.015898912865668535,-0.010590030159801245,0.000800013542175293,0.004775098524987698,0.008680803701281548,0.007234797463752329,1.1998682402339493,0.48,0.0,0.0,0.0,0.04062499850988388,33.62088394165039
qwen3.5-9b,C,15,23,random,R_role,0.25,0.25,-0.022115083411335945,-0.024441982991993426,-0.019829235784709454,-0.0051999688148498535,0.004775098524987698,0.008680803701281548,0.007234797463752329,1.1998682402339493,0.48,0.0,0.0,0.0,0.04062499850988388,19.147296905517578
qwen3.5-9b,C,15,31,random,R_harm,0.25,0.25,-0.004219459369778633,-0.005938445066567511,-0.0025055099453311436,0.0,0.004775098524987698,0.008680803701281548,0.007234797463752329,1.1998682402339493,0.48,0.0,0.0,0.0,0.04062499850988388,118.91390991210938
qwen3.5-9b,C,15,31,random,R_control,0.25,0.25,-0.0030428769532591105,-0.005230701540131122,-0.0009648643419495806,0.0004000067710876465,0.004775098524987698,0.008680803701281548,0.007234797463752329,1.1998682402339493,0.48,0.0,0.0,0.0,0.04062499850988388,76.66504669189453
qwen3.5-9b,C,15,31,random,R_role,0.25,0.25,-0.014956754632294178,-0.020088105043396354,-0.00958127812482417,0.00959998369216919,0.004775098524987698,0.008680803701281548,0.007234797463752329,1.1998682402339493,0.48,0.0,0.0,0.0,0.04062499850988388,60.2837028503418
qwen3.5-9b,C,15,16,random,R_harm,-0.25,0.25,-0.0034513932187110186,-0.0042423558072187005,-0.0027010325808078054,0.0,0.004291235934942961,0.007607915438711643,0.007234797463752329,1.0515726911262828,0.49,0.010000000000000009,0.0,0.02,-0.08250000327825546,10.192642211914062
qwen3.5-9b,C,15,16,random,R_control,-0.25,0.25,-0.002693770918995142,-0.003486168175004423,-0.0019375723670236767,0.0,0.004291235934942961,0.007607915438711643,0.007234797463752329,1.0515726911262828,0.49,0.010000000000000009,0.0,0.02,-0.08250000327825546,6.531675815582275
qwen3.5-9b,C,15,16,random,R_role,-0.25,0.25,0.010666110552847385,0.010199850308708847,0.011106548085808753,0.0012000203132629395,0.004291235934942961,0.007607915438711643,0.007234797463752329,1.0515726911262828,0.49,0.010000000000000009,0.0,0.02,-0.08250000327825546,9.099043846130371
qwen3.5-9b,C,15,23,random,R_harm,-0.25,0.25,0.0020333584398031235,0.00024161684414139017,0.0037562727869953952,0.0007999539375305176,0.004291235934942961,0.007607915438711643,0.007234797463752329,1.0515726911262828,0.49,0.010000000000000009,0.0,0.02,-0.08250000327825546,50.47686004638672
qwen3.5-9b,C,15,23,random,R_control,-0.25,0.25,0.010152849368751049,0.007580416614655405,0.012628701352514324,0.0,0.004291235934942961,0.007607915438711643,0.007234797463752329,1.0515726911262828,0.49,0.010000000000000009,0.0,0.02,-0.08250000327825546,33.62088394165039
qwen3.5-9b,C,15,23,random,R_role,-0.25,0.25,0.0252615325152874,0.022972787125036122,0.02755927462130785,0.004400014877319336,0.004291235934942961,0.007607915438711643,0.007234797463752329,1.0515726911262828,0.49,0.010000000000000009,0.0,0.02,-0.08250000327825546,19.147296905517578
qwen3.5-9b,C,15,31,random,R_harm,-0.25,0.25,0.0027167361695319414,0.0011161086149513721,0.00441182154463604,-0.0004000067710876465,0.004291235934942961,0.007607915438711643,0.007234797463752329,1.0515726911262828,0.49,0.010000000000000009,0.0,0.02,-0.08250000327825546,118.91390991210938
qwen3.5-9b,C,15,31,random,R_control,-0.25,0.25,0.002127955434843898,0.00019935963427997194,0.004263376188464463,-0.0003999471664428711,0.004291235934942961,0.007607915438711643,0.007234797463752329,1.0515726911262828,0.49,0.010000000000000009,0.0,0.02,-0.08250000327825546,76.66504669189453
qwen3.5-9b,C,15,31,random,R_role,-0.25,0.25,0.016006382182240486,0.010586743522435427,0.021136164851486682,-0.015200018882751465,0.004291235934942961,0.007607915438711643,0.007234797463752329,1.0515726911262828,0.49,0.010000000000000009,0.0,0.02,-0.08250000327825546,60.2837028503418
qwen3.5-9b,C,15,16,random,R_harm,0.5,0.5,0.010358529165387154,0.007045804220251739,0.013628160930238664,0.0,0.01805487833917141,0.03206773102283478,0.027772074565291405,1.154675389749671,0.47,-0.010000000000000009,0.0,-0.02,0.037812501192092896,10.192642211914062
qwen3.5-9b,C,15,16,random,R_control,0.5,0.5,0.005163624417036772,0.0012156637996667996,0.009216488711535931,-0.001199960708618164,0.01805487833917141,0.03206773102283478,0.027772074565291405,1.154675389749671,0.47,-0.010000000000000009,0.0,-0.02,0.037812501192092896,6.531675815582275
qwen3.5-9b,C,15,16,random,R_role,0.5,0.5,-0.013407333754003048,-0.014700894406996668,-0.012116391654126346,-0.007999956607818604,0.01805487833917141,0.03206773102283478,0.027772074565291405,1.154675389749671,0.47,-0.010000000000000009,0.0,-0.02,0.037812501192092896,9.099043846130371
qwen3.5-9b,C,15,23,random,R_harm,0.5,0.5,-0.015669824555516243,-0.019413479277864097,-0.012034088885411628,-0.0012000203132629395,0.01805487833917141,0.03206773102283478,0.027772074565291405,1.154675389749671,0.47,-0.010000000000000009,0.0,-0.02,0.037812501192092896,50.47686004638672
qwen3.5-9b,C,15,23,random,R_control,0.5,0.5,-0.030232788994908333,-0.03578751552850008,-0.024487219424918296,0.001600027084350586,0.01805487833917141,0.03206773102283478,0.027772074565291405,1.154675389749671,0.47,-0.010000000000000009,0.0,-0.02,0.037812501192092896,33.62088394165039
qwen3.5-9b,C,15,23,random,R_role,0.5,0.5,-0.04025309532880783,-0.044999546464532615,-0.03554149875417352,-0.015599966049194336,0.01805487833917141,0.03206773102283478,0.027772074565291405,1.154675389749671,0.47,-0.010000000000000009,0.0,-0.02,0.037812501192092896,19.147296905517578
qwen3.5-9b,C,15,31,random,R_harm,0.5,0.5,-0.010389788076281548,-0.013883032184094191,-0.006956640130374582,0.0,0.01805487833917141,0.03206773102283478,0.027772074565291405,1.154675389749671,0.47,-0.010000000000000009,0.0,-0.02,0.037812501192092896,118.91390991210938
qwen3.5-9b,C,15,31,random,R_control,0.5,0.5,-0.006400272250175476,-0.01072532651014626,-0.0023687394859734966,0.0,0.01805487833917141,0.03206773102283478,0.027772074565291405,1.154675389749671,0.47,-0.010000000000000009,0.0,-0.02,0.037812501192092896,76.66504669189453
qwen3.5-9b,C,15,31,random,R_role,0.5,0.5,-0.026674166321754456,-0.036534251365810635,-0.016599861672148112,0.011599987745285034,0.01805487833917141,0.03206773102283478,0.027772074565291405,1.154675389749671,0.47,-0.010000000000000009,0.0,-0.02,0.037812501192092896,60.2837028503418
qwen3.5-9b,C,15,16,random,R_harm,-0.5,0.5,-0.006142990197986364,-0.007272565260063857,-0.005104313243646176,0.0004000067710876465,0.017213551327586174,0.03150755539536476,0.027772074565291405,1.1345049258488538,0.49,0.010000000000000009,0.0,0.02,-0.1887499988079071,10.192642211914062
qwen3.5-9b,C,15,16,random,R_control,-0.5,0.5,-0.006101573817431927,-0.007487910788040608,-0.0048271922743879266,0.0,0.017213551327586174,0.03150755539536476,0.027772074565291405,1.1345049258488538,0.49,0.010000000000000009,0.0,0.02,-0.1887499988079071,6.531675815582275
qwen3.5-9b,C,15,16,random,R_role,-0.5,0.5,0.023309657350182533,0.02244560644030571,0.024111635144799946,0.003600001335144043,0.017213551327586174,0.03150755539536476,0.027772074565291405,1.1345049258488538,0.49,0.010000000000000009,0.0,0.02,-0.1887499988079071,9.099043846130371
qwen3.5-9b,C,15,23,random,R_harm,-0.5,0.5,0.0001279509742744267,-0.0037411028693895786,0.00391143781598657,0.0,0.017213551327586174,0.03150755539536476,0.027772074565291405,1.1345049258488538,0.49,0.010000000000000009,0.0,0.02,-0.1887499988079071,50.47686004638672
qwen3.5-9b,C,15,23,random,R_control,-0.5,0.5,0.016512775793671608,0.011356552876532078,0.021777859330177306,0.0004000067710876465,0.017213551327586174,0.03150755539536476,0.027772074565291405,1.1345049258488538,0.49,0.010000000000000009,0.0,0.02,-0.1887499988079071,33.62088394165039
qwen3.5-9b,C,15,23,random,R_role,-0.5,0.5,0.05580921471118927,0.051404317002743484,0.06027681911364198,0.008400022983551025,0.017213551327586174,0.03150755539536476,0.027772074565291405,1.1345049258488538,0.49,0.010000000000000009,0.0,0.02,-0.1887499988079071,19.147296905517578
qwen3.5-9b,C,15,31,random,R_harm,-0.5,0.5,0.003275098744779825,0.00025943308646674267,0.00658119129948318,-0.0004000067710876465,0.017213551327586174,0.03150755539536476,0.027772074565291405,1.1345049258488538,0.49,0.010000000000000009,0.0,0.02,-0.1887499988079071,118.91390991210938
qwen3.5-9b,C,15,31,random,R_control,-0.5,0.5,0.0020746542140841484,-0.001989382115425542,0.006421828526072203,-0.001199960708618164,0.017213551327586174,0.03150755539536476,0.027772074565291405,1.1345049258488538,0.49,0.010000000000000009,0.0,0.02,-0.1887499988079071,76.66504669189453
qwen3.5-9b,C,15,31,random,R_role,-0.5,0.5,0.03870191425085068,0.02816193294711411,0.0488883844576776,-0.031200021505355835,0.017213551327586174,0.03150755539536476,0.027772074565291405,1.1345049258488538,0.49,0.010000000000000009,0.0,0.02,-0.1887499988079071,60.2837028503418
qwen3.5-9b,C,15,16,random,R_harm,1.0,1.0,0.02498752810060978,0.016436696192249654,0.033437283430248495,-0.0003999471664428711,0.07592885196208954,0.12695038318634033,0.11806951370090246,1.0752172953632653,0.48,0.0,0.020000000000000018,-0.02,-0.14875000715255737,10.192642211914062
qwen3.5-9b,C,15,16,random,R_control,1.0,1.0,0.012485550716519356,0.0016734647302655507,0.023714043200016018,-0.0023999810218811035,0.07592885196208954,0.12695038318634033,0.11806951370090246,1.0752172953632653,0.48,0.0,0.020000000000000018,-0.02,-0.14875000715255737,6.531675815582275
qwen3.5-9b,C,15,16,random,R_role,1.0,1.0,-0.015038295648992062,-0.018009800603613256,-0.011987668601796031,-0.017199993133544922,0.07592885196208954,0.12695038318634033,0.11806951370090246,1.0752172953632653,0.48,0.0,0.020000000000000018,-0.02,-0.14875000715255737,9.099043846130371
qwen3.5-9b,C,15,23,random,R_harm,1.0,1.0,-0.04852595180273056,-0.05863156896084547,-0.03847550721839071,-0.0020000338554382324,0.07592885196208954,0.12695038318634033,0.11806951370090246,1.0752172953632653,0.48,0.0,0.020000000000000018,-0.02,-0.14875000715255737,50.47686004638672
qwen3.5-9b,C,15,23,random,R_control,1.0,1.0,-0.07297232747077942,-0.08630254752933979,-0.05942490268498662,-0.0004000067710876465,0.07592885196208954,0.12695038318634033,0.11806951370090246,1.0752172953632653,0.48,0.0,0.020000000000000018,-0.02,-0.14875000715255737,33.62088394165039
qwen3.5-9b,C,15,23,random,R_role,1.0,1.0,-0.06259413063526154,-0.0724185798317194,-0.05265017049387098,-0.03880000114440918,0.07592885196208954,0.12695038318634033,0.11806951370090246,1.0752172953632653,0.48,0.0,0.020000000000000018,-0.02,-0.14875000715255737,19.147296905517578
qwen3.5-9b,C,15,31,random,R_harm,1.0,1.0,-0.03068479523062706,-0.038814987149089576,-0.022285856725648045,0.001999974250793457,0.07592885196208954,0.12695038318634033,0.11806951370090246,1.0752172953632653,0.48,0.0,0.020000000000000018,-0.02,-0.14875000715255737,118.91390991210938
qwen3.5-9b,C,15,31,random,R_control,1.0,1.0,-0.014111330732703209,-0.023068520799279214,-0.005125368456356231,0.000800013542175293,0.07592885196208954,0.12695038318634033,0.11806951370090246,1.0752172953632653,0.48,0.0,0.020000000000000018,-0.02,-0.14875000715255737,76.66504669189453
qwen3.5-9b,C,15,31,random,R_role,1.0,1.0,-0.04369810223579407,-0.0639950405806303,-0.024565839767456073,-0.01040002703666687,0.07592885196208954,0.12695038318634033,0.11806951370090246,1.0752172953632653,0.48,0.0,0.020000000000000018,-0.02,-0.14875000715255737,60.2837028503418
qwen3.5-9b,C,15,16,random,R_harm,-1.0,1.0,-0.009560588747262955,-0.011547052534297109,-0.007721073646098376,0.0004000067710876465,0.07460688799619675,0.13770627975463867,0.11806951370090246,1.1663152954409612,0.49,0.010000000000000009,0.0,0.02,-0.5153124928474426,10.192642211914062
qwen3.5-9b,C,15,16,random,R_control,-1.0,1.0,-0.01461589615792036,-0.018937604827806355,-0.010479640378616751,-0.001199960708618164,0.07460688799619675,0.13770627975463867,0.11806951370090246,1.1663152954409612,0.49,0.010000000000000009,0.0,0.02,-0.5153124928474426,6.531675815582275
qwen3.5-9b,C,15,16,random,R_role,-1.0,1.0,0.05167586728930473,0.0500596521422267,0.05311262253671884,0.004800021648406982,0.07460688799619675,0.13770627975463867,0.11806951370090246,1.1663152954409612,0.49,0.010000000000000009,0.0,0.02,-0.5153124928474426,9.099043846130371
qwen3.5-9b,C,15,23,random,R_harm,-1.0,1.0,-0.013892479240894318,-0.023751115845516323,-0.004056507803034045,-0.0020000338554382324,0.07460688799619675,0.13770627975463867,0.11806951370090246,1.1663152954409612,0.49,0.010000000000000009,0.0,0.02,-0.5153124928474426,50.47686004638672
qwen3.5-9b,C,15,23,random,R_control,-1.0,1.0,0.018323391675949097,0.0057853763224557046,0.030354554997757074,-0.0015999674797058105,0.07460688799619675,0.13770627975463867,0.11806951370090246,1.1663152954409612,0.49,0.010000000000000009,0.0,0.02,-0.5153124928474426,33.62088394165039
qwen3.5-9b,C,15,23,random,R_role,-1.0,1.0,0.13213779032230377,0.12273311540484429,0.14137767329812048,0.008800029754638672,0.07460688799619675,0.13770627975463867,0.11806951370090246,1.1663152954409612,0.49,0.010000000000000009,0.0,0.02,-0.5153124928474426,19.147296905517578
qwen3.5-9b,C,15,31,random,R_harm,-1.0,1.0,0.0019823042675852776,-0.004697903955820948,0.00962717570364474,-0.0012000203132629395,0.07460688799619675,0.13770627975463867,0.11806951370090246,1.1663152954409612,0.49,0.010000000000000009,0.0,0.02,-0.5153124928474426,118.91390991210938
qwen3.5-9b,C,15,31,random,R_control,-1.0,1.0,-0.0025376982521265745,-0.011132439319044351,0.0071744151762686515,-0.00279998779296875,0.07460688799619675,0.13770627975463867,0.11806951370090246,1.1663152954409612,0.49,0.010000000000000009,0.0,0.02,-0.5153124928474426,76.66504669189453
qwen3.5-9b,C,15,31,random,R_role,-1.0,1.0,0.09258803725242615,0.06944062188267708,0.11492495331913233,-0.07840001583099365,0.07460688799619675,0.13770627975463867,0.11806951370090246,1.1663152954409612,0.49,0.010000000000000009,0.0,0.02,-0.5153124928474426,60.2837028503418
qwen3.5-9b,C,15,16,random,R_harm,2.0,2.0,0.061783865094184875,0.04214057410135865,0.08114048205316066,-0.0003999471664428711,0.43330246210098267,0.5691630840301514,0.5194221213459969,1.095762118400462,0.47,-0.010000000000000009,0.0,-0.02,-1.5615625381469727,10.192642211914062
qwen3.5-9b,C,15,16,random,R_control,2.0,2.0,0.03582236170768738,0.008933380944654346,0.06323504745960234,-0.004799962043762207,0.43330246210098267,0.5691630840301514,0.5194221213459969,1.095762118400462,0.47,-0.010000000000000009,0.0,-0.02,-1.5615625381469727,6.531675815582275
qwen3.5-9b,C,15,16,random,R_role,2.0,2.0,0.0008899160311557353,-0.0054153149714693425,0.007320223597344009,-0.02399998903274536,0.43330246210098267,0.5691630840301514,0.5194221213459969,1.095762118400462,0.47,-0.010000000000000009,0.0,-0.02,-1.5615625381469727,9.099043846130371
qwen3.5-9b,C,15,23,random,R_harm,2.0,2.0,-0.16844339668750763,-0.20446634404361247,-0.13221963644027712,-0.0031999945640563965,0.43330246210098267,0.5691630840301514,0.5194221213459969,1.095762118400462,0.47,-0.010000000000000009,0.0,-0.02,-1.5615625381469727,50.47686004638672
qwen3.5-9b,C,15,23,random,R_control,2.0,2.0,-0.21018798649311066,-0.25462687090039254,-0.1667009484022856,-0.011999964714050293,0.43330246210098267,0.5691630840301514,0.5194221213459969,1.095762118400462,0.47,-0.010000000000000009,0.0,-0.02,-1.5615625381469727,33.62088394165039
qwen3.5-9b,C,15,23,random,R_role,2.0,2.0,-0.054394111037254333,-0.07530533634126187,-0.0331335916183889,-0.08799999952316284,0.43330246210098267,0.5691630840301514,0.5194221213459969,1.095762118400462,0.47,-0.010000000000000009,0.0,-0.02,-1.5615625381469727,19.147296905517578
qwen3.5-9b,C,15,31,random,R_harm,2.0,2.0,-0.11835602670907974,-0.1459759868681431,-0.09052359890192747,0.001999974250793457,0.43330246210098267,0.5691630840301514,0.5194221213459969,1.095762118400462,0.47,-0.010000000000000009,0.0,-0.02,-1.5615625381469727,118.91390991210938
qwen3.5-9b,C,15,31,random,R_control,2.0,2.0,-0.06738299876451492,-0.09171898644417524,-0.04390345504507424,-0.0067999958992004395,0.43330246210098267,0.5691630840301514,0.5194221213459969,1.095762118400462,0.47,-0.010000000000000009,0.0,-0.02,-1.5615625381469727,76.66504669189453
qwen3.5-9b,C,15,31,random,R_role,2.0,2.0,-0.040542349219322205,-0.082286312058568,0.0001008605344395225,-0.18400001525878906,0.43330246210098267,0.5691630840301514,0.5194221213459969,1.095762118400462,0.47,-0.010000000000000009,0.0,-0.02,-1.5615625381469727,60.2837028503418
qwen3.5-9b,C,15,16,random,R_harm,-2.0,2.0,-0.020112095400691032,-0.029132332745939495,-0.011563089466653782,0.0,0.3276190459728241,0.6048038601875305,0.5194221213459969,1.1643783260910816,0.51,0.030000000000000027,0.020000000000000018,0.039999999999999994,-1.6321874856948853,10.192642211914062
qwen3.5-9b,C,15,16,random,R_control,-2.0,2.0,-0.03750733286142349,-0.05325961131602526,-0.0222776017151773,-0.0023999810218811035,0.3276190459728241,0.6048038601875305,0.5194221213459969,1.1643783260910816,0.51,0.030000000000000027,0.020000000000000018,0.039999999999999994,-1.6321874856948853,6.531675815582275
qwen3.5-9b,C,15,16,random,R_role,-2.0,2.0,0.1089075580239296,0.10524258837103843,0.11243816278874874,0.0,0.3276190459728241,0.6048038601875305,0.5194221213459969,1.1643783260910816,0.51,0.030000000000000027,0.020000000000000018,0.039999999999999994,-1.6321874856948853,9.099043846130371
qwen3.5-9b,C,15,23,random,R_harm,-2.0,2.0,-0.0785403847694397,-0.11061195693910122,-0.04861434092745188,-0.0031999945640563965,0.3276190459728241,0.6048038601875305,0.5194221213459969,1.1643783260910816,0.51,0.030000000000000027,0.020000000000000018,0.039999999999999994,-1.6321874856948853,50.47686004638672
qwen3.5-9b,C,15,23,random,R_control,-2.0,2.0,-0.023914678022265434,-0.06177199529483914,0.012873342563398123,-0.00839996337890625,0.3276190459728241,0.6048038601875305,0.5194221213459969,1.1643783260910816,0.51,0.030000000000000027,0.020000000000000018,0.039999999999999994,-1.6321874856948853,33.62088394165039
qwen3.5-9b,C,15,23,random,R_role,-2.0,2.0,0.3355754613876343,0.31288817152380943,0.3574949584901333,-0.00839996337890625,0.3276190459728241,0.6048038601875305,0.5194221213459969,1.1643783260910816,0.51,0.030000000000000027,0.020000000000000018,0.039999999999999994,-1.6321874856948853,19.147296905517578
qwen3.5-9b,C,15,31,random,R_harm,-2.0,2.0,0.0058205886743962765,-0.016039455216377972,0.027975211152806878,-0.007200002670288086,0.3276190459728241,0.6048038601875305,0.5194221213459969,1.1643783260910816,0.51,0.030000000000000027,0.020000000000000018,0.039999999999999994,-1.6321874856948853,118.91390991210938
qwen3.5-9b,C,15,31,random,R_control,-2.0,2.0,-0.031673118472099304,-0.05583846541121602,-0.005805689143016934,-0.00959998369216919,0.3276190459728241,0.6048038601875305,0.5194221213459969,1.1643783260910816,0.51,0.030000000000000027,0.020000000000000018,0.039999999999999994,-1.6321874856948853,76.66504669189453
qwen3.5-9b,C,15,31,random,R_role,-2.0,2.0,0.17378628253936768,0.12152345199137926,0.22782509177923202,-0.2548000067472458,0.3276190459728241,0.6048038601875305,0.5194221213459969,1.1643783260910816,0.51,0.030000000000000027,0.020000000000000018,0.039999999999999994,-1.6321874856948853,60.2837028503418
qwen3.5-9b,C,15,16,random,R_harm,4.0,4.0,0.1385468989610672,0.10569105930626392,0.17047027759253972,-0.0003999471664428711,2.9278740882873535,3.0484936237335205,2.4441414028406143,1.2472656533662576,0.03,-0.44999999999999996,-0.8799999999999999,-0.02,-4.398125171661377,10.192642211914062
qwen3.5-9b,C,15,16,random,R_control,4.0,4.0,0.10197629034519196,0.05528655368834734,0.14946005083620548,-0.0071999430656433105,2.9278740882873535,3.0484936237335205,2.4441414028406143,1.2472656533662576,0.03,-0.44999999999999996,-0.8799999999999999,-0.02,-4.398125171661377,6.531675815582275
qwen3.5-9b,C,15,16,random,R_role,4.0,4.0,0.030628180131316185,0.020118839293718337,0.041203723754733794,-0.031599998474121094,2.9278740882873535,3.0484936237335205,2.4441414028406143,1.2472656533662576,0.03,-0.44999999999999996,-0.8799999999999999,-0.02,-4.398125171661377,9.099043846130371
qwen3.5-9b,C,15,23,random,R_harm,4.0,4.0,-0.29417693614959717,-0.37986443713307383,-0.2124175198376179,-0.007600009441375732,2.9278740882873535,3.0484936237335205,2.4441414028406143,1.2472656533662576,0.03,-0.44999999999999996,-0.8799999999999999,-0.02,-4.398125171661377,50.47686004638672
qwen3.5-9b,C,15,23,random,R_control,4.0,4.0,-0.3593448996543884,-0.46458928287029266,-0.2576118148863317,-0.0339999794960022,2.9278740882873535,3.0484936237335205,2.4441414028406143,1.2472656533662576,0.03,-0.44999999999999996,-0.8799999999999999,-0.02,-4.398125171661377,33.62088394165039
qwen3.5-9b,C,15,23,random,R_role,4.0,4.0,0.05437367409467697,0.007836006861180068,0.10218574050813904,-0.0899999737739563,2.9278740882873535,3.0484936237335205,2.4441414028406143,1.2472656533662576,0.03,-0.44999999999999996,-0.8799999999999999,-0.02,-4.398125171661377,19.147296905517578
qwen3.5-9b,C,15,31,random,R_harm,4.0,4.0,-0.27643224596977234,-0.35405162200331686,-0.1992059096693993,-0.015600025653839111,2.9278740882873535,3.0484936237335205,2.4441414028406143,1.2472656533662576,0.03,-0.44999999999999996,-0.8799999999999999,-0.02,-4.398125171661377,118.91390991210938
qwen3.5-9b,C,15,31,random,R_control,4.0,4.0,-0.3277042806148529,-0.4091589875519276,-0.24781516380608087,-0.03919994831085205,2.9278740882873535,3.0484936237335205,2.4441414028406143,1.2472656533662576,0.03,-0.44999999999999996,-0.8799999999999999,-0.02,-4.398125171661377,76.66504669189453
qwen3.5-9b,C,15,31,random,R_role,4.0,4.0,0.02779611200094223,-0.02561394670046866,0.08169916477054355,-0.2832000106573105,2.9278740882873535,3.0484936237335205,2.4441414028406143,1.2472656533662576,0.03,-0.44999999999999996,-0.8799999999999999,-0.02,-4.398125171661377,60.2837028503418
qwen3.5-9b,C,15,16,random,R_harm,-4.0,4.0,-0.06940958648920059,-0.09152923431247473,-0.04849168285727504,-0.0003999471664428711,1.6756213903427124,2.8604071140289307,2.4441414028406143,1.1703116320129952,0.54,0.06000000000000005,-0.039999999999999925,0.16,-4.081562519073486,10.192642211914062
qwen3.5-9b,C,15,16,random,R_control,-4.0,4.0,-0.08913329243659973,-0.12296219822019339,-0.05537949958816173,-0.003999948501586914,1.6756213903427124,2.8604071140289307,2.4441414028406143,1.1703116320129952,0.54,0.06000000000000005,-0.039999999999999925,0.16,-4.081562519073486,6.531675815582275
qwen3.5-9b,C,15,16,random,R_role,-4.0,4.0,0.1941634565591812,0.18615872375667095,0.20222924016416072,-0.010399997234344482,1.6756213903427124,2.8604071140289307,2.4441414028406143,1.1703116320129952,0.54,0.06000000000000005,-0.039999999999999925,0.16,-4.081562519073486,9.099043846130371
qwen3.5-9b,C,15,23,random,R_harm,-4.0,4.0,-0.24932093918323517,-0.33064951151609423,-0.17088744863867764,-0.003600001335144043,1.6756213903427124,2.8604071140289307,2.4441414028406143,1.1703116320129952,0.54,0.06000000000000005,-0.039999999999999925,0.16,-4.081562519073486,50.47686004638672
qwen3.5-9b,C,15,23,random,R_control,-4.0,4.0,-0.2561175227165222,-0.35738652050495145,-0.15683624744415284,-0.021600008010864258,1.6756213903427124,2.8604071140289307,2.4441414028406143,1.1703116320129952,0.54,0.06000000000000005,-0.039999999999999925,0.16,-4.081562519073486,33.62088394165039
qwen3.5-9b,C,15,23,random,R_role,-4.0,4.0,0.354439914226532,0.3002578720450401,0.4097639605402946,-0.18479996919631958,1.6756213903427124,2.8604071140289307,2.4441414028406143,1.1703116320129952,0.54,0.06000000000000005,-0.039999999999999925,0.16,-4.081562519073486,19.147296905517578
qwen3.5-9b,C,15,31,random,R_harm,-4.0,4.0,-0.0731227770447731,-0.14520114809274673,-0.0025980652833823815,-0.01639997959136963,1.6756213903427124,2.8604071140289307,2.4441414028406143,1.1703116320129952,0.54,0.06000000000000005,-0.039999999999999925,0.16,-4.081562519073486,118.91390991210938
qwen3.5-9b,C,15,31,random,R_control,-4.0,4.0,-0.24396775662899017,-0.3148412585258484,-0.17220326736569416,-0.01799994707107544,1.6756213903427124,2.8604071140289307,2.4441414028406143,1.1703116320129952,0.54,0.06000000000000005,-0.039999999999999925,0.16,-4.081562519073486,76.66504669189453
qwen3.5-9b,C,15,31,random,R_role,-4.0,4.0,0.11985667049884796,0.05184842040762305,0.18853857666254042,-0.3856000155210495,1.6756213903427124,2.8604071140289307,2.4441414028406143,1.1703116320129952,0.54,0.06000000000000005,-0.039999999999999925,0.16,-4.081562519073486,60.2837028503418
qwen3.5-9b,C,18,19,R_harm,R_harm,0.25,0.25,0.22639267146587372,0.2235782265663147,0.2291772712022066,-0.000800013542175293,0.06161089241504669,0.09591174125671387,0.009769893891643733,9.81707092425517,0.52,0.040000000000000036,0.020000000000000018,0.06,1.6401562690734863,23.36080551147461
qwen3.5-9b,C,18,19,R_harm,R_control,0.25,0.25,0.27041399478912354,0.26751544922590254,0.27305003330111505,0.0,0.06161089241504669,0.09591174125671387,0.009769893891643733,9.81707092425517,0.52,0.040000000000000036,0.020000000000000018,0.06,1.6401562690734863,15.32968807220459
qwen3.5-9b,C,18,19,R_harm,R_role,0.25,0.25,0.05023765191435814,0.048063029814511535,0.052403688337653874,0.01680004596710205,0.06161089241504669,0.09591174125671387,0.009769893891643733,9.81707092425517,0.52,0.040000000000000036,0.020000000000000018,0.06,1.6401562690734863,12.593536376953125
qwen3.5-9b,C,18,25,R_harm,R_harm,0.25,0.25,0.12316273897886276,0.11596517134457826,0.13022536374628543,-0.0004000067710876465,0.06161089241504669,0.09591174125671387,0.009769893891643733,9.81707092425517,0.52,0.040000000000000036,0.020000000000000018,0.06,1.6401562690734863,62.13874053955078
qwen3.5-9b,C,18,25,R_harm,R_control,0.25,0.25,0.13315297663211823,0.11980823781341314,0.14606976695358753,-0.00279998779296875,0.06161089241504669,0.09591174125671387,0.009769893891643733,9.81707092425517,0.52,0.040000000000000036,0.020000000000000018,0.06,1.6401562690734863,40.54935836791992
qwen3.5-9b,C,18,25,R_harm,R_role,0.25,0.25,0.03342149034142494,0.025675540463998912,0.04064475679770112,-0.03519999980926514,0.06161089241504669,0.09591174125671387,0.009769893891643733,9.81707092425517,0.52,0.040000000000000036,0.020000000000000018,0.06,1.6401562690734863,20.990402221679688
qwen3.5-9b,C,18,31,R_harm,R_harm,0.25,0.25,0.10953661799430847,0.10113333035260438,0.11832614839076995,-0.0012000203132629395,0.06161089241504669,0.09591174125671387,0.009769893891643733,9.81707092425517,0.52,0.040000000000000036,0.020000000000000018,0.06,1.6401562690734863,118.91390991210938
qwen3.5-9b,C,18,31,R_harm,R_control,0.25,0.25,0.09891354292631149,0.08431881945580244,0.11385688036680221,-0.00279998779296875,0.06161089241504669,0.09591174125671387,0.009769893891643733,9.81707092425517,0.52,0.040000000000000036,0.020000000000000018,0.06,1.6401562690734863,76.66504669189453
qwen3.5-9b,C,18,31,R_harm,R_role,0.25,0.25,-0.06784484535455704,-0.08563417829573154,-0.05034745885059239,-0.04840001463890076,0.06161089241504669,0.09591174125671387,0.009769893891643733,9.81707092425517,0.52,0.040000000000000036,0.020000000000000018,0.06,1.6401562690734863,60.2837028503418
qwen3.5-9b,C,18,19,R_harm,R_harm,-0.25,0.25,-0.22568966448307037,-0.22970120199024677,-0.22167597375810147,0.0,0.06170441582798958,0.07385482639074326,0.009769893891643733,7.55942973484204,0.47,-0.010000000000000009,0.0,-0.02,-1.4600000381469727,23.36080551147461
qwen3.5-9b,C,18,19,R_harm,R_control,-0.25,0.25,-0.274810254573822,-0.2776315227150917,-0.27184108421206477,0.0,0.06170441582798958,0.07385482639074326,0.009769893891643733,7.55942973484204,0.47,-0.010000000000000009,0.0,-0.02,-1.4600000381469727,15.32968807220459
qwen3.5-9b,C,18,19,R_harm,R_role,-0.25,0.25,-0.04826264828443527,-0.05093238698318601,-0.04561501480638981,-0.014799952507019043,0.06170441582798958,0.07385482639074326,0.009769893891643733,7.55942973484204,0.47,-0.010000000000000009,0.0,-0.02,-1.4600000381469727,12.593536376953125
qwen3.5-9b,C,18,25,R_harm,R_harm,-0.25,0.25,-0.13207536935806274,-0.1411406546831131,-0.12300763055682182,0.0007999539375305176,0.06170441582798958,0.07385482639074326,0.009769893891643733,7.55942973484204,0.47,-0.010000000000000009,0.0,-0.02,-1.4600000381469727,62.13874053955078
qwen3.5-9b,C,18,25,R_harm,R_control,-0.25,0.25,-0.14339441061019897,-0.15306423269212246,-0.1338032390922308,-0.0015999674797058105,0.06170441582798958,0.07385482639074326,0.009769893891643733,7.55942973484204,0.47,-0.010000000000000009,0.0,-0.02,-1.4600000381469727,40.54935836791992
qwen3.5-9b,C,18,25,R_harm,R_role,-0.25,0.25,-0.03843948245048523,-0.04444550247862935,-0.03200830509886146,0.024800002574920654,0.06170441582798958,0.07385482639074326,0.009769893891643733,7.55942973484204,0.47,-0.010000000000000009,0.0,-0.02,-1.4600000381469727,20.990402221679688
qwen3.5-9b,C,18,31,R_harm,R_harm,-0.25,0.25,-0.11669398099184036,-0.12650530599057674,-0.10691453255712986,0.000800013542175293,0.06170441582798958,0.07385482639074326,0.009769893891643733,7.55942973484204,0.47,-0.010000000000000009,0.0,-0.02,-1.4600000381469727,118.91390991210938
qwen3.5-9b,C,18,31,R_harm,R_control,-0.25,0.25,-0.10345175117254257,-0.11515499744564295,-0.09226647038012743,0.0004000067710876465,0.06170441582798958,0.07385482639074326,0.009769893891643733,7.55942973484204,0.47,-0.010000000000000009,0.0,-0.02,-1.4600000381469727,76.66504669189453
qwen3.5-9b,C,18,31,R_harm,R_role,-0.25,0.25,0.028059352189302444,0.010912218829616904,0.04539552917703986,0.024399995803833008,0.06170441582798958,0.07385482639074326,0.009769893891643733,7.55942973484204,0.47,-0.010000000000000009,0.0,-0.02,-1.4600000381469727,60.2837028503418
qwen3.5-9b,C,18,19,R_harm,R_harm,0.5,0.5,0.45143744349479675,0.44653765559196473,0.4559875339269638,-0.000800013542175293,0.25414109230041504,0.42128294706344604,0.03669367381371558,11.48107843336135,0.56,0.08000000000000007,0.040000000000000036,0.12000000000000001,3.391718864440918,23.36080551147461
qwen3.5-9b,C,18,19,R_harm,R_control,0.5,0.5,0.5345838069915771,0.5279642909765243,0.5406455069780349,0.0,0.25414109230041504,0.42128294706344604,0.03669367381371558,11.48107843336135,0.56,0.08000000000000007,0.040000000000000036,0.12000000000000001,3.391718864440918,15.32968807220459
qwen3.5-9b,C,18,19,R_harm,R_role,0.5,0.5,0.10163342207670212,0.09794263280928135,0.10520091596990823,0.026800036430358887,0.25414109230041504,0.42128294706344604,0.03669367381371558,11.48107843336135,0.56,0.08000000000000007,0.040000000000000036,0.12000000000000001,3.391718864440918,12.593536376953125
qwen3.5-9b,C,18,25,R_harm,R_harm,0.5,0.5,0.24179619550704956,0.22612288482487203,0.25750928968191145,-0.001600027084350586,0.25414109230041504,0.42128294706344604,0.03669367381371558,11.48107843336135,0.56,0.08000000000000007,0.040000000000000036,0.12000000000000001,3.391718864440918,62.13874053955078
qwen3.5-9b,C,18,25,R_harm,R_control,0.5,0.5,0.262631893157959,0.23260489478707314,0.29176267310976983,-0.007200002670288086,0.25414109230041504,0.42128294706344604,0.03669367381371558,11.48107843336135,0.56,0.08000000000000007,0.040000000000000036,0.12000000000000001,3.391718864440918,40.54935836791992
qwen3.5-9b,C,18,25,R_harm,R_role,0.5,0.5,0.06284508109092712,0.04673568662256002,0.07844515684992075,-0.08039999008178711,0.25414109230041504,0.42128294706344604,0.03669367381371558,11.48107843336135,0.56,0.08000000000000007,0.040000000000000036,0.12000000000000001,3.391718864440918,20.990402221679688
qwen3.5-9b,C,18,31,R_harm,R_harm,0.5,0.5,0.2123657613992691,0.1949506986886263,0.23063506707549095,-0.001999974250793457,0.25414109230041504,0.42128294706344604,0.03669367381371558,11.48107843336135,0.56,0.08000000000000007,0.040000000000000036,0.12000000000000001,3.391718864440918,118.91390991210938
qwen3.5-9b,C,18,31,R_harm,R_control,0.5,0.5,0.19800560176372528,0.16556433029472828,0.23043418116867542,-0.01239997148513794,0.25414109230041504,0.42128294706344604,0.03669367381371558,11.48107843336135,0.56,0.08000000000000007,0.040000000000000036,0.12000000000000001,3.391718864440918,76.66504669189453
qwen3.5-9b,C,18,31,R_harm,R_role,0.5,0.5,-0.16078753769397736,-0.19365961328148842,-0.12720926180481912,-0.10520002245903015,0.25414109230041504,0.42128294706344604,0.03669367381371558,11.48107843336135,0.56,0.08000000000000007,0.040000000000000036,0.12000000000000001,3.391718864440918,60.2837028503418
qwen3.5-9b,C,18,19,R_harm,R_harm,-0.5,0.5,-0.44833841919898987,-0.45731705278158186,-0.4393413826823235,0.0004000067710876465,0.244114488363266,0.24088534712791443,0.03669367381371558,6.564765042356562,0.44,-0.03999999999999998,-0.05999999999999994,-0.02,-2.831249952316284,23.36080551147461
qwen3.5-9b,C,18,19,R_harm,R_control,-0.5,0.5,-0.551714301109314,-0.5582012712955475,-0.5446458533406258,-0.0004000067710876465,0.244114488363266,0.24088534712791443,0.03669367381371558,6.564765042356562,0.44,-0.03999999999999998,-0.05999999999999994,-0.02,-2.831249952316284,15.32968807220459
qwen3.5-9b,C,18,19,R_harm,R_role,-0.5,0.5,-0.09393229335546494,-0.09955429043620825,-0.08845984712243081,-0.03880000114440918,0.244114488363266,0.24088534712791443,0.03669367381371558,6.564765042356562,0.44,-0.03999999999999998,-0.05999999999999994,-0.02,-2.831249952316284,12.593536376953125
qwen3.5-9b,C,18,25,R_harm,R_harm,-0.5,0.5,-0.2750709652900696,-0.29674298986792563,-0.2535246916115284,-0.0004000067710876465,0.244114488363266,0.24088534712791443,0.03669367381371558,6.564765042356562,0.44,-0.03999999999999998,-0.05999999999999994,-0.02,-2.831249952316284,62.13874053955078
qwen3.5-9b,C,18,25,R_harm,R_control,-0.5,0.5,-0.305105984210968,-0.32390679195523264,-0.2876318164169788,-0.001999974250793457,0.244114488363266,0.24088534712791443,0.03669367381371558,6.564765042356562,0.44,-0.03999999999999998,-0.05999999999999994,-0.02,-2.831249952316284,40.54935836791992
qwen3.5-9b,C,18,25,R_harm,R_role,-0.5,0.5,-0.08316793292760849,-0.09369188752025366,-0.07246345132589341,0.026800036430358887,0.244114488363266,0.24088534712791443,0.03669367381371558,6.564765042356562,0.44,-0.03999999999999998,-0.05999999999999994,-0.02,-2.831249952316284,20.990402221679688
qwen3.5-9b,C,18,31,R_harm,R_harm,-0.5,0.5,-0.24087844789028168,-0.26323764622211454,-0.219395724684,0.001999974250793457,0.244114488363266,0.24088534712791443,0.03669367381371558,6.564765042356562,0.44,-0.03999999999999998,-0.05999999999999994,-0.02,-2.831249952316284,118.91390991210938
qwen3.5-9b,C,18,31,R_harm,R_control,-0.5,0.5,-0.2185066193342209,-0.23822615966200827,-0.19978041835129262,0.000800013542175293,0.244114488363266,0.24088534712791443,0.03669367381371558,6.564765042356562,0.44,-0.03999999999999998,-0.05999999999999994,-0.02,-2.831249952316284,76.66504669189453
qwen3.5-9b,C,18,31,R_harm,R_role,-0.5,0.5,0.02581617422401905,-0.004510791425127536,0.05721877804026007,0.02120000123977661,0.244114488363266,0.24088534712791443,0.03669367381371558,6.564765042356562,0.44,-0.03999999999999998,-0.05999999999999994,-0.02,-2.831249952316284,60.2837028503418
qwen3.5-9b,C,18,19,R_harm,R_harm,1.0,1.0,0.8914604187011719,0.8823956236243248,0.8999294653534889,-0.000800013542175293,1.2698174715042114,2.266085147857666,0.15082168020308018,15.024929736934375,0.84,0.36,0.06000000000000005,0.66,6.405624866485596,23.36080551147461
qwen3.5-9b,C,18,19,R_harm,R_control,1.0,1.0,1.040239691734314,1.0234158039093018,1.055841714143753,-0.0015999674797058105,1.2698174715042114,2.266085147857666,0.15082168020308018,15.024929736934375,0.84,0.36,0.06000000000000005,0.66,6.405624866485596,15.32968807220459
qwen3.5-9b,C,18,19,R_harm,R_role,1.0,1.0,0.20266151428222656,0.19773322753608227,0.2077651496976614,0.031599998474121094,1.2698174715042114,2.266085147857666,0.15082168020308018,15.024929736934375,0.84,0.36,0.06000000000000005,0.66,6.405624866485596,12.593536376953125
qwen3.5-9b,C,18,25,R_harm,R_harm,1.0,1.0,0.47415247559547424,0.4327501080930233,0.5147848770022392,-0.004400014877319336,1.2698174715042114,2.266085147857666,0.15082168020308018,15.024929736934375,0.84,0.36,0.06000000000000005,0.66,6.405624866485596,62.13874053955078
qwen3.5-9b,C,18,25,R_harm,R_control,1.0,1.0,0.506072998046875,0.43402606919407843,0.5753748908638954,-0.0591999888420105,1.2698174715042114,2.266085147857666,0.15082168020308018,15.024929736934375,0.84,0.36,0.06000000000000005,0.66,6.405624866485596,40.54935836791992
qwen3.5-9b,C,18,25,R_harm,R_role,1.0,1.0,0.1043994203209877,0.0713583655655384,0.1379746150225401,-0.24639999866485596,1.2698174715042114,2.266085147857666,0.15082168020308018,15.024929736934375,0.84,0.36,0.06000000000000005,0.66,6.405624866485596,20.990402221679688
qwen3.5-9b,C,18,31,R_harm,R_harm,1.0,1.0,0.4085559546947479,0.363362804800272,0.4532862208783626,-0.0059999823570251465,1.2698174715042114,2.266085147857666,0.15082168020308018,15.024929736934375,0.84,0.36,0.06000000000000005,0.66,6.405624866485596,118.91390991210938
qwen3.5-9b,C,18,31,R_harm,R_control,1.0,1.0,0.389108806848526,0.31383981481194495,0.4615165874361991,-0.14159995317459106,1.2698174715042114,2.266085147857666,0.15082168020308018,15.024929736934375,0.84,0.36,0.06000000000000005,0.66,6.405624866485596,76.66504669189453
qwen3.5-9b,C,18,31,R_harm,R_role,1.0,1.0,-0.342639684677124,-0.40152273923158643,-0.2806424513459207,-0.29280000925064087,1.2698174715042114,2.266085147857666,0.15082168020308018,15.024929736934375,0.84,0.36,0.06000000000000005,0.66,6.405624866485596,60.2837028503418
qwen3.5-9b,C,18,19,R_harm,R_harm,-1.0,1.0,-0.8757007718086243,-0.8958494737744331,-0.8559355199337005,0.0,1.2468287944793701,0.6654998064041138,0.15082168020308018,4.412494314531065,0.21,-0.27,-0.52,-0.02,-6.087812423706055,23.36080551147461
qwen3.5-9b,C,18,19,R_harm,R_control,-1.0,1.0,-1.0991334915161133,-1.1168064415454864,-1.0815967470407486,-0.0012000203132629395,1.2468287944793701,0.6654998064041138,0.15082168020308018,4.412494314531065,0.21,-0.27,-0.52,-0.02,-6.087812423706055,15.32968807220459
qwen3.5-9b,C,18,19,R_harm,R_role,-1.0,1.0,-0.17275208234786987,-0.1838729426264763,-0.16214096024632454,-0.08599996566772461,1.2468287944793701,0.6654998064041138,0.15082168020308018,4.412494314531065,0.21,-0.27,-0.52,-0.02,-6.087812423706055,12.593536376953125
qwen3.5-9b,C,18,25,R_harm,R_harm,-1.0,1.0,-0.573380708694458,-0.6303136005997658,-0.5189640372991562,-0.0020000338554382324,1.2468287944793701,0.6654998064041138,0.15082168020308018,4.412494314531065,0.21,-0.27,-0.52,-0.02,-6.087812423706055,62.13874053955078
qwen3.5-9b,C,18,25,R_harm,R_control,-1.0,1.0,-0.6918137073516846,-0.740991760790348,-0.6436133995652199,-0.013599991798400879,1.2468287944793701,0.6654998064041138,0.15082168020308018,4.412494314531065,0.21,-0.27,-0.52,-0.02,-6.087812423706055,40.54935836791992
qwen3.5-9b,C,18,25,R_harm,R_role,-1.0,1.0,-0.18282727897167206,-0.19735027961432933,-0.16925713531672953,-0.011199951171875,1.2468287944793701,0.6654998064041138,0.15082168020308018,4.412494314531065,0.21,-0.27,-0.52,-0.02,-6.087812423706055,20.990402221679688
qwen3.5-9b,C,18,31,R_harm,R_harm,-1.0,1.0,-0.4955245852470398,-0.5489854618906975,-0.4435009196400643,-0.003600001335144043,1.2468287944793701,0.6654998064041138,0.15082168020308018,4.412494314531065,0.21,-0.27,-0.52,-0.02,-6.087812423706055,118.91390991210938
qwen3.5-9b,C,18,31,R_harm,R_control,-1.0,1.0,-0.505689263343811,-0.5447032272815704,-0.46678477153182035,-0.010399997234344482,1.2468287944793701,0.6654998064041138,0.15082168020308018,4.412494314531065,0.21,-0.27,-0.52,-0.02,-6.087812423706055,76.66504669189453
qwen3.5-9b,C,18,31,R_harm,R_role,-1.0,1.0,-0.05370236560702324,-0.10192175731062889,-0.005980594479478948,-0.05120000243186951,1.2468287944793701,0.6654998064041138,0.15082168020308018,4.412494314531065,0.21,-0.27,-0.52,-0.02,-6.087812423706055,60.2837028503418
qwen3.5-9b,C,18,19,R_harm,R_harm,2.0,2.0,1.6954160928726196,1.673186132311821,1.7164726734161377,-0.0012000203132629395,4.390188217163086,8.180964469909668,0.6890560835599899,11.872712055081108,1.0,0.52,0.06000000000000005,0.98,7.501093864440918,23.36080551147461
qwen3.5-9b,C,18,19,R_harm,R_control,2.0,2.0,1.9451161623001099,1.9092929542064667,1.9791540056467056,-0.0031999945640563965,4.390188217163086,8.180964469909668,0.6890560835599899,11.872712055081108,1.0,0.52,0.06000000000000005,0.98,7.501093864440918,15.32968807220459
qwen3.5-9b,C,18,19,R_harm,R_role,2.0,2.0,0.38370880484580994,0.37589549124240873,0.3915558345615864,0.008400022983551025,4.390188217163086,8.180964469909668,0.6890560835599899,11.872712055081108,1.0,0.52,0.06000000000000005,0.98,7.501093864440918,12.593536376953125
qwen3.5-9b,C,18,25,R_harm,R_harm,2.0,2.0,0.7709619998931885,0.680236479640007,0.8580183714628219,-0.053600013256073,4.390188217163086,8.180964469909668,0.6890560835599899,11.872712055081108,1.0,0.52,0.06000000000000005,0.98,7.501093864440918,62.13874053955078
qwen3.5-9b,C,18,25,R_harm,R_control,2.0,2.0,0.7395510077476501,0.617126676440239,0.8611079871654509,-0.31759995222091675,4.390188217163086,8.180964469909668,0.6890560835599899,11.872712055081108,1.0,0.52,0.06000000000000005,0.98,7.501093864440918,40.54935836791992
qwen3.5-9b,C,18,25,R_harm,R_role,2.0,2.0,0.08692782372236252,0.03482643542811274,0.14005232378840446,-0.5027999877929688,4.390188217163086,8.180964469909668,0.6890560835599899,11.872712055081108,1.0,0.52,0.06000000000000005,0.98,7.501093864440918,20.990402221679688
qwen3.5-9b,C,18,31,R_harm,R_harm,2.0,2.0,0.6457040905952454,0.5438887849450111,0.7438828602433203,-0.4747999906539917,4.390188217163086,8.180964469909668,0.6890560835599899,11.872712055081108,1.0,0.52,0.06000000000000005,0.98,7.501093864440918,118.91390991210938
qwen3.5-9b,C,18,31,R_harm,R_control,2.0,2.0,0.5219711661338806,0.3999193228781223,0.6407142564654349,-0.7239999771118164,4.390188217163086,8.180964469909668,0.6890560835599899,11.872712055081108,1.0,0.52,0.06000000000000005,0.98,7.501093864440918,76.66504669189453
qwen3.5-9b,C,18,31,R_harm,R_role,2.0,2.0,-0.633711576461792,-0.7284717440605164,-0.5331485226750374,-0.46480001229792833,4.390188217163086,8.180964469909668,0.6890560835599899,11.872712055081108,1.0,0.52,0.06000000000000005,0.98,7.501093864440918,60.2837028503418
qwen3.5-9b,C,18,19,R_harm,R_harm,-2.0,2.0,-1.6291618347167969,-1.6624679923057557,-1.5965942084789275,0.000800013542175293,5.302898406982422,1.7509020566940308,0.6890560835599899,2.5410153084318505,0.0,-0.48,-0.94,-0.02,-11.446249961853027,23.36080551147461
qwen3.5-9b,C,18,19,R_harm,R_control,-2.0,2.0,-2.098371744155884,-2.134600442647934,-2.0624185740947723,-0.0023999810218811035,5.302898406982422,1.7509020566940308,0.6890560835599899,2.5410153084318505,0.0,-0.48,-0.94,-0.02,-11.446249961853027,15.32968807220459
qwen3.5-9b,C,18,19,R_harm,R_role,-2.0,2.0,-0.28965386748313904,-0.3058343857526779,-0.27423313409090044,-0.11679995059967041,5.302898406982422,1.7509020566940308,0.6890560835599899,2.5410153084318505,0.0,-0.48,-0.94,-0.02,-11.446249961853027,12.593536376953125
qwen3.5-9b,C,18,25,R_harm,R_harm,-2.0,2.0,-0.9069225788116455,-1.0023598819971085,-0.8159128904342652,-0.03280001878738403,5.302898406982422,1.7509020566940308,0.6890560835599899,2.5410153084318505,0.0,-0.48,-0.94,-0.02,-11.446249961853027,62.13874053955078
qwen3.5-9b,C,18,25,R_harm,R_control,-2.0,2.0,-1.2391667366027832,-1.3468596011400222,-1.1358619928359985,-0.14479994773864746,5.302898406982422,1.7509020566940308,0.6890560835599899,2.5410153084318505,0.0,-0.48,-0.94,-0.02,-11.446249961853027,40.54935836791992
qwen3.5-9b,C,18,25,R_harm,R_role,-2.0,2.0,-0.34687340259552,-0.3776605412364006,-0.31741979196667675,-0.1531999707221985,5.302898406982422,1.7509020566940308,0.6890560835599899,2.5410153084318505,0.0,-0.48,-0.94,-0.02,-11.446249961853027,20.990402221679688
qwen3.5-9b,C,18,31,R_harm,R_harm,-2.0,2.0,-0.806620180606842,-0.8978941470384598,-0.7172692269086838,-0.11080002784729004,5.302898406982422,1.7509020566940308,0.6890560835599899,2.5410153084318505,0.0,-0.48,-0.94,-0.02,-11.446249961853027,118.91390991210938
qwen3.5-9b,C,18,31,R_harm,R_control,-2.0,2.0,-0.9833109378814697,-1.07661671936512,-0.8906845971941948,-0.1743999719619751,5.302898406982422,1.7509020566940308,0.6890560835599899,2.5410153084318505,0.0,-0.48,-0.94,-0.02,-11.446249961853027,76.66504669189453
qwen3.5-9b,C,18,31,R_harm,R_role,-2.0,2.0,0.15013837814331055,0.09225744679570198,0.20955220200121402,0.05759996175765991,5.302898406982422,1.7509020566940308,0.6890560835599899,2.5410153084318505,0.0,-0.48,-0.94,-0.02,-11.446249961853027,60.2837028503418
qwen3.5-9b,C,18,19,R_harm,R_harm,4.0,4.0,3.0389699935913086,3.0011803448200225,3.075414019823074,-0.0023999810218811035,7.383139610290527,11.428447723388672,4.501979738473892,2.5385382403481795,0.53,0.050000000000000044,-0.86,0.96,3.1670093536376953,23.36080551147461
qwen3.5-9b,C,18,19,R_harm,R_control,4.0,4.0,3.4940121173858643,3.4430090367794035,3.5429825723171233,-0.00279998779296875,7.383139610290527,11.428447723388672,4.501979738473892,2.5385382403481795,0.53,0.050000000000000044,-0.86,0.96,3.1670093536376953,15.32968807220459
qwen3.5-9b,C,18,19,R_harm,R_role,4.0,4.0,0.6367741227149963,0.6218059629201889,0.6510946288704872,-0.046000003814697266,7.383139610290527,11.428447723388672,4.501979738473892,2.5385382403481795,0.53,0.050000000000000044,-0.86,0.96,3.1670093536376953,12.593536376953125
qwen3.5-9b,C,18,25,R_harm,R_harm,4.0,4.0,0.9016653299331665,0.8006578803062439,0.9980075612664222,-0.1040000319480896,7.383139610290527,11.428447723388672,4.501979738473892,2.5385382403481795,0.53,0.050000000000000044,-0.86,0.96,3.1670093536376953,62.13874053955078
qwen3.5-9b,C,18,25,R_harm,R_control,4.0,4.0,0.8262151479721069,0.7030503287911415,0.9474629268050193,-0.15439999103546143,7.383139610290527,11.428447723388672,4.501979738473892,2.5385382403481795,0.53,0.050000000000000044,-0.86,0.96,3.1670093536376953,40.54935836791992
qwen3.5-9b,C,18,25,R_harm,R_role,4.0,4.0,0.016065914183855057,-0.028888368420302867,0.06274278163909912,-0.15520000457763672,7.383139610290527,11.428447723388672,4.501979738473892,2.5385382403481795,0.53,0.050000000000000044,-0.86,0.96,3.1670093536376953,20.990402221679688
qwen3.5-9b,C,18,31,R_harm,R_harm,4.0,4.0,0.5140762329101562,0.408636624366045,0.6176980108022689,-0.6972000002861023,7.383139610290527,11.428447723388672,4.501979738473892,2.5385382403481795,0.53,0.050000000000000044,-0.86,0.96,3.1670093536376953,118.91390991210938
qwen3.5-9b,C,18,31,R_harm,R_control,4.0,4.0,0.3200749456882477,0.19854274354875087,0.4376696713268757,-0.7699999660253525,7.383139610290527,11.428447723388672,4.501979738473892,2.5385382403481795,0.53,0.050000000000000044,-0.86,0.96,3.1670093536376953,76.66504669189453
qwen3.5-9b,C,18,31,R_harm,R_role,4.0,4.0,-1.2135971784591675,-1.272473046183586,-1.1527649819850923,-0.3384000062942505,7.383139610290527,11.428447723388672,4.501979738473892,2.5385382403481795,0.53,0.050000000000000044,-0.86,0.96,3.1670093536376953,60.2837028503418
qwen3.5-9b,C,18,19,R_harm,R_harm,-4.0,4.0,-2.938755989074707,-2.9772670030593873,-2.9009336113929747,0.0004000067710876465,7.912410736083984,4.256595611572266,4.501979738473892,0.9454941734178466,0.0,-0.48,-0.94,-0.02,-12.829999923706055,23.36080551147461
qwen3.5-9b,C,18,19,R_harm,R_control,-4.0,4.0,-3.8038599491119385,-3.852608722448349,-3.7578023433685304,0.000800013542175293,7.912410736083984,4.256595611572266,4.501979738473892,0.9454941734178466,0.0,-0.48,-0.94,-0.02,-12.829999923706055,15.32968807220459
qwen3.5-9b,C,18,19,R_harm,R_role,-4.0,4.0,-0.47783446311950684,-0.49365772157907484,-0.4624734990298748,-0.08559995889663696,7.912410736083984,4.256595611572266,4.501979738473892,0.9454941734178466,0.0,-0.48,-0.94,-0.02,-12.829999923706055,12.593536376953125
qwen3.5-9b,C,18,25,R_harm,R_harm,-4.0,4.0,-1.1143308877944946,-1.2122170388698579,-1.0206923693418504,-0.03240001201629639,7.912410736083984,4.256595611572266,4.501979738473892,0.9454941734178466,0.0,-0.48,-0.94,-0.02,-12.829999923706055,62.13874053955078
qwen3.5-9b,C,18,25,R_harm,R_control,-4.0,4.0,-1.5701252222061157,-1.690558061003685,-1.4554350435733798,-0.142799973487854,7.912410736083984,4.256595611572266,4.501979738473892,0.9454941734178466,0.0,-0.48,-0.94,-0.02,-12.829999923706055,40.54935836791992
qwen3.5-9b,C,18,25,R_harm,R_role,-4.0,4.0,-0.4333743155002594,-0.4751370146870613,-0.392245414853096,-0.16359996795654297,7.912410736083984,4.256595611572266,4.501979738473892,0.9454941734178466,0.0,-0.48,-0.94,-0.02,-12.829999923706055,20.990402221679688
qwen3.5-9b,C,18,31,R_harm,R_harm,-4.0,4.0,-0.948932945728302,-1.0491286665201187,-0.8493576779961586,-0.47439998388290405,7.912410736083984,4.256595611572266,4.501979738473892,0.9454941734178466,0.0,-0.48,-0.94,-0.02,-12.829999923706055,118.91390991210938
qwen3.5-9b,C,18,31,R_harm,R_control,-4.0,4.0,-1.205567479133606,-1.321726804971695,-1.0923932403326035,-0.5823999643325806,7.912410736083984,4.256595611572266,4.501979738473892,0.9454941734178466,0.0,-0.48,-0.94,-0.02,-12.829999923706055,76.66504669189453
qwen3.5-9b,C,18,31,R_harm,R_role,-4.0,4.0,0.1546163707971573,0.0824397437274456,0.22675130069255828,0.4663999676704407,7.912410736083984,4.256595611572266,4.501979738473892,0.9454941734178466,0.0,-0.48,-0.94,-0.02,-12.829999923706055,60.2837028503418
qwen3.5-9b,C,18,19,R_control,R_harm,0.25,0.25,0.12711812555789948,0.12408526651561261,0.13006464652717115,-0.0004000067710876465,0.0234772227704525,0.03689274936914444,0.009769893891643733,3.776166842579437,0.49,0.010000000000000009,0.0,0.02,0.682812511920929,23.36080551147461
qwen3.5-9b,C,18,19,R_control,R_control,0.25,0.25,0.21984070539474487,0.21694323755800723,0.2225511770695448,0.0004000067710876465,0.0234772227704525,0.03689274936914444,0.009769893891643733,3.776166842579437,0.49,0.010000000000000009,0.0,0.02,0.682812511920929,15.32968807220459
qwen3.5-9b,C,18,19,R_control,R_role,0.25,0.25,0.05979863181710243,0.05832597063854337,0.061323231086134904,0.010399997234344482,0.0234772227704525,0.03689274936914444,0.009769893891643733,3.776166842579437,0.49,0.010000000000000009,0.0,0.02,0.682812511920929,12.593536376953125
qwen3.5-9b,C,18,25,R_control,R_harm,0.25,0.25,0.0688396468758583,0.06470269579440355,0.07306032553315162,0.0,0.0234772227704525,0.03689274936914444,0.009769893891643733,3.776166842579437,0.49,0.010000000000000009,0.0,0.02,0.682812511920929,62.13874053955078
qwen3.5-9b,C,18,25,R_control,R_control,0.25,0.25,0.10742790251970291,0.10056083593517542,0.11406436935067177,-0.0023999810218811035,0.0234772227704525,0.03689274936914444,0.009769893891643733,3.776166842579437,0.49,0.010000000000000009,0.0,0.02,0.682812511920929,40.54935836791992
qwen3.5-9b,C,18,25,R_control,R_role,0.25,0.25,0.057269517332315445,0.05320858228951693,0.060892727598547934,-0.01239997148513794,0.0234772227704525,0.03689274936914444,0.009769893891643733,3.776166842579437,0.49,0.010000000000000009,0.0,0.02,0.682812511920929,20.990402221679688
qwen3.5-9b,C,18,31,R_control,R_harm,0.25,0.25,0.060404859483242035,0.055476566683501004,0.06544316429644823,-0.0004000067710876465,0.0234772227704525,0.03689274936914444,0.009769893891643733,3.776166842579437,0.49,0.010000000000000009,0.0,0.02,0.682812511920929,118.91390991210938
qwen3.5-9b,C,18,31,R_control,R_control,0.25,0.25,0.07988631725311279,0.07267883941531181,0.0873754657804966,-0.0015999674797058105,0.0234772227704525,0.03689274936914444,0.009769893891643733,3.776166842579437,0.49,0.010000000000000009,0.0,0.02,0.682812511920929,76.66504669189453
qwen3.5-9b,C,18,31,R_control,R_role,0.25,0.25,0.007857966236770153,-0.0036406672734301537,0.019118039682507505,-0.011200010776519775,0.0234772227704525,0.03689274936914444,0.009769893891643733,3.776166842579437,0.49,0.010000000000000009,0.0,0.02,0.682812511920929,60.2837028503418
qwen3.5-9b,C,18,19,R_control,R_harm,-0.25,0.25,-0.12499890476465225,-0.12851274497807025,-0.12153082806617022,0.0,0.023991502821445465,0.03348546102643013,0.009769893891643733,3.4274129686373063,0.47,-0.010000000000000009,0.0,-0.02,-0.6643750071525574,23.36080551147461
qwen3.5-9b,C,18,19,R_control,R_control,-0.25,0.25,-0.21848145127296448,-0.22171094939112662,-0.2150409549474716,0.0004000067710876465,0.023991502821445465,0.03348546102643013,0.009769893891643733,3.4274129686373063,0.47,-0.010000000000000009,0.0,-0.02,-0.6643750071525574,15.32968807220459
qwen3.5-9b,C,18,19,R_control,R_role,-0.25,0.25,-0.05850321799516678,-0.06020802687853575,-0.05681825429201126,-0.011599957942962646,0.023991502821445465,0.03348546102643013,0.009769893891643733,3.4274129686373063,0.47,-0.010000000000000009,0.0,-0.02,-0.6643750071525574,12.593536376953125
qwen3.5-9b,C,18,25,R_control,R_harm,-0.25,0.25,-0.07354943454265594,-0.07899516765028239,-0.068226133659482,0.0,0.023991502821445465,0.03348546102643013,0.009769893891643733,3.4274129686373063,0.47,-0.010000000000000009,0.0,-0.02,-0.6643750071525574,62.13874053955078
qwen3.5-9b,C,18,25,R_control,R_control,-0.25,0.25,-0.11296406388282776,-0.11885282639414071,-0.10710556022822858,-0.0004000067710876465,0.023991502821445465,0.03348546102643013,0.009769893891643733,3.4274129686373063,0.47,-0.010000000000000009,0.0,-0.02,-0.6643750071525574,40.54935836791992
qwen3.5-9b,C,18,25,R_control,R_role,-0.25,0.25,-0.05921671539545059,-0.06255818922072649,-0.0558676895685494,0.006400048732757568,0.023991502821445465,0.03348546102643013,0.009769893891643733,3.4274129686373063,0.47,-0.010000000000000009,0.0,-0.02,-0.6643750071525574,20.990402221679688
qwen3.5-9b,C,18,31,R_control,R_harm,-0.25,0.25,-0.06226876750588417,-0.06819787956774234,-0.05631647100672127,0.0,0.023991502821445465,0.03348546102643013,0.009769893891643733,3.4274129686373063,0.47,-0.010000000000000009,0.0,-0.02,-0.6643750071525574,118.91390991210938
qwen3.5-9b,C,18,31,R_control,R_control,-0.25,0.25,-0.08024487644433975,-0.08667942713946104,-0.07417632415890694,0.000800013542175293,0.023991502821445465,0.03348546102643013,0.009769893891643733,3.4274129686373063,0.47,-0.010000000000000009,0.0,-0.02,-0.6643750071525574,76.66504669189453
qwen3.5-9b,C,18,31,R_control,R_role,-0.25,0.25,-0.02165539748966694,-0.033221124485135076,-0.010024053230881694,0.0023999810218811035,0.023991502821445465,0.03348546102643013,0.009769893891643733,3.4274129686373063,0.47,-0.010000000000000009,0.0,-0.02,-0.6643750071525574,60.2837028503418
qwen3.5-9b,C,18,19,R_control,R_harm,0.5,0.5,0.25560951232910156,0.2501178704202175,0.26094173192977904,-0.0004000067710876465,0.08929750323295593,0.1470050811767578,0.03669367381371558,4.006278627838278,0.53,0.050000000000000044,0.020000000000000018,0.08,1.382968783378601,23.36080551147461
qwen3.5-9b,C,18,19,R_control,R_control,0.5,0.5,0.4399681091308594,0.434652366489172,0.44485650062561033,0.000800013542175293,0.08929750323295593,0.1470050811767578,0.03669367381371558,4.006278627838278,0.53,0.050000000000000044,0.020000000000000018,0.08,1.382968783378601,15.32968807220459
qwen3.5-9b,C,18,19,R_control,R_role,0.5,0.5,0.12004262208938599,0.11728207245469094,0.1228191563859582,0.019200026988983154,0.08929750323295593,0.1470050811767578,0.03669367381371558,4.006278627838278,0.53,0.050000000000000044,0.020000000000000018,0.08,1.382968783378601,12.593536376953125
qwen3.5-9b,C,18,25,R_control,R_harm,0.5,0.5,0.13438819348812103,0.12648121938109397,0.1423019092530012,-0.0004000067710876465,0.08929750323295593,0.1470050811767578,0.03669367381371558,4.006278627838278,0.53,0.050000000000000044,0.020000000000000018,0.08,1.382968783378601,62.13874053955078
qwen3.5-9b,C,18,25,R_control,R_control,0.5,0.5,0.21124081313610077,0.19595540910959244,0.22586833871901033,-0.00279998779296875,0.08929750323295593,0.1470050811767578,0.03669367381371558,4.006278627838278,0.53,0.050000000000000044,0.020000000000000018,0.08,1.382968783378601,40.54935836791992
qwen3.5-9b,C,18,25,R_control,R_role,0.5,0.5,0.1109599620103836,0.10233839452266694,0.11919602714478969,-0.0307999849319458,0.08929750323295593,0.1470050811767578,0.03669367381371558,4.006278627838278,0.53,0.050000000000000044,0.020000000000000018,0.08,1.382968783378601,20.990402221679688
qwen3.5-9b,C,18,31,R_control,R_harm,0.5,0.5,0.1195092648267746,0.11000941824167967,0.12902464754879475,-0.0012000203132629395,0.08929750323295593,0.1470050811767578,0.03669367381371558,4.006278627838278,0.53,0.050000000000000044,0.020000000000000018,0.08,1.382968783378601,118.91390991210938
qwen3.5-9b,C,18,31,R_control,R_control,0.5,0.5,0.1605859249830246,0.1448516070842743,0.17628781013190745,-0.0023999810218811035,0.08929750323295593,0.1470050811767578,0.03669367381371558,4.006278627838278,0.53,0.050000000000000044,0.020000000000000018,0.08,1.382968783378601,76.66504669189453
qwen3.5-9b,C,18,31,R_control,R_role,0.5,0.5,0.0021358442027121782,-0.019769819173961877,0.024673946620896427,-0.024400025606155396,0.08929750323295593,0.1470050811767578,0.03669367381371558,4.006278627838278,0.53,0.050000000000000044,0.020000000000000018,0.08,1.382968783378601,60.2837028503418
qwen3.5-9b,C,18,19,R_control,R_harm,-0.5,0.5,-0.2472444474697113,-0.25444558039307597,-0.24014146514236928,0.0004000067710876465,0.0976330116391182,0.12262823432683945,0.03669367381371558,3.341944852657483,0.47,-0.010000000000000009,0.0,-0.02,-1.3390624523162842,23.36080551147461
qwen3.5-9b,C,18,19,R_control,R_control,-0.5,0.5,-0.434402197599411,-0.44134999364614486,-0.4270525321364403,-0.0004000067710876465,0.0976330116391182,0.12262823432683945,0.03669367381371558,3.341944852657483,0.47,-0.010000000000000009,0.0,-0.02,-1.3390624523162842,15.32968807220459
qwen3.5-9b,C,18,19,R_control,R_role,-0.5,0.5,-0.1165948286652565,-0.12016315925866365,-0.11308597400784492,-0.02120000123977661,0.0976330116391182,0.12262823432683945,0.03669367381371558,3.341944852657483,0.47,-0.010000000000000009,0.0,-0.02,-1.3390624523162842,12.593536376953125
qwen3.5-9b,C,18,25,R_control,R_harm,-0.5,0.5,-0.15250422060489655,-0.16498195566236973,-0.14021099358797073,0.0004000067710876465,0.0976330116391182,0.12262823432683945,0.03669367381371558,3.341944852657483,0.47,-0.010000000000000009,0.0,-0.02,-1.3390624523162842,62.13874053955078
qwen3.5-9b,C,18,25,R_control,R_control,-0.5,0.5,-0.2330830991268158,-0.24587803035974504,-0.2213379576802254,-0.0015999674797058105,0.0976330116391182,0.12262823432683945,0.03669367381371558,3.341944852657483,0.47,-0.010000000000000009,0.0,-0.02,-1.3390624523162842,40.54935836791992
qwen3.5-9b,C,18,25,R_control,R_role,-0.5,0.5,-0.12093862891197205,-0.12710957415401936,-0.11475371662527324,0.004400014877319336,0.0976330116391182,0.12262823432683945,0.03669367381371558,3.341944852657483,0.47,-0.010000000000000009,0.0,-0.02,-1.3390624523162842,20.990402221679688
qwen3.5-9b,C,18,31,R_control,R_harm,-0.5,0.5,-0.12694579362869263,-0.13999859653413296,-0.11396382413804532,0.0,0.0976330116391182,0.12262823432683945,0.03669367381371558,3.341944852657483,0.47,-0.010000000000000009,0.0,-0.02,-1.3390624523162842,118.91390991210938
qwen3.5-9b,C,18,31,R_control,R_control,-0.5,0.5,-0.1616320013999939,-0.17400733195245266,-0.1499282404780388,0.0004000067710876465,0.0976330116391182,0.12262823432683945,0.03669367381371558,3.341944852657483,0.47,-0.010000000000000009,0.0,-0.02,-1.3390624523162842,76.66504669189453
qwen3.5-9b,C,18,31,R_control,R_role,-0.5,0.5,-0.055715423077344894,-0.07768081519752741,-0.03353502117097378,-0.004400014877319336,0.0976330116391182,0.12262823432683945,0.03669367381371558,3.341944852657483,0.47,-0.010000000000000009,0.0,-0.02,-1.3390624523162842,60.2837028503418
qwen3.5-9b,C,18,19,R_control,R_harm,1.0,1.0,0.5143885612487793,0.505411371588707,0.5228922113776207,0.0,0.3653540313243866,0.6296634674072266,0.15082168020308018,4.174886969561602,0.61,0.13,0.040000000000000036,0.22,2.623593807220459,23.36080551147461
qwen3.5-9b,C,18,19,R_control,R_control,1.0,1.0,0.878540575504303,0.8693669959902763,0.8863426074385643,0.0012000203132629395,0.3653540313243866,0.6296634674072266,0.15082168020308018,4.174886969561602,0.61,0.13,0.040000000000000036,0.22,2.623593807220459,15.32968807220459
qwen3.5-9b,C,18,19,R_control,R_role,1.0,1.0,0.24031132459640503,0.23579114563763143,0.24470525048673153,0.030000030994415283,0.3653540313243866,0.6296634674072266,0.15082168020308018,4.174886969561602,0.61,0.13,0.040000000000000036,0.22,2.623593807220459,12.593536376953125
qwen3.5-9b,C,18,25,R_control,R_harm,1.0,1.0,0.26003921031951904,0.241793367639184,0.2776876613497734,-0.000800013542175293,0.3653540313243866,0.6296634674072266,0.15082168020308018,4.174886969561602,0.61,0.13,0.040000000000000036,0.22,2.623593807220459,62.13874053955078
qwen3.5-9b,C,18,25,R_control,R_control,1.0,1.0,0.4128859043121338,0.3753666698932648,0.4491452120244503,-0.003999948501586914,0.3653540313243866,0.6296634674072266,0.15082168020308018,4.174886969561602,0.61,0.13,0.040000000000000036,0.22,2.623593807220459,40.54935836791992
qwen3.5-9b,C,18,25,R_control,R_role,1.0,1.0,0.20976346731185913,0.19066438041627407,0.22839787788689137,-0.08799999952316284,0.3653540313243866,0.6296634674072266,0.15082168020308018,4.174886969561602,0.61,0.13,0.040000000000000036,0.22,2.623593807220459,20.990402221679688
qwen3.5-9b,C,18,31,R_control,R_harm,1.0,1.0,0.23593488335609436,0.21767848059535028,0.25464815571904176,-0.0023999810218811035,0.3653540313243866,0.6296634674072266,0.15082168020308018,4.174886969561602,0.61,0.13,0.040000000000000036,0.22,2.623593807220459,118.91390991210938
qwen3.5-9b,C,18,31,R_control,R_control,1.0,1.0,0.32672423124313354,0.2892415553331375,0.36280170679092405,-0.007999956607818604,0.3653540313243866,0.6296634674072266,0.15082168020308018,4.174886969561602,0.61,0.13,0.040000000000000036,0.22,2.623593807220459,76.66504669189453
qwen3.5-9b,C,18,31,R_control,R_role,1.0,1.0,-0.038246676325798035,-0.07958439718931913,0.002200081147020638,-0.0520000159740448,0.3653540313243866,0.6296634674072266,0.15082168020308018,4.174886969561602,0.61,0.13,0.040000000000000036,0.22,2.623593807220459,60.2837028503418
qwen3.5-9b,C,18,19,R_control,R_harm,-1.0,1.0,-0.4815780222415924,-0.49646898955106733,-0.4669703371822834,0.000800013542175293,0.4194636940956116,0.40818488597869873,0.15082168020308018,2.7064072315669807,0.41,-0.07,-0.12,-0.02,-2.895625114440918,23.36080551147461
qwen3.5-9b,C,18,19,R_control,R_control,-1.0,1.0,-0.8565854430198669,-0.8719992280006409,-0.8409556910395622,-0.0004000067710876465,0.4194636940956116,0.40818488597869873,0.15082168020308018,2.7064072315669807,0.41,-0.07,-0.12,-0.02,-2.895625114440918,15.32968807220459
qwen3.5-9b,C,18,19,R_control,R_role,-1.0,1.0,-0.2264460325241089,-0.23393455483019351,-0.2192030917853117,-0.05479997396469116,0.4194636940956116,0.40818488597869873,0.15082168020308018,2.7064072315669807,0.41,-0.07,-0.12,-0.02,-2.895625114440918,12.593536376953125
qwen3.5-9b,C,18,25,R_control,R_harm,-1.0,1.0,-0.327014684677124,-0.35981998443603513,-0.2956100843846798,-0.0004000067710876465,0.4194636940956116,0.40818488597869873,0.15082168020308018,2.7064072315669807,0.41,-0.07,-0.12,-0.02,-2.895625114440918,62.13874053955078
qwen3.5-9b,C,18,25,R_control,R_control,-1.0,1.0,-0.5041232109069824,-0.5354723408818245,-0.4735083490610123,-0.00279998779296875,0.4194636940956116,0.40818488597869873,0.15082168020308018,2.7064072315669807,0.41,-0.07,-0.12,-0.02,-2.895625114440918,40.54935836791992
qwen3.5-9b,C,18,25,R_control,R_role,-1.0,1.0,-0.24578627943992615,-0.2570238336920738,-0.235102578997612,-0.019999980926513672,0.4194636940956116,0.40818488597869873,0.15082168020308018,2.7064072315669807,0.41,-0.07,-0.12,-0.02,-2.895625114440918,20.990402221679688
qwen3.5-9b,C,18,31,R_control,R_harm,-1.0,1.0,-0.26466104388237,-0.29559381082654,-0.23365606926381588,0.000800013542175293,0.4194636940956116,0.40818488597869873,0.15082168020308018,2.7064072315669807,0.41,-0.07,-0.12,-0.02,-2.895625114440918,118.91390991210938
qwen3.5-9b,C,18,31,R_control,R_control,-1.0,1.0,-0.34066665172576904,-0.36515267938375473,-0.31793639361858367,-0.0015999674797058105,0.4194636940956116,0.40818488597869873,0.15082168020308018,2.7064072315669807,0.41,-0.07,-0.12,-0.02,-2.895625114440918,76.66504669189453
qwen3.5-9b,C,18,31,R_control,R_role,-1.0,1.0,-0.1559828817844391,-0.1948249701410532,-0.11674320660531522,-0.054000020027160645,0.4194636940956116,0.40818488597869873,0.15082168020308018,2.7064072315669807,0.41,-0.07,-0.12,-0.02,-2.895625114440918,60.2837028503418
qwen3.5-9b,C,18,19,R_control,R_harm,2.0,2.0,1.0231122970581055,1.0120187282562256,1.0325258523225784,0.0004000067710876465,1.5906089544296265,2.9189679622650146,0.6890560835599899,4.236183428182281,0.94,0.45999999999999996,0.06000000000000005,0.86,3.0790624618530273,23.36080551147461
qwen3.5-9b,C,18,19,R_control,R_control,2.0,2.0,1.7292178869247437,1.7116906702518464,1.7448653817176818,0.001600027084350586,1.5906089544296265,2.9189679622650146,0.6890560835599899,4.236183428182281,0.94,0.45999999999999996,0.06000000000000005,0.86,3.0790624618530273,15.32968807220459
qwen3.5-9b,C,18,19,R_control,R_role,2.0,2.0,0.472507119178772,0.4668705828487873,0.4780568540096283,0.03280001878738403,1.5906089544296265,2.9189679622650146,0.6890560835599899,4.236183428182281,0.94,0.45999999999999996,0.06000000000000005,0.86,3.0790624618530273,12.593536376953125
qwen3.5-9b,C,18,25,R_control,R_harm,2.0,2.0,0.4810640215873718,0.43091276586055755,0.5278511598706245,-0.0012000203132629395,1.5906089544296265,2.9189679622650146,0.6890560835599899,4.236183428182281,0.94,0.45999999999999996,0.06000000000000005,0.86,3.0790624618530273,62.13874053955078
qwen3.5-9b,C,18,25,R_control,R_control,2.0,2.0,0.745065450668335,0.6554491773247719,0.8313247680664061,-0.04960000514984131,1.5906089544296265,2.9189679622650146,0.6890560835599899,4.236183428182281,0.94,0.45999999999999996,0.06000000000000005,0.86,3.0790624618530273,40.54935836791992
qwen3.5-9b,C,18,25,R_control,R_role,2.0,2.0,0.3486787676811218,0.3045952804386616,0.39095936492085454,-0.33879995346069336,1.5906089544296265,2.9189679622650146,0.6890560835599899,4.236183428182281,0.94,0.45999999999999996,0.06000000000000005,0.86,3.0790624618530273,20.990402221679688
qwen3.5-9b,C,18,31,R_control,R_harm,2.0,2.0,0.4513590335845947,0.40433454886078835,0.49648044630885124,-0.007600009441375732,1.5906089544296265,2.9189679622650146,0.6890560835599899,4.236183428182281,0.94,0.45999999999999996,0.06000000000000005,0.86,3.0790624618530273,118.91390991210938
qwen3.5-9b,C,18,31,R_control,R_control,2.0,2.0,0.6313392519950867,0.5472971275448799,0.7128190293908118,-0.13519996404647827,1.5906089544296265,2.9189679622650146,0.6890560835599899,4.236183428182281,0.94,0.45999999999999996,0.06000000000000005,0.86,3.0790624618530273,76.66504669189453
qwen3.5-9b,C,18,31,R_control,R_role,2.0,2.0,-0.09240347892045975,-0.1573946565389633,-0.023860173765570005,-0.30240000784397125,1.5906089544296265,2.9189679622650146,0.6890560835599899,4.236183428182281,0.94,0.45999999999999996,0.06000000000000005,0.86,3.0790624618530273,60.2837028503418
qwen3.5-9b,C,18,19,R_control,R_harm,-2.0,2.0,-0.9000985622406006,-0.926699835062027,-0.8742406100034714,0.000800013542175293,3.207303524017334,1.202214002609253,0.6890560835599899,1.7447259102597952,0.0,-0.48,-0.94,-0.02,-7.616875171661377,23.36080551147461
qwen3.5-9b,C,18,19,R_control,R_control,-2.0,2.0,-1.6409791707992554,-1.671604037284851,-1.611332866549492,0.001600027084350586,3.207303524017334,1.202214002609253,0.6890560835599899,1.7447259102597952,0.0,-0.48,-0.94,-0.02,-7.616875171661377,15.32968807220459
qwen3.5-9b,C,18,19,R_control,R_role,-2.0,2.0,-0.4212864637374878,-0.43487964048981664,-0.4083456344902515,-0.09399998188018799,3.207303524017334,1.202214002609253,0.6890560835599899,1.7447259102597952,0.0,-0.48,-0.94,-0.02,-7.616875171661377,12.593536376953125
qwen3.5-9b,C,18,25,R_control,R_harm,-2.0,2.0,-0.629654049873352,-0.703768889605999,-0.5587996870279313,0.0,3.207303524017334,1.202214002609253,0.6890560835599899,1.7447259102597952,0.0,-0.48,-0.94,-0.02,-7.616875171661377,62.13874053955078
qwen3.5-9b,C,18,25,R_control,R_control,-2.0,2.0,-1.0464445352554321,-1.1314827024936676,-0.9623296439647675,-0.031199991703033447,3.207303524017334,1.202214002609253,0.6890560835599899,1.7447259102597952,0.0,-0.48,-0.94,-0.02,-7.616875171661377,40.54935836791992
qwen3.5-9b,C,18,25,R_control,R_role,-2.0,2.0,-0.4864492416381836,-0.5101149722933769,-0.46300918534398083,-0.12319999933242798,3.207303524017334,1.202214002609253,0.6890560835599899,1.7447259102597952,0.0,-0.48,-0.94,-0.02,-7.616875171661377,20.990402221679688
qwen3.5-9b,C,18,31,R_control,R_harm,-2.0,2.0,-0.5115442872047424,-0.5811650574207305,-0.4436082608997822,-0.015999972820281982,3.207303524017334,1.202214002609253,0.6890560835599899,1.7447259102597952,0.0,-0.48,-0.94,-0.02,-7.616875171661377,118.91390991210938
qwen3.5-9b,C,18,31,R_control,R_control,-2.0,2.0,-0.765407919883728,-0.8329824969172478,-0.6972804874181748,-0.0363999605178833,3.207303524017334,1.202214002609253,0.6890560835599899,1.7447259102597952,0.0,-0.48,-0.94,-0.02,-7.616875171661377,76.66504669189453
qwen3.5-9b,C,18,31,R_control,R_role,-2.0,2.0,-0.2998383045196533,-0.35383233726024627,-0.24683675542473799,-0.0788000226020813,3.207303524017334,1.202214002609253,0.6890560835599899,1.7447259102597952,0.0,-0.48,-0.94,-0.02,-7.616875171661377,60.2837028503418
qwen3.5-9b,C,18,19,R_control,R_harm,4.0,4.0,1.9281227588653564,1.9076226681470871,1.947016316652298,0.0012000203132629395,3.2927472591400146,6.0008625984191895,4.501979738473892,1.3329386063504136,0.99,0.51,0.040000000000000036,0.98,0.18125000596046448,23.36080551147461
qwen3.5-9b,C,18,19,R_control,R_control,4.0,4.0,3.2493207454681396,3.2100760877132415,3.286573040485382,0.0020000338554382324,3.2927472591400146,6.0008625984191895,4.501979738473892,1.3329386063504136,0.99,0.51,0.040000000000000036,0.98,0.18125000596046448,15.32968807220459
qwen3.5-9b,C,18,19,R_control,R_role,4.0,4.0,0.8729274868965149,0.8631168067455292,0.8824167028069496,0.001600027084350586,3.2927472591400146,6.0008625984191895,4.501979738473892,1.3329386063504136,0.99,0.51,0.040000000000000036,0.98,0.18125000596046448,12.593536376953125
qwen3.5-9b,C,18,25,R_control,R_harm,4.0,4.0,0.6849830746650696,0.5969184502959252,0.7700589075684547,-0.033600032329559326,3.2927472591400146,6.0008625984191895,4.501979738473892,1.3329386063504136,0.99,0.51,0.040000000000000036,0.98,0.18125000596046448,62.13874053955078
qwen3.5-9b,C,18,25,R_control,R_control,4.0,4.0,0.9883692860603333,0.861415120959282,1.1152463138103486,-0.30879998207092285,3.2927472591400146,6.0008625984191895,4.501979738473892,1.3329386063504136,0.99,0.51,0.040000000000000036,0.98,0.18125000596046448,40.54935836791992
qwen3.5-9b,C,18,25,R_control,R_role,4.0,4.0,0.38992154598236084,0.3313153274357319,0.4499140575528145,-0.5791999697685242,3.2927472591400146,6.0008625984191895,4.501979738473892,1.3329386063504136,0.99,0.51,0.040000000000000036,0.98,0.18125000596046448,20.990402221679688
qwen3.5-9b,C,18,31,R_control,R_harm,4.0,4.0,0.5894437432289124,0.4858228474855423,0.6896131604909895,-0.5300000011920929,3.2927472591400146,6.0008625984191895,4.501979738473892,1.3329386063504136,0.99,0.51,0.040000000000000036,0.98,0.18125000596046448,118.91390991210938
qwen3.5-9b,C,18,31,R_control,R_control,4.0,4.0,0.8375723361968994,0.7006123721599579,0.9699290290474891,-0.9103999733924866,3.2927472591400146,6.0008625984191895,4.501979738473892,1.3329386063504136,0.99,0.51,0.040000000000000036,0.98,0.18125000596046448,76.66504669189453
qwen3.5-9b,C,18,31,R_control,R_role,4.0,4.0,-0.5696004033088684,-0.6419041082262993,-0.4957469776272774,-0.4264000132679939,3.2927472591400146,6.0008625984191895,4.501979738473892,1.3329386063504136,0.99,0.51,0.040000000000000036,0.98,0.18125000596046448,60.2837028503418
qwen3.5-9b,C,18,19,R_control,R_harm,-4.0,4.0,-1.6045362949371338,-1.6393872916698455,-1.57004057765007,0.000800013542175293,9.229326248168945,4.29979944229126,4.501979738473892,0.9550908027295635,0.0,-0.48,-0.94,-0.02,-11.467812538146973,23.36080551147461
qwen3.5-9b,C,18,19,R_control,R_control,-4.0,4.0,-3.0094306468963623,-3.0528846740722657,-2.9669670462608337,0.0055999755859375,9.229326248168945,4.29979944229126,4.501979738473892,0.9550908027295635,0.0,-0.48,-0.94,-0.02,-11.467812538146973,15.32968807220459
qwen3.5-9b,C,18,19,R_control,R_role,-4.0,4.0,-0.7375253438949585,-0.754557392001152,-0.7211307033896447,-0.10599994659423828,9.229326248168945,4.29979944229126,4.501979738473892,0.9550908027295635,0.0,-0.48,-0.94,-0.02,-11.467812538146973,12.593536376953125
qwen3.5-9b,C,18,25,R_control,R_harm,-4.0,4.0,-0.826072633266449,-0.9189581871032715,-0.7369107395410538,-0.0067999958992004395,9.229326248168945,4.29979944229126,4.501979738473892,0.9550908027295635,0.0,-0.48,-0.94,-0.02,-11.467812538146973,62.13874053955078
qwen3.5-9b,C,18,25,R_control,R_control,-4.0,4.0,-1.4802916049957275,-1.5968277662992478,-1.3674347937107088,-0.06199997663497925,9.229326248168945,4.29979944229126,4.501979738473892,0.9550908027295635,0.0,-0.48,-0.94,-0.02,-11.467812538146973,40.54935836791992
qwen3.5-9b,C,18,25,R_control,R_role,-4.0,4.0,-0.7653544545173645,-0.8074859261512757,-0.7245192617177963,-0.2975999712944031,9.229326248168945,4.29979944229126,4.501979738473892,0.9550908027295635,0.0,-0.48,-0.94,-0.02,-11.467812538146973,20.990402221679688
qwen3.5-9b,C,18,31,R_control,R_harm,-4.0,4.0,-0.649646520614624,-0.7395142123103142,-0.5616760432720185,-0.09240001440048218,9.229326248168945,4.29979944229126,4.501979738473892,0.9550908027295635,0.0,-0.48,-0.94,-0.02,-11.467812538146973,118.91390991210938
qwen3.5-9b,C,18,31,R_control,R_control,-4.0,4.0,-1.1369479894638062,-1.2433945775032043,-1.030805626511574,-0.2643999457359314,9.229326248168945,4.29979944229126,4.501979738473892,0.9550908027295635,0.0,-0.48,-0.94,-0.02,-11.467812538146973,76.66504669189453
qwen3.5-9b,C,18,31,R_control,R_role,-4.0,4.0,-0.2880314588546753,-0.35048305466771124,-0.22566373609006407,0.12400001287460327,9.229326248168945,4.29979944229126,4.501979738473892,0.9550908027295635,0.0,-0.48,-0.94,-0.02,-11.467812538146973,60.2837028503418
qwen3.5-9b,C,18,19,R_role,R_harm,0.25,0.25,0.014965233393013477,0.01376063043717295,0.016186852287501097,0.0,0.008205278776586056,0.014419952407479286,0.009769893891643733,1.4759579343858367,0.48,0.0,0.0,0.0,-0.6796875,23.36080551147461
qwen3.5-9b,C,18,19,R_role,R_control,0.25,0.25,0.040160439908504486,0.03871150594204664,0.04162571392953396,0.0,0.008205278776586056,0.014419952407479286,0.009769893891643733,1.4759579343858367,0.48,0.0,0.0,0.0,-0.6796875,15.32968807220459
qwen3.5-9b,C,18,19,R_role,R_role,0.25,0.25,0.247792050242424,0.24671905860304832,0.2488276746124029,0.0004000067710876465,0.008205278776586056,0.014419952407479286,0.009769893891643733,1.4759579343858367,0.48,0.0,0.0,0.0,-0.6796875,12.593536376953125
qwen3.5-9b,C,18,25,R_role,R_harm,0.25,0.25,0.014321652241051197,0.01203049796167761,0.016698136692866683,0.0,0.008205278776586056,0.014419952407479286,0.009769893891643733,1.4759579343858367,0.48,0.0,0.0,0.0,-0.6796875,62.13874053955078
qwen3.5-9b,C,18,25,R_role,R_control,0.25,0.25,0.03114733286201954,0.02796458760276437,0.034316259995102884,0.0,0.008205278776586056,0.014419952407479286,0.009769893891643733,1.4759579343858367,0.48,0.0,0.0,0.0,-0.6796875,40.54935836791992
qwen3.5-9b,C,18,25,R_role,R_role,0.25,0.25,0.23977074027061462,0.23272168897092343,0.24675899222493172,0.03560000658035278,0.008205278776586056,0.014419952407479286,0.009769893891643733,1.4759579343858367,0.48,0.0,0.0,0.0,-0.6796875,20.990402221679688
qwen3.5-9b,C,18,31,R_role,R_harm,0.25,0.25,-0.0015445357421413064,-0.004282113572116941,0.0011926448816666354,0.0,0.008205278776586056,0.014419952407479286,0.009769893891643733,1.4759579343858367,0.48,0.0,0.0,0.0,-0.6796875,118.91390991210938
qwen3.5-9b,C,18,31,R_role,R_control,0.25,0.25,0.02067415975034237,0.016843913355842233,0.024603041168302295,-0.0003999471664428711,0.008205278776586056,0.014419952407479286,0.009769893891643733,1.4759579343858367,0.48,0.0,0.0,0.0,-0.6796875,76.66504669189453
qwen3.5-9b,C,18,31,R_role,R_role,0.25,0.25,0.17065468430519104,0.1626355480402708,0.17809654586017132,0.015999972820281982,0.008205278776586056,0.014419952407479286,0.009769893891643733,1.4759579343858367,0.48,0.0,0.0,0.0,-0.6796875,60.2837028503418
qwen3.5-9b,C,18,19,R_role,R_harm,-0.25,0.25,-0.016127370297908783,-0.017616870859637857,-0.014639419317245484,0.0,0.008085094392299652,0.01410498097538948,0.009769893891643733,1.443718952511202,0.49,0.010000000000000009,0.0,0.02,0.7732812762260437,23.36080551147461
qwen3.5-9b,C,18,19,R_role,R_control,-0.25,0.25,-0.041973721235990524,-0.043842924758791924,-0.040083493944257496,0.0,0.008085094392299652,0.01410498097538948,0.009769893891643733,1.443718952511202,0.49,0.010000000000000009,0.0,0.02,0.7732812762260437,15.32968807220459
qwen3.5-9b,C,18,19,R_role,R_role,-0.25,0.25,-0.24623346328735352,-0.24730429351329802,-0.24508038014173508,0.000800013542175293,0.008085094392299652,0.01410498097538948,0.009769893891643733,1.443718952511202,0.49,0.010000000000000009,0.0,0.02,0.7732812762260437,12.593536376953125
qwen3.5-9b,C,18,25,R_role,R_harm,-0.25,0.25,-0.01870490051805973,-0.022044339496642352,-0.015457252971827986,0.0,0.008085094392299652,0.01410498097538948,0.009769893891643733,1.443718952511202,0.49,0.010000000000000009,0.0,0.02,0.7732812762260437,62.13874053955078
qwen3.5-9b,C,18,25,R_role,R_control,-0.25,0.25,-0.03573239594697952,-0.03999063493683934,-0.031491461023688314,-0.001199960708618164,0.008085094392299652,0.01410498097538948,0.009769893891643733,1.443718952511202,0.49,0.010000000000000009,0.0,0.02,0.7732812762260437,40.54935836791992
qwen3.5-9b,C,18,25,R_role,R_role,-0.25,0.25,-0.2369084507226944,-0.2442323811352253,-0.22945159748196603,-0.04079997539520264,0.008085094392299652,0.01410498097538948,0.009769893891643733,1.443718952511202,0.49,0.010000000000000009,0.0,0.02,0.7732812762260437,20.990402221679688
qwen3.5-9b,C,18,31,R_role,R_harm,-0.25,0.25,-0.001247297739610076,-0.004856689600273967,0.0024421479378361243,-0.0004000067710876465,0.008085094392299652,0.01410498097538948,0.009769893891643733,1.443718952511202,0.49,0.010000000000000009,0.0,0.02,0.7732812762260437,118.91390991210938
qwen3.5-9b,C,18,31,R_role,R_control,-0.25,0.25,-0.022995715960860252,-0.027650433918461205,-0.01849598591215909,0.0,0.008085094392299652,0.01410498097538948,0.009769893891643733,1.443718952511202,0.49,0.010000000000000009,0.0,0.02,0.7732812762260437,76.66504669189453
qwen3.5-9b,C,18,31,R_role,R_role,-0.25,0.25,-0.17611871659755707,-0.18394044041633606,-0.16767994835972785,-0.019600003957748413,0.008085094392299652,0.01410498097538948,0.009769893891643733,1.443718952511202,0.49,0.010000000000000009,0.0,0.02,0.7732812762260437,60.2837028503418
qwen3.5-9b,C,18,19,R_role,R_harm,0.5,0.5,0.02833503484725952,0.026265281671658158,0.0304652014747262,-0.0004000067710876465,0.03169950097799301,0.055814217776060104,0.03669367381371558,1.521085570755729,0.48,0.0,0.0,0.0,-1.2871874570846558,23.36080551147461
qwen3.5-9b,C,18,19,R_role,R_control,0.5,0.5,0.07819425314664841,0.07560249771922826,0.08085626233369111,-0.0004000067710876465,0.03169950097799301,0.055814217776060104,0.03669367381371558,1.521085570755729,0.48,0.0,0.0,0.0,-1.2871874570846558,15.32968807220459
qwen3.5-9b,C,18,19,R_role,R_role,0.5,0.5,0.4964725375175476,0.4943900339305401,0.498466070741415,0.0,0.03169950097799301,0.055814217776060104,0.03669367381371558,1.521085570755729,0.48,0.0,0.0,0.0,-1.2871874570846558,12.593536376953125
qwen3.5-9b,C,18,25,R_role,R_harm,0.5,0.5,0.024826280772686005,0.02111955829896033,0.028658262453973286,0.0004000067710876465,0.03169950097799301,0.055814217776060104,0.03669367381371558,1.521085570755729,0.48,0.0,0.0,0.0,-1.2871874570846558,62.13874053955078
qwen3.5-9b,C,18,25,R_role,R_control,0.5,0.5,0.05851016193628311,0.05308914082124829,0.06396593246608973,-0.0004000067710876465,0.03169950097799301,0.055814217776060104,0.03669367381371558,1.521085570755729,0.48,0.0,0.0,0.0,-1.2871874570846558,40.54935836791992
qwen3.5-9b,C,18,25,R_role,R_role,0.5,0.5,0.4790988564491272,0.46562306582927704,0.49246339350938795,0.059599995613098145,0.03169950097799301,0.055814217776060104,0.03669367381371558,1.521085570755729,0.48,0.0,0.0,0.0,-1.2871874570846558,20.990402221679688
qwen3.5-9b,C,18,31,R_role,R_harm,0.5,0.5,-0.006783034652471542,-0.01147273457609117,-0.0022548082808498313,0.0,0.03169950097799301,0.055814217776060104,0.03669367381371558,1.521085570755729,0.48,0.0,0.0,0.0,-1.2871874570846558,118.91390991210938
qwen3.5-9b,C,18,31,R_role,R_control,0.5,0.5,0.03718442842364311,0.030596748599782585,0.04402243867516517,-0.0003999471664428711,0.03169950097799301,0.055814217776060104,0.03669367381371558,1.521085570755729,0.48,0.0,0.0,0.0,-1.2871874570846558,76.66504669189453
qwen3.5-9b,C,18,31,R_role,R_role,0.5,0.5,0.34129729866981506,0.3263097323477268,0.35564767867326735,0.02039998769760132,0.03169950097799301,0.055814217776060104,0.03669367381371558,1.521085570755729,0.48,0.0,0.0,0.0,-1.2871874570846558,60.2837028503418
qwen3.5-9b,C,18,19,R_role,R_harm,-0.5,0.5,-0.03311379253864288,-0.036471322644501925,-0.029793292609974743,-0.0004000067710876465,0.03375823795795441,0.05941963568329811,0.03669367381371558,1.6193427778574707,0.49,0.010000000000000009,0.0,0.02,1.6135936975479126,23.36080551147461
qwen3.5-9b,C,18,19,R_role,R_control,-0.5,0.5,-0.08517390489578247,-0.08937178868800402,-0.08105339072644711,0.0004000067710876465,0.03375823795795441,0.05941963568329811,0.03669367381371558,1.6193427778574707,0.49,0.010000000000000009,0.0,0.02,1.6135936975479126,15.32968807220459
qwen3.5-9b,C,18,19,R_role,R_role,-0.5,0.5,-0.49035799503326416,-0.4925547942519188,-0.4880685344338417,0.0028000473976135254,0.03375823795795441,0.05941963568329811,0.03669367381371558,1.6193427778574707,0.49,0.010000000000000009,0.0,0.02,1.6135936975479126,12.593536376953125
qwen3.5-9b,C,18,25,R_role,R_harm,-0.5,0.5,-0.04139187932014465,-0.04928832789883018,-0.03372948607429862,-0.0004000067710876465,0.03375823795795441,0.05941963568329811,0.03669367381371558,1.6193427778574707,0.49,0.010000000000000009,0.0,0.02,1.6135936975479126,62.13874053955078
qwen3.5-9b,C,18,25,R_role,R_control,-0.5,0.5,-0.07559167593717575,-0.08526877854019403,-0.06597288995981217,-0.0015999674797058105,0.03375823795795441,0.05941963568329811,0.03669367381371558,1.6193427778574707,0.49,0.010000000000000009,0.0,0.02,1.6135936975479126,40.54935836791992
qwen3.5-9b,C,18,25,R_role,R_role,-0.5,0.5,-0.4677252173423767,-0.4820839263498783,-0.453219722956419,-0.089199960231781,0.03375823795795441,0.05941963568329811,0.03669367381371558,1.6193427778574707,0.49,0.010000000000000009,0.0,0.02,1.6135936975479126,20.990402221679688
qwen3.5-9b,C,18,31,R_role,R_harm,-0.5,0.5,-0.004836633801460266,-0.012889988953247666,0.0032256628968752913,-0.0004000067710876465,0.03375823795795441,0.05941963568329811,0.03669367381371558,1.6193427778574707,0.49,0.010000000000000009,0.0,0.02,1.6135936975479126,118.91390991210938
qwen3.5-9b,C,18,31,R_role,R_control,-0.5,0.5,-0.04642326757311821,-0.055942924600094555,-0.03735149707645178,-0.0007999539375305176,0.03375823795795441,0.05941963568329811,0.03669367381371558,1.6193427778574707,0.49,0.010000000000000009,0.0,0.02,1.6135936975479126,76.66504669189453
qwen3.5-9b,C,18,31,R_role,R_role,-0.5,0.5,-0.35370299220085144,-0.3693699575960636,-0.33677701875567434,-0.03960001468658447,0.03375823795795441,0.05941963568329811,0.03669367381371558,1.6193427778574707,0.49,0.010000000000000009,0.0,0.02,1.6135936975479126,60.2837028503418
qwen3.5-9b,C,18,19,R_role,R_harm,1.0,1.0,0.05146474391222,0.0485699201002717,0.05446112398058176,0.0004000067710876465,0.11223191022872925,0.1954491287469864,0.15082168020308018,1.2958954474172129,0.48,0.0,0.0,0.0,-2.280937433242798,23.36080551147461
qwen3.5-9b,C,18,19,R_role,R_control,1.0,1.0,0.1483398973941803,0.14463048353791236,0.15220595709979534,-0.0004000067710876465,0.11223191022872925,0.1954491287469864,0.15082168020308018,1.2958954474172129,0.48,0.0,0.0,0.0,-2.280937433242798,15.32968807220459
qwen3.5-9b,C,18,19,R_role,R_role,1.0,1.0,0.9900510311126709,0.986057123541832,0.9938566982746124,0.0040000081062316895,0.11223191022872925,0.1954491287469864,0.15082168020308018,1.2958954474172129,0.48,0.0,0.0,0.0,-2.280937433242798,12.593536376953125
qwen3.5-9b,C,18,25,R_role,R_harm,1.0,1.0,0.035520780831575394,0.0307776824105531,0.040498617663979525,0.0015999674797058105,0.11223191022872925,0.1954491287469864,0.15082168020308018,1.2958954474172129,0.48,0.0,0.0,0.0,-2.280937433242798,62.13874053955078
qwen3.5-9b,C,18,25,R_role,R_control,1.0,1.0,0.10249881446361542,0.09502205941826106,0.1101623786613345,-0.0004000067710876465,0.11223191022872925,0.1954491287469864,0.15082168020308018,1.2958954474172129,0.48,0.0,0.0,0.0,-2.280937433242798,40.54935836791992
qwen3.5-9b,C,18,25,R_role,R_role,1.0,1.0,0.9405357241630554,0.9168612599372864,0.9640993878245354,0.09240001440048218,0.11223191022872925,0.1954491287469864,0.15082168020308018,1.2958954474172129,0.48,0.0,0.0,0.0,-2.280937433242798,20.990402221679688
qwen3.5-9b,C,18,31,R_role,R_harm,1.0,1.0,-0.0249327439814806,-0.03165762694552541,-0.01850521112792195,0.000800013542175293,0.11223191022872925,0.1954491287469864,0.15082168020308018,1.2958954474172129,0.48,0.0,0.0,0.0,-2.280937433242798,118.91390991210938
qwen3.5-9b,C,18,31,R_role,R_control,1.0,1.0,0.06087969243526459,0.05115532353520393,0.07076706420630216,-0.0007999539375305176,0.11223191022872925,0.1954491287469864,0.15082168020308018,1.2958954474172129,0.48,0.0,0.0,0.0,-2.280937433242798,76.66504669189453
qwen3.5-9b,C,18,31,R_role,R_role,1.0,1.0,0.6717097759246826,0.6457783833146096,0.697972621023655,0.027599990367889404,0.11223191022872925,0.1954491287469864,0.15082168020308018,1.2958954474172129,0.48,0.0,0.0,0.0,-2.280937433242798,60.2837028503418
qwen3.5-9b,C,18,19,R_role,R_harm,-1.0,1.0,-0.06948637962341309,-0.07723199184983968,-0.0619130832143128,-0.0004000067710876465,0.13666100800037384,0.24198149144649506,0.15082168020308018,1.6044211357456628,0.5,0.020000000000000018,0.020000000000000018,0.02,3.3151562213897705,23.36080551147461
qwen3.5-9b,C,18,19,R_role,R_control,-1.0,1.0,-0.1745247095823288,-0.18409103229641915,-0.16494573056697845,0.000800013542175293,0.13666100800037384,0.24198149144649506,0.15082168020308018,1.6044211357456628,0.5,0.020000000000000018,0.020000000000000018,0.02,3.3151562213897705,15.32968807220459
qwen3.5-9b,C,18,19,R_role,R_role,-1.0,1.0,-0.9676135778427124,-0.9720530852675437,-0.9628761917352676,0.003200054168701172,0.13666100800037384,0.24198149144649506,0.15082168020308018,1.6044211357456628,0.5,0.020000000000000018,0.020000000000000018,0.02,3.3151562213897705,12.593536376953125
qwen3.5-9b,C,18,25,R_role,R_harm,-1.0,1.0,-0.09813565015792847,-0.11771482974290848,-0.07885511051863434,-0.0012000203132629395,0.13666100800037384,0.24198149144649506,0.15082168020308018,1.6044211357456628,0.5,0.020000000000000018,0.020000000000000018,0.02,3.3151562213897705,62.13874053955078
qwen3.5-9b,C,18,25,R_role,R_control,-1.0,1.0,-0.16676615178585052,-0.18974720127880573,-0.1438255544751883,-0.0015999674797058105,0.13666100800037384,0.24198149144649506,0.15082168020308018,1.6044211357456628,0.5,0.020000000000000018,0.020000000000000018,0.02,3.3151562213897705,40.54935836791992
qwen3.5-9b,C,18,25,R_role,R_role,-1.0,1.0,-0.8916656970977783,-0.9178018733859062,-0.8644497722387314,-0.1767999529838562,0.13666100800037384,0.24198149144649506,0.15082168020308018,1.6044211357456628,0.5,0.020000000000000018,0.020000000000000018,0.02,3.3151562213897705,20.990402221679688
qwen3.5-9b,C,18,31,R_role,R_harm,-1.0,1.0,-0.01800926961004734,-0.035882618278265,-0.00020012203567603386,-0.000800013542175293,0.13666100800037384,0.24198149144649506,0.15082168020308018,1.6044211357456628,0.5,0.020000000000000018,0.020000000000000018,0.02,3.3151562213897705,118.91390991210938
qwen3.5-9b,C,18,31,R_role,R_control,-1.0,1.0,-0.09170783311128616,-0.11051594093441963,-0.07332891989499331,-0.0015999674797058105,0.13666100800037384,0.24198149144649506,0.15082168020308018,1.6044211357456628,0.5,0.020000000000000018,0.020000000000000018,0.02,3.3151562213897705,76.66504669189453
qwen3.5-9b,C,18,31,R_role,R_role,-1.0,1.0,-0.698758602142334,-0.7308742105960846,-0.6642016962170602,-0.12400001287460327,0.13666100800037384,0.24198149144649506,0.15082168020308018,1.6044211357456628,0.5,0.020000000000000018,0.020000000000000018,0.02,3.3151562213897705,60.2837028503418
qwen3.5-9b,C,18,19,R_role,R_harm,2.0,2.0,0.08725377172231674,0.0827245645225048,0.09159613773226738,0.0,0.3183719515800476,0.5101732015609741,0.6890560835599899,0.7403943071298026,0.48,0.0,0.0,0.0,-4.147500038146973,23.36080551147461
qwen3.5-9b,C,18,19,R_role,R_control,2.0,2.0,0.2704261243343353,0.2641950614750385,0.27681462094187737,-0.0012000203132629395,0.3183719515800476,0.5101732015609741,0.6890560835599899,0.7403943071298026,0.48,0.0,0.0,0.0,-4.147500038146973,15.32968807220459
qwen3.5-9b,C,18,19,R_role,R_role,2.0,2.0,1.9449032545089722,1.9375385284423827,1.9519053518772125,0.012000024318695068,0.3183719515800476,0.5101732015609741,0.6890560835599899,0.7403943071298026,0.48,0.0,0.0,0.0,-4.147500038146973,12.593536376953125
qwen3.5-9b,C,18,25,R_role,R_harm,2.0,2.0,0.030302999541163445,0.02013670476153493,0.040604674816131586,0.001999974250793457,0.3183719515800476,0.5101732015609741,0.6890560835599899,0.7403943071298026,0.48,0.0,0.0,0.0,-4.147500038146973,62.13874053955078
qwen3.5-9b,C,18,25,R_role,R_control,2.0,2.0,0.1542140245437622,0.14361266531050204,0.16445196680724622,-0.0007999539375305176,0.3183719515800476,0.5101732015609741,0.6890560835599899,0.7403943071298026,0.48,0.0,0.0,0.0,-4.147500038146973,40.54935836791992
qwen3.5-9b,C,18,25,R_role,R_role,2.0,2.0,1.7260923385620117,1.6887109339237214,1.7616428673267364,0.11520004272460938,0.3183719515800476,0.5101732015609741,0.6890560835599899,0.7403943071298026,0.48,0.0,0.0,0.0,-4.147500038146973,20.990402221679688
qwen3.5-9b,C,18,31,R_role,R_harm,2.0,2.0,-0.08348778635263443,-0.09696068130433559,-0.06982790548354391,-0.0004000067710876465,0.3183719515800476,0.5101732015609741,0.6890560835599899,0.7403943071298026,0.48,0.0,0.0,0.0,-4.147500038146973,118.91390991210938
qwen3.5-9b,C,18,31,R_role,R_control,2.0,2.0,0.0711410641670227,0.05791361983865499,0.08402401674538851,-0.0031999945640563965,0.3183719515800476,0.5101732015609741,0.6890560835599899,0.7403943071298026,0.48,0.0,0.0,0.0,-4.147500038146973,76.66504669189453
qwen3.5-9b,C,18,31,R_role,R_role,2.0,2.0,1.343542456626892,1.3003211885690689,1.3845637828111648,0.03240001201629639,0.3183719515800476,0.5101732015609741,0.6890560835599899,0.7403943071298026,0.48,0.0,0.0,0.0,-4.147500038146973,60.2837028503418
qwen3.5-9b,C,18,19,R_role,R_harm,-2.0,2.0,-0.14360913634300232,-0.16111350879073144,-0.12637871615588664,-0.0004000067710876465,0.6840816736221313,1.2498506307601929,0.6890560835599899,1.813859075596391,0.49,0.010000000000000009,0.0,0.02,5.706611156463623,23.36080551147461
qwen3.5-9b,C,18,19,R_role,R_control,-2.0,2.0,-0.3524506390094757,-0.37391152381896975,-0.330887059122324,0.0031999945640563965,0.6840816736221313,1.2498506307601929,0.6890560835599899,1.813859075596391,0.49,0.010000000000000009,0.0,0.02,5.706611156463623,15.32968807220459
qwen3.5-9b,C,18,19,R_role,R_role,-2.0,2.0,-1.8683162927627563,-1.8765058875083924,-1.8596118927001952,0.004800021648406982,0.6840816736221313,1.2498506307601929,0.6890560835599899,1.813859075596391,0.49,0.010000000000000009,0.0,0.02,5.706611156463623,12.593536376953125
qwen3.5-9b,C,18,25,R_role,R_harm,-2.0,2.0,-0.22443948686122894,-0.2744234539568424,-0.1766334231942892,-0.0012000203132629395,0.6840816736221313,1.2498506307601929,0.6890560835599899,1.813859075596391,0.49,0.010000000000000009,0.0,0.02,5.706611156463623,62.13874053955078
qwen3.5-9b,C,18,25,R_role,R_control,-2.0,2.0,-0.36015284061431885,-0.4149804949760437,-0.3059674210846424,-0.00279998779296875,0.6840816736221313,1.2498506307601929,0.6890560835599899,1.813859075596391,0.49,0.010000000000000009,0.0,0.02,5.706611156463623,40.54935836791992
qwen3.5-9b,C,18,25,R_role,R_role,-2.0,2.0,-1.521764874458313,-1.5616000771522522,-1.4801444560289385,-0.25519996881484985,0.6840816736221313,1.2498506307601929,0.6890560835599899,1.813859075596391,0.49,0.010000000000000009,0.0,0.02,5.706611156463623,20.990402221679688
qwen3.5-9b,C,18,31,R_role,R_harm,-2.0,2.0,-0.06249157339334488,-0.1030092865228653,-0.023716406896710406,-0.000800013542175293,0.6840816736221313,1.2498506307601929,0.6890560835599899,1.813859075596391,0.49,0.010000000000000009,0.0,0.02,5.706611156463623,118.91390991210938
qwen3.5-9b,C,18,31,R_role,R_control,-2.0,2.0,-0.19414620101451874,-0.23233042880892754,-0.15560510680079465,-0.004799962043762207,0.6840816736221313,1.2498506307601929,0.6890560835599899,1.813859075596391,0.49,0.010000000000000009,0.0,0.02,5.706611156463623,76.66504669189453
qwen3.5-9b,C,18,31,R_role,R_role,-2.0,2.0,-1.251655101776123,-1.3109109312295915,-1.191689947247505,-0.3028000146150589,0.6840816736221313,1.2498506307601929,0.6890560835599899,1.813859075596391,0.49,0.010000000000000009,0.0,0.02,5.706611156463623,60.2837028503418
qwen3.5-9b,C,18,19,R_role,R_harm,4.0,4.0,0.14775536954402924,0.13452568128705025,0.16117808669805525,0.0,0.7396714091300964,1.0622421503067017,4.501979738473892,0.2359500068889219,0.53,0.050000000000000044,0.040000000000000036,0.06,-4.940312385559082,23.36080551147461
qwen3.5-9b,C,18,19,R_role,R_control,4.0,4.0,0.48659560084342957,0.468166372179985,0.5049593538045883,-0.000800013542175293,0.7396714091300964,1.0622421503067017,4.501979738473892,0.2359500068889219,0.53,0.050000000000000044,0.040000000000000036,0.06,-4.940312385559082,15.32968807220459
qwen3.5-9b,C,18,19,R_role,R_role,4.0,4.0,3.7019846439361572,3.689837008714676,3.7135379135608675,0.005200028419494629,0.7396714091300964,1.0622421503067017,4.501979738473892,0.2359500068889219,0.53,0.050000000000000044,0.040000000000000036,0.06,-4.940312385559082,12.593536376953125
qwen3.5-9b,C,18,25,R_role,R_harm,4.0,4.0,-0.013846232555806637,-0.0492176303640008,0.020473601948469873,0.0023999810218811035,0.7396714091300964,1.0622421503067017,4.501979738473892,0.2359500068889219,0.53,0.050000000000000044,0.040000000000000036,0.06,-4.940312385559082,62.13874053955078
qwen3.5-9b,C,18,25,R_role,R_control,4.0,4.0,0.16816192865371704,0.13189688883721828,0.20306985080242154,-0.0015999674797058105,0.7396714091300964,1.0622421503067017,4.501979738473892,0.2359500068889219,0.53,0.050000000000000044,0.040000000000000036,0.06,-4.940312385559082,40.54935836791992
qwen3.5-9b,C,18,25,R_role,R_role,4.0,4.0,2.7051661014556885,2.6605956673622133,2.746895086765289,0.12160003185272217,0.7396714091300964,1.0622421503067017,4.501979738473892,0.2359500068889219,0.53,0.050000000000000044,0.040000000000000036,0.06,-4.940312385559082,20.990402221679688
qwen3.5-9b,C,18,31,R_role,R_harm,4.0,4.0,-0.17509868741035461,-0.213703802973032,-0.13626869693398477,-0.0023999810218811035,0.7396714091300964,1.0622421503067017,4.501979738473892,0.2359500068889219,0.53,0.050000000000000044,0.040000000000000036,0.06,-4.940312385559082,118.91390991210938
qwen3.5-9b,C,18,31,R_role,R_control,4.0,4.0,0.03841615840792656,0.0024040152376983317,0.0756705768406391,-0.0031999945640563965,0.7396714091300964,1.0622421503067017,4.501979738473892,0.2359500068889219,0.53,0.050000000000000044,0.040000000000000036,0.06,-4.940312385559082,76.66504669189453
qwen3.5-9b,C,18,31,R_role,R_role,4.0,4.0,1.8681645393371582,1.812802830338478,1.9213615745306014,0.052799999713897705,0.7396714091300964,1.0622421503067017,4.501979738473892,0.2359500068889219,0.53,0.050000000000000044,0.040000000000000036,0.06,-4.940312385559082,60.2837028503418
qwen3.5-9b,C,18,19,R_role,R_harm,-4.0,4.0,-0.2606172263622284,-0.2917779110372066,-0.22943813875317576,-0.000800013542175293,4.622196674346924,7.290073871612549,4.501979738473892,1.6193040162556975,0.36,-0.12,-0.2599999999999999,0.02,1.6282824277877808,23.36080551147461
qwen3.5-9b,C,18,19,R_role,R_control,-4.0,4.0,-0.652599573135376,-0.6913587883114815,-0.6135615855455399,0.005200028419494629,4.622196674346924,7.290073871612549,4.501979738473892,1.6193040162556975,0.36,-0.12,-0.2599999999999999,0.02,1.6282824277877808,15.32968807220459
qwen3.5-9b,C,18,19,R_role,R_role,-4.0,4.0,-3.5056350231170654,-3.516878068447113,-3.493431270122528,0.006400048732757568,4.622196674346924,7.290073871612549,4.501979738473892,1.6193040162556975,0.36,-0.12,-0.2599999999999999,0.02,1.6282824277877808,12.593536376953125
qwen3.5-9b,C,18,25,R_role,R_harm,-4.0,4.0,-0.3384687304496765,-0.41979771479964256,-0.2605946682393551,-0.0020000338554382324,4.622196674346924,7.290073871612549,4.501979738473892,1.6193040162556975,0.36,-0.12,-0.2599999999999999,0.02,1.6282824277877808,62.13874053955078
qwen3.5-9b,C,18,25,R_role,R_control,-4.0,4.0,-0.5817741751670837,-0.6785426259040832,-0.4873534798622131,-0.004799962043762207,4.622196674346924,7.290073871612549,4.501979738473892,1.6193040162556975,0.36,-0.12,-0.2599999999999999,0.02,1.6282824277877808,40.54935836791992
qwen3.5-9b,C,18,25,R_role,R_role,-4.0,4.0,-2.185666084289551,-2.227180552482605,-2.143329393863678,-0.11319994926452637,4.622196674346924,7.290073871612549,4.501979738473892,1.6193040162556975,0.36,-0.12,-0.2599999999999999,0.02,1.6282824277877808,20.990402221679688
qwen3.5-9b,C,18,31,R_role,R_harm,-4.0,4.0,-0.17867764830589294,-0.2563659824430943,-0.10225949026644231,-0.001999974250793457,4.622196674346924,7.290073871612549,4.501979738473892,1.6193040162556975,0.36,-0.12,-0.2599999999999999,0.02,1.6282824277877808,118.91390991210938
qwen3.5-9b,C,18,31,R_role,R_control,-4.0,4.0,-0.44526994228363037,-0.5323808699846267,-0.35854241177439694,-0.0051999688148498535,4.622196674346924,7.290073871612549,4.501979738473892,1.6193040162556975,0.36,-0.12,-0.2599999999999999,0.02,1.6282824277877808,76.66504669189453
qwen3.5-9b,C,18,31,R_role,R_role,-4.0,4.0,-1.7296522855758667,-1.7913184255361556,-1.6681590288877488,-0.38360001146793365,4.622196674346924,7.290073871612549,4.501979738473892,1.6193040162556975,0.36,-0.12,-0.2599999999999999,0.02,1.6282824277877808,60.2837028503418
qwen3.5-9b,C,18,19,random,R_harm,0.25,0.25,0.004772594198584557,0.003965923795476556,0.0056068756151944395,-0.0004000067710876465,0.004307920578867197,0.007626757491379976,0.009769893891643733,0.7806387229960811,0.49,0.010000000000000009,0.0,0.02,0.018437499180436134,23.36080551147461
qwen3.5-9b,C,18,19,random,R_control,0.25,0.25,-0.0023820216301828623,-0.0034802563081029803,-0.0012284760974580426,0.0,0.004307920578867197,0.007626757491379976,0.009769893891643733,0.7806387229960811,0.49,0.010000000000000009,0.0,0.02,0.018437499180436134,15.32968807220459
qwen3.5-9b,C,18,19,random,R_role,0.25,0.25,-0.007065917830914259,-0.007598242990206927,-0.006511464947834611,0.0,0.004307920578867197,0.007626757491379976,0.009769893891643733,0.7806387229960811,0.49,0.010000000000000009,0.0,0.02,0.018437499180436134,12.593536376953125
qwen3.5-9b,C,18,25,random,R_harm,0.25,0.25,-0.004955647047609091,-0.0061497304122895,-0.0037735812482424086,0.0,0.004307920578867197,0.007626757491379976,0.009769893891643733,0.7806387229960811,0.49,0.010000000000000009,0.0,0.02,0.018437499180436134,62.13874053955078
qwen3.5-9b,C,18,25,random,R_control,0.25,0.25,-0.012315116822719574,-0.014183943765237928,-0.010496248491108418,-0.0004000067710876465,0.004307920578867197,0.007626757491379976,0.009769893891643733,0.7806387229960811,0.49,0.010000000000000009,0.0,0.02,0.018437499180436134,40.54935836791992
qwen3.5-9b,C,18,25,random,R_role,0.25,0.25,-0.008481520228087902,-0.010079972934909165,-0.006888205395080149,-0.0055999755859375,0.004307920578867197,0.007626757491379976,0.009769893891643733,0.7806387229960811,0.49,0.010000000000000009,0.0,0.02,0.018437499180436134,20.990402221679688
qwen3.5-9b,C,18,31,random,R_harm,0.25,0.25,-0.00871339999139309,-0.011016454827040435,-0.006464447977486998,0.0,0.004307920578867197,0.007626757491379976,0.009769893891643733,0.7806387229960811,0.49,0.010000000000000009,0.0,0.02,0.018437499180436134,118.91390991210938
qwen3.5-9b,C,18,31,random,R_control,0.25,0.25,-0.01822482794523239,-0.021681438991799952,-0.01473020238336176,0.0,0.004307920578867197,0.007626757491379976,0.009769893891643733,0.7806387229960811,0.49,0.010000000000000009,0.0,0.02,0.018437499180436134,76.66504669189453
qwen3.5-9b,C,18,31,random,R_role,0.25,0.25,-0.01867487281560898,-0.024538905546069145,-0.012544893496669832,0.0,0.004307920578867197,0.007626757491379976,0.009769893891643733,0.7806387229960811,0.49,0.010000000000000009,0.0,0.02,0.018437499180436134,60.2837028503418
qwen3.5-9b,C,18,19,random,R_harm,-0.25,0.25,-0.0074866898357868195,-0.007992883818224073,-0.007014813669957222,0.0,0.004574715159833431,0.008083682507276535,0.009769893891643733,0.8274074004212648,0.48,0.0,0.0,0.0,-0.03531249985098839,23.36080551147461
qwen3.5-9b,C,18,19,random,R_control,-0.25,0.25,-0.0010707896435633302,-0.0016585753008257597,-0.000507891140296124,0.0,0.004574715159833431,0.008083682507276535,0.009769893891643733,0.8274074004212648,0.48,0.0,0.0,0.0,-0.03531249985098839,15.32968807220459
qwen3.5-9b,C,18,19,random,R_role,-0.25,0.25,0.007022695615887642,0.006570365291554481,0.007434917578939349,-0.0003999471664428711,0.004574715159833431,0.008083682507276535,0.009769893891643733,0.8274074004212648,0.48,0.0,0.0,0.0,-0.03531249985098839,12.593536376953125
qwen3.5-9b,C,18,25,random,R_harm,-0.25,0.25,-0.00026143385912291706,-0.0014375261816894636,0.0009153483581030737,0.0,0.004574715159833431,0.008083682507276535,0.009769893891643733,0.8274074004212648,0.48,0.0,0.0,0.0,-0.03531249985098839,62.13874053955078
qwen3.5-9b,C,18,25,random,R_control,-0.25,0.25,0.008011339232325554,0.0065617556916549805,0.009443995030596852,-0.0004000067710876465,0.004574715159833431,0.008083682507276535,0.009769893891643733,0.8274074004212648,0.48,0.0,0.0,0.0,-0.03531249985098839,40.54935836791992
qwen3.5-9b,C,18,25,random,R_role,-0.25,0.25,0.009881453588604927,0.008458452671766281,0.011334223812445995,0.005200028419494629,0.004574715159833431,0.008083682507276535,0.009769893891643733,0.8274074004212648,0.48,0.0,0.0,0.0,-0.03531249985098839,20.990402221679688
qwen3.5-9b,C,18,31,random,R_harm,-0.25,0.25,0.006159862969070673,0.00455874705221504,0.007851893780753016,0.0,0.004574715159833431,0.008083682507276535,0.009769893891643733,0.8274074004212648,0.48,0.0,0.0,0.0,-0.03531249985098839,118.91390991210938
qwen3.5-9b,C,18,31,random,R_control,-0.25,0.25,0.017336690798401833,0.014541994943283499,0.02005194746889174,0.0004000067710876465,0.004574715159833431,0.008083682507276535,0.009769893891643733,0.8274074004212648,0.48,0.0,0.0,0.0,-0.03531249985098839,76.66504669189453
qwen3.5-9b,C,18,31,random,R_role,-0.25,0.25,0.012715773656964302,0.0057970125111751255,0.019325797306373706,0.005199998617172241,0.004574715159833431,0.008083682507276535,0.009769893891643733,0.8274074004212648,0.48,0.0,0.0,0.0,-0.03531249985098839,60.2837028503418
qwen3.5-9b,C,18,19,random,R_harm,0.5,0.5,0.006481544580310583,0.004094932298175991,0.008823035028763115,-0.0004000067710876465,0.015290203504264355,0.02773166261613369,0.03669367381371558,0.7557614088172329,0.49,0.010000000000000009,0.0,0.02,0.05874999985098839,23.36080551147461
qwen3.5-9b,C,18,19,random,R_control,0.5,0.5,-0.008455105125904083,-0.011713371099904179,-0.005211226304527373,0.0,0.015290203504264355,0.02773166261613369,0.03669367381371558,0.7557614088172329,0.49,0.010000000000000009,0.0,0.02,0.05874999985098839,15.32968807220459
qwen3.5-9b,C,18,19,random,R_role,0.5,0.5,-0.014359574764966965,-0.015660954732447864,-0.01312006583902985,-0.0007999539375305176,0.015290203504264355,0.02773166261613369,0.03669367381371558,0.7557614088172329,0.49,0.010000000000000009,0.0,0.02,0.05874999985098839,12.593536376953125
qwen3.5-9b,C,18,25,random,R_harm,0.5,0.5,-0.014913870953023434,-0.01861979397945106,-0.01122944257222116,0.0,0.015290203504264355,0.02773166261613369,0.03669367381371558,0.7557614088172329,0.49,0.010000000000000009,0.0,0.02,0.05874999985098839,62.13874053955078
qwen3.5-9b,C,18,25,random,R_control,0.5,0.5,-0.028408508747816086,-0.03329429039731622,-0.023522238759323955,-0.0007999539375305176,0.015290203504264355,0.02773166261613369,0.03669367381371558,0.7557614088172329,0.49,0.010000000000000009,0.0,0.02,0.05874999985098839,40.54935836791992
qwen3.5-9b,C,18,25,random,R_role,0.5,0.5,-0.015358657576143742,-0.01873149098828435,-0.011957329954020685,-0.0059999823570251465,0.015290203504264355,0.02773166261613369,0.03669367381371558,0.7557614088172329,0.49,0.010000000000000009,0.0,0.02,0.05874999985098839,20.990402221679688
qwen3.5-9b,C,18,31,random,R_harm,0.5,0.5,-0.019480282440781593,-0.02454995587468147,-0.014302735892124477,0.0,0.015290203504264355,0.02773166261613369,0.03669367381371558,0.7557614088172329,0.49,0.010000000000000009,0.0,0.02,0.05874999985098839,118.91390991210938
qwen3.5-9b,C,18,31,random,R_control,0.5,0.5,-0.035779088735580444,-0.04314609803259373,-0.028406635671854023,0.0,0.015290203504264355,0.02773166261613369,0.03669367381371558,0.7557614088172329,0.49,0.010000000000000009,0.0,0.02,0.05874999985098839,76.66504669189453
qwen3.5-9b,C,18,31,random,R_role,0.5,0.5,-0.04302191361784935,-0.05431154491379857,-0.032101813051849615,-0.013600021600723267,0.015290203504264355,0.02773166261613369,0.03669367381371558,0.7557614088172329,0.49,0.010000000000000009,0.0,0.02,0.05874999985098839,60.2837028503418
qwen3.5-9b,C,18,19,random,R_harm,-0.5,0.5,-0.016991859301924706,-0.018561665154993533,-0.015498813986778262,0.0,0.01967744156718254,0.0354754775762558,0.03669367381371558,0.9668009193180206,0.49,0.010000000000000009,0.0,0.02,-0.1262499988079071,23.36080551147461
qwen3.5-9b,C,18,19,random,R_control,-0.5,0.5,-0.004885310307145119,-0.006675294158048928,-0.0030890924681443734,0.0,0.01967744156718254,0.0354754775762558,0.03669367381371558,0.9668009193180206,0.49,0.010000000000000009,0.0,0.02,-0.1262499988079071,15.32968807220459
qwen3.5-9b,C,18,19,random,R_role,-0.5,0.5,0.01423607673496008,0.013325366447679699,0.01511849989183247,-0.003999948501586914,0.01967744156718254,0.0354754775762558,0.03669367381371558,0.9668009193180206,0.49,0.010000000000000009,0.0,0.02,-0.1262499988079071,12.593536376953125
qwen3.5-9b,C,18,25,random,R_harm,-0.5,0.5,-0.006148379296064377,-0.009683769010007382,-0.0026324924954678865,0.0,0.01967744156718254,0.0354754775762558,0.03669367381371558,0.9668009193180206,0.49,0.010000000000000009,0.0,0.02,-0.1262499988079071,62.13874053955078
qwen3.5-9b,C,18,25,random,R_control,-0.5,0.5,0.010648681782186031,0.007031353563070298,0.01431134284939617,-0.0004000067710876465,0.01967744156718254,0.0354754775762558,0.03669367381371558,0.9668009193180206,0.49,0.010000000000000009,0.0,0.02,-0.1262499988079071,40.54935836791992
qwen3.5-9b,C,18,25,random,R_role,-0.5,0.5,0.019368046894669533,0.016592663479968905,0.022162208752706646,0.008400022983551025,0.01967744156718254,0.0354754775762558,0.03669367381371558,0.9668009193180206,0.49,0.010000000000000009,0.0,0.02,-0.1262499988079071,20.990402221679688
qwen3.5-9b,C,18,31,random,R_harm,-0.5,0.5,0.009647324681282043,0.006793867656961083,0.01270628988277167,0.0004000067710876465,0.01967744156718254,0.0354754775762558,0.03669367381371558,0.9668009193180206,0.49,0.010000000000000009,0.0,0.02,-0.1262499988079071,118.91390991210938
qwen3.5-9b,C,18,31,random,R_control,-0.5,0.5,0.031840067356824875,0.027283475920557975,0.036229399591684336,0.000800013542175293,0.01967744156718254,0.0354754775762558,0.03669367381371558,0.9668009193180206,0.49,0.010000000000000009,0.0,0.02,-0.1262499988079071,76.66504669189453
qwen3.5-9b,C,18,31,random,R_role,-0.5,0.5,0.01602769084274769,0.002187740872614086,0.029282591165974734,0.015999972820281982,0.01967744156718254,0.0354754775762558,0.03669367381371558,0.9668009193180206,0.49,0.010000000000000009,0.0,0.02,-0.1262499988079071,60.2837028503418
qwen3.5-9b,C,18,19,random,R_harm,1.0,1.0,0.0030733931344002485,-0.004211593023501337,0.010434053791686892,-0.0004000067710876465,0.061284445226192474,0.11200274527072906,0.15082168020308018,0.7426170104982139,0.48,0.0,0.0,0.0,0.2278124988079071,23.36080551147461
qwen3.5-9b,C,18,19,random,R_control,1.0,1.0,-0.02861133962869644,-0.03856509355828166,-0.018823413364589217,0.0004000067710876465,0.061284445226192474,0.11200274527072906,0.15082168020308018,0.7426170104982139,0.48,0.0,0.0,0.0,0.2278124988079071,15.32968807220459
qwen3.5-9b,C,18,19,random,R_role,1.0,1.0,-0.030307644978165627,-0.03369080917909741,-0.02708080476149917,-0.003999948501586914,0.061284445226192474,0.11200274527072906,0.15082168020308018,0.7426170104982139,0.48,0.0,0.0,0.0,0.2278124988079071,12.593536376953125
qwen3.5-9b,C,18,25,random,R_harm,1.0,1.0,-0.04829363897442818,-0.06121334750205278,-0.03537482647225262,0.0,0.061284445226192474,0.11200274527072906,0.15082168020308018,0.7426170104982139,0.48,0.0,0.0,0.0,0.2278124988079071,62.13874053955078
qwen3.5-9b,C,18,25,random,R_control,1.0,1.0,-0.07164886593818665,-0.08623749371618032,-0.0568287143483758,-0.00279998779296875,0.061284445226192474,0.11200274527072906,0.15082168020308018,0.7426170104982139,0.48,0.0,0.0,0.0,0.2278124988079071,40.54935836791992
qwen3.5-9b,C,18,25,random,R_role,1.0,1.0,-0.024843227118253708,-0.03272842103615403,-0.016725495411083105,-0.008799970149993896,0.061284445226192474,0.11200274527072906,0.15082168020308018,0.7426170104982139,0.48,0.0,0.0,0.0,0.2278124988079071,20.990402221679688
qwen3.5-9b,C,18,31,random,R_harm,1.0,1.0,-0.04607059806585312,-0.05840925807133317,-0.03386617749929429,-0.000800013542175293,0.061284445226192474,0.11200274527072906,0.15082168020308018,0.7426170104982139,0.48,0.0,0.0,0.0,0.2278124988079071,118.91390991210938
qwen3.5-9b,C,18,31,random,R_control,1.0,1.0,-0.06790399551391602,-0.08400292173027993,-0.05194796379655605,-0.001999974250793457,0.061284445226192474,0.11200274527072906,0.15082168020308018,0.7426170104982139,0.48,0.0,0.0,0.0,0.2278124988079071,76.66504669189453
qwen3.5-9b,C,18,31,random,R_role,1.0,1.0,-0.11554085463285446,-0.1364814627915621,-0.09538073595613243,-0.07840001583099365,0.061284445226192474,0.11200274527072906,0.15082168020308018,0.7426170104982139,0.48,0.0,0.0,0.0,0.2278124988079071,60.2837028503418
qwen3.5-9b,C,18,19,random,R_harm,-1.0,1.0,-0.039773114025592804,-0.045526945404708384,-0.03427187893539667,0.000800013542175293,0.08817308396100998,0.16102805733680725,0.15082168020308018,1.067671816942924,0.49,0.010000000000000009,0.0,0.02,-0.559374988079071,23.36080551147461
qwen3.5-9b,C,18,19,random,R_control,-1.0,1.0,-0.018146658316254616,-0.025077367387712,-0.011373145040124657,0.0004000067710876465,0.08817308396100998,0.16102805733680725,0.15082168020308018,1.067671816942924,0.49,0.010000000000000009,0.0,0.02,-0.559374988079071,15.32968807220459
qwen3.5-9b,C,18,19,random,R_role,-1.0,1.0,0.028663598001003265,0.026110199606046082,0.031260160449892285,-0.009199976921081543,0.08817308396100998,0.16102805733680725,0.15082168020308018,1.067671816942924,0.49,0.010000000000000009,0.0,0.02,-0.559374988079071,12.593536376953125
qwen3.5-9b,C,18,25,random,R_harm,-1.0,1.0,-0.03662716969847679,-0.049992522411048415,-0.02405192470178011,0.0004000067710876465,0.08817308396100998,0.16102805733680725,0.15082168020308018,1.067671816942924,0.49,0.010000000000000009,0.0,0.02,-0.559374988079071,62.13874053955078
qwen3.5-9b,C,18,25,random,R_control,-1.0,1.0,-0.00560168270021677,-0.01857662172988057,0.007461268792394545,-0.0015999674797058105,0.08817308396100998,0.16102805733680725,0.15082168020308018,1.067671816942924,0.49,0.010000000000000009,0.0,0.02,-0.559374988079071,40.54935836791992
qwen3.5-9b,C,18,25,random,R_role,-1.0,1.0,0.03398043289780617,0.02741674454882741,0.04040112718939781,0.012400031089782715,0.08817308396100998,0.16102805733680725,0.15082168020308018,1.067671816942924,0.49,0.010000000000000009,0.0,0.02,-0.559374988079071,20.990402221679688
qwen3.5-9b,C,18,31,random,R_harm,-1.0,1.0,0.006028542295098305,-0.0024425325857009737,0.014836934581398963,0.0,0.08817308396100998,0.16102805733680725,0.15082168020308018,1.067671816942924,0.49,0.010000000000000009,0.0,0.02,-0.559374988079071,118.91390991210938
qwen3.5-9b,C,18,31,random,R_control,-1.0,1.0,0.04749666154384613,0.03960732305422425,0.05508844135329127,0.0004000067710876465,0.08817308396100998,0.16102805733680725,0.15082168020308018,1.067671816942924,0.49,0.010000000000000009,0.0,0.02,-0.559374988079071,76.66504669189453
qwen3.5-9b,C,18,31,random,R_role,-1.0,1.0,-0.007758504245430231,-0.035560193657875064,0.019837185088545078,0.06679999828338623,0.08817308396100998,0.16102805733680725,0.15082168020308018,1.067671816942924,0.49,0.010000000000000009,0.0,0.02,-0.559374988079071,60.2837028503418
qwen3.5-9b,C,18,19,random,R_harm,2.0,2.0,-0.018522227182984352,-0.03789599146693945,0.0005072520609246559,-0.000800013542175293,0.2719482481479645,0.4881608188152313,0.6890560835599899,0.7084486015901078,0.49,0.010000000000000009,0.0,0.02,-0.5043749809265137,23.36080551147461
qwen3.5-9b,C,18,19,random,R_control,2.0,2.0,-0.08408555388450623,-0.10942925438284874,-0.05927287675440312,0.0004000067710876465,0.2719482481479645,0.4881608188152313,0.6890560835599899,0.7084486015901078,0.49,0.010000000000000009,0.0,0.02,-0.5043749809265137,15.32968807220459
qwen3.5-9b,C,18,19,random,R_role,2.0,2.0,-0.06674925982952118,-0.07457389663904905,-0.0592353860847652,-0.015999972820281982,0.2719482481479645,0.4881608188152313,0.6890560835599899,0.7084486015901078,0.49,0.010000000000000009,0.0,0.02,-0.5043749809265137,12.593536376953125
qwen3.5-9b,C,18,25,random,R_harm,2.0,2.0,-0.15060952305793762,-0.1937979396432638,-0.10965095721185207,0.0004000067710876465,0.2719482481479645,0.4881608188152313,0.6890560835599899,0.7084486015901078,0.49,0.010000000000000009,0.0,0.02,-0.5043749809265137,62.13874053955078
qwen3.5-9b,C,18,25,random,R_control,2.0,2.0,-0.20107629895210266,-0.247950279712677,-0.15398789308965208,-0.0031999945640563965,0.2719482481479645,0.4881608188152313,0.6890560835599899,0.7084486015901078,0.49,0.010000000000000009,0.0,0.02,-0.5043749809265137,40.54935836791992
qwen3.5-9b,C,18,25,random,R_role,2.0,2.0,-0.04773838073015213,-0.0675095696002245,-0.026559780817478913,-0.0067999958992004395,0.2719482481479645,0.4881608188152313,0.6890560835599899,0.7084486015901078,0.49,0.010000000000000009,0.0,0.02,-0.5043749809265137,20.990402221679688
qwen3.5-9b,C,18,31,random,R_harm,2.0,2.0,-0.12516528367996216,-0.16204845495522022,-0.08857562579214574,-0.00279998779296875,0.2719482481479645,0.4881608188152313,0.6890560835599899,0.7084486015901078,0.49,0.010000000000000009,0.0,0.02,-0.5043749809265137,118.91390991210938
qwen3.5-9b,C,18,31,random,R_control,2.0,2.0,-0.15298548340797424,-0.19459609426558017,-0.11078069545328621,-0.0035999417304992676,0.2719482481479645,0.4881608188152313,0.6890560835599899,0.7084486015901078,0.49,0.010000000000000009,0.0,0.02,-0.5043749809265137,76.66504669189453
qwen3.5-9b,C,18,31,random,R_role,2.0,2.0,-0.164332777261734,-0.20719315409660338,-0.12456327807158238,0.03679996728897095,0.2719482481479645,0.4881608188152313,0.6890560835599899,0.7084486015901078,0.49,0.010000000000000009,0.0,0.02,-0.5043749809265137,60.2837028503418
qwen3.5-9b,C,18,19,random,R_harm,-2.0,2.0,-0.07767719030380249,-0.09395566526800395,-0.06161877941340208,0.0004000067710876465,0.49802374839782715,0.8967457413673401,0.6890560835599899,1.3014118339022958,0.53,0.050000000000000044,0.020000000000000018,0.08,-1.6328125,23.36080551147461
qwen3.5-9b,C,18,19,random,R_control,-2.0,2.0,-0.040034059435129166,-0.06043819673359394,-0.019708458799868833,0.0020000338554382324,0.49802374839782715,0.8967457413673401,0.6890560835599899,1.3014118339022958,0.53,0.050000000000000044,0.020000000000000018,0.08,-1.6328125,15.32968807220459
qwen3.5-9b,C,18,19,random,R_role,-2.0,2.0,0.058214589953422546,0.05109682269394398,0.0650774586945772,-0.0339999794960022,0.49802374839782715,0.8967457413673401,0.6890560835599899,1.3014118339022958,0.53,0.050000000000000044,0.020000000000000018,0.08,-1.6328125,12.593536376953125
qwen3.5-9b,C,18,25,random,R_harm,-2.0,2.0,-0.15225739777088165,-0.19750199429690837,-0.10845438651740555,0.0007999539375305176,0.49802374839782715,0.8967457413673401,0.6890560835599899,1.3014118339022958,0.53,0.050000000000000044,0.020000000000000018,0.08,-1.6328125,62.13874053955078
qwen3.5-9b,C,18,25,random,R_control,-2.0,2.0,-0.13807721436023712,-0.18667725883424283,-0.09030991140753031,-0.0031999945640563965,0.49802374839782715,0.8967457413673401,0.6890560835599899,1.3014118339022958,0.53,0.050000000000000044,0.020000000000000018,0.08,-1.6328125,40.54935836791992
qwen3.5-9b,C,18,25,random,R_role,-2.0,2.0,0.007103015203028917,-0.013514411053620279,0.027606822457164504,-0.008799970149993896,0.49802374839782715,0.8967457413673401,0.6890560835599899,1.3014118339022958,0.53,0.050000000000000044,0.020000000000000018,0.08,-1.6328125,20.990402221679688
qwen3.5-9b,C,18,31,random,R_harm,-2.0,2.0,-0.058622729033231735,-0.09366040788590908,-0.0234085498377681,-0.001999974250793457,0.49802374839782715,0.8967457413673401,0.6890560835599899,1.3014118339022958,0.53,0.050000000000000044,0.020000000000000018,0.08,-1.6328125,118.91390991210938
qwen3.5-9b,C,18,31,random,R_control,-2.0,2.0,0.0005275343428365886,-0.030961750308051705,0.032368715386837714,-0.001999974250793457,0.49802374839782715,0.8967457413673401,0.6890560835599899,1.3014118339022958,0.53,0.050000000000000044,0.020000000000000018,0.08,-1.6328125,76.66504669189453
qwen3.5-9b,C,18,31,random,R_role,-2.0,2.0,-0.23377849161624908,-0.2803392596542835,-0.1868496228009463,-0.10199999809265137,0.49802374839782715,0.8967457413673401,0.6890560835599899,1.3014118339022958,0.53,0.050000000000000044,0.020000000000000018,0.08,-1.6328125,60.2837028503418
qwen3.5-9b,C,18,19,random,R_harm,4.0,4.0,-0.05163830146193504,-0.08488576840609312,-0.019114250969141735,-0.0004000067710876465,2.1045784950256348,3.6117334365844727,4.501979738473892,0.8022544850032576,0.0,-0.48,-0.94,-0.02,-1.5206249952316284,23.36080551147461
qwen3.5-9b,C,18,19,random,R_control,4.0,4.0,-0.1692488044500351,-0.21165458522737027,-0.1272846192121506,0.0020000338554382324,2.1045784950256348,3.6117334365844727,4.501979738473892,0.8022544850032576,0.0,-0.48,-0.94,-0.02,-1.5206249952316284,15.32968807220459
qwen3.5-9b,C,18,19,random,R_role,4.0,4.0,-0.15934723615646362,-0.17240573838353157,-0.14679174423217775,-0.029199957847595215,2.1045784950256348,3.6117334365844727,4.501979738473892,0.8022544850032576,0.0,-0.48,-0.94,-0.02,-1.5206249952316284,12.593536376953125
qwen3.5-9b,C,18,25,random,R_harm,4.0,4.0,-0.2613457441329956,-0.3409896187484264,-0.18504823371767998,-0.0012000203132629395,2.1045784950256348,3.6117334365844727,4.501979738473892,0.8022544850032576,0.0,-0.48,-0.94,-0.02,-1.5206249952316284,62.13874053955078
qwen3.5-9b,C,18,25,random,R_control,4.0,4.0,-0.4018542766571045,-0.49827769845724107,-0.30897949710488326,-0.003600001335144043,2.1045784950256348,3.6117334365844727,4.501979738473892,0.8022544850032576,0.0,-0.48,-0.94,-0.02,-1.5206249952316284,40.54935836791992
qwen3.5-9b,C,18,25,random,R_role,4.0,4.0,-0.23239465057849884,-0.272197450697422,-0.19089881516993046,-0.009999990463256836,2.1045784950256348,3.6117334365844727,4.501979738473892,0.8022544850032576,0.0,-0.48,-0.94,-0.02,-1.5206249952316284,20.990402221679688
qwen3.5-9b,C,18,31,random,R_harm,4.0,4.0,-0.19789612293243408,-0.27200031727552415,-0.12515710387378942,-0.008799970149993896,2.1045784950256348,3.6117334365844727,4.501979738473892,0.8022544850032576,0.0,-0.48,-0.94,-0.02,-1.5206249952316284,118.91390991210938
qwen3.5-9b,C,18,31,random,R_control,4.0,4.0,-0.36981433629989624,-0.45600384250283243,-0.2859300710260869,-0.00839996337890625,2.1045784950256348,3.6117334365844727,4.501979738473892,0.8022544850032576,0.0,-0.48,-0.94,-0.02,-1.5206249952316284,76.66504669189453
qwen3.5-9b,C,18,31,random,R_role,4.0,4.0,-0.4504225254058838,-0.5032951071858406,-0.39492643475532535,-0.09800001978874207,2.1045784950256348,3.6117334365844727,4.501979738473892,0.8022544850032576,0.0,-0.48,-0.94,-0.02,-1.5206249952316284,60.2837028503418
qwen3.5-9b,C,18,19,random,R_harm,-4.0,4.0,-0.10158286988735199,-0.13203995898365975,-0.07167851962149144,0.0004000067710876465,4.096770763397217,4.858159065246582,4.501979738473892,1.0791161549948312,0.03,-0.44999999999999996,-0.8799999999999999,-0.02,-5.183281421661377,23.36080551147461
qwen3.5-9b,C,18,19,random,R_control,-4.0,4.0,-0.03589274734258652,-0.07467514667659998,0.002315488457679745,0.0031999945640563965,4.096770763397217,4.858159065246582,4.501979738473892,1.0791161549948312,0.03,-0.44999999999999996,-0.8799999999999999,-0.02,-5.183281421661377,15.32968807220459
qwen3.5-9b,C,18,19,random,R_role,-4.0,4.0,0.12438293546438217,0.11144187096506357,0.13658006712794304,-0.054399967193603516,4.096770763397217,4.858159065246582,4.501979738473892,1.0791161549948312,0.03,-0.44999999999999996,-0.8799999999999999,-0.02,-5.183281421661377,12.593536376953125
qwen3.5-9b,C,18,25,random,R_harm,-4.0,4.0,-0.248135507106781,-0.32920022681355476,-0.17115177139639856,0.0015999674797058105,4.096770763397217,4.858159065246582,4.501979738473892,1.0791161549948312,0.03,-0.44999999999999996,-0.8799999999999999,-0.02,-5.183281421661377,62.13874053955078
qwen3.5-9b,C,18,25,random,R_control,-4.0,4.0,-0.3664332926273346,-0.4645138897001743,-0.2713400825858117,-0.0015999674797058105,4.096770763397217,4.858159065246582,4.501979738473892,1.0791161549948312,0.03,-0.44999999999999996,-0.8799999999999999,-0.02,-5.183281421661377,40.54935836791992
qwen3.5-9b,C,18,25,random,R_role,-4.0,4.0,-0.17928069829940796,-0.22176206409931182,-0.13619671761989594,-0.05879998207092285,4.096770763397217,4.858159065246582,4.501979738473892,1.0791161549948312,0.03,-0.44999999999999996,-0.8799999999999999,-0.02,-5.183281421661377,20.990402221679688
qwen3.5-9b,C,18,31,random,R_harm,-4.0,4.0,-0.16199125349521637,-0.24600664600729943,-0.07881576791405684,-0.0031999945640563965,4.096770763397217,4.858159065246582,4.501979738473892,1.0791161549948312,0.03,-0.44999999999999996,-0.8799999999999999,-0.02,-5.183281421661377,118.91390991210938
qwen3.5-9b,C,18,31,random,R_control,-4.0,4.0,-0.2315939962863922,-0.3283089488744736,-0.13620765283703806,-0.05679994821548462,4.096770763397217,4.858159065246582,4.501979738473892,1.0791161549948312,0.03,-0.44999999999999996,-0.8799999999999999,-0.02,-5.183281421661377,76.66504669189453
qwen3.5-9b,C,18,31,random,R_role,-4.0,4.0,-1.025171160697937,-1.0870615363121032,-0.9654957756400109,-0.1948000192642212,4.096770763397217,4.858159065246582,4.501979738473892,1.0791161549948312,0.03,-0.44999999999999996,-0.8799999999999999,-0.02,-5.183281421661377,60.2837028503418
qwen3.5-9b,C,23,24,R_harm,R_harm,0.25,0.25,0.23977865278720856,0.2375585749745369,0.2419459905475378,0.0,0.05625074729323387,0.09032794833183289,0.007614277477841824,11.862970399318211,0.53,0.050000000000000044,0.020000000000000018,0.08,2.7398438453674316,57.48166275024414
qwen3.5-9b,C,23,24,R_harm,R_control,0.25,0.25,0.2664714753627777,0.2646882846951485,0.2683397777378559,0.0,0.05625074729323387,0.09032794833183289,0.007614277477841824,11.862970399318211,0.53,0.050000000000000044,0.020000000000000018,0.08,2.7398438453674316,38.19029235839844
qwen3.5-9b,C,23,24,R_harm,R_role,0.25,0.25,0.07114917784929276,0.06926577240228653,0.07301888670772314,-0.007200002670288086,0.05625074729323387,0.09032794833183289,0.007614277477841824,11.862970399318211,0.53,0.050000000000000044,0.020000000000000018,0.08,2.7398438453674316,20.40843391418457
qwen3.5-9b,C,23,27,R_harm,R_harm,0.25,0.25,0.209578737616539,0.2053451918065548,0.21407366804778577,-0.0004000067710876465,0.05625074729323387,0.09032794833183289,0.007614277477841824,11.862970399318211,0.53,0.050000000000000044,0.020000000000000018,0.08,2.7398438453674316,70.2427978515625
qwen3.5-9b,C,23,27,R_harm,R_control,0.25,0.25,0.21323971450328827,0.20526535175740718,0.22115506343543528,-0.0004000067710876465,0.05625074729323387,0.09032794833183289,0.007614277477841824,11.862970399318211,0.53,0.050000000000000044,0.020000000000000018,0.08,2.7398438453674316,46.31264114379883
qwen3.5-9b,C,23,27,R_harm,R_role,0.25,0.25,0.044668182730674744,0.03888122197240591,0.050271861162036656,-0.030800044536590576,0.05625074729323387,0.09032794833183289,0.007614277477841824,11.862970399318211,0.53,0.050000000000000044,0.020000000000000018,0.08,2.7398438453674316,22.936437606811523
qwen3.5-9b,C,23,31,R_harm,R_harm,0.25,0.25,0.19416725635528564,0.18947431035339832,0.19900503046810628,-0.0004000067710876465,0.05625074729323387,0.09032794833183289,0.007614277477841824,11.862970399318211,0.53,0.050000000000000044,0.020000000000000018,0.08,2.7398438453674316,118.91390991210938
qwen3.5-9b,C,23,31,R_harm,R_control,0.25,0.25,0.18556003272533417,0.1756790954619646,0.19544965624809266,-0.0015999674797058105,0.05625074729323387,0.09032794833183289,0.007614277477841824,11.862970399318211,0.53,0.050000000000000044,0.020000000000000018,0.08,2.7398438453674316,76.66504669189453
qwen3.5-9b,C,23,31,R_harm,R_role,0.25,0.25,-0.08520343154668808,-0.10142353177070618,-0.06914027072489262,-0.02120000123977661,0.05625074729323387,0.09032794833183289,0.007614277477841824,11.862970399318211,0.53,0.050000000000000044,0.020000000000000018,0.08,2.7398438453674316,60.2837028503418
qwen3.5-9b,C,23,24,R_harm,R_harm,-0.25,0.25,-0.23889215290546417,-0.24256657399237155,-0.23530993796885014,0.0004000067710876465,0.05358198657631874,0.06142950430512428,0.007614277477841824,8.067673457381769,0.47,-0.010000000000000009,0.0,-0.02,-2.5,57.48166275024414
qwen3.5-9b,C,23,24,R_harm,R_control,-0.25,0.25,-0.268218070268631,-0.2706229999661446,-0.265834079682827,0.0003999471664428711,0.05358198657631874,0.06142950430512428,0.007614277477841824,8.067673457381769,0.47,-0.010000000000000009,0.0,-0.02,-2.5,38.19029235839844
qwen3.5-9b,C,23,24,R_harm,R_role,-0.25,0.25,-0.07354044169187546,-0.07558879125863313,-0.07143524922430515,0.00839996337890625,0.05358198657631874,0.06142950430512428,0.007614277477841824,8.067673457381769,0.47,-0.010000000000000009,0.0,-0.02,-2.5,20.40843391418457
qwen3.5-9b,C,23,27,R_harm,R_harm,-0.25,0.25,-0.21380113065242767,-0.22125251293182374,-0.20621794871985913,0.0004000067710876465,0.05358198657631874,0.06142950430512428,0.007614277477841824,8.067673457381769,0.47,-0.010000000000000009,0.0,-0.02,-2.5,70.2427978515625
qwen3.5-9b,C,23,27,R_harm,R_control,-0.25,0.25,-0.22406823933124542,-0.22920658364892005,-0.21918444260954856,0.0004000067710876465,0.05358198657631874,0.06142950430512428,0.007614277477841824,8.067673457381769,0.47,-0.010000000000000009,0.0,-0.02,-2.5,46.31264114379883
qwen3.5-9b,C,23,27,R_harm,R_role,-0.25,0.25,-0.05098692327737808,-0.05501181576400995,-0.04701956966891885,0.012799978256225586,0.05358198657631874,0.06142950430512428,0.007614277477841824,8.067673457381769,0.47,-0.010000000000000009,0.0,-0.02,-2.5,22.936437606811523
qwen3.5-9b,C,23,31,R_harm,R_harm,-0.25,0.25,-0.20231983065605164,-0.21033713668584825,-0.19430077448487282,0.0004000067710876465,0.05358198657631874,0.06142950430512428,0.007614277477841824,8.067673457381769,0.47,-0.010000000000000009,0.0,-0.02,-2.5,118.91390991210938
qwen3.5-9b,C,23,31,R_harm,R_control,-0.25,0.25,-0.19203589856624603,-0.19882103018462657,-0.1857353363186121,0.0012000203132629395,0.05358198657631874,0.06142950430512428,0.007614277477841824,8.067673457381769,0.47,-0.010000000000000009,0.0,-0.02,-2.5,76.66504669189453
qwen3.5-9b,C,23,31,R_harm,R_role,-0.25,0.25,0.049014437943696976,0.03431564113125205,0.06367443278431892,-0.02120000123977661,0.05358198657631874,0.06142950430512428,0.007614277477841824,8.067673457381769,0.47,-0.010000000000000009,0.0,-0.02,-2.5,60.2837028503418
qwen3.5-9b,C,23,24,R_harm,R_harm,0.5,0.5,0.4792593717575073,0.4761651538312435,0.48233369663357734,0.0,0.28986287117004395,0.5050839185714722,0.03020414267666638,16.722339183017596,0.66,0.18000000000000005,0.040000000000000036,0.32,5.023125171661377,57.48166275024414
qwen3.5-9b,C,23,24,R_harm,R_control,0.5,0.5,0.5303531885147095,0.5262717962265014,0.5343624249100685,0.0,0.28986287117004395,0.5050839185714722,0.03020414267666638,16.722339183017596,0.66,0.18000000000000005,0.040000000000000036,0.32,5.023125171661377,38.19029235839844
qwen3.5-9b,C,23,24,R_harm,R_role,0.5,0.5,0.14047226309776306,0.13716611005365847,0.14382523596286773,-0.013599991798400879,0.28986287117004395,0.5050839185714722,0.03020414267666638,16.722339183017596,0.66,0.18000000000000005,0.040000000000000036,0.32,5.023125171661377,20.40843391418457
qwen3.5-9b,C,23,27,R_harm,R_harm,0.5,0.5,0.41667866706848145,0.4088617153465748,0.42455191686749455,-0.0004000067710876465,0.28986287117004395,0.5050839185714722,0.03020414267666638,16.722339183017596,0.66,0.18000000000000005,0.040000000000000036,0.32,5.023125171661377,70.2427978515625
qwen3.5-9b,C,23,27,R_harm,R_control,0.5,0.5,0.42044731974601746,0.40177290961146356,0.43905100747942927,-0.001600027084350586,0.28986287117004395,0.5050839185714722,0.03020414267666638,16.722339183017596,0.66,0.18000000000000005,0.040000000000000036,0.32,5.023125171661377,46.31264114379883
qwen3.5-9b,C,23,27,R_harm,R_role,0.5,0.5,0.08630998432636261,0.07428204137831926,0.09848550148308277,-0.08840000629425049,0.28986287117004395,0.5050839185714722,0.03020414267666638,16.722339183017596,0.66,0.18000000000000005,0.040000000000000036,0.32,5.023125171661377,22.936437606811523
qwen3.5-9b,C,23,31,R_harm,R_harm,0.5,0.5,0.3730733096599579,0.36127605140209196,0.3849155530333519,-0.0012000203132629395,0.28986287117004395,0.5050839185714722,0.03020414267666638,16.722339183017596,0.66,0.18000000000000005,0.040000000000000036,0.32,5.023125171661377,118.91390991210938
qwen3.5-9b,C,23,31,R_harm,R_control,0.5,0.5,0.3610907793045044,0.3379660226404667,0.38414732962846754,-0.004799962043762207,0.28986287117004395,0.5050839185714722,0.03020414267666638,16.722339183017596,0.66,0.18000000000000005,0.040000000000000036,0.32,5.023125171661377,76.66504669189453
qwen3.5-9b,C,23,31,R_harm,R_role,0.5,0.5,-0.17132876813411713,-0.20628382079303265,-0.13702685199677947,-0.08840000629425049,0.28986287117004395,0.5050839185714722,0.03020414267666638,16.722339183017596,0.66,0.18000000000000005,0.040000000000000036,0.32,5.023125171661377,60.2837028503418
qwen3.5-9b,C,23,24,R_harm,R_harm,-0.5,0.5,-0.47487542033195496,-0.48341850712895396,-0.4666545994579792,0.0004000067710876465,0.2581821382045746,0.21665824949741364,0.03020414267666638,7.173130249606083,0.44,-0.03999999999999998,-0.05999999999999994,-0.02,-4.643750190734863,57.48166275024414
qwen3.5-9b,C,23,24,R_harm,R_control,-0.5,0.5,-0.5361950397491455,-0.542202678322792,-0.5301690980792045,0.0,0.2581821382045746,0.21665824949741364,0.03020414267666638,7.173130249606083,0.44,-0.03999999999999998,-0.05999999999999994,-0.02,-4.643750190734863,38.19029235839844
qwen3.5-9b,C,23,24,R_harm,R_role,-0.5,0.5,-0.14922529458999634,-0.15319451056420802,-0.1451331466436386,0.013599991798400879,0.2581821382045746,0.21665824949741364,0.03020414267666638,7.173130249606083,0.44,-0.03999999999999998,-0.05999999999999994,-0.02,-4.643750190734863,20.40843391418457
qwen3.5-9b,C,23,27,R_harm,R_harm,-0.5,0.5,-0.42844197154045105,-0.4463119789958,-0.4110562093555928,0.001199960708618164,0.2581821382045746,0.21665824949741364,0.03020414267666638,7.173130249606083,0.44,-0.03999999999999998,-0.05999999999999994,-0.02,-4.643750190734863,70.2427978515625
qwen3.5-9b,C,23,27,R_harm,R_control,-0.5,0.5,-0.4608505964279175,-0.4713381491601467,-0.45052988082170486,0.0,0.2581821382045746,0.21665824949741364,0.03020414267666638,7.173130249606083,0.44,-0.03999999999999998,-0.05999999999999994,-0.02,-4.643750190734863,46.31264114379883
qwen3.5-9b,C,23,27,R_harm,R_role,-0.5,0.5,-0.11063910275697708,-0.11668495014309883,-0.10455651506781578,0.011999964714050293,0.2581821382045746,0.21665824949741364,0.03020414267666638,7.173130249606083,0.44,-0.03999999999999998,-0.05999999999999994,-0.02,-4.643750190734863,22.936437606811523
qwen3.5-9b,C,23,31,R_harm,R_harm,-0.5,0.5,-0.40482792258262634,-0.42467128336429594,-0.385416092723608,0.0012000203132629395,0.2581821382045746,0.21665824949741364,0.03020414267666638,7.173130249606083,0.44,-0.03999999999999998,-0.05999999999999994,-0.02,-4.643750190734863,118.91390991210938
qwen3.5-9b,C,23,31,R_harm,R_control,-0.5,0.5,-0.3941384553909302,-0.4065194994211197,-0.3825591877102852,-0.0003999471664428711,0.2581821382045746,0.21665824949741364,0.03020414267666638,7.173130249606083,0.44,-0.03999999999999998,-0.05999999999999994,-0.02,-4.643750190734863,76.66504669189453
qwen3.5-9b,C,23,31,R_harm,R_role,-0.5,0.5,0.04840252920985222,0.01860508625395596,0.07742547430098053,-0.08400002121925354,0.2581821382045746,0.21665824949741364,0.03020414267666638,7.173130249606083,0.44,-0.03999999999999998,-0.05999999999999994,-0.02,-4.643750190734863,60.2837028503418
qwen3.5-9b,C,23,24,R_harm,R_harm,1.0,1.0,0.9511471390724182,0.945518197119236,0.9566212341189384,0.0,1.5640634298324585,2.8985378742218018,0.14113933220505714,20.536712402823348,0.99,0.51,0.06000000000000005,0.96,7.146249771118164,57.48166275024414
qwen3.5-9b,C,23,24,R_harm,R_control,1.0,1.0,1.046107292175293,1.0364813536405564,1.0555456459522248,-0.0012000203132629395,1.5640634298324585,2.8985378742218018,0.14113933220505714,20.536712402823348,0.99,0.51,0.06000000000000005,0.96,7.146249771118164,38.19029235839844
qwen3.5-9b,C,23,24,R_harm,R_role,1.0,1.0,0.27973997592926025,0.27493624612689016,0.28459378704428673,-0.016799986362457275,1.5640634298324585,2.8985378742218018,0.14113933220505714,20.536712402823348,0.99,0.51,0.06000000000000005,0.96,7.146249771118164,20.40843391418457
qwen3.5-9b,C,23,27,R_harm,R_harm,1.0,1.0,0.8178689479827881,0.7963046923279762,0.838540107011795,-0.0020000338554382324,1.5640634298324585,2.8985378742218018,0.14113933220505714,20.536712402823348,0.99,0.51,0.06000000000000005,0.96,7.146249771118164,70.2427978515625
qwen3.5-9b,C,23,27,R_harm,R_control,1.0,1.0,0.809826135635376,0.7682728826999664,0.8500260546803474,-0.009999990463256836,1.5640634298324585,2.8985378742218018,0.14113933220505714,20.536712402823348,0.99,0.51,0.06000000000000005,0.96,7.146249771118164,46.31264114379883
qwen3.5-9b,C,23,27,R_harm,R_role,1.0,1.0,0.16240684688091278,0.14069436453282833,0.18420091681182382,-0.1916000247001648,1.5640634298324585,2.8985378742218018,0.14113933220505714,20.536712402823348,0.99,0.51,0.06000000000000005,0.96,7.146249771118164,22.936437606811523
qwen3.5-9b,C,23,31,R_harm,R_harm,1.0,1.0,0.660658061504364,0.6212911963462829,0.6971629410982131,-0.0031999945640563965,1.5640634298324585,2.8985378742218018,0.14113933220505714,20.536712402823348,0.99,0.51,0.06000000000000005,0.96,7.146249771118164,118.91390991210938
qwen3.5-9b,C,23,31,R_harm,R_control,1.0,1.0,0.6274902820587158,0.5732454001903534,0.6805093735456467,-0.04319995641708374,1.5640634298324585,2.8985378742218018,0.14113933220505714,20.536712402823348,0.99,0.51,0.06000000000000005,0.96,7.146249771118164,76.66504669189453
qwen3.5-9b,C,23,31,R_harm,R_role,1.0,1.0,-0.16825905442237854,-0.23105866126716137,-0.10482289474457505,-0.23440001904964447,1.5640634298324585,2.8985378742218018,0.14113933220505714,20.536712402823348,0.99,0.51,0.06000000000000005,0.96,7.146249771118164,60.2837028503418
qwen3.5-9b,C,23,24,R_harm,R_harm,-1.0,1.0,-0.9266325235366821,-0.9444938704371453,-0.9095281153917313,0.0004000067710876465,1.9009779691696167,0.6811004877090454,0.14113933220505714,4.825731261924172,0.08,-0.39999999999999997,-0.7799999999999999,-0.02,-8.7681245803833,57.48166275024414
qwen3.5-9b,C,23,24,R_harm,R_control,-1.0,1.0,-1.0592129230499268,-1.074671956896782,-1.0439382195472717,-0.001600027084350586,1.9009779691696167,0.6811004877090454,0.14113933220505714,4.825731261924172,0.08,-0.39999999999999997,-0.7799999999999999,-0.02,-8.7681245803833,38.19029235839844
qwen3.5-9b,C,23,24,R_harm,R_role,-1.0,1.0,-0.3127712905406952,-0.31931601017713546,-0.3058233939111233,0.02599996328353882,1.9009779691696167,0.6811004877090454,0.14113933220505714,4.825731261924172,0.08,-0.39999999999999997,-0.7799999999999999,-0.02,-8.7681245803833,20.40843391418457
qwen3.5-9b,C,23,27,R_harm,R_harm,-1.0,1.0,-0.8218203186988831,-0.858911944925785,-0.7857881173491478,0.001199960708618164,1.9009779691696167,0.6811004877090454,0.14113933220505714,4.825731261924172,0.08,-0.39999999999999997,-0.7799999999999999,-0.02,-8.7681245803833,70.2427978515625
qwen3.5-9b,C,23,27,R_harm,R_control,-1.0,1.0,-0.9335814714431763,-0.9605743944644928,-0.9065789237618447,-0.0020000338554382324,1.9009779691696167,0.6811004877090454,0.14113933220505714,4.825731261924172,0.08,-0.39999999999999997,-0.7799999999999999,-0.02,-8.7681245803833,46.31264114379883
qwen3.5-9b,C,23,27,R_harm,R_role,-1.0,1.0,-0.24166223406791687,-0.24870752915740013,-0.2344055026769638,0.014399945735931396,1.9009779691696167,0.6811004877090454,0.14113933220505714,4.825731261924172,0.08,-0.39999999999999997,-0.7799999999999999,-0.02,-8.7681245803833,22.936437606811523
qwen3.5-9b,C,23,31,R_harm,R_harm,-1.0,1.0,-0.755466639995575,-0.7979451268911362,-0.7147902205586434,-0.0012000203132629395,1.9009779691696167,0.6811004877090454,0.14113933220505714,4.825731261924172,0.08,-0.39999999999999997,-0.7799999999999999,-0.02,-8.7681245803833,118.91390991210938
qwen3.5-9b,C,23,31,R_harm,R_control,-1.0,1.0,-0.7899748086929321,-0.8214049577713013,-0.7581929609179497,-0.004799962043762207,1.9009779691696167,0.6811004877090454,0.14113933220505714,4.825731261924172,0.08,-0.39999999999999997,-0.7799999999999999,-0.02,-8.7681245803833,76.66504669189453
qwen3.5-9b,C,23,31,R_harm,R_role,-1.0,1.0,-0.0019295706879347563,-0.053908172994852066,0.047596270032226995,-0.23000001907348633,1.9009779691696167,0.6811004877090454,0.14113933220505714,4.825731261924172,0.08,-0.39999999999999997,-0.7799999999999999,-0.02,-8.7681245803833,60.2837028503418
qwen3.5-9b,C,23,24,R_harm,R_harm,2.0,2.0,1.8329033851623535,1.8183013051748276,1.8472437798976897,0.0,4.392056465148926,7.970144748687744,0.7861236780881882,10.138537956356588,1.0,0.52,0.06000000000000005,0.98,6.133124351501465,57.48166275024414
qwen3.5-9b,C,23,24,R_harm,R_control,2.0,2.0,2.0133936405181885,1.9941469103097915,2.0316205859184264,-0.0028000473976135254,4.392056465148926,7.970144748687744,0.7861236780881882,10.138537956356588,1.0,0.52,0.06000000000000005,0.98,6.133124351501465,38.19029235839844
qwen3.5-9b,C,23,24,R_harm,R_role,2.0,2.0,0.5593525171279907,0.5547252163290978,0.5640000343322754,-0.0012000203132629395,4.392056465148926,7.970144748687744,0.7861236780881882,10.138537956356588,1.0,0.52,0.06000000000000005,0.98,6.133124351501465,20.40843391418457
qwen3.5-9b,C,23,27,R_harm,R_harm,2.0,2.0,1.484778642654419,1.4415977150201797,1.5260587722063064,-0.0020000338554382324,4.392056465148926,7.970144748687744,0.7861236780881882,10.138537956356588,1.0,0.52,0.06000000000000005,0.98,6.133124351501465,70.2427978515625
qwen3.5-9b,C,23,27,R_harm,R_control,2.0,2.0,1.44732666015625,1.3919811069965362,1.5012303799390792,-0.010800004005432129,4.392056465148926,7.970144748687744,0.7861236780881882,10.138537956356588,1.0,0.52,0.06000000000000005,0.98,6.133124351501465,46.31264114379883
qwen3.5-9b,C,23,27,R_harm,R_role,2.0,2.0,0.2691798508167267,0.2501910425722599,0.28784727677702904,-0.13360005617141724,4.392056465148926,7.970144748687744,0.7861236780881882,10.138537956356588,1.0,0.52,0.06000000000000005,0.98,6.133124351501465,22.936437606811523
qwen3.5-9b,C,23,31,R_harm,R_harm,2.0,2.0,0.9533194899559021,0.8733351990580559,1.0305465400218963,-0.01840001344680786,4.392056465148926,7.970144748687744,0.7861236780881882,10.138537956356588,1.0,0.52,0.06000000000000005,0.98,6.133124351501465,118.91390991210938
qwen3.5-9b,C,23,31,R_harm,R_control,2.0,2.0,0.8221687078475952,0.7271646186709404,0.9149882063269614,-0.2955999970436096,4.392056465148926,7.970144748687744,0.7861236780881882,10.138537956356588,1.0,0.52,0.06000000000000005,0.98,6.133124351501465,76.66504669189453
qwen3.5-9b,C,23,31,R_harm,R_role,2.0,2.0,-0.2431897521018982,-0.3076059855520725,-0.17537818811833866,-0.20720002055168152,4.392056465148926,7.970144748687744,0.7861236780881882,10.138537956356588,1.0,0.52,0.06000000000000005,0.98,6.133124351501465,60.2837028503418
qwen3.5-9b,C,23,24,R_harm,R_harm,-2.0,2.0,-1.7445192337036133,-1.7693011611700058,-1.7206920027732848,0.0007999539375305176,6.568470478057861,1.980036973953247,0.7861236780881882,2.5187346840494538,0.0,-0.48,-0.94,-0.02,-14.499687194824219,57.48166275024414
qwen3.5-9b,C,23,24,R_harm,R_control,-2.0,2.0,-2.017526149749756,-2.043187737464905,-1.9923476725816727,-0.0020000338554382324,6.568470478057861,1.980036973953247,0.7861236780881882,2.5187346840494538,0.0,-0.48,-0.94,-0.02,-14.499687194824219,38.19029235839844
qwen3.5-9b,C,23,24,R_harm,R_role,-2.0,2.0,-0.66208815574646,-0.6694596841931343,-0.6544878974556922,0.027599990367889404,6.568470478057861,1.980036973953247,0.7861236780881882,2.5187346840494538,0.0,-0.48,-0.94,-0.02,-14.499687194824219,20.40843391418457
qwen3.5-9b,C,23,27,R_harm,R_harm,-2.0,2.0,-1.4334617853164673,-1.4827329963445663,-1.3856984078884125,0.001199960708618164,6.568470478057861,1.980036973953247,0.7861236780881882,2.5187346840494538,0.0,-0.48,-0.94,-0.02,-14.499687194824219,70.2427978515625
qwen3.5-9b,C,23,27,R_harm,R_control,-2.0,2.0,-1.7098708152770996,-1.7554426938295364,-1.6646684855222702,-0.0040000081062316895,6.568470478057861,1.980036973953247,0.7861236780881882,2.5187346840494538,0.0,-0.48,-0.94,-0.02,-14.499687194824219,46.31264114379883
qwen3.5-9b,C,23,27,R_harm,R_role,-2.0,2.0,-0.5026281476020813,-0.5127784803509712,-0.49235421493649484,0.037199974060058594,6.568470478057861,1.980036973953247,0.7861236780881882,2.5187346840494538,0.0,-0.48,-0.94,-0.02,-14.499687194824219,22.936437606811523
qwen3.5-9b,C,23,31,R_harm,R_harm,-2.0,2.0,-1.2400888204574585,-1.306330794095993,-1.1768657624721528,-0.0023999810218811035,6.568470478057861,1.980036973953247,0.7861236780881882,2.5187346840494538,0.0,-0.48,-0.94,-0.02,-14.499687194824219,118.91390991210938
qwen3.5-9b,C,23,31,R_harm,R_control,-2.0,2.0,-1.3652186393737793,-1.4295551538467408,-1.3014842927455903,-0.01639997959136963,6.568470478057861,1.980036973953247,0.7861236780881882,2.5187346840494538,0.0,-0.48,-0.94,-0.02,-14.499687194824219,76.66504669189453
qwen3.5-9b,C,23,31,R_harm,R_role,-2.0,2.0,0.11542796343564987,0.0688092689961195,0.16547502726316451,-0.014400005340576172,6.568470478057861,1.980036973953247,0.7861236780881882,2.5187346840494538,0.0,-0.48,-0.94,-0.02,-14.499687194824219,60.2837028503418
qwen3.5-9b,C,23,24,R_harm,R_harm,4.0,4.0,3.4473302364349365,3.4264976918697356,3.4670083105564116,0.0,7.986342906951904,10.57427978515625,5.080216139554977,2.0814625784962266,0.07,-0.41,-0.94,0.12000000000000001,0.25022947788238525,57.48166275024414
qwen3.5-9b,C,23,24,R_harm,R_control,4.0,4.0,3.8419241905212402,3.8187908411026,3.8647164702415466,-0.0020000338554382324,7.986342906951904,10.57427978515625,5.080216139554977,2.0814625784962266,0.07,-0.41,-0.94,0.12000000000000001,0.25022947788238525,38.19029235839844
qwen3.5-9b,C,23,24,R_harm,R_role,4.0,4.0,1.1499969959259033,1.1443293154239655,1.1556813091039657,0.011999964714050293,7.986342906951904,10.57427978515625,5.080216139554977,2.0814625784962266,0.07,-0.41,-0.94,0.12000000000000001,0.25022947788238525,20.40843391418457
qwen3.5-9b,C,23,27,R_harm,R_harm,4.0,4.0,2.574789047241211,2.526450526714325,2.620375657081604,-0.0020000338554382324,7.986342906951904,10.57427978515625,5.080216139554977,2.0814625784962266,0.07,-0.41,-0.94,0.12000000000000001,0.25022947788238525,70.2427978515625
qwen3.5-9b,C,23,27,R_harm,R_control,4.0,4.0,2.666802406311035,2.6142880797386168,2.717789924144745,-0.004400014877319336,7.986342906951904,10.57427978515625,5.080216139554977,2.0814625784962266,0.07,-0.41,-0.94,0.12000000000000001,0.25022947788238525,46.31264114379883
qwen3.5-9b,C,23,27,R_harm,R_role,4.0,4.0,0.6217089295387268,0.6089587897062302,0.6344422176480293,-0.007600009441375732,7.986342906951904,10.57427978515625,5.080216139554977,2.0814625784962266,0.07,-0.41,-0.94,0.12000000000000001,0.25022947788238525,22.936437606811523
qwen3.5-9b,C,23,31,R_harm,R_harm,4.0,4.0,1.1696356534957886,1.0844646096229553,1.251570102572441,-0.017199993133544922,7.986342906951904,10.57427978515625,5.080216139554977,2.0814625784962266,0.07,-0.41,-0.94,0.12000000000000001,0.25022947788238525,118.91390991210938
qwen3.5-9b,C,23,31,R_harm,R_control,4.0,4.0,0.9955900311470032,0.9053511157631874,1.0847114026546478,-0.014799952507019043,7.986342906951904,10.57427978515625,5.080216139554977,2.0814625784962266,0.07,-0.41,-0.94,0.12000000000000001,0.25022947788238525,76.66504669189453
qwen3.5-9b,C,23,31,R_harm,R_role,4.0,4.0,-0.9000958800315857,-0.9572508156299591,-0.8433440506458283,-0.026000022888183594,7.986342906951904,10.57427978515625,5.080216139554977,2.0814625784962266,0.07,-0.41,-0.94,0.12000000000000001,0.25022947788238525,60.2837028503418
qwen3.5-9b,C,23,24,R_harm,R_harm,-4.0,4.0,-3.314657688140869,-3.337307894229889,-3.2927661716938017,0.0007999539375305176,8.565899848937988,3.782292127609253,5.080216139554977,0.7445140174568593,0.0,-0.48,-0.94,-0.02,-15.866406440734863,57.48166275024414
qwen3.5-9b,C,23,24,R_harm,R_control,-4.0,4.0,-3.8204755783081055,-3.845679169893265,-3.795878493785858,-0.001600027084350586,8.565899848937988,3.782292127609253,5.080216139554977,0.7445140174568593,0.0,-0.48,-0.94,-0.02,-15.866406440734863,38.19029235839844
qwen3.5-9b,C,23,24,R_harm,R_role,-4.0,4.0,-1.3401784896850586,-1.3465604722499847,-1.333540803194046,0.022000014781951904,8.565899848937988,3.782292127609253,5.080216139554977,0.7445140174568593,0.0,-0.48,-0.94,-0.02,-15.866406440734863,20.40843391418457
qwen3.5-9b,C,23,27,R_harm,R_harm,-4.0,4.0,-2.51725435256958,-2.5666909217834473,-2.469193196296692,0.0004000067710876465,8.565899848937988,3.782292127609253,5.080216139554977,0.7445140174568593,0.0,-0.48,-0.94,-0.02,-15.866406440734863,70.2427978515625
qwen3.5-9b,C,23,27,R_harm,R_control,-4.0,4.0,-3.020883083343506,-3.072153925895691,-2.9697399735450745,-0.000800013542175293,8.565899848937988,3.782292127609253,5.080216139554977,0.7445140174568593,0.0,-0.48,-0.94,-0.02,-15.866406440734863,46.31264114379883
qwen3.5-9b,C,23,27,R_harm,R_role,-4.0,4.0,-1.0544743537902832,-1.0660845905542373,-1.0426293283700943,0.03919994831085205,8.565899848937988,3.782292127609253,5.080216139554977,0.7445140174568593,0.0,-0.48,-0.94,-0.02,-15.866406440734863,22.936437606811523
qwen3.5-9b,C,23,31,R_harm,R_harm,-4.0,4.0,-1.750738263130188,-1.8364754408597945,-1.6655014038085938,-0.001999974250793457,8.565899848937988,3.782292127609253,5.080216139554977,0.7445140174568593,0.0,-0.48,-0.94,-0.02,-15.866406440734863,118.91390991210938
qwen3.5-9b,C,23,31,R_harm,R_control,-4.0,4.0,-2.0115387439727783,-2.097561979293823,-1.9276296377182007,-0.027599990367889404,8.565899848937988,3.782292127609253,5.080216139554977,0.7445140174568593,0.0,-0.48,-0.94,-0.02,-15.866406440734863,76.66504669189453
qwen3.5-9b,C,23,31,R_harm,R_role,-4.0,4.0,-0.05379021167755127,-0.11250260882079602,0.0037031545012723406,0.4071999788284302,8.565899848937988,3.782292127609253,5.080216139554977,0.7445140174568593,0.0,-0.48,-0.94,-0.02,-15.866406440734863,60.2837028503418
qwen3.5-9b,C,23,24,R_control,R_harm,0.25,0.25,0.12398063391447067,0.12235680650919675,0.12559411004185678,0.0,0.019789351150393486,0.03323362395167351,0.007614277477841824,4.364645765587883,0.49,0.010000000000000009,0.0,0.02,1.5143749713897705,57.48166275024414
qwen3.5-9b,C,23,24,R_control,R_control,0.25,0.25,0.24034322798252106,0.23868005387485028,0.24199272245168685,0.0,0.019789351150393486,0.03323362395167351,0.007614277477841824,4.364645765587883,0.49,0.010000000000000009,0.0,0.02,1.5143749713897705,38.19029235839844
qwen3.5-9b,C,23,24,R_control,R_role,0.25,0.25,0.08158889412879944,0.08085569608956575,0.0822852473706007,0.0015999674797058105,0.019789351150393486,0.03323362395167351,0.007614277477841824,4.364645765587883,0.49,0.010000000000000009,0.0,0.02,1.5143749713897705,20.40843391418457
qwen3.5-9b,C,23,27,R_control,R_harm,0.25,0.25,0.1083759143948555,0.10568800754845142,0.11109635923057794,0.0,0.019789351150393486,0.03323362395167351,0.007614277477841824,4.364645765587883,0.49,0.010000000000000009,0.0,0.02,1.5143749713897705,70.2427978515625
qwen3.5-9b,C,23,27,R_control,R_control,0.25,0.25,0.20175573229789734,0.19836389049887657,0.20525355860590935,0.0004000067710876465,0.019789351150393486,0.03323362395167351,0.007614277477841824,4.364645765587883,0.49,0.010000000000000009,0.0,0.02,1.5143749713897705,46.31264114379883
qwen3.5-9b,C,23,27,R_control,R_role,0.25,0.25,0.0705164447426796,0.0685174847021699,0.07245611678808928,-0.005600035190582275,0.019789351150393486,0.03323362395167351,0.007614277477841824,4.364645765587883,0.49,0.010000000000000009,0.0,0.02,1.5143749713897705,22.936437606811523
qwen3.5-9b,C,23,31,R_control,R_harm,0.25,0.25,0.09482895582914352,0.09184953719377517,0.09783695377409458,-0.0004000067710876465,0.019789351150393486,0.03323362395167351,0.007614277477841824,4.364645765587883,0.49,0.010000000000000009,0.0,0.02,1.5143749713897705,118.91390991210938
qwen3.5-9b,C,23,31,R_control,R_control,0.25,0.25,0.18094804883003235,0.17717584483325483,0.184816724807024,-0.0007999539375305176,0.019789351150393486,0.03323362395167351,0.007614277477841824,4.364645765587883,0.49,0.010000000000000009,0.0,0.02,1.5143749713897705,76.66504669189453
qwen3.5-9b,C,23,31,R_control,R_role,0.25,0.25,0.03046337328851223,0.022057109232991933,0.03940638359636068,0.01639997959136963,0.019789351150393486,0.03323362395167351,0.007614277477841824,4.364645765587883,0.49,0.010000000000000009,0.0,0.02,1.5143749713897705,60.2837028503418
qwen3.5-9b,C,23,24,R_control,R_harm,-0.25,0.25,-0.12358742952346802,-0.12578886821866037,-0.12136757485568524,0.0,0.021327847614884377,0.03253212943673134,0.007614277477841824,4.272516930385387,0.47,-0.010000000000000009,0.0,-0.02,-1.536562442779541,57.48166275024414
qwen3.5-9b,C,23,24,R_control,R_control,-0.25,0.25,-0.2397986203432083,-0.2422050192952156,-0.23738326728343964,0.0,0.021327847614884377,0.03253212943673134,0.007614277477841824,4.272516930385387,0.47,-0.010000000000000009,0.0,-0.02,-1.536562442779541,38.19029235839844
qwen3.5-9b,C,23,24,R_control,R_role,-0.25,0.25,-0.08166807144880295,-0.08232750669121743,-0.08092008382081986,-0.0020000338554382324,0.021327847614884377,0.03253212943673134,0.007614277477841824,4.272516930385387,0.47,-0.010000000000000009,0.0,-0.02,-1.536562442779541,20.40843391418457
qwen3.5-9b,C,23,27,R_control,R_harm,-0.25,0.25,-0.11060112714767456,-0.11463911514729261,-0.10663992147892715,0.0004000067710876465,0.021327847614884377,0.03253212943673134,0.007614277477841824,4.272516930385387,0.47,-0.010000000000000009,0.0,-0.02,-1.536562442779541,70.2427978515625
qwen3.5-9b,C,23,27,R_control,R_control,-0.25,0.25,-0.2050185650587082,-0.20856572277843952,-0.20176650509238245,0.0,0.021327847614884377,0.03253212943673134,0.007614277477841824,4.272516930385387,0.47,-0.010000000000000009,0.0,-0.02,-1.536562442779541,46.31264114379883
qwen3.5-9b,C,23,27,R_control,R_role,-0.25,0.25,-0.07154977321624756,-0.07316402159631252,-0.06989783123135566,-0.0012000203132629395,0.021327847614884377,0.03253212943673134,0.007614277477841824,4.272516930385387,0.47,-0.010000000000000009,0.0,-0.02,-1.536562442779541,22.936437606811523
qwen3.5-9b,C,23,31,R_control,R_harm,-0.25,0.25,-0.09645123779773712,-0.10115223340690135,-0.09175241775810719,0.0,0.021327847614884377,0.03253212943673134,0.007614277477841824,4.272516930385387,0.47,-0.010000000000000009,0.0,-0.02,-1.536562442779541,118.91390991210938
qwen3.5-9b,C,23,31,R_control,R_control,-0.25,0.25,-0.18108737468719482,-0.18500534445047379,-0.17753081656992437,0.000800013542175293,0.021327847614884377,0.03253212943673134,0.007614277477841824,4.272516930385387,0.47,-0.010000000000000009,0.0,-0.02,-1.536562442779541,76.66504669189453
qwen3.5-9b,C,23,31,R_control,R_role,-0.25,0.25,-0.03693707287311554,-0.046029641572386024,-0.027615046221762897,-0.007600009441375732,0.021327847614884377,0.03253212943673134,0.007614277477841824,4.272516930385387,0.47,-0.010000000000000009,0.0,-0.02,-1.536562442779541,60.2837028503418
qwen3.5-9b,C,23,24,R_control,R_harm,0.5,0.5,0.24794551730155945,0.24532668814063072,0.2505225740373135,0.0,0.08102772384881973,0.14083543419837952,0.03020414267666638,4.662785357161591,0.54,0.06000000000000005,0.020000000000000018,0.09999999999999999,2.8162500858306885,57.48166275024414
qwen3.5-9b,C,23,24,R_control,R_control,0.5,0.5,0.4803287982940674,0.47761598527431487,0.4829945497214794,0.0,0.08102772384881973,0.14083543419837952,0.03020414267666638,4.662785357161591,0.54,0.06000000000000005,0.020000000000000018,0.09999999999999999,2.8162500858306885,38.19029235839844
qwen3.5-9b,C,23,24,R_control,R_role,0.5,0.5,0.16298966109752655,0.16155955083668233,0.1643665511161089,0.0031999945640563965,0.08102772384881973,0.14083543419837952,0.03020414267666638,4.662785357161591,0.54,0.06000000000000005,0.020000000000000018,0.09999999999999999,2.8162500858306885,20.40843391418457
qwen3.5-9b,C,23,27,R_control,R_harm,0.5,0.5,0.21494930982589722,0.21060811243951322,0.21956055723130702,-0.0004000067710876465,0.08102772384881973,0.14083543419837952,0.03020414267666638,4.662785357161591,0.54,0.06000000000000005,0.020000000000000018,0.09999999999999999,2.8162500858306885,70.2427978515625
qwen3.5-9b,C,23,27,R_control,R_control,0.5,0.5,0.4002043902873993,0.3920695185661316,0.40813268199563024,-0.0004000067710876465,0.08102772384881973,0.14083543419837952,0.03020414267666638,4.662785357161591,0.54,0.06000000000000005,0.020000000000000018,0.09999999999999999,2.8162500858306885,46.31264114379883
qwen3.5-9b,C,23,27,R_control,R_role,0.5,0.5,0.1399334967136383,0.13549428954720497,0.1444089539349079,-0.017200052738189697,0.08102772384881973,0.14083543419837952,0.03020414267666638,4.662785357161591,0.54,0.06000000000000005,0.020000000000000018,0.09999999999999999,2.8162500858306885,22.936437606811523
qwen3.5-9b,C,23,31,R_control,R_harm,0.5,0.5,0.18660122156143188,0.18182842582464218,0.19152689278125762,-0.0004000067710876465,0.08102772384881973,0.14083543419837952,0.03020414267666638,4.662785357161591,0.54,0.06000000000000005,0.020000000000000018,0.09999999999999999,2.8162500858306885,118.91390991210938
qwen3.5-9b,C,23,31,R_control,R_control,0.5,0.5,0.3594713509082794,0.35062987431883813,0.36818751618266105,-0.0015999674797058105,0.08102772384881973,0.14083543419837952,0.03020414267666638,4.662785357161591,0.54,0.06000000000000005,0.020000000000000018,0.09999999999999999,2.8162500858306885,76.66504669189453
qwen3.5-9b,C,23,31,R_control,R_role,0.5,0.5,0.060146261006593704,0.04403752787038684,0.07773251868784427,0.03799998760223389,0.08102772384881973,0.14083543419837952,0.03020414267666638,4.662785357161591,0.54,0.06000000000000005,0.020000000000000018,0.09999999999999999,2.8162500858306885,60.2837028503418
qwen3.5-9b,C,23,24,R_control,R_harm,-0.5,0.5,-0.2461780607700348,-0.2511386699974537,-0.2413616742938757,0.0004000067710876465,0.09000816941261292,0.12431417405605316,0.03020414267666638,4.115798795775444,0.47,-0.010000000000000009,0.0,-0.02,-2.9540624618530273,57.48166275024414
qwen3.5-9b,C,23,24,R_control,R_control,-0.5,0.5,-0.4776790142059326,-0.48305184170603754,-0.4722393527626991,0.0,0.09000816941261292,0.12431417405605316,0.03020414267666638,4.115798795775444,0.47,-0.010000000000000009,0.0,-0.02,-2.9540624618530273,38.19029235839844
qwen3.5-9b,C,23,24,R_control,R_role,-0.5,0.5,-0.16311578452587128,-0.164368137717247,-0.16172426491975783,-0.0040000081062316895,0.09000816941261292,0.12431417405605316,0.03020414267666638,4.115798795775444,0.47,-0.010000000000000009,0.0,-0.02,-2.9540624618530273,20.40843391418457
qwen3.5-9b,C,23,27,R_control,R_harm,-0.5,0.5,-0.22300173342227936,-0.23241172581911088,-0.21355278529226782,0.000800013542175293,0.09000816941261292,0.12431417405605316,0.03020414267666638,4.115798795775444,0.47,-0.010000000000000009,0.0,-0.02,-2.9540624618530273,70.2427978515625
qwen3.5-9b,C,23,27,R_control,R_control,-0.5,0.5,-0.41250377893447876,-0.42015266939997675,-0.4052180990576744,0.0004000067710876465,0.09000816941261292,0.12431417405605316,0.03020414267666638,4.115798795775444,0.47,-0.010000000000000009,0.0,-0.02,-2.9540624618530273,46.31264114379883
qwen3.5-9b,C,23,27,R_control,R_role,-0.5,0.5,-0.14367054402828217,-0.1467194054275751,-0.14063630551099776,-0.005200028419494629,0.09000816941261292,0.12431417405605316,0.03020414267666638,4.115798795775444,0.47,-0.010000000000000009,0.0,-0.02,-2.9540624618530273,22.936437606811523
qwen3.5-9b,C,23,31,R_control,R_harm,-0.5,0.5,-0.19338922202587128,-0.20444174185395242,-0.18273543268442155,0.0004000067710876465,0.09000816941261292,0.12431417405605316,0.03020414267666638,4.115798795775444,0.47,-0.010000000000000009,0.0,-0.02,-2.9540624618530273,118.91390991210938
qwen3.5-9b,C,23,31,R_control,R_control,-0.5,0.5,-0.36089596152305603,-0.36964122131466864,-0.35264246389269827,-0.0003999471664428711,0.09000816941261292,0.12431417405605316,0.03020414267666638,4.115798795775444,0.47,-0.010000000000000009,0.0,-0.02,-2.9540624618530273,76.66504669189453
qwen3.5-9b,C,23,31,R_control,R_role,-0.5,0.5,-0.092839814722538,-0.11171551812440157,-0.07435604855418207,-0.03320002555847168,0.09000816941261292,0.12431417405605316,0.03020414267666638,4.115798795775444,0.47,-0.010000000000000009,0.0,-0.02,-2.9540624618530273,60.2837028503418
qwen3.5-9b,C,23,24,R_control,R_harm,1.0,1.0,0.49335503578186035,0.4902409642934799,0.49639987498521804,0.0,0.381602942943573,0.7024362683296204,0.14113933220505714,4.976899474832937,0.69,0.20999999999999996,0.040000000000000036,0.38,4.43359375,57.48166275024414
qwen3.5-9b,C,23,24,R_control,R_control,1.0,1.0,0.9553167819976807,0.9506323888897896,0.9596437200903892,0.0,0.381602942943573,0.7024362683296204,0.14113933220505714,4.976899474832937,0.69,0.20999999999999996,0.040000000000000036,0.38,4.43359375,38.19029235839844
qwen3.5-9b,C,23,24,R_control,R_role,1.0,1.0,0.32517266273498535,0.3224575981497765,0.3277950018644333,0.0031999945640563965,0.381602942943573,0.7024362683296204,0.14113933220505714,4.976899474832937,0.69,0.20999999999999996,0.040000000000000036,0.38,4.43359375,20.40843391418457
qwen3.5-9b,C,23,27,R_control,R_harm,1.0,1.0,0.42286550998687744,0.41473443880677224,0.43105191737413406,-0.0004000067710876465,0.381602942943573,0.7024362683296204,0.14113933220505714,4.976899474832937,0.69,0.20999999999999996,0.040000000000000036,0.38,4.43359375,70.2427978515625
qwen3.5-9b,C,23,27,R_control,R_control,1.0,1.0,0.7859677076339722,0.7655196070671082,0.8059770613908768,-0.001600027084350586,0.381602942943573,0.7024362683296204,0.14113933220505714,4.976899474832937,0.69,0.20999999999999996,0.040000000000000036,0.38,4.43359375,46.31264114379883
qwen3.5-9b,C,23,27,R_control,R_role,1.0,1.0,0.2758809030056,0.26567326560616494,0.2860999330878258,-0.05760002136230469,0.381602942943573,0.7024362683296204,0.14113933220505714,4.976899474832937,0.69,0.20999999999999996,0.040000000000000036,0.38,4.43359375,22.936437606811523
qwen3.5-9b,C,23,31,R_control,R_harm,1.0,1.0,0.35218656063079834,0.342058976739645,0.36242181733250617,-0.000800013542175293,0.381602942943573,0.7024362683296204,0.14113933220505714,4.976899474832937,0.69,0.20999999999999996,0.040000000000000036,0.38,4.43359375,118.91390991210938
qwen3.5-9b,C,23,31,R_control,R_control,1.0,1.0,0.6960704326629639,0.6735990762710571,0.7181765392422675,-0.0023999810218811035,0.381602942943573,0.7024362683296204,0.14113933220505714,4.976899474832937,0.69,0.20999999999999996,0.040000000000000036,0.38,4.43359375,76.66504669189453
qwen3.5-9b,C,23,31,R_control,R_role,1.0,1.0,0.1786869466304779,0.14846606664359568,0.21138156652450563,0.06599998474121094,0.381602942943573,0.7024362683296204,0.14113933220505714,4.976899474832937,0.69,0.20999999999999996,0.040000000000000036,0.38,4.43359375,60.2837028503418
qwen3.5-9b,C,23,24,R_control,R_harm,-1.0,1.0,-0.4844529628753662,-0.4954094089567661,-0.4738305933773518,0.0004000067710876465,0.47938278317451477,0.5224936604499817,0.14113933220505714,3.7019706150434817,0.41,-0.07,-0.12,-0.02,-5.506875038146973,57.48166275024414
qwen3.5-9b,C,23,24,R_control,R_control,-1.0,1.0,-0.9424986839294434,-0.9547611117362976,-0.9299026459455491,-0.001600027084350586,0.47938278317451477,0.5224936604499817,0.14113933220505714,3.7019706150434817,0.41,-0.07,-0.12,-0.02,-5.506875038146973,38.19029235839844
qwen3.5-9b,C,23,24,R_control,R_role,-1.0,1.0,-0.32637542486190796,-0.3286093533039093,-0.32389819249510765,-0.005200028419494629,0.47938278317451477,0.5224936604499817,0.14113933220505714,3.7019706150434817,0.41,-0.07,-0.12,-0.02,-5.506875038146973,20.40843391418457
qwen3.5-9b,C,23,27,R_control,R_harm,-1.0,1.0,-0.44440463185310364,-0.4666700683534145,-0.42229054495692253,0.001199960708618164,0.47938278317451477,0.5224936604499817,0.14113933220505714,3.7019706150434817,0.41,-0.07,-0.12,-0.02,-5.506875038146973,70.2427978515625
qwen3.5-9b,C,23,27,R_control,R_control,-1.0,1.0,-0.8271337747573853,-0.8463652312755585,-0.8076487585902214,-0.001600027084350586,0.47938278317451477,0.5224936604499817,0.14113933220505714,3.7019706150434817,0.41,-0.07,-0.12,-0.02,-5.506875038146973,46.31264114379883
qwen3.5-9b,C,23,27,R_control,R_role,-1.0,1.0,-0.29120558500289917,-0.2966139405965805,-0.28573290407657626,-0.017200052738189697,0.47938278317451477,0.5224936604499817,0.14113933220505714,3.7019706150434817,0.41,-0.07,-0.12,-0.02,-5.506875038146973,22.936437606811523
qwen3.5-9b,C,23,31,R_control,R_harm,-1.0,1.0,-0.3745618164539337,-0.4009148806333542,-0.34955237880349166,0.0004000067710876465,0.47938278317451477,0.5224936604499817,0.14113933220505714,3.7019706150434817,0.41,-0.07,-0.12,-0.02,-5.506875038146973,118.91390991210938
qwen3.5-9b,C,23,31,R_control,R_control,-1.0,1.0,-0.7062579989433289,-0.7292722061276435,-0.6824372738599778,-0.0015999674797058105,0.47938278317451477,0.5224936604499817,0.14113933220505714,3.7019706150434817,0.41,-0.07,-0.12,-0.02,-5.506875038146973,76.66504669189453
qwen3.5-9b,C,23,31,R_control,R_role,-1.0,1.0,-0.29071852564811707,-0.3305059641599655,-0.25256143361330036,-0.14959999918937683,0.47938278317451477,0.5224936604499817,0.14113933220505714,3.7019706150434817,0.41,-0.07,-0.12,-0.02,-5.506875038146973,60.2837028503418
qwen3.5-9b,C,23,24,R_control,R_harm,2.0,2.0,0.9636555314064026,0.957921116054058,0.9691841304302216,0.0,1.300845980644226,2.4632506370544434,0.7861236780881882,3.133413616347164,1.0,0.52,0.06000000000000005,0.98,4.753046989440918,57.48166275024414
qwen3.5-9b,C,23,24,R_control,R_control,2.0,2.0,1.8676260709762573,1.8552698910236358,1.8792254686355592,0.0,1.300845980644226,2.4632506370544434,0.7861236780881882,3.133413616347164,1.0,0.52,0.06000000000000005,0.98,4.753046989440918,38.19029235839844
qwen3.5-9b,C,23,24,R_control,R_role,2.0,2.0,0.6406382918357849,0.6358564600348473,0.6450901210308075,0.0012000203132629395,1.300845980644226,2.4632506370544434,0.7861236780881882,3.133413616347164,1.0,0.52,0.06000000000000005,0.98,4.753046989440918,20.40843391418457
qwen3.5-9b,C,23,27,R_control,R_harm,2.0,2.0,0.8047717809677124,0.7826583087444305,0.8265214949846268,-0.0004000067710876465,1.300845980644226,2.4632506370544434,0.7861236780881882,3.133413616347164,1.0,0.52,0.06000000000000005,0.98,4.753046989440918,70.2427978515625
qwen3.5-9b,C,23,27,R_control,R_control,2.0,2.0,1.4832671880722046,1.4358677625656129,1.5284840255975722,-0.003600001335144043,1.300845980644226,2.4632506370544434,0.7861236780881882,3.133413616347164,1.0,0.52,0.06000000000000005,0.98,4.753046989440918,46.31264114379883
qwen3.5-9b,C,23,27,R_control,R_role,2.0,2.0,0.5123782157897949,0.49198087081313135,0.5321935042738914,-0.15080004930496216,1.300845980644226,2.4632506370544434,0.7861236780881882,3.133413616347164,1.0,0.52,0.06000000000000005,0.98,4.753046989440918,22.936437606811523
qwen3.5-9b,C,23,31,R_control,R_harm,2.0,2.0,0.5938333868980408,0.5615046814084053,0.6249747961759567,-0.0023999810218811035,1.300845980644226,2.4632506370544434,0.7861236780881882,3.133413616347164,1.0,0.52,0.06000000000000005,0.98,4.753046989440918,118.91390991210938
qwen3.5-9b,C,23,31,R_control,R_control,2.0,2.0,1.214654803276062,1.1546492546796798,1.272662192583084,-0.01799994707107544,1.300845980644226,2.4632506370544434,0.7861236780881882,3.133413616347164,1.0,0.52,0.06000000000000005,0.98,4.753046989440918,76.66504669189453
qwen3.5-9b,C,23,31,R_control,R_role,2.0,2.0,0.6603264808654785,0.6156619429588318,0.7087546855211257,-0.07559999823570251,1.300845980644226,2.4632506370544434,0.7861236780881882,3.133413616347164,1.0,0.52,0.06000000000000005,0.98,4.753046989440918,60.2837028503418
qwen3.5-9b,C,23,24,R_control,R_harm,-2.0,2.0,-0.9227145314216614,-0.9424044698476791,-0.9032887816429138,0.0007999539375305176,5.45463752746582,2.3699069023132324,0.7861236780881882,3.014674367876468,0.0,-0.48,-0.94,-0.02,-11.604687690734863,57.48166275024414
qwen3.5-9b,C,23,24,R_control,R_control,-2.0,2.0,-1.813740849494934,-1.836292788386345,-1.7906149119138717,-0.0012000203132629395,5.45463752746582,2.3699069023132324,0.7861236780881882,3.014674367876468,0.0,-0.48,-0.94,-0.02,-11.604687690734863,38.19029235839844
qwen3.5-9b,C,23,24,R_control,R_role,-2.0,2.0,-0.6491854786872864,-0.6528180554509163,-0.6454921528697014,0.004400014877319336,5.45463752746582,2.3699069023132324,0.7861236780881882,3.014674367876468,0.0,-0.48,-0.94,-0.02,-11.604687690734863,20.40843391418457
qwen3.5-9b,C,23,27,R_control,R_harm,-2.0,2.0,-0.817287802696228,-0.8581069201231003,-0.777851040661335,0.0015999674797058105,5.45463752746582,2.3699069023132324,0.7861236780881882,3.014674367876468,0.0,-0.48,-0.94,-0.02,-11.604687690734863,70.2427978515625
qwen3.5-9b,C,23,27,R_control,R_control,-2.0,2.0,-1.577913761138916,-1.6194722175598144,-1.5361911475658416,-0.0031999945640563965,5.45463752746582,2.3699069023132324,0.7861236780881882,3.014674367876468,0.0,-0.48,-0.94,-0.02,-11.604687690734863,46.31264114379883
qwen3.5-9b,C,23,27,R_control,R_role,-2.0,2.0,-0.5758678913116455,-0.5832039803266525,-0.5679051250219346,-0.0196000337600708,5.45463752746582,2.3699069023132324,0.7861236780881882,3.014674367876468,0.0,-0.48,-0.94,-0.02,-11.604687690734863,22.936437606811523
qwen3.5-9b,C,23,31,R_control,R_harm,-2.0,2.0,-0.6439206600189209,-0.6953073680400849,-0.5957624211907389,-0.001999974250793457,5.45463752746582,2.3699069023132324,0.7861236780881882,3.014674367876468,0.0,-0.48,-0.94,-0.02,-11.604687690734863,118.91390991210938
qwen3.5-9b,C,23,31,R_control,R_control,-2.0,2.0,-1.2837198972702026,-1.3397729068994522,-1.2266240209341048,-0.010399997234344482,5.45463752746582,2.3699069023132324,0.7861236780881882,3.014674367876468,0.0,-0.48,-0.94,-0.02,-11.604687690734863,76.66504669189453
qwen3.5-9b,C,23,31,R_control,R_role,-2.0,2.0,-0.5824384093284607,-0.6336618781089782,-0.5298004254698754,-0.1308000087738037,5.45463752746582,2.3699069023132324,0.7861236780881882,3.014674367876468,0.0,-0.48,-0.94,-0.02,-11.604687690734863,60.2837028503418
qwen3.5-9b,C,23,24,R_control,R_harm,4.0,4.0,1.8132617473602295,1.7979709327220916,1.8274126529693604,0.0,3.282899856567383,4.954120635986328,5.080216139554977,0.9751791065370508,0.98,0.5,0.020000000000000018,0.98,4.948513031005859,57.48166275024414
qwen3.5-9b,C,23,24,R_control,R_control,4.0,4.0,3.5460619926452637,3.5229773998260496,3.568878149986267,0.0,3.282899856567383,4.954120635986328,5.080216139554977,0.9751791065370508,0.98,0.5,0.020000000000000018,0.98,4.948513031005859,38.19029235839844
qwen3.5-9b,C,23,24,R_control,R_role,4.0,4.0,1.2344462871551514,1.2283789813518524,1.2404745161533355,0.00839996337890625,3.282899856567383,4.954120635986328,5.080216139554977,0.9751791065370508,0.98,0.5,0.020000000000000018,0.98,4.948513031005859,20.40843391418457
qwen3.5-9b,C,23,27,R_control,R_harm,4.0,4.0,1.4099136590957642,1.370444229245186,1.4476571381092072,-0.0012000203132629395,3.282899856567383,4.954120635986328,5.080216139554977,0.9751791065370508,0.98,0.5,0.020000000000000018,0.98,4.948513031005859,70.2427978515625
qwen3.5-9b,C,23,27,R_control,R_control,4.0,4.0,2.6297225952148438,2.5700981616973877,2.68768253326416,-0.005200028419494629,3.282899856567383,4.954120635986328,5.080216139554977,0.9751791065370508,0.98,0.5,0.020000000000000018,0.98,4.948513031005859,46.31264114379883
qwen3.5-9b,C,23,27,R_control,R_role,4.0,4.0,0.8710910677909851,0.8527433559298515,0.8897531569004059,-0.1008000373840332,3.282899856567383,4.954120635986328,5.080216139554977,0.9751791065370508,0.98,0.5,0.020000000000000018,0.98,4.948513031005859,22.936437606811523
qwen3.5-9b,C,23,31,R_control,R_harm,4.0,4.0,0.8247761726379395,0.7548307046294213,0.8936559915542602,-0.012000024318695068,3.282899856567383,4.954120635986328,5.080216139554977,0.9751791065370508,0.98,0.5,0.020000000000000018,0.98,4.948513031005859,118.91390991210938
qwen3.5-9b,C,23,31,R_control,R_control,4.0,4.0,1.55864679813385,1.4421612560749053,1.6734896838665008,-0.613599956035614,3.282899856567383,4.954120635986328,5.080216139554977,0.9751791065370508,0.98,0.5,0.020000000000000018,0.98,4.948513031005859,76.66504669189453
qwen3.5-9b,C,23,31,R_control,R_role,4.0,4.0,0.539391815662384,0.4783241555094719,0.6018927976489067,-0.3984000086784363,3.282899856567383,4.954120635986328,5.080216139554977,0.9751791065370508,0.98,0.5,0.020000000000000018,0.98,4.948513031005859,60.2837028503418
qwen3.5-9b,C,23,24,R_control,R_harm,-4.0,4.0,-1.7156840562820435,-1.7385301023721695,-1.6937544822692872,0.0007999539375305176,12.921306610107422,7.2830305099487305,5.080216139554977,1.4336064273412426,0.0,-0.48,-0.94,-0.02,-17.290311813354492,57.48166275024414
qwen3.5-9b,C,23,24,R_control,R_control,-4.0,4.0,-3.420536518096924,-3.4471118092536925,-3.3944922208786013,-0.001600027084350586,12.921306610107422,7.2830305099487305,5.080216139554977,1.4336064273412426,0.0,-0.48,-0.94,-0.02,-17.290311813354492,38.19029235839844
qwen3.5-9b,C,23,24,R_control,R_role,-4.0,4.0,-1.2872467041015625,-1.2928642064332962,-1.2814385145902634,0.01639997959136963,12.921306610107422,7.2830305099487305,5.080216139554977,1.4336064273412426,0.0,-0.48,-0.94,-0.02,-17.290311813354492,20.40843391418457
qwen3.5-9b,C,23,27,R_control,R_harm,-4.0,4.0,-1.388075590133667,-1.4363749831914903,-1.3411494702100755,0.001199960708618164,12.921306610107422,7.2830305099487305,5.080216139554977,1.4336064273412426,0.0,-0.48,-0.94,-0.02,-17.290311813354492,70.2427978515625
qwen3.5-9b,C,23,27,R_control,R_control,-4.0,4.0,-2.781679630279541,-2.8342725932598114,-2.72911279797554,-0.0012000203132629395,12.921306610107422,7.2830305099487305,5.080216139554977,1.4336064273412426,0.0,-0.48,-0.94,-0.02,-17.290311813354492,46.31264114379883
qwen3.5-9b,C,23,27,R_control,R_role,-4.0,4.0,-1.120270013809204,-1.1296448975801467,-1.1101082146167756,0.013999998569488525,12.921306610107422,7.2830305099487305,5.080216139554977,1.4336064273412426,0.0,-0.48,-0.94,-0.02,-17.290311813354492,22.936437606811523
qwen3.5-9b,C,23,31,R_control,R_harm,-4.0,4.0,-0.9602944254875183,-1.0267572492361068,-0.8948598369956017,0.001999974250793457,12.921306610107422,7.2830305099487305,5.080216139554977,1.4336064273412426,0.0,-0.48,-0.94,-0.02,-17.290311813354492,118.91390991210938
qwen3.5-9b,C,23,31,R_control,R_control,-4.0,4.0,-1.973265528678894,-2.0510209619998934,-1.8937154829502105,-0.0031999945640563965,12.921306610107422,7.2830305099487305,5.080216139554977,1.4336064273412426,0.0,-0.48,-0.94,-0.02,-17.290311813354492,76.66504669189453
qwen3.5-9b,C,23,31,R_control,R_role,-4.0,4.0,-0.8639904260635376,-0.9226835891604424,-0.8069968700408936,-0.07240000367164612,12.921306610107422,7.2830305099487305,5.080216139554977,1.4336064273412426,0.0,-0.48,-0.94,-0.02,-17.290311813354492,60.2837028503418
qwen3.5-9b,C,23,24,R_role,R_harm,0.25,0.25,0.012046798132359982,0.011729314783588051,0.012375221122056246,0.0,0.0022231144830584526,0.003646446391940117,0.007614277477841824,0.4788959165924248,0.49,0.010000000000000009,0.0,0.02,-0.6153125166893005,57.48166275024414
qwen3.5-9b,C,23,24,R_role,R_control,0.25,0.25,0.028380490839481354,0.02794734635390341,0.028820042870938777,0.0,0.0022231144830584526,0.003646446391940117,0.007614277477841824,0.4788959165924248,0.49,0.010000000000000009,0.0,0.02,-0.6153125166893005,38.19029235839844
qwen3.5-9b,C,23,24,R_role,R_role,0.25,0.25,0.25002238154411316,0.24899429008364676,0.2510628946125507,0.0051999688148498535,0.0022231144830584526,0.003646446391940117,0.007614277477841824,0.4788959165924248,0.49,0.010000000000000009,0.0,0.02,-0.6153125166893005,20.40843391418457
qwen3.5-9b,C,23,27,R_role,R_harm,0.25,0.25,0.009729931131005287,0.009253331529907882,0.010229986067861317,0.0,0.0022231144830584526,0.003646446391940117,0.007614277477841824,0.4788959165924248,0.49,0.010000000000000009,0.0,0.02,-0.6153125166893005,70.2427978515625
qwen3.5-9b,C,23,27,R_role,R_control,0.25,0.25,0.02645399048924446,0.025780152436345814,0.027179411239922048,0.0004000067710876465,0.0022231144830584526,0.003646446391940117,0.007614277477841824,0.4788959165924248,0.49,0.010000000000000009,0.0,0.02,-0.6153125166893005,46.31264114379883
qwen3.5-9b,C,23,27,R_role,R_role,0.25,0.25,0.24045701324939728,0.23781457729637623,0.24314631819725036,0.016799986362457275,0.0022231144830584526,0.003646446391940117,0.007614277477841824,0.4788959165924248,0.49,0.010000000000000009,0.0,0.02,-0.6153125166893005,22.936437606811523
qwen3.5-9b,C,23,31,R_role,R_harm,0.25,0.25,-0.0017274821875616908,-0.0026697573834098876,-0.0007565503095975147,0.0,0.0022231144830584526,0.003646446391940117,0.007614277477841824,0.4788959165924248,0.49,0.010000000000000009,0.0,0.02,-0.6153125166893005,118.91390991210938
qwen3.5-9b,C,23,31,R_role,R_control,0.25,0.25,0.015474490821361542,0.01426201977301389,0.01679138010367751,0.0,0.0022231144830584526,0.003646446391940117,0.007614277477841824,0.4788959165924248,0.49,0.010000000000000009,0.0,0.02,-0.6153125166893005,76.66504669189453
qwen3.5-9b,C,23,31,R_role,R_role,0.25,0.25,0.17715875804424286,0.16984030455350876,0.1843336183577776,0.039999961853027344,0.0022231144830584526,0.003646446391940117,0.007614277477841824,0.4788959165924248,0.49,0.010000000000000009,0.0,0.02,-0.6153125166893005,60.2837028503418
qwen3.5-9b,C,23,24,R_role,R_harm,-0.25,0.25,-0.012513991445302963,-0.012968141725286842,-0.012086795317009092,0.0,0.0021405296865850687,0.0036024367436766624,0.007614277477841824,0.4731160315814666,0.48,0.0,0.0,0.0,0.6240624785423279,57.48166275024414
qwen3.5-9b,C,23,24,R_role,R_control,-0.25,0.25,-0.029088295996189117,-0.029667231859639286,-0.028519241837784648,0.0,0.0021405296865850687,0.0036024367436766624,0.007614277477841824,0.4731160315814666,0.48,0.0,0.0,0.0,0.6240624785423279,38.19029235839844
qwen3.5-9b,C,23,24,R_role,R_role,-0.25,0.25,-0.2495637834072113,-0.25063555836677553,-0.2485075730830431,-0.006399989128112793,0.0021405296865850687,0.0036024367436766624,0.007614277477841824,0.4731160315814666,0.48,0.0,0.0,0.0,0.6240624785423279,20.40843391418457
qwen3.5-9b,C,23,27,R_role,R_harm,-0.25,0.25,-0.0108292605727911,-0.011548522673547269,-0.010158271808177233,0.0,0.0021405296865850687,0.0036024367436766624,0.007614277477841824,0.4731160315814666,0.48,0.0,0.0,0.0,0.6240624785423279,70.2427978515625
qwen3.5-9b,C,23,27,R_role,R_control,-0.25,0.25,-0.028011569753289223,-0.02899477370083332,-0.027095344616100196,0.0,0.0021405296865850687,0.0036024367436766624,0.007614277477841824,0.4731160315814666,0.48,0.0,0.0,0.0,0.6240624785423279,46.31264114379883
qwen3.5-9b,C,23,27,R_role,R_role,-0.25,0.25,-0.23952864110469818,-0.2423793438822031,-0.23687218502163887,-0.020000040531158447,0.0021405296865850687,0.0036024367436766624,0.007614277477841824,0.4731160315814666,0.48,0.0,0.0,0.0,0.6240624785423279,22.936437606811523
qwen3.5-9b,C,23,31,R_role,R_harm,-0.25,0.25,0.0005523811560124159,-0.0007325018596020527,0.00179111883335281,0.0,0.0021405296865850687,0.0036024367436766624,0.007614277477841824,0.4731160315814666,0.48,0.0,0.0,0.0,0.6240624785423279,118.91390991210938
qwen3.5-9b,C,23,31,R_role,R_control,-0.25,0.25,-0.01713448204100132,-0.018702659429982303,-0.015626948326826096,0.0004000067710876465,0.0021405296865850687,0.0036024367436766624,0.007614277477841824,0.4731160315814666,0.48,0.0,0.0,0.0,0.6240624785423279,76.66504669189453
qwen3.5-9b,C,23,31,R_role,R_role,-0.25,0.25,-0.17795686423778534,-0.1853397950530052,-0.17030522376298904,-0.03080001473426819,0.0021405296865850687,0.0036024367436766624,0.007614277477841824,0.4731160315814666,0.48,0.0,0.0,0.0,0.6240624785423279,60.2837028503418
qwen3.5-9b,C,23,24,R_role,R_harm,0.5,0.5,0.023692797869443893,0.023135408665984868,0.024275948060676455,0.0,0.008196022361516953,0.013552728109061718,0.03020414267666638,0.44870428054002054,0.49,0.010000000000000009,0.0,0.02,-1.232812523841858,57.48166275024414
qwen3.5-9b,C,23,24,R_role,R_control,0.5,0.5,0.05616907775402069,0.055378167517483236,0.05697514461353421,0.0,0.008196022361516953,0.013552728109061718,0.03020414267666638,0.44870428054002054,0.49,0.010000000000000009,0.0,0.02,-1.232812523841858,38.19029235839844
qwen3.5-9b,C,23,24,R_role,R_role,0.5,0.5,0.49987563490867615,0.4979521408677101,0.5018542289733887,0.013199985027313232,0.008196022361516953,0.013552728109061718,0.03020414267666638,0.44870428054002054,0.49,0.010000000000000009,0.0,0.02,-1.232812523841858,20.40843391418457
qwen3.5-9b,C,23,27,R_role,R_harm,0.5,0.5,0.018513495102524757,0.01772034466266632,0.01935588726773858,0.0,0.008196022361516953,0.013552728109061718,0.03020414267666638,0.44870428054002054,0.49,0.010000000000000009,0.0,0.02,-1.232812523841858,70.2427978515625
qwen3.5-9b,C,23,27,R_role,R_control,0.5,0.5,0.05157109349966049,0.05044723823666573,0.05281677087768912,0.0004000067710876465,0.008196022361516953,0.013552728109061718,0.03020414267666638,0.44870428054002054,0.49,0.010000000000000009,0.0,0.02,-1.232812523841858,46.31264114379883
qwen3.5-9b,C,23,27,R_role,R_role,0.5,0.5,0.4806654751300812,0.47553263455629347,0.48617762252688407,0.0307999849319458,0.008196022361516953,0.013552728109061718,0.03020414267666638,0.44870428054002054,0.49,0.010000000000000009,0.0,0.02,-1.232812523841858,22.936437606811523
qwen3.5-9b,C,23,31,R_role,R_harm,0.5,0.5,-0.0045222751796245575,-0.006220917927566916,-0.002793098089750858,0.0,0.008196022361516953,0.013552728109061718,0.03020414267666638,0.44870428054002054,0.49,0.010000000000000009,0.0,0.02,-1.232812523841858,118.91390991210938
qwen3.5-9b,C,23,31,R_role,R_control,0.5,0.5,0.02977193519473076,0.027643306041136385,0.03211212139576673,0.0,0.008196022361516953,0.013552728109061718,0.03020414267666638,0.44870428054002054,0.49,0.010000000000000009,0.0,0.02,-1.232812523841858,76.66504669189453
qwen3.5-9b,C,23,31,R_role,R_role,0.5,0.5,0.35082903504371643,0.33652954548597336,0.3648004129528999,0.07239997386932373,0.008196022361516953,0.013552728109061718,0.03020414267666638,0.44870428054002054,0.49,0.010000000000000009,0.0,0.02,-1.232812523841858,60.2837028503418
qwen3.5-9b,C,23,24,R_role,R_harm,-0.5,0.5,-0.02538370154798031,-0.026391375018283723,-0.024414902180433275,0.0,0.008476072922348976,0.014414684846997261,0.03020414267666638,0.47724197972793464,0.48,0.0,0.0,0.0,1.265781283378601,57.48166275024414
qwen3.5-9b,C,23,24,R_role,R_control,-0.5,0.5,-0.058606695383787155,-0.059844264201819895,-0.057378073874861005,0.0,0.008476072922348976,0.014414684846997261,0.03020414267666638,0.47724197972793464,0.48,0.0,0.0,0.0,1.265781283378601,38.19029235839844
qwen3.5-9b,C,23,24,R_role,R_role,-0.5,0.5,-0.49797484278678894,-0.5000907227396965,-0.4958774380385876,-0.009200036525726318,0.008476072922348976,0.014414684846997261,0.03020414267666638,0.47724197972793464,0.48,0.0,0.0,0.0,1.265781283378601,20.40843391418457
qwen3.5-9b,C,23,27,R_role,R_harm,-0.5,0.5,-0.02262180857360363,-0.024218331882730128,-0.021084501966834073,0.0,0.008476072922348976,0.014414684846997261,0.03020414267666638,0.47724197972793464,0.48,0.0,0.0,0.0,1.265781283378601,70.2427978515625
qwen3.5-9b,C,23,27,R_role,R_control,-0.5,0.5,-0.057546135038137436,-0.059697899501770735,-0.05547128887847066,0.0,0.008476072922348976,0.014414684846997261,0.03020414267666638,0.47724197972793464,0.48,0.0,0.0,0.0,1.265781283378601,46.31264114379883
qwen3.5-9b,C,23,27,R_role,R_role,-0.5,0.5,-0.4775625169277191,-0.48325845301151277,-0.47223713919520377,-0.034800052642822266,0.008476072922348976,0.014414684846997261,0.03020414267666638,0.47724197972793464,0.48,0.0,0.0,0.0,1.265781283378601,22.936437606811523
qwen3.5-9b,C,23,31,R_role,R_harm,-0.5,0.5,0.00013161801325622946,-0.0027704112813808023,0.002899704413721335,0.0,0.008476072922348976,0.014414684846997261,0.03020414267666638,0.47724197972793464,0.48,0.0,0.0,0.0,1.265781283378601,118.91390991210938
qwen3.5-9b,C,23,31,R_role,R_control,-0.5,0.5,-0.03535587713122368,-0.03865441596135497,-0.03218269655480981,0.0004000067710876465,0.008476072922348976,0.014414684846997261,0.03020414267666638,0.47724197972793464,0.48,0.0,0.0,0.0,1.265781283378601,76.66504669189453
qwen3.5-9b,C,23,31,R_role,R_role,-0.5,0.5,-0.35663291811943054,-0.3715605981647968,-0.34155527874827385,-0.06760001182556152,0.008476072922348976,0.014414684846997261,0.03020414267666638,0.47724197972793464,0.48,0.0,0.0,0.0,1.265781283378601,60.2837028503418
qwen3.5-9b,C,23,24,R_role,R_harm,1.0,1.0,0.04585345834493637,0.04499717447906733,0.046761437132954595,0.0,0.028743401169776917,0.04715995863080025,0.14113933220505714,0.3341376063922631,0.49,0.010000000000000009,0.0,0.02,-2.4387500286102295,57.48166275024414
qwen3.5-9b,C,23,24,R_role,R_control,1.0,1.0,0.10974232852458954,0.1084467452019453,0.11104232743382454,0.0,0.028743401169776917,0.04715995863080025,0.14113933220505714,0.3341376063922631,0.49,0.010000000000000009,0.0,0.02,-2.4387500286102295,38.19029235839844
qwen3.5-9b,C,23,24,R_role,R_role,1.0,1.0,0.9972301721572876,0.9935970097780228,1.0008712738752366,0.018800020217895508,0.028743401169776917,0.04715995863080025,0.14113933220505714,0.3341376063922631,0.49,0.010000000000000009,0.0,0.02,-2.4387500286102295,20.40843391418457
qwen3.5-9b,C,23,27,R_role,R_harm,1.0,1.0,0.033468179404735565,0.032200864236801865,0.034840031433850525,0.0,0.028743401169776917,0.04715995863080025,0.14113933220505714,0.3341376063922631,0.49,0.010000000000000009,0.0,0.02,-2.4387500286102295,70.2427978515625
qwen3.5-9b,C,23,27,R_role,R_control,1.0,1.0,0.09678797423839569,0.09504649844020605,0.09873915798962116,0.0004000067710876465,0.028743401169776917,0.04715995863080025,0.14113933220505714,0.3341376063922631,0.49,0.010000000000000009,0.0,0.02,-2.4387500286102295,46.31264114379883
qwen3.5-9b,C,23,27,R_role,R_role,1.0,1.0,0.958345353603363,0.9487067058682441,0.968686132133007,0.05399996042251587,0.028743401169776917,0.04715995863080025,0.14113933220505714,0.3341376063922631,0.49,0.010000000000000009,0.0,0.02,-2.4387500286102295,22.936437606811523
qwen3.5-9b,C,23,31,R_role,R_harm,1.0,1.0,-0.014123830944299698,-0.017072420567274094,-0.011098269675858323,0.0,0.028743401169776917,0.04715995863080025,0.14113933220505714,0.3341376063922631,0.49,0.010000000000000009,0.0,0.02,-2.4387500286102295,118.91390991210938
qwen3.5-9b,C,23,31,R_role,R_control,1.0,1.0,0.05255482345819473,0.049053153675049546,0.05620871046558022,0.0,0.028743401169776917,0.04715995863080025,0.14113933220505714,0.3341376063922631,0.49,0.010000000000000009,0.0,0.02,-2.4387500286102295,76.66504669189453
qwen3.5-9b,C,23,31,R_role,R_role,1.0,1.0,0.6936084628105164,0.6658022373914718,0.7206896379590034,0.1467999815940857,0.028743401169776917,0.04715995863080025,0.14113933220505714,0.3341376063922631,0.49,0.010000000000000009,0.0,0.02,-2.4387500286102295,60.2837028503418
qwen3.5-9b,C,23,24,R_role,R_harm,-1.0,1.0,-0.05228562280535698,-0.05478181103244424,-0.049926014989614485,0.0,0.03480596840381622,0.05738329514861107,0.14113933220505714,0.40657196156518993,0.48,0.0,0.0,0.0,2.563359260559082,57.48166275024414
qwen3.5-9b,C,23,24,R_role,R_control,-1.0,1.0,-0.119084931910038,-0.12210161201655864,-0.11609508451074362,0.0,0.03480596840381622,0.05738329514861107,0.14113933220505714,0.40657196156518993,0.48,0.0,0.0,0.0,2.563359260559082,38.19029235839844
qwen3.5-9b,C,23,24,R_role,R_role,-1.0,1.0,-0.9905045032501221,-0.994620443880558,-0.9864626109600068,-0.01840001344680786,0.03480596840381622,0.05738329514861107,0.14113933220505714,0.40657196156518993,0.48,0.0,0.0,0.0,2.563359260559082,20.40843391418457
qwen3.5-9b,C,23,27,R_role,R_harm,-1.0,1.0,-0.04908754676580429,-0.053134416695684195,-0.045187690295279026,0.0,0.03480596840381622,0.05738329514861107,0.14113933220505714,0.40657196156518993,0.48,0.0,0.0,0.0,2.563359260559082,70.2427978515625
qwen3.5-9b,C,23,27,R_role,R_control,-1.0,1.0,-0.12045040726661682,-0.12572451084852218,-0.11539861541241407,-0.0004000067710876465,0.03480596840381622,0.05738329514861107,0.14113933220505714,0.40657196156518993,0.48,0.0,0.0,0.0,2.563359260559082,46.31264114379883
qwen3.5-9b,C,23,27,R_role,R_role,-1.0,1.0,-0.9468691349029541,-0.9579388171434402,-0.9363878861069679,-0.0764000415802002,0.03480596840381622,0.05738329514861107,0.14113933220505714,0.40657196156518993,0.48,0.0,0.0,0.0,2.563359260559082,22.936437606811523
qwen3.5-9b,C,23,31,R_role,R_harm,-1.0,1.0,-0.004004353191703558,-0.010813650046475231,0.002774138300446792,-0.0004000067710876465,0.03480596840381622,0.05738329514861107,0.14113933220505714,0.40657196156518993,0.48,0.0,0.0,0.0,2.563359260559082,118.91390991210938
qwen3.5-9b,C,23,31,R_role,R_control,-1.0,1.0,-0.07396355271339417,-0.08121030200272798,-0.06695578899234533,-0.0003999471664428711,0.03480596840381622,0.05738329514861107,0.14113933220505714,0.40657196156518993,0.48,0.0,0.0,0.0,2.563359260559082,76.66504669189453
qwen3.5-9b,C,23,31,R_role,R_role,-1.0,1.0,-0.7128666043281555,-0.7440416678786278,-0.6821768656373024,-0.1428000032901764,0.03480596840381622,0.05738329514861107,0.14113933220505714,0.40657196156518993,0.48,0.0,0.0,0.0,2.563359260559082,60.2837028503418
qwen3.5-9b,C,23,24,R_role,R_harm,2.0,2.0,0.08492381870746613,0.0831939896568656,0.0866459073498845,0.0,0.11489664763212204,0.18670038878917694,0.7861236780881882,0.23749493113249376,0.49,0.010000000000000009,0.0,0.02,-4.73562479019165,57.48166275024414
qwen3.5-9b,C,23,24,R_role,R_control,2.0,2.0,0.20846591889858246,0.20611409619450569,0.21080568954348564,0.0003999471664428711,0.11489664763212204,0.18670038878917694,0.7861236780881882,0.23749493113249376,0.49,0.010000000000000009,0.0,0.02,-4.73562479019165,38.19029235839844
qwen3.5-9b,C,23,24,R_role,R_role,2.0,2.0,1.9760446548461914,1.9702039629220962,1.982028418779373,0.033199965953826904,0.11489664763212204,0.18670038878917694,0.7861236780881882,0.23749493113249376,0.49,0.010000000000000009,0.0,0.02,-4.73562479019165,20.40843391418457
qwen3.5-9b,C,23,27,R_role,R_harm,2.0,2.0,0.051860399544239044,0.04841051828116179,0.055275687668472524,0.0,0.11489664763212204,0.18670038878917694,0.7861236780881882,0.23749493113249376,0.49,0.010000000000000009,0.0,0.02,-4.73562479019165,70.2427978515625
qwen3.5-9b,C,23,27,R_role,R_control,2.0,2.0,0.1693515181541443,0.16587536670267583,0.17288438081741334,0.0004000067710876465,0.11489664763212204,0.18670038878917694,0.7861236780881882,0.23749493113249376,0.49,0.010000000000000009,0.0,0.02,-4.73562479019165,46.31264114379883
qwen3.5-9b,C,23,27,R_role,R_role,2.0,2.0,1.888218879699707,1.8720658719539642,1.9052990972995758,0.0843999981880188,0.11489664763212204,0.18670038878917694,0.7861236780881882,0.23749493113249376,0.49,0.010000000000000009,0.0,0.02,-4.73562479019165,22.936437606811523
qwen3.5-9b,C,23,31,R_role,R_harm,2.0,2.0,-0.05410199984908104,-0.06364334393292666,-0.04455911489203573,-0.000800013542175293,0.11489664763212204,0.18670038878917694,0.7861236780881882,0.23749493113249376,0.49,0.010000000000000009,0.0,0.02,-4.73562479019165,118.91390991210938
qwen3.5-9b,C,23,31,R_role,R_control,2.0,2.0,0.07448837161064148,0.06785730235278606,0.08150472566485405,0.0004000067710876465,0.11489664763212204,0.18670038878917694,0.7861236780881882,0.23749493113249376,0.49,0.010000000000000009,0.0,0.02,-4.73562479019165,76.66504669189453
qwen3.5-9b,C,23,31,R_role,R_role,2.0,2.0,1.3302654027938843,1.281380957365036,1.376403570175171,0.2587999701499939,0.11489664763212204,0.18670038878917694,0.7861236780881882,0.23749493113249376,0.49,0.010000000000000009,0.0,0.02,-4.73562479019165,60.2837028503418
qwen3.5-9b,C,23,24,R_role,R_harm,-2.0,2.0,-0.10799319297075272,-0.114413439668715,-0.10196953639388084,0.0,0.1642230600118637,0.2756853401660919,0.7861236780881882,0.35068952615260784,0.47,-0.010000000000000009,0.0,-0.02,4.434868335723877,57.48166275024414
qwen3.5-9b,C,23,24,R_role,R_control,-2.0,2.0,-0.24209146201610565,-0.2495876621454954,-0.23442551568150521,-0.0004000067710876465,0.1642230600118637,0.2756853401660919,0.7861236780881882,0.35068952615260784,0.47,-0.010000000000000009,0.0,-0.02,4.434868335723877,38.19029235839844
qwen3.5-9b,C,23,24,R_role,R_role,-2.0,2.0,-1.9537932872772217,-1.9609453082084656,-1.9465963661670684,-0.03280001878738403,0.1642230600118637,0.2756853401660919,0.7861236780881882,0.35068952615260784,0.47,-0.010000000000000009,0.0,-0.02,4.434868335723877,20.40843391418457
qwen3.5-9b,C,23,27,R_role,R_harm,-2.0,2.0,-0.1116432473063469,-0.12323513347655535,-0.10052087362855673,0.000800013542175293,0.1642230600118637,0.2756853401660919,0.7861236780881882,0.35068952615260784,0.47,-0.010000000000000009,0.0,-0.02,4.434868335723877,70.2427978515625
qwen3.5-9b,C,23,27,R_role,R_control,-2.0,2.0,-0.25929898023605347,-0.273441506177187,-0.2456792909651995,0.0004000067710876465,0.1642230600118637,0.2756853401660919,0.7861236780881882,0.35068952615260784,0.47,-0.010000000000000009,0.0,-0.02,4.434868335723877,46.31264114379883
qwen3.5-9b,C,23,27,R_role,R_role,-2.0,2.0,-1.8458633422851562,-1.8648662656545638,-1.827524408698082,-0.14720004796981812,0.1642230600118637,0.2756853401660919,0.7861236780881882,0.35068952615260784,0.47,-0.010000000000000009,0.0,-0.02,4.434868335723877,22.936437606811523
qwen3.5-9b,C,23,31,R_role,R_harm,-2.0,2.0,-0.02302260883152485,-0.04081092355772853,-0.005626203957945122,0.0004000067710876465,0.1642230600118637,0.2756853401660919,0.7861236780881882,0.35068952615260784,0.47,-0.010000000000000009,0.0,-0.02,4.434868335723877,118.91390991210938
qwen3.5-9b,C,23,31,R_role,R_control,-2.0,2.0,-0.1592484414577484,-0.17707059606909753,-0.14156458266079427,-0.001199960708618164,0.1642230600118637,0.2756853401660919,0.7861236780881882,0.35068952615260784,0.47,-0.010000000000000009,0.0,-0.02,4.434868335723877,76.66504669189453
qwen3.5-9b,C,23,31,R_role,R_role,-2.0,2.0,-1.3460415601730347,-1.399895402789116,-1.2887188345193863,-0.26680001616477966,0.1642230600118637,0.2756853401660919,0.7861236780881882,0.35068952615260784,0.47,-0.010000000000000009,0.0,-0.02,4.434868335723877,60.2837028503418
qwen3.5-9b,C,23,24,R_role,R_harm,4.0,4.0,0.1506933569908142,0.144624712318182,0.1563657958060503,0.0,0.44308704137802124,0.6845548152923584,5.080216139554977,0.13474915170682578,0.44,-0.03999999999999998,-0.07999999999999996,0.0,-7.702499866485596,57.48166275024414
qwen3.5-9b,C,23,24,R_role,R_control,4.0,4.0,0.3815550208091736,0.3747070774435997,0.38830016925930977,0.0003999471664428711,0.44308704137802124,0.6845548152923584,5.080216139554977,0.13474915170682578,0.44,-0.03999999999999998,-0.07999999999999996,0.0,-7.702499866485596,38.19029235839844
qwen3.5-9b,C,23,24,R_role,R_role,4.0,4.0,3.835761308670044,3.828050595521927,3.8437377214431763,0.04280000925064087,0.44308704137802124,0.6845548152923584,5.080216139554977,0.13474915170682578,0.44,-0.03999999999999998,-0.07999999999999996,0.0,-7.702499866485596,20.40843391418457
qwen3.5-9b,C,23,27,R_role,R_harm,4.0,4.0,0.0630926862359047,0.05013549625873566,0.0760167660191655,0.0004000067710876465,0.44308704137802124,0.6845548152923584,5.080216139554977,0.13474915170682578,0.44,-0.03999999999999998,-0.07999999999999996,0.0,-7.702499866485596,70.2427978515625
qwen3.5-9b,C,23,27,R_role,R_control,4.0,4.0,0.26262179017066956,0.24927956238389015,0.2760541670024395,0.0,0.44308704137802124,0.6845548152923584,5.080216139554977,0.13474915170682578,0.44,-0.03999999999999998,-0.07999999999999996,0.0,-7.702499866485596,46.31264114379883
qwen3.5-9b,C,23,27,R_role,R_role,4.0,4.0,3.5687758922576904,3.550160253047943,3.588926064968109,0.10519999265670776,0.44308704137802124,0.6845548152923584,5.080216139554977,0.13474915170682578,0.44,-0.03999999999999998,-0.07999999999999996,0.0,-7.702499866485596,22.936437606811523
qwen3.5-9b,C,23,31,R_role,R_harm,4.0,4.0,-0.1573849618434906,-0.1866489492356777,-0.12866326570510864,-0.001999974250793457,0.44308704137802124,0.6845548152923584,5.080216139554977,0.13474915170682578,0.44,-0.03999999999999998,-0.07999999999999996,0.0,-7.702499866485596,118.91390991210938
qwen3.5-9b,C,23,31,R_role,R_control,4.0,4.0,0.0809028372168541,0.05669248504564166,0.10586199313402175,-0.001199960708618164,0.44308704137802124,0.6845548152923584,5.080216139554977,0.13474915170682578,0.44,-0.03999999999999998,-0.07999999999999996,0.0,-7.702499866485596,76.66504669189453
qwen3.5-9b,C,23,31,R_role,R_role,4.0,4.0,2.1571552753448486,2.099670797586441,2.214769208431244,0.295199990272522,0.44308704137802124,0.6845548152923584,5.080216139554977,0.13474915170682578,0.44,-0.03999999999999998,-0.07999999999999996,0.0,-7.702499866485596,60.2837028503418
qwen3.5-9b,C,23,24,R_role,R_harm,-4.0,4.0,-0.21429668366909027,-0.22879728376865388,-0.20044461078941822,0.0004000067710876465,1.6913038492202759,1.9135503768920898,5.080216139554977,0.3766671189426431,0.38,-0.09999999999999998,-0.17999999999999994,-0.02,-0.27375519275665283,57.48166275024414
qwen3.5-9b,C,23,24,R_role,R_control,-4.0,4.0,-0.47296783328056335,-0.48976908400654795,-0.4560713328421116,-0.000800013542175293,1.6913038492202759,1.9135503768920898,5.080216139554977,0.3766671189426431,0.38,-0.09999999999999998,-0.17999999999999994,-0.02,-0.27375519275665283,38.19029235839844
qwen3.5-9b,C,23,24,R_role,R_role,-4.0,4.0,-3.7902023792266846,-3.79952152967453,-3.7807038843631746,-0.03240001201629639,1.6913038492202759,1.9135503768920898,5.080216139554977,0.3766671189426431,0.38,-0.09999999999999998,-0.17999999999999994,-0.02,-0.27375519275665283,20.40843391418457
qwen3.5-9b,C,23,27,R_role,R_harm,-4.0,4.0,-0.24449457228183746,-0.27560826018452644,-0.21514465622603898,0.001199960708618164,1.6913038492202759,1.9135503768920898,5.080216139554977,0.3766671189426431,0.38,-0.09999999999999998,-0.17999999999999994,-0.02,-0.27375519275665283,70.2427978515625
qwen3.5-9b,C,23,27,R_role,R_control,-4.0,4.0,-0.5194725394248962,-0.5546468213200569,-0.4853452190756798,0.0,1.6913038492202759,1.9135503768920898,5.080216139554977,0.3766671189426431,0.38,-0.09999999999999998,-0.17999999999999994,-0.02,-0.27375519275665283,46.31264114379883
qwen3.5-9b,C,23,27,R_role,R_role,-4.0,4.0,-3.3848376274108887,-3.4038569390773774,-3.364967352151871,-0.0820000171661377,1.6913038492202759,1.9135503768920898,5.080216139554977,0.3766671189426431,0.38,-0.09999999999999998,-0.17999999999999994,-0.02,-0.27375519275665283,22.936437606811523
qwen3.5-9b,C,23,31,R_role,R_harm,-4.0,4.0,-0.08844403922557831,-0.1325293593108654,-0.04602701887488367,0.00279998779296875,1.6913038492202759,1.9135503768920898,5.080216139554977,0.3766671189426431,0.38,-0.09999999999999998,-0.17999999999999994,-0.02,-0.27375519275665283,118.91390991210938
qwen3.5-9b,C,23,31,R_role,R_control,-4.0,4.0,-0.36652955412864685,-0.4136276632547379,-0.31857090890407563,0.000800013542175293,1.6913038492202759,1.9135503768920898,5.080216139554977,0.3766671189426431,0.38,-0.09999999999999998,-0.17999999999999994,-0.02,-0.27375519275665283,76.66504669189453
qwen3.5-9b,C,23,31,R_role,R_role,-4.0,4.0,-2.106783866882324,-2.1702864348888395,-2.0397394061088563,-0.26440000534057617,1.6913038492202759,1.9135503768920898,5.080216139554977,0.3766671189426431,0.38,-0.09999999999999998,-0.17999999999999994,-0.02,-0.27375519275665283,60.2837028503418
qwen3.5-9b,C,23,24,random,R_harm,0.25,0.25,-0.002059885300695896,-0.002678349317284301,-0.001455641502980143,0.0,0.003494570031762123,0.006339630577713251,0.007614277477841824,0.8325977870076444,0.48,0.0,0.0,0.0,0.09593749791383743,57.48166275024414
qwen3.5-9b,C,23,24,random,R_control,0.25,0.25,-0.0017073802882805467,-0.0025721802492626013,-0.0008396950666792692,0.0,0.003494570031762123,0.006339630577713251,0.007614277477841824,0.8325977870076444,0.48,0.0,0.0,0.0,0.09593749791383743,38.19029235839844
qwen3.5-9b,C,23,24,random,R_role,0.25,0.25,0.004186877049505711,0.0035480131453368815,0.004880113981198519,0.0004000067710876465,0.003494570031762123,0.006339630577713251,0.007614277477841824,0.8325977870076444,0.48,0.0,0.0,0.0,0.09593749791383743,20.40843391418457
qwen3.5-9b,C,23,27,random,R_harm,0.25,0.25,0.0005086727323941886,-0.00034300387924304234,0.0013167340541258455,0.0,0.003494570031762123,0.006339630577713251,0.007614277477841824,0.8325977870076444,0.48,0.0,0.0,0.0,0.09593749791383743,70.2427978515625
qwen3.5-9b,C,23,27,random,R_control,0.25,0.25,-0.0005490860203281045,-0.0018246964289573952,0.0007366777062998147,0.0,0.003494570031762123,0.006339630577713251,0.007614277477841824,0.8325977870076444,0.48,0.0,0.0,0.0,0.09593749791383743,46.31264114379883
qwen3.5-9b,C,23,27,random,R_role,0.25,0.25,0.00668681925162673,0.005711327318567783,0.007672037486918268,-0.0012000203132629395,0.003494570031762123,0.006339630577713251,0.007614277477841824,0.8325977870076444,0.48,0.0,0.0,0.0,0.09593749791383743,22.936437606811523
qwen3.5-9b,C,23,31,random,R_harm,0.25,0.25,-0.005849063862115145,-0.00797389813233167,-0.0036579304549377413,0.0,0.003494570031762123,0.006339630577713251,0.007614277477841824,0.8325977870076444,0.48,0.0,0.0,0.0,0.09593749791383743,118.91390991210938
qwen3.5-9b,C,23,31,random,R_control,0.25,0.25,-0.011726557277143002,-0.013813625881448388,-0.009660337981767953,0.0,0.003494570031762123,0.006339630577713251,0.007614277477841824,0.8325977870076444,0.48,0.0,0.0,0.0,0.09593749791383743,76.66504669189453
qwen3.5-9b,C,23,31,random,R_role,0.25,0.25,-0.026624320074915886,-0.03387777348980307,-0.019357575289905074,-0.013999998569488525,0.003494570031762123,0.006339630577713251,0.007614277477841824,0.8325977870076444,0.48,0.0,0.0,0.0,0.09593749791383743,60.2837028503418
qwen3.5-9b,C,23,24,random,R_harm,-0.25,0.25,-0.0008938323589973152,-0.0012695994140813128,-0.0005218584410613407,0.0,0.003384524257853627,0.006053269375115633,0.007614277477841824,0.7949893332271047,0.49,0.010000000000000009,0.0,0.02,-0.09812500327825546,57.48166275024414
qwen3.5-9b,C,23,24,random,R_control,-0.25,0.25,-0.0027349633164703846,-0.0033641260059084745,-0.002102920674951747,0.0,0.003384524257853627,0.006053269375115633,0.007614277477841824,0.7949893332271047,0.49,0.010000000000000009,0.0,0.02,-0.09812500327825546,38.19029235839844
qwen3.5-9b,C,23,24,random,R_role,-0.25,0.25,-0.009792711585760117,-0.010387093480676412,-0.009220126364380122,-0.0004000067710876465,0.003384524257853627,0.006053269375115633,0.007614277477841824,0.7949893332271047,0.49,0.010000000000000009,0.0,0.02,-0.09812500327825546,20.40843391418457
qwen3.5-9b,C,23,27,random,R_harm,-0.25,0.25,-0.007542815990746021,-0.008319726958870888,-0.006766015174798667,0.0004000067710876465,0.003384524257853627,0.006053269375115633,0.007614277477841824,0.7949893332271047,0.49,0.010000000000000009,0.0,0.02,-0.09812500327825546,70.2427978515625
qwen3.5-9b,C,23,27,random,R_control,-0.25,0.25,-0.008866134099662304,-0.009784402349032462,-0.007924713380634786,0.0,0.003384524257853627,0.006053269375115633,0.007614277477841824,0.7949893332271047,0.49,0.010000000000000009,0.0,0.02,-0.09812500327825546,46.31264114379883
qwen3.5-9b,C,23,27,random,R_role,-0.25,0.25,-0.013049677945673466,-0.014025145606137813,-0.012044670386239888,0.001199960708618164,0.003384524257853627,0.006053269375115633,0.007614277477841824,0.7949893332271047,0.49,0.010000000000000009,0.0,0.02,-0.09812500327825546,22.936437606811523
qwen3.5-9b,C,23,31,random,R_harm,-0.25,0.25,0.0003759991377592087,-0.0009275389616959727,0.0015934698574710626,0.0004000067710876465,0.003384524257853627,0.006053269375115633,0.007614277477841824,0.7949893332271047,0.49,0.010000000000000009,0.0,0.02,-0.09812500327825546,118.91390991210938
qwen3.5-9b,C,23,31,random,R_control,-0.25,0.25,0.007108165416866541,0.0056591224973089995,0.008510611020028591,0.0,0.003384524257853627,0.006053269375115633,0.007614277477841824,0.7949893332271047,0.49,0.010000000000000009,0.0,0.02,-0.09812500327825546,76.66504669189453
qwen3.5-9b,C,23,31,random,R_role,-0.25,0.25,-0.007799406535923481,-0.013547548605129123,-0.0018615697888890298,0.00279998779296875,0.003384524257853627,0.006053269375115633,0.007614277477841824,0.7949893332271047,0.49,0.010000000000000009,0.0,0.02,-0.09812500327825546,60.2837028503418
qwen3.5-9b,C,23,24,random,R_harm,0.5,0.5,-0.006662650033831596,-0.008541067573241889,-0.004912381933536383,0.0,0.013794400729238987,0.024934524670243263,0.03020414267666638,0.8255332699612078,0.48,0.0,0.0,0.0,0.13218750059604645,57.48166275024414
qwen3.5-9b,C,23,24,random,R_control,0.5,0.5,-0.007304191589355469,-0.009575089393183588,-0.004958912951406092,0.0,0.013794400729238987,0.024934524670243263,0.03020414267666638,0.8255332699612078,0.48,0.0,0.0,0.0,0.13218750059604645,38.19029235839844
qwen3.5-9b,C,23,24,random,R_role,0.5,0.5,0.004238526336848736,0.0030010241491254417,0.005570483603514727,0.00279998779296875,0.013794400729238987,0.024934524670243263,0.03020414267666638,0.8255332699612078,0.48,0.0,0.0,0.0,0.13218750059604645,20.40843391418457
qwen3.5-9b,C,23,27,random,R_harm,0.5,0.5,-0.005396353080868721,-0.00824467889033258,-0.0027014937251806266,0.0,0.013794400729238987,0.024934524670243263,0.03020414267666638,0.8255332699612078,0.48,0.0,0.0,0.0,0.13218750059604645,70.2427978515625
qwen3.5-9b,C,23,27,random,R_control,0.5,0.5,-0.010141062550246716,-0.013655473524704576,-0.006596311856992544,0.0,0.013794400729238987,0.024934524670243263,0.03020414267666638,0.8255332699612078,0.48,0.0,0.0,0.0,0.13218750059604645,46.31264114379883
qwen3.5-9b,C,23,27,random,R_role,0.5,0.5,0.007632770575582981,0.005691373615991324,0.009637330425903201,-0.003200054168701172,0.013794400729238987,0.024934524670243263,0.03020414267666638,0.8255332699612078,0.48,0.0,0.0,0.0,0.13218750059604645,22.936437606811523
qwen3.5-9b,C,23,31,random,R_harm,0.5,0.5,-0.016496781259775162,-0.02201959923841059,-0.011140480381436647,0.0,0.013794400729238987,0.024934524670243263,0.03020414267666638,0.8255332699612078,0.48,0.0,0.0,0.0,0.13218750059604645,118.91390991210938
qwen3.5-9b,C,23,31,random,R_control,0.5,0.5,-0.02586752362549305,-0.030850846040993928,-0.020481221377849582,-0.0003999471664428711,0.013794400729238987,0.024934524670243263,0.03020414267666638,0.8255332699612078,0.48,0.0,0.0,0.0,0.13218750059604645,76.66504669189453
qwen3.5-9b,C,23,31,random,R_role,0.5,0.5,-0.06946013122797012,-0.08450533840805292,-0.05448920857161284,-0.03560000658035278,0.013794400729238987,0.024934524670243263,0.03020414267666638,0.8255332699612078,0.48,0.0,0.0,0.0,0.13218750059604645,60.2837028503418
qwen3.5-9b,C,23,24,random,R_harm,-0.5,0.5,-0.0045465389266610146,-0.005870409763883799,-0.0032513033016584843,0.0004000067710876465,0.011933505535125732,0.02106297016143799,0.03020414267666638,0.6973536837948318,0.49,0.010000000000000009,0.0,0.02,-0.1574999988079071,57.48166275024414
qwen3.5-9b,C,23,24,random,R_control,-0.5,0.5,-0.009349006228148937,-0.010998661513440311,-0.007662439218256624,-0.0004000067710876465,0.011933505535125732,0.02106297016143799,0.03020414267666638,0.6973536837948318,0.49,0.010000000000000009,0.0,0.02,-0.1574999988079071,38.19029235839844
qwen3.5-9b,C,23,24,random,R_role,-0.5,0.5,-0.025332214310765266,-0.026448621600866317,-0.024225064367055894,-0.000800013542175293,0.011933505535125732,0.02106297016143799,0.03020414267666638,0.6973536837948318,0.49,0.010000000000000009,0.0,0.02,-0.1574999988079071,20.40843391418457
qwen3.5-9b,C,23,27,random,R_harm,-0.5,0.5,-0.02128668874502182,-0.023995111091062428,-0.018612164491787552,0.000800013542175293,0.011933505535125732,0.02106297016143799,0.03020414267666638,0.6973536837948318,0.49,0.010000000000000009,0.0,0.02,-0.1574999988079071,70.2427978515625
qwen3.5-9b,C,23,27,random,R_control,-0.5,0.5,-0.026282472535967827,-0.028892063023522496,-0.0235689761582762,-0.0004000067710876465,0.011933505535125732,0.02106297016143799,0.03020414267666638,0.6973536837948318,0.49,0.010000000000000009,0.0,0.02,-0.1574999988079071,46.31264114379883
qwen3.5-9b,C,23,27,random,R_role,-0.5,0.5,-0.03361213952302933,-0.03547180723398924,-0.03171663004904986,0.00279998779296875,0.011933505535125732,0.02106297016143799,0.03020414267666638,0.6973536837948318,0.49,0.010000000000000009,0.0,0.02,-0.1574999988079071,22.936437606811523
qwen3.5-9b,C,23,31,random,R_harm,-0.5,0.5,-0.004947347100824118,-0.008159003732725979,-0.001751313492422924,0.0004000067710876465,0.011933505535125732,0.02106297016143799,0.03020414267666638,0.6973536837948318,0.49,0.010000000000000009,0.0,0.02,-0.1574999988079071,118.91390991210938
qwen3.5-9b,C,23,31,random,R_control,-0.5,0.5,0.008260569535195827,0.0046162347425706685,0.011704475455917417,0.0004000067710876465,0.011933505535125732,0.02106297016143799,0.03020414267666638,0.6973536837948318,0.49,0.010000000000000009,0.0,0.02,-0.1574999988079071,76.66504669189453
qwen3.5-9b,C,23,31,random,R_role,-0.5,0.5,-0.048147913068532944,-0.05938846943899989,-0.037036975473165513,0.0015999972820281982,0.011933505535125732,0.02106297016143799,0.03020414267666638,0.6973536837948318,0.49,0.010000000000000009,0.0,0.02,-0.1574999988079071,60.2837028503418
qwen3.5-9b,C,23,24,random,R_harm,1.0,1.0,-0.020277123898267746,-0.02582677095197141,-0.015130326431244616,0.0,0.05991865694522858,0.1066531091928482,0.14113933220505714,0.7556583096049729,0.48,0.0,0.0,0.0,-0.2874999940395355,57.48166275024414
qwen3.5-9b,C,23,24,random,R_control,1.0,1.0,-0.02483796328306198,-0.03112489143386483,-0.01862923693843186,0.0,0.05991865694522858,0.1066531091928482,0.14113933220505714,0.7556583096049729,0.48,0.0,0.0,0.0,-0.2874999940395355,38.19029235839844
qwen3.5-9b,C,23,24,random,R_role,1.0,1.0,-0.0020646345801651478,-0.00471243429929018,0.0006604170383070591,0.00839996337890625,0.05991865694522858,0.1066531091928482,0.14113933220505714,0.7556583096049729,0.48,0.0,0.0,0.0,-0.2874999940395355,20.40843391418457
qwen3.5-9b,C,23,27,random,R_harm,1.0,1.0,-0.03002767637372017,-0.03972282717004418,-0.020780364191159608,-0.0004000067710876465,0.05991865694522858,0.1066531091928482,0.14113933220505714,0.7556583096049729,0.48,0.0,0.0,0.0,-0.2874999940395355,70.2427978515625
qwen3.5-9b,C,23,27,random,R_control,1.0,1.0,-0.04796769469976425,-0.05871467813849449,-0.03738711113110185,0.0,0.05991865694522858,0.1066531091928482,0.14113933220505714,0.7556583096049729,0.48,0.0,0.0,0.0,-0.2874999940395355,46.31264114379883
qwen3.5-9b,C,23,27,random,R_role,1.0,1.0,-0.006128272041678429,-0.010178289865143597,-0.001835281148669311,0.0043999552726745605,0.05991865694522858,0.1066531091928482,0.14113933220505714,0.7556583096049729,0.48,0.0,0.0,0.0,-0.2874999940395355,22.936437606811523
qwen3.5-9b,C,23,31,random,R_harm,1.0,1.0,-0.04830290377140045,-0.06373253520578145,-0.03328948030248284,-0.0004000067710876465,0.05991865694522858,0.1066531091928482,0.14113933220505714,0.7556583096049729,0.48,0.0,0.0,0.0,-0.2874999940395355,118.91390991210938
qwen3.5-9b,C,23,31,random,R_control,1.0,1.0,-0.05860761180520058,-0.07225883696228266,-0.04423313671723009,-0.0007999539375305176,0.05991865694522858,0.1066531091928482,0.14113933220505714,0.7556583096049729,0.48,0.0,0.0,0.0,-0.2874999940395355,76.66504669189453
qwen3.5-9b,C,23,31,random,R_role,1.0,1.0,-0.14217127859592438,-0.16935937553644181,-0.11521184965968131,-0.04560002684593201,0.05991865694522858,0.1066531091928482,0.14113933220505714,0.7556583096049729,0.48,0.0,0.0,0.0,-0.2874999940395355,60.2837028503418
qwen3.5-9b,C,23,24,random,R_harm,-1.0,1.0,-0.016618289053440094,-0.021364415250718593,-0.012030529812909667,0.0004000067710876465,0.05137782171368599,0.09216441214084625,0.14113933220505714,0.6530030339589769,0.49,0.010000000000000009,0.0,0.02,-0.3828125,57.48166275024414
qwen3.5-9b,C,23,24,random,R_control,-1.0,1.0,-0.029214555397629738,-0.034397939685732126,-0.024008371541276576,-0.000800013542175293,0.05137782171368599,0.09216441214084625,0.14113933220505714,0.6530030339589769,0.49,0.010000000000000009,0.0,0.02,-0.3828125,38.19029235839844
qwen3.5-9b,C,23,24,random,R_role,-1.0,1.0,-0.07051596790552139,-0.07270672302693129,-0.06830144077539443,-0.001600027084350586,0.05137782171368599,0.09216441214084625,0.14113933220505714,0.6530030339589769,0.49,0.010000000000000009,0.0,0.02,-0.3828125,20.40843391418457
qwen3.5-9b,C,23,27,random,R_harm,-1.0,1.0,-0.06138818338513374,-0.07061386555433273,-0.05240844637155534,0.001199960708618164,0.05137782171368599,0.09216441214084625,0.14113933220505714,0.6530030339589769,0.49,0.010000000000000009,0.0,0.02,-0.3828125,70.2427978515625
qwen3.5-9b,C,23,27,random,R_control,-1.0,1.0,-0.08092787861824036,-0.08987439926713706,-0.07175716198980808,-0.0004000067710876465,0.05137782171368599,0.09216441214084625,0.14113933220505714,0.6530030339589769,0.49,0.010000000000000009,0.0,0.02,-0.3828125,46.31264114379883
qwen3.5-9b,C,23,27,random,R_role,-1.0,1.0,-0.09462836384773254,-0.0983696561306715,-0.09055298082530498,-0.003200054168701172,0.05137782171368599,0.09216441214084625,0.14113933220505714,0.6530030339589769,0.49,0.010000000000000009,0.0,0.02,-0.3828125,22.936437606811523
qwen3.5-9b,C,23,31,random,R_harm,-1.0,1.0,-0.029897810891270638,-0.04218264278024435,-0.01788176279515028,0.000800013542175293,0.05137782171368599,0.09216441214084625,0.14113933220505714,0.6530030339589769,0.49,0.010000000000000009,0.0,0.02,-0.3828125,118.91390991210938
qwen3.5-9b,C,23,31,random,R_control,-1.0,1.0,-0.004402522929012775,-0.01685837870463729,0.007249559101182963,0.0,0.05137782171368599,0.09216441214084625,0.14113933220505714,0.6530030339589769,0.49,0.010000000000000009,0.0,0.02,-0.3828125,76.66504669189453
qwen3.5-9b,C,23,31,random,R_role,-1.0,1.0,-0.19236889481544495,-0.2134651742875576,-0.17168031074106693,0.013199985027313232,0.05137782171368599,0.09216441214084625,0.14113933220505714,0.6530030339589769,0.49,0.010000000000000009,0.0,0.02,-0.3828125,60.2837028503418
qwen3.5-9b,C,23,24,random,R_harm,2.0,2.0,-0.04637971892952919,-0.058792104572057725,-0.03476157635450364,0.0,0.3259381055831909,0.5217562913894653,0.7861236780881882,0.663707640327473,0.5,0.020000000000000018,0.020000000000000018,0.02,-2.955312490463257,57.48166275024414
qwen3.5-9b,C,23,24,random,R_control,2.0,2.0,-0.05758171156048775,-0.07155180238187313,-0.04393836557865143,0.0,0.3259381055831909,0.5217562913894653,0.7861236780881882,0.663707640327473,0.5,0.020000000000000018,0.020000000000000018,0.02,-2.955312490463257,38.19029235839844
qwen3.5-9b,C,23,24,random,R_role,2.0,2.0,-0.010351506061851978,-0.01543562551960349,-0.005272399564273656,0.012799978256225586,0.3259381055831909,0.5217562913894653,0.7861236780881882,0.663707640327473,0.5,0.020000000000000018,0.020000000000000018,0.02,-2.955312490463257,20.40843391418457
qwen3.5-9b,C,23,27,random,R_harm,2.0,2.0,-0.08345851302146912,-0.10871743597090244,-0.059244006127119074,0.0004000067710876465,0.3259381055831909,0.5217562913894653,0.7861236780881882,0.663707640327473,0.5,0.020000000000000018,0.020000000000000018,0.02,-2.955312490463257,70.2427978515625
qwen3.5-9b,C,23,27,random,R_control,2.0,2.0,-0.1415027379989624,-0.16858375631272793,-0.11483402699232102,-0.0004000067710876465,0.3259381055831909,0.5217562913894653,0.7861236780881882,0.663707640327473,0.5,0.020000000000000018,0.020000000000000018,0.02,-2.955312490463257,46.31264114379883
qwen3.5-9b,C,23,27,random,R_role,2.0,2.0,-0.07325844466686249,-0.08171169217675925,-0.06427614782005549,0.01759999990463257,0.3259381055831909,0.5217562913894653,0.7861236780881882,0.663707640327473,0.5,0.020000000000000018,0.020000000000000018,0.02,-2.955312490463257,22.936437606811523
qwen3.5-9b,C,23,31,random,R_harm,2.0,2.0,-0.12909699976444244,-0.1680607132613659,-0.09182694815099239,-0.0012000203132629395,0.3259381055831909,0.5217562913894653,0.7861236780881882,0.663707640327473,0.5,0.020000000000000018,0.020000000000000018,0.02,-2.955312490463257,118.91390991210938
qwen3.5-9b,C,23,31,random,R_control,2.0,2.0,-0.13956589996814728,-0.17670670598745347,-0.10322051011025907,-0.003999948501586914,0.3259381055831909,0.5217562913894653,0.7861236780881882,0.663707640327473,0.5,0.020000000000000018,0.020000000000000018,0.02,-2.955312490463257,76.66504669189453
qwen3.5-9b,C,23,31,random,R_role,2.0,2.0,-0.11808551102876663,-0.15396762192249297,-0.08175189234316357,0.03560000658035278,0.3259381055831909,0.5217562913894653,0.7861236780881882,0.663707640327473,0.5,0.020000000000000018,0.020000000000000018,0.02,-2.955312490463257,60.2837028503418
qwen3.5-9b,C,23,24,random,R_harm,-2.0,2.0,-0.039550021290779114,-0.05163150988519192,-0.02801974611356855,0.0004000067710876465,0.4471186399459839,0.8417619466781616,0.7861236780881882,1.0707754646511638,0.48,0.0,0.0,0.0,-1.40234375,57.48166275024414
qwen3.5-9b,C,23,24,random,R_control,-2.0,2.0,-0.06389499455690384,-0.07630059458315372,-0.0511772363446653,-0.001600027084350586,0.4471186399459839,0.8417619466781616,0.7861236780881882,1.0707754646511638,0.48,0.0,0.0,0.0,-1.40234375,38.19029235839844
qwen3.5-9b,C,23,24,random,R_role,-2.0,2.0,-0.16922466456890106,-0.17316513806581496,-0.1651556581258774,0.0004000067710876465,0.4471186399459839,0.8417619466781616,0.7861236780881882,1.0707754646511638,0.48,0.0,0.0,0.0,-1.40234375,20.40843391418457
qwen3.5-9b,C,23,27,random,R_harm,-2.0,2.0,-0.1443231999874115,-0.1699825283139944,-0.11953061427921056,0.0004000067710876465,0.4471186399459839,0.8417619466781616,0.7861236780881882,1.0707754646511638,0.48,0.0,0.0,0.0,-1.40234375,70.2427978515625
qwen3.5-9b,C,23,27,random,R_control,-2.0,2.0,-0.20695053040981293,-0.23262560740113258,-0.18103002086281778,-0.0012000203132629395,0.4471186399459839,0.8417619466781616,0.7861236780881882,1.0707754646511638,0.48,0.0,0.0,0.0,-1.40234375,46.31264114379883
qwen3.5-9b,C,23,27,random,R_role,-2.0,2.0,-0.24316567182540894,-0.25143454521894454,-0.23429217226803303,-0.022800028324127197,0.4471186399459839,0.8417619466781616,0.7861236780881882,1.0707754646511638,0.48,0.0,0.0,0.0,-1.40234375,22.936437606811523
qwen3.5-9b,C,23,31,random,R_harm,-2.0,2.0,-0.11815472692251205,-0.15882462561130523,-0.07834550477564337,0.0,0.4471186399459839,0.8417619466781616,0.7861236780881882,1.0707754646511638,0.48,0.0,0.0,0.0,-1.40234375,118.91390991210938
qwen3.5-9b,C,23,31,random,R_control,-2.0,2.0,-0.10091744363307953,-0.1393949270248413,-0.06253834730014207,-0.00279998779296875,0.4471186399459839,0.8417619466781616,0.7861236780881882,1.0707754646511638,0.48,0.0,0.0,0.0,-1.40234375,76.66504669189453
qwen3.5-9b,C,23,31,random,R_role,-2.0,2.0,-0.4351222515106201,-0.47505286857485773,-0.3960125811398029,0.06199997663497925,0.4471186399459839,0.8417619466781616,0.7861236780881882,1.0707754646511638,0.48,0.0,0.0,0.0,-1.40234375,60.2837028503418
qwen3.5-9b,C,23,24,random,R_harm,4.0,4.0,-0.06479883939027786,-0.08224079720675945,-0.048379135504364984,0.0007999539375305176,4.249541759490967,3.557274580001831,5.080216139554977,0.7002211091580535,0.0,-0.48,-0.94,-0.02,-8.378828048706055,57.48166275024414
qwen3.5-9b,C,23,24,random,R_control,4.0,4.0,-0.07366742193698883,-0.09341748170554638,-0.054197738412767676,0.0003999471664428711,4.249541759490967,3.557274580001831,5.080216139554977,0.7002211091580535,0.0,-0.48,-0.94,-0.02,-8.378828048706055,38.19029235839844
qwen3.5-9b,C,23,24,random,R_role,4.0,4.0,0.019741715863347054,0.012781602656468749,0.026745078573003407,0.018800020217895508,4.249541759490967,3.557274580001831,5.080216139554977,0.7002211091580535,0.0,-0.48,-0.94,-0.02,-8.378828048706055,20.40843391418457
qwen3.5-9b,C,23,27,random,R_harm,4.0,4.0,-0.10985589772462845,-0.14921557977795602,-0.07184699773788454,0.0004000067710876465,4.249541759490967,3.557274580001831,5.080216139554977,0.7002211091580535,0.0,-0.48,-0.94,-0.02,-8.378828048706055,70.2427978515625
qwen3.5-9b,C,23,27,random,R_control,4.0,4.0,-0.19894573092460632,-0.24012221656739713,-0.15788317285478115,0.0004000067710876465,4.249541759490967,3.557274580001831,5.080216139554977,0.7002211091580535,0.0,-0.48,-0.94,-0.02,-8.378828048706055,46.31264114379883
qwen3.5-9b,C,23,27,random,R_role,4.0,4.0,-0.1442013531923294,-0.1569112740457058,-0.13089529052376747,0.047599971294403076,4.249541759490967,3.557274580001831,5.080216139554977,0.7002211091580535,0.0,-0.48,-0.94,-0.02,-8.378828048706055,22.936437606811523
qwen3.5-9b,C,23,31,random,R_harm,4.0,4.0,-0.06815685331821442,-0.1328622180968523,-0.004252557654399432,-0.0023999810218811035,4.249541759490967,3.557274580001831,5.080216139554977,0.7002211091580535,0.0,-0.48,-0.94,-0.02,-8.378828048706055,118.91390991210938
qwen3.5-9b,C,23,31,random,R_control,4.0,4.0,-0.2678392231464386,-0.3355222523212433,-0.20056386999785922,-0.0043999552726745605,4.249541759490967,3.557274580001831,5.080216139554977,0.7002211091580535,0.0,-0.48,-0.94,-0.02,-8.378828048706055,76.66504669189453
qwen3.5-9b,C,23,31,random,R_role,4.0,4.0,-0.9520159363746643,-1.0088327914476394,-0.895877006649971,-0.23000001907348633,4.249541759490967,3.557274580001831,5.080216139554977,0.7002211091580535,0.0,-0.48,-0.94,-0.02,-8.378828048706055,60.2837028503418
qwen3.5-9b,C,23,24,random,R_harm,-4.0,4.0,-0.0567653551697731,-0.0749062605202198,-0.03953620465472342,0.0007999539375305176,4.908273696899414,5.899812698364258,5.080216139554977,1.1613310411003648,0.03,-0.44999999999999996,-0.8999999999999999,0.0,-4.889218807220459,57.48166275024414
qwen3.5-9b,C,23,24,random,R_control,-4.0,4.0,-0.08868173509836197,-0.1081401402130723,-0.0694438921287656,-0.001600027084350586,4.908273696899414,5.899812698364258,5.080216139554977,1.1613310411003648,0.03,-0.44999999999999996,-0.8999999999999999,0.0,-4.889218807220459,38.19029235839844
qwen3.5-9b,C,23,24,random,R_role,-4.0,4.0,-0.2955223321914673,-0.3012588620185852,-0.2898475147783756,0.0051999688148498535,4.908273696899414,5.899812698364258,5.080216139554977,1.1613310411003648,0.03,-0.44999999999999996,-0.8999999999999999,0.0,-4.889218807220459,20.40843391418457
qwen3.5-9b,C,23,27,random,R_harm,-4.0,4.0,-0.22323913872241974,-0.2642655625939369,-0.18373005725443364,0.0004000067710876465,4.908273696899414,5.899812698364258,5.080216139554977,1.1613310411003648,0.03,-0.44999999999999996,-0.8999999999999999,0.0,-4.889218807220459,70.2427978515625
qwen3.5-9b,C,23,27,random,R_control,-4.0,4.0,-0.3287891447544098,-0.3715766407549381,-0.2861243851482868,-0.000800013542175293,4.908273696899414,5.899812698364258,5.080216139554977,1.1613310411003648,0.03,-0.44999999999999996,-0.8999999999999999,0.0,-4.889218807220459,46.31264114379883
qwen3.5-9b,C,23,27,random,R_role,-4.0,4.0,-0.44053664803504944,-0.4521401472389698,-0.42815615460276607,-0.0004000067710876465,4.908273696899414,5.899812698364258,5.080216139554977,1.1613310411003648,0.03,-0.44999999999999996,-0.8999999999999999,0.0,-4.889218807220459,22.936437606811523
qwen3.5-9b,C,23,31,random,R_harm,-4.0,4.0,-0.1780003011226654,-0.24605737179517745,-0.11106843184679749,0.0004000067710876465,4.908273696899414,5.899812698364258,5.080216139554977,1.1613310411003648,0.03,-0.44999999999999996,-0.8999999999999999,0.0,-4.889218807220459,118.91390991210938
qwen3.5-9b,C,23,31,random,R_control,-4.0,4.0,-0.3451305329799652,-0.4177963636815548,-0.2731782175600529,-0.0023999810218811035,4.908273696899414,5.899812698364258,5.080216139554977,1.1613310411003648,0.03,-0.44999999999999996,-0.8999999999999999,0.0,-4.889218807220459,76.66504669189453
qwen3.5-9b,C,23,31,random,R_role,-4.0,4.0,-0.9568241834640503,-1.0134151369333266,-0.9029346644878388,0.05320000648498535,4.908273696899414,5.899812698364258,5.080216139554977,1.1613310411003648,0.03,-0.44999999999999996,-0.8999999999999999,0.0,-4.889218807220459,60.2837028503418
qwen3.5-9b,C,29,30,R_harm,R_harm,0.25,0.25,0.2477886974811554,0.24667420685291291,0.2489417541772127,0.0,0.03489360958337784,0.05193357169628143,0.004552643629722297,11.40734393468203,0.52,0.040000000000000036,0.020000000000000018,0.06,2.520156145095825,108.05260467529297
qwen3.5-9b,C,29,30,R_harm,R_control,0.25,0.25,0.27772727608680725,0.27661391347646713,0.27885658070445063,0.0,0.03489360958337784,0.05193357169628143,0.004552643629722297,11.40734393468203,0.52,0.040000000000000036,0.020000000000000018,0.06,2.520156145095825,70.26852416992188
qwen3.5-9b,C,29,30,R_harm,R_role,0.25,0.25,0.04220636188983917,0.038230085652321576,0.04643769282847643,0.04919999837875366,0.03489360958337784,0.05193357169628143,0.004552643629722297,11.40734393468203,0.52,0.040000000000000036,0.020000000000000018,0.06,2.520156145095825,33.954437255859375
qwen3.5-9b,C,29,31,R_harm,R_harm,0.25,0.25,0.22893504798412323,0.2268402561545372,0.23104269951581954,0.0,0.03489360958337784,0.05193357169628143,0.004552643629722297,11.40734393468203,0.52,0.040000000000000036,0.020000000000000018,0.06,2.520156145095825,118.91390991210938
qwen3.5-9b,C,29,31,R_harm,R_control,0.25,0.25,0.23859737813472748,0.2353085033595562,0.24177718870341777,-0.0003999471664428711,0.03489360958337784,0.05193357169628143,0.004552643629722297,11.40734393468203,0.52,0.040000000000000036,0.020000000000000018,0.06,2.520156145095825,76.66504669189453
qwen3.5-9b,C,29,31,R_harm,R_role,0.25,0.25,0.010998381301760674,0.0026002065045759083,0.019910690514370798,-0.007200002670288086,0.03489360958337784,0.05193357169628143,0.004552643629722297,11.40734393468203,0.52,0.040000000000000036,0.020000000000000018,0.06,2.520156145095825,60.2837028503418
qwen3.5-9b,C,29,30,R_harm,R_harm,-0.25,0.25,-0.2505679726600647,-0.2532337985932827,-0.24790610633790494,0.0004000067710876465,0.03439754620194435,0.03504909202456474,0.004552643629722297,7.698624112755927,0.47,-0.010000000000000009,0.0,-0.02,-2.9862499237060547,108.05260467529297
qwen3.5-9b,C,29,30,R_harm,R_control,-0.25,0.25,-0.2815106213092804,-0.283057677000761,-0.2799457646906376,0.0,0.03439754620194435,0.03504909202456474,0.004552643629722297,7.698624112755927,0.47,-0.010000000000000009,0.0,-0.02,-2.9862499237060547,70.26852416992188
qwen3.5-9b,C,29,30,R_harm,R_role,-0.25,0.25,-0.03554066643118858,-0.03982198843732476,-0.03146315393969417,-0.043200016021728516,0.03439754620194435,0.03504909202456474,0.004552643629722297,7.698624112755927,0.47,-0.010000000000000009,0.0,-0.02,-2.9862499237060547,33.954437255859375
qwen3.5-9b,C,29,31,R_harm,R_harm,-0.25,0.25,-0.2358398586511612,-0.2379178024828434,-0.23368689566850662,0.0,0.03439754620194435,0.03504909202456474,0.004552643629722297,7.698624112755927,0.47,-0.010000000000000009,0.0,-0.02,-2.9862499237060547,118.91390991210938
qwen3.5-9b,C,29,31,R_harm,R_control,-0.25,0.25,-0.24928011000156403,-0.25122068971395495,-0.24733075238764285,0.0004000067710876465,0.03439754620194435,0.03504909202456474,0.004552643629722297,7.698624112755927,0.47,-0.010000000000000009,0.0,-0.02,-2.9862499237060547,76.66504669189453
qwen3.5-9b,C,29,31,R_harm,R_role,-0.25,0.25,0.017545007169246674,0.007277559046633542,0.02776930383406578,0.039999961853027344,0.03439754620194435,0.03504909202456474,0.004552643629722297,7.698624112755927,0.47,-0.010000000000000009,0.0,-0.02,-2.9862499237060547,60.2837028503418
qwen3.5-9b,C,29,30,R_harm,R_harm,0.5,0.5,0.48918887972831726,0.4868825562298298,0.49154763072729113,-0.0004000067710876465,0.15845464169979095,0.26086339354515076,0.018458245089277625,14.132621616162526,0.59,0.10999999999999999,0.040000000000000036,0.18000000000000002,4.396015644073486,108.05260467529297
qwen3.5-9b,C,29,30,R_harm,R_control,0.5,0.5,0.5482712984085083,0.5446162268519401,0.5517457008361817,0.0,0.15845464169979095,0.26086339354515076,0.018458245089277625,14.132621616162526,0.59,0.10999999999999999,0.040000000000000036,0.18000000000000002,4.396015644073486,70.26852416992188
qwen3.5-9b,C,29,30,R_harm,R_role,0.5,0.5,0.08769986033439636,0.08060970939695836,0.09507338684052229,0.07600003480911255,0.15845464169979095,0.26086339354515076,0.018458245089277625,14.132621616162526,0.59,0.10999999999999999,0.040000000000000036,0.18000000000000002,4.396015644073486,33.954437255859375
qwen3.5-9b,C,29,31,R_harm,R_harm,0.5,0.5,0.4461165964603424,0.44050860553979876,0.4518219865858555,0.0004000067710876465,0.15845464169979095,0.26086339354515076,0.018458245089277625,14.132621616162526,0.59,0.10999999999999999,0.040000000000000036,0.18000000000000002,4.396015644073486,118.91390991210938
qwen3.5-9b,C,29,31,R_harm,R_control,0.5,0.5,0.4597168266773224,0.4513883464038372,0.46816535145044325,0.0,0.15845464169979095,0.26086339354515076,0.018458245089277625,14.132621616162526,0.59,0.10999999999999999,0.040000000000000036,0.18000000000000002,4.396015644073486,76.66504669189453
qwen3.5-9b,C,29,31,R_harm,R_role,0.5,0.5,0.06681743264198303,0.051620292291045186,0.08269044645130633,0.004799991846084595,0.15845464169979095,0.26086339354515076,0.018458245089277625,14.132621616162526,0.59,0.10999999999999999,0.040000000000000036,0.18000000000000002,4.396015644073486,60.2837028503418
qwen3.5-9b,C,29,30,R_harm,R_harm,-0.5,0.5,-0.49936529994010925,-0.5059116289019585,-0.49274575859308245,0.0004000067710876465,0.1517021507024765,0.12086820602416992,0.018458245089277625,6.54819596551907,0.44,-0.03999999999999998,-0.05999999999999994,-0.02,-6.15500020980835,108.05260467529297
qwen3.5-9b,C,29,30,R_harm,R_control,-0.5,0.5,-0.5628097653388977,-0.5671521812677384,-0.5585735946893692,0.0,0.1517021507024765,0.12086820602416992,0.018458245089277625,6.54819596551907,0.44,-0.03999999999999998,-0.05999999999999994,-0.02,-6.15500020980835,70.26852416992188
qwen3.5-9b,C,29,30,R_harm,R_role,-0.5,0.5,-0.06386957317590714,-0.0719870962202549,-0.056105013191699984,-0.09719997644424438,0.1517021507024765,0.12086820602416992,0.018458245089277625,6.54819596551907,0.44,-0.03999999999999998,-0.05999999999999994,-0.02,-6.15500020980835,33.954437255859375
qwen3.5-9b,C,29,31,R_harm,R_harm,-0.5,0.5,-0.4725126326084137,-0.4782626785337925,-0.46680155098438264,0.000800013542175293,0.1517021507024765,0.12086820602416992,0.018458245089277625,6.54819596551907,0.44,-0.03999999999999998,-0.05999999999999994,-0.02,-6.15500020980835,118.91390991210938
qwen3.5-9b,C,29,31,R_harm,R_control,-0.5,0.5,-0.5024828910827637,-0.5056072831153869,-0.4992319367825985,0.0004000067710876465,0.1517021507024765,0.12086820602416992,0.018458245089277625,6.54819596551907,0.44,-0.03999999999999998,-0.05999999999999994,-0.02,-6.15500020980835,76.66504669189453
qwen3.5-9b,C,29,31,R_harm,R_role,-0.5,0.5,0.0415826216340065,0.021616399474442004,0.06113355290144681,0.09960001707077026,0.1517021507024765,0.12086820602416992,0.018458245089277625,6.54819596551907,0.44,-0.03999999999999998,-0.05999999999999994,-0.02,-6.15500020980835,60.2837028503418
qwen3.5-9b,C,29,30,R_harm,R_harm,1.0,1.0,0.9461181163787842,0.9362963914871216,0.9552425235509873,-0.0004000067710876465,0.8703630566596985,1.5620956420898438,0.08813632745295763,17.723629827026834,0.87,0.39,0.06000000000000005,0.72,6.578833103179932,108.05260467529297
qwen3.5-9b,C,29,30,R_harm,R_control,1.0,1.0,1.0606281757354736,1.0480379790067673,1.0723689377307892,0.0,0.8703630566596985,1.5620956420898438,0.08813632745295763,17.723629827026834,0.87,0.39,0.06000000000000005,0.72,6.578833103179932,70.26852416992188
qwen3.5-9b,C,29,30,R_harm,R_role,1.0,1.0,0.1766425371170044,0.16791336797177792,0.18592232428491115,0.08079999685287476,0.8703630566596985,1.5620956420898438,0.08813632745295763,17.723629827026834,0.87,0.39,0.06000000000000005,0.72,6.578833103179932,33.954437255859375
qwen3.5-9b,C,29,31,R_harm,R_harm,1.0,1.0,0.8450109958648682,0.8267241299152375,0.8629609048366547,-0.0004000067710876465,0.8703630566596985,1.5620956420898438,0.08813632745295763,17.723629827026834,0.87,0.39,0.06000000000000005,0.72,6.578833103179932,118.91390991210938
qwen3.5-9b,C,29,31,R_harm,R_control,1.0,1.0,0.8473497033119202,0.8242264568805695,0.8706849977374077,-0.0031999945640563965,0.8703630566596985,1.5620956420898438,0.08813632745295763,17.723629827026834,0.87,0.39,0.06000000000000005,0.72,6.578833103179932,76.66504669189453
qwen3.5-9b,C,29,31,R_harm,R_role,1.0,1.0,0.2175663560628891,0.1913462843745947,0.2452691596001386,-0.030400007963180542,0.8703630566596985,1.5620956420898438,0.08813632745295763,17.723629827026834,0.87,0.39,0.06000000000000005,0.72,6.578833103179932,60.2837028503418
qwen3.5-9b,C,29,30,R_harm,R_harm,-1.0,1.0,-0.9759437441825867,-0.9912400439381599,-0.9610154375433921,0.0004000067710876465,1.131996512413025,0.4065583348274231,0.08813632745295763,4.612834986168692,0.29,-0.19,-0.36,-0.02,-12.629629135131836,108.05260467529297
qwen3.5-9b,C,29,30,R_harm,R_control,-1.0,1.0,-1.109986424446106,-1.121668639779091,-1.0988764375448228,0.0,1.131996512413025,0.4065583348274231,0.08813632745295763,4.612834986168692,0.29,-0.19,-0.36,-0.02,-12.629629135131836,70.26852416992188
qwen3.5-9b,C,29,30,R_harm,R_role,-1.0,1.0,-0.10154625028371811,-0.11479579862207175,-0.08900621179491282,-0.16839998960494995,1.131996512413025,0.4065583348274231,0.08813632745295763,4.612834986168692,0.29,-0.19,-0.36,-0.02,-12.629629135131836,33.954437255859375
qwen3.5-9b,C,29,31,R_harm,R_harm,-1.0,1.0,-0.9257670640945435,-0.9429088234901428,-0.9095016717910767,0.000800013542175293,1.131996512413025,0.4065583348274231,0.08813632745295763,4.612834986168692,0.29,-0.19,-0.36,-0.02,-12.629629135131836,118.91390991210938
qwen3.5-9b,C,29,31,R_harm,R_control,-1.0,1.0,-1.0030795335769653,-1.011399471759796,-0.9944860965013504,0.0004000067710876465,1.131996512413025,0.4065583348274231,0.08813632745295763,4.612834986168692,0.29,-0.19,-0.36,-0.02,-12.629629135131836,76.66504669189453
qwen3.5-9b,C,29,31,R_harm,R_role,-1.0,1.0,0.06352187693119049,0.0296638622879982,0.0975203363224864,0.20160001516342163,1.131996512413025,0.4065583348274231,0.08813632745295763,4.612834986168692,0.29,-0.19,-0.36,-0.02,-12.629629135131836,60.2837028503418
qwen3.5-9b,C,29,30,R_harm,R_harm,2.0,2.0,1.7494957447052002,1.7252050399780274,1.7726363718509675,0.0,2.9157092571258545,5.299951553344727,0.5314359702169895,9.9728882694574,0.98,0.5,0.06000000000000005,0.94,8.084851264953613,108.05260467529297
qwen3.5-9b,C,29,30,R_harm,R_control,2.0,2.0,1.9701706171035767,1.9428079187870027,1.9965365648269653,0.0,2.9157092571258545,5.299951553344727,0.5314359702169895,9.9728882694574,0.98,0.5,0.06000000000000005,0.94,8.084851264953613,70.26852416992188
qwen3.5-9b,C,29,30,R_harm,R_role,2.0,2.0,0.2871493399143219,0.2800665356218815,0.2948628805577755,0.011200010776519775,2.9157092571258545,5.299951553344727,0.5314359702169895,9.9728882694574,0.98,0.5,0.06000000000000005,0.94,8.084851264953613,33.954437255859375
qwen3.5-9b,C,29,31,R_harm,R_harm,2.0,2.0,1.4961093664169312,1.4559453189373017,1.5361726999282836,0.0,2.9157092571258545,5.299951553344727,0.5314359702169895,9.9728882694574,0.98,0.5,0.06000000000000005,0.94,8.084851264953613,118.91390991210938
qwen3.5-9b,C,29,31,R_harm,R_control,2.0,2.0,1.4694322347640991,1.426446083188057,1.512560474872589,-0.006399989128112793,2.9157092571258545,5.299951553344727,0.5314359702169895,9.9728882694574,0.98,0.5,0.06000000000000005,0.94,8.084851264953613,76.66504669189453
qwen3.5-9b,C,29,31,R_harm,R_role,2.0,2.0,0.01321459375321865,-0.04309683833271265,0.06716863270848984,-0.31960001587867737,2.9157092571258545,5.299951553344727,0.5314359702169895,9.9728882694574,0.98,0.5,0.06000000000000005,0.94,8.084851264953613,60.2837028503418
qwen3.5-9b,C,29,30,R_harm,R_harm,-2.0,2.0,-1.8214448690414429,-1.8465695798397064,-1.7970789521932602,0.0012000203132629395,8.510456085205078,1.31150484085083,0.5314359702169895,2.467851094677186,0.0,-0.48,-0.94,-0.02,-24.315908432006836,108.05260467529297
qwen3.5-9b,C,29,30,R_harm,R_control,-2.0,2.0,-2.108888626098633,-2.131274038553238,-2.0873441815376284,0.0004000067710876465,8.510456085205078,1.31150484085083,0.5314359702169895,2.467851094677186,0.0,-0.48,-0.94,-0.02,-24.315908432006836,70.26852416992188
qwen3.5-9b,C,29,30,R_harm,R_role,-2.0,2.0,-0.12752145528793335,-0.14042663387954235,-0.11497789081186056,-0.142799973487854,8.510456085205078,1.31150484085083,0.5314359702169895,2.467851094677186,0.0,-0.48,-0.94,-0.02,-24.315908432006836,33.954437255859375
qwen3.5-9b,C,29,31,R_harm,R_harm,-2.0,2.0,-1.685170292854309,-1.7225453794002532,-1.6489506542682648,0.0012000203132629395,8.510456085205078,1.31150484085083,0.5314359702169895,2.467851094677186,0.0,-0.48,-0.94,-0.02,-24.315908432006836,118.91390991210938
qwen3.5-9b,C,29,31,R_harm,R_control,-2.0,2.0,-1.917601466178894,-1.9413343578577043,-1.8937805682420732,0.0004000067710876465,8.510456085205078,1.31150484085083,0.5314359702169895,2.467851094677186,0.0,-0.48,-0.94,-0.02,-24.315908432006836,76.66504669189453
qwen3.5-9b,C,29,31,R_harm,R_role,-2.0,2.0,-0.05912163853645325,-0.10193348582834005,-0.017215360794216397,0.25999999046325684,8.510456085205078,1.31150484085083,0.5314359702169895,2.467851094677186,0.0,-0.48,-0.94,-0.02,-24.315908432006836,60.2837028503418
qwen3.5-9b,C,29,30,R_harm,R_harm,4.0,4.0,3.218437433242798,3.192081332206726,3.243345022201538,-0.0004000067710876465,7.023603439331055,10.091803550720215,5.612202405929565,1.7981895200461289,0.0,-0.48,-0.94,-0.02,6.310156345367432,108.05260467529297
qwen3.5-9b,C,29,30,R_harm,R_control,4.0,4.0,3.677861213684082,3.6500486493110658,3.7051094114780425,-0.001199960708618164,7.023603439331055,10.091803550720215,5.612202405929565,1.7981895200461289,0.0,-0.48,-0.94,-0.02,6.310156345367432,70.26852416992188
qwen3.5-9b,C,29,30,R_harm,R_role,4.0,4.0,0.3486192226409912,0.3388334073126316,0.3588315561413765,-0.02319997549057007,7.023603439331055,10.091803550720215,5.612202405929565,1.7981895200461289,0.0,-0.48,-0.94,-0.02,6.310156345367432,33.954437255859375
qwen3.5-9b,C,29,31,R_harm,R_harm,4.0,4.0,2.552772283554077,2.5079660415649414,2.59646497964859,0.001600027084350586,7.023603439331055,10.091803550720215,5.612202405929565,1.7981895200461289,0.0,-0.48,-0.94,-0.02,6.310156345367432,118.91390991210938
qwen3.5-9b,C,29,31,R_harm,R_control,4.0,4.0,2.675205945968628,2.63295863866806,2.717598134279251,-0.0003999471664428711,7.023603439331055,10.091803550720215,5.612202405929565,1.7981895200461289,0.0,-0.48,-0.94,-0.02,6.310156345367432,76.66504669189453
qwen3.5-9b,C,29,31,R_harm,R_role,4.0,4.0,-0.9030162692070007,-0.9572058036923409,-0.8508935913443565,-0.28360001742839813,7.023603439331055,10.091803550720215,5.612202405929565,1.7981895200461289,0.0,-0.48,-0.94,-0.02,6.310156345367432,60.2837028503418
qwen3.5-9b,C,29,30,R_harm,R_harm,-4.0,4.0,-3.349555015563965,-3.375025337934494,-3.3246501684188843,0.0012000203132629395,13.077341079711914,3.6076302528381348,5.612202405929565,0.6428189847583717,0.0,-0.48,-0.94,-0.02,-30.435625076293945,108.05260467529297
qwen3.5-9b,C,29,30,R_harm,R_control,-4.0,4.0,-3.928903102874756,-3.9539472460746765,-3.9048087000846863,0.0,13.077341079711914,3.6076302528381348,5.612202405929565,0.6428189847583717,0.0,-0.48,-0.94,-0.02,-30.435625076293945,70.26852416992188
qwen3.5-9b,C,29,30,R_harm,R_role,-4.0,4.0,-0.1861104965209961,-0.19607930146157743,-0.17607574500143527,-0.019599974155426025,13.077341079711914,3.6076302528381348,5.612202405929565,0.6428189847583717,0.0,-0.48,-0.94,-0.02,-30.435625076293945,33.954437255859375
qwen3.5-9b,C,29,31,R_harm,R_harm,-4.0,4.0,-2.837620496749878,-2.881796658039093,-2.7940205216407774,0.0,13.077341079711914,3.6076302528381348,5.612202405929565,0.6428189847583717,0.0,-0.48,-0.94,-0.02,-30.435625076293945,118.91390991210938
qwen3.5-9b,C,29,31,R_harm,R_control,-4.0,4.0,-3.4396162033081055,-3.4740930676460264,-3.4046491265296934,0.000800013542175293,13.077341079711914,3.6076302528381348,5.612202405929565,0.6428189847583717,0.0,-0.48,-0.94,-0.02,-30.435625076293945,76.66504669189453
qwen3.5-9b,C,29,31,R_harm,R_role,-4.0,4.0,-0.34201565384864807,-0.395903979241848,-0.2892562344670296,0.3416000008583069,13.077341079711914,3.6076302528381348,5.612202405929565,0.6428189847583717,0.0,-0.48,-0.94,-0.02,-30.435625076293945,60.2837028503418
qwen3.5-9b,C,29,30,R_control,R_harm,0.25,0.25,0.11827636510133743,0.11778786443173886,0.11880799178034067,0.0,0.016185088083148003,0.025264929980039597,0.004552643629722297,5.549507502650874,0.49,0.010000000000000009,0.0,0.02,2.0215625762939453,108.05260467529297
qwen3.5-9b,C,29,30,R_control,R_control,0.25,0.25,0.24485088884830475,0.24429280906915665,0.2454378239810467,0.0,0.016185088083148003,0.025264929980039597,0.004552643629722297,5.549507502650874,0.49,0.010000000000000009,0.0,0.02,2.0215625762939453,70.26852416992188
qwen3.5-9b,C,29,30,R_control,R_role,0.25,0.25,0.06338062882423401,0.061293060146272185,0.06551639083772898,0.0307999849319458,0.016185088083148003,0.025264929980039597,0.004552643629722297,5.549507502650874,0.49,0.010000000000000009,0.0,0.02,2.0215625762939453,33.954437255859375
qwen3.5-9b,C,29,31,R_control,R_harm,0.25,0.25,0.10330452769994736,0.1022674661129713,0.10440300107002258,0.0,0.016185088083148003,0.025264929980039597,0.004552643629722297,5.549507502650874,0.49,0.010000000000000009,0.0,0.02,2.0215625762939453,118.91390991210938
qwen3.5-9b,C,29,31,R_control,R_control,0.25,0.25,0.23547901213169098,0.23370111398398877,0.2373166147619486,0.0,0.016185088083148003,0.025264929980039597,0.004552643629722297,5.549507502650874,0.49,0.010000000000000009,0.0,0.02,2.0215625762939453,76.66504669189453
qwen3.5-9b,C,29,31,R_control,R_role,0.25,0.25,0.02634328044950962,0.02200810327194631,0.030542506976053117,-0.01759999990463257,0.016185088083148003,0.025264929980039597,0.004552643629722297,5.549507502650874,0.49,0.010000000000000009,0.0,0.02,2.0215625762939453,60.2837028503418
qwen3.5-9b,C,29,30,R_control,R_harm,-0.25,0.25,-0.11911012977361679,-0.12001665830612182,-0.11820470467209816,0.0,0.018273862078785896,0.022993259131908417,0.004552643629722297,5.0505290995752645,0.47,-0.010000000000000009,0.0,-0.02,-2.430000066757202,108.05260467529297
qwen3.5-9b,C,29,30,R_control,R_control,-0.25,0.25,-0.24703888595104218,-0.24799361266195774,-0.24608081616461278,-0.0004000067710876465,0.018273862078785896,0.022993259131908417,0.004552643629722297,5.0505290995752645,0.47,-0.010000000000000009,0.0,-0.02,-2.430000066757202,70.26852416992188
qwen3.5-9b,C,29,30,R_control,R_role,-0.25,0.25,-0.061377014964818954,-0.0635843213647604,-0.05922931777313352,-0.02399998903274536,0.018273862078785896,0.022993259131908417,0.004552643629722297,5.0505290995752645,0.47,-0.010000000000000009,0.0,-0.02,-2.430000066757202,33.954437255859375
qwen3.5-9b,C,29,31,R_control,R_harm,-0.25,0.25,-0.10558959096670151,-0.10630108006298541,-0.10488050263375044,0.0,0.018273862078785896,0.022993259131908417,0.004552643629722297,5.0505290995752645,0.47,-0.010000000000000009,0.0,-0.02,-2.430000066757202,118.91390991210938
qwen3.5-9b,C,29,31,R_control,R_control,-0.25,0.25,-0.23994942009449005,-0.24127094335854055,-0.23865864090621472,0.000800013542175293,0.018273862078785896,0.022993259131908417,0.004552643629722297,5.0505290995752645,0.47,-0.010000000000000009,0.0,-0.02,-2.430000066757202,76.66504669189453
qwen3.5-9b,C,29,31,R_control,R_role,-0.25,0.25,-0.023481616750359535,-0.028692846186459064,-0.017972096707671883,0.030399978160858154,0.018273862078785896,0.022993259131908417,0.004552643629722297,5.0505290995752645,0.47,-0.010000000000000009,0.0,-0.02,-2.430000066757202,60.2837028503418
qwen3.5-9b,C,29,30,R_control,R_harm,0.5,0.5,0.23508751392364502,0.2341699454933405,0.23599466383457185,0.0004000067710876465,0.06942591816186905,0.11537787318229675,0.018458245089277625,6.250749874879473,0.52,0.040000000000000036,0.0,0.08,3.5665624141693115,108.05260467529297
qwen3.5-9b,C,29,30,R_control,R_control,0.5,0.5,0.48623645305633545,0.4847277529537678,0.4876957289874554,0.0,0.06942591816186905,0.11537787318229675,0.018458245089277625,6.250749874879473,0.52,0.040000000000000036,0.0,0.08,3.5665624141693115,70.26852416992188
qwen3.5-9b,C,29,30,R_control,R_role,0.5,0.5,0.1282818466424942,0.12441921643912793,0.13226716108620165,0.051200032234191895,0.06942591816186905,0.11537787318229675,0.018458245089277625,6.250749874879473,0.52,0.040000000000000036,0.0,0.08,3.5665624141693115,33.954437255859375
qwen3.5-9b,C,29,31,R_control,R_harm,0.5,0.5,0.2027938961982727,0.20039754770696164,0.20528123900294304,0.0,0.06942591816186905,0.11537787318229675,0.018458245089277625,6.250749874879473,0.52,0.040000000000000036,0.0,0.08,3.5665624141693115,118.91390991210938
qwen3.5-9b,C,29,31,R_control,R_control,0.5,0.5,0.4629112482070923,0.4588127575814724,0.46711263954639437,-0.0003999471664428711,0.06942591816186905,0.11537787318229675,0.018458245089277625,6.250749874879473,0.52,0.040000000000000036,0.0,0.08,3.5665624141693115,76.66504669189453
qwen3.5-9b,C,29,31,R_control,R_role,0.5,0.5,0.06261572241783142,0.055005125142633914,0.07013171445578337,-0.0252000093460083,0.06942591816186905,0.11537787318229675,0.018458245089277625,6.250749874879473,0.52,0.040000000000000036,0.0,0.08,3.5665624141693115,60.2837028503418
qwen3.5-9b,C,29,30,R_control,R_harm,-0.5,0.5,-0.23813390731811523,-0.24031769670546055,-0.23588016554713248,0.0,0.0829925537109375,0.08419190347194672,0.018458245089277625,4.561208449922128,0.46,-0.019999999999999962,-0.019999999999999907,-0.02,-5.096875190734863,108.05260467529297
qwen3.5-9b,C,29,30,R_control,R_control,-0.5,0.5,-0.49469098448753357,-0.4971557706594467,-0.4922418139874935,0.0,0.0829925537109375,0.08419190347194672,0.018458245089277625,4.561208449922128,0.46,-0.019999999999999962,-0.019999999999999907,-0.02,-5.096875190734863,70.26852416992188
qwen3.5-9b,C,29,30,R_control,R_role,-0.5,0.5,-0.12003768235445023,-0.12433982528746128,-0.11573658287525176,-0.04960000514984131,0.0829925537109375,0.08419190347194672,0.018458245089277625,4.561208449922128,0.46,-0.019999999999999962,-0.019999999999999907,-0.02,-5.096875190734863,33.954437255859375
qwen3.5-9b,C,29,31,R_control,R_harm,-0.5,0.5,-0.21236896514892578,-0.21374250799417496,-0.21102428622543812,0.0,0.0829925537109375,0.08419190347194672,0.018458245089277625,4.561208449922128,0.46,-0.019999999999999962,-0.019999999999999907,-0.02,-5.096875190734863,118.91390991210938
qwen3.5-9b,C,29,31,R_control,R_control,-0.5,0.5,-0.48082831501960754,-0.4830704629421234,-0.47847391068935397,0.000800013542175293,0.0829925537109375,0.08419190347194672,0.018458245089277625,4.561208449922128,0.46,-0.019999999999999962,-0.019999999999999907,-0.02,-5.096875190734863,76.66504669189453
qwen3.5-9b,C,29,31,R_control,R_role,-0.5,0.5,-0.04756953567266464,-0.057825338840484616,-0.03653135737404228,0.06400001049041748,0.0829925537109375,0.08419190347194672,0.018458245089277625,4.561208449922128,0.46,-0.019999999999999962,-0.019999999999999907,-0.02,-5.096875190734863,60.2837028503418
qwen3.5-9b,C,29,30,R_control,R_harm,1.0,1.0,0.46256107091903687,0.45928188860416413,0.46559796929359437,0.0004000067710876465,0.35032516717910767,0.6293380260467529,0.08813632745295763,7.140506579227042,0.66,0.18000000000000005,0.040000000000000036,0.32,5.668046951293945,108.05260467529297
qwen3.5-9b,C,29,30,R_control,R_control,1.0,1.0,0.9552037715911865,0.9497597113251686,0.9604219391942024,0.0,0.35032516717910767,0.6293380260467529,0.08813632745295763,7.140506579227042,0.66,0.18000000000000005,0.040000000000000036,0.32,5.668046951293945,70.26852416992188
qwen3.5-9b,C,29,30,R_control,R_role,1.0,1.0,0.2575000822544098,0.25146901309490205,0.2638379350304604,0.07440000772476196,0.35032516717910767,0.6293380260467529,0.08813632745295763,7.140506579227042,0.66,0.18000000000000005,0.040000000000000036,0.32,5.668046951293945,33.954437255859375
qwen3.5-9b,C,29,31,R_control,R_harm,1.0,1.0,0.3894443213939667,0.38290090560913087,0.39599797055125235,-0.0004000067710876465,0.35032516717910767,0.6293380260467529,0.08813632745295763,7.140506579227042,0.66,0.18000000000000005,0.040000000000000036,0.32,5.668046951293945,118.91390991210938
qwen3.5-9b,C,29,31,R_control,R_control,1.0,1.0,0.887478232383728,0.8760534450411797,0.8989193797111511,-0.0003999471664428711,0.35032516717910767,0.6293380260467529,0.08813632745295763,7.140506579227042,0.66,0.18000000000000005,0.040000000000000036,0.32,5.668046951293945,76.66504669189453
qwen3.5-9b,C,29,31,R_control,R_role,1.0,1.0,0.16520212590694427,0.15231692865490915,0.1782218314707279,-0.024800002574920654,0.35032516717910767,0.6293380260467529,0.08813632745295763,7.140506579227042,0.66,0.18000000000000005,0.040000000000000036,0.32,5.668046951293945,60.2837028503418
qwen3.5-9b,C,29,30,R_control,R_harm,-1.0,1.0,-0.4729505777359009,-0.4785424925386906,-0.4673585094511509,0.0,0.6503913998603821,0.33458441495895386,0.08813632745295763,3.796214621462833,0.39,-0.08999999999999997,-0.15999999999999992,-0.02,-11.186171531677246,108.05260467529297
qwen3.5-9b,C,29,30,R_control,R_control,-1.0,1.0,-0.9855934381484985,-0.992661340534687,-0.9789145737886429,0.0,0.6503913998603821,0.33458441495895386,0.08813632745295763,3.796214621462833,0.39,-0.08999999999999997,-0.15999999999999992,-0.02,-11.186171531677246,70.26852416992188
qwen3.5-9b,C,29,30,R_control,R_role,-1.0,1.0,-0.22802314162254333,-0.23637930788099765,-0.2197817876935005,-0.1128000020980835,0.6503913998603821,0.33458441495895386,0.08813632745295763,3.796214621462833,0.39,-0.08999999999999997,-0.15999999999999992,-0.02,-11.186171531677246,33.954437255859375
qwen3.5-9b,C,29,31,R_control,R_harm,-1.0,1.0,-0.4267270565032959,-0.4314273618161678,-0.4221593223512173,0.000800013542175293,0.6503913998603821,0.33458441495895386,0.08813632745295763,3.796214621462833,0.39,-0.08999999999999997,-0.15999999999999992,-0.02,-11.186171531677246,118.91390991210938
qwen3.5-9b,C,29,31,R_control,R_control,-1.0,1.0,-0.9580257534980774,-0.9643530771136284,-0.9515225410461425,0.0,0.6503913998603821,0.33458441495895386,0.08813632745295763,3.796214621462833,0.39,-0.08999999999999997,-0.15999999999999992,-0.02,-11.186171531677246,76.66504669189453
qwen3.5-9b,C,29,31,R_control,R_role,-1.0,1.0,-0.10421285033226013,-0.12510970570147037,-0.08198076169937854,0.1412000060081482,0.6503913998603821,0.33458441495895386,0.08813632745295763,3.796214621462833,0.39,-0.08999999999999997,-0.15999999999999992,-0.02,-11.186171531677246,60.2837028503418
qwen3.5-9b,C,29,30,R_control,R_harm,2.0,2.0,0.8858387470245361,0.8745259374380112,0.8961090534925461,0.0,1.482323169708252,2.774625539779663,0.5314359702169895,5.2209968750266595,0.96,0.48,0.06000000000000005,0.9,8.0615234375,108.05260467529297
qwen3.5-9b,C,29,30,R_control,R_control,2.0,2.0,1.8261440992355347,1.8089878380298614,1.8421325236558914,0.0004000067710876465,1.482323169708252,2.774625539779663,0.5314359702169895,5.2209968750266595,0.96,0.48,0.06000000000000005,0.9,8.0615234375,70.26852416992188
qwen3.5-9b,C,29,30,R_control,R_role,2.0,2.0,0.48938319087028503,0.4836936853826046,0.4956355169415474,0.06639999151229858,1.482323169708252,2.774625539779663,0.5314359702169895,5.2209968750266595,0.96,0.48,0.06000000000000005,0.9,8.0615234375,33.954437255859375
qwen3.5-9b,C,29,31,R_control,R_harm,2.0,2.0,0.7248231768608093,0.7059250578284264,0.7432578638195991,0.0,1.482323169708252,2.774625539779663,0.5314359702169895,5.2209968750266595,0.96,0.48,0.06000000000000005,0.9,8.0615234375,118.91390991210938
qwen3.5-9b,C,29,31,R_control,R_control,2.0,2.0,1.602199912071228,1.568419709801674,1.6348989754915237,-0.0007999539375305176,1.482323169708252,2.774625539779663,0.5314359702169895,5.2209968750266595,0.96,0.48,0.06000000000000005,0.9,8.0615234375,76.66504669189453
qwen3.5-9b,C,29,31,R_control,R_role,2.0,2.0,0.3221467137336731,0.2975278228521347,0.34621946215629573,-0.07039999961853027,1.482323169708252,2.774625539779663,0.5314359702169895,5.2209968750266595,0.96,0.48,0.06000000000000005,0.9,8.0615234375,60.2837028503418
qwen3.5-9b,C,29,30,R_control,R_harm,-2.0,2.0,-0.9140862822532654,-0.9270563438534737,-0.9016495898365975,0.000800013542175293,8.398764610290527,1.2278413772583008,0.5314359702169895,2.310422037779948,0.0,-0.48,-0.94,-0.02,-24.965341567993164,108.05260467529297
qwen3.5-9b,C,29,30,R_control,R_control,-2.0,2.0,-1.9167208671569824,-1.9338282108306886,-1.8999300241470338,-0.0004000067710876465,8.398764610290527,1.2278413772583008,0.5314359702169895,2.310422037779948,0.0,-0.48,-0.94,-0.02,-24.965341567993164,70.26852416992188
qwen3.5-9b,C,29,30,R_control,R_role,-2.0,2.0,-0.4011126458644867,-0.41448427364230156,-0.3879618346691132,-0.18799996376037598,8.398764610290527,1.2278413772583008,0.5314359702169895,2.310422037779948,0.0,-0.48,-0.94,-0.02,-24.965341567993164,33.954437255859375
qwen3.5-9b,C,29,31,R_control,R_harm,-2.0,2.0,-0.8363088369369507,-0.854526336491108,-0.8192533627152443,0.001600027084350586,8.398764610290527,1.2278413772583008,0.5314359702169895,2.310422037779948,0.0,-0.48,-0.94,-0.02,-24.965341567993164,118.91390991210938
qwen3.5-9b,C,29,31,R_control,R_control,-2.0,2.0,-1.848551630973816,-1.8710148543119431,-1.8257659077644348,0.0,8.398764610290527,1.2278413772583008,0.5314359702169895,2.310422037779948,0.0,-0.48,-0.94,-0.02,-24.965341567993164,76.66504669189453
qwen3.5-9b,C,29,31,R_control,R_role,-2.0,2.0,-0.2890579104423523,-0.3212862960994244,-0.25702065229415894,0.2224000096321106,8.398764610290527,1.2278413772583008,0.5314359702169895,2.310422037779948,0.0,-0.48,-0.94,-0.02,-24.965341567993164,60.2837028503418
qwen3.5-9b,C,29,30,R_control,R_harm,4.0,4.0,1.638434886932373,1.616740733385086,1.6588806718587876,0.0004000067710876465,3.6342108249664307,6.313487529754639,5.612202405929565,1.1249572045163823,0.0,-0.48,-0.94,-0.02,9.791027069091797,108.05260467529297
qwen3.5-9b,C,29,30,R_control,R_control,4.0,4.0,3.395740032196045,3.366866183280945,3.4230167984962465,0.0,3.6342108249664307,6.313487529754639,5.612202405929565,1.1249572045163823,0.0,-0.48,-0.94,-0.02,9.791027069091797,70.26852416992188
qwen3.5-9b,C,29,30,R_control,R_role,4.0,4.0,0.8174618482589722,0.8093197003006936,0.8257257670164109,-0.01239997148513794,3.6342108249664307,6.313487529754639,5.612202405929565,1.1249572045163823,0.0,-0.48,-0.94,-0.02,9.791027069091797,33.954437255859375
qwen3.5-9b,C,29,31,R_control,R_harm,4.0,4.0,1.2990320920944214,1.2637697219848634,1.3335280120372772,0.000800013542175293,3.6342108249664307,6.313487529754639,5.612202405929565,1.1249572045163823,0.0,-0.48,-0.94,-0.02,9.791027069091797,118.91390991210938
qwen3.5-9b,C,29,31,R_control,R_control,4.0,4.0,2.678220748901367,2.626000815629959,2.7297635972499847,-0.0043999552726745605,3.6342108249664307,6.313487529754639,5.612202405929565,1.1249572045163823,0.0,-0.48,-0.94,-0.02,9.791027069091797,76.66504669189453
qwen3.5-9b,C,29,31,R_control,R_role,4.0,4.0,-0.008926603943109512,-0.06007444215938449,0.04087434904649853,-0.32680001854896545,3.6342108249664307,6.313487529754639,5.612202405929565,1.1249572045163823,0.0,-0.48,-0.94,-0.02,9.791027069091797,60.2837028503418
qwen3.5-9b,C,29,30,R_control,R_harm,-4.0,4.0,-1.6939396858215332,-1.7142540693283081,-1.6742869198322297,0.000800013542175293,17.49270248413086,3.341092586517334,5.612202405929565,0.5953264591788968,0.0,-0.48,-0.94,-0.02,-37.60499954223633,108.05260467529297
qwen3.5-9b,C,29,30,R_control,R_control,-4.0,4.0,-3.567171096801758,-3.5929205060005187,-3.5421628415584565,0.0,17.49270248413086,3.341092586517334,5.612202405929565,0.5953264591788968,0.0,-0.48,-0.94,-0.02,-37.60499954223633,70.26852416992188
qwen3.5-9b,C,29,30,R_control,R_role,-4.0,4.0,-0.6460258960723877,-0.6590450391173363,-0.6329203024506569,-0.13440001010894775,17.49270248413086,3.341092586517334,5.612202405929565,0.5953264591788968,0.0,-0.48,-0.94,-0.02,-37.60499954223633,33.954437255859375
qwen3.5-9b,C,29,31,R_control,R_harm,-4.0,4.0,-1.475785732269287,-1.507349994778633,-1.4455161839723587,0.0012000203132629395,17.49270248413086,3.341092586517334,5.612202405929565,0.5953264591788968,0.0,-0.48,-0.94,-0.02,-37.60499954223633,118.91390991210938
qwen3.5-9b,C,29,31,R_control,R_control,-4.0,4.0,-3.271284580230713,-3.3027804672718046,-3.238248598575592,0.0012000203132629395,17.49270248413086,3.341092586517334,5.612202405929565,0.5953264591788968,0.0,-0.48,-0.94,-0.02,-37.60499954223633,76.66504669189453
qwen3.5-9b,C,29,31,R_control,R_role,-4.0,4.0,-0.6825817823410034,-0.7288610666990281,-0.6393127605319023,-0.0520000159740448,17.49270248413086,3.341092586517334,5.612202405929565,0.5953264591788968,0.0,-0.48,-0.94,-0.02,-37.60499954223633,60.2837028503418
qwen3.5-9b,C,29,30,R_role,R_harm,0.25,0.25,0.0017825758550316095,0.0016202507191337644,0.0019477298657875506,0.0,0.002004896756261587,0.0034150874707847834,0.004552643629722297,0.7501328345774996,0.49,0.010000000000000009,0.0,0.02,-0.65625,108.05260467529297
qwen3.5-9b,C,29,30,R_role,R_control,0.25,0.25,0.012473567388951778,0.012222140119411052,0.012712522642686963,0.0,0.002004896756261587,0.0034150874707847834,0.004552643629722297,0.7501328345774996,0.49,0.010000000000000009,0.0,0.02,-0.65625,70.26852416992188
qwen3.5-9b,C,29,30,R_role,R_role,0.25,0.25,0.23358303308486938,0.23177704066038132,0.23540584966540337,0.026000022888183594,0.002004896756261587,0.0034150874707847834,0.004552643629722297,0.7501328345774996,0.49,0.010000000000000009,0.0,0.02,-0.65625,33.954437255859375
qwen3.5-9b,C,29,31,R_role,R_harm,0.25,0.25,-0.010272162966430187,-0.01101692016236484,-0.00952587528154254,0.0,0.002004896756261587,0.0034150874707847834,0.004552643629722297,0.7501328345774996,0.49,0.010000000000000009,0.0,0.02,-0.65625,118.91390991210938
qwen3.5-9b,C,29,31,R_role,R_control,0.25,0.25,0.004161607474088669,0.003068787086522207,0.005283869837876409,0.0,0.002004896756261587,0.0034150874707847834,0.004552643629722297,0.7501328345774996,0.49,0.010000000000000009,0.0,0.02,-0.65625,76.66504669189453
qwen3.5-9b,C,29,31,R_role,R_role,0.25,0.25,0.2280699908733368,0.22431516014039515,0.23167910054326057,0.004399985074996948,0.002004896756261587,0.0034150874707847834,0.004552643629722297,0.7501328345774996,0.49,0.010000000000000009,0.0,0.02,-0.65625,60.2837028503418
qwen3.5-9b,C,29,30,R_role,R_harm,-0.25,0.25,-0.0018345618154853582,-0.0020601315540261568,-0.0016063296759966763,0.0,0.0018701264634728432,0.003188346279785037,0.004552643629722297,0.7003285429524209,0.48,0.0,0.0,0.0,0.6698437333106995,108.05260467529297
qwen3.5-9b,C,29,30,R_role,R_control,-0.25,0.25,-0.012459784746170044,-0.012745929602533578,-0.012164434744045138,0.0,0.0018701264634728432,0.003188346279785037,0.004552643629722297,0.7003285429524209,0.48,0.0,0.0,0.0,0.6698437333106995,70.26852416992188
qwen3.5-9b,C,29,30,R_role,R_role,-0.25,0.25,-0.2312142550945282,-0.2330084688961506,-0.22943995632231234,-0.02120000123977661,0.0018701264634728432,0.003188346279785037,0.004552643629722297,0.7003285429524209,0.48,0.0,0.0,0.0,0.6698437333106995,33.954437255859375
qwen3.5-9b,C,29,31,R_role,R_harm,-0.25,0.25,0.010053452104330063,0.009096846356987954,0.010956390504725277,0.0,0.0018701264634728432,0.003188346279785037,0.004552643629722297,0.7003285429524209,0.48,0.0,0.0,0.0,0.6698437333106995,118.91390991210938
qwen3.5-9b,C,29,31,R_role,R_control,-0.25,0.25,-0.003605114296078682,-0.004802504845429212,-0.002456981642171741,0.0004000067710876465,0.0018701264634728432,0.003188346279785037,0.004552643629722297,0.7003285429524209,0.48,0.0,0.0,0.0,0.6698437333106995,76.66504669189453
qwen3.5-9b,C,29,31,R_role,R_role,-0.25,0.25,-0.22949552536010742,-0.23400360606610776,-0.22505635358393192,-0.005199998617172241,0.0018701264634728432,0.003188346279785037,0.004552643629722297,0.7003285429524209,0.48,0.0,0.0,0.0,0.6698437333106995,60.2837028503418
qwen3.5-9b,C,29,30,R_role,R_harm,0.5,0.5,0.003430409822613001,0.003151830082060769,0.003708172752521931,0.0004000067710876465,0.007084611803293228,0.011926967650651932,0.018458245089277625,0.6461593500879612,0.49,0.010000000000000009,0.0,0.02,-1.2778124809265137,108.05260467529297
qwen3.5-9b,C,29,30,R_role,R_control,0.5,0.5,0.02498510852456093,0.024538716254755854,0.025414606183767317,0.0,0.007084611803293228,0.011926967650651932,0.018458245089277625,0.6461593500879612,0.49,0.010000000000000009,0.0,0.02,-1.2778124809265137,70.26852416992188
qwen3.5-9b,C,29,30,R_role,R_role,0.5,0.5,0.46905025839805603,0.4654633730649948,0.4726391188800335,0.04080003499984741,0.007084611803293228,0.011926967650651932,0.018458245089277625,0.6461593500879612,0.49,0.010000000000000009,0.0,0.02,-1.2778124809265137,33.954437255859375
qwen3.5-9b,C,29,31,R_role,R_harm,0.5,0.5,-0.020923230797052383,-0.022292556054890156,-0.019624944543465972,0.0,0.007084611803293228,0.011926967650651932,0.018458245089277625,0.6461593500879612,0.49,0.010000000000000009,0.0,0.02,-1.2778124809265137,118.91390991210938
qwen3.5-9b,C,29,31,R_role,R_control,0.5,0.5,0.009090384468436241,0.0070226799696683885,0.011222185101360083,0.0,0.007084611803293228,0.011926967650651932,0.018458245089277625,0.6461593500879612,0.49,0.010000000000000009,0.0,0.02,-1.2778124809265137,76.66504669189453
qwen3.5-9b,C,29,31,R_role,R_role,0.5,0.5,0.45384666323661804,0.4468295402824879,0.46044659316539766,0.010799974203109741,0.007084611803293228,0.011926967650651932,0.018458245089277625,0.6461593500879612,0.49,0.010000000000000009,0.0,0.02,-1.2778124809265137,60.2837028503418
qwen3.5-9b,C,29,30,R_role,R_harm,-0.5,0.5,-0.004011939745396376,-0.004511683562304825,-0.003540557040832937,0.0,0.0071917688474059105,0.012472434900701046,0.018458245089277625,0.6757107645052493,0.48,0.0,0.0,0.0,1.3445312976837158,108.05260467529297
qwen3.5-9b,C,29,30,R_role,R_control,-0.5,0.5,-0.025196855887770653,-0.02582003390416503,-0.024586339993402363,0.0,0.0071917688474059105,0.012472434900701046,0.018458245089277625,0.6757107645052493,0.48,0.0,0.0,0.0,1.3445312976837158,70.26852416992188
qwen3.5-9b,C,29,30,R_role,R_role,-0.5,0.5,-0.45978495478630066,-0.46330911889672277,-0.45633001551032065,-0.03759998083114624,0.0071917688474059105,0.012472434900701046,0.018458245089277625,0.6757107645052493,0.48,0.0,0.0,0.0,1.3445312976837158,33.954437255859375
qwen3.5-9b,C,29,31,R_role,R_harm,-0.5,0.5,0.019273458048701286,0.017257656389847397,0.021181055856868625,0.0,0.0071917688474059105,0.012472434900701046,0.018458245089277625,0.6757107645052493,0.48,0.0,0.0,0.0,1.3445312976837158,118.91390991210938
qwen3.5-9b,C,29,31,R_role,R_control,-0.5,0.5,-0.0071962312795221806,-0.009688553493469953,-0.00492121345596388,0.0004000067710876465,0.0071917688474059105,0.012472434900701046,0.018458245089277625,0.6757107645052493,0.48,0.0,0.0,0.0,1.3445312976837158,76.66504669189453
qwen3.5-9b,C,29,31,R_role,R_role,-0.5,0.5,-0.4583853781223297,-0.46783108115196226,-0.44882129579782487,-0.01840001344680786,0.0071917688474059105,0.012472434900701046,0.018458245089277625,0.6757107645052493,0.48,0.0,0.0,0.0,1.3445312976837158,60.2837028503418
qwen3.5-9b,C,29,30,R_role,R_harm,1.0,1.0,0.006684975232928991,0.006154133554082364,0.007216859492473304,0.000800013542175293,0.02771993726491928,0.04591263458132744,0.08813632745295763,0.5209274757429971,0.49,0.010000000000000009,0.0,0.02,-2.4618749618530273,108.05260467529297
qwen3.5-9b,C,29,30,R_role,R_control,1.0,1.0,0.04988378658890724,0.04908628584817052,0.050650281645357606,0.0,0.02771993726491928,0.04591263458132744,0.08813632745295763,0.5209274757429971,0.49,0.010000000000000009,0.0,0.02,-2.4618749618530273,70.26852416992188
qwen3.5-9b,C,29,30,R_role,R_role,1.0,1.0,0.9415844678878784,0.9347664371132851,0.9484869822859764,0.07160001993179321,0.02771993726491928,0.04591263458132744,0.08813632745295763,0.5209274757429971,0.49,0.010000000000000009,0.0,0.02,-2.4618749618530273,33.954437255859375
qwen3.5-9b,C,29,31,R_role,R_harm,1.0,1.0,-0.04250314086675644,-0.04462164519354701,-0.040516814310103656,0.0,0.02771993726491928,0.04591263458132744,0.08813632745295763,0.5209274757429971,0.49,0.010000000000000009,0.0,0.02,-2.4618749618530273,118.91390991210938
qwen3.5-9b,C,29,31,R_role,R_control,1.0,1.0,0.02117552049458027,0.017303611850365996,0.02503959983587264,0.0,0.02771993726491928,0.04591263458132744,0.08813632745295763,0.5209274757429971,0.49,0.010000000000000009,0.0,0.02,-2.4618749618530273,76.66504669189453
qwen3.5-9b,C,29,31,R_role,R_role,1.0,1.0,0.8878517150878906,0.8759648710489273,0.8998788207769394,0.01479998230934143,0.02771993726491928,0.04591263458132744,0.08813632745295763,0.5209274757429971,0.49,0.010000000000000009,0.0,0.02,-2.4618749618530273,60.2837028503418
qwen3.5-9b,C,29,30,R_role,R_harm,-1.0,1.0,-0.00824332982301712,-0.009483808861114084,-0.00702033385168761,0.0,0.02971150353550911,0.05238013714551926,0.08813632745295763,0.5943081435231905,0.48,0.0,0.0,0.0,2.6739842891693115,108.05260467529297
qwen3.5-9b,C,29,30,R_role,R_control,-1.0,1.0,-0.05015552416443825,-0.05162118365988135,-0.04871805170550943,0.0,0.02971150353550911,0.05238013714551926,0.08813632745295763,0.5943081435231905,0.48,0.0,0.0,0.0,2.6739842891693115,70.26852416992188
qwen3.5-9b,C,29,30,R_role,R_role,-1.0,1.0,-0.9043716192245483,-0.9108380511403084,-0.8979710102081299,-0.07639998197555542,0.02971150353550911,0.05238013714551926,0.08813632745295763,0.5943081435231905,0.48,0.0,0.0,0.0,2.6739842891693115,33.954437255859375
qwen3.5-9b,C,29,31,R_role,R_harm,-1.0,1.0,0.035486575216054916,0.030971407797187565,0.0397182890214026,-0.0004000067710876465,0.02971150353550911,0.05238013714551926,0.08813632745295763,0.5943081435231905,0.48,0.0,0.0,0.0,2.6739842891693115,118.91390991210938
qwen3.5-9b,C,29,31,R_role,R_control,-1.0,1.0,-0.015468472614884377,-0.020495298225432633,-0.010620305477641524,-0.0003999471664428711,0.02971150353550911,0.05238013714551926,0.08813632745295763,0.5943081435231905,0.48,0.0,0.0,0.0,2.6739842891693115,76.66504669189453
qwen3.5-9b,C,29,31,R_role,R_role,-1.0,1.0,-0.8991802930831909,-0.9200522035360337,-0.8768776968121529,-0.05840000510215759,0.02971150353550911,0.05238013714551926,0.08813632745295763,0.5943081435231905,0.48,0.0,0.0,0.0,2.6739842891693115,60.2837028503418
qwen3.5-9b,C,29,30,R_role,R_harm,2.0,2.0,0.013793072663247585,0.011958923027850687,0.015542570478282869,0.000800013542175293,0.10916730016469955,0.1754576563835144,0.5314359702169895,0.3301576600316942,0.49,0.010000000000000009,0.0,0.02,-4.410312652587891,108.05260467529297
qwen3.5-9b,C,29,30,R_role,R_control,2.0,2.0,0.10001577436923981,0.09815403651446104,0.10180841200053692,0.0,0.10916730016469955,0.1754576563835144,0.5314359702169895,0.3301576600316942,0.49,0.010000000000000009,0.0,0.02,-4.410312652587891,70.26852416992188
qwen3.5-9b,C,29,30,R_role,R_role,2.0,2.0,1.8813486099243164,1.869566696882248,1.8933469384908677,0.12480002641677856,0.10916730016469955,0.1754576563835144,0.5314359702169895,0.3301576600316942,0.49,0.010000000000000009,0.0,0.02,-4.410312652587891,33.954437255859375
qwen3.5-9b,C,29,31,R_role,R_harm,2.0,2.0,-0.08474097400903702,-0.0874543808400631,-0.08195769861340522,0.0004000067710876465,0.10916730016469955,0.1754576563835144,0.5314359702169895,0.3301576600316942,0.49,0.010000000000000009,0.0,0.02,-4.410312652587891,118.91390991210938
qwen3.5-9b,C,29,31,R_role,R_control,2.0,2.0,0.05251437798142433,0.045698686968535185,0.05899821389466524,-0.0003999471664428711,0.10916730016469955,0.1754576563835144,0.5314359702169895,0.3301576600316942,0.49,0.010000000000000009,0.0,0.02,-4.410312652587891,76.66504669189453
qwen3.5-9b,C,29,31,R_role,R_role,2.0,2.0,1.661734938621521,1.6408688127994537,1.6823526263236999,0.006399989128112793,0.10916730016469955,0.1754576563835144,0.5314359702169895,0.3301576600316942,0.49,0.010000000000000009,0.0,0.02,-4.410312652587891,60.2837028503418
qwen3.5-9b,C,29,30,R_role,R_harm,-2.0,2.0,-0.017898935824632645,-0.021588168432936074,-0.014364683046005668,0.0004000067710876465,0.13307467103004456,0.24094915390014648,0.5314359702169895,0.4533926331741621,0.47,-0.010000000000000009,0.0,-0.02,4.431141376495361,108.05260467529297
qwen3.5-9b,C,29,30,R_role,R_control,-2.0,2.0,-0.09988421201705933,-0.10373965110629797,-0.09620858654379845,0.0,0.13307467103004456,0.24094915390014648,0.5314359702169895,0.4533926331741621,0.47,-0.010000000000000009,0.0,-0.02,4.431141376495361,70.26852416992188
qwen3.5-9b,C,29,30,R_role,R_role,-2.0,2.0,-1.734117031097412,-1.743728706240654,-1.7243255168199538,-0.09560000896453857,0.13307467103004456,0.24094915390014648,0.5314359702169895,0.4533926331741621,0.47,-0.010000000000000009,0.0,-0.02,4.431141376495361,33.954437255859375
qwen3.5-9b,C,29,31,R_role,R_harm,-2.0,2.0,0.04881761968135834,0.03799368282780051,0.05921253906562924,0.0004000067710876465,0.13307467103004456,0.24094915390014648,0.5314359702169895,0.4533926331741621,0.47,-0.010000000000000009,0.0,-0.02,4.431141376495361,118.91390991210938
qwen3.5-9b,C,29,31,R_role,R_control,-2.0,2.0,-0.05659528076648712,-0.06671117637306452,-0.04608274474740028,-0.0003999471664428711,0.13307467103004456,0.24094915390014648,0.5314359702169895,0.4533926331741621,0.47,-0.010000000000000009,0.0,-0.02,4.431141376495361,76.66504669189453
qwen3.5-9b,C,29,31,R_role,R_role,-2.0,2.0,-1.572769284248352,-1.6099719941616057,-1.5322282940149308,-0.0828000009059906,0.13307467103004456,0.24094915390014648,0.5314359702169895,0.4533926331741621,0.47,-0.010000000000000009,0.0,-0.02,4.431141376495361,60.2837028503418
qwen3.5-9b,C,29,30,R_role,R_harm,4.0,4.0,0.033153071999549866,0.027363594993948935,0.03869496220722794,0.000800013542175293,0.42921438813209534,0.6589203476905823,5.612202405929565,0.11740851452442286,0.48,0.0,-0.019999999999999907,0.02,-6.780624866485596,108.05260467529297
qwen3.5-9b,C,29,30,R_role,R_control,4.0,4.0,0.1988539844751358,0.19333444721996784,0.20442533828318116,0.0,0.42921438813209534,0.6589203476905823,5.612202405929565,0.11740851452442286,0.48,0.0,-0.019999999999999907,0.02,-6.780624866485596,70.26852416992188
qwen3.5-9b,C,29,30,R_role,R_role,4.0,4.0,3.651482343673706,3.6374404191970826,3.666072499752045,0.160800039768219,0.42921438813209534,0.6589203476905823,5.612202405929565,0.11740851452442286,0.48,0.0,-0.019999999999999907,0.02,-6.780624866485596,33.954437255859375
qwen3.5-9b,C,29,31,R_role,R_harm,4.0,4.0,-0.14461597800254822,-0.15215121433138848,-0.13677259683609008,0.0,0.42921438813209534,0.6589203476905823,5.612202405929565,0.11740851452442286,0.48,0.0,-0.019999999999999907,0.02,-6.780624866485596,118.91390991210938
qwen3.5-9b,C,29,31,R_role,R_control,4.0,4.0,0.12753655016422272,0.11794709954410791,0.1369145106524229,-0.0003999471664428711,0.42921438813209534,0.6589203476905823,5.612202405929565,0.11740851452442286,0.48,0.0,-0.019999999999999907,0.02,-6.780624866485596,76.66504669189453
qwen3.5-9b,C,29,31,R_role,R_role,4.0,4.0,2.751443386077881,2.7128357768058775,2.791376721858978,-0.0504000186920166,0.42921438813209534,0.6589203476905823,5.612202405929565,0.11740851452442286,0.48,0.0,-0.019999999999999907,0.02,-6.780624866485596,60.2837028503418
qwen3.5-9b,C,29,30,R_role,R_harm,-4.0,4.0,-0.04698847234249115,-0.05802519265562296,-0.03644632734358311,0.000800013542175293,0.5896800756454468,0.9735532999038696,5.612202405929565,0.17347081047455865,0.46,-0.019999999999999962,-0.019999999999999907,-0.02,2.717860221862793,108.05260467529297
qwen3.5-9b,C,29,30,R_role,R_control,-4.0,4.0,-0.20428214967250824,-0.2154212396591902,-0.19387311339378357,0.0004000067710876465,0.5896800756454468,0.9735532999038696,5.612202405929565,0.17347081047455865,0.46,-0.019999999999999962,-0.019999999999999907,-0.02,2.717860221862793,70.26852416992188
qwen3.5-9b,C,29,30,R_role,R_role,-4.0,4.0,-3.185232162475586,-3.195485162734985,-3.1746056020259856,0.014800012111663818,0.5896800756454468,0.9735532999038696,5.612202405929565,0.17347081047455865,0.46,-0.019999999999999962,-0.019999999999999907,-0.02,2.717860221862793,33.954437255859375
qwen3.5-9b,C,29,31,R_role,R_harm,-4.0,4.0,0.08915387094020844,0.07326974757015706,0.10457010492682457,0.0004000067710876465,0.5896800756454468,0.9735532999038696,5.612202405929565,0.17347081047455865,0.46,-0.019999999999999962,-0.019999999999999907,-0.02,2.717860221862793,118.91390991210938
qwen3.5-9b,C,29,31,R_role,R_control,-4.0,4.0,-0.06287294626235962,-0.07943134643137455,-0.04658249812200667,0.002400040626525879,0.5896800756454468,0.9735532999038696,5.612202405929565,0.17347081047455865,0.46,-0.019999999999999962,-0.019999999999999907,-0.02,2.717860221862793,76.66504669189453
qwen3.5-9b,C,29,31,R_role,R_role,-4.0,4.0,-2.702728509902954,-2.770407074689865,-2.630780464410782,-0.37560001015663147,0.5896800756454468,0.9735532999038696,5.612202405929565,0.17347081047455865,0.46,-0.019999999999999962,-0.019999999999999907,-0.02,2.717860221862793,60.2837028503418
qwen3.5-9b,C,29,30,random,R_harm,0.25,0.25,0.00035875485627911985,1.7197145962200014e-05,0.0007086937199346719,0.0,0.002384679391980171,0.0039021638222038746,0.004552643629722297,0.857120420480155,0.49,0.010000000000000009,0.0,0.02,-0.4300000071525574,108.05260467529297
qwen3.5-9b,C,29,30,random,R_control,0.25,0.25,0.0024708681739866734,0.0021204625722020865,0.002816161309601739,0.0,0.002384679391980171,0.0039021638222038746,0.004552643629722297,0.857120420480155,0.49,0.010000000000000009,0.0,0.02,-0.4300000071525574,70.26852416992188
qwen3.5-9b,C,29,30,random,R_role,0.25,0.25,0.014375767670571804,0.012962296069599689,0.015774538600817324,0.021600008010864258,0.002384679391980171,0.0039021638222038746,0.004552643629722297,0.857120420480155,0.49,0.010000000000000009,0.0,0.02,-0.4300000071525574,33.954437255859375
qwen3.5-9b,C,29,31,random,R_harm,0.25,0.25,-0.006922981236129999,-0.008135690144263208,-0.005753138358704746,0.0,0.002384679391980171,0.0039021638222038746,0.004552643629722297,0.857120420480155,0.49,0.010000000000000009,0.0,0.02,-0.4300000071525574,118.91390991210938
qwen3.5-9b,C,29,31,random,R_control,0.25,0.25,-0.006639503873884678,-0.008043744531460107,-0.00517265236703679,0.0004000067710876465,0.002384679391980171,0.0039021638222038746,0.004552643629722297,0.857120420480155,0.49,0.010000000000000009,0.0,0.02,-0.4300000071525574,76.66504669189453
qwen3.5-9b,C,29,31,random,R_role,0.25,0.25,0.06369402259588242,0.05794704873114824,0.06947772484272718,0.03359997272491455,0.002384679391980171,0.0039021638222038746,0.004552643629722297,0.857120420480155,0.49,0.010000000000000009,0.0,0.02,-0.4300000071525574,60.2837028503418
qwen3.5-9b,C,29,30,random,R_harm,-0.25,0.25,-0.0013637489173561335,-0.0018630952981766313,-0.0009083392535103487,0.0,0.002508921315893531,0.004025650210678577,0.004552643629722297,0.8842445264981424,0.48,0.0,0.0,0.0,0.3851562440395355,108.05260467529297
qwen3.5-9b,C,29,30,random,R_control,-0.25,0.25,-0.004034595564007759,-0.004515410866588354,-0.003583936218637974,0.0,0.002508921315893531,0.004025650210678577,0.004552643629722297,0.8842445264981424,0.48,0.0,0.0,0.0,0.3851562440395355,70.26852416992188
qwen3.5-9b,C,29,30,random,R_role,-0.25,0.25,-0.010974323377013206,-0.012291571474634111,-0.009649317082948984,-0.015599966049194336,0.002508921315893531,0.004025650210678577,0.004552643629722297,0.8842445264981424,0.48,0.0,0.0,0.0,0.3851562440395355,33.954437255859375
qwen3.5-9b,C,29,31,random,R_harm,-0.25,0.25,0.003933762200176716,0.00339124682941474,0.004462623258586973,0.0,0.002508921315893531,0.004025650210678577,0.004552643629722297,0.8842445264981424,0.48,0.0,0.0,0.0,0.3851562440395355,118.91390991210938
qwen3.5-9b,C,29,31,random,R_control,-0.25,0.25,0.0034914675634354353,0.0024154729559086262,0.0045706565608270465,0.0,0.002508921315893531,0.004025650210678577,0.004552643629722297,0.8842445264981424,0.48,0.0,0.0,0.0,0.3851562440395355,76.66504669189453
qwen3.5-9b,C,29,31,random,R_role,-0.25,0.25,-0.07412119209766388,-0.08055587783455849,-0.06758102718740702,-0.03600001335144043,0.002508921315893531,0.004025650210678577,0.004552643629722297,0.8842445264981424,0.48,0.0,0.0,0.0,0.3851562440395355,60.2837028503418
qwen3.5-9b,C,29,30,random,R_harm,0.5,0.5,-0.00033612779225222766,-0.0016243615304119886,0.000892705639125779,0.0004000067710876465,0.009800431318581104,0.016780026257038116,0.018458245089277625,0.9090802606573697,0.49,0.010000000000000009,0.0,0.02,-0.8650000095367432,108.05260467529297
qwen3.5-9b,C,29,30,random,R_control,0.5,0.5,0.0038369062822312117,0.0027091543714050205,0.004956364666577428,0.0,0.009800431318581104,0.016780026257038116,0.018458245089277625,0.9090802606573697,0.49,0.010000000000000009,0.0,0.02,-0.8650000095367432,70.26852416992188
qwen3.5-9b,C,29,30,random,R_role,0.5,0.5,0.031511399894952774,0.028814611164852975,0.03425327986478805,0.03880000114440918,0.009800431318581104,0.016780026257038116,0.018458245089277625,0.9090802606573697,0.49,0.010000000000000009,0.0,0.02,-0.8650000095367432,33.954437255859375
qwen3.5-9b,C,29,31,random,R_harm,0.5,0.5,-0.017397565767169,-0.020767883816733956,-0.014097784389741718,0.0,0.009800431318581104,0.016780026257038116,0.018458245089277625,0.9090802606573697,0.49,0.010000000000000009,0.0,0.02,-0.8650000095367432,118.91390991210938
qwen3.5-9b,C,29,31,random,R_control,0.5,0.5,-0.015668386593461037,-0.019081035768613218,-0.012140061031095689,0.0,0.009800431318581104,0.016780026257038116,0.018458245089277625,0.9090802606573697,0.49,0.010000000000000009,0.0,0.02,-0.8650000095367432,76.66504669189453
qwen3.5-9b,C,29,31,random,R_role,0.5,0.5,0.12164480984210968,0.11020696964114904,0.13327015265822412,0.06919997930526733,0.009800431318581104,0.016780026257038116,0.018458245089277625,0.9090802606573697,0.49,0.010000000000000009,0.0,0.02,-0.8650000095367432,60.2837028503418
qwen3.5-9b,C,29,30,random,R_harm,-0.5,0.5,-0.003189501352608204,-0.004717760835774243,-0.0017755207663867653,0.0,0.010183691047132015,0.015855787321925163,0.018458245089277625,0.8590083859670805,0.48,0.0,0.0,0.0,0.6643750071525574,108.05260467529297
qwen3.5-9b,C,29,30,random,R_control,-0.5,0.5,-0.009541118517518044,-0.010923343012109399,-0.008193628746084869,-0.0004000067710876465,0.010183691047132015,0.015855787321925163,0.018458245089277625,0.8590083859670805,0.48,0.0,0.0,0.0,0.6643750071525574,70.26852416992188
qwen3.5-9b,C,29,30,random,R_role,-0.5,0.5,-0.01797552965581417,-0.020339155569672585,-0.015562041685916484,-0.025600016117095947,0.010183691047132015,0.015855787321925163,0.018458245089277625,0.8590083859670805,0.48,0.0,0.0,0.0,0.6643750071525574,33.954437255859375
qwen3.5-9b,C,29,31,random,R_harm,-0.5,0.5,0.005504205822944641,0.003908274817513302,0.0070565016358159465,0.0004000067710876465,0.010183691047132015,0.015855787321925163,0.018458245089277625,0.8590083859670805,0.48,0.0,0.0,0.0,0.6643750071525574,118.91390991210938
qwen3.5-9b,C,29,31,random,R_control,-0.5,0.5,0.00277732964605093,0.000642524947761558,0.004792060749605296,0.0,0.010183691047132015,0.015855787321925163,0.018458245089277625,0.8590083859670805,0.48,0.0,0.0,0.0,0.6643750071525574,76.66504669189453
qwen3.5-9b,C,29,31,random,R_role,-0.5,0.5,-0.1590351164340973,-0.17254167906939982,-0.14550433494150639,-0.06560000777244568,0.010183691047132015,0.015855787321925163,0.018458245089277625,0.8590083859670805,0.48,0.0,0.0,0.0,0.6643750071525574,60.2837028503418
qwen3.5-9b,C,29,30,random,R_harm,1.0,1.0,-0.0029289808589965105,-0.007505206589121372,0.0012589212623424816,0.0004000067710876465,0.05104054510593414,0.09202022850513458,0.08813632745295763,1.0440669717518007,0.49,0.010000000000000009,0.0,0.02,-1.6425000429153442,108.05260467529297
qwen3.5-9b,C,29,30,random,R_control,1.0,1.0,0.006414351519197226,0.002522430627141148,0.010194645496085286,0.0,0.05104054510593414,0.09202022850513458,0.08813632745295763,1.0440669717518007,0.49,0.010000000000000009,0.0,0.02,-1.6425000429153442,70.26852416992188
qwen3.5-9b,C,29,30,random,R_role,1.0,1.0,0.06990707665681839,0.06491980366408825,0.07509867828339338,0.06480002403259277,0.05104054510593414,0.09202022850513458,0.08813632745295763,1.0440669717518007,0.49,0.010000000000000009,0.0,0.02,-1.6425000429153442,33.954437255859375
qwen3.5-9b,C,29,31,random,R_harm,1.0,1.0,-0.04455837607383728,-0.05404919711872935,-0.03520206203684211,0.0,0.05104054510593414,0.09202022850513458,0.08813632745295763,1.0440669717518007,0.49,0.010000000000000009,0.0,0.02,-1.6425000429153442,118.91390991210938
qwen3.5-9b,C,29,31,random,R_control,1.0,1.0,-0.041674818843603134,-0.05059804078191519,-0.03259750707075,0.0004000067710876465,0.05104054510593414,0.09202022850513458,0.08813632745295763,1.0440669717518007,0.49,0.010000000000000009,0.0,0.02,-1.6425000429153442,76.66504669189453
qwen3.5-9b,C,29,31,random,R_role,1.0,1.0,0.23336048424243927,0.2113801624625921,0.25577110797166824,0.14319998025894165,0.05104054510593414,0.09202022850513458,0.08813632745295763,1.0440669717518007,0.49,0.010000000000000009,0.0,0.02,-1.6425000429153442,60.2837028503418
qwen3.5-9b,C,29,30,random,R_harm,-1.0,1.0,-0.008243603631854057,-0.012880204012617469,-0.0039231061004102235,0.0004000067710876465,0.04510580375790596,0.06791505962610245,0.08813632745295763,0.7705682956026482,0.49,0.010000000000000009,0.0,0.02,0.770703136920929,108.05260467529297
qwen3.5-9b,C,29,30,random,R_control,-1.0,1.0,-0.024856986477971077,-0.029108981275931,-0.02085499386303127,0.0,0.04510580375790596,0.06791505962610245,0.08813632745295763,0.7705682956026482,0.49,0.010000000000000009,0.0,0.02,0.770703136920929,70.26852416992188
qwen3.5-9b,C,29,30,random,R_role,-1.0,1.0,-0.020522696897387505,-0.024596266029402614,-0.01650476641952992,-0.02799999713897705,0.04510580375790596,0.06791505962610245,0.08813632745295763,0.7705682956026482,0.49,0.010000000000000009,0.0,0.02,0.770703136920929,33.954437255859375
qwen3.5-9b,C,29,31,random,R_harm,-1.0,1.0,0.0029292567633092403,-0.0036729557905346155,0.009339244733564555,0.0004000067710876465,0.04510580375790596,0.06791505962610245,0.08813632745295763,0.7705682956026482,0.49,0.010000000000000009,0.0,0.02,0.770703136920929,118.91390991210938
qwen3.5-9b,C,29,31,random,R_control,-1.0,1.0,-0.018905360251665115,-0.024469040054827928,-0.013346035801805557,0.0,0.04510580375790596,0.06791505962610245,0.08813632745295763,0.7705682956026482,0.49,0.010000000000000009,0.0,0.02,0.770703136920929,76.66504669189453
qwen3.5-9b,C,29,31,random,R_role,-1.0,1.0,-0.3177948296070099,-0.3429184101521969,-0.2922481954097748,-0.10760000348091125,0.04510580375790596,0.06791505962610245,0.08813632745295763,0.7705682956026482,0.49,0.010000000000000009,0.0,0.02,0.770703136920929,60.2837028503418
qwen3.5-9b,C,29,30,random,R_harm,2.0,2.0,-0.008657916449010372,-0.020455892477184535,0.0025360068015288424,0.0004000067710876465,0.30841273069381714,0.5537311434745789,0.5314359702169895,1.0419526989271841,0.51,0.030000000000000027,0.0,0.06,-2.778437614440918,108.05260467529297
qwen3.5-9b,C,29,30,random,R_control,2.0,2.0,0.013375177048146725,0.0023429740802384915,0.023846879042685024,0.0,0.30841273069381714,0.5537311434745789,0.5314359702169895,1.0419526989271841,0.51,0.030000000000000027,0.0,0.06,-2.778437614440918,70.26852416992188
qwen3.5-9b,C,29,30,random,R_role,2.0,2.0,0.11051086336374283,0.10349539387971163,0.11764139458537101,0.06599998474121094,0.30841273069381714,0.5537311434745789,0.5314359702169895,1.0419526989271841,0.51,0.030000000000000027,0.0,0.06,-2.778437614440918,33.954437255859375
qwen3.5-9b,C,29,31,random,R_harm,2.0,2.0,-0.07288455963134766,-0.09477179870009422,-0.05172184566035867,0.0004000067710876465,0.30841273069381714,0.5537311434745789,0.5314359702169895,1.0419526989271841,0.51,0.030000000000000027,0.0,0.06,-2.778437614440918,118.91390991210938
qwen3.5-9b,C,29,31,random,R_control,2.0,2.0,-0.11417488753795624,-0.13512569069862365,-0.09288783650845292,0.000800013542175293,0.30841273069381714,0.5537311434745789,0.5314359702169895,1.0419526989271841,0.51,0.030000000000000027,0.0,0.06,-2.778437614440918,76.66504669189453
qwen3.5-9b,C,29,31,random,R_role,2.0,2.0,0.16341480612754822,0.13057275600731372,0.19664133638143536,0.1711999773979187,0.30841273069381714,0.5537311434745789,0.5314359702169895,1.0419526989271841,0.51,0.030000000000000027,0.0,0.06,-2.778437614440918,60.2837028503418
qwen3.5-9b,C,29,30,random,R_harm,-2.0,2.0,-0.02173636108636856,-0.03330830428749323,-0.010821206727996472,0.0004000067710876465,0.3396027386188507,0.3918716013431549,0.5314359702169895,0.7373825320539568,0.48,0.0,0.0,0.0,-0.7357812523841858,108.05260467529297
qwen3.5-9b,C,29,30,random,R_control,-2.0,2.0,-0.06510884314775467,-0.07618088740855455,-0.054780290462076664,0.0,0.3396027386188507,0.3918716013431549,0.5314359702169895,0.7373825320539568,0.48,0.0,0.0,0.0,-0.7357812523841858,70.26852416992188
qwen3.5-9b,C,29,30,random,R_role,-2.0,2.0,-0.018000876531004906,-0.02448867978528142,-0.011120786983519794,-0.014800012111663818,0.3396027386188507,0.3918716013431549,0.5314359702169895,0.7373825320539568,0.48,0.0,0.0,0.0,-0.7357812523841858,33.954437255859375
qwen3.5-9b,C,29,31,random,R_harm,-2.0,2.0,0.0031463440973311663,-0.016169994324445724,0.02185939103364944,0.0,0.3396027386188507,0.3918716013431549,0.5314359702169895,0.7373825320539568,0.48,0.0,0.0,0.0,-0.7357812523841858,118.91390991210938
qwen3.5-9b,C,29,31,random,R_control,-2.0,2.0,-0.11226649582386017,-0.12880527265369893,-0.09546621721237898,-0.0007999539375305176,0.3396027386188507,0.3918716013431549,0.5314359702169895,0.7373825320539568,0.48,0.0,0.0,0.0,-0.7357812523841858,76.66504669189453
qwen3.5-9b,C,29,31,random,R_role,-2.0,2.0,-0.5451836585998535,-0.5839762806892395,-0.5057511925697327,-0.09000000357627869,0.3396027386188507,0.3918716013431549,0.5314359702169895,0.7373825320539568,0.48,0.0,0.0,0.0,-0.7357812523841858,60.2837028503418
qwen3.5-9b,C,29,30,random,R_harm,4.0,4.0,-0.00438291858881712,-0.0230883555021137,0.013646600744686984,0.000800013542175293,4.024969577789307,4.688647747039795,5.612202405929565,0.8354381057400941,0.3,-0.18,-0.33999999999999997,-0.02,-6.266250133514404,108.05260467529297
qwen3.5-9b,C,29,30,random,R_control,4.0,4.0,0.044470783323049545,0.025843136152252554,0.06205664798617362,0.0004000067710876465,4.024969577789307,4.688647747039795,5.612202405929565,0.8354381057400941,0.3,-0.18,-0.33999999999999997,-0.02,-6.266250133514404,70.26852416992188
qwen3.5-9b,C,29,30,random,R_role,4.0,4.0,0.10015201568603516,0.09079843033105135,0.10917258467525244,0.03880000114440918,4.024969577789307,4.688647747039795,5.612202405929565,0.8354381057400941,0.3,-0.18,-0.33999999999999997,-0.02,-6.266250133514404,33.954437255859375
qwen3.5-9b,C,29,31,random,R_harm,4.0,4.0,-0.02962634712457657,-0.06215929267928004,0.002901513344841043,0.0004000067710876465,4.024969577789307,4.688647747039795,5.612202405929565,0.8354381057400941,0.3,-0.18,-0.33999999999999997,-0.02,-6.266250133514404,118.91390991210938
qwen3.5-9b,C,29,31,random,R_control,4.0,4.0,-0.14354048669338226,-0.1740031734108925,-0.11197438687086106,0.0012000203132629395,4.024969577789307,4.688647747039795,5.612202405929565,0.8354381057400941,0.3,-0.18,-0.33999999999999997,-0.02,-6.266250133514404,76.66504669189453
qwen3.5-9b,C,29,31,random,R_role,4.0,4.0,-0.4359211027622223,-0.48808749541640284,-0.3855887427926064,0.050000011920928955,4.024969577789307,4.688647747039795,5.612202405929565,0.8354381057400941,0.3,-0.18,-0.33999999999999997,-0.02,-6.266250133514404,60.2837028503418
qwen3.5-9b,C,29,30,random,R_harm,-4.0,4.0,-0.05789494141936302,-0.07617052644491196,-0.040023000165820125,0.000800013542175293,5.932789325714111,5.189760684967041,5.612202405929565,0.9247279961755844,0.0,-0.48,-0.94,-0.02,-5.419843673706055,108.05260467529297
qwen3.5-9b,C,29,30,random,R_control,-4.0,4.0,-0.14481814205646515,-0.16305176950991154,-0.127561130002141,0.0,5.932789325714111,5.189760684967041,5.612202405929565,0.9247279961755844,0.0,-0.48,-0.94,-0.02,-5.419843673706055,70.26852416992188
qwen3.5-9b,C,29,30,random,R_role,-4.0,4.0,-0.06138407811522484,-0.07068416941910982,-0.052090562880039215,0.0004000067710876465,5.932789325714111,5.189760684967041,5.612202405929565,0.9247279961755844,0.0,-0.48,-0.94,-0.02,-5.419843673706055,33.954437255859375
qwen3.5-9b,C,29,31,random,R_harm,-4.0,4.0,0.027842678129673004,-0.004234489821828902,0.05978440083563327,0.0004000067710876465,5.932789325714111,5.189760684967041,5.612202405929565,0.9247279961755844,0.0,-0.48,-0.94,-0.02,-5.419843673706055,118.91390991210938
qwen3.5-9b,C,29,31,random,R_control,-4.0,4.0,-0.2652740776538849,-0.29396027624607085,-0.23535255305469044,0.0004000067710876465,5.932789325714111,5.189760684967041,5.612202405929565,0.9247279961755844,0.0,-0.48,-0.94,-0.02,-5.419843673706055,76.66504669189453
qwen3.5-9b,C,29,31,random,R_role,-4.0,4.0,-0.9459721446037292,-0.9994836539030075,-0.8949717178940773,-0.09360000491142273,5.932789325714111,5.189760684967041,5.612202405929565,0.9247279961755844,0.0,-0.48,-0.94,-0.02,-5.419843673706055,60.2837028503418
